final_value,cagr,max_drawdown,sharpe,win_rate
2656251.8591403947,0.21577679593426513,-0.0772648112938577,1.5498463232386532,0.5797101449275363
3838202.7885895288,0.308656249016539,-0.061400154736582495,1.642535259232364,0.572463768115942
2387775.564677563,0.19014177810873711,-0.06881468758974846,1.444005242678609,0.5507246376811594
3344595.714811204,0.2731181973913128,-0.09593556076094585,1.4529243601539708,0.5289855072463768
4961103.512360377,0.37757628478304106,-0.09644116750703136,1.972226292814561,0.5434782608695652
3207460.5410041576,0.2625025513867947,-0.082373020042889,1.6565186579182116,0.5362318840579711
4598424.09592061,0.35681864979940014,-0.08700811101283697,1.667894853758377,0.5869565217391305
3170617.1459752326,0.25958871428399544,-0.10481130772648058,1.742218858052327,0.5652173913043478
5569436.677480688,0.40981541256324094,-0.06581528011197614,2.0895373679929876,0.6086956521739131
6047970.127992194,0.4332499242322525,-0.06790414831218466,2.1516623668189157,0.6014492753623188
3438779.4503423856,0.28020896625754776,-0.11702365513008887,1.564786868154927,0.5072463768115942
3734268.1964051165,0.30149079602617457,-0.042774504608178186,1.7333426652814632,0.572463768115942
4677970.397332938,0.361480714331994,-0.08387605167299131,1.893346574328009,0.5579710144927537
2937049.1278462214,0.24045850808976854,-0.07120152410802562,1.4667655393930246,0.5434782608695652
1702268.1345179009,0.11225814282711366,-0.1475562129485274,0.8505842944044901,0.5
3009790.1271548416,0.24654293798385596,-0.10014848565341114,1.7106910154894241,0.6014492753623188
4644570.995383411,0.3595310198427435,-0.0834773415118333,2.4257537654336345,0.6376811594202898
3042647.7603894216,0.24925281180056258,-0.07209597970420956,1.8281225578883273,0.5869565217391305
1908390.9071512094,0.13797695607076266,-0.10734538306101289,1.101136293430276,0.5434782608695652
4738724.75903258,0.36499888565440197,-0.09199368838809294,1.8847219939772966,0.5942028985507246
4846339.305552401,0.37114303969511275,-0.07763986166275856,1.7437019447481086,0.5652173913043478
1888867.479720839,0.13563899815180114,-0.09724411476626468,1.0447841094194221,0.5434782608695652
5850831.951859164,0.42378208776530824,-0.07743428413033801,1.8892065316066913,0.5507246376811594
5080933.042683483,0.3841676481404874,-0.08137063853802758,1.938571122722952,0.5217391304347826
4674641.465168875,0.36128688806939246,-0.07098675193129358,2.018904023970773,0.5942028985507246
5668532.085685148,0.41479697263174153,-0.04998679114466093,1.9558750928089275,0.6159420289855072
2990551.156942672,0.24494523471468166,-0.07507058762068407,1.482378034825236,0.572463768115942
6362706.45842435,0.4478660258841325,-0.0794913135481399,2.1504578817184763,0.6086956521739131
2997077.91621689,0.24548816966608022,-0.10495085757029236,1.4659402965182433,0.5144927536231884
4064200.896271807,0.3237166558258924,-0.10121077077475059,1.7782222277946176,0.5579710144927537
4079821.056736282,0.32473259736570403,-0.10983751376956104,1.600592692769186,0.5289855072463768
5315982.138503439,0.39674364036291254,-0.077242439713314,1.9469003840838917,0.572463768115942
4524607.304629761,0.3524343055814061,-0.06341443212731725,2.027158558455393,0.5507246376811594
2853630.7936880523,0.23333074118163277,-0.0744683190954911,1.5163594807286416,0.5797101449275363
2480825.19742878,0.19927624916652165,-0.05494786078715259,1.291000633352233,0.5217391304347826
2451302.839495998,0.19640823498617022,-0.08384881590357202,1.3710060898475063,0.5144927536231884
4447333.112445734,0.34778286911312706,-0.05053229497330586,1.8846427751289,0.572463768115942
4218031.372857948,0.3335888665157496,-0.07450474700356302,1.8192079903952132,0.5434782608695652
3010233.921552854,0.24657969643703437,-0.07669089998747398,1.58549999764643,0.5942028985507246
2314983.921982843,0.18279531550275596,-0.1331808454536356,1.1644912935689764,0.5
5988809.303003215,0.43043489771754806,-0.07100451619854756,2.0166075127227616,0.5942028985507246
4522893.027190016,0.3523318083299647,-0.12454545123884009,1.830596277590187,0.572463768115942
3350260.304660378,0.27354915002922664,-0.1273199614204536,1.7169128873826387,0.572463768115942
4427310.437469337,0.3465670866198074,-0.06435775964407212,2.1834786928323253,0.6014492753623188
2675264.3672458273,0.2175122540697778,-0.17227722321073116,1.2576527840891991,0.5652173913043478
5911563.988627771,0.4267256822581238,-0.06880082686310397,2.075793840090504,0.6159420289855072
2752080.5889409445,0.2244251158774142,-0.052151052985029867,1.7149132839630306,0.5797101449275363
9127495.783271609,0.556217619882752,-0.05948073467252425,2.167147163193506,0.6086956521739131
2427010.755005323,0.19402752996501293,-0.07270918572192529,1.2530172958097245,0.5217391304347826
3751517.362027174,0.3026909382962688,-0.06625337996646395,1.7674183774845063,0.5942028985507246
3176143.192668018,0.260027474197408,-0.10530632706548437,1.8954265530678134,0.644927536231884
2253313.1978090685,0.17642518157613463,-0.13180479238241588,1.4222536802861225,0.5579710144927537
3660275.4316648403,0.2962917389697606,-0.08990144585875223,1.9196203921168289,0.6304347826086957
4319778.016036709,0.3399613940693882,-0.07786455632274443,1.8328208705284665,0.6231884057971014
3300888.9307487537,0.2697732751513955,-0.066394305252943,1.5562070446341782,0.5434782608695652
1847528.402726329,0.13062406417870842,-0.12930803247598832,0.979357218828784,0.5362318840579711
1382774.030781645,0.06696517094016974,-0.08869287200126338,0.7575293389298255,0.5289855072463768
2576386.064207398,0.20837627064210573,-0.16038483179677676,1.3833192645332386,0.5652173913043478
4980565.508554179,0.37865541619534837,-0.0892411044492985,2.141129678797901,0.6231884057971014
4892579.433294848,0.37374959397586394,-0.047497058094887995,2.1231780439295487,0.6014492753623188
3726329.538468674,0.3009369586000592,-0.08937745334565421,1.7355491045566698,0.5507246376811594
1993093.0605342407,0.14790385772853454,-0.1416657358611736,0.9821707747190386,0.4492753623188406
2615728.3063833187,0.2120443919005539,-0.08154109391427884,1.4312032850208303,0.4855072463768116
4762788.684282065,0.3663824103031228,-0.07439372083625195,1.8440430811262962,0.572463768115942
3218477.897285114,0.26336868011558967,-0.06367136298967799,1.5689480012731631,0.5507246376811594
1782131.9529225659,0.12250419160054582,-0.068791419195392,0.98342199043477,0.5
1661407.9140686265,0.10686652936830154,-0.1309284461174694,0.9719039955743823,0.5507246376811594
4509957.778403262,0.35155740159334115,-0.10311880183987569,1.9816219994788287,0.5507246376811594
3191198.702205718,0.2612197685785709,-0.08049321195789727,1.609065073916239,0.572463768115942
3356851.3679451076,0.27404985412568594,-0.06312863517340114,1.4647301950837712,0.4855072463768116
2106161.2904480295,0.16064211500715286,-0.0642732139048993,1.3479097907503592,0.5289855072463768
7420811.8124488285,0.49310477259069563,-0.05866604135169831,2.1014782156320893,0.5652173913043478
2940738.8019649326,0.24077001731522918,-0.11031344095286817,1.5502096379019608,0.5434782608695652
2301481.7425975427,0.18141235088355745,-0.09037572429927353,1.3947356736890013,0.572463768115942
2002730.7089946063,0.14901185991862387,-0.14471580388780014,1.145756178285449,0.5362318840579711
2955903.6848787772,0.24204707320757146,-0.1429673407152039,1.5513104764740901,0.5362318840579711
1831292.8109589892,0.1286299170417089,-0.05431856767347515,1.2563583967027692,0.5
1972903.9922942345,0.14556883528367215,-0.06988263580159237,1.0671264516771124,0.5
5145072.851951694,0.3876447781237502,-0.0664006485506365,2.125805321238747,0.5507246376811594
4689986.960872801,0.36217945903194293,-0.10172732590013284,1.698116812034414,0.5362318840579711
4680826.292805875,0.36164691022970286,-0.10876849187372631,1.7772668179943678,0.5362318840579711
4331840.532906933,0.3407088993036762,-0.07057944191584024,2.2735086248648764,0.6521739130434783
2344817.3745421227,0.18582828374241322,-0.05366744863546256,1.3902343160436104,0.572463768115942
2302649.417932209,0.18153220638016632,-0.1740418856734628,1.1253018545769151,0.5362318840579711
3096721.7779011484,0.25366192953386957,-0.06699496959268413,1.8180202845713065,0.5942028985507246
1771310.3912438068,0.1211376417488701,-0.12275595157690712,0.9547794756201827,0.4782608695652174
3708197.2074924125,0.2996684144483328,-0.07027796594740876,1.6869136845561492,0.5579710144927537
3422425.0828918885,0.2789889431877841,-0.06323715606319376,2.3529085214387324,0.6231884057971014
2896342.967169462,0.23700084817400513,-0.06065675862175282,1.4809003921365753,0.5434782608695652
3696352.4275045344,0.29883706744005245,-0.05909417613863088,1.6344084435437318,0.5507246376811594
2880973.5066320985,0.2356852222351702,-0.07824038227068644,1.578713335937223,0.5217391304347826
5202443.955597309,0.39072570569296006,-0.07740605739616399,1.733860463825613,0.5652173913043478
3665952.3137422684,0.29669358491973674,-0.08479896538811997,1.5582044121629677,0.5579710144927537
2956361.1008870043,0.24208551133759704,-0.11555760732056247,1.7098029625595046,0.5434782608695652
4494096.885128653,0.3506054136238952,-0.04435079723026873,1.8382829376609078,0.5579710144927537
2665151.287571486,0.2165903669515774,-0.06501490829119871,1.415838087143576,0.5507246376811594
4307711.047676506,0.3392119403208578,-0.09368535628222363,1.7572561406313187,0.5579710144927537
2922406.4189574383,0.23921916867917692,-0.06075633601602136,1.6946330300806989,0.5434782608695652
3909252.0515138176,0.31346569545548064,-0.06910956826141289,1.8426528861903348,0.5869565217391305
2274529.797999662,0.1786322662042079,-0.17535517070003914,1.2070585174518802,0.5217391304347826
4835665.855752465,0.37053855308845063,-0.0978719607775858,1.811064845048398,0.5942028985507246
2545554.8968032193,0.20547024070681208,-0.07103811772463937,1.5278518549699425,0.5434782608695652
4197439.005126469,0.3322842039998686,-0.09261869559250895,1.9252875467971584,0.6086956521739131
2086024.8494839212,0.15841426132749814,-0.2230131059408386,1.0683751945555975,0.4492753623188406
3464217.9266910027,0.2820974634192073,-0.06591173055173387,1.6402351930339671,0.5579710144927537
3201057.7749728905,0.26199810429277814,-0.07631274122222298,1.583920813363476,0.5434782608695652
5128169.853449078,0.3867318176221195,-0.0699045523763142,2.0594322655562456,0.6159420289855072
3990252.86582374,0.3188642120122771,-0.08225690779868416,1.7778979634561753,0.5652173913043478
2512910.258815813,0.20236242555416828,-0.0736555629808605,1.4590960351668414,0.5362318840579711
2897486.345871069,0.23709849801422322,-0.07448885367338856,1.6508434211594525,0.5652173913043478
3095998.91465922,0.25360339597359927,-0.08025998989911064,1.6629887154668752,0.5797101449275363
3531323.6886042655,0.287026548559832,-0.06284460038880203,1.5573893310741769,0.5579710144927537
2608735.305816337,0.2113956314370402,-0.0672438552747252,1.344273167466038,0.47101449275362317
3465787.584349161,0.28221362755793766,-0.05740112079046616,1.5739943496644264,0.5289855072463768
3801465.2354200142,0.30614142823532564,-0.07389389330469236,1.631499660619319,0.5289855072463768
3310189.937306547,0.27048804508938984,-0.08191014049386251,1.469854783543421,0.5072463768115942
3431130.3153520967,0.27963892587806116,-0.09253742675462788,1.631885670204493,0.6014492753623188
2389574.287646756,0.19032103202400363,-0.17442052832943558,1.3439676698839558,0.5
3541293.5250293706,0.2877524507542064,-0.10285583632082376,1.43071414656675,0.5144927536231884
3612226.7965409732,0.29287042833599575,-0.05706345436048814,1.7816989601092577,0.5942028985507246
2249450.465959429,0.1760215684263331,-0.07123420309901098,1.3696763396607592,0.5652173913043478
4043830.222681221,0.322387035288757,-0.11226296879164982,1.5969325818917213,0.572463768115942
2774232.9826709614,0.22638995912993698,-0.12966012557062676,1.3166015626813614,0.5072463768115942
3577217.1281107636,0.2903545581943958,-0.07840670032516352,1.5916560451943818,0.5507246376811594
2312771.241889153,0.18256912396897396,-0.07104238189943202,1.652290449984285,0.5869565217391305
5643558.487795586,0.413548148403343,-0.050755289624470505,2.1685110539373427,0.5652173913043478
5187603.350043338,0.3899313558626132,-0.12376209553367755,1.9767976819472366,0.6014492753623188
3636521.417737834,0.2946048507732195,-0.08683922406973546,1.710951690809558,0.5942028985507246
2031171.6299930643,0.15225691838371103,-0.10340901328018662,1.0477654316677354,0.5
4373925.47715257,0.34330390067677885,-0.09207815416170456,1.9060062947497143,0.5579710144927537
3201697.3448811076,0.26204852959404024,-0.06925329159143179,1.6461262452573893,0.572463768115942
3245740.0088532777,0.2655017375362154,-0.049395295721799265,1.8163091128223956,0.5869565217391305
5253468.980135046,0.39344308416227136,-0.07085446481820716,2.2513519264362607,0.6231884057971014
2849035.409733095,0.23293326280981885,-0.09080606259099008,1.438019289713392,0.5362318840579711
3857170.6872490523,0.30994714153689285,-0.07080853593846546,1.934841742045531,0.5942028985507246
3432562.940251014,0.279745767432662,-0.10513148274421398,1.4704725760666346,0.5579710144927537
3108122.712523667,0.25458367302222107,-0.07331733265177685,1.4843020794247495,0.5144927536231884
6490227.18954111,0.4536236490133474,-0.07893486659180597,2.155111966689914,0.5507246376811594
2831822.364767712,0.23143984433629639,-0.07683791487883143,1.521117240983083,0.5434782608695652
4915297.173885413,0.3750229788676902,-0.05142139749999992,1.969717549949065,0.572463768115942
5158329.462935429,0.3883591134869633,-0.041093131595321034,2.266816064017501,0.5434782608695652
3162621.2410749863,0.25895276700985437,-0.0791248198529241,1.5843895827360759,0.572463768115942
6368276.0113817165,0.44811941316657733,-0.06317037766210169,2.3449596410398637,0.6666666666666666
1625043.028107124,0.10197812344818113,-0.10417326252991994,0.857089202361336,0.47101449275362317
3336892.8825216065,0.27253124079490254,-0.10850395373508925,1.698532559102424,0.5289855072463768
2913449.2404287606,0.2384585940494135,-0.08830049968794734,1.5804217972387742,0.5434782608695652
4015396.995234923,0.32052217316423914,-0.07286828107480382,1.662724683033385,0.5434782608695652
5927873.94022294,0.42751207952269343,-0.06102115982491539,2.26278889422132,0.6811594202898551
2801997.305002161,0.228834915384728,-0.13024382529045214,1.5458511662623282,0.5434782608695652
3428705.482004543,0.2794580065670793,-0.07070775411912604,1.577175454368562,0.5579710144927537
3828281.8989572967,0.3079790321485465,-0.15256799166778653,1.674232764315514,0.5144927536231884
2918764.664584388,0.23891016422344147,-0.09880888380970655,1.3733429491843154,0.5362318840579711
5270744.300947849,0.3943583108628399,-0.1095997876515403,1.9904230870443773,0.6159420289855072
3261440.9607216725,0.26672372365716823,-0.09033811349442711,1.5238510042770403,0.5362318840579711
3426274.565510257,0.27927653061242674,-0.1004280637114064,1.5908798346583841,0.5652173913043478
4385758.313843469,0.3440299269042608,-0.04685760214024156,1.9636975352900654,0.5942028985507246
4189161.0421493193,0.3317582971497737,-0.06590498153271417,1.8235169281198729,0.5869565217391305
3211161.5725605492,0.26279377284255956,-0.08349049127511086,1.417354604217337,0.5434782608695652
6415645.2157870345,0.45026734376638333,-0.057131084800000086,2.2895410132991794,0.6159420289855072
2606328.625859776,0.21117203511990046,-0.0747850932687381,1.3853337193921311,0.5072463768115942
3388582.1092037195,0.27644939761458254,-0.06515320685132786,1.5307173539806873,0.5579710144927537
2661736.604733029,0.21627845963568504,-0.05079133900924334,1.4833438261905312,0.6086956521739131
1773261.6814540804,0.12138454388101727,-0.14120968735522116,0.9647451225527477,0.5144927536231884
4104025.5712730517,0.3263007390345205,-0.09869164975289964,1.6432970098588777,0.5579710144927537
2345624.659169182,0.18590992499497383,-0.06803743600884393,1.252141811233411,0.5
4051288.5959435604,0.32287447354656873,-0.06915956639147715,1.933914484002418,0.5942028985507246
2340058.7007173183,0.18534657830157775,-0.14006190110807426,1.2601760479931998,0.5797101449275363
3604865.147143943,0.29234302916814237,-0.07329945930950268,1.7415437112084091,0.5579710144927537
2824345.827570922,0.23078891054013995,-0.07457428665885574,1.76920815632626,0.5869565217391305
6402624.275254481,0.4496781841959441,-0.06832660432477365,2.0012496108710196,0.6086956521739131
3849019.909846727,0.3093930502198432,-0.06442094222962336,1.6243317607505778,0.5652173913043478
4999164.064156952,0.37968352375654946,-0.09282008849629796,1.8846529716272777,0.6014492753623188
3235638.41068761,0.26471304009658025,-0.08132379108221216,1.7383160066565881,0.5507246376811594
4318070.477672298,0.3398554443037336,-0.08598718407999476,2.0303165434109767,0.5869565217391305
3566138.943242697,0.28955435365245896,-0.05788478046864832,1.800636899387244,0.5652173913043478
3394293.3337318134,0.27687938154640945,-0.10412263606037855,1.5302307714804597,0.5434782608695652
3871479.784835462,0.3109176149936419,-0.04839900857927121,1.7974147452025895,0.5942028985507246
3474032.433465685,0.2828231059116568,-0.08260412337585545,1.6744484221168647,0.6014492753623188
2715367.232905238,0.2211407233122753,-0.06277365125514195,1.5594335551446485,0.572463768115942
2817582.3382752277,0.23019886856633076,-0.06353838693667145,1.6947427762142864,0.6086956521739131
3773505.1668872614,0.3042143963902002,-0.06338974079999994,1.7096640928907443,0.572463768115942
2799773.843725669,0.22863983064934135,-0.11394382515950385,1.7496193947118592,0.5869565217391305
2118701.4765095366,0.1620209389158338,-0.16740836187192376,1.0742832891644458,0.4782608695652174
2607560.690362063,0.21128652260014968,-0.07008714425612803,1.4045636284923066,0.5652173913043478
4226634.519035096,0.33413242393147047,-0.09997574122908164,1.6925727101725105,0.5797101449275363
5348937.550881388,0.3984711308574269,-0.05684188573014156,2.142702367493711,0.5942028985507246
5304010.520994354,0.39611397821840955,-0.05872428834366323,2.029240676851662,0.6159420289855072
2748329.4184712,0.22409114792745854,-0.07739422472474314,1.4323427431498792,0.4927536231884058
2916057.3411681307,0.2386802467044189,-0.0643153664749656,1.8129212064369746,0.5579710144927537
4309472.866129857,0.33932146774180105,-0.18913223109089497,1.6683109392696767,0.5507246376811594
2282217.533753299,0.17942792849837952,-0.13039093038839916,1.2024927740948759,0.5434782608695652
2862191.603261793,0.23406984608257253,-0.14524712572048054,1.3952222172333704,0.5507246376811594
2481797.6576608545,0.19937025543833808,-0.11594995913652952,1.1491037204094792,0.463768115942029
2994230.660543502,0.24525143430551566,-0.07997879825169142,1.461727894967139,0.5072463768115942
4136244.687375642,0.3283766849898251,-0.09266551847346392,1.8200881767299504,0.6159420289855072
3581538.4657857385,0.2906661616073245,-0.06985840907363683,1.7804718081580289,0.5797101449275363
3569255.9025006457,0.28977970010694243,-0.06873632379645121,1.6588816617169009,0.5869565217391305
2186856.6947315005,0.1694026264270061,-0.07273433602383625,1.158631685257473,0.5507246376811594
3082979.905141003,0.2525473105845648,-0.07448628322316794,1.4910832567194585,0.5507246376811594
2670367.8085702984,0.2170662428490655,-0.057842438031944936,1.560851633812777,0.5507246376811594
4947818.902536194,0.3768377314870426,-0.06621786069991255,2.144613508290179,0.6014492753623188
4736506.055800433,0.36487104135266346,-0.12640619439775463,1.8219612420745301,0.5507246376811594
2354089.482163216,0.1867646276580024,-0.08298565277681692,1.3649059005505473,0.5144927536231884
5384866.622860119,0.4003448229571851,-0.06868675574955597,2.0749670434163026,0.5579710144927537
3257495.3217223035,0.26641708282205134,-0.05408274612449134,1.7440448032170417,0.6014492753623188
7953583.781096665,0.5139536244950382,-0.055649195374708554,2.1697123139931738,0.5942028985507246
2942908.572223512,0.2409530591875002,-0.12266401985120266,1.4473966247695167,0.5652173913043478
7115106.899243921,0.48059502542460475,-0.04345336303397638,2.4969095848737157,0.6666666666666666
5228071.531195336,0.39209317480977846,-0.10013252677823671,1.9186207798776744,0.6376811594202898
5089952.587520298,0.384658727498433,-0.14414570268414384,2.0100060092247864,0.6014492753623188
4655361.009319999,0.3601621113263065,-0.09878520998308424,1.937476834015813,0.5869565217391305
3234566.7370335767,0.26462925204169085,-0.08717517993474595,1.659256529130136,0.5869565217391305
2545502.7643392934,0.20546530310764766,-0.09811341935751626,1.3199430926655864,0.47101449275362317
3032011.773885601,0.24837820160521362,-0.08508833177901852,1.6362134914907822,0.5869565217391305
3797342.6135231387,0.3058580078015427,-0.15610935145201651,1.6876897816168912,0.5362318840579711
9271951.24886852,0.5611125960152927,-0.05589962843237406,2.306724289421584,0.5869565217391305
3398147.8537791697,0.27716925178309726,-0.11205421240980581,1.6679940116416732,0.5144927536231884
2595072.1816873085,0.21012403955312142,-0.06895160701784667,1.4620812142543465,0.5434782608695652
3441957.574045127,0.28044551293042796,-0.08217648078695908,1.8631038116405594,0.5652173913043478
2915242.227271048,0.2386109902889897,-0.08489959323155533,1.3458383600373371,0.5362318840579711
2338071.362952257,0.18514517440771994,-0.07139689238906524,1.4281840509177062,0.5434782608695652
2431212.203903296,0.1944406451912548,-0.11177842062235557,1.1701667559544084,0.47101449275362317
3472390.710153622,0.282701838257881,-0.07150666096388511,1.539542553455418,0.5362318840579711
3141259.5072591756,0.25724744932046506,-0.09631542682051421,1.42716040232331,0.4927536231884058
3893739.2519633295,0.3124216108637963,-0.09668281948098677,1.6465339156660512,0.5507246376811594
5051003.328188955,0.38253307818217275,-0.09958029216175915,2.05947278015003,0.6159420289855072
3536746.626863428,0.2874215948833705,-0.08182513746572989,1.538920761865197,0.5217391304347826
3912149.3302081064,0.31366032851979275,-0.06479429753071535,1.8656293618276318,0.6086956521739131
2781718.924040535,0.22705109971928117,-0.11613631051869448,1.530978982163073,0.5652173913043478
3585199.5409141188,0.2909299194839048,-0.09479299888493636,1.911020121611545,0.6014492753623188
4601519.974624969,0.3570012956419526,-0.05613355289162606,1.647923851118707,0.5579710144927537
4015413.5846148306,0.3205232642945972,-0.09843911858523395,1.9467823188947515,0.5942028985507246
4128358.235173683,0.3278697431127078,-0.07926962905597157,1.815143749056856,0.6086956521739131
2376477.6877361843,0.18901339767443903,-0.09282044080858526,1.485871882050065,0.5942028985507246
2444724.5922070113,0.19576541510256207,-0.12037827593418177,1.2015644057120922,0.5797101449275363
2782825.043015376,0.2271486687916937,-0.07387533989730484,1.572280088183903,0.5144927536231884
2326313.7229514797,0.1839508032845072,-0.07166107283587685,1.3554446743465722,0.5507246376811594
2714773.68060065,0.2210873327973819,-0.07274345262984089,1.555510937065225,0.572463768115942
3746914.886642376,0.3023711451671762,-0.053875515452215826,1.995552387665398,0.5652173913043478
4743525.829779389,0.3652753651840037,-0.06847162235936884,2.0155226437826617,0.5942028985507246
2234490.3853332703,0.1744531527064237,-0.07764890969693733,1.3852487690895818,0.5579710144927537
2879265.0146551314,0.235538628783319,-0.10296807080051203,1.3728882907962001,0.5072463768115942
2523786.6092416006,0.20340143864385252,-0.08949459852128817,1.6479382473714652,0.5652173913043478
3126716.9187826575,0.2560811919955024,-0.07753916607378443,1.5782326775375695,0.572463768115942
2930898.157615168,0.23993850159379804,-0.06659083965705574,1.4697469197408488,0.5507246376811594
3321802.9145906377,0.2713782349611762,-0.07890188576818857,1.6366266737524604,0.5362318840579711
4778661.820271259,0.3672919580371268,-0.09202422562156726,1.815461034303223,0.572463768115942
3796338.1502754306,0.3057889160541467,-0.09264364671758436,1.802794391612471,0.5652173913043478
5692252.468369145,0.41597905973377025,-0.054170647539904006,1.9435830896355588,0.5797101449275363
2220739.950302104,0.17300412965667356,-0.1283849528839599,1.351939433857686,0.5434782608695652
3109031.8390852655,0.25465705763553115,-0.07962822550286162,1.7606712951102683,0.5289855072463768
2680815.6779008443,0.21801711526200385,-0.09133614983835478,1.4629531727845775,0.5797101449275363
2758062.059171692,0.22495689561691523,-0.09549859058089975,1.5045265800239915,0.5434782608695652
2318877.8897737884,0.1831929572358908,-0.10143834470127466,1.1646791885123766,0.43478260869565216
3247484.8517783578,0.26563776981782095,-0.1015683809216035,1.7810122841999052,0.5797101449275363
2481751.7102411133,0.19936581443352952,-0.10217390592766902,1.605134061578794,0.5942028985507246
3350243.4104297385,0.2735478656110315,-0.08379212094274481,1.6221754385831575,0.5652173913043478
2195018.7824660777,0.1702742472302623,-0.048515664425082594,1.2902061526377409,0.4927536231884058
3622785.28410719,0.29362535457167604,-0.06534766630232673,1.6199178263983083,0.5289855072463768
2295139.207365363,0.1807604731824295,-0.137809367802821,1.3859320759212208,0.5434782608695652
3290802.849422299,0.2689963499872161,-0.09513478454067201,1.7235147320053954,0.5869565217391305
4734727.298966838,0.36476851267697974,-0.0573674538619446,1.990915504135507,0.5869565217391305
3718566.1194151565,0.3003944329920367,-0.17524005965868533,1.6790510703549169,0.5942028985507246
3115557.728427099,0.2551833235419505,-0.09848722736101653,1.5159579444400704,0.5652173913043478
3560868.2992065037,0.2891729437403523,-0.09943333141423302,1.7231010562785083,0.5434782608695652
3382480.686526759,0.2759893956192987,-0.09451735578871276,1.6051839040930656,0.5434782608695652
3924845.8351813783,0.31451189545415703,-0.12350052359003318,1.7340676200937053,0.572463768115942
2408453.8542201053,0.19219601527716157,-0.1916424102704962,1.1589380473830224,0.463768115942029
3042280.0835289205,0.24922261812771218,-0.11741390643744376,1.494523502818473,0.5434782608695652
7080635.181647302,0.47915758104239203,-0.07092891986081985,2.163099350889143,0.5869565217391305
2501357.7462738613,0.20125487142633003,-0.09945957936647626,1.5423778786437725,0.6086956521739131
3048659.2528525144,0.2497460628401058,-0.0657234051959648,1.5638437133835523,0.5362318840579711
2710280.260572328,0.22068284275768657,-0.07409786426713376,1.6383497624262378,0.6014492753623188
3051925.8883226034,0.2500137684680712,-0.11930030147331111,1.5285785911372185,0.5434782608695652
3560211.3046014286,0.28912536870453165,-0.07475260495812174,1.4383013094976234,0.5362318840579711
1859545.9103795122,0.13209111264353024,-0.08964964473967615,1.1868773666139525,0.5072463768115942
6926590.181832346,0.4726647737637226,-0.040888256169863794,2.4031650182137314,0.6014492753623188
2673906.0763879325,0.21738859737685723,-0.09312232488771087,1.3293164333690022,0.5289855072463768
3871857.0646656095,0.3109431640614242,-0.08241835625771875,2.010927068305389,0.5869565217391305
2692800.326011412,0.2191042077497818,-0.10945819176917336,1.563416556963385,0.5144927536231884
4772371.357529517,0.3669317973146611,-0.07196990084785133,2.012048735506883,0.6014492753623188
2844137.202725582,0.2325090266103833,-0.05693580020219947,1.4208902320369348,0.5507246376811594
3321664.6327828243,0.27136764966079574,-0.07534877248429561,1.6308619119484606,0.5579710144927537
3768860.8920898107,0.3038932035504367,-0.11318067755485396,1.6990443462447877,0.572463768115942
3536380.9644967453,0.28739497261455127,-0.07172463000533122,1.6680491207651618,0.5434782608695652
4061695.1741943797,0.3235533920295517,-0.056893619137969836,1.722106416914762,0.5362318840579711
4360201.853588516,0.342459890989659,-0.05415489687438804,1.7595799763864175,0.5869565217391305
2807284.501719147,0.22929831294889436,-0.06280056936786889,1.5849715714951271,0.5362318840579711
5345672.30989988,0.3983003507495231,-0.04450506577416678,2.4442841090969427,0.644927536231884
1602229.2631996204,0.09886649541562287,-0.10829525244549557,0.7507041265304154,0.5
3154507.3268244746,0.25830611771974543,-0.09492432609591189,1.6606024365986793,0.5942028985507246
2436223.2956124404,0.19493262387862975,-0.08505989853226593,1.2128961868412158,0.5289855072463768
4722862.589814947,0.3640838338931245,-0.058121951443576805,2.037890596791776,0.5797101449275363
2341977.2168339784,0.18554087779520834,-0.09826617825764042,1.5005348681642159,0.5942028985507246
3700940.7813946,0.2991593617753816,-0.07258651627276805,1.8974924066527654,0.5579710144927537
5273575.605315721,0.39450808116285985,-0.058526738108959246,2.092145743157161,0.5942028985507246
3486230.6140297446,0.2837227046705031,-0.062378497071295835,1.8572610300308743,0.5507246376811594
4831790.747989994,0.37031882377021663,-0.05572788671495644,2.0038791855165683,0.6739130434782609
2691699.788738168,0.21900454280280846,-0.10033531834950751,1.4234168800555806,0.5
4169746.1532502193,0.330521581486261,-0.0783274703012997,2.216059562512886,0.5942028985507246
3429866.8914713073,0.27954467329021915,-0.05131561990030704,1.760268664364972,0.5797101449275363
2299424.7953738375,0.18120109810346685,-0.0683782411107048,1.3244021605366,0.5217391304347826
3277429.970726233,0.26796330199349216,-0.0689272596934589,1.6681607455139564,0.572463768115942
2820181.2658392363,0.23042573105935382,-0.10775696622238697,1.558469758467907,0.5797101449275363
2185560.4694614946,0.16926396450593595,-0.08583778181764462,1.4093576820316753,0.5434782608695652
2428652.9706075345,0.19418907190573353,-0.07462358051887101,1.461185215495904,0.5362318840579711
2461026.2453044537,0.19735587381979358,-0.121450174079995,1.3144658190569043,0.4782608695652174
3051099.255297526,0.2499460463365779,-0.056265785640842544,1.6175675586509313,0.5579710144927537
2487333.8351810724,0.19990486871239654,-0.08570688858333107,1.3143435083411439,0.4927536231884058
5130081.781112071,0.38683520482226297,-0.0628391921733479,1.9006330848639068,0.6014492753623188
3468814.6607775097,0.282437530682212,-0.1001163697675742,1.6442879635765446,0.5289855072463768
7769481.0733395135,0.5068790765408278,-0.057112520713385496,2.268497313360879,0.6376811594202898
1833542.5998833722,0.1289070908735408,-0.1278025841045403,1.175112669709168,0.5072463768115942
3177090.027736095,0.2601025902038656,-0.06907923529935184,1.7282559943420102,0.5362318840579711
2471960.705212077,0.198417970050502,-0.14647552682644238,1.3356355037326268,0.5507246376811594
5279337.048864226,0.3948126513985626,-0.05165595519999998,1.873022922912328,0.5507246376811594
2268363.742584635,0.1779925379089633,-0.0918170614920605,1.2275249226717069,0.5
4636102.2310554115,0.35903487264681133,-0.042863825936927225,2.0707634898963434,0.5942028985507246
3069847.804078687,0.2514784307593545,-0.07757972882860698,1.460287782907718,0.5579710144927537
2213342.204605603,0.17222158218621764,-0.08100444088635475,1.4099218382630705,0.5579710144927537
6286706.764844312,0.444390557901444,-0.09681671330238245,2.06337951399292,0.5942028985507246
3458421.3879822446,0.28166811937571357,-0.10252876496113757,1.7011587389144016,0.572463768115942
2058437.9049476527,0.15533399960318572,-0.10513709326756349,1.319032080429811,0.5289855072463768
5239320.099274822,0.3926916974389878,-0.06078828228417398,2.1357756292504697,0.6304347826086957
1612961.06126153,0.10033461792209208,-0.1044567026477942,0.8695689031289201,0.47101449275362317
3923954.8533588652,0.31445220839288024,-0.05298546077106897,1.9180596180065654,0.572463768115942
3818027.160563385,0.30727754892836434,-0.07503465818987098,1.6694024791212934,0.5579710144927537
3380945.217760197,0.27587352813036525,-0.062065135921256856,1.6102795485269148,0.5579710144927537
4311170.440183227,0.33942696738338984,-0.08203858159475326,2.1101950581222253,0.6014492753623188
2573201.820437216,0.2080774281424682,-0.10631009254354029,1.3286817458760272,0.5362318840579711
3955194.708022578,0.3165385295396488,-0.06445036799999987,1.8344948332271287,0.6086956521739131
3248154.402049009,0.26568995409413887,-0.06034423999282614,1.6639013942279193,0.572463768115942
2958468.2275079424,0.242262518510292,-0.07750635149239293,1.7185478376338603,0.6521739130434783
2546699.379069395,0.2055786171764793,-0.10614219498169902,1.3640475984016167,0.5144927536231884
1792354.9687460507,0.12378907260275973,-0.12207357296155098,0.9008105645989224,0.5144927536231884
1895171.3965281115,0.13639600582728573,-0.1670816897430754,1.007034898632118,0.5434782608695652
2449157.05088766,0.19619870244675908,-0.08338044194783496,1.2707882800421806,0.5507246376811594
1850253.4667453864,0.1309573967307025,-0.0928552777308073,1.0214535202831203,0.47101449275362317
5568828.638773486,0.4097846281292825,-0.0740257814752527,2.1301911155623223,0.6159420289855072
2873693.8758701268,0.23506012535808019,-0.05956769259455212,1.5193904077841935,0.5289855072463768
1951833.1200089364,0.1431113492765863,-0.10750383982390281,1.1443815618908095,0.5
5131294.509987349,0.38690076697737763,-0.10029057628632625,1.8918796634970751,0.5434782608695652
2721598.9206025777,0.22170070587794055,-0.08210067285577577,1.7133269876942008,0.5434782608695652
3353157.6156692156,0.27376934738091996,-0.07157588908183417,1.6336375344586025,0.5579710144927537
3486391.3308382235,0.28373454049173863,-0.06962083376944007,1.6188626406636708,0.5652173913043478
3907850.772753706,0.3133715191010018,-0.0816729888231296,1.9993723433584814,0.5942028985507246
4624892.135483751,0.35837700676431394,-0.07835213120987526,1.7908395113206463,0.5579710144927537
3398614.535395065,0.2772043296370552,-0.06449819386312247,1.6786181235721869,0.572463768115942
1941557.3781809397,0.14190518758510806,-0.1675748473629657,0.9852413506300538,0.5289855072463768
2772096.766175626,0.22620103182784135,-0.09696666814316869,1.4327911555829151,0.5797101449275363
3858563.291251999,0.31004171729652086,-0.06398370791977741,2.072355795863035,0.6304347826086957
1803036.2094706874,0.1251252979207771,-0.06508654757287145,1.1161898276375042,0.5289855072463768
2959707.164019202,0.242366547117282,-0.11813643220785823,1.392428647637863,0.5579710144927537
2783120.4613231057,0.22717472194161403,-0.09460980018069894,1.426590301207803,0.5072463768115942
6167388.621555706,0.4388657103836062,-0.06092317164530893,2.089677574121999,0.572463768115942
4008818.5535598667,0.3200892059396079,-0.06642790184281543,1.8737483229313334,0.5507246376811594
2747297.017794091,0.22399916896350835,-0.07677603582996242,1.3610060301466733,0.5579710144927537
3565766.987775658,0.28952745190732565,-0.07257908815404636,1.534493303107965,0.572463768115942
3369297.685496326,0.27499322407226146,-0.10761711484568172,1.4740005081940477,0.5144927536231884
2523641.1963876844,0.20338757106328487,-0.10656229143686972,1.4185280714713058,0.5289855072463768
2320402.5445560487,0.18334850544791514,-0.052224644810213695,1.3507032141120627,0.5797101449275363
3423082.193863047,0.2790380529919436,-0.11197044644676792,1.5129075766415332,0.5434782608695652
2637552.8498307792,0.2140602336830706,-0.10611362046719582,1.147455060594648,0.47101449275362317
2461229.2944163904,0.19737563094543287,-0.0885440996255615,1.4561569954125821,0.5144927536231884
2954605.1189872967,0.24193792462662866,-0.06917332754431975,1.5132303532984854,0.5652173913043478
3168641.045454473,0.2594316663301055,-0.1590291661449018,1.5892531177185183,0.5507246376811594
2931966.1720782155,0.2400288547346392,-0.04626215995760007,1.6479878127373244,0.5797101449275363
3548147.6200312395,0.2882505485365858,-0.07087215635205683,1.7320092169561292,0.572463768115942
4429770.689405131,0.34671671055898856,-0.06181014644628794,2.0240665186078863,0.572463768115942
3677296.8502158737,0.2974951344890493,-0.06826952987733473,1.7939215951870495,0.5942028985507246
5495020.286068001,0.40602764578574524,-0.053025772210607655,2.2548052109475054,0.6521739130434783
4884609.74830563,0.3733017528196494,-0.04413479447079992,2.3285300666962656,0.6594202898550725
1848418.3888688332,0.13073297139927975,-0.05686664465424968,1.0998299129170923,0.4927536231884058
4568089.126248832,0.35502377002640806,-0.053496503518658575,1.808492445798697,0.5507246376811594
6881813.381036674,0.4707558289553093,-0.0837591556689002,2.1432345281654603,0.6086956521739131
4710921.9828100195,0.363393384582432,-0.07259499815398358,1.855327280397762,0.6159420289855072
3246254.7202416374,0.2655418717947027,-0.05357252453519449,1.6004510820611855,0.572463768115942
5596969.850609681,0.4112065823707194,-0.05344380979013617,2.0093566685757667,0.572463768115942
3005229.35337822,0.2461649282767373,-0.11340323541144695,1.632896009288197,0.6086956521739131
2528358.545688413,0.20383712464535586,-0.06316997120000001,1.3665105722910982,0.5652173913043478
3147050.982259581,0.2577107000211658,-0.062175945396759955,1.4905512730870456,0.5
4179905.276235355,0.33116928415721847,-0.0531237966142546,2.17886485180877,0.572463768115942
3091153.762180808,0.2532107792100673,-0.0714811694021893,1.498594940755112,0.572463768115942
2919434.306654287,0.2389670067809806,-0.13549102178058764,1.5241596570976965,0.5434782608695652
2794657.416767627,0.22819044820279055,-0.07467619123538327,1.5622889112329164,0.5507246376811594
3079547.2480294704,0.2522682635756446,-0.09852437431384328,1.6630834208708318,0.5869565217391305
3260344.9991093827,0.26663857925420253,-0.07415624954579456,1.7354575454546317,0.6086956521739131
2080492.504414693,0.15779916252646786,-0.10337345934292051,1.0701796592568136,0.5
1961603.8616085942,0.1442535317562328,-0.10441959634456309,1.1203074076115944,0.4927536231884058
3199696.165591633,0.2618907247312914,-0.053025314569222506,1.466009533033585,0.5507246376811594
4047010.0706551876,0.32259494054180404,-0.08422312586845315,1.6487723424863148,0.5797101449275363
2393806.2875807756,0.1907423517349689,-0.06625646147913854,1.4779330378971873,0.5434782608695652
2399369.740617834,0.19129531955221668,-0.11314300519572536,1.2556202166603743,0.5072463768115942
2826378.55145218,0.23096602299209334,-0.14595938261448754,1.6629830708588105,0.5579710144927537
2891538.54293025,0.23659019072205822,-0.12949334949862468,1.4273262424291253,0.5072463768115942
2653455.771658502,0.21552073207317268,-0.09437000031192076,1.5020730123064405,0.5217391304347826
3202362.045861481,0.2621009277534676,-0.12074589257341223,1.5584290226041502,0.5579710144927537
2996671.566547022,0.24545439469123065,-0.07579624397075159,1.4298019641970823,0.5797101449275363
3210353.010061625,0.26273017277012656,-0.06501746625344007,1.746316091468116,0.5797101449275363
5030437.811019224,0.38140542391868637,-0.060927393192625676,1.7631005847182233,0.572463768115942
2029423.396800704,0.1520585001266488,-0.11499673904569303,1.1810656699134296,0.4855072463768116
3651385.8947458933,0.29566147797476927,-0.06758761944853445,1.6636433187150779,0.5869565217391305
2194513.832952778,0.17022039950927237,-0.08886415754936025,1.1428138492857192,0.47101449275362317
2688572.7677752576,0.21872118094023052,-0.06256477163757135,1.5065915103978988,0.5652173913043478
4426339.748105844,0.34650803437965094,-0.06442273963778493,1.7393962079753118,0.5579710144927537
2638912.99050367,0.21418542186205425,-0.09481029606062852,1.4051691495768615,0.5652173913043478
2362665.816444453,0.18762808594156222,-0.09932598541657539,1.2128237685977183,0.5144927536231884
3629452.181334662,0.29410112804876154,-0.047155456000000005,1.9814307357999728,0.6159420289855072
5392297.037484032,0.4007310685239902,-0.05466276264258008,1.938787760264275,0.5289855072463768
3400242.7386198607,0.27732668242489544,-0.059500347463279216,1.7296947856685176,0.5434782608695652
3030240.116207776,0.24823227763751432,-0.07104851895665659,1.6482747143560823,0.5362318840579711
3309577.411378855,0.2704410227438372,-0.07349521733074424,1.600482357931781,0.572463768115942
4734467.011978944,0.3647535069850121,-0.08872804528154751,1.7694141443410638,0.6014492753623188
2360050.526992831,0.18736504684940858,-0.06871945219859255,1.3269454700073926,0.5217391304347826
1900812.461859047,0.13707170885700282,-0.1049365714792383,1.0922899150227277,0.5579710144927537
4398521.463234842,0.3448112796403553,-0.04234419567141341,1.9001093732586132,0.5507246376811594
2486510.5455781594,0.19982542621811294,-0.07353132681605618,1.251744605881053,0.4927536231884058
1905029.810280909,0.13757582775013222,-0.09308690281841052,0.9639953072157644,0.5217391304347826
3244959.704138417,0.26544088411340505,-0.12669269958743903,1.7480021674429105,0.572463768115942
3993026.9231108264,0.31904753813360553,-0.09390604320448578,1.7863495487260896,0.5579710144927537
2164522.0359269343,0.167004154978887,-0.06984518176063059,1.281394899609965,0.5579710144927537
6192970.452745286,0.4400573946282016,-0.09103180782217636,2.146042995986211,0.572463768115942
2916597.9599044607,0.2387261720081444,-0.0987633245521865,1.5736387514998393,0.5652173913043478
2085678.257218309,0.15837576474778858,-0.08188239506201579,1.337076665645882,0.5434782608695652
2605002.8017548034,0.21104878681514738,-0.06119576944019233,1.4311950366348827,0.5362318840579711
2250662.290780066,0.17614825048916782,-0.14976993152140783,1.1903934421004596,0.5072463768115942
3274077.6448919545,0.26770380803970295,-0.12547427508944486,1.401565011467315,0.5507246376811594
2928213.2087817504,0.23971124074436112,-0.06019009176720679,1.456325620738005,0.4927536231884058
2702384.0787394554,0.21997074031055774,-0.0954557476419045,1.265794702555227,0.5
3890052.172857447,0.31217296369472547,-0.0775930222991634,1.8913571987236815,0.6086956521739131
2285205.518254577,0.17973659918334994,-0.06840791376873269,1.4780582121581862,0.5797101449275363
3147998.5399742993,0.2577864286939753,-0.07170205241172464,1.6785289368992427,0.5652173913043478
2310030.25901848,0.18228868642572982,-0.06932774236381323,1.3597052994199077,0.5507246376811594
2516391.396179203,0.20269536791491238,-0.07417025783157337,1.3204740996172029,0.4927536231884058
3425737.730091376,0.27923644018859695,-0.12783324260746465,1.7696275460588042,0.5289855072463768
2804763.2178880945,0.2290774216200877,-0.08112893863354019,1.4773645687678094,0.45652173913043476
3068510.8982143058,0.2513694090430372,-0.11978517756969644,1.4149025133969815,0.5
2710911.639765719,0.22073971082056398,-0.1073575606173228,1.2711629965941251,0.4927536231884058
2551547.0117738857,0.20603723099551785,-0.08759848256720154,1.2502427277553672,0.4855072463768116
5556566.600942886,0.4091632379122545,-0.05302228239597415,2.061863453247601,0.6304347826086957
3998188.7981336517,0.31938839436456656,-0.07283356223958196,1.9148487866585588,0.6304347826086957
3674898.107054103,0.2973258160947623,-0.11538686605567022,1.560623673949649,0.5144927536231884
4067542.2812242555,0.3239342431539245,-0.05546111747151442,1.934333329470159,0.6159420289855072
2118975.331214594,0.1620509769795555,-0.10065020349286509,1.2524730992896267,0.5072463768115942
3590319.194705853,0.2912983978514385,-0.083472141968,2.0730686449640308,0.6086956521739131
6181183.334282072,0.4395088028080043,-0.05162728959999999,2.081572911170801,0.5942028985507246
1986219.962382085,0.14711106370689264,-0.08640048215956057,1.1678817273210929,0.5072463768115942
4646427.185918346,0.35963966907206424,-0.05839266481651799,2.2617071236261777,0.6086956521739131
1784411.1637955697,0.12279116428471326,-0.14552886311056382,0.9553061886358812,0.4492753623188406
4712899.451636995,0.3635078256772897,-0.06436972140930192,1.9353676225412597,0.5942028985507246
1846179.57301719,0.13045892843622764,-0.16720288735493918,0.9707450481724063,0.4927536231884058
3177828.6848753905,0.26016117823363283,-0.05892518955888398,1.7971903082136302,0.5652173913043478
3090507.5963604543,0.2531583813190652,-0.07774619960190239,1.6790407877737035,0.5434782608695652
3773054.4299678574,0.3041832377913589,-0.06851665289581287,1.7248110780551429,0.572463768115942
1744302.5925585257,0.11769772063129524,-0.1208892339590169,0.973657749574227,0.5289855072463768
2348130.047045958,0.1861631535528181,-0.09855119120417581,1.402571301014525,0.5797101449275363
2393824.0264188224,0.19074411648287115,-0.07780402305568535,1.4750730113691612,0.6014492753623188
6025898.324084668,0.4322022771259464,-0.0462839495310739,2.172849988804632,0.6376811594202898
3674595.250035491,0.2973044322538996,-0.10987032139894588,1.503655029965341,0.5
3726734.664108808,0.3009652448798523,-0.06032414861823631,1.760513176022209,0.5507246376811594
3775698.2700145864,0.3043659590269119,-0.04509644550271444,1.8397461822282593,0.5434782608695652
3016556.3267207053,0.2471028962370485,-0.05874642861915709,1.6124472938206214,0.572463768115942
3485276.725308109,0.283652447548266,-0.05593504258897806,1.6293611759575621,0.5579710144927537
2351684.439219535,0.18652203815321977,-0.08899724938537315,1.3027206136500868,0.4927536231884058
9633390.449571764,0.5730981944668214,-0.059022432933710796,2.4282455528911107,0.6739130434782609
3603273.4182621306,0.2922288821443242,-0.07413070565302661,1.6374523162343866,0.5289855072463768
3411490.1670578625,0.27817060271104843,-0.04892652834191156,1.9055246634819707,0.5797101449275363
3327111.785435494,0.2717843561131845,-0.17768161497478815,1.5773512590412018,0.5434782608695652
4253876.699056164,0.33584779981437096,-0.1594089098792515,1.9134321899193674,0.5579710144927537
3650041.2274281406,0.2955660352913194,-0.07524885854480273,1.6558937827293079,0.6014492753623188
3884577.014273057,0.31180338493888526,-0.05990773088263368,1.9627736354206753,0.6304347826086957
9001312.81564124,0.551890844321633,-0.046519765878316195,2.4695576284295435,0.644927536231884
2518473.4367957395,0.20289432204303437,-0.08287994383968526,1.3541231285047899,0.4927536231884058
3433962.63131852,0.2798501184179789,-0.08994649861048196,1.6268744652958897,0.5362318840579711
3561773.503598156,0.28923848092225124,-0.06265372000490262,1.6729847564695177,0.5652173913043478
2310521.762401658,0.18233899307754342,-0.11837339128593653,1.2766836902352294,0.5434782608695652
3926003.0990037946,0.31458940462206253,-0.06782207086036435,1.7017454841009632,0.5507246376811594
5180552.766382263,0.3895533331551142,-0.07207193903806626,2.158540243837256,0.5942028985507246
3778243.0128442217,0.3045417348011612,-0.06958512823902148,2.017966469429322,0.572463768115942
2521885.244530955,0.20322006080036736,-0.06738337390528001,1.3197224455098464,0.5362318840579711
2868029.2189748734,0.23457282816644787,-0.07747246688876133,1.4101500777076545,0.5507246376811594
5273428.706214815,0.3945003120786097,-0.06327809487934113,1.938225716162865,0.572463768115942
3976617.3832881027,0.31796161349938523,-0.08191666867532676,1.7892491452834436,0.4927536231884058
5518537.094108754,0.40722905441384505,-0.07166899290111997,2.0189916211393526,0.644927536231884
3407288.270191093,0.2778555855907261,-0.08079082979233665,1.7087844092859785,0.5942028985507246
4306329.972687919,0.3391260576174526,-0.10195988426011389,1.8176682545774812,0.6086956521739131
5381639.914898053,0.4001769604074461,-0.0671119826891252,2.124217436197152,0.6304347826086957
1939210.8822528662,0.14162904100606544,-0.08928993237851812,1.121353190140641,0.5289855072463768
2942364.2823776985,0.2409071530298994,-0.06237543393453856,1.7268915673817948,0.6159420289855072
5401224.5769560505,0.40119457447033824,-0.06456580948996152,2.0630535616115924,0.6014492753623188
1736996.0322300128,0.1167597820447066,-0.0927753908900676,0.9887995770788962,0.47101449275362317
3313921.26506715,0.2707743411240353,-0.07068378248946385,1.6634241870909467,0.6014492753623188
5546466.78112438,0.4086505956719295,-0.06409940945194426,2.0305651161432183,0.5507246376811594
2788255.485966596,0.22762723033687382,-0.06355075812495252,1.4972407274765023,0.572463768115942
1938464.1348312679,0.14154110421756516,-0.22944318652553927,0.9770793525711055,0.4927536231884058
3411855.779585358,0.27819799807964074,-0.04583508753244368,1.775997462794243,0.5507246376811594
2620009.7689912035,0.21244091079583227,-0.06007246551643573,1.4989944922488472,0.5579710144927537
3267256.599779464,0.26717515351385224,-0.08574821628891605,1.5144779177977163,0.5072463768115942
2509962.0281192106,0.2020801626645954,-0.07326598587032293,1.6171604508271626,0.5072463768115942
3904969.088766883,0.31317776356914195,-0.15968117969166173,1.5791726799669823,0.5072463768115942
2192793.121961207,0.17003682874135695,-0.11840936286329524,1.1596704598278271,0.42028985507246375
3618017.846189142,0.29328470355298086,-0.07865319985191524,1.7666150403174279,0.5797101449275363
3785793.903308353,0.30506274875474504,-0.07574036074818453,1.7248244400499553,0.5434782608695652
2932768.391854969,0.24009670454992804,-0.06742456451809338,1.5850246690036003,0.6086956521739131
4109929.9535002373,0.32668214425464615,-0.08915822597337417,1.6361441509248462,0.5797101449275363
3343561.731861356,0.2730394706670236,-0.07764724394525345,1.821627815653655,0.5942028985507246
3766581.5464063818,0.3037354507087262,-0.07773758231024207,1.6093064184856631,0.463768115942029
2460518.737358312,0.197306486475592,-0.07204261844854826,1.446191464413294,0.5579710144927537
4832080.112517546,0.370335236408154,-0.06559271736981306,1.8893951095602446,0.572463768115942
2464457.481550583,0.1976895656338331,-0.1464789049828269,1.3785224795575974,0.572463768115942
4974468.0618927535,0.378317687581047,-0.045596710000606736,2.086218803322665,0.6231884057971014
3227333.8911167705,0.26406317555476244,-0.06346836941238873,1.6695284328579993,0.5362318840579711
5193010.104481016,0.3902209649934989,-0.06909793586008944,1.9858663144762174,0.572463768115942
3366919.153790434,0.27481315874146617,-0.07289700831845097,1.7009389868981815,0.5434782608695652
4005397.6620693486,0.31986383160068166,-0.037051659637891775,1.87069624815023,0.5869565217391305
5636765.490762855,0.4132076945951264,-0.05094452625439564,2.4124481158034516,0.6666666666666666
2708802.3775710166,0.22054968899762395,-0.09915013765158995,1.5446724429330865,0.5869565217391305
3219034.2848451105,0.2634123575331935,-0.06252491896716357,1.7419764596570968,0.5869565217391305
3320773.0791390683,0.2712993938734205,-0.08000246980747888,1.842802888496701,0.5797101449275363
2186785.5229179375,0.16939501462606765,-0.1122974717626102,0.9878177483699515,0.5072463768115942
2965087.887939376,0.24281794147053093,-0.10469186210507121,1.4235409185735055,0.5869565217391305
3089970.760405096,0.25311484237253024,-0.08614291709487107,1.6808895828012402,0.5942028985507246
2242633.4457459035,0.17530790978996302,-0.12381294796122025,1.15592948689535,0.5144927536231884
2633689.508014291,0.21370436743828125,-0.1488619470432444,1.334032270157373,0.5144927536231884
4163540.8472917695,0.3301253361367442,-0.11202393576512037,1.930395865875811,0.6159420289855072
3327137.3867826434,0.27178631332380365,-0.21899299376875575,1.534034692595905,0.5362318840579711
4402847.341587116,0.3450756958918515,-0.07001151656806394,1.979283744857286,0.6014492753623188
2795338.7663641535,0.2282503299947003,-0.08494925330436483,1.4851762645745614,0.5144927536231884
3437164.213611874,0.28008867769584045,-0.15002868419995938,1.7228662278927969,0.5942028985507246
2013293.55902679,0.15022134012210153,-0.11691855636948541,1.2293762808824233,0.5507246376811594
3790302.6536226575,0.30537345774088354,-0.09129176289169247,1.5582201107636022,0.5362318840579711
2981947.373212975,0.24422807010110215,-0.04831564566254535,1.5552196420530575,0.5869565217391305
3395618.14162865,0.2769790403374912,-0.1720847698991036,1.4768703205022509,0.5217391304347826
1776897.1383099174,0.12184396914210915,-0.1376388673192498,0.9505556430709582,0.5072463768115942
1597799.1049314803,0.0982581498159476,-0.056580868167010634,1.1388598960195284,0.5579710144927537
5657522.346489433,0.4142469656449612,-0.07967755402219484,2.085398147827544,0.5869565217391305
3602807.331727108,0.29219545022965354,-0.05500677490127231,1.9699870097860712,0.5942028985507246
3777055.857933617,0.3044597449554671,-0.06074301919744003,1.8495034917810023,0.5579710144927537
3481088.706561268,0.28334380368593304,-0.06681559218476153,1.9126568515192175,0.5869565217391305
3956374.1728504742,0.31661704024845494,-0.05355761070502989,1.954824288604655,0.6304347826086957
4425855.571665398,0.3464785754573143,-0.04986825306285437,1.812943961454714,0.5869565217391305
4096335.5204445887,0.3258033262846205,-0.13285830889373193,1.7418175801754376,0.6304347826086957
3317467.6716464604,0.27104620965823667,-0.1060776293063389,1.7677270275338255,0.5797101449275363
5170799.570061178,0.38902972864598095,-0.04814808442238067,2.07134670877532,0.5869565217391305
3439851.293946189,0.2802887627530055,-0.06486332704758008,1.6556251088878513,0.572463768115942
3978286.4007704216,0.31807222669458324,-0.10487543633713015,1.5975688262553451,0.5144927536231884
5573456.752876534,0.4100188776146354,-0.054825798942759914,1.9888133161725245,0.6304347826086957
5018405.82907197,0.38074397175361363,-0.07564719987502637,1.9810704101224004,0.572463768115942
4756568.475152643,0.36602532421898704,-0.05435371352678268,1.7796309143622109,0.5869565217391305
3014997.9235736616,0.24697401478365033,-0.07360837668669097,1.5763786564518085,0.5579710144927537
2471029.54644276,0.19832767042890942,-0.120224182918826,1.6421017217101208,0.5434782608695652
1963921.9030700233,0.14452383855080742,-0.07487330845536135,1.1124941724811437,0.4927536231884058
2732383.576805302,0.22266740141343244,-0.0937168684018325,1.5192260842770275,0.5362318840579711
6498491.457526941,0.45399365212670606,-0.0583671511025909,2.316627788172009,0.644927536231884
2527940.5224651857,0.20379731500998988,-0.08356315397513947,1.3056990289451447,0.5434782608695652
3466143.475580659,0.2822399598032588,-0.1128195682955142,1.7007995638293694,0.5507246376811594
2049953.2247264504,0.15437999056474316,-0.09846799675841882,1.145817878711268,0.5072463768115942
2250542.0726129147,0.17613568552918624,-0.07132442711092694,1.3359441700028163,0.5434782608695652
2160734.3347917907,0.1665954402462877,-0.05042722031491326,1.4577002067582732,0.5507246376811594
3274323.9984122273,0.2677228847953901,-0.07769184493762957,1.5917496906552175,0.5507246376811594
7121886.793613601,0.48087708594923706,-0.04900723435956029,2.3092478540110175,0.6376811594202898
3630390.2945966423,0.2941680190214917,-0.08476794235718868,2.0400434011269244,0.5579710144927537
2277928.385922401,0.17898427684175444,-0.1374766525351052,1.335483632219625,0.5289855072463768
4793563.50643359,0.36814364368127395,-0.05060557625660743,1.73436794299355,0.5652173913043478
1729554.2440910288,0.11580123425121047,-0.10927715039121129,0.8856473298892411,0.4855072463768116
3605553.010756384,0.29239234518222235,-0.06485751408201894,1.7036356404205693,0.572463768115942
2866407.60714149,0.23443318866574536,-0.07394299802917191,1.6966536900920615,0.5797101449275363
2109837.065688386,0.1610469543145625,-0.10474094931960966,1.2875600598899866,0.5652173913043478
4697171.8134153355,0.36259656324999767,-0.09253498395138596,1.764373543763514,0.5507246376811594
1551372.2099971985,0.09180028042491006,-0.1332780876182246,0.6654310864899142,0.41304347826086957
3890193.694437048,0.31218251102622596,-0.08659849438979801,1.6633420968705548,0.5072463768115942
6924069.193748737,0.4725575605215846,-0.07423481720962621,2.114066841795016,0.5797101449275363
2168436.6915037557,0.16742596801065002,-0.07498445954947981,1.2100046097894548,0.5072463768115942
3224492.3835313846,0.2638405081228641,-0.0471220793842878,1.6917787345459718,0.5362318840579711
3407934.3647378813,0.2779040436515279,-0.052779400037155776,1.637850249955056,0.5652173913043478
4421056.351832872,0.34618643526985693,-0.0694698792319041,1.8010122045192063,0.5652173913043478
4336273.925814971,0.34098321491989414,-0.05476187614312012,1.8605473774565404,0.6159420289855072
2658372.1952984924,0.21597083120867078,-0.1251584849163259,1.4622380235284607,0.5579710144927537
2867126.3131733797,0.2344950853485388,-0.059660464100472495,1.6412317312629123,0.5652173913043478
2338875.2669845843,0.18522666139680544,-0.09758782333487707,1.2685766580111726,0.5
4284117.673397062,0.3377417405630512,-0.05983507807999085,1.9221454372086126,0.6014492753623188
2171961.781432064,0.16780528350224988,-0.146407855122449,1.2139580520513227,0.5144927536231884
2042184.8182451902,0.15350374448248694,-0.05712138607376017,1.135475894363761,0.5289855072463768
4237218.477874967,0.3347999186104349,-0.10976543762112763,1.9255605891893026,0.5434782608695652
1818491.476256606,0.1270475881079529,-0.142559289713912,1.1436273933034806,0.5434782608695652
4286997.982326092,0.3379215709962273,-0.14000736530066518,1.719141634726205,0.5144927536231884
2386166.0079817856,0.1899812841817492,-0.17555079578818333,1.1487297589243157,0.5144927536231884
3805504.2665219735,0.3064188636377916,-0.07236735270927865,1.845527202814496,0.6231884057971014
4604077.74882135,0.35715212108434935,-0.0641861493994244,1.8029708224255336,0.5507246376811594
4747147.867986814,0.36548379958615596,-0.06331388272786471,1.982603446909016,0.6159420289855072
1726855.1669008841,0.11545276118430459,-0.08351186653653665,0.934235047249928,0.4927536231884058
2782165.5719398744,0.22709050158659005,-0.11052871196666268,1.529893153475217,0.5144927536231884
2769671.971313176,0.2259864414242052,-0.10351308650161345,1.517704854150855,0.5797101449275363
2982755.8133181175,0.24429552768374974,-0.0908028279150441,1.4734962007889805,0.5289855072463768
2669009.0920919077,0.21694236593476046,-0.0781949339535038,1.2723504434152462,0.5579710144927537
1351107.8221652869,0.06203297579194489,-0.10982386848686715,0.5713288802801892,0.427536231884058
2221931.73350025,0.17313000361288822,-0.07457202298251646,1.2443154003488328,0.5072463768115942
2404828.779479145,0.19183691319332485,-0.075142469451986,1.1806766081394688,0.463768115942029
6525202.804200998,0.4551869884515378,-0.061091091849530765,2.018681421296151,0.5289855072463768
2412419.6545145093,0.19258837490524927,-0.12117609929846157,1.2639183183018246,0.5942028985507246
3327040.785660141,0.2717789281516265,-0.07581508825397872,1.4544713726730538,0.5217391304347826
2753243.209647251,0.22452855045768838,-0.07076730890025511,1.5901048274018021,0.5579710144927537
8533961.617676845,0.5354304073996252,-0.08333749407180699,2.3031342740923857,0.6159420289855072
3310635.275864824,0.27052222843714446,-0.07949485008144878,1.6779978007045937,0.5507246376811594
4945951.668515834,0.37673379613791425,-0.06909639066091731,1.8325194695404872,0.5797101449275363
4093662.611456095,0.32563026053310207,-0.15824463007217887,1.625663739955031,0.5072463768115942
2348083.624964737,0.18615846347206433,-0.14825000839199112,1.101394989262177,0.4855072463768116
3485769.7644703602,0.28368876346622107,-0.06893507603154321,1.687897234057939,0.5869565217391305
2804658.171482843,0.22906821498914254,-0.10510157573549576,1.3773020379079373,0.4855072463768116
5806691.005366389,0.4216272622748374,-0.11374950019115627,2.2349071122928383,0.6739130434782609
3959153.1055760845,0.3168019450369719,-0.06978500075060633,1.5359542419297123,0.5579710144927537
3456757.7343416475,0.2815447878325026,-0.10095935466507384,1.5882657330275503,0.5579710144927537
3830045.5639858027,0.3080995254642087,-0.05915072768255433,1.8956309268475842,0.5579710144927537
4970158.874390495,0.37807880823201145,-0.06541104801471727,2.085433766840597,0.6594202898550725
2788883.6258023665,0.227682537470143,-0.09254213871066103,1.568717903646608,0.5869565217391305
3497209.623716677,0.28453024065010557,-0.07723624727234991,1.6363544214092391,0.5289855072463768
1980806.7261217942,0.14648511453279767,-0.09291848902381313,1.0744273078422366,0.5
7256448.038767595,0.4864312185534736,-0.07233023475252635,2.150933989676069,0.5869565217391305
2603551.704872701,0.21091383564998822,-0.07570873672038898,1.5648296351670576,0.5579710144927537
3864549.9423299097,0.31044797731102225,-0.08957112495287982,1.8035781211262576,0.5797101449275363
3571321.795613157,0.28992897101313564,-0.08209432012427942,1.7802862720402233,0.5869565217391305
3409836.438008138,0.2780466593473032,-0.06894422222726382,1.5492798237452796,0.5652173913043478
3299177.0452394336,0.26964154351296576,-0.07671376664094443,1.7690498514685657,0.6014492753623188
4972364.921686956,0.3782011209185385,-0.07565220965800828,1.7343054954716233,0.5797101449275363
8576134.989081599,0.5369449830717512,-0.0601984746725433,2.4717875693183546,0.6594202898550725
4221894.637721759,0.3338330619764991,-0.09341105662553956,1.8239605393039895,0.5144927536231884
1998003.4588657233,0.1484689210121941,-0.17839938451738951,1.0569456700749358,0.4927536231884058
3455641.2467181883,0.28146199268769045,-0.08242176192955418,1.5984778321744553,0.5869565217391305
3823953.9646612518,0.3076831600539318,-0.09660494780987697,1.8124070132475867,0.5579710144927537
2105303.017105974,0.16054750586152378,-0.0634516875189018,1.2383883529843605,0.4855072463768116
2833925.1940927194,0.23162267635527845,-0.07589673143616461,1.4709688875639664,0.5362318840579711
2343018.282724771,0.18564625941568047,-0.15792724928344823,1.2549749551976823,0.4927536231884058
2562706.225776931,0.2070903132915778,-0.15830293128926068,1.3710768393126624,0.4927536231884058
2714326.6222427073,0.22104711336665317,-0.0863121733467786,1.57727600811465,0.5072463768115942
6712280.794643815,0.4634369734645638,-0.052305460226683566,2.002940891572054,0.6304347826086957
2921043.20356335,0.2391035353482256,-0.06634113654759552,1.811835504899776,0.572463768115942
4057967.0111338235,0.3233103292027417,-0.03995415732635189,2.0739307999467393,0.6014492753623188
2730585.4828180973,0.22250643939862802,-0.12289936999956841,1.3788584424346568,0.5144927536231884
3436243.593652487,0.2800200978205716,-0.09068994465981137,1.4935193887213258,0.5289855072463768
2956423.5608956628,0.2420907596826758,-0.1561304691621457,1.3914994319820815,0.5217391304347826
4597678.711269523,0.35677466006050484,-0.06878837967299377,2.089338609547229,0.5942028985507246
2797103.1899498827,0.22840534568867166,-0.15737322265288578,1.502634021932791,0.572463768115942
1801253.3947406171,0.12490270851606766,-0.06949469544674071,1.0470743993533702,0.5144927536231884
2595560.373241121,0.21016956644746565,-0.06568722732477564,1.5833378016997164,0.572463768115942
2833975.643662369,0.23162706139632872,-0.09815732802806673,1.4779145608747775,0.5072463768115942
3660711.9241385167,0.29632265438092387,-0.08177888307531486,1.7269515258953458,0.5869565217391305
2434043.5943158744,0.1947187248626301,-0.08497411023843154,1.2857245795250722,0.463768115942029
2580426.6640679236,0.20875505742147715,-0.10879511783100683,1.337152382653397,0.5507246376811594
4562155.066986567,0.3546715451698488,-0.06595650145538617,2.029491752978757,0.5434782608695652
3945920.7602828927,0.315920558599442,-0.0692188167955283,1.680457127744572,0.5217391304347826
3522071.3473121724,0.2863514188041141,-0.10895976014996614,1.8404429823135213,0.5797101449275363
4116214.9182339367,0.32708765261756145,-0.04905477224523042,1.7643330069143,0.5869565217391305
2867203.9454121683,0.23450177047983933,-0.06178422318793112,1.499674442422465,0.5362318840579711
2859132.220033808,0.233805914914333,-0.03303673925700842,1.854432319813466,0.572463768115942
3920277.5543182753,0.3142057505734799,-0.08591148770835262,1.6531979975489537,0.5362318840579711
7257966.581127339,0.48649342584379673,-0.06917608079027086,2.2178950395390125,0.5869565217391305
2470699.468247195,0.1982956543834613,-0.06599788344448218,1.5261596031532485,0.5434782608695652
2444045.970432516,0.19569902213814472,-0.06930504730356304,1.3077065229678497,0.5
2758265.089979724,0.22497492977714173,-0.058898796800000076,1.5654114677168154,0.5434782608695652
2564064.868100138,0.2072182761689747,-0.10104796778934763,1.228611772829664,0.5
2014472.2883288711,0.1503559933314358,-0.0566652694282607,1.2871164915235163,0.5507246376811594
1982369.3512276423,0.1466659460440447,-0.08235113888169748,1.0858332774153194,0.47101449275362317
2921104.2197602084,0.2391087119066171,-0.07856340045584027,1.5497448351934355,0.5
3641873.562208336,0.29498570026503845,-0.05806727551789058,1.8137877604163506,0.5507246376811594
4313175.081036365,0.3395515076114055,-0.11562804769141921,1.6292124962166672,0.5289855072463768
3428694.151827557,0.2794571609706933,-0.05065509260746223,1.735816956314014,0.6014492753623188
2228538.3876063894,0.17382680832658504,-0.12056802356980856,1.1143373540227757,0.4927536231884058
3632704.0536228856,0.29433293957366247,-0.0863439323453393,1.6224768232339437,0.5579710144927537
3162630.9135444583,0.2589535370778695,-0.09618976531480236,1.6477832488456874,0.572463768115942
3654604.760169458,0.29588983456117846,-0.05604303326820441,1.6638359278378354,0.5507246376811594
2495708.46534333,0.2007117771642699,-0.07324509578124086,1.3592892038482653,0.572463768115942
2759751.216441641,0.2251069022588008,-0.04158086352835083,1.4804583696816145,0.5797101449275363
2606443.170284903,0.21118268078939395,-0.0899936344868592,1.4145140330611843,0.5797101449275363
2483253.3246362377,0.19951091752659678,-0.09501523313426669,1.3847082651624296,0.5652173913043478
5326852.918598293,0.3973144206245749,-0.06835526616218503,2.2817842933966177,0.6086956521739131
2420031.7554871636,0.19334004071181377,-0.054620624945128746,1.5961349381111443,0.5507246376811594
2159157.424161317,0.1664251135217074,-0.07205424202947333,1.3498287177160764,0.5434782608695652
3900122.7991124606,0.3128516559214478,-0.10506997886315116,1.8243095677132848,0.5507246376811594
2415148.800385023,0.19285808550939265,-0.12281525004455143,1.2344892039483228,0.5144927536231884
2472997.6732694507,0.19851849856452541,-0.04953005124053221,1.5862982635578513,0.6159420289855072
3100393.5847057686,0.25395908394834543,-0.09689466777260798,1.8920942087299144,0.5942028985507246
2385184.6069648983,0.18988338311244446,-0.09685023598053456,1.3843428422560895,0.5072463768115942
2586378.205660282,0.20931212252719478,-0.1002721250956078,1.5382896192191753,0.5507246376811594
2707147.205703372,0.2204004929192609,-0.06312329596872954,1.4000241821031636,0.4782608695652174
2767378.1093723266,0.2257832999851912,-0.09164847932954824,1.3970332672213865,0.5217391304347826
4189215.592218448,0.3317617654876126,-0.06287456100663474,1.8055625902057908,0.5362318840579711
3555985.361360377,0.28881918693043285,-0.05923322879999994,1.6934868927853364,0.5579710144927537
5642389.837251614,0.41348960092253284,-0.08050415427902363,1.981544897682995,0.5942028985507246
2764367.2134483824,0.22551645439820844,-0.07784978588102011,1.542155350345373,0.644927536231884
5725204.017419155,0.41761465258562636,-0.060909890505194235,2.24939130385418,0.644927536231884
4014193.6954679904,0.32044301912150885,-0.050539972426687334,1.790240833486322,0.5579710144927537
1366847.049343015,0.06449587760394193,-0.13512600784671078,0.5680033964297527,0.5217391304347826
3542867.9152272954,0.28786693233423843,-0.07820309775924528,1.7982055130413168,0.5942028985507246
2582930.456505899,0.20898953785537921,-0.05696021028214165,1.7446514318474877,0.5869565217391305
3566031.287106686,0.2895465676341611,-0.07139400364563087,1.8682945440738015,0.5869565217391305
2890913.3127536164,0.23653670913283587,-0.07048009814551806,1.5524359993994736,0.5362318840579711
3520268.4804313723,0.2862197011227372,-0.1488770543780608,1.748796510022125,0.6159420289855072
3170372.1398196756,0.25956924699963935,-0.08166295983948674,1.6130324056886962,0.5144927536231884
2613039.908871881,0.2117951460183558,-0.06486473408429327,1.4461848150775076,0.5507246376811594
2955658.938398972,0.24202650442389184,-0.06424136086965362,1.632428088028134,0.6376811594202898
2256016.6752952756,0.17670733620640644,-0.13391730306693136,1.1987666020867997,0.5144927536231884
3274346.2487122566,0.2677246077243296,-0.09110195773743154,1.5259589018291961,0.5362318840579711
2504062.7980161444,0.20151457453123522,-0.07727142706687552,1.2773754028152011,0.5362318840579711
2093474.7201960196,0.15924049640982862,-0.13678357940751038,1.2259580335357592,0.5434782608695652
3131206.894361217,0.25644173228860345,-0.10072131771433776,1.631493386288587,0.6159420289855072
2719484.0460200957,0.2215107772866336,-0.14258781225798964,1.5149914231007147,0.5434782608695652
2152393.3450555266,0.1656933746552791,-0.053643294457661125,1.322364242694288,0.5507246376811594
2077608.8552364332,0.15747803287463835,-0.09780581724909722,1.1995045998538036,0.4927536231884058
4174064.809570467,0.33079707482310106,-0.125422126342602,1.6515581605701102,0.5072463768115942
2397425.3326283814,0.19110217588453793,-0.13920164641610935,1.0924910134156178,0.4855072463768116
4760338.644255788,0.36624180441571474,-0.06145909915137922,2.0094934323450415,0.572463768115942
5978290.635668183,0.4299320648486342,-0.08750119778761556,2.168127338922575,0.6086956521739131
6460488.420022191,0.4522890754317923,-0.044877647936396606,2.1280929277924345,0.5507246376811594
3108211.47931228,0.25459083902574164,-0.05741780010188111,1.5710096264119324,0.5434782608695652
4060131.3137991074,0.3234514556953372,-0.05500025411251084,1.7493432224426853,0.5797101449275363
3399565.4064644664,0.27727578938888664,-0.10590338680700172,1.5557164120857054,0.5434782608695652
3992148.255178655,0.31898948158530605,-0.09274240891432199,1.6407120698525102,0.5579710144927537
2631239.0394246504,0.21347842949576545,-0.07458298502337617,1.510566489835403,0.4927536231884058
4295443.51032673,0.3384483060461574,-0.06627870522016849,1.845557244297067,0.5652173913043478
4041680.725345941,0.3222464224632886,-0.09085953609448391,1.8020004977272503,0.5942028985507246
2975106.061988686,0.24365663320149822,-0.07659586442883974,1.4096857841086206,0.5434782608695652
2305372.1223868406,0.18181148836997862,-0.16525452350037498,1.3481328055754271,0.5072463768115942
2123800.8454798427,0.16257976016112008,-0.13333088075506103,1.2808103861655138,0.5507246376811594
3037615.464503903,0.2488393053133202,-0.11405457100511658,1.5519495849186082,0.5362318840579711
2732366.4186626794,0.222665865849061,-0.10075986981118025,1.4483400748194106,0.5144927536231884
4394161.954548819,0.3445445972029213,-0.10113476996041729,1.6477264036819828,0.5652173913043478
6043543.971001151,0.4330400803701464,-0.04913207586826184,2.108533353085048,0.6159420289855072
4561231.819141437,0.3546167114861696,-0.049869132799999924,2.10781243646902,0.6376811594202898
3118684.841506948,0.2554351901812997,-0.13254144841521334,1.3818041986075322,0.4927536231884058
5801785.593850845,0.42138698689478327,-0.06885148100826965,2.230462499538409,0.6231884057971014
2460740.51866072,0.19732806977951478,-0.06611867238077478,1.4751965610362197,0.5579710144927537
5266368.884805054,0.3941267335240517,-0.11089186143878739,2.168829674360621,0.6159420289855072
1901718.5883039448,0.13718009770193484,-0.14330815587856244,1.0006161585733035,0.4420289855072464
3236826.248123984,0.26480588439825814,-0.1070566096468103,1.4317307282516492,0.5144927536231884
4156449.5704759676,0.32967193746250323,-0.09592026774186282,1.872716182290182,0.5869565217391305
3646893.5387043674,0.2953425065262034,-0.06128125652051632,1.5165367220592265,0.5072463768115942
8638168.672516432,0.5391620119364027,-0.06255309154761061,2.1987902633209475,0.6086956521739131
2942076.160025466,0.2408828496426576,-0.17771497543556025,1.4662955598282974,0.5144927536231884
2617397.889979023,0.2121990786828114,-0.11671933340318041,1.2908379482235777,0.5144927536231884
3375219.8145095687,0.2754411139299391,-0.06612002754384692,1.5265274252549814,0.5289855072463768
3395542.6549570817,0.2769733626817257,-0.08834770633266982,1.5616926040932297,0.572463768115942
2239705.1615293403,0.17500082130315886,-0.1596579153898403,1.206084239603108,0.5217391304347826
3369033.4955756934,0.2749732287524407,-0.06662563094507165,1.8997349800951844,0.572463768115942
8262747.800929603,0.5255445665745715,-0.059190538172992024,2.4656342706271466,0.644927536231884
1913491.1636551195,0.1385845653118496,-0.13386094408830415,0.8762175523123558,0.5
3038617.7511865506,0.2489217074375456,-0.06252891552863427,1.680056372598826,0.572463768115942
4095341.109019766,0.3257389506002464,-0.09049640380212803,1.8421868620258306,0.5289855072463768
2218338.51073985,0.17275032976828752,-0.11365986202730971,1.3683622732801624,0.5217391304347826
3592456.7703500264,0.2914521218375181,-0.040660895745515346,1.9245812975921295,0.5942028985507246
2321626.3066523112,0.18347329686854352,-0.11020006757776028,1.2052912134725104,0.5507246376811594
5138320.600053563,0.3872803654181549,-0.055607967803492184,2.0026190929230165,0.5869565217391305
2950608.2429098487,0.24160173349876302,-0.09495762993902546,1.34499548688026,0.4855072463768116
3720842.764443812,0.3005536240173905,-0.14052967193306834,1.4568552324164252,0.5289855072463768
4272574.335849148,0.3370200668987051,-0.08095721085477924,1.9304446505927215,0.5507246376811594
3924974.1119871642,0.31452048785191233,-0.07423049095109625,2.088868847869188,0.6231884057971014
2385538.4264999223,0.18991868260293754,-0.09241205749565445,1.2618453928227351,0.5
6535526.505192445,0.45564715551624424,-0.05723166362266151,2.281236598889154,0.6159420289855072
2146365.0515146577,0.16503968116653134,-0.13954907193849897,1.1239324492364906,0.4927536231884058
2778522.160179921,0.22676894346219068,-0.06971826926416864,1.461752534988669,0.4855072463768116
3403291.461930151,0.2775556554735934,-0.07764521489475579,1.6980499637676203,0.5362318840579711
2315052.0226346385,0.1828022743574902,-0.09664085270870183,1.2344501599695101,0.5217391304347826
2612986.91921845,0.2117902311966977,-0.09925897794470707,1.248346443758136,0.5507246376811594
2968243.3542567138,0.2430823519689158,-0.07696269403133425,1.3378879864438877,0.5
5480509.937798892,0.40528429876937944,-0.06566686167174914,2.237275231249949,0.6231884057971014
4227876.981271794,0.3342108510712649,-0.14282275202180392,1.8218102904172568,0.5434782608695652
2730495.535495191,0.22249838525558374,-0.08076410820865437,1.5014418364217934,0.5144927536231884
3269507.740457841,0.267349722213829,-0.08129644307609762,1.4320885901272806,0.5289855072463768
2875479.2704579383,0.23521355310428982,-0.08482970321430092,1.5705518097011262,0.6086956521739131
5073163.711674573,0.3837440786796462,-0.0670373241106745,2.0313250960091827,0.6159420289855072
3995743.717811679,0.3192269812750139,-0.08401046900699519,1.7959275884948398,0.6086956521739131
3584345.950559956,0.29086844283406443,-0.09467495427860263,1.752117525681627,0.5652173913043478
2226819.8680976024,0.1736457150322519,-0.1904685444771936,1.1829375298932228,0.45652173913043476
2366310.3678461686,0.18799425735158382,-0.08469330204811458,1.527850777938324,0.5362318840579711
4380641.403766311,0.3437161616873421,-0.10237039731518344,1.8042321919994349,0.5869565217391305
4651833.56348632,0.3599559252537743,-0.04046356041387995,1.8815354740048382,0.5797101449275363
3298841.2766111568,0.26961569930095,-0.09510807999789626,1.6326592488374274,0.5434782608695652
3326352.532972168,0.27172630615149695,-0.07504960490250503,1.732443298065594,0.6014492753623188
4730076.833891063,0.36450031124036464,-0.05129728440530579,1.9909069765375167,0.5942028985507246
3098580.968334573,0.2538124265365236,-0.12386511488381835,1.3794747386774446,0.5144927536231884
2072265.7116661263,0.15688206474906718,-0.14384872848058172,1.0330889858331798,0.5217391304347826
3771795.8019953705,0.30409621542754284,-0.055708034738506,1.687969859468406,0.5579710144927537
4513248.602831315,0.3517545848367334,-0.0894991929474629,1.7549108914859488,0.5289855072463768
3827725.489953734,0.30794100915843936,-0.05738467261685481,1.7087260372686859,0.5797101449275363
1805857.556977746,0.12547719151342496,-0.09941716014616699,0.9412942571039004,0.4927536231884058
3688345.885833578,0.2982739060440722,-0.112432385283662,1.602166890863644,0.5434782608695652
5064352.947655788,0.38326310382089956,-0.051197381134075785,2.2797269005147194,0.6014492753623188
3177412.309012019,0.2601281539109024,-0.1144826017133696,1.8338775277383386,0.572463768115942
2688360.306693673,0.2187019187496424,-0.07292604836694107,1.4657936028464842,0.5797101449275363
4807335.070486662,0.3689288575606735,-0.06067739693924025,1.9819074592436965,0.5652173913043478
2777445.2928558565,0.22667383734732538,-0.09684059808222086,1.439223136246675,0.5217391304347826
2677456.275537987,0.2177116961184975,-0.07841088581605864,1.5684839737368528,0.5869565217391305
2976346.3541606157,0.24376030953425043,-0.08802688604751585,1.686920116014602,0.5797101449275363
2232771.6753711104,0.1742724255323269,-0.09699474697134021,1.2885164338694277,0.4782608695652174
4545993.777188383,0.35371040607460436,-0.03895110730160075,1.8841926189528038,0.5869565217391305
3635338.2629725114,0.2945205989786486,-0.06133972992085058,1.5026340831512388,0.5362318840579711
2914489.090359386,0.23854698599732416,-0.07214017485092239,1.5683299096431684,0.5797101449275363
3071769.964115576,0.25163511211440825,-0.11608270065644764,1.485432559151174,0.5217391304347826
1999708.8619070519,0.14866491006471483,-0.099100589858386,1.1363807229972338,0.4927536231884058
9006336.3673935,0.5520640249311861,-0.07323550362863618,2.3373573559173564,0.6231884057971014
3068798.085242112,0.2513928317141678,-0.08004250229093861,1.7329880522670758,0.5942028985507246
2736753.386491334,0.22305822569849698,-0.1002850808470581,1.463688149580267,0.5507246376811594
4037482.821716267,0.32197163724611033,-0.055970026988799805,1.7562422476587547,0.6159420289855072
3351884.5663819127,0.27367261363570927,-0.08561719026228758,1.7497010725993707,0.572463768115942
3831719.1439592876,0.3082138231451832,-0.09552593552900769,1.763258181217324,0.5362318840579711
1847455.4909976427,0.1306151401420077,-0.10156631609599079,0.9414393885249824,0.463768115942029
2282989.759539386,0.17950773345993043,-0.09498342675086699,1.4999896861644004,0.5072463768115942
5055285.966785697,0.38276744280557984,-0.062369321529488375,1.9849166197340586,0.5942028985507246
2860808.303720148,0.23395053762250373,-0.06902065608743985,1.3454696033930125,0.5434782608695652
1568535.4111465742,0.0942054297831596,-0.15756379753873856,0.7423826501876687,0.45652173913043476
3244655.032928718,0.2654171206204501,-0.08929394217906937,1.4240444189105042,0.5434782608695652
1964940.1241268222,0.1446424926239147,-0.16047934146710777,0.9878466089724878,0.45652173913043476
2818369.3124525417,0.2302675818446802,-0.10399421865753211,1.314451314907102,0.5362318840579711
3275250.27365381,0.2677946020395996,-0.06558509883366415,1.8138696326555745,0.5797101449275363
2789576.926338464,0.22774357037445125,-0.09460662044854516,1.754624901724196,0.572463768115942
2452728.2670977246,0.19654734442290378,-0.08383907218388627,1.4184643504367795,0.5217391304347826
4660139.071347585,0.36044119913375905,-0.06891794339675911,1.858914797911513,0.5507246376811594
2594481.449104733,0.21006894090852413,-0.11945782812353187,1.2552731972692734,0.5072463768115942
3978095.737301963,0.3180595924588887,-0.10792412834604233,1.795550284941229,0.6086956521739131
1459416.807171745,0.07853903691516817,-0.12881885899787054,0.6888785332976823,0.43478260869565216
3700827.3336633877,0.29915139685521686,-0.0889207974556381,1.714925627698848,0.5072463768115942
3279205.8213741896,0.2681006794874785,-0.07248558459932287,1.7729135227207717,0.5797101449275363
1981608.3968561406,0.14657790044634522,-0.053870889584888684,1.2763951507573774,0.6014492753623188
9564952.986505235,0.5708566971996367,-0.04705034879999997,2.472088917013108,0.6231884057971014
3387315.590967612,0.27635396606609963,-0.04505356858802689,1.7240832567763613,0.572463768115942
2650101.488342163,0.2152132640424318,-0.1715945136626737,1.3087759156996503,0.5144927536231884
2850525.7894911068,0.2330622295747029,-0.09094081150543985,1.4540496303422485,0.5362318840579711
5141293.250581506,0.38744084375533583,-0.06316997120000001,1.9677411890419452,0.5652173913043478
4546696.226438417,0.3537522386919527,-0.06535451337897208,2.050269696900734,0.5797101449275363
1712396.2888167845,0.11357854671498235,-0.13514793956617988,0.9010109383716549,0.5
1838729.9163549535,0.12954513251381505,-0.09035386651471473,1.3363062404703865,0.5144927536231884
4658956.195732567,0.3603721283996908,-0.09841006255007934,1.7231286619001422,0.5797101449275363
1969368.909978858,0.1451580108558581,-0.08308199790052859,1.2224181676841621,0.5289855072463768
3010023.5608725897,0.24656227329383884,-0.12912195192132211,1.329104823394531,0.5434782608695652
3208733.236345634,0.26260272572301013,-0.08884356353110133,1.5837610058851788,0.5434782608695652
3533920.9833387593,0.2872158149401378,-0.06815567854207012,1.6402378608701491,0.5579710144927537
2288763.9943789197,0.18010378297241592,-0.11060078701491251,1.3270279438635828,0.5507246376811594
3078366.5303940633,0.2521722233519281,-0.08204993801082694,1.602384506360683,0.5797101449275363
5508445.855611403,0.4067140236305744,-0.0670676730959643,2.1657930434520423,0.6231884057971014
4123249.2336565517,0.3275409223627148,-0.06828272881716581,2.1209329634092304,0.6014492753623188
5486847.1796667315,0.40560914117773916,-0.05560609813826193,2.057435133837922,0.5797101449275363
4161343.1154814176,0.3299848847140474,-0.09166386803162141,1.647529516205575,0.5579710144927537
5995418.911697751,0.4307505011488413,-0.04350896907238749,1.9728545398658717,0.5942028985507246
3337424.593527419,0.2725717920363169,-0.0771926258313337,1.7661358255170958,0.6231884057971014
3205973.9473969634,0.2623855007641205,-0.09211816050392227,1.5264207602250457,0.5507246376811594
3426283.883245242,0.2792772264087786,-0.08481604436774542,1.7312384340590292,0.5869565217391305
2747533.319328063,0.2240202240535698,-0.07027378385093683,1.4119696875241141,0.5362318840579711
2757983.5004381267,0.22494991737228287,-0.06583562706913963,1.6302279044538117,0.5652173913043478
4827306.119453431,0.3700643568851758,-0.0701498332984072,1.920674600636065,0.5869565217391305
5489732.57622187,0.405756945072582,-0.09151225173022724,1.963167017906995,0.572463768115942
3755454.747727619,0.30296427008199855,-0.05506876495837914,1.8124722502229644,0.6086956521739131
5220412.889892698,0.39168507805792285,-0.082296378228143,1.983877483726361,0.5869565217391305
2337174.8295064974,0.18505427168242705,-0.11470322796144632,1.356841538705854,0.5652173913043478
4321168.94549219,0.3400476740477587,-0.06753028634913494,1.6790191072303462,0.5797101449275363
2679193.9718187735,0.21786971654952936,-0.14807669983181806,1.2256744364793772,0.47101449275362317
3270433.0030210493,0.2674214454594901,-0.07561020115224332,1.5881079613043223,0.5507246376811594
4332247.947363138,0.34073411738984305,-0.11541961600566455,1.9512519555402006,0.6159420289855072
3164192.481515615,0.2590778357020993,-0.08109040093157117,1.6781934403675431,0.5797101449275363
3043722.376290496,0.24934104267225887,-0.08063571953325384,1.713836508537631,0.5507246376811594
4438324.437768236,0.3472364028618822,-0.0716683761062713,2.1564788265879686,0.6086956521739131
2311283.4886321966,0.18241694082919002,-0.05923322880000006,1.628759410436368,0.5434782608695652
2932603.6098673483,0.24008276889833513,-0.10263689437181621,1.482531631894176,0.5507246376811594
2652960.4840817405,0.21547535145828478,-0.08021745582813478,1.7199968530323053,0.6304347826086957
3122304.319759573,0.2557264611875252,-0.09428604335469734,1.7144951497104877,0.572463768115942
4266599.012608915,0.33664588499255776,-0.08468566322133617,1.8042537955875078,0.6086956521739131
3155509.415932045,0.2583860525260724,-0.07162031860811781,1.6454053313907528,0.6014492753623188
2662873.919831547,0.21638238092461948,-0.11368397318683984,1.630626792410559,0.5797101449275363
3060769.3866172805,0.25073735772412453,-0.062076172072127865,1.8809452965019513,0.5942028985507246
2270780.5717322556,0.17824344953174465,-0.11312004063747393,1.1503191979707525,0.5217391304347826
2407664.370172255,0.19211784536161858,-0.07435975733738867,1.1490305234946216,0.4927536231884058
2567034.1445477437,0.2074977469086987,-0.08423766536924801,1.5005045649971147,0.5507246376811594
3200252.7461940837,0.2619346223390666,-0.06752547551341946,1.6334745400824453,0.6014492753623188
1862232.0491310616,0.132417987955731,-0.09808737916760393,1.1561848647829216,0.5072463768115942
3378483.93672513,0.2756877103812896,-0.12381294752824108,1.8740545388269745,0.5652173913043478
1802837.33782739,0.1251004769672852,-0.1440756484746276,1.034946088467912,0.5
3713883.318626691,0.30006674981502757,-0.12193698650035209,1.514760475338064,0.5507246376811594
4042294.637991421,0.3222865886485362,-0.13301743095634086,1.6931794859434064,0.5579710144927537
3309205.7681297213,0.2704124890683852,-0.11370236638170231,1.5644289977999044,0.5362318840579711
3122977.5989563325,0.25578061232092164,-0.07138379034680148,1.4861206340484696,0.5362318840579711
4023571.8247251124,0.3210594183439235,-0.09451569021238629,1.9692729993111495,0.6014492753623188
5205384.741252598,0.3908828972672156,-0.07137470491337064,1.993005545923962,0.572463768115942
3588841.768496141,0.29119210578673416,-0.07208779886016928,1.7484226925492534,0.6014492753623188
2022908.1556426021,0.15131783690435374,-0.09954999033591395,1.1086160330917454,0.5217391304347826
2578665.2042622194,0.20858998742851975,-0.0832119795536035,1.535985520869422,0.5362318840579711
3931076.3981598644,0.31492897952858634,-0.061031888902931326,1.8405012086934491,0.6014492753623188
4439209.777656628,0.34729014688098747,-0.07616765570514272,1.8165105596831415,0.5362318840579711
3698057.428346446,0.2989568671538172,-0.10647772813072238,1.7915385316314905,0.6159420289855072
2331724.359544263,0.18450102796933732,-0.08229741801342877,1.2609018010649689,0.5
4382079.328693307,0.34380436380873136,-0.054947478772130555,1.9188347622686985,0.5869565217391305
4256717.882127933,0.33602619589151517,-0.05366420102169132,1.9973350670268541,0.5942028985507246
3045234.734448151,0.24946517197614448,-0.06453563019213586,1.521223817564512,0.5362318840579711
3408984.58195225,0.2779827958384964,-0.1274156560126724,1.5637845169892237,0.5797101449275363
2909443.2194897127,0.23811782806154436,-0.09263542231276449,1.5949522976386705,0.572463768115942
1704731.825542974,0.11257991063022477,-0.1378023435939444,0.8935473853697132,0.572463768115942
7501065.672547342,0.49632038844896487,-0.06035712113073167,2.2243719967953766,0.644927536231884
3661801.3117663194,0.29639979947284956,-0.05410482988902382,1.6243910504489936,0.572463768115942
2218077.7340500266,0.17272275594859665,-0.11819748510245717,1.0931695656476894,0.463768115942029
1695993.6499630436,0.11143698443281091,-0.11010332844356907,0.8690985847626495,0.4782608695652174
6319644.437596906,0.4459009026590224,-0.06316997120000002,2.0547640450501117,0.6159420289855072
2222559.7918039607,0.1731963162486274,-0.0827672316423196,1.2028749055909673,0.5507246376811594
1789880.2354177597,0.12347857434254705,-0.1321679521619887,0.9022940395802179,0.5144927536231884
1522217.7231214452,0.08766550398739992,-0.07446744704036691,0.9133413541338108,0.463768115942029
2477545.8182615023,0.1989590190176398,-0.06907732851020365,1.4862405479187164,0.5869565217391305
3703636.002837822,0.29934853003418693,-0.09413555307290075,1.7834408148166623,0.6014492753623188
2854135.5855380166,0.2333743720017396,-0.07270107417221822,1.5269345433070538,0.5869565217391305
6353069.356900856,0.4474271656846256,-0.05564880947689026,2.2541549240324046,0.6014492753623188
5245524.61727825,0.3930213925260042,-0.0678660650402004,2.0136157550106804,0.5942028985507246
3805376.19872803,0.3064100704570525,-0.057759643927868025,1.654500106015564,0.5434782608695652
5015742.110866407,0.38059736368291586,-0.07931425436993082,2.02789863067304,0.6159420289855072
1762016.2693863036,0.1199586356724287,-0.07349007193934293,1.2637641133656956,0.5217391304347826
3395443.5119030634,0.2769659055810152,-0.06470824288898828,1.9099379808210646,0.5797101449275363
3865263.778155569,0.3104963853077958,-0.07085701255789636,1.9096582679469543,0.6231884057971014
2913605.7682803846,0.23847190123833006,-0.05908770740910987,1.4674595065201168,0.6086956521739131
4914837.15079735,0.37499724020019043,-0.09372933891562536,1.873265024620519,0.6014492753623188
3456770.718218628,0.28154575054936903,-0.10826619163230948,1.5944509136684988,0.5144927536231884
3260649.2859897264,0.2666622213604344,-0.09044020774023996,1.7882700581322604,0.5434782608695652
2910389.414834396,0.23819834855088873,-0.07861985151665975,1.742988669851001,0.5579710144927537
2778520.7442421545,0.2267688184296206,-0.07818400853717496,1.433960823886758,0.5144927536231884
2584509.493296627,0.20913732133913499,-0.09510691300383697,1.284391407336435,0.4855072463768116
3688265.638470869,0.29826825668433443,-0.05007490571110349,1.8694507376328642,0.5362318840579711
6236302.379253116,0.4420669810143667,-0.05202047557311795,2.2412372259581743,0.6304347826086957
3201174.592218461,0.2620073150600237,-0.07625212750946989,1.7064851857522456,0.5869565217391305
3700943.204783965,0.29915953191418376,-0.07765751675452165,1.6833257548774443,0.5942028985507246
2580829.740459502,0.20879281785806714,-0.127933870078811,1.3516731461484033,0.5362318840579711
2524802.139569868,0.20349826885931788,-0.07100679651379378,1.4519691413812392,0.5144927536231884
4708455.3116335785,0.36325057823740825,-0.09573961303104714,1.8559213146109925,0.5869565217391305
4418459.736849976,0.3460282672172952,-0.06964659543415606,1.8431887161650036,0.5797101449275363
5267538.962277334,0.3941886772036043,-0.0615994901069679,1.955271275553417,0.5942028985507246
2770219.023481271,0.2260348677769568,-0.06519980134367477,1.5582196088115612,0.5942028985507246
4547990.993366042,0.3538293317685872,-0.07175367041465584,1.747592546549034,0.6014492753623188
3017861.593993301,0.2472108021238988,-0.09915119127354202,1.4899273615511377,0.5289855072463768
3629220.128531645,0.2940845796850178,-0.06251681081211662,1.8944976136379157,0.5869565217391305
4880693.539264457,0.3730814747378923,-0.04924056242248747,1.9868654754485056,0.6086956521739131
1809199.8792259614,0.12589349518362858,-0.09379284594265014,0.9906507216258484,0.4855072463768116
2205269.265958559,0.17136522028131318,-0.05524291361167052,1.2559238788308011,0.5362318840579711
2593404.5106851696,0.20996846717730944,-0.09176936719543442,1.5698822507163384,0.5434782608695652
3934556.7092558765,0.31516172708541257,-0.08434164802359806,1.7621930969218973,0.5652173913043478
4790292.806189319,0.3679568928633392,-0.038097706935160416,2.110049458503335,0.6086956521739131
2371582.5272221346,0.18852315843980705,-0.2524135791358192,1.2406478908434293,0.5072463768115942
2711226.41331737,0.2207680583862366,-0.059027193668836984,1.3716472568465408,0.5289855072463768
2301764.029359081,0.18144133053607048,-0.11608486509772402,1.3197370510591286,0.5289855072463768
3354302.629833258,0.2738563271736427,-0.08843861733182666,1.653273301877445,0.5797101449275363
2657698.944767357,0.21590923441994803,-0.08062624456921236,1.5523414073780033,0.5579710144927537
5126660.133102767,0.3866501579313959,-0.06297405991615547,2.0636298974280978,0.5869565217391305
4864417.069628109,0.37216444149977024,-0.10863800189245353,1.8920556320740909,0.5942028985507246
3636039.9717499674,0.29457056991801167,-0.15314380878194894,1.495417379534125,0.5289855072463768
3775100.818159255,0.3043246768514676,-0.1041127183800221,1.6872873944452498,0.6014492753623188
3486713.0317541496,0.28375823050794025,-0.04578194226161903,1.779168279903206,0.5434782608695652
4360328.270374031,0.3424676753767888,-0.07005251922869382,2.0691741561450367,0.6086956521739131
5385328.608426618,0.40036885017797097,-0.0874353674424167,2.0704576360704534,0.5869565217391305
2133445.241252557,0.16363372603012216,-0.08821825511606139,1.4778669623859377,0.5652173913043478
3254348.365110636,0.26617229962759326,-0.09303328563924491,1.476131677977762,0.5217391304347826
2719896.5640582135,0.22154783318763038,-0.07807897693829928,1.5257755827338297,0.5289855072463768
3165802.689853811,0.25920595465105123,-0.07659765517992484,1.579052173368508,0.5507246376811594
1710062.170417062,0.11327480364758746,-0.14943147279183125,1.0260370535425472,0.5579710144927537
2037167.744254894,0.15293641982093042,-0.08620842493559613,1.091512253307786,0.5144927536231884
3070402.6987589523,0.2515236700391985,-0.11593624119768195,1.5263830986049411,0.5652173913043478
3283736.085982767,0.26845086547438246,-0.06485785505014297,1.9165868669517647,0.5797101449275363
2792651.743808515,0.22801410774546227,-0.10326774229641751,1.5331113519729824,0.5797101449275363
3280192.209093372,0.2681769594485959,-0.06941607179364027,1.738783498964919,0.5942028985507246
6170136.473355205,0.43899390354687906,-0.06600792450477615,2.004333303451944,0.572463768115942
1992089.2339082165,0.14778820545997018,-0.11004397763076994,1.154116790069599,0.5144927536231884
2699759.1993855713,0.2197336518128048,-0.1591111794798267,1.1102732882348196,0.5
2439631.0150635852,0.19526672451272487,-0.07694688687996659,1.447699952860014,0.5289855072463768
3223988.253535371,0.2638009868783724,-0.11327698363597923,1.367796321410073,0.5217391304347826
2491029.2622970766,0.200261196290348,-0.10299335695297608,1.242834934109149,0.5434782608695652
2413143.658775549,0.19265994913816553,-0.06449589201175714,1.340641281625703,0.5289855072463768
5550747.721367575,0.4088679768753809,-0.06685617235322146,2.2138453602949637,0.6304347826086957
2489297.944784851,0.20009430855349808,-0.1110480262349458,1.3540157930507066,0.5144927536231884
2436499.4509817604,0.1949597127008691,-0.08702896618226805,1.454664471155369,0.572463768115942
4809564.308044679,0.36905579282495404,-0.07805410683341558,1.964025273698581,0.6014492753623188
2495044.0978707504,0.2006478435105461,-0.09584628817240927,1.4391237638430834,0.5289855072463768
2307630.409665273,0.18204293254279724,-0.0678435342229904,1.2416623027040914,0.5579710144927537
2719758.212524577,0.22153540576983044,-0.06972122615219181,1.3635787063008933,0.5
2655235.576339814,0.21568375037621879,-0.08580615255141613,1.6507730137087944,0.5579710144927537
1566799.5505837079,0.09396313631609932,-0.11221243058346844,0.7523487749849479,0.427536231884058
4485637.69044338,0.3500965840971202,-0.07725927761982897,1.8070415398173523,0.5652173913043478
2965564.864519212,0.24285792388814254,-0.0803304800282683,1.385470011163201,0.5362318840579711
4469284.282419422,0.349110728815067,-0.03653550838467938,1.9519604200639469,0.6014492753623188
3378746.0478563174,0.2757075039679393,-0.06780348170940374,1.7161783108957316,0.5797101449275363
3102745.6176833487,0.25414928293209127,-0.10036736810038482,1.598361914713924,0.5362318840579711
2446667.476659144,0.19595541571528008,-0.0837678817484473,1.3241986950924254,0.5652173913043478
3457763.476099997,0.2816193521052277,-0.07190757617498411,1.676579257788461,0.5507246376811594
5682939.6799793355,0.415515434779288,-0.0492366284958143,2.0826038140071694,0.6231884057971014
2449631.2817187677,0.1962450229040893,-0.06593932573390834,1.581690610260733,0.5144927536231884
3786155.0608351547,0.3050876479046729,-0.09630089257519292,1.6126773006292439,0.5507246376811594
5187445.2065071175,0.3899228813773732,-0.05907409396603114,2.0940875972711916,0.5942028985507246
3304944.342154341,0.2700851259518968,-0.10978688819942758,1.565495697243964,0.6086956521739131
4110041.3487256127,0.3266893358348397,-0.13497458715093855,1.75606098826485,0.5144927536231884
3688982.9164541773,0.2983187490781516,-0.08698152959999988,1.8091765315170563,0.6014492753623188
5729964.370752793,0.41785031591948174,-0.13341688514618977,1.7681816133509363,0.572463768115942
4626225.400965533,0.3584553164121176,-0.08664582094734308,1.819972443187182,0.572463768115942
4762248.302918154,0.3663514032124655,-0.06363039923606659,1.9188887486535042,0.6159420289855072
5518875.735674841,0.40724632473552447,-0.04472843519999988,2.111132020258293,0.6231884057971014
2205142.464193054,0.1713517494007657,-0.10231681304815354,1.1529739126441156,0.5362318840579711
4032697.01512553,0.32165809028053927,-0.06232414670517395,1.7526700710479346,0.5289855072463768
3512074.42998386,0.2856203618515136,-0.08661721589366787,1.6311993494544579,0.5652173913043478
4958267.062896503,0.37741872631161644,-0.06379975614505572,1.939117870339532,0.6014492753623188
3126287.4291306436,0.256046682730249,-0.13748710260941133,1.4925295453052958,0.5144927536231884
3147345.4803874604,0.2577342382215322,-0.07123008863222134,1.4772693440354168,0.5144927536231884
3416856.364873081,0.27857245670796704,-0.07040693950521604,1.61793402858575,0.572463768115942
2068892.2703992007,0.15650516159170325,-0.07347238425254787,1.229737671445554,0.5144927536231884
3229256.3643286834,0.26421373628669387,-0.06199711244288006,1.6850794068775614,0.572463768115942
4614877.868862966,0.35778823857712627,-0.08905922275067292,1.7271063180500295,0.572463768115942
3833057.4689209787,0.30830519574289195,-0.08202332563555631,1.7628454448102004,0.5434782608695652
2509682.2849428533,0.20205336634563253,-0.046625231292002134,1.4961252063197144,0.6231884057971014
3255773.0001582378,0.26628313703366957,-0.0819432688104957,1.7741113965387865,0.6086956521739131
4268647.491504925,0.33677421039578737,-0.0691592599966719,1.9499760731003937,0.6159420289855072
2650410.6952284174,0.21524162029789395,-0.11829502695895976,1.4459696007310396,0.5289855072463768
5578898.432536376,0.41029410631230756,-0.06944850530393606,2.0853782918321255,0.5942028985507246
3820798.523190902,0.3074672745927429,-0.044206069683816324,1.6690642394378592,0.5362318840579711
6797388.976102748,0.46712941521717166,-0.05240688349879119,2.192657234175112,0.5579710144927537
3014377.90657558,0.2469227239562657,-0.07382659690005824,1.7135085980427023,0.5579710144927537
4192585.2768865074,0.3319759427681195,-0.07193402171154777,1.9182052765822228,0.6376811594202898
5121050.248923649,0.3863465546620102,-0.06272738694818358,2.15320488012539,0.6594202898550725
3270962.804140715,0.2674625065540457,-0.06989384225015122,1.530296184122159,0.5217391304347826
2076896.685777781,0.15739866918204126,-0.09074608761992567,1.3799014532950316,0.5362318840579711
1945887.559909654,0.14241408335878192,-0.07901580735201597,1.2417115177271056,0.5869565217391305
3105771.519303008,0.25439380525531363,-0.17321909684779857,1.5999375707209167,0.5579710144927537
4530568.262056524,0.3527904716622161,-0.06404293920487293,1.9378203824259588,0.5869565217391305
3355717.2431983114,0.27396375399079154,-0.06825056251316773,1.7172302917916171,0.5869565217391305
2712457.425399713,0.22087889438031727,-0.07501610678026692,1.4919785398780243,0.5434782608695652
4209218.152341109,0.3330311158974846,-0.08038810647045191,1.8441862776997369,0.5797101449275363
3748170.743764474,0.3024584368666483,-0.10382203992856694,1.6126158457790938,0.5217391304347826
2506634.8890907415,0.20176130444173124,-0.0918629597826145,1.3126685603626687,0.5507246376811594
2588061.878619653,0.20946952844288824,-0.0692021601938983,1.3721274514870578,0.5507246376811594
3873731.6846028976,0.31107008219659793,-0.13177492211024655,1.7206698530270728,0.5579710144927537
2934449.014223169,0.2402387994187407,-0.06886403167464052,1.6355882435223676,0.5579710144927537
3584012.989830075,0.29084445940856885,-0.08916601372487377,1.723555580886227,0.5362318840579711
2637208.9315606668,0.21402857105498807,-0.08524195198589726,1.4738952147989122,0.6014492753623188
3935571.0067507676,0.3152295277456003,-0.08938857667679331,1.9148532459294316,0.6666666666666666
2532198.121510472,0.20420253316303194,-0.07600407225340493,1.5452966200054836,0.5362318840579711
6111164.410468655,0.4362326440769997,-0.04706945919999998,2.1603820068314383,0.6159420289855072
3597617.5416038968,0.29182295789266144,-0.08354057014364522,1.6849857041483,0.5144927536231884
6631483.449136836,0.45989673742945536,-0.04554514872064003,2.470496721074266,0.6304347826086957
3038789.8166680955,0.24893585146389285,-0.07984478772202863,1.49171426322601,0.5797101449275363
2992423.915329667,0.24510111887874975,-0.10995547123543964,1.5119543240396622,0.5289855072463768
4457786.7724422775,0.34841587928686923,-0.07280598878838715,1.815504992938289,0.5797101449275363
3577210.484154968,0.2903540788796264,-0.08805853695548801,1.7407626571870671,0.5362318840579711
3461876.314404962,0.28192409169235155,-0.06325866653916634,1.592350105688923,0.5507246376811594
3815135.6207056474,0.3070794785318325,-0.049949398143636685,1.9059550566689238,0.5652173913043478
2918543.3519432023,0.23889137580926656,-0.07977551930770443,1.3236972821652624,0.5072463768115942
1781037.2785884785,0.12236625809364865,-0.1462420409802544,0.89148396434439,0.5507246376811594
3262293.9581461847,0.26678997652304703,-0.0641808795888575,1.6470194320433955,0.6304347826086957
5764042.851505445,0.41953282710913453,-0.04448000000000001,2.0286866393072263,0.6304347826086957
5740659.811514843,0.41837922756417223,-0.09867694453012174,2.039557912187219,0.572463768115942
2166517.4805764654,0.16721924486170447,-0.11584537162534904,1.162326888842543,0.5362318840579711
3452870.096283734,0.28125640053615975,-0.05428101580231947,1.8310680286116925,0.5507246376811594
2405175.3313962505,0.19187126154813328,-0.09846526127088732,1.4114193804258965,0.572463768115942
3087845.1916566594,0.25294239317090983,-0.0796435153939854,1.7852161610596138,0.5652173913043478
3878685.5863702777,0.3114052418348401,-0.05116868828892157,1.8805790963781557,0.5942028985507246
4182276.4643454705,0.33132027976950207,-0.0656668180377423,1.9595365588100018,0.6014492753623188
1988522.1113539492,0.14737685471780138,-0.0628209608641241,1.1555524295910782,0.5217391304347826
2544620.6405750816,0.20538174263878672,-0.06986636571853264,1.4025116810824019,0.5
4211309.779221803,0.3331635704093745,-0.06975043342841857,1.7122802558967376,0.5797101449275363
5915329.128188703,0.42690737540373913,-0.06534991814754766,2.060181777422051,0.572463768115942
2214555.410883707,0.1723500607262376,-0.10873449638642789,1.2584557477524767,0.463768115942029
4843122.745617411,0.37096098330844396,-0.07226030996681729,1.8656064435325381,0.5652173913043478
3288615.500203402,0.26882760840081965,-0.12611684082749675,1.8196488931204706,0.572463768115942
4055087.6763600865,0.3231224846330234,-0.06024499460643943,2.2939376519127954,0.6376811594202898
2739031.6768358266,0.22326179203721308,-0.07582022024599196,1.480250195294121,0.5434782608695652
2779031.730701932,0.22681393712440845,-0.0939018295088747,1.4500939920965545,0.5217391304347826
6503510.436812152,0.45421817533065,-0.05089703239124895,2.0989094213284565,0.5434782608695652
3114131.6321074283,0.25506839451132257,-0.10161755356120661,1.6012514753948233,0.5362318840579711
8116492.567030053,0.520105320403101,-0.07099344075146573,2.1921842259654047,0.6231884057971014
7622715.524686997,0.5011425750612666,-0.06935991918222899,2.1752341071725154,0.644927536231884
1629372.1955001045,0.10256463988176145,-0.11803751239377147,0.986468391756194,0.5
3720261.7656038245,0.3005130059427059,-0.1023469385841922,1.6534881918525102,0.5217391304347826
3736825.0898085563,0.30166897616779775,-0.08277867169239078,1.6217582520944356,0.5362318840579711
3925694.1476414246,0.31456871401320363,-0.1270405989424842,1.7359276465008582,0.5362318840579711
5045897.748146302,0.38225347080412764,-0.09958723053061401,1.674957898337649,0.5434782608695652
1914326.5264088532,0.1386839611290105,-0.12016010432504272,1.0410421373198433,0.463768115942029
2568509.2467249804,0.20763648859937267,-0.08999149227811776,1.3593295557707867,0.5507246376811594
3818515.6642423095,0.3073109995658003,-0.07885733449237158,1.7986567346753888,0.5579710144927537
3990845.417228969,0.3189033798771639,-0.11112037021289141,1.9463881414198552,0.572463768115942
2075187.1218155576,0.15720806761126527,-0.09070499280607491,1.3956505892921642,0.5507246376811594
3390212.975107372,0.27657224056724106,-0.05876354645014785,1.7414239736340975,0.5869565217391305
3952118.8598373584,0.31633369851613624,-0.04914562070015986,1.904705145876318,0.6014492753623188
3461736.6419545803,0.28191374745399855,-0.06682650498293839,1.6849605314330955,0.5652173913043478
3110198.9644861394,0.2547512427299272,-0.09389476240185948,1.5995137494016143,0.5507246376811594
4477880.807016774,0.3496293241884403,-0.09520937482816126,1.7724459559801953,0.5652173913043478
3381926.966525815,0.27594761639367515,-0.09494556474272221,1.6699065573894827,0.5579710144927537
2769337.476189642,0.2259568273542052,-0.06937129599999989,1.379216203556543,0.5
3355097.0165879778,0.27391665797011244,-0.05205727360000004,1.8314237705868066,0.5652173913043478
2620558.2299078894,0.2124916679179596,-0.14620864876547862,1.4383991963825693,0.4927536231884058
4129073.17531909,0.32791573144887476,-0.06268645552618769,1.8900193037661808,0.572463768115942
2788200.9579937276,0.22762242872896588,-0.06800133721756602,1.6712927267606263,0.6086956521739131
2684906.7651232257,0.21838864213178377,-0.09175592086462589,1.3305233148156683,0.5217391304347826
3320555.7146423375,0.27128275060501506,-0.07178019580774123,1.7709416228524544,0.5942028985507246
4230074.859959658,0.3343495411998041,-0.07865572562466688,1.8395146784573246,0.5797101449275363
2087088.2508686814,0.15853234316326814,-0.08062374461530249,1.3822500289278912,0.5579710144927537
1765755.4862991173,0.1204335709019193,-0.06215971542954627,1.164413088535179,0.5
2681279.2887993897,0.21805924027313606,-0.08099262556760964,1.83079030270198,0.6014492753623188
2627319.8924123775,0.21311672641440982,-0.06640773315213802,1.3258465936921642,0.5434782608695652
1974377.944822319,0.1457399545798328,-0.06510289069030915,1.2797998479708967,0.5434782608695652
3095753.044280121,0.2535834842267106,-0.040777541783499474,1.5587317768768583,0.5507246376811594
3893970.491537927,0.3124371987902774,-0.07231104406360188,1.7139226245092105,0.5362318840579711
1987015.844377214,0.14720297887880385,-0.11197454818133024,1.1819467092826608,0.5362318840579711
3630387.3913503997,0.294167812030544,-0.08607563303145799,1.8487800393791356,0.5869565217391305
3155612.9224263593,0.25839430789169904,-0.10093184607283502,1.6062205346483287,0.5362318840579711
3626517.8838327765,0.2938918123666636,-0.05762220923477061,1.5237303441777053,0.5507246376811594
3525285.724578017,0.2865861278566746,-0.07170312206837935,2.003416204984371,0.6014492753623188
2746317.76432822,0.2239118994509075,-0.09692613535685271,1.6460008172768366,0.5579710144927537
6098401.545983713,0.43563224214119356,-0.05757391370082438,2.233743476450537,0.6376811594202898
7274631.807069458,0.48717543580494316,-0.06309215535722552,2.2269849987136676,0.6231884057971014
1903344.4598686413,0.13737447733639296,-0.09442288040443737,0.9091406626105132,0.5072463768115942
2533983.482501628,0.2043722931932188,-0.07527836116557257,1.542937848451866,0.5507246376811594
2664099.257927334,0.21649430551808924,-0.0898240100122117,1.7018660267495638,0.5507246376811594
2319844.8757654047,0.18329162049228787,-0.0976103201373748,1.3071934139356403,0.4855072463768116
2972348.533705231,0.2434260067684777,-0.12637722826572423,1.3767530295531303,0.5434782608695652
4895670.574824289,0.37392313767477114,-0.08281298094086394,2.0274693777806014,0.5942028985507246
3901015.907102949,0.312911777665255,-0.08894423330464363,1.72553797940875,0.5579710144927537
3475773.1255622148,0.2829516339363003,-0.12618027338995066,1.5973190626854674,0.5072463768115942
1918511.1175009566,0.13918134397618998,-0.13417362708748276,1.0639042096618037,0.4927536231884058
2975552.920584238,0.2436939902072175,-0.10544358739804346,1.488920303513594,0.572463768115942
3008899.2512174104,0.24646913572080043,-0.0456153258085049,1.5102208922411597,0.5579710144927537
4357983.696433036,0.3423232737755144,-0.06849362471806451,1.7319245893146649,0.5579710144927537
3300032.078154887,0.2697073461525108,-0.11186549753421239,1.5631255645486697,0.5217391304347826
3490918.6599786202,0.2840677717174229,-0.05876739612308732,2.0226003596023854,0.572463768115942
2678209.5143190683,0.21778020326712189,-0.14194885602896637,1.3892415225350796,0.5797101449275363
4871242.259290309,0.3725492781917419,-0.09558122080891111,2.000237029958117,0.6086956521739131
4630173.266263803,0.35868708933426885,-0.09539269999072497,1.8267001525051128,0.5652173913043478
3510422.552183735,0.285499402718415,-0.06871505685559315,1.8634311267425667,0.5942028985507246
1731801.588089785,0.1160910530769883,-0.1539425382947301,1.022238826530761,0.5362318840579711
5402261.002957887,0.40124834461141123,-0.06434412011285363,2.046596616356132,0.6231884057971014
2269982.059341077,0.1781605728001492,-0.06518212231980805,1.6168982035780484,0.5507246376811594
4951977.2261504615,0.3770690824408103,-0.08224931639718913,1.9180921465601313,0.572463768115942
4773439.343103094,0.3669929716311384,-0.07450019861350465,1.890694718079636,0.572463768115942
2918072.571637982,0.23885140495902424,-0.06943182593596099,1.4598169223773898,0.5579710144927537
3015030.5716655524,0.24697671535903498,-0.07953696694865973,1.5346718395133165,0.5797101449275363
5168162.936616422,0.3888880441964173,-0.05268784127871026,2.082533852405016,0.6086956521739131
2720819.20185518,0.22163069614072795,-0.08130282390693386,1.5117244660037032,0.572463768115942
3965805.0576854046,0.31724413165664145,-0.08367649268936064,1.6820800947440386,0.5
3390218.074504831,0.27657262459888576,-0.055665472286967464,1.9297097083705794,0.6376811594202898
3602903.579323946,0.29220235425566976,-0.09376560077181854,1.6742620816288603,0.6014492753623188
4232289.510390221,0.3344892313574861,-0.045299602316841235,1.718589167272505,0.5579710144927537
2322871.213368629,0.18360019049858578,-0.1154199432541245,1.201297184057467,0.4927536231884058
2886005.926204452,0.23611661433973063,-0.1086522864494175,1.505599984380682,0.5217391304347826
3208855.506432361,0.262612347974559,-0.06572928947711597,1.7255928063468309,0.572463768115942
1409886.5286108998,0.07111680270177745,-0.1295150038663759,0.5978097030523188,0.42028985507246375
2892169.6809349977,0.2366441682791598,-0.06712102691481067,1.4061280171356432,0.5579710144927537
2360241.432564141,0.18738425552871973,-0.07550562269190199,1.317287512639656,0.5652173913043478
3908926.0916658645,0.313443790940092,-0.057009431895203314,1.7110350179332354,0.6159420289855072
3234433.5919946367,0.26461884063904106,-0.11660060882319066,1.4746825912319825,0.5579710144927537
3499219.023740263,0.28467781785355495,-0.11808503511919127,1.883942426608353,0.5652173913043478
2297078.958803168,0.1809599911827613,-0.13481726551404025,1.283884227227817,0.5072463768115942
1778340.2533715013,0.12202613210639712,-0.05786683519999984,1.153028808860805,0.5362318840579711
2507556.712652481,0.20184968180902518,-0.12509810461792711,1.6305560643048347,0.5869565217391305
3867913.8753118045,0.3106760362133507,-0.06576773876901792,1.8665898716338267,0.572463768115942
3413090.8323168713,0.2782905232917494,-0.09084894244564032,1.6061878945338954,0.5144927536231884
3637370.1016881047,0.29466527158096634,-0.09104161103624625,1.5529254828490162,0.5579710144927537
3749118.2666416294,0.30252428148673505,-0.05133128505513433,1.9945221992419604,0.6159420289855072
2463742.9059027093,0.1976201029563751,-0.08943637759407141,1.5453806599764741,0.6014492753623188
1728368.735078842,0.115648228902957,-0.0712914935280594,1.0737121531050777,0.5144927536231884
2447136.513707482,0.1960012661950845,-0.16060689664872096,1.1958322571793478,0.4855072463768116
2417533.2344675283,0.1930935301239436,-0.10584987226424503,1.2620351331318795,0.5362318840579711
3630530.9299686644,0.294178045655868,-0.07628977969127543,1.7247423122961187,0.5507246376811594
5171906.703983876,0.389089205336953,-0.06029272464751316,2.038167556003278,0.6231884057971014
2002501.3396999214,0.14898553984343654,-0.08412965460561146,1.2971414303416533,0.5942028985507246
5262244.484923828,0.39390830073475636,-0.11490815013799638,1.924942125535237,0.5507246376811594
3437941.2267863294,0.28014654841581055,-0.11105352286489731,1.5474358053694877,0.5144927536231884
3174315.6879106634,0.25988244066310284,-0.09688775494606701,1.437367680330087,0.5507246376811594
4771439.67921841,0.3668784217462273,-0.06074251685880037,1.972810326237858,0.572463768115942
4295486.689587804,0.33845099694297964,-0.07640004864406547,2.0712813037974236,0.5942028985507246
2883179.11607671,0.23587436696415587,-0.0997395059466216,1.608044952708846,0.6086956521739131
1886882.5547782783,0.13540021948551817,-0.08096541436154663,1.0579907921631169,0.4782608695652174
3683233.5811403943,0.2979138066995435,-0.07452337791911755,1.6403077865371674,0.5507246376811594
3784295.96470323,0.30495945663698065,-0.06701018093765826,2.3749202958267506,0.6594202898550725
3995395.062336217,0.3192039581885793,-0.09228470368096363,1.9090591473661005,0.6014492753623188
2266884.443497377,0.17783885373543828,-0.13067032580285926,1.12566648659424,0.4855072463768116
2385002.795561792,0.18986524271667404,-0.05301279359999992,1.4002041791081064,0.5652173913043478
2931594.7864003642,0.23999743879972124,-0.057612967806235704,1.6882455431664625,0.6159420289855072
1737469.9733567473,0.11682071720211318,-0.08640283707161157,0.8717340035619553,0.463768115942029
4100641.347111452,0.32608193044438893,-0.10507508357022664,1.9559980556608294,0.5797101449275363
2557422.6471428447,0.2065921662394048,-0.10334140626114181,1.2946331877210007,0.5362318840579711
2602984.607915722,0.21086107960997857,-0.07226694489015223,1.2104468651105331,0.4927536231884058
3845999.7655786867,0.3091875019102006,-0.07062739015492045,1.7435732204932517,0.572463768115942
3286526.4110116092,0.2686663631692163,-0.04180607927318923,1.6887171117829436,0.5579710144927537
2506919.772497212,0.20178861965167405,-0.10592137952182679,1.4580689182228224,0.6014492753623188
3347972.9982884466,0.27337520575879837,-0.053412177866670844,1.9158779218073436,0.5579710144927537
4764034.643980594,0.3664538927647496,-0.05253648758057599,2.2630643607447567,0.6666666666666666
2993335.314636812,0.2451769534601076,-0.06682506577545697,1.6916935884055324,0.5942028985507246
2094372.7828549785,0.1593399379744529,-0.10611528676853206,1.099459157337711,0.5289855072463768
2185389.319327014,0.16924565103839573,-0.10955848058236536,1.317406791707275,0.5362318840579711
2217106.139604927,0.17261999935077288,-0.14404522748786683,1.3446733782670008,0.5
2123543.721773139,0.16255160862373708,-0.13574996840119366,1.1622597723630528,0.5217391304347826
2241074.256360763,0.1751444379164102,-0.09085521360924409,1.2127670643574533,0.5072463768115942
4369657.102128358,0.3430416207497464,-0.09319360237637636,1.7126477207204707,0.6159420289855072
2743415.704067819,0.223653126165404,-0.06631837550221126,1.4590830607964194,0.5144927536231884
2504468.5610937183,0.2015535111469493,-0.0818152856770117,1.607477286386369,0.5434782608695652
4051074.6918899324,0.32286050395728894,-0.0721442578112227,1.9722018311706693,0.572463768115942
2881611.295674554,0.23573992851510028,-0.13203063834338338,1.325313284288173,0.5289855072463768
1620036.8046279405,0.10129831874537132,-0.12313666705096125,0.90447909570009,0.5434782608695652
2609604.653920537,0.21147635899433093,-0.07922409470686842,1.7407770381337793,0.5869565217391305
5141154.163748501,0.38743333681761505,-0.10531147408815743,1.8731772377042897,0.572463768115942
2706907.795475793,0.22037890660173187,-0.08076907954220962,1.3076152175406333,0.47101449275362317
4046979.773251579,0.3225929602495874,-0.08215066342268448,1.7347632211092663,0.5289855072463768
2762205.9056344284,0.2253247615565177,-0.07722909303624409,1.4055361169781713,0.5652173913043478
4645205.2397689875,0.3595681482587594,-0.06942181847615045,1.7918664595608502,0.5652173913043478
2638979.611161984,0.21419155234195886,-0.12408722969398345,1.4652152713595508,0.5362318840579711
2801767.9509400264,0.2288147977702466,-0.07397971774370447,1.4696948691664238,0.5
4936191.2638600785,0.3761899938725841,-0.06930791889118644,1.8714532146819955,0.6159420289855072
2205528.0952987266,0.17139271528693878,-0.08757824387642453,1.19599679524148,0.4855072463768116
3138456.1327579366,0.2570229664799537,-0.05069424901445555,2.062258726162258,0.6086956521739131
2523763.351938832,0.20339922070873273,-0.09779342023153262,1.4513570588376317,0.5652173913043478
3361748.8121829033,0.2744213897907428,-0.07591815260619181,1.6019874520159179,0.5507246376811594
2864461.3572769584,0.2342655106149576,-0.097085711546324,1.5626619422467358,0.5289855072463768
3696933.5759441312,0.29887790606054265,-0.07556935407734487,1.694093843789082,0.5869565217391305
4852809.131838357,0.37150893747461855,-0.0828834439803901,1.9858493217918274,0.5942028985507246
3597504.0937527088,0.29181481047923463,-0.08381954683800752,1.5475112882194078,0.5289855072463768
4781492.773279097,0.36745392063328297,-0.0524549298495286,2.2676344437343965,0.6594202898550725
2085285.7345210155,0.15833216041804588,-0.07331549409334424,1.13421348089611,0.45652173913043476
3137041.2981057502,0.2569096113548368,-0.045908098273177704,1.651213406390867,0.5579710144927537
2706218.525423064,0.22031675034181264,-0.1068880822796179,1.42113353357425,0.5072463768115942
2398581.273605244,0.1912170139424798,-0.1710823840131348,1.339926188360801,0.5652173913043478
4077135.584164893,0.32455815490612405,-0.053922966893255556,1.9639260523245492,0.5579710144927537
4415548.248348651,0.3458508307620356,-0.08205286642977751,1.791117040277147,0.6086956521739131
2562103.991685972,0.20703357488956886,-0.05562700312875867,1.6644497190618046,0.5942028985507246
3560045.8619745984,0.28911338737906833,-0.06569206058125443,1.7078341215703665,0.5869565217391305
3124458.562859597,0.2558996918228973,-0.0926759106478873,1.5636558391332467,0.5869565217391305
3338561.7252297667,0.27265849868735037,-0.08493400561093888,1.697449874180442,0.5507246376811594
2265232.3647675267,0.17766712464481582,-0.07370362357607663,1.2167412098868797,0.5289855072463768
2429088.8847187655,0.19423193735454425,-0.09041755639768635,1.271598129690053,0.5652173913043478
4632249.951602339,0.3588089447954079,-0.07316016401220829,2.1663207918582033,0.6086956521739131
4344406.185400293,0.3414858147237263,-0.07535950661677218,1.9056272078139525,0.6159420289855072
2028623.5822171366,0.15196767842000236,-0.08985475349628365,1.0009239798057266,0.5
4415059.264973403,0.34582102119827596,-0.1000994030680809,1.9455118615752707,0.5869565217391305
4633531.70433711,0.3588841334990931,-0.046828327392207256,2.0828874491975324,0.6231884057971014
2667669.5889102556,0.21682019134080632,-0.08970590932989772,1.7176342079412756,0.572463768115942
1778572.0153479099,0.12205537616568196,-0.1494673379646573,0.9508192171678352,0.4782608695652174
6768241.260092861,0.4658690191982131,-0.045324470499999985,2.2503675071506635,0.6304347826086957
2851517.7512966464,0.23314803693113562,-0.06942366757644433,1.7489036341113635,0.5942028985507246
3845392.4603857105,0.309146153670963,-0.08883050658547835,1.5021663144409998,0.5217391304347826
4895817.266346577,0.3739313710907235,-0.05893642752998753,2.0903926398668653,0.6231884057971014
2288568.104688141,0.18008358184375228,-0.11394880475239358,1.2472605892779363,0.4855072463768116
3554462.744101313,0.28870879758241075,-0.09414923994948159,1.6657150911018872,0.6014492753623188
2024031.3499348646,0.15144565946635358,-0.10147386562658559,1.1193757277055607,0.47101449275362317
1444174.4816972862,0.07627668736431703,-0.0910905630689129,0.793184661987998,0.5289855072463768
2148137.3535046615,0.1652320175540556,-0.09709864812207564,1.2335448845656847,0.4855072463768116
9188582.335526932,0.5582950899542589,-0.04632184444369212,2.498958602219875,0.6521739130434783
1720851.0308150272,0.11467601230420876,-0.09039990438475959,1.1038764508258976,0.5289855072463768
6532725.8335788045,0.4555223763219223,-0.07028215266508056,2.0412988005027803,0.5434782608695652
2499120.384235916,0.20103989984444381,-0.08005814037279754,1.3244646386009173,0.5434782608695652
4751091.064429015,0.36571057081385216,-0.057996962021410726,2.2057217584913187,0.6014492753623188
5342781.328195137,0.3981490756522459,-0.06322123762873891,2.1722962409974524,0.5942028985507246
4786110.309576288,0.3677179315070267,-0.06395706258664313,1.8787292387499863,0.6014492753623188
3490661.78131465,0.284048873578854,-0.06264493188664978,1.623969600380376,0.5797101449275363
3223135.2568173083,0.2637341049845552,-0.0662957813997315,1.6076577705951802,0.6014492753623188
4088652.1610597665,0.3253055997349106,-0.0537091334347024,1.7910212780681127,0.5869565217391305
2369636.8166662627,0.18832807508893845,-0.09507249954917313,1.354149834590983,0.5434782608695652
2370947.6055671345,0.1884595131813409,-0.04625739078311061,1.3722693600370868,0.5507246376811594
3086282.670797404,0.252815563949238,-0.07230755204366351,1.5629906376962663,0.5217391304347826
2172222.653448496,0.1678333349243697,-0.1575852058754226,1.1923899274386498,0.5072463768115942
3476014.042682696,0.28296941855187097,-0.08297501629184194,1.6829916155478035,0.5942028985507246
1959056.9715995323,0.14395624414826136,-0.17049645821575463,1.082418134659587,0.5652173913043478
6730601.189386239,0.46423495915578306,-0.09981626034363829,2.349425334123077,0.6159420289855072
3357652.537912213,0.27411066307644893,-0.06883241479956649,1.7131240819332438,0.572463768115942
2869759.331968339,0.2347217412435192,-0.07743705415262914,1.3591357453379664,0.5362318840579711
2327825.1660715993,0.18410460966064224,-0.07746296010434875,1.2546706129710425,0.5144927536231884
3157712.8206623704,0.25856174267877985,-0.05501637561644797,1.9670136719272295,0.5869565217391305
9457414.204188433,0.5673084751576647,-0.05317830841126899,2.3858178890162596,0.6014492753623188
7069141.347076293,0.4786770523347663,-0.058992425354140794,2.3131878981511393,0.6594202898550725
4052694.0509677758,0.3229662459584881,-0.07991879514210111,1.8085301264732354,0.5507246376811594
3577395.872716414,0.2903674530955802,-0.07959679589817276,1.6471779157394777,0.5869565217391305
3164536.245337262,0.2591051922300678,-0.0834524234752934,1.612069969678613,0.5797101449275363
5018036.6336734025,0.38072365536869013,-0.07072681363799559,2.195415493148423,0.6666666666666666
2520264.576918566,0.20306537325096263,-0.10570811164967736,1.2235793662145946,0.4927536231884058
4158054.692863102,0.32977461916477036,-0.07950729685202337,1.8050620651488634,0.5579710144927537
3706472.6757555804,0.2995475073682814,-0.12123505702191571,1.689387935286306,0.5579710144927537
2065073.7118862227,0.1560779332926383,-0.08754578145169299,1.2262285247647056,0.5289855072463768
2768121.9258026546,0.22584918615710947,-0.06699261520310909,1.6437474761507807,0.6014492753623188
3477135.324628552,0.2830521791417022,-0.10362943902508225,1.65755231974524,0.5652173913043478
2566950.5867393594,0.207489885916333,-0.06324879688933331,1.1789695802689941,0.4782608695652174
3777926.1920511997,0.3045198558585318,-0.08698152959999994,1.8264912562223437,0.5869565217391305
3182634.8075207956,0.2605421193845099,-0.07453040191723323,1.655373086315327,0.5579710144927537
5972571.389521317,0.42965836571771376,-0.06648373207966297,2.090632279440653,0.6231884057971014
3385376.177594217,0.2762077768497675,-0.06546005845906465,1.529532001195883,0.5362318840579711
2760193.9987499444,0.22514621166096505,-0.07134925170700764,1.228878123780284,0.5
3568851.144363964,0.28975044624986857,-0.08567955848769093,1.7518068325879388,0.5652173913043478
4947918.529758453,0.3768432761286957,-0.07769804724018924,1.8913115523367854,0.5362318840579711
1513433.4218824664,0.08640727236300938,-0.09511551544985294,0.6970852084207743,0.463768115942029
3948805.9922184753,0.31611294087360675,-0.07680051930782295,1.7973552818038867,0.5507246376811594
2484590.961987401,0.1996401161859378,-0.08395612331382575,1.3910278595670382,0.5072463768115942
6142411.523316716,0.4376983751293335,-0.047168373933805,2.045482249804279,0.5652173913043478
3074315.5169486515,0.25184248751996496,-0.08970452958757394,1.6654559310727615,0.5507246376811594
2097246.106810429,0.1596578692143562,-0.11818014768630765,1.1408885725253162,0.4782608695652174
2053995.9275340838,0.1548349412593455,-0.12906574445805152,0.9960582554086355,0.5072463768115942
4239451.177202076,0.33494055704836945,-0.09656738647419519,1.843405624389274,0.5507246376811594
2712731.025452339,0.22090352289984128,-0.09762781323291263,1.4256582060298375,0.5797101449275363
2572325.4965440654,0.20799513289838356,-0.11958432923743406,1.376939363100218,0.5579710144927537
2429837.236594249,0.19430551190368361,-0.055649903879078096,1.5541204123394878,0.5942028985507246
4884603.400587983,0.3733013958889322,-0.07549511173579322,2.079984647799571,0.6014492753623188
4892853.016305119,0.3737649570843562,-0.05569871333049159,2.0235235510020653,0.5869565217391305
4386085.254476909,0.3440499647112747,-0.0709676752933483,1.9305863880581402,0.6086956521739131
3942929.359052208,0.31572097828101087,-0.09441732258736121,1.6388041991087003,0.5289855072463768
2707376.27071739,0.22042114503557242,-0.10984971523562784,1.3430728029373153,0.5289855072463768
7688107.874657819,0.5037093276009439,-0.036694873011017766,2.4702496710669646,0.6739130434782609
3850535.4562048656,0.3094961483300003,-0.0787928671573748,1.6856549730862604,0.5869565217391305
4913802.033602124,0.3749393174995326,-0.06806654216352573,1.854723450180105,0.6086956521739131
2863468.0963048246,0.23417990165160307,-0.1481517605210735,1.5839205119727924,0.5652173913043478
2574045.619380931,0.208156647795396,-0.12222993679214593,1.2650024191074378,0.5362318840579711
6082460.791583726,0.434880929643235,-0.10844047453253407,1.8336069580913987,0.572463768115942
1817793.5128252348,0.12696105937694258,-0.10725810191432252,0.9067883563135036,0.5652173913043478
3161030.063397752,0.25882606067027014,-0.12481443198684013,1.563764139616464,0.5507246376811594
3043054.0422625295,0.2492861723276758,-0.06926961345732824,1.5456269876364894,0.5507246376811594
3899941.1902063442,0.3128394291272447,-0.05639028827147051,1.7663205057817017,0.5652173913043478
2148990.757020124,0.16532458659891125,-0.16911293022212756,0.9857281702047176,0.463768115942029
3271422.5168883754,0.2674981312892055,-0.05922902442492155,1.5827551458555653,0.5797101449275363
3178340.128224401,0.26020173797618096,-0.11225135737723232,1.2692800032940867,0.5072463768115942
2823836.7729516863,0.230744540339477,-0.12074262689276886,1.4114443810974344,0.5289855072463768
3380512.6479845867,0.2758408785287061,-0.09441813080221993,1.6380143668959273,0.5942028985507246
2559984.0059364554,0.20683375932089265,-0.0716130176771707,1.4355910370359328,0.5507246376811594
2675611.8893027427,0.21754388386939683,-0.08792208565371865,1.358950837050295,0.5217391304347826
2186011.862833863,0.16931225915744808,-0.09638863041820149,1.333790673419315,0.5434782608695652
4228646.320741348,0.33425940434600787,-0.07708635418292503,2.0177154070523615,0.6014492753623188
2163404.098016426,0.16688358260516,-0.10786406740499854,1.239417111034129,0.5217391304347826
2048304.8077870351,0.15419427784988837,-0.08698282722563645,1.0123133860648479,0.5
5169313.8618456265,0.388949898435045,-0.09545937087923088,1.9282984927911793,0.5507246376811594
4371004.64652433,0.34312444578430856,-0.08368494140956871,1.7744351333956976,0.6014492753623188
3099887.6094038966,0.253918152774262,-0.07739151968625996,1.6304614151309889,0.5797101449275363
4149461.6838253764,0.32922454353149777,-0.08546517386736212,1.8209611837102084,0.5797101449275363
1794987.8226633929,0.12411903352522113,-0.07848404387435945,1.0777298216652915,0.5072463768115942
2203161.449923437,0.17114121435699503,-0.14248674372104078,1.2391531706896497,0.4855072463768116
4132077.1264191098,0.3281088902253193,-0.058119628985198325,1.7303500493506438,0.5434782608695652
3113918.8975403933,0.25505124663454404,-0.07944958299917898,1.7154510797747287,0.5797101449275363
4608111.518349207,0.3573898460598881,-0.04677000949344389,1.9048968756440463,0.5942028985507246
3564789.906093374,0.28945677360552424,-0.115734435763985,1.6238344429314924,0.5507246376811594
3917388.6631848696,0.3140120032235676,-0.060116304654623046,1.6199133361001317,0.5579710144927537
5456405.357702536,0.40404596364914025,-0.06911988465071943,2.1194712592800062,0.6231884057971014
2625782.5692745615,0.21297472702813258,-0.08790417008214016,1.4162488061522376,0.5434782608695652
5866676.338115307,0.4245523904089712,-0.09324209952218322,2.1321691239547245,0.6159420289855072
3516407.676942611,0.28593744870604954,-0.07945848074548671,1.713451791114369,0.5652173913043478
4690968.997552832,0.36223649962405946,-0.06176461725782139,2.1076582723873885,0.5942028985507246
2824791.0746824453,0.23082771390825996,-0.08988208262789961,1.2921721766507461,0.5144927536231884
4616844.774894247,0.35790395937262587,-0.08549056530433136,1.8959685547790144,0.5579710144927537
5837258.500322627,0.42312086228871815,-0.03937400471387717,2.4778493062263443,0.6884057971014492
3345027.6635165066,0.2731510798917749,-0.06299319646457607,1.8940794732155557,0.572463768115942
2264085.103216567,0.1775478109683315,-0.10386224246723268,1.238463005371331,0.4782608695652174
3131254.337218837,0.2564455396911134,-0.09019223661509433,1.6729955274932942,0.5652173913043478
3741277.540148098,0.30197901777282454,-0.06311143393080357,1.5228281215743358,0.5579710144927537
4510764.847775776,0.35160577111542035,-0.07248144615374426,1.906391181179067,0.5869565217391305
2788100.234614617,0.22761355906225722,-0.08493247811766039,1.749132919841033,0.572463768115942
2065709.6441312807,0.15614912655695035,-0.09516163369702034,1.3030540654677085,0.5289855072463768
2509507.519459085,0.20203662452207882,-0.07876249058727983,1.2335007928843176,0.5434782608695652
3696948.399788526,0.29887894769857537,-0.13282099567937095,1.5351090983299605,0.5217391304347826
3902762.8360664765,0.3130293446242267,-0.08770610339308262,1.7440939871970726,0.5797101449275363
3098380.6506910403,0.2537962147771169,-0.08040037315658154,1.6763384763562506,0.572463768115942
4365355.042826567,0.3427770635411518,-0.05713108480000001,1.8023409287939505,0.5942028985507246
1829402.75141052,0.1283968512056839,-0.11047649650514985,0.9650976383437865,0.4927536231884058
2466840.111887232,0.1979210606864561,-0.10655684345338184,1.3700831437044394,0.5
4891164.038484299,0.37367010122104594,-0.08347476716315555,2.021543708817031,0.6086956521739131
3237388.4882368967,0.2648498209672714,-0.07259222938125263,1.605092013717114,0.5507246376811594
2100244.1632138975,0.15998923074373428,-0.12055378077020722,1.088481236428161,0.5217391304347826
1733425.2976755921,0.11630026047086162,-0.13525079638174822,1.0848476966052836,0.5362318840579711
3314838.8889846993,0.27084470874602085,-0.09312104281342452,1.6850736006139122,0.5869565217391305
5246971.859260773,0.39309825105724294,-0.08016399188516443,1.975398395732398,0.572463768115942
3025737.7441272824,0.24786112888133438,-0.10516279501787763,1.788867533666341,0.5579710144927537
2881132.0794462212,0.23569882470452264,-0.08308235398549547,1.5410481112400713,0.5362318840579711
2155795.1803035266,0.16606161517446982,-0.14348216533965108,1.2523793921269195,0.5217391304347826
2767420.3790030247,0.2257870445469241,-0.08723742069435149,1.484501048172942,0.5362318840579711
2581175.578708952,0.2088252124309875,-0.08779114569580442,1.4135839352112418,0.5942028985507246
3773664.0713949506,0.304225380451258,-0.06512166813674669,1.7854621470138332,0.6231884057971014
2282837.236375581,0.17949197280587748,-0.0907884631029157,1.441146376457466,0.5
2174842.629002132,0.1681149100841719,-0.11535191654791249,1.0622029695730624,0.4782608695652174
3270643.7695088508,0.26743778109947747,-0.05963803762951053,1.7263630453197012,0.5869565217391305
3803499.3271339233,0.30628117661289367,-0.09195242621646577,1.6476630616103827,0.5579710144927537
2348319.7841055235,0.18618232215341002,-0.08521551762216376,1.2568633187913214,0.5362318840579711
3013139.194476047,0.2468202263753989,-0.09223467340569098,1.6674431034851072,0.5289855072463768
3563350.324890215,0.28935261163772674,-0.08669993080599134,1.591624726036484,0.4782608695652174
4882945.866618644,0.37320818042951087,-0.07671997291902713,1.852018209151168,0.5869565217391305
3338010.136274604,0.2726164428066449,-0.06788925540422358,1.8502483319354373,0.5942028985507246
4244892.185630603,0.3352830399109279,-0.11692187236683872,1.79910786776158,0.5434782608695652
5111689.266729982,0.3858393514870482,-0.05391220865785564,1.9648119309122598,0.5652173913043478
6095806.873323834,0.4355100583260345,-0.07853798873439999,1.9254184870554174,0.5797101449275363
5084237.275935703,0.38434763175649556,-0.09454044148012856,1.8282940004505683,0.5507246376811594
2163600.7539655045,0.16690479604884922,-0.08659504328115994,1.2960446554466887,0.5289855072463768
4914196.464323896,0.37496139005727014,-0.0660653641447694,2.1271506884196625,0.6159420289855072
3843788.321835537,0.3090369111245046,-0.08448418590390185,1.482851436772614,0.5072463768115942
3572093.2333280086,0.2899846934568462,-0.0854369628926242,1.7095909001640646,0.5942028985507246
3598882.7972485386,0.2919138100404639,-0.06453820489022823,1.6928750059219722,0.5507246376811594
5192689.101934468,0.39020377744732904,-0.06181502079008446,1.9147479816130748,0.6304347826086957
3805791.4637146713,0.30643858183953276,-0.0815433036282612,1.6432016881078262,0.5362318840579711
3160356.8482101904,0.25877243681922146,-0.06977916886012261,1.6431122359995718,0.5507246376811594
3463171.5937792207,0.28202000507768865,-0.07830063656296597,1.6294640291385634,0.644927536231884
3005811.1375768776,0.24621317370790163,-0.0930986531475909,1.652858900863954,0.5362318840579711
2704809.3954286976,0.22018963989696339,-0.0880932148629557,1.6063857054377593,0.5434782608695652
3136782.3819722678,0.25688886282842494,-0.07535802213380059,1.6588070122204497,0.5579710144927537
3122975.774217743,0.25578046557174994,-0.0755426639441718,1.5204702937100953,0.5
4145839.2698308504,0.3289923840754292,-0.06880585696765411,1.9035350547623213,0.5579710144927537
3284488.5080832294,0.26850898969482273,-0.08358837194178331,1.599559030973413,0.5289855072463768
3847945.1273145555,0.309319916277903,-0.06849952311546832,1.7056419874550373,0.5942028985507246
4047038.373535071,0.3225967904576861,-0.04965410759459072,1.8229781461108536,0.6086956521739131
3071284.0641702637,0.25159551227952703,-0.06167833872495483,1.5660238198855387,0.5507246376811594
2135020.3980801967,0.16380550119521442,-0.1106729199512359,1.111447239497014,0.4782608695652174
3419511.0548799774,0.2787710696324728,-0.11426752360240462,1.475843471282833,0.5507246376811594
3455801.77393318,0.2814738981887446,-0.12047432035946071,1.5352610026538582,0.5579710144927537
1759427.2744415076,0.119629322830479,-0.09941228630289359,0.8903392099116499,0.5072463768115942
8152116.190427394,0.5214373450196388,-0.05917406824083078,2.043987178132341,0.6014492753623188
5654026.726953222,0.41407215797147456,-0.07788539959210802,1.8535796029862863,0.6014492753623188
3985234.779123878,0.3185323279503811,-0.12282617798157659,1.8407009166263473,0.6086956521739131
3295580.0248112637,0.2693645702255252,-0.1089967290741609,1.4898806330801684,0.5579710144927537
2963768.511855396,0.24270731836162796,-0.1376857355479221,1.4142722422016136,0.5144927536231884
6537533.134269052,0.45573653118443613,-0.07582215909698961,2.0209705701236382,0.6014492753623188
4125504.7838490205,0.32768613212468334,-0.059519472864419276,1.7753045316457652,0.5507246376811594
2237933.2496211403,0.1748148452958065,-0.086914938495264,1.3604614543196607,0.4927536231884058
5269165.655151062,0.39427477572922176,-0.06096665725762611,1.8959529564181945,0.5869565217391305
4537483.731802959,0.35320320023649887,-0.07566163381977772,1.879122809173258,0.5289855072463768
2773999.2598851756,0.22636929432353226,-0.08869216905040667,1.6402182412784474,0.5942028985507246
2608511.753244281,0.21137486889422652,-0.07832836809975115,1.6032197723847568,0.5362318840579711
2245674.743116154,0.1756265105374979,-0.09706880402686938,1.2071110853545444,0.5217391304347826
5607142.115063,0.4117191719443929,-0.08969432392756337,1.989549688669876,0.5869565217391305
3453966.2245454555,0.28133773826449215,-0.08956135720950364,1.645460688541634,0.5942028985507246
2525119.8181133564,0.20352855292240868,-0.09683217671000331,1.358018646182212,0.5434782608695652
6043192.6292811055,0.4330234180118464,-0.04447999999999989,2.020923553580306,0.5579710144927537
4040868.419798084,0.32219326861292763,-0.06338090455175728,1.7291810384660833,0.5942028985507246
3966031.3629433885,0.3172591647944094,-0.09312023790186635,1.8995215890843347,0.6231884057971014
2808657.187028587,0.22941850809022224,-0.06243110507789591,1.810629407462133,0.572463768115942
4121743.316797986,0.32744393776319414,-0.10023614690497933,1.7461418388210224,0.4855072463768116
2769836.503622035,0.22600100701817882,-0.07585439490748316,1.4033371273019266,0.5
2550439.940532426,0.2059325571712629,-0.07984007550518366,1.2667342328130151,0.5434782608695652
3740222.360149012,0.301905568144031,-0.06185347955922374,1.9093525089407088,0.5362318840579711
3144831.4826238058,0.2575332465077964,-0.10011408518131594,1.68236246452069,0.5289855072463768
3286776.4431943167,0.26868566608832833,-0.0786706941929773,1.6441034205408815,0.5869565217391305
3955427.778348939,0.31655404527806197,-0.06755349946368008,1.6551573338537913,0.5797101449275363
3026900.1394154085,0.24795699211696576,-0.10729958207441516,1.536474180769746,0.5579710144927537
2449823.6602197257,0.19626381141296467,-0.09197864239052815,1.4048752703271883,0.5289855072463768
2460591.356997356,0.1973135538420867,-0.11554642902117794,1.3855467193357747,0.5362318840579711
2574036.0415058318,0.2081557486978347,-0.17497478636547323,1.3794077432374103,0.5434782608695652
4279635.880946757,0.3374617299884335,-0.0826740140844211,2.1450023037353416,0.6521739130434783
3058139.1797387856,0.2505223249044708,-0.06665619632552182,1.6155230578937798,0.5869565217391305
2819445.6354851397,0.23036153426588224,-0.08117709321718837,1.4381681217121454,0.5
2916459.399823484,0.2387144020444547,-0.07059746794684994,1.5850056574694107,0.572463768115942
3722193.029602361,0.30064800249576473,-0.07115312559363066,1.5589650033847886,0.5869565217391305
2171987.4543399243,0.16780804421525586,-0.09523538714916847,1.4838818493696075,0.572463768115942
1558969.9086913976,0.09286758937559814,-0.08076855006902268,0.7992242639079946,0.5072463768115942
3160689.389594882,0.25879892599953425,-0.1390691123771465,1.5251975366266741,0.5579710144927537
2092468.0479891805,0.15912898804492137,-0.10709419796728684,1.198653918990165,0.5144927536231884
6387420.2507818565,0.44898903214281005,-0.0699236759891947,2.170643890609462,0.6159420289855072
3251294.071367822,0.2659345429815274,-0.08171677549793412,1.6142738530188396,0.5579710144927537
4579956.828679323,0.3557270984126828,-0.06414696680949951,1.9431884623914186,0.5942028985507246
3312668.202032072,0.2706782253070332,-0.07800773845936929,1.8135566402803176,0.6159420289855072
2371666.264674513,0.18853155135842958,-0.07529127102507888,1.448663495985415,0.5289855072463768
2649681.931864062,0.21517478378876986,-0.06723192897474062,1.4265829209520586,0.5217391304347826
5014045.064675859,0.38050392767297603,-0.08988886703405818,2.1664957527758646,0.6086956521739131
2170761.53235755,0.16767618665038664,-0.1283747567132012,1.2016342754614822,0.5289855072463768
4314397.51680178,0.33962742987433714,-0.10278319827941351,1.800798354686749,0.5797101449275363
1804641.9397886642,0.12532562718293017,-0.13580472738693253,1.129631625051366,0.5362318840579711
5293670.046623869,0.39556919227425125,-0.06138163269747549,1.9952101115175227,0.5942028985507246
7744053.279848275,0.50589144637469,-0.05162728960000002,2.3334488167252565,0.6956521739130435
2570722.1771735633,0.2078445077104405,-0.10394113421143933,1.2904907957557645,0.5217391304347826
7764887.403386116,0.5067008473201611,-0.08007211018214344,2.2969912181737437,0.5869565217391305
2865774.259898153,0.23437863299378847,-0.09273495415413369,1.4735480999110977,0.5579710144927537
3014346.387296322,0.24692011630247102,-0.09106561431264047,1.59623276346525,0.5797101449275363
2423991.1136423135,0.19373026464577792,-0.06635788973332252,1.3765644560618533,0.5434782608695652
6732973.477731755,0.4643381623559131,-0.05325447919922315,2.1170804875307327,0.6014492753623188
3600141.3787698643,0.2920041576031054,-0.11203615942422798,1.7008880670979878,0.5579710144927537
2622863.48734918,0.2127049142717703,-0.12388790279373176,1.490226032241668,0.4855072463768116
2262922.7620851193,0.17742687970045323,-0.06905843240886331,1.3141148346863225,0.5144927536231884
2629355.649553352,0.21330466287226746,-0.14852018721999952,1.6523605795071605,0.5579710144927537
4807929.515803615,0.368962710541179,-0.07559430708249415,1.8232337179129334,0.5797101449275363
3210855.888827587,0.2627697298160643,-0.06779959928686322,1.8394650475050576,0.572463768115942
3065478.314456041,0.2511219676135039,-0.06607850580050634,1.663628012996485,0.5869565217391305
2673286.9620498526,0.2173322174945025,-0.0689458840842964,1.4825077327094625,0.5217391304347826
3412537.30649073,0.27824905866290184,-0.08300033309167285,1.861385411837001,0.5797101449275363
1740755.5694743167,0.11724278485553508,-0.11898502711986238,0.998358091976775,0.5072463768115942
4964830.344965788,0.3777831925491131,-0.06577823963093454,1.8466197536398492,0.5652173913043478
2219884.723263577,0.17291376883637222,-0.07533939327411202,1.4212681948452017,0.5942028985507246
3108287.560371547,0.25459698079994664,-0.06612657502701981,1.6694412563481291,0.5579710144927537
3088063.448025363,0.252960104870084,-0.057396704081537624,1.69531347966291,0.6014492753623188
1756732.0333838353,0.11928608366896398,-0.09906747379305209,1.0001315855785786,0.45652173913043476
2742508.6356884874,0.2235721990292816,-0.05732292551741477,1.452501906596343,0.5217391304347826
3878198.0791719966,0.3113722743964873,-0.08327293355190873,1.80733799531453,0.5579710144927537
2409251.1870681145,0.1922749415301952,-0.12701884770140878,1.324278747485737,0.5072463768115942
5337950.866062042,0.3978961680554536,-0.031963829999999874,2.1048801984958834,0.5652173913043478
2402982.22269391,0.1916538256633804,-0.10166366187039316,1.2775496028673035,0.5072463768115942
2669965.8727899054,0.21702960280844552,-0.08981187466164635,1.3340949502524546,0.5289855072463768
4776722.488321939,0.3671809619620985,-0.07593895008273849,2.169627676441274,0.6304347826086957
2370386.7673723404,0.18840328278960383,-0.08722532449257636,1.5137044047675812,0.5507246376811594
2319917.2192046144,0.18329900049588432,-0.07972709374736545,1.3268125085526223,0.5797101449275363
4594983.910837043,0.3566155756758731,-0.12191287354454787,1.8798679088413814,0.6159420289855072
3118319.7965922332,0.2554057988375735,-0.06384296023817577,1.8458421196174624,0.6231884057971014
3743426.3282389804,0.3021285407347234,-0.09377032443326183,1.9147870775031954,0.5434782608695652
3046501.794360853,0.2495691300581604,-0.06422546815451502,1.7762600556285535,0.572463768115942
3328191.927442885,0.27186692198062845,-0.06451344428836367,1.7650291261669675,0.572463768115942
6335433.698996912,0.446622681430074,-0.053891871999999924,2.064812234275594,0.6086956521739131
2253675.4531134698,0.17646300488983635,-0.09096896105192905,1.2600889798809174,0.5579710144927537
3652743.5835543647,0.29575781638233334,-0.08348674406450152,1.5520216606908324,0.5579710144927537
3365514.7894614623,0.2747067943877062,-0.05020829615283226,1.7488281054202168,0.5579710144927537
3448441.255573377,0.28092754981479295,-0.05128455271493294,1.6987181221687027,0.5362318840579711
1909801.4372569271,0.13814512669039813,-0.05828578864099838,1.2765779428490631,0.4927536231884058
3541087.3377649654,0.2877374548586573,-0.05269039716760906,1.833931881006857,0.5869565217391305
3104413.920762343,0.2542841216531888,-0.08016202867588315,1.5956479662099723,0.572463768115942
2996390.2213401953,0.24543100769159643,-0.06257978570214508,1.7797513266747382,0.5797101449275363
2187952.8183168108,0.16951983144423677,-0.06516517660042588,1.3704107517075206,0.5652173913043478
3175764.9745229883,0.2599974637144653,-0.10308746841459449,1.4735211197881286,0.5217391304347826
3536407.7855443493,0.2873969254119133,-0.0631948442491855,1.615212322662217,0.5072463768115942
3030283.5726529313,0.2482358577779833,-0.06426228339339476,1.616170319322427,0.5579710144927537
2369893.3245229307,0.18835380074343844,-0.0651227738259218,1.4974185152749886,0.5289855072463768
1890052.439490849,0.13578144848111573,-0.11755101951626704,0.9787613487568688,0.5
3547045.2318960507,0.28817048824609315,-0.08008181894960041,1.6873200360517913,0.5869565217391305
3306203.1697429065,0.27018186432298963,-0.09762835846263457,1.5924763664361399,0.5507246376811594
4974620.825521239,0.37832615297763406,-0.045747207150727116,1.9239751896819686,0.5507246376811594
3389935.500271134,0.27655134345705745,-0.09380294458239892,1.576206216036984,0.5797101449275363
3395703.415723639,0.27698545402322416,-0.08430944088045884,1.4869957054158993,0.5289855072463768
3880401.63353184,0.3115212623286261,-0.04761122887101234,1.7025423223564078,0.5362318840579711
2403911.8342102026,0.19174601142561176,-0.0837029222491978,1.2946035330451322,0.5797101449275363
3277742.8736430006,0.2679875120769155,-0.08206332675266304,1.5030588482567213,0.5434782608695652
4029530.9156315657,0.3214504964183045,-0.05817260159999992,1.746183352549327,0.572463768115942
5543469.889132086,0.40849833706981187,-0.08130468308894986,1.8775274881159412,0.6159420289855072
2284899.3980014436,0.1797049905935697,-0.1738973857006373,1.1564839256649435,0.4927536231884058
2597599.0168494964,0.21035960862427272,-0.0768882310398577,1.4481333437245043,0.5579710144927537
3556946.2841013377,0.28888883411375765,-0.09292050239906616,1.8319163015929907,0.5942028985507246
3408880.593034387,0.27797499893203437,-0.1568043254614427,1.5934457103262556,0.5289855072463768
1795772.7389574663,0.1242173277913663,-0.0881538023240716,0.9887101419098996,0.4927536231884058
2738223.4833987234,0.22318959507317948,-0.08742185438929496,1.5370685875497685,0.5217391304347826
2501891.5529996003,0.20130613823931154,-0.092722069681555,1.5097983385683185,0.5362318840579711
2562170.5741475318,0.2070398483610174,-0.08293143267462282,1.4782122345809936,0.572463768115942
2623964.17479019,0.21280667977119583,-0.07461405937259155,1.5941503261178696,0.5942028985507246
3493008.693571924,0.2842214906986744,-0.11756578025986344,1.5356036533884962,0.5362318840579711
3217139.494689079,0.2632635883729266,-0.054332932664736114,1.9153550316560997,0.5942028985507246
3482667.963788273,0.283460224866942,-0.05697489046058824,1.5856365565970618,0.572463768115942
3512508.1421439233,0.28565211298061155,-0.08611814060978842,1.5769286505093554,0.4927536231884058
3510505.326267987,0.28550546495341367,-0.08132104954172899,1.6544899611025585,0.6014492753623188
2997185.612220137,0.24549712052913986,-0.06627825269684594,1.5482542697172166,0.5362318840579711
4047260.3091376587,0.3226112961208403,-0.07261611055921569,1.764269296479127,0.6086956521739131
3757644.777437165,0.3031162018857807,-0.06621793577923672,1.944903895140087,0.5797101449275363
2885946.561412873,0.23611152894414644,-0.053064450079679436,1.5829727264625897,0.5942028985507246
4719448.6557455305,0.3638865705059873,-0.055645890538431934,2.0164990036766137,0.5652173913043478
2800029.4058565744,0.22866225977161347,-0.11605763179405983,1.4892340311903924,0.5072463768115942
2623227.9075146373,0.2127386109981757,-0.05082201641306921,1.5164024204677782,0.5507246376811594
5037956.728264926,0.3818181302913295,-0.06445036800000004,1.9950149827036117,0.6014492753623188
5912336.205775769,0.4267629544411371,-0.046211221233418046,1.9895551039023627,0.5942028985507246
3620432.853248367,0.29345730956230476,-0.07609778142955637,1.6284598425164911,0.5
5524062.612617449,0.4075107434818115,-0.09045748028148336,1.8222201219837366,0.5144927536231884
2314701.080714443,0.1827664116581187,-0.09801172428963335,1.2415938693054154,0.5362318840579711
3047283.077555374,0.24963321452595322,-0.09759449950588411,1.4427328749413562,0.5217391304347826
4404998.735189578,0.34520712092587136,-0.06718361532576635,1.8811433980355277,0.5869565217391305
2961486.9443058227,0.2425159272892361,-0.07784409417091986,2.014250546738365,0.6304347826086957
3177985.5081958496,0.26017361557868735,-0.10703755347859951,1.7806790626600588,0.5507246376811594
4397040.757347819,0.3447207247489572,-0.07301975781798108,1.7430886332524242,0.5362318840579711
3427631.2366049243,0.2793778232927444,-0.1022524811539235,1.7849241510473501,0.6014492753623188
2558775.734504729,0.20671981656778216,-0.12076115059689628,1.3740466412129935,0.5
3481777.5264138626,0.2833945879551394,-0.0787196589521658,1.9634036926296363,0.5869565217391305
5472106.847168262,0.40485309873477027,-0.04215237862369459,2.2777909213259346,0.6086956521739131
3541611.1905566053,0.28777555304047486,-0.061309616490466505,1.6019502082187687,0.5652173913043478
4735833.71824028,0.36483229100955583,-0.08394154138646741,1.8487794404072357,0.5362318840579711
2420820.574508595,0.1934178253617871,-0.09434554261628782,1.367925989728389,0.5289855072463768
6745644.49397861,0.4648889056790677,-0.11468677575196133,2.3810189988484427,0.6666666666666666
2511587.0961958044,0.20223577907368262,-0.09656098417447417,1.3609476012806505,0.5507246376811594
1465371.751866605,0.07941776918736165,-0.10746595323771167,0.7585215822254574,0.47101449275362317
3222159.138387416,0.2636575519695106,-0.09026975246491023,1.6011980718653047,0.5289855072463768
3897451.3707866147,0.3126717564366963,-0.050225550676662345,1.9122657839889674,0.6304347826086957
4765598.244620323,0.3665435775759016,-0.0987404804927176,2.1463607210755837,0.644927536231884
5338253.490041253,0.3979120178569433,-0.08746739785741146,1.9335353399960578,0.5942028985507246
2206414.7895299867,0.17148688775968557,-0.08023617666722212,1.1809805672497327,0.5144927536231884
3307408.3507862277,0.27027445245936277,-0.0862484623909908,1.6740344229744641,0.572463768115942
1917200.907867191,0.13902570513181578,-0.11909867590165003,0.8825142947820305,0.4855072463768116
2749352.0700963615,0.22418223107888546,-0.08449305750685049,1.398654069503873,0.5362318840579711
4902158.427499546,0.3742870955599593,-0.08928056993196488,1.821944391769734,0.5942028985507246
2889898.213485178,0.23644985880501102,-0.10552744537017344,1.5081327398322024,0.5362318840579711
2802341.8696503416,0.22886513613076853,-0.08317605047459618,1.413305513305184,0.5362318840579711
2036254.399542807,0.15283301966821417,-0.08241054777864217,1.0624967781337389,0.5
4718963.344390199,0.363858519056919,-0.049364762109847395,1.8728912134298383,0.5507246376811594
3421298.429133163,0.2789047241063263,-0.09231923217703165,1.778755049499066,0.5869565217391305
1864039.0655013716,0.1326376710028041,-0.06679261370120333,1.2358836300355422,0.4855072463768116
3521784.143175938,0.28633043924619317,-0.058562325018301414,1.8845291922055087,0.6086956521739131
3522331.7659044303,0.28637044056066063,-0.0833206535795464,1.6543386543797212,0.5507246376811594
3453241.741781197,0.2812839806454295,-0.09217165125492459,1.5599917171466742,0.6231884057971014
2500329.719670718,0.2011561150583645,-0.13173685178461014,1.6201214040592813,0.5652173913043478
3696779.2912108283,0.2988670646227629,-0.10210496528703394,1.6002355848487828,0.5
2446468.0308080185,0.19593591685602507,-0.06472810353977068,1.3032676352437984,0.5072463768115942
4792648.21712463,0.36809139266168245,-0.08705412300602594,1.9454415034812247,0.6086956521739131
2324434.5472939415,0.183759464451565,-0.10255186206011904,1.3393097699964145,0.5579710144927537
2369559.184522039,0.18832028877630136,-0.14493924325936697,1.2110094382644496,0.47101449275362317
5751777.891539291,0.4189282045757894,-0.13992861320595001,1.7820006407156406,0.6014492753623188
3855938.3876155466,0.3098634297262117,-0.06953896154782487,1.5705606576458313,0.5144927536231884
3980086.6752011995,0.31819149725924345,-0.07479400016052846,1.654722116504785,0.5507246376811594
3894947.4766619606,0.31250304946677465,-0.07304760921400194,2.0826959702598318,0.6231884057971014
2587981.773393445,0.20946204129348933,-0.1052836866325142,1.589817796327538,0.5362318840579711
3622194.7876381357,0.2935831808874696,-0.09897552111787933,1.5376683610457236,0.5797101449275363
2828464.57846789,0.23114767386349855,-0.05102188947785826,1.5190863401323322,0.5797101449275363
2664461.4589469843,0.21652738172699748,-0.0539056762890083,1.615273980679408,0.5434782608695652
3210080.438409738,0.26270872988595495,-0.059249451960283445,1.740530812415153,0.5217391304347826
2212116.5129353413,0.17209172421911978,-0.12056797236569922,1.3258545251549068,0.5072463768115942
3164427.91231118,0.2590965714064837,-0.06659390486938796,1.6067895951949873,0.5797101449275363
2433850.374792072,0.19469975640093895,-0.07778545474738416,1.4783764823179881,0.5652173913043478
3141646.804870498,0.25727844993792437,-0.09488662876408174,1.4655462597262392,0.4855072463768116
3352058.1403667377,0.2736858045345836,-0.10369738361543895,1.5007181686520419,0.4927536231884058
2563405.911459487,0.2071562195260892,-0.103976695473823,1.318193084382748,0.5652173913043478
2718913.5513032987,0.22145952315783335,-0.07979854783240721,1.4025575058079631,0.5144927536231884
2481906.6632013507,0.1993807910036125,-0.1525524671120716,1.343273345594248,0.5144927536231884
2900922.627236444,0.23739178694399898,-0.0647077629671312,1.5219815698101868,0.5579710144927537
3077419.9752546716,0.25209520875033253,-0.09215067880483543,1.5033984927220276,0.5797101449275363
2251779.033061206,0.17626494448428298,-0.07809136748209246,1.2036551995198095,0.5072463768115942
2140541.7807263285,0.1644068236622711,-0.08845388771737159,1.2597377248062287,0.4782608695652174
2786684.9421177073,0.2274889017686228,-0.1123811392256303,1.5006591443386594,0.5797101449275363
2206041.2507449044,0.1714472192959593,-0.06622425398163388,1.5698852116979303,0.5942028985507246
3070688.2310826965,0.2515469462804474,-0.08504568099658341,1.3618767863747847,0.47101449275362317
3331241.357841217,0.272099904276885,-0.08745335662550081,1.6362212897965838,0.5942028985507246
2839792.061694422,0.23213220222587694,-0.07595666841719662,1.670839613473599,0.572463768115942
6024707.07152049,0.4321456465798872,-0.09392865543076374,1.8580759637271531,0.6014492753623188
4817123.85051946,0.3694858914409114,-0.11413246447810743,1.910601499232355,0.5942028985507246
2418053.0779262776,0.1931448360186212,-0.10488958153645792,1.266708658822224,0.47101449275362317
3356260.476311158,0.27400499790003163,-0.08383640181732653,1.7815258482370135,0.5652173913043478
3479207.988971079,0.283205104029848,-0.09912802414936246,1.6506455671608324,0.6086956521739131
3403654.182058934,0.27758288648821616,-0.11193817622143751,1.7087653242613454,0.5072463768115942
1647019.9626615124,0.10494273969715162,-0.19582398391610215,0.8030207092583894,0.4927536231884058
4505032.907288022,0.3512620926043031,-0.08396606358702446,1.7640198092510924,0.5652173913043478
2433284.714237212,0.1946442182817132,-0.18716455050497383,1.2856026057688017,0.5
3369941.592159744,0.2750419531521979,-0.1212681879752691,1.4981765357022652,0.5434782608695652
4085015.0900923726,0.3250697299966636,-0.059588563819495725,1.8614454149134543,0.5579710144927537
3357657.658922371,0.2741110517247438,-0.06629182607568383,1.892487036689521,0.6014492753623188
3814405.88280575,0.3070294725286997,-0.0723951208265825,1.6882265505238174,0.5652173913043478
2844229.8653426142,0.23251705758888042,-0.09383476086701735,1.4168174379167153,0.5942028985507246
2755149.3058454474,0.2246980540537058,-0.06928179709559715,1.4454271157388365,0.5579710144927537
1522947.8318446062,0.08776982043966397,-0.10802000576162504,0.8991162740002634,0.5434782608695652
2692209.172947707,0.21905067682339685,-0.05882516822686802,1.4964541985168123,0.572463768115942
2126922.9962636996,0.1629213756938115,-0.12603994407090185,1.1182419271102917,0.4927536231884058
3765990.0670047547,0.3036945021139972,-0.08853832030179166,1.5571559045963337,0.5289855072463768
2888001.1649482846,0.236287484813551,-0.08496453868502739,1.481163667722461,0.5434782608695652
2408023.450663899,0.19215340187296426,-0.09540088221957758,1.4210833504704539,0.5652173913043478
2982014.6297043334,0.2442336826521645,-0.08785913952799193,1.5872159850576337,0.5579710144927537
2594778.919189221,0.2100966877095587,-0.10298445373398563,1.386805724267196,0.5
3906706.527003803,0.31329459723721964,-0.07358563169336954,1.8560072784423918,0.572463768115942
3280278.773033593,0.26818365279024836,-0.07598208620608461,1.6954607027423865,0.5579710144927537
2512184.5596110956,0.20229297187879558,-0.13065824904014745,1.342797258816256,0.5217391304347826
1759689.271688062,0.11966266576349027,-0.08123072017779591,1.134184407875924,0.5144927536231884
3936869.5011028023,0.3153163051288803,-0.047314665130418376,1.8988660135301456,0.5797101449275363
4709315.926582583,0.3633004097843089,-0.07362855970209854,1.9303601250612696,0.5797101449275363
3488494.3285631915,0.2838893733497996,-0.058940897728214536,2.2644854002802233,0.6811594202898551
2862547.8752192818,0.23410056677855517,-0.07201449920266348,1.5215101196592749,0.5579710144927537
3346982.831121941,0.27329987638749254,-0.06888496259490923,1.720243227004089,0.6014492753623188
2421361.8776378348,0.19347119098820187,-0.10011769581766053,1.1254945267978267,0.4855072463768116
3455267.176522781,0.2814342480544305,-0.08569205658536257,1.7199796870471902,0.6014492753623188
4097526.890324309,0.32588043610238526,-0.044480000000000006,1.838191327682,0.6666666666666666
3791500.7655362464,0.30545597282857906,-0.08305687516916697,1.663769006674565,0.5797101449275363
4902930.837987044,0.37433040084616476,-0.04447999999999996,1.9909673283784501,0.6231884057971014
2509333.8794266544,0.20201998958841894,-0.06941326288102154,1.8455644316616289,0.5797101449275363
3598693.37158824,0.2919002098877057,-0.10175684798601024,1.6059430123097422,0.5362318840579711
4039678.3056621966,0.32211537712296523,-0.07816444089163353,1.6977972101452223,0.5579710144927537
6433911.332583489,0.4510922221467384,-0.06189861839144178,2.2616268703594216,0.6086956521739131
2163169.5965960715,0.16685828472181052,-0.09596672579006889,1.1506171373465084,0.5217391304347826
3562780.8729511914,0.2893113992271408,-0.046296853424751,1.6315316482941835,0.5217391304347826
3134174.588177149,0.25667980800067447,-0.08829395737484737,1.5973990836720529,0.5507246376811594
3041016.799928798,0.24911885485873642,-0.09815054833265349,1.4965978895076366,0.5579710144927537
3857332.307271669,0.30995811902041526,-0.12796409736209197,1.7816692449515623,0.6159420289855072
4059211.0037288805,0.32339145289959736,-0.12282513083005993,1.6355633272086207,0.5434782608695652
3600262.4326989166,0.2920128461550051,-0.07031137159246209,1.6525612989765446,0.6086956521739131
2208072.11723707,0.1716628251765706,-0.05237271477663493,1.3804114924691928,0.5144927536231884
2348795.356391548,0.18623036243744662,-0.0797410136976386,1.2763040044317577,0.5362318840579711
3290216.505530143,0.26895112568610147,-0.06462350813355316,1.5115124839337417,0.5362318840579711
3006381.6905544098,0.2462604805162356,-0.14379075663715662,1.566082322578047,0.5869565217391305
5702265.55358426,0.4164768715685849,-0.09580332703022089,1.983548454031316,0.5869565217391305
3977304.7682302883,0.31800717404731227,-0.11265261137292568,1.7659967898971551,0.572463768115942
4989837.151042475,0.3791683255276501,-0.06978474939244608,1.9741459411848314,0.6086956521739131
2654136.7540057334,0.215583115867914,-0.1392977550517731,1.1767213809767436,0.5217391304347826
3551879.8438830064,0.2885214514540233,-0.0810672581400899,1.929016745873473,0.6086956521739131
2320194.170748035,0.18332725157603624,-0.12260531072058621,1.2298735049349052,0.5434782608695652
2389505.405187615,0.19031416944720858,-0.10747013742023463,1.2119509743263412,0.5652173913043478
4033548.0545694493,0.3217138687447605,-0.06516017563594295,1.7592306224990337,0.572463768115942
2646015.925487093,0.21483834295604654,-0.1040553449781601,1.542273393797293,0.5362318840579711
2167174.544299772,0.16729003537299358,-0.11353707178047973,1.3443025882377992,0.5434782608695652
3356145.3534175535,0.27399625786598314,-0.06842063091437428,1.552648579372097,0.5144927536231884
4361322.445989703,0.34252888759931355,-0.05368782041411374,1.8742430363472318,0.5797101449275363
3655861.5865746164,0.29597895416063147,-0.08329913776108952,1.6983871370707504,0.5217391304347826
4073643.7004534416,0.3243311922124994,-0.07626635942877577,1.7323004138179694,0.5942028985507246
1808717.2821333779,0.12583342322388824,-0.13291511913857307,0.9117405539941972,0.463768115942029
2600897.1465717442,0.21066680747404587,-0.12324690784296023,1.3354159933271004,0.5072463768115942
2572334.1535855057,0.20799594598754068,-0.15272670927519022,1.453627761619858,0.5362318840579711
2961621.441899155,0.24252721299599544,-0.056786736801161856,1.5876181401815548,0.5289855072463768
1952114.6558425406,0.1431443242514019,-0.09680603015073097,1.1045679219220759,0.463768115942029
4141132.721494965,0.32869050024474333,-0.08992525352840235,1.859983768859209,0.5507246376811594
2476073.7985651926,0.1988165142156968,-0.11064659788370468,1.3318477938912425,0.5144927536231884
2757899.5315555176,0.22494245837708204,-0.05877510989580805,1.5179760419299309,0.6376811594202898
2864705.8643207997,0.23428658098527455,-0.057385759410238574,1.8133285583889223,0.5942028985507246
4650680.31338105,0.35988848841007126,-0.048404702479921326,1.9418180731893153,0.572463768115942
2438435.812196105,0.19514958661422588,-0.07355546255599271,1.6342233070708696,0.572463768115942
1717863.7876887405,0.11428874778140385,-0.1700851027850032,0.8350023393371001,0.45652173913043476
2316672.102975984,0.18296777375223816,-0.06197442792118412,1.3764166720102813,0.5289855072463768
4710415.207562777,0.3633640500379516,-0.05461676622087513,1.6909823096392405,0.4927536231884058
3191405.3850870184,0.2612361051221188,-0.07177618705303723,1.541477459576106,0.4855072463768116
2332892.5857334756,0.18461969447342041,-0.07570402997923793,1.628200673544239,0.5579710144927537
2162783.1308061285,0.16681658821875667,-0.08683105938041356,1.278483061823971,0.5507246376811594
3560136.7431194386,0.28911996903047,-0.07869603419984081,1.713669361443762,0.5652173913043478
5505671.950508673,0.40657231841849284,-0.0758395489944508,2.0502885558016146,0.5797101449275363
7057075.684302887,0.4781719439804073,-0.06262634673452885,2.2839981477323525,0.6231884057971014
6297138.347457967,0.4448695778219345,-0.032238496880662465,2.2753324601678515,0.6304347826086957
2949237.977781273,0.24148639187795307,-0.0622093828605815,1.6026397190739994,0.5579710144927537
6147258.031059117,0.43792517915285867,-0.10548430680662207,2.1876142385810846,0.5869565217391305
2257492.917698979,0.17686129346997315,-0.10795953877186736,1.1718217622383627,0.4927536231884058
1735773.9633240693,0.11660259784697291,-0.10775665329964101,0.9199623398926416,0.5144927536231884
1697918.0510003332,0.11168909391286186,-0.14515043755812562,1.1582853450302166,0.5434782608695652
3832202.4764539087,0.3082468250602972,-0.05443265302437152,2.0575896768929,0.6231884057971014
5939416.118968314,0.4280675495636763,-0.08110743832091886,2.452239042711471,0.644927536231884
5137001.981623646,0.38720915611047824,-0.09865996332774292,2.0347742799083113,0.6594202898550725
4886765.543246098,0.3734229512208034,-0.041712942061752994,2.3684058564972497,0.6521739130434783
4013718.8262372976,0.320411776611498,-0.0903159178816257,1.7062739117270418,0.5652173913043478
2999915.4262515274,0.24572391579396924,-0.07166369993400754,1.5468383363718297,0.5942028985507246
3480949.510694137,0.28333354028698476,-0.05613661849421905,2.0131716025100244,0.5869565217391305
6460245.516860089,0.45227815455735554,-0.05556912221151079,2.187311304029053,0.644927536231884
2089652.2681673842,0.15881685804411716,-0.08368480625741875,1.1084245087852134,0.4782608695652174
3089415.7300245212,0.2530698214425886,-0.06009522630627188,1.6726262604791433,0.572463768115942
2214338.3231288847,0.1723270752708983,-0.15301360608714207,1.2282244768291182,0.5434782608695652
2729715.131907058,0.22242849675346776,-0.1038823937671806,1.4404729935980196,0.5144927536231884
2836106.2882135506,0.23181219853320112,-0.07284555276132977,1.5080994079686756,0.5217391304347826
4162113.9916023384,0.33003415619196996,-0.08081716649861982,1.722460794512861,0.5362318840579711
2029532.5204443673,0.15207088927300205,-0.07418922309615891,1.1249169096250948,0.5507246376811594
3590561.8381695845,0.2913158512659777,-0.09228787255594754,1.7632437662126654,0.5942028985507246
6544880.312740973,0.45606358883939024,-0.055156298296247894,2.1696421935385044,0.5797101449275363
4052061.4859704156,0.3229249443263924,-0.06912701013831442,1.8164833860197445,0.572463768115942
4193875.7077066354,0.33205792613256024,-0.05670187947692603,1.7619145026536889,0.5652173913043478
3445121.1592701506,0.28068080403821405,-0.07804191282809586,1.6949494026351877,0.5579710144927537
3647230.3278138833,0.2953664305113861,-0.07893950446605046,1.9691806205672708,0.5579710144927537
2570829.6329626753,0.20785460508430909,-0.08581219024039399,1.5393871072480922,0.5797101449275363
2440186.799786136,0.19532117950637007,-0.06109901046201136,1.6806711236554315,0.5869565217391305
2239393.3717967053,0.1749681050689016,-0.10505578817343464,1.2025395119456994,0.5144927536231884
3458519.415357194,0.28167538495285194,-0.094007323982588,1.583287832476725,0.5652173913043478
2741214.9606216718,0.22345674243012525,-0.08946664552138493,1.3980477214889504,0.5797101449275363
1936948.9615407074,0.14136259447977118,-0.08100089829043118,1.0214578959306717,0.4420289855072464
3228799.137671462,0.2641779345481272,-0.0751679131732047,1.5425442701280543,0.5144927536231884
2002426.5162703213,0.14897695334994476,-0.2116680953727956,0.9926851930203031,0.4927536231884058
2323524.048336111,0.18366671237347054,-0.10245892546888449,1.3626149660333582,0.5652173913043478
3821092.209366679,0.30748737370323087,-0.09118865677821122,1.7351968066991124,0.4782608695652174
3194985.178561927,0.2615189234937243,-0.12922780055577873,1.6359151035988342,0.5797101449275363
2587252.839585327,0.2093939019329758,-0.157132857463247,1.2783038879053572,0.47101449275362317
3436986.697361172,0.28007545509587106,-0.14670813150283163,1.7181181013920208,0.5362318840579711
1759305.8656002947,0.11961387045540106,-0.11237712386233908,1.1146711977207602,0.5217391304347826
3050007.242366181,0.249856560378535,-0.1108168719797542,1.5718632473920164,0.5434782608695652
2575975.2034147866,0.20833772780788418,-0.07901717327255162,1.4430013503421644,0.5289855072463768
9945352.037870057,0.5831571698349938,-0.09395246748795062,2.3904131330369283,0.6376811594202898
4090715.3100180337,0.32543932356521466,-0.0697112339913521,1.8371710621733395,0.5652173913043478
2284233.347411778,0.17963620552239146,-0.12179200987919897,1.3712033230981224,0.5072463768115942
2177320.471602607,0.16838096029737182,-0.0861871259843595,1.3008763469618203,0.5
1797092.5784628629,0.12438253248418851,-0.19776711363780633,0.9712177952861482,0.5144927536231884
3005731.0137856496,0.24620652975162693,-0.07273748808130145,1.7432006416501695,0.6159420289855072
2987371.0633371794,0.24468035193991722,-0.120527287388145,1.4461108456913128,0.47101449275362317
2984039.307894932,0.24440259456054503,-0.059826819350604965,1.557038453884205,0.5434782608695652
3646748.1628995137,0.29533217913604637,-0.10815820950003567,1.6256786465525912,0.5652173913043478
3289362.6692409692,0.26888525834854704,-0.0730908933121971,1.8451528596335165,0.572463768115942
2193439.572571416,0.17010580760094363,-0.09191145998417766,1.1320498082156558,0.45652173913043476
2771521.0643575657,0.22615009675073927,-0.0945622051983398,1.7290029236362228,0.5869565217391305
2999723.6756371697,0.2457079903827677,-0.06792890391893555,1.6064971058414945,0.5797101449275363
1828346.3777846089,0.12826650439233833,-0.1108090150157738,1.0116174453630853,0.5072463768115942
2264925.1356239775,0.17763517796259864,-0.06460803529753602,1.3006184703863188,0.5579710144927537
4692975.689149258,0.3623530265467647,-0.071364544657042,1.6925208468754638,0.5652173913043478
3351924.8815909573,0.27367567747216426,-0.08566782347096633,1.502223349282152,0.5507246376811594
2088338.0038558494,0.15867105628028577,-0.07264827018496958,1.1987948333087253,0.5
4219382.555816118,0.3336742946004281,-0.0807769307382922,1.9343075861816537,0.6159420289855072
1831396.3306652813,0.1286426766392037,-0.07899250302117036,1.1626114331615913,0.5217391304347826
2427673.931166625,0.19409277599308972,-0.07634951696856854,1.2539843913376776,0.4927536231884058
3504442.5162880034,0.28506113205476447,-0.08280957448575993,1.606462700356888,0.5434782608695652
3737136.5514378613,0.3016906740752183,-0.09269481991695022,1.7608811884390991,0.5652173913043478
4378595.47296261,0.34359062463642087,-0.05855853530315703,1.9316683448929353,0.5797101449275363
6431051.681882651,0.4509632071629537,-0.10066203268579545,1.941069622088711,0.572463768115942
7296656.72204528,0.4880748714701968,-0.09418519252810209,2.293292443659544,0.572463768115942
3485044.812248315,0.28363536404447753,-0.05719970721640281,1.9820337506990828,0.6159420289855072
3718681.0937713003,0.30040247427240097,-0.11111700945992214,1.4741381360769692,0.5144927536231884
2038609.7695526434,0.15309959665750794,-0.1026733636654629,1.4242063133780802,0.572463768115942
2861995.5935952305,0.23405294321379788,-0.10065684083255763,1.4040952552254515,0.5579710144927537
2937341.010629465,0.24048316236513467,-0.05628141764235532,1.3961502858930328,0.5362318840579711
2882991.048481304,0.23585824351321927,-0.12345664887248593,1.6039477195262195,0.6159420289855072
2569954.2559342077,0.20777233808376128,-0.06181267915268645,1.464806153444097,0.6086956521739131
2833483.019008625,0.23158424013587764,-0.059533210625772603,1.6827538270436553,0.6014492753623188
3601374.409607605,0.29209264650379496,-0.07910744316998736,2.170363118377655,0.6304347826086957
2652460.1937630596,0.21542950558694218,-0.059243682747826557,1.4772454398752877,0.5289855072463768
3138127.923279558,0.2569966743099361,-0.0968621869346675,1.6141346282103426,0.5144927536231884
2077914.6108349187,0.15751209939840538,-0.07926478791891634,1.1175922094578805,0.5289855072463768
4702986.640279541,0.362933759457027,-0.04831335177842287,2.162173650084242,0.5869565217391305
2923826.6856364706,0.23933959543699523,-0.08439716655218342,1.6252403358466894,0.5579710144927537
2872961.366691579,0.23499715517585873,-0.09025296019597234,1.7082255744921253,0.572463768115942
4384588.913068635,0.34395824592314117,-0.07121516855924623,1.8445186605519832,0.5579710144927537
2970728.3461184027,0.24329042221295238,-0.10004790658440968,1.6743156446959984,0.6304347826086957
3322789.3311450416,0.2714537336968059,-0.09134166180357621,1.7036414752630815,0.5362318840579711
4353347.745054403,0.3420375638920705,-0.04932138256461799,1.97195638658443,0.6231884057971014
2443231.000930037,0.19561927010004032,-0.11295729095375319,1.2434738084567085,0.5507246376811594
2149343.9907218,0.16536289340450505,-0.11428462967974025,1.063292682149113,0.5362318840579711
3594210.026077394,0.29157815280117627,-0.08343011811596686,1.5322001945655856,0.5
2578592.7595727667,0.20858319655779334,-0.07174693703175622,1.3621408664601922,0.5
2025628.6385100083,0.15162733755189617,-0.07892395583425652,1.1559648189317249,0.5217391304347826
3409258.2138453717,0.27800331136833645,-0.06505161382068674,1.9252174217024463,0.6304347826086957
3080600.738715002,0.25235393022463803,-0.08296153014314805,1.6442143273747265,0.5579710144927537
3142343.4963320266,0.2573342077952925,-0.09344490173483937,1.4972635023420755,0.5797101449275363
3720187.4501104574,0.3005078101234857,-0.05998844501411908,1.596860376451286,0.5217391304347826
4435152.50704928,0.347043782303168,-0.06289679567230867,1.7559725384862082,0.572463768115942
3965545.5964286877,0.3172268951683448,-0.0702780416834895,1.8828253303348355,0.5869565217391305
3586616.4227404282,0.2910319392484413,-0.0591972316729524,1.731372865605066,0.5362318840579711
5093463.256040793,0.38484968162440203,-0.10135467578162508,1.844951190972171,0.6014492753623188
3338820.035823024,0.27267819165846885,-0.0799988362754229,1.8255635110581907,0.6159420289855072
3929777.4717257763,0.31484207092503214,-0.10036995551561391,1.7431468436788984,0.572463768115942
3228940.745529758,0.2641890231530075,-0.11380130716379633,1.5930577603437752,0.6086956521739131
4200676.18163672,0.33248963923167385,-0.05225852766804315,1.8993085868500144,0.5942028985507246
2074694.0060732255,0.1571530661363565,-0.10067263562772391,1.0259102930692514,0.5144927536231884
3726294.864983372,0.3009345375481398,-0.08209246134986749,1.6299766817332968,0.4927536231884058
6421668.111955936,0.4505395387256226,-0.04447999999999995,2.3938265418952427,0.6594202898550725
2284134.234916102,0.17962596850193102,-0.0763141274178679,1.4818884996482353,0.5507246376811594
4054209.8328065006,0.3230651938800022,-0.06228435696608587,1.832374639725793,0.5652173913043478
2328633.261112485,0.18418680966735135,-0.10008475522534516,1.399019411929331,0.572463768115942
1757094.180487726,0.11933222762097317,-0.07892311993764618,0.9814524404732528,0.5289855072463768
2983513.9470649837,0.24435877433186204,-0.1323938278691218,1.3481622994251439,0.5217391304347826
1713643.9009423407,0.11374076493454233,-0.05893100656052345,1.1510598587213257,0.5652173913043478
2806754.705640863,0.2292519103420665,-0.07331976018161661,1.4985095420793084,0.5652173913043478
3064727.808864298,0.2510607004373222,-0.07895280735970082,1.4826545155074837,0.6086956521739131
2940420.667924594,0.2407431704384746,-0.07019685048315076,1.5639751857020714,0.5797101449275363
2222138.2187649705,0.17315180671798114,-0.18219858760658034,1.0652082057563739,0.5072463768115942
4374843.510635274,0.34336028455640744,-0.08931479263364339,2.0594972185580223,0.5579710144927537
4079221.2699834057,0.32469364449104776,-0.08552148928497971,1.8782166659987523,0.5579710144927537
6765806.988818292,0.4657635608915789,-0.05527737599999993,2.190876410279447,0.6231884057971014
2734211.696875722,0.22283096445700878,-0.12844121157292843,1.5925448877261323,0.5869565217391305
2541638.896444987,0.20509912088487736,-0.09849113935348706,1.3016297047209722,0.4782608695652174
2712491.3306054873,0.22088194651619864,-0.13114984875881214,1.6528568257986018,0.5942028985507246
2583266.650078743,0.20902100857123096,-0.09790446363003182,1.3815145618243228,0.5217391304347826
9476875.342230206,0.5679529754581871,-0.05211116940444198,2.259135821576438,0.6086956521739131
5334554.159564861,0.3977182176711227,-0.0803893916525757,1.9026793093831917,0.6014492753623188
2627662.7432027417,0.21314838577354234,-0.06439963065591221,1.6533201060239477,0.5797101449275363
3966425.821387779,0.3172853664697328,-0.08998922823984232,1.8913538710306292,0.6159420289855072
4116184.8514549285,0.3270857138768226,-0.11862015169541006,1.7841018555611503,0.572463768115942
3885895.708690801,0.3118924362280018,-0.06594228696672938,1.8294432115536412,0.572463768115942
2146104.0796686783,0.16501134886171265,-0.10685528239134742,1.2901254598339669,0.5434782608695652
3559074.065705733,0.289043001072917,-0.046297451689151926,1.8388188025519625,0.5942028985507246
2459681.305641208,0.19722497529333305,-0.10701803673148723,1.3159888323184024,0.5869565217391305
2017448.381661018,0.15069568978508796,-0.11331004581390978,1.1790847844577794,0.5
3844135.6316222535,0.3090605661679868,-0.10466151276954135,1.7672477931716777,0.5652173913043478
8434159.153076958,0.5318221968907528,-0.07890881807329632,2.2037962470960215,0.5507246376811594
4149883.0584968193,0.3292515387828443,-0.08302732514123494,1.9104945411052727,0.5942028985507246
3323481.026621215,0.2715066642613111,-0.06926971418728338,1.524682293063209,0.5217391304347826
3134649.222007194,0.2567178675666628,-0.0929460874692757,1.5301722400935431,0.572463768115942
2876640.388171868,0.23531329277213842,-0.1258726637871821,1.6516794480813246,0.5797101449275363
3939512.339682548,0.3154928533036869,-0.061181167631888474,2.1134977462560176,0.6231884057971014
3926899.8277444537,0.31464945156470847,-0.05864040771432686,1.6263710312018353,0.5579710144927537
5609116.379951599,0.4118185707142181,-0.07374071887188369,2.1535913194601,0.5507246376811594
3422550.6312410105,0.27899832674419867,-0.07093441273252733,1.6916771247701141,0.5362318840579711
3101948.47419557,0.25408483422686046,-0.09554854952037559,1.633403898397369,0.5579710144927537
2944013.0522639295,0.24104619168827623,-0.09895964358918778,1.520618129686046,0.5362318840579711
3028511.51510329,0.24808983425858866,-0.06674983403942121,1.5866676977415208,0.5289855072463768
5075842.562954665,0.3838901832449615,-0.052678154569209726,1.9858217161069036,0.572463768115942
2018152.9510137683,0.15077605185941256,-0.06930317910407775,1.2749182188966308,0.5434782608695652
3115193.2914642435,0.2551539575893531,-0.0860413142782277,1.5965106188692109,0.5579710144927537
3333917.855865214,0.272304253275401,-0.0821689489143284,1.7992524847570663,0.6086956521739131
3577213.183107593,0.2903542735901974,-0.08020454906440588,2.1454552947187526,0.6304347826086957
3892372.6484235562,0.3123294726001047,-0.06861741843441366,1.6615685026520641,0.5942028985507246
1713339.6834551536,0.11370121838942215,-0.08589788719874168,1.0469010887553603,0.5289855072463768
2632625.21169637,0.21360625792784416,-0.06536302479345077,1.6164524249482155,0.5797101449275363
1766400.0972433332,0.12051536459364542,-0.12080140428680788,1.1332441106087108,0.5434782608695652
4220796.744829889,0.3337636827847794,-0.06439426141430891,1.6942679283238709,0.5289855072463768
2770030.357781858,0.22601816750701453,-0.13054674019181767,1.3147134592588794,0.4927536231884058
2695987.173738161,0.21939262583867025,-0.13957320957586025,1.514131657995861,0.6014492753623188
4893789.001866969,0.3738175123433334,-0.04873305315430404,1.9672428901307626,0.6086956521739131
3653044.509991952,0.2957791655367923,-0.1300502414558795,1.7446263088690215,0.5579710144927537
3056775.1461339304,0.25041074993775503,-0.07930133100700186,1.4407728136370301,0.572463768115942
4076369.7100065867,0.32450838854081754,-0.06546175055434263,1.8985564694889003,0.6086956521739131
3236446.278509342,0.26477618800211977,-0.08510292524606872,1.8283814124700022,0.6014492753623188
1927909.051294258,0.14029523221146167,-0.04447999999999998,1.222328871452456,0.5144927536231884
2542134.1530020055,0.20514608166509318,-0.16053114497709461,1.4305672388377364,0.5797101449275363
4377095.996643375,0.34349858789223786,-0.07672077507285499,1.7994222311046792,0.5579710144927537
2360319.9501673593,0.18739215551081378,-0.09433782565686165,1.3293980831144296,0.5144927536231884
3094229.8633950623,0.25346010162617927,-0.0779637291360434,1.6019363320377498,0.5434782608695652
3572406.4246700886,0.29000731312787353,-0.1470244283562532,1.7613713882526287,0.5579710144927537
6500649.587906013,0.45409021272508787,-0.05160000154046627,2.1531050852312497,0.6376811594202898
3083394.874592058,0.25258102737181387,-0.12199456979211447,1.4469385112156348,0.5289855072463768
3836571.8743655416,0.3085450162828174,-0.07451346341959307,1.5844286822107185,0.5434782608695652
2169126.011281634,0.1675001806917098,-0.08947727674813143,1.515264444775452,0.5579710144927537
5294834.746197452,0.3956305967743252,-0.09894631730851729,1.787141483708207,0.5289855072463768
3687027.5353108854,0.298181082599591,-0.090766498520794,1.761943442610526,0.5434782608695652
2460988.187627037,0.19735217057887455,-0.06536414628349037,1.397744124418671,0.5
3611959.1459663245,0.2928512685329714,-0.07128740373368266,1.5968501556982733,0.5507246376811594
1574629.5463958955,0.09505436144872381,-0.11546110360930759,0.7985741923102123,0.5289855072463768
2599553.746413311,0.21054171632134167,-0.0993023085868571,1.3973974920736456,0.5579710144927537
2177551.8126461525,0.16840578741743228,-0.13119204995835418,1.3567548588168177,0.5507246376811594
4668919.114814594,0.36095344741399016,-0.09127786630551563,2.0180222007120463,0.6159420289855072
5074730.544353723,0.3838295412340109,-0.07750309464355819,1.874454317748726,0.5507246376811594
2022518.5149045778,0.1512734814651684,-0.08082912175631822,1.1376933097025412,0.463768115942029
5184902.509866695,0.38978659674287086,-0.06652278160987828,2.0723885695145237,0.6304347826086957
2798779.8172107935,0.22855257545536145,-0.10535080915563248,1.2790038556642715,0.5072463768115942
2950328.5853076023,0.24157819689208515,-0.10494225274227242,1.4632782878434765,0.5942028985507246
4335133.826760634,0.3409126928756663,-0.07796656022082286,1.7938253597708094,0.5652173913043478
2211395.4667959465,0.17201530487875072,-0.09107366914958233,1.3288532475458437,0.5652173913043478
1545958.89361577,0.0910372750211128,-0.1549316492829507,0.8691894939760565,0.5362318840579711
3506002.357036059,0.28517550881631193,-0.11694737906111613,1.7670300020862184,0.6159420289855072
5928545.675528222,0.42754443064251824,-0.04857789548458289,2.359351878415596,0.5942028985507246
2800959.6538061225,0.22874388810639856,-0.10375234013839743,1.616522269590541,0.5507246376811594
5149263.586816056,0.3878707557843899,-0.07136094475291087,2.2698762527072907,0.6159420289855072
3772048.9045241796,0.3041137169683479,-0.03890682153866889,1.8992111859355472,0.6086956521739131
2565079.5642307643,0.2073138093101219,-0.07721490302457625,1.3420385081030028,0.5652173913043478
3313941.2815826843,0.2707758762487924,-0.12817623300980713,1.5161507174549533,0.5072463768115942
2684405.917987131,0.2183431826761213,-0.15297976293329116,1.346725204712849,0.5289855072463768
2665743.693577404,0.21664444653589165,-0.07952955316693475,1.504392921057225,0.5579710144927537
2044701.1928148807,0.15378787331018207,-0.08910245690439708,1.3214577045566356,0.5289855072463768
3726985.3137044567,0.3009827442550248,-0.06151015754174929,1.7359987373471466,0.5362318840579711
4451523.447490464,0.34803675315233806,-0.11361656804139184,1.84476863454474,0.5507246376811594
2355874.6445742394,0.18694456349205613,-0.06549559823250341,1.3099993352421404,0.5144927536231884
6537070.919198466,0.4557159459765434,-0.05301279359999998,1.9388511731482387,0.5217391304347826
2659262.006912403,0.21605222237983734,-0.0679756705182745,1.4445362408393905,0.572463768115942
4977766.9174640775,0.3785004474375504,-0.059940379433148436,2.096975262348374,0.6304347826086957
3176646.5219529863,0.2600674074429381,-0.09541597354393144,1.6074407539862146,0.5362318840579711
5310484.240524189,0.396454612575158,-0.08722549760134485,2.144051581737546,0.6304347826086957
5868853.238983097,0.4246580941832061,-0.06794499704843544,2.2506840423889827,0.6086956521739131
2482483.252263683,0.19943651313058552,-0.07019519567751709,1.2530458684680872,0.5072463768115942
10276061.694084486,0.5935487008321003,-0.06515139367483672,2.2057808372110963,0.5797101449275363
5389439.202663113,0.400582563837091,-0.08002513394137221,1.8717817227207625,0.5579710144927537
3701273.846567454,0.2991827444333237,-0.12879591714122543,1.6343544595855295,0.572463768115942
2573577.5968983327,0.2081127102988436,-0.08633468028748222,1.48876095751739,0.5579710144927537
4615391.642542128,0.357818469704166,-0.08491397283609806,1.7068858444216164,0.5507246376811594
3318636.8409289066,0.27113578754615,-0.07387172889280948,1.5649513383260165,0.5072463768115942
2483445.6652586944,0.19952949859736835,-0.10536784112310438,1.1597138065401462,0.4927536231884058
2734505.27932183,0.2228572233080106,-0.1332168384154872,1.5657916408145747,0.572463768115942
3393043.398563608,0.2767853265293396,-0.1149199717532021,1.6086382048588372,0.5289855072463768
3672003.5432964354,0.2971213818023042,-0.09017844039919813,1.6478416118622696,0.5579710144927537
4953131.633707266,0.3771332810696233,-0.07673287436731295,1.849052349503775,0.5869565217391305
2304377.111413842,0.18170945551787043,-0.057927855328441656,1.4454755556807475,0.6014492753623188
3448955.9050609847,0.28096578096377955,-0.0813836187564951,1.5727498023178197,0.5652173913043478
3890185.344103131,0.3121819477035539,-0.06179069074365334,1.8951500495836489,0.5942028985507246
3915708.2822621954,0.3138992536421874,-0.05884137350920933,1.6828846989041686,0.572463768115942
3498630.298294743,0.284634586868606,-0.05280000972273516,1.7325221649871263,0.6159420289855072
2927210.4369281475,0.2396263208445859,-0.10237086015189965,1.4148553399232044,0.4927536231884058
3909871.8082782566,0.3135073391061156,-0.10080465384982051,1.688637100898058,0.5579710144927537
3902519.721377297,0.3130129857170272,-0.09788297013657593,1.6899984821042728,0.5579710144927537
1764582.8590329287,0.12028471675845198,-0.09394005728076199,0.9911487351394483,0.5362318840579711
2503455.39845004,0.20145627964727075,-0.06338974079999997,1.368768018931763,0.5652173913043478
4767925.9918327695,0.36667704861257566,-0.04042443369137211,2.192541181089187,0.572463768115942
6772176.0141593795,0.46603941777195135,-0.055847865439455954,2.101368039678899,0.6231884057971014
3763873.328063504,0.30354791640834566,-0.07093166569724374,1.7420971464093964,0.5797101449275363
2761684.731374995,0.22527851910033858,-0.08408845164399624,1.5502301661037403,0.572463768115942
3339676.7144939043,0.2727434940329263,-0.07006064942974674,1.6841929901580204,0.5652173913043478
4827964.358728813,0.37010171855077956,-0.058071365200664755,2.028116071580908,0.6014492753623188
4685936.084680244,0.3619440670018943,-0.07582769358180103,1.9100333037591428,0.6086956521739131
5680372.079037295,0.4153875032515184,-0.051339913096846664,2.3032901114770667,0.6811594202898551
2634608.052897664,0.2137890157187714,-0.07034044556901509,1.4187844328955153,0.5434782608695652
2922381.119122644,0.23921702303997994,-0.08974228180828453,1.6564550854370481,0.5434782608695652
2765258.4344500946,0.22559546453657808,-0.06619771856578448,1.5633222430184261,0.5217391304347826
2639303.34493217,0.2142213407890332,-0.11036938587222658,1.4351185588878066,0.5217391304347826
2530452.305422918,0.20403644061669612,-0.08345646834640044,1.3474512217497931,0.5942028985507246
2569974.6874011527,0.20777425846674658,-0.13202756231895532,1.192822810023615,0.463768115942029
4389429.156155306,0.34425483993443184,-0.08425715149227604,1.7518282505708556,0.5652173913043478
3135960.751087149,0.25682301146866937,-0.08100626118579984,1.5742315453314653,0.5362318840579711
5229641.2127439175,0.3921767574683863,-0.06427233153111948,2.004675499831742,0.5579710144927537
2700890.4065051363,0.21983584909010379,-0.0597119800561269,1.3421290385028022,0.5362318840579711
3192277.984842517,0.26130506746551974,-0.08805637382895547,1.6180379290148834,0.5434782608695652
3990210.0060527506,0.3188613787852683,-0.08129496532665496,1.8318780530011818,0.5217391304347826
5151003.060138036,0.38796451047252445,-0.07137302313327858,1.8778993548026655,0.5797101449275363
5888210.009079095,0.42559662401820075,-0.04064957249519001,2.2347610919438643,0.6014492753623188
6093920.557043995,0.4354212050772166,-0.05433141120000002,2.0494793172710404,0.5797101449275363
2960374.632806016,0.2424225773967983,-0.1117198514623694,1.4141842455418698,0.5289855072463768
2054599.4777561976,0.1549028010800153,-0.09440075451690873,1.1528601248104784,0.5217391304347826
3266172.2410880085,0.2670910306541894,-0.0961751965472702,1.581792070621331,0.572463768115942
2052612.787641348,0.1546793685368273,-0.09577903347566694,1.2894569124556463,0.4927536231884058
3775120.188068567,0.30432601533751424,-0.06937129599999997,1.831762262001364,0.5579710144927537
2582698.2030640515,0.20896779494855577,-0.11424878185027602,1.3509247398903652,0.5579710144927537
1860267.7992687435,0.1321789961549662,-0.11748839881972803,1.0700393931443588,0.5289855072463768
1890130.2585990808,0.13579080103049668,-0.09490724929853496,1.0367556731606797,0.4927536231884058
2326245.5316578005,0.18394386216708303,-0.10194355059507675,1.432013977482573,0.5362318840579711
6709777.407499145,0.46332779757999343,-0.05823948799999979,2.107006292329633,0.6376811594202898
2279265.5163279786,0.17912265570530983,-0.09720083303678811,1.347270180141256,0.5652173913043478
2920083.3664238295,0.2390220922565267,-0.12017080288012269,1.514906485915722,0.5362318840579711
4952530.251339704,0.37709983863527574,-0.08175255341666733,1.9492346527859814,0.5869565217391305
3833546.87595,0.30833860307191663,-0.04705883957480343,1.7952061440195326,0.6014492753623188
3166434.0767226783,0.2592561777865352,-0.08494679826187385,1.6061051430820252,0.5362318840579711
2063127.0866170183,0.15585989753603569,-0.16591578649422373,1.0919424554123964,0.5289855072463768
1727358.319505213,0.11551775535085596,-0.06461259295817644,1.0923791183981224,0.5869565217391305
3562669.0844903504,0.2893033082470342,-0.08546768749402105,1.7231571134728192,0.5942028985507246
3421446.623408159,0.2789158031208374,-0.06541642549319368,1.8616703539505894,0.572463768115942
2021991.8243708771,0.15121351385429538,-0.10648995828849593,1.1347584902459966,0.5289855072463768
3988697.6337637766,0.3187613884655931,-0.07564721890705785,1.8060606060085624,0.5362318840579711
4511069.158779613,0.3516240073757462,-0.06377521867222635,1.9342837438248526,0.5362318840579711
1799471.9128049798,0.12468010939369933,-0.11875261295520834,0.9975141860674486,0.5
4573386.256538288,0.3553378799426501,-0.08226092434703909,1.8838600114363206,0.6014492753623188
7034661.14727055,0.47723176094670716,-0.11031757063688183,2.327561501733398,0.6304347826086957
3380687.538698587,0.2758540793729607,-0.06899272503978936,1.6201537198283942,0.5507246376811594
5699365.567713456,0.41633276748364123,-0.06655523332095992,2.224687054215375,0.6159420289855072
3953479.631065249,0.31642433255015057,-0.13150190347514978,1.6151912505854573,0.5579710144927537
3189065.4930403996,0.26105110686248123,-0.04447999999999998,1.7374600626782222,0.572463768115942
2599574.662227182,0.21054366430058757,-0.1087530573721725,1.3827576618617448,0.572463768115942
3417831.2652632,0.27864540906061563,-0.05091481907550965,1.7908965220704902,0.5579710144927537
2766158.26753994,0.2256752175043757,-0.09033302970356422,1.5351861608737212,0.5579710144927537
3089010.913339183,0.2530369809183326,-0.0948033169305171,1.5908566909870587,0.5434782608695652
2193452.711020433,0.17010720935724066,-0.09255766512369011,1.1554885808025457,0.5362318840579711
2617228.7397854407,0.21218341052550005,-0.06258906073919589,1.4734159338766744,0.5144927536231884
2047286.3587667937,0.15407947834493974,-0.06941827150593384,1.2791013354535785,0.5507246376811594
2248676.495292112,0.17594063030318186,-0.13745998236534893,1.1667300355029626,0.4855072463768116
2701742.1062358096,0.2199127720810785,-0.07755741834431994,1.4177788668533748,0.5869565217391305
3502168.059020143,0.2848942823660403,-0.042236254489464,1.5747086132091572,0.5652173913043478
2730312.12694535,0.22248196166670464,-0.10222164309940798,1.5420714560189859,0.5797101449275363
4269405.37829349,0.3368216751523454,-0.06349370305476812,1.721145481398297,0.5434782608695652
4095767.604157679,0.32576656234976653,-0.09269374437054248,1.7827726098086911,0.5869565217391305
2760094.07084736,0.22513734068564406,-0.06973536470850335,1.5280322043227577,0.5869565217391305
2863067.0832052953,0.23414533168135088,-0.10210053774448277,1.6940403903687073,0.5869565217391305
3751958.0826422446,0.30272154435346477,-0.059273845647908815,1.9171659625296587,0.572463768115942
2631715.275062892,0.21352235251695828,-0.04568076133938278,1.6964731294680515,0.6086956521739131
4298675.763129267,0.33864967764868714,-0.06832342641345769,1.76289188833917,0.5362318840579711
3389648.1058526053,0.2765296978432743,-0.04448,1.732632448628694,0.5797101449275363
3299934.0054014944,0.2696997992455239,-0.0776733535546383,1.8788605223352655,0.6159420289855072
4103484.5778407943,0.32626577054745853,-0.08140879823776702,1.7330491208077674,0.5652173913043478
2803550.769722517,0.2289711416748983,-0.07871650494612509,1.450800160030082,0.5217391304347826
3931827.136059998,0.31497919944393926,-0.04564158997116524,1.911822175273232,0.5579710144927537
2988420.450591961,0.24476778454748271,-0.08091812740730965,1.5864693920978084,0.5362318840579711
3077935.3103726115,0.2521371403307524,-0.07112779391772706,1.4472218136828143,0.5217391304347826
5740575.101411177,0.418375041572856,-0.07510593360850465,1.9673223537769207,0.5869565217391305
3318761.9485053206,0.27114537137995254,-0.10883796245560261,1.5617284164413976,0.572463768115942
3158951.4298044173,0.25866046106395446,-0.07989371495587612,1.4850229107209802,0.5434782608695652
4036294.1246784856,0.32189378632107357,-0.059312612682261394,1.8696338603793756,0.6086956521739131
1860525.5013529153,0.13221036246912798,-0.13838007034475697,1.0462533991468315,0.5434782608695652
3128558.3495655097,0.2562291070096461,-0.06084228934953714,1.5621734419438333,0.5652173913043478
2714058.460059512,0.22102298571764267,-0.06458226455040918,1.5116121296104428,0.5869565217391305
3616772.4133156063,0.2931956536267608,-0.10389182584643476,1.6835762123340023,0.5869565217391305
2709073.612378451,0.22057413096532463,-0.07189329978784002,1.4990965320558696,0.5797101449275363
4610412.8940813355,0.35752540007932376,-0.07818605432477903,1.7621256008562654,0.5144927536231884
2820991.535041884,0.2304964259136848,-0.07245503824501376,1.4158280283663178,0.5217391304347826
3612053.696795486,0.29285803709676417,-0.0652190571819709,1.7719696455495983,0.5144927536231884
3725581.1025838293,0.30088469558210207,-0.04081508200000004,1.804514117291935,0.5797101449275363
1697760.500479873,0.11166846232862415,-0.0634671817754656,1.0444511798940694,0.5289855072463768
2582487.3196860254,0.2089480512913544,-0.11828657885448011,1.3200368711466544,0.5
1531232.1334166946,0.08895067105424381,-0.12913625313880578,0.7838470690008491,0.47101449275362317
3162108.15137421,0.2589119149714878,-0.10987527021815802,1.8013546657369788,0.5652173913043478
3396622.8441000087,0.27705459843185687,-0.06661792849463584,1.4204306201508536,0.4927536231884058
3051010.674833687,0.24993878848771045,-0.22551711685992018,1.3273566875175604,0.5217391304347826
2622750.8712521847,0.21269450027649395,-0.1676777606220335,1.2790492533187199,0.45652173913043476
2565917.817204197,0.2073927076133013,-0.08388558422823957,1.461583223773163,0.6304347826086957
4560790.824339968,0.35459051671881725,-0.06378965704169079,2.06893865285583,0.6231884057971014
3555404.9898619284,0.2887771146110345,-0.048430248823988074,1.7792907227608665,0.5652173913043478
3271446.89346353,0.26750002020274133,-0.10639238892700371,1.6446376334010064,0.5507246376811594
4227885.9880971005,0.3342114195359518,-0.06738987711407313,1.813699307185169,0.5797101449275363
4879687.560588192,0.3730248678409993,-0.07636106991582692,1.853973842427715,0.5942028985507246
4828461.70551588,0.3701299452550677,-0.04447999999999999,2.0408698461215393,0.644927536231884
5356474.288168893,0.39886500250295964,-0.0818279675844781,1.904798105128534,0.5869565217391305
4021879.0698730126,0.3209482431864268,-0.05251108456295551,1.638736480990488,0.5072463768115942
2280310.6220369963,0.17923076788914094,-0.11586016861080455,1.1456149775306408,0.45652173913043476
2177380.139811593,0.1683873639881499,-0.06512651467286643,1.336549726467373,0.5507246376811594
2441066.664106081,0.19540736707209416,-0.1139113982952634,1.2914382600138774,0.4927536231884058
3504078.66083888,0.2850344461603205,-0.07623529528964641,1.5506105232291758,0.5507246376811594
3437291.3084432483,0.2800981442350132,-0.12755088420968352,1.7227248732779317,0.5942028985507246
7245472.176039528,0.4859812809305575,-0.0648896319621537,2.2806554641396195,0.6521739130434783
3079152.9549390227,0.25223619483478377,-0.0923690561030821,1.405121685211457,0.5
2695972.2203778047,0.21939127315732354,-0.08801584417327511,1.3967244613126861,0.4927536231884058
3442391.3236182807,0.28047778321203354,-0.09704003404837962,1.8314569515626895,0.6014492753623188
2684922.394146177,0.21839006059293564,-0.07515299135775236,1.530396518820641,0.5289855072463768
3390077.6362627326,0.27656204813553886,-0.0693409263896531,1.6298300538980457,0.5434782608695652
3690395.936690896,0.29841819489784305,-0.09036112791421592,1.7731447998820535,0.5579710144927537
5065787.983646348,0.3833414872750349,-0.06696629788933936,1.765697020767272,0.5942028985507246
6051206.8304542005,0.4334032983631977,-0.08186887965905082,2.134513007539886,0.6231884057971014
4649082.039131828,0.359795006448443,-0.07859002419391845,1.9075091323817575,0.6086956521739131
4223268.677405993,0.3339198713913665,-0.06987926511933029,1.8282913997856456,0.6014492753623188
3416328.637325288,0.27853295960748037,-0.12524564910017735,1.664313033777493,0.6376811594202898
2242732.9065110246,0.1753183345832332,-0.07806651321917861,1.6109483976103023,0.5652173913043478
4868937.139185463,0.3724193528128954,-0.09112577300827764,1.8985581496197361,0.5942028985507246
2308441.7753721047,0.18212604240648678,-0.05563089903272027,1.3214876043858992,0.4927536231884058
3484244.7963662194,0.28357642517615433,-0.056695074434058405,1.85295307608282,0.6159420289855072
2865306.8562770025,0.2343383652940767,-0.06980192358399977,1.5095952002082782,0.5144927536231884
2320358.7409602418,0.1833440376618265,-0.06614319843514521,1.4770772213918024,0.5362318840579711
3594023.004589552,0.2915647112997728,-0.07386231354136748,1.7395298063936642,0.6304347826086957
2608674.2736480404,0.2113899631889984,-0.11048159499999889,1.585449144846055,0.572463768115942
4395224.013472252,0.3446095855927829,-0.0669699072724297,2.015332809916448,0.5797101449275363
3977554.880411048,0.31802375016486395,-0.06898104051793598,1.7429157300127631,0.6086956521739131
2263888.3850975255,0.17752734768793088,-0.1079951924422822,1.2372091147128204,0.5217391304347826
2554249.967059627,0.2062926434373693,-0.1179899564066979,1.4466545117126282,0.5942028985507246
3504324.733384408,0.2850524938610659,-0.08010774507126871,1.5079106399261426,0.5362318840579711
2740069.836445251,0.22335450717470873,-0.06071012847910398,1.504431059704682,0.6014492753623188
3009123.1193326376,0.24648768312758151,-0.07644967369258426,1.4773667125997916,0.4782608695652174
5457691.398532703,0.40411214239170845,-0.049679628295548145,2.3948652643813046,0.6376811594202898
3205844.77188414,0.26237532776051253,-0.058337635945868174,1.6963492178367545,0.5869565217391305
3521445.542895691,0.2863057035678638,-0.057609652703139884,1.7393315981088913,0.5289855072463768
3406103.3536291686,0.2777666959638285,-0.03600216357510321,1.6693263601568382,0.5869565217391305
2193863.883928365,0.1701510744755086,-0.09521582750262239,1.1058051916443155,0.45652173913043476
2046355.9073037072,0.15397455797569903,-0.08022983351182436,1.2557232000411234,0.5579710144927537
2676473.8563446407,0.21762232181407937,-0.08364731147971087,1.8233282501220989,0.6086956521739131
3853130.6592460424,0.3096726169071653,-0.04973382654339998,1.9404053512581476,0.5869565217391305
2019614.8080226867,0.15094271740618703,-0.06096193848207962,1.1474604633074552,0.5579710144927537
3142380.0141056497,0.2573371301258771,-0.08141137004772547,1.613244668674864,0.572463768115942
3887534.3932531653,0.312003062735275,-0.05649658772696372,1.8254304932098506,0.5942028985507246
2760351.0498909927,0.22516015316156768,-0.1234545831477572,1.3464222560016617,0.5072463768115942
4856299.724335538,0.37170618413565704,-0.04982430681680571,1.980155898066315,0.5942028985507246
2716394.959643329,0.22123314609772793,-0.052939907083562714,1.6086980388668268,0.5507246376811594
2342957.870423401,0.18564014522029249,-0.06714774195137851,1.4470347832009587,0.5652173913043478
3097228.2239102605,0.2537029322842954,-0.08140721087052162,1.4434058987235536,0.5434782608695652
3488237.2362133972,0.2838704489752386,-0.07137991556833367,1.779918077577085,0.5942028985507246
3538872.0782168005,0.28757629606607726,-0.07782359467589506,1.592749888940689,0.5797101449275363
4147122.516653526,0.32907464554447174,-0.06233370417616578,2.057437496561581,0.6376811594202898
3128615.1434190837,0.2562336679329804,-0.09603637000212215,1.6962174491062298,0.5869565217391305
4516748.019526931,0.3519641405940255,-0.10864415999955969,1.6061823968933122,0.5652173913043478
3871874.6663685287,0.3109443559850811,-0.08586693045070533,1.9088991337788037,0.6086956521739131
2306638.140114701,0.18194126054246884,-0.2251988020578643,1.2441789173444737,0.5217391304347826
3091996.2617255417,0.25327908473633265,-0.07350202509275872,1.8146020774118399,0.6231884057971014
4160509.2317693704,0.32993157780765014,-0.0518492527755561,1.950420255129852,0.6376811594202898
1814172.09233925,0.12651167324271162,-0.10448420710712039,0.9639286774549092,0.5434782608695652
3316934.3332442045,0.27100533864339527,-0.06694140346878183,1.770077432837105,0.572463768115942
3940838.728867505,0.31558142368505937,-0.08891442902023228,1.7706652179879052,0.5942028985507246
3159751.4473550674,0.2587242068030884,-0.09718962405340201,1.5663317263794578,0.5652173913043478
4505796.821497613,0.35130791594574506,-0.06319087899365348,1.6587270788358295,0.572463768115942
2804595.347084762,0.22906270870937884,-0.15504207400216075,1.4209233539493509,0.5072463768115942
3790514.9116065926,0.30538807766743936,-0.05430007996646451,2.011782913281453,0.5797101449275363
1780562.2468707182,0.12230638102448244,-0.09812335773905302,1.1069420783539774,0.5289855072463768
3884499.2545195306,0.3117981330762356,-0.08045234777500174,1.7295185301006322,0.5217391304347826
2756102.2979363715,0.22478276569593336,-0.13175210002674842,1.5388509054236899,0.5434782608695652
3917745.6663305913,0.3140359523059546,-0.07337948128030866,1.7206515989839217,0.45652173913043476
3326067.588943139,0.27170451752679803,-0.05141408054189835,1.727479036449662,0.5144927536231884
4197853.886726129,0.33231053997992155,-0.07689103617184675,1.5931217754682598,0.5434782608695652
6017483.515005652,0.4318020564278853,-0.07841420402469702,2.103190001133003,0.5869565217391305
2584608.6324692382,0.2091465974539788,-0.07169709787037708,1.5064740663613307,0.5144927536231884
2724940.853619852,0.2220005912132743,-0.07250859356363368,1.4596033734141745,0.5144927536231884
2028390.0781038285,0.15194115781960194,-0.06772837690257981,1.1499754038763617,0.5434782608695652
3515799.5769104343,0.2858929696368915,-0.07176831831814069,1.687210436824782,0.6231884057971014
4171398.1011703927,0.33062698858069983,-0.08909122081387412,1.8355157783862652,0.5797101449275363
4209750.277815799,0.33306481830599566,-0.051008725308820176,1.830776581090342,0.6159420289855072
3319914.76357002,0.2712336688829997,-0.0819543318850061,1.761302707966855,0.5652173913043478
5887345.021965945,0.4255547370891728,-0.05300323840000004,2.058715700129729,0.5869565217391305
3188418.1056573633,0.26099990346905577,-0.08866225315004324,1.7285363577232915,0.572463768115942
3854381.7905723057,0.3097576573484766,-0.12815189097361793,1.5837731450093588,0.5507246376811594
3259543.503893379,0.2665762972193644,-0.062045235884031276,1.8237496439103833,0.572463768115942
2653265.3257718603,0.21550328331278945,-0.050787863020339274,1.4878253937714476,0.5217391304347826
3986810.8734217286,0.3186366029921375,-0.08234946642695866,1.6090660279289675,0.5434782608695652
2933571.9429073343,0.24016465207842086,-0.06588226479040181,1.5558271057828539,0.5507246376811594
2106195.2040344267,0.16064585273448695,-0.11932613927947254,1.1689664586740025,0.5072463768115942
4527741.577900773,0.3526216245841043,-0.05074985785355996,1.9165711341529876,0.5579710144927537
3426324.9238153724,0.27928029107107544,-0.09174915376868709,1.7252728398074935,0.6159420289855072
3499658.589158276,0.2847100920019121,-0.07547132258990502,1.6060005738873866,0.5144927536231884
4271368.81128369,0.336944609230758,-0.05630821242425825,1.9515595241032417,0.6231884057971014
3378822.4265288324,0.2757132715493589,-0.06615670759497848,1.6650120036370033,0.5652173913043478
2844143.0464713494,0.23250953308830447,-0.09302888578165829,1.6384783350850534,0.5797101449275363
1765027.9659005718,0.1203412282579055,-0.1341973831700679,1.0134213468255544,0.4927536231884058
7957396.711077922,0.5140987538529189,-0.06440380331759173,2.075762791239035,0.5362318840579711
2250612.379522203,0.17614303393050523,-0.09926782372496479,1.325335764766272,0.572463768115942
4588949.188334826,0.35625905200248464,-0.06321524328786174,2.0486223312030916,0.5942028985507246
4627069.378037547,0.35850487826377697,-0.07375248806243313,1.9412744835885183,0.5579710144927537
2238045.760552514,0.17482665769945482,-0.10088274295980675,1.3275368931870584,0.5652173913043478
2522438.7741770023,0.2032728752184454,-0.08867775685939985,1.4325037952331943,0.5869565217391305
2674158.603284311,0.2174115908360652,-0.05324323306420133,1.6228822071965536,0.5942028985507246
3046678.1268019774,0.2495835948107703,-0.10196253870543139,1.6933278386109645,0.5942028985507246
4646235.982555676,0.35962847888461136,-0.07405950887707363,1.8733749397902721,0.5217391304347826
2378839.128381597,0.18924960180437633,-0.15638492984689184,1.3493935766534373,0.5362318840579711
4554400.394671768,0.354210702275394,-0.0815845575899341,1.7504404896121,0.5434782608695652
4581215.747280668,0.3558016214922535,-0.05209863845572712,1.9740536654145193,0.6304347826086957
3134604.28036558,0.25671426401909425,-0.04538097230261746,1.763460302875693,0.5797101449275363
2647861.954572851,0.2150078053781086,-0.08634399621332066,1.7133428166466498,0.572463768115942
6029413.7002765825,0.43236934119066284,-0.06100300097352628,1.9134072556106099,0.5797101449275363
3025193.6419520243,0.24781624641926303,-0.07435918324531675,1.7721389362813382,0.6304347826086957
2697060.1612095325,0.2194896726480544,-0.06986673132761842,1.808328255220281,0.6159420289855072
4021590.144042949,0.3209292636483294,-0.061706711911034426,2.1581311978262594,0.6521739130434783
2662632.957488555,0.21636036614157206,-0.08359638746859868,1.3913597596429998,0.5217391304347826
6010428.598900716,0.43146616904944035,-0.0804535324977652,2.0096756189082527,0.5869565217391305
3262711.355420425,0.2668223909915952,-0.1518099954263202,1.5251425292730862,0.6014492753623188
2977816.688632175,0.24388317039669505,-0.07046889239509994,1.4884767107389234,0.5434782608695652
3055496.463938752,0.25030612035366606,-0.11523494859059023,1.5165167568595672,0.5579710144927537
4221511.031837557,0.33380882239440357,-0.09651570168991497,1.821363224634555,0.572463768115942
3151798.4570537005,0.2580899344316825,-0.09043028234785556,1.68359930038896,0.572463768115942
2918162.793538417,0.23885906550502356,-0.07749467185662774,1.6536076309800722,0.5942028985507246
4526629.745033269,0.35255518806631736,-0.06563016860992014,2.053412387974276,0.6521739130434783
4353483.6650627,0.34204594399352195,-0.05814547006262872,1.857315170208294,0.6014492753623188
3100260.6543693566,0.253948330987011,-0.0769719098544528,1.5611768641396568,0.5434782608695652
2430074.8860826762,0.19432887272691057,-0.0694915247350682,1.3359709064380862,0.4927536231884058
2347700.198766918,0.18611972260829623,-0.05058620266513991,1.4507375352657679,0.5362318840579711
5053413.790343755,0.3826650087108152,-0.07481886811982845,1.8943875750779862,0.5942028985507246
4937003.3194312975,0.3762352704496077,-0.04074690550000007,2.1459012149707326,0.6376811594202898
5326646.300572152,0.3973035806471472,-0.06449657291544207,2.028001929962113,0.5362318840579711
2758786.6361743575,0.22502125111876015,-0.059927919346508186,1.7928416607103204,0.5942028985507246
3573939.1370080337,0.2901179875951503,-0.10881146847007377,1.5408701009911558,0.5434782608695652
2932454.552282581,0.24007016252357571,-0.09533447406640944,1.484481242057606,0.5507246376811594
3483820.603509582,0.28354516959569054,-0.09472674102629426,1.5420370979020286,0.5144927536231884
3818518.6030968535,0.3073112007955989,-0.09888741266237418,1.675870343871983,0.5869565217391305
4151683.2814701833,0.3293668448773255,-0.07781796927943783,1.8023673869936319,0.5652173913043478
4209748.617125304,0.33306471313071095,-0.050175675389712765,1.6901036490054322,0.5434782608695652
2361641.2480565147,0.18752506525139,-0.1256533467879236,1.3082448672839702,0.5362318840579711
3653420.396435181,0.2958058307348017,-0.07908514198863428,1.821984978545031,0.6159420289855072
3653126.8987550386,0.29578501034264115,-0.06989343080893957,1.6459578001430375,0.5434782608695652
7412728.677184283,0.49277935725757205,-0.055984460800000004,2.1460488300508915,0.6086956521739131
3907624.754667438,0.31335632647455514,-0.08391941683936321,1.6597967599548664,0.5579710144927537
2622104.013587046,0.21263467620851206,-0.06522789486773266,1.6825096069462735,0.6014492753623188
4150531.811038372,0.32929309664759066,-0.05698639550246729,1.8005506714144857,0.5362318840579711
4165317.1231122077,0.3302388100509832,-0.07100304049195386,1.9176798684940224,0.644927536231884
4718428.599606523,0.363827607636944,-0.04118156460015992,2.2046777305825263,0.5869565217391305
3572844.8367995033,0.290038973976364,-0.08786370033267255,1.867437947178956,0.5869565217391305
2419496.6346231294,0.19328726143391317,-0.08698152959999983,1.288875869305844,0.5579710144927537
2562992.0907941535,0.20711724181691737,-0.11182838230274302,1.5892865780937224,0.572463768115942
3850507.5768772713,0.30949425207540116,-0.04328968316253554,1.7595338054502065,0.6086956521739131
3249007.2352321493,0.2657564108515291,-0.0885657311734572,1.5107944490523795,0.5362318840579711
3490359.3522256017,0.2840266229447812,-0.09267764757438599,1.6617612438294713,0.5652173913043478
1868096.0218813603,0.13313026438121,-0.081769945457482,1.1817272629364897,0.5217391304347826
4816780.33036165,0.3694663586473128,-0.08991285023180175,1.9542415004622202,0.6014492753623188
5177134.207667395,0.3893698962047867,-0.07309111753198888,2.1158917584241657,0.6304347826086957
2402367.976349721,0.19159289771706423,-0.09107573884994681,1.4453818130451113,0.5579710144927537
2305450.9224104863,0.18181956736938032,-0.07482782718830684,1.4746109162461327,0.5942028985507246
2073348.393278133,0.15700292504730085,-0.1441946849621499,1.2674978821230447,0.5507246376811594
1574393.0352552861,0.09502146379118392,-0.16760918286586313,0.739085763408749,0.4420289855072464
3958633.217285038,0.31676736057632326,-0.06453347272256989,1.6204630520723402,0.572463768115942
5262115.137753123,0.3939014481505341,-0.06436839496818084,1.8977433490507252,0.572463768115942
6903597.04900558,0.47168575733249685,-0.04269134417909497,2.292933717850493,0.6086956521739131
4460798.035035285,0.34859800274002595,-0.0653913116457146,1.703840880097377,0.5942028985507246
3777468.48260686,0.30448824486530435,-0.05467879810466008,1.660802485196026,0.5942028985507246
2246638.629461123,0.17572741347035037,-0.09225013263134507,1.2389769710804808,0.5797101449275363
2934271.1806151983,0.24022376685310176,-0.1079130767597358,1.5371046358775386,0.5217391304347826
4474786.9152935995,0.3494427733769714,-0.08223392725480891,1.861032824671006,0.6086956521739131
2944516.008570296,0.24108859295124696,-0.11021327909593011,1.5942926742523922,0.5362318840579711
2767932.028440903,0.22583236667295115,-0.10291319349684609,1.4080113911221168,0.5
3590737.3868078394,0.291328477942042,-0.05889879680000006,1.647306497485064,0.5869565217391305
3112431.4028258617,0.25493131808293157,-0.11181646836050785,1.759480541613084,0.6014492753623188
6296911.244502703,0.4448591559805619,-0.06751523806806989,2.0948991767802743,0.6086956521739131
2046967.6905652508,0.15404354870273718,-0.1273788067076768,1.2568297402146797,0.5942028985507246
3257148.7173440745,0.26639013178480897,-0.07438980891584826,1.7670771176275673,0.5942028985507246
5511928.1995181525,0.4068918387118916,-0.04714843117577004,2.050823438629334,0.5652173913043478
4000172.835207488,0.3195193134469947,-0.07183973909851232,1.9044297007652558,0.572463768115942
3405717.9485390075,0.27773777845734404,-0.05671923748491197,1.589515852312112,0.5652173913043478
4173126.3194576656,0.33073722657958426,-0.06339685931530997,1.8658203715950723,0.5797101449275363
4049700.0046366258,0.3227707121613308,-0.07063551461628831,1.8313190103172592,0.5434782608695652
2328921.1158094862,0.18421608494116537,-0.12491884893771682,1.2451903753970697,0.5072463768115942
2213784.6448934395,0.17226844313600354,-0.07032030635999559,1.3942493109521892,0.5362318840579711
2638825.075561577,0.21417733167765318,-0.0805610637343363,1.3600184938886661,0.5217391304347826
2248891.8423845354,0.17596315250200711,-0.08439127032105957,1.2327368004058101,0.5217391304347826
2608358.0765493438,0.2113605952783959,-0.17642206280525122,1.194439571591495,0.47101449275362317
3338639.9217716116,0.2726644603300805,-0.06998013948457854,1.643353069830423,0.5072463768115942
2497289.5456110765,0.2008638735194581,-0.08372747733674432,1.4891668031435639,0.5797101449275363
2670259.5611882047,0.2170563755663315,-0.12324157414700822,1.3333505538656976,0.4855072463768116
3297318.7734359885,0.2694984853629969,-0.0727147130114471,1.4818840133536346,0.5362318840579711
1561623.2803682291,0.09323934918047061,-0.08783690155423386,0.8595026448199359,0.572463768115942
2338057.3555206177,0.1851437543586949,-0.1611933682711656,1.2037864897100026,0.47101449275362317
2394500.03044263,0.19081136093319673,-0.13912261766286552,1.1589871675964067,0.4927536231884058
2805625.9492788888,0.22915302395440218,-0.138768192936222,1.384751301498245,0.5869565217391305
4025185.637901931,0.3211653740087741,-0.07068565903453446,1.6669846721081771,0.5797101449275363
3410399.5911470368,0.278088871838039,-0.08615520362330374,1.8182611424534783,0.5797101449275363
3118120.198399545,0.25538972716047037,-0.0694199386731452,1.5943784225062638,0.5434782608695652
5260012.736418452,0.39379004774813264,-0.07175367041465595,1.774034452930011,0.5652173913043478
3095993.7694930164,0.2536029793066501,-0.0843417402654653,1.4000036525320942,0.5507246376811594
3596134.446777773,0.29171643117449486,-0.036101033221907504,1.6667621612307268,0.5362318840579711
3867372.200889815,0.31063932394516036,-0.06893800728067562,1.9147534663854737,0.5579710144927537
2332381.015629444,0.18456773587169883,-0.08461253125701242,1.3730941411010862,0.5
1708938.8045993778,0.11312849977273509,-0.1087187240380618,1.0174126630711762,0.5579710144927537
4130621.5976603245,0.32801531147266316,-0.049146520658269896,1.9170973224817711,0.6304347826086957
1803605.4699241247,0.12519633459350432,-0.07882791899634536,1.0598393450676662,0.5072463768115942
2101513.5956900716,0.1601294213125637,-0.12157170536168987,1.2345302571070422,0.5217391304347826
5153505.277688288,0.3880993313794332,-0.07588420782011686,2.1509503233990266,0.6231884057971014
2776264.9517576685,0.22656955880492213,-0.08554155833786398,1.3326487558203846,0.5434782608695652
5078233.510241399,0.384020533435125,-0.1318952522990875,1.8345575527475027,0.5579710144927537
4298427.458076985,0.338634212366967,-0.1169440451824758,1.7191355543009552,0.5434782608695652
3480745.1282149623,0.2833184698557645,-0.05775970321793475,1.7823315816220946,0.5797101449275363
4120633.2123718667,0.3273724262664086,-0.11708682849917332,1.694327440152933,0.5797101449275363
3132105.6263839733,0.25651384983537495,-0.09652825548375525,1.6150774121454254,0.5144927536231884
2202690.7362136315,0.17109116633674426,-0.0850558905892809,1.3654386538814822,0.6014492753623188
5566603.629389281,0.40967195504601106,-0.10326264545574566,2.075833709040891,0.6231884057971014
2795708.230661573,0.22828279623178682,-0.07553234115795747,1.3807432467419882,0.572463768115942
3603226.8321454716,0.2922255407250205,-0.058343575254648915,1.7354386074296055,0.5942028985507246
2372681.04562801,0.1886332429688513,-0.11556197845708255,1.3709198982455684,0.5507246376811594
5678348.312166898,0.41528663582271585,-0.055365417403515915,2.0623835364024687,0.6159420289855072
4529526.575728313,0.352728258143838,-0.06949924326288279,2.266558333738238,0.6521739130434783
1714423.2953575684,0.11384205616015253,-0.14995540235316573,1.005015397960984,0.47101449275362317
4412461.372825726,0.3456626033445096,-0.061167738643343954,1.8087885666931653,0.5579710144927537
2810413.9404477817,0.22957226448463697,-0.08640744002779568,1.4756967538399408,0.5797101449275363
3635494.901160144,0.2945317543568349,-0.06513426332519308,1.7194567803350305,0.572463768115942
2030514.6521050541,0.15218236975715072,-0.10089978983894385,1.1213568472399142,0.4927536231884058
3717687.8309908723,0.3003329991350494,-0.09995822294015284,1.6596030106685473,0.5289855072463768
1959448.900853727,0.14400201250003697,-0.1331174435176317,0.976226808143127,0.45652173913043476
4503729.842301884,0.3511839139933308,-0.11551595509693606,1.9538867313350783,0.6086956521739131
3123720.805781097,0.255840376815631,-0.08408053706736292,1.7094746694201737,0.6159420289855072
3675926.4503791304,0.2973984138649315,-0.12732727243949232,1.6768738862230146,0.5869565217391305
2686537.590898381,0.21853661725277362,-0.16380392649775835,1.591678928784911,0.5652173913043478
2112087.6544140866,0.16129454925890419,-0.12281744121518595,1.2188337564601393,0.5144927536231884
3103265.6174711753,0.2541913175509005,-0.10383605830193157,1.4855779204055604,0.5507246376811594
4854220.174682955,0.37158868645194687,-0.1101612991576313,2.005167435962231,0.5652173913043478
2969016.528533808,0.24314710536397488,-0.07643885189622653,1.3975703094142755,0.5289855072463768
5666275.737444528,0.41468432325427673,-0.047150939384945606,2.228465197733659,0.6014492753623188
3088816.1613914585,0.25302118055026424,-0.12295004643706202,1.6310349423187265,0.5507246376811594
2440715.0618535643,0.195372928672926,-0.077438137907974,1.510340172284616,0.5144927536231884
3472958.9392943885,0.2827438163023761,-0.07186564799592025,1.5548082729155335,0.5797101449275363
2232615.486535226,0.17425599632217792,-0.10018599270119728,1.1852862514417903,0.463768115942029
5480024.126637007,0.4052593840437846,-0.04187671099525048,2.119823387697232,0.6304347826086957
3850665.8005710375,0.3095050137533315,-0.06620060125883478,1.8164769191435488,0.5289855072463768
2998692.301020144,0.24562231793601064,-0.09000891218232325,1.4689494303083843,0.4782608695652174
3386989.7183539025,0.27632940710203124,-0.07854290991918396,1.580407759734677,0.572463768115942
4566493.526471174,0.3549290968399377,-0.052075373543100614,1.8213011946754787,0.5942028985507246
2773067.134948304,0.22628686581713375,-0.06636379188607965,1.4993469352127402,0.5507246376811594
1477643.2302236827,0.08121961950964773,-0.13007117239702803,0.8750021910818098,0.5289855072463768
3797017.6437072014,0.3058356564360267,-0.05905950034993808,1.86369978554284,0.6014492753623188
4264751.093153123,0.33653008118918337,-0.0927908891641154,1.7505255329704128,0.5579710144927537
7030772.432039807,0.4770684039870545,-0.056915521682480714,1.9319611868574973,0.5942028985507246
1947664.4884790308,0.14262265112804462,-0.06360021950826186,1.2179308363027104,0.5217391304347826
2754686.919461307,0.2246569439968089,-0.06897316336533253,1.4270098014642123,0.5144927536231884
5654792.6537724845,0.4141104675571692,-0.08598660274016609,1.9030379331321872,0.5579710144927537
2371820.8415258084,0.18854704381435594,-0.10719105771753479,1.178186372882798,0.5072463768115942
2125143.97846123,0.1627267705894766,-0.18154538339308626,1.1905881392232989,0.5
2656018.4163536574,0.2157554256489158,-0.09711849986276692,1.4428996623402497,0.4782608695652174
3680313.393550917,0.29770793572984,-0.05300448918976805,1.9615716571504211,0.6231884057971014
2881072.7186580603,0.23569373277130556,-0.05471070954680235,1.750900269625965,0.5797101449275363
4196737.6719280435,0.33223967982236347,-0.07315188960740472,1.6815440712619143,0.572463768115942
4308431.8255242845,0.3392567534334805,-0.07686716520169085,1.8728792012743243,0.5797101449275363
5006893.4172250535,0.3801098939194849,-0.1004335564981178,1.8758776048240222,0.5579710144927537
3122008.4750354476,0.25570266375515494,-0.0655063802835452,1.5253338818954565,0.5
3378658.105401517,0.2757008630416333,-0.08292991253648317,1.6265782441441514,0.5507246376811594
3920433.03482941,0.31421617484255226,-0.06453076277010612,1.7214579999277493,0.572463768115942
2835849.3155085575,0.23178987542161078,-0.13186498832939644,1.5179805401650206,0.5797101449275363
3470618.469176846,0.2825708782835463,-0.06304323922269978,1.7309890937464842,0.572463768115942
6546733.6949100625,0.4561460452491184,-0.06046584960000006,1.9390330990469593,0.6086956521739131
2515293.9564755145,0.20259044656126246,-0.09100847992364808,1.4070837449829172,0.5362318840579711
5267762.754945432,0.39420052349098667,-0.08420600152047411,1.97332663454677,0.6086956521739131
2940168.9253474665,0.24072192459539932,-0.06819921646277007,1.6764550697961005,0.6159420289855072
2249956.072401,0.17607443028190484,-0.0728084861605426,1.3259239356272323,0.5507246376811594
8053257.6891150195,0.5177293029803378,-0.06909335639488877,2.124705818177539,0.6159420289855072
3030258.382605905,0.24823378251184036,-0.1484898631807645,1.4516270932279691,0.5217391304347826
2762325.65174053,0.22533538533545583,-0.13081255210684936,1.3722338919593948,0.5289855072463768
2292460.791875806,0.18048475618496362,-0.1243646722537391,1.3255018197176769,0.5362318840579711
1792429.721322569,0.12379844627356773,-0.1103182298983513,0.9970296038362205,0.5652173913043478
4095332.969708384,0.32573842363018835,-0.05680618114400718,1.7888226491270849,0.572463768115942
2599387.765236795,0.21052625733954988,-0.09040579953389315,1.2937751342963975,0.5289855072463768
3678984.265545159,0.297614189953626,-0.055622404355672936,1.8113704910418058,0.5652173913043478
3651117.198709139,0.2956424085385574,-0.06974204231383041,1.6902980779894863,0.5942028985507246
3222043.5032580984,0.2636484819456042,-0.08161103673716351,1.5315194386375248,0.5507246376811594
2250016.089088462,0.1760807044789232,-0.07027312644600194,1.4181515364346862,0.5362318840579711
4539891.368958387,0.3533467745706369,-0.06288833368580247,2.055954947399659,0.6086956521739131
4018271.452610083,0.32071118054121484,-0.06626594760014862,1.7553395817980082,0.5217391304347826
2296533.0726481774,0.18090385632542794,-0.11902641757219894,1.1818628348507947,0.5289855072463768
5159329.311740718,0.3884129309717277,-0.07512569692552246,1.992364073351182,0.6086956521739131
3574674.0666558836,0.2901710421068533,-0.09203445004939301,1.657799068412767,0.5289855072463768
5669318.654215994,0.4148362340488956,-0.06834355301312464,2.0147315006447784,0.6086956521739131
3439560.0689390474,0.28026708363379793,-0.06591776813665944,1.8002597027689549,0.5797101449275363
3561704.8066045493,0.2892335076980479,-0.06421864652386608,1.7730423384288536,0.5217391304347826
3631993.6932930774,0.294282315317681,-0.09879539615663248,1.6148511028674404,0.5507246376811594
2564639.453820611,0.20727237684508815,-0.04726324598842143,1.497164920718575,0.5362318840579711
6826240.763227017,0.4683727638275823,-0.07170886856620798,2.187645780524829,0.6231884057971014
3228041.2059607645,0.2641185780825053,-0.09198830815442875,1.5209615457448464,0.5507246376811594
4482194.602239393,0.34988925885860267,-0.0640343829295094,1.935996980369159,0.6376811594202898
3204546.3481004206,0.2622730543270664,-0.10631741276491848,1.5117181975436416,0.5797101449275363
2131190.5953795332,0.16338767408728505,-0.08408504713334275,1.2760962994464495,0.5579710144927537
2041012.953873119,0.1533713313624605,-0.09009330728786462,1.2275169886043489,0.5144927536231884
2686407.789250035,0.2185248421621211,-0.05156073260152261,1.4787750889334805,0.4855072463768116
5164407.952761551,0.38868616323461125,-0.11267721061709726,2.0933288030645354,0.5942028985507246
8030402.354576808,0.5168668530782157,-0.05162796976321991,2.339792242277392,0.6159420289855072
3223289.4595967755,0.2637461967875252,-0.07103434787069769,1.5237218114219548,0.5434782608695652
2729405.075026266,0.2224007253875797,-0.07005991208634317,1.7675061846806226,0.6086956521739131
2428748.619898054,0.19419847806951918,-0.0869123889014792,1.6060764736612976,0.5579710144927537
3051637.6725007747,0.24999015797628,-0.14906419549477767,1.4333408587446965,0.5217391304347826
3853266.651909642,0.3096818615120849,-0.05995363651091184,1.8344756583864108,0.6304347826086957
2158083.944170952,0.166309106870963,-0.11427265621394199,1.1278105117376171,0.5217391304347826
1880764.4160741498,0.13466296499980412,-0.10047034857491673,1.1013442602699033,0.5289855072463768
2421928.3754567737,0.19352703027188745,-0.11515293826098569,1.4752536963990823,0.5289855072463768
2521293.0131422025,0.20316354342829457,-0.08165685382708673,1.52729102426985,0.5217391304347826
5200532.303861742,0.3906234855026336,-0.07475804365337924,2.0626196407673314,0.6376811594202898
5450859.361216275,0.40376042761293585,-0.10596854059633752,1.9716242246764568,0.6086956521739131
3789230.2063061604,0.3052995795913245,-0.0684877340609422,1.7562379061528417,0.572463768115942
2143388.038114122,0.1647163191567873,-0.14510704732928115,1.1331959099653375,0.463768115942029
2597110.043213874,0.21031403742546106,-0.08326491738804806,1.3139110365408286,0.4855072463768116
1820749.0128768764,0.12732728022849193,-0.0891996309960984,0.9502832208664734,0.5072463768115942
4073320.3659789786,0.32431016850217365,-0.056644571962557747,1.9845776072114467,0.6304347826086957
5543886.447597565,0.4085195044715655,-0.035287049916964096,2.1957000275275345,0.5942028985507246
3694601.958279879,0.2987140269477295,-0.09625779725926398,1.7257454951769269,0.5869565217391305
7027406.653763719,0.4769269561717637,-0.07149240678741196,2.041715549826332,0.6231884057971014
2149987.0905666505,0.1654326221235456,-0.09306101161463683,1.438195493574461,0.5434782608695652
5657695.047528614,0.4142555997757147,-0.06508477159132729,2.017397185975583,0.5942028985507246
2907315.141195344,0.23793665367893402,-0.09413516900808103,1.50836167874628,0.5289855072463768
2963188.8686963795,0.24265870571519188,-0.11077057606614372,1.3114243867926307,0.4927536231884058
2420373.408633501,0.19337373327447915,-0.13010595090901994,1.2102696157381656,0.5144927536231884
2386360.882651337,0.1900007203512062,-0.13235703029269844,1.2370696434198438,0.5144927536231884
3696431.531711946,0.2988426265743229,-0.07599734757601571,1.679469561050868,0.5942028985507246
3591361.291511439,0.2913733495010167,-0.11169282201799764,1.5736639319928492,0.5434782608695652
1817557.663351314,0.12693181436464518,-0.10680138255838505,1.173311552223997,0.5507246376811594
1968867.3318938522,0.14509967290970138,-0.07452062557273788,1.275418638586284,0.5507246376811594
2400021.3629621756,0.19136001907068323,-0.11737568940050186,1.4468557137294948,0.5507246376811594
2120887.739241387,0.1622606550959227,-0.09223776030751919,1.1747793942376343,0.5289855072463768
2701888.755138997,0.21992601501685072,-0.08237995529448464,1.3263452846559918,0.4855072463768116
4786407.591111762,0.367734921804316,-0.08961439761847576,2.006438136996629,0.5797101449275363
3714739.1969054365,0.3001266653395911,-0.06782193522857614,1.9442930114417525,0.5797101449275363
1753308.9172697251,0.11884954172747153,-0.10106948720336001,0.9758583922644823,0.47101449275362317
3228124.459439736,0.26412509851871113,-0.06693356920529278,1.5323826913454985,0.5869565217391305
3540412.070406149,0.28768833811436734,-0.0684432585067964,1.80525659213771,0.5579710144927537
4507496.103132746,0.35140982495309014,-0.04609462241751413,1.8513929684868562,0.5507246376811594
3092515.744735944,0.25332119432429745,-0.06714224102511596,1.5817125283257427,0.5797101449275363
4509738.387236747,0.3515442517795522,-0.06132502174279746,1.895451662585074,0.5579710144927537
2678069.6974816252,0.21776748807576407,-0.0977806217651654,1.6064923627439298,0.572463768115942
3572336.8252727543,0.29000228657598837,-0.06644321289344716,1.7544688515598872,0.5869565217391305
3706878.83299623,0.2995759871409296,-0.06978590687823921,1.6263676822402922,0.5579710144927537
3286783.644104459,0.2686862219937045,-0.15874445915339602,1.6985034397009682,0.5797101449275363
3519338.3106895788,0.2861517216987004,-0.1147876426076727,1.6864905541744366,0.6159420289855072
6030115.023615868,0.432402661422578,-0.07541756405864167,1.906825929473332,0.572463768115942
4413280.890446421,0.34571258507592906,-0.11755862888453236,1.8315360749849818,0.5579710144927537
2241651.944000477,0.17520501568872482,-0.10128062129614458,1.252912504421043,0.5362318840579711
2575904.06750228,0.20833105405137742,-0.05717949774234595,1.6191748809663964,0.5579710144927537
2955515.4283713885,0.24201444303768205,-0.10782357458197019,1.5185935168709765,0.5507246376811594
4025230.27349105,0.32116830409640373,-0.11183968174919286,2.0674205014702456,0.6376811594202898
3124215.4255406917,0.25588014503851886,-0.0732922414667968,1.6822275297870766,0.5
4956660.517476457,0.37732945429073217,-0.07143517711665816,2.109249654000521,0.6159420289855072
5281594.49532512,0.394931915481755,-0.07187268787042045,1.8720260973199714,0.5434782608695652
2258780.1406842675,0.17699547218646905,-0.05883103305455354,1.3400978314517678,0.5072463768115942
2401442.719392251,0.19150109666725434,-0.06412428497498668,1.3658103170695233,0.5072463768115942
3134969.745112723,0.25674356681471844,-0.08714676217550076,1.5712234350502106,0.5797101449275363
4819960.8864916125,0.36964716467737846,-0.04448000000000001,2.0072859812103614,0.5942028985507246
2798615.2600870514,0.22853812831437836,-0.0718145137842346,1.4459012171766432,0.5652173913043478
2888045.097497021,0.23629124609525354,-0.11162867529533983,1.556323876605814,0.5434782608695652
4361706.904549105,0.342552556040697,-0.05601873690536103,1.9404015276490405,0.5942028985507246
2366416.3463598485,0.18800489835725664,-0.09887272319417414,1.3392132448436034,0.5579710144927537
4032392.0523345834,0.32163810024751704,-0.08193263026669285,1.8444175763151034,0.6086956521739131
3756624.331739602,0.3030454179841342,-0.058369039271139976,1.738325650773329,0.5217391304347826
2306045.701589797,0.18188054018286004,-0.08316402299458325,1.4942195011521988,0.5869565217391305
3501341.462532863,0.28483362340461227,-0.05339366978537485,1.738641153804806,0.5507246376811594
3681206.4619051563,0.29777091022635305,-0.07479070004039469,1.7482513602789371,0.5797101449275363
5396436.417626628,0.400946055894831,-0.07729581128909606,2.2270540602916196,0.6376811594202898
3803342.280215029,0.30627038913511817,-0.08284519670018281,1.698684039890687,0.5434782608695652
3638339.8096787133,0.2947342947139713,-0.07862911911870324,1.9120809909674201,0.6014492753623188
2952766.3208711776,0.24178330214856514,-0.09506534235845354,1.4478665846847436,0.5072463768115942
3978529.2554694694,0.31808831865910103,-0.05648434742854312,1.9479282717462654,0.572463768115942
7672933.753104741,0.5031152801731729,-0.06239993629071648,2.3923768138764987,0.6594202898550725
5617297.954841133,0.41223019226467716,-0.07801256641171084,1.9009840708066912,0.5652173913043478
2765582.656384979,0.22562420299321606,-0.11206232912123137,1.3796819397692226,0.45652173913043476
3071506.921816885,0.2516136753363545,-0.07149264183879196,1.516294527544687,0.5579710144927537
6020584.227878933,0.4319495829570974,-0.09256145536465814,1.983648350076877,0.5942028985507246
2903120.7004586505,0.23757924825332188,-0.1006002256926415,1.3151768798713492,0.5
4670495.177541522,0.36104531700452647,-0.07741002951234234,1.849066322860779,0.5942028985507246
3527793.6008404572,0.2867691303873514,-0.050841549153227576,1.7871345109133447,0.5797101449275363
1606998.7750650127,0.09951993839111184,-0.1374646564842699,0.9379098150296609,0.4927536231884058
2674415.316746338,0.21743496371632576,-0.140592551481093,1.464951484340373,0.5072463768115942
3754948.1609419994,0.3029291158786347,-0.08310150245076009,1.7871548985883436,0.5579710144927537
4128916.986930438,0.3279056852158444,-0.0902473993033303,1.763392412268137,0.5362318840579711
4272993.566357432,0.3370463038958831,-0.058510012369939905,1.861530745203914,0.5869565217391305
4622756.217570676,0.35825151549558476,-0.07426952096785934,2.009562859812228,0.6594202898550725
3389805.582721609,0.27654155867119234,-0.08303073324755232,1.675256739285152,0.5652173913043478
2180400.4757971806,0.1687113281795376,-0.07758676548392535,1.1781493674589703,0.4492753623188406
2686729.2313844473,0.21855400128548075,-0.08924769670963743,1.5660271784010718,0.5507246376811594
3097308.8794576097,0.2537094618026665,-0.10723315240904194,1.4770959856816313,0.5362318840579711
2926589.950480161,0.23957376319117385,-0.08225385791392478,1.8425583352580803,0.6159420289855072
3395190.641346532,0.27694688499076103,-0.09294540597366295,1.5844694221252356,0.5434782608695652
3657830.7506817076,0.29611853524283305,-0.057499890194739264,2.1828887354542323,0.644927536231884
5415163.01927444,0.4019170158515868,-0.0912903761187356,1.9470327988499005,0.5579710144927537
3316771.6545404275,0.2709928711335414,-0.053012793600000004,1.7305356055720826,0.6086956521739131
2911711.6189060807,0.23831083201887315,-0.13074714088295813,1.4850231279796533,0.5797101449275363
1812433.0391743216,0.1262956170802998,-0.13743706478034504,1.0315964303784475,0.4855072463768116
3663013.5920606726,0.29648562563979586,-0.0789150660258032,1.5631338928242573,0.5797101449275363
4009614.5023804223,0.3201416223807194,-0.08351973221281256,1.8763531163525475,0.6014492753623188
2758247.180335504,0.22497333900022687,-0.1399932236028089,1.481941658462785,0.5579710144927537
2004327.0094952823,0.14919496828164514,-0.12948885109007222,1.2316662258077955,0.5144927536231884
2850076.9111837535,0.23302339254640358,-0.07163271435463978,1.4434363238195833,0.5362318840579711
2697706.298694413,0.21954809792928054,-0.16207075817959848,1.2470017566976732,0.4927536231884058
3832472.4008927825,0.30826525403651184,-0.09734537716718336,1.8114771622384305,0.5434782608695652
3615526.7170688487,0.29310656032645865,-0.12294320731169324,1.5518498834106782,0.5362318840579711
3674567.3386211125,0.2973024614402924,-0.06368123307929652,1.9352365804728942,0.6159420289855072
3036436.8192197336,0.24874237618697426,-0.0830136791595419,1.4864509060154174,0.5217391304347826
4605088.521556901,0.3572117053046817,-0.09989271974220537,1.8534402967708448,0.5507246376811594
2996899.713109934,0.24547335822996375,-0.103488309344173,1.583389088490038,0.5289855072463768
5726652.632569787,0.4176863834880298,-0.05394758732363025,2.0826470450181156,0.6304347826086957
3982373.480573046,0.3183429389280974,-0.05618768758262962,1.7659494137508842,0.5434782608695652
2271691.868239012,0.17833800352198215,-0.10247878437046552,1.232554181315777,0.5144927536231884
3415865.1538801203,0.2784982667495155,-0.049639807999999966,1.7901795749081701,0.5942028985507246
3012276.5535835917,0.24674882699857092,-0.10488049169469268,1.3677043364888875,0.5144927536231884
6430231.59320236,0.45092619986583804,-0.0451494108084454,2.0616387855652096,0.6304347826086957
2131821.0626602643,0.16345649862947265,-0.06786143865329393,1.179538166120294,0.4927536231884058
4850882.986256448,0.37140004609549004,-0.08900938089278675,1.92939210255043,0.5797101449275363
2698742.436267616,0.21964176457631668,-0.05250635703444341,1.3504097948673524,0.572463768115942
3032169.5147435083,0.24839119074677418,-0.05810165971215376,1.748128402958752,0.6014492753623188
7370027.899752518,0.49105555953144076,-0.06807244368246204,2.2209925055768456,0.5507246376811594
3660773.9794650977,0.29632704932823906,-0.14382672228501311,1.6296118140615914,0.5434782608695652
3968017.8686955003,0.31739109611599026,-0.04932216223979684,1.783854516951119,0.5217391304347826
4060504.961557458,0.32347581384679036,-0.07528941460940819,1.736899627188019,0.6086956521739131
2172758.7524225623,0.1678909728884599,-0.10720455095604893,1.2961093886338486,0.5
3982673.826277377,0.31836282388845727,-0.07980484396070242,1.6599632299180602,0.5362318840579711
2789322.4032951766,0.22772116551210297,-0.08090322154582302,1.3521609698113957,0.5
2236847.515739859,0.1747008308242164,-0.0917204119554754,1.2169838648276223,0.5
3633155.4110277756,0.2943651017159965,-0.04660468368856209,1.6343773618054542,0.5289855072463768
3895384.8721492067,0.31253252648173446,-0.08249342413015866,1.6752941661361693,0.5942028985507246
3373267.015491632,0.2752934935138258,-0.11795313490799884,1.5544234637802874,0.5869565217391305
2845674.010187587,0.23264219316850632,-0.07914869046021102,1.4333674532799923,0.4927536231884058
3587164.4063813877,0.2910713870770949,-0.10774851917048624,1.605342291991408,0.5579710144927537
2254109.345522428,0.17650830147949015,-0.10282611562268296,1.3372387677200104,0.5652173913043478
3405611.0155377146,0.27772975465422167,-0.11814400097836128,1.6890396721196683,0.5797101449275363
2624223.4553344776,0.21283064692371112,-0.15031130459998338,1.2951754265684499,0.5144927536231884
4298654.052054008,0.3386483254377173,-0.051387442830373456,1.7669983466377168,0.5869565217391305
2824912.105776303,0.23083826094466797,-0.059736453178560245,1.7300155614860953,0.5869565217391305
1548873.565915125,0.09144836236233078,-0.1274860634244258,0.8686123550344612,0.4782608695652174
3164793.0924040745,0.2591256304207885,-0.15379349748873938,1.4567353630205928,0.5579710144927537
3489399.524800113,0.2839559952854738,-0.0775698646276367,1.7062949071968843,0.5797101449275363
6491596.430788449,0.45368497794557405,-0.07155996685026558,1.944182388822987,0.5869565217391305
3843294.9662277335,0.30900330605543225,-0.0541976384000001,1.9572904735949705,0.6231884057971014
5459188.497792045,0.40418916633764423,-0.0812056148113212,2.1517638966705173,0.6304347826086957
6131676.867139811,0.4371955108190455,-0.06651683116326398,2.15154862998437,0.6304347826086957
1935650.6157252577,0.14120954131594998,-0.08515763056794663,1.1657170837634139,0.5507246376811594
2237965.2160444423,0.17481820146508298,-0.11744042202036417,1.3511894287038975,0.5507246376811594
4667206.766617702,0.36085360554148793,-0.06024886267744723,2.028898164550055,0.6014492753623188
3198322.408100344,0.2617823500898828,-0.10320740741489867,1.5248880410528576,0.5434782608695652
3939303.146531159,0.31547888213582187,-0.07744332020235195,1.8273001206890618,0.5579710144927537
3719450.884247981,0.30045630812032553,-0.06663008654106539,1.9120667999801306,0.5579710144927537
4859409.604766279,0.3718818219741502,-0.059753376439233306,1.997377335044907,0.6231884057971014
2003377.3025780513,0.1490860434087602,-0.18693056769321548,1.0193983199488748,0.45652173913043476
1757436.1320385619,0.11937579131871878,-0.16539372699753058,0.9314169035486805,0.4782608695652174
3193924.9750329843,0.2614351894979965,-0.08245344802998923,1.5863447199237697,0.5072463768115942
4308250.724811091,0.33924549437491347,-0.0485965193336243,2.058832143135101,0.6014492753623188
8484233.543267908,0.5336368068637989,-0.08569533319222813,2.2279718904731496,0.6231884057971014
5992407.517923236,0.43060674408629884,-0.07507844737077368,1.964455988374419,0.6666666666666666
3558091.857927902,0.2889718450460428,-0.11483653336458212,1.7677014983207784,0.5579710144927537
3575742.4209499606,0.2902481509563839,-0.08286630671025287,1.5652929389707873,0.5507246376811594
3567528.617983492,0.2896548422688281,-0.15549148664634105,1.4457452084370037,0.5
4083402.5395925627,0.32496509981646593,-0.10499798162759305,1.6368586124326094,0.5652173913043478
2756053.1298153666,0.22477839570596592,-0.09960282747407469,1.2827850672952918,0.5
4237031.464114313,0.3347881358637621,-0.05317835397944384,1.9579333537196502,0.6014492753623188
2725759.5625234237,0.22207401244360003,-0.09997003396443611,1.4284912712819262,0.5289855072463768
3395741.464063541,0.27698831569592586,-0.07375373480682977,1.5756749137550188,0.5652173913043478
3839573.3240197613,0.30874969398195984,-0.05247450604089966,1.6676425106792185,0.5434782608695652
3636040.4531332585,0.29457060419621617,-0.10253963901298058,1.764678243269051,0.5507246376811594
4677910.031944047,0.36147720055443533,-0.08885213220570914,1.8144643770305005,0.6014492753623188
7676624.600996612,0.503259858581129,-0.05710871031120582,2.1205417551830372,0.5797101449275363
2230689.5722281914,0.17405333740672901,-0.12861107508289782,1.2773697874849925,0.5072463768115942
4331438.678709153,0.34068402352681715,-0.07868746867052837,2.0621073025115764,0.644927536231884
4359636.507364092,0.34242507636309116,-0.06051575711275863,1.8721348894915406,0.5652173913043478
2473643.042765203,0.19858104666623744,-0.06674378942688,1.599025713988692,0.5797101449275363
2470035.2483583796,0.19823121777987573,-0.08149485411164058,1.5971304211902453,0.5362318840579711
2962271.421084736,0.24258174703776514,-0.07647000775986997,1.7150643156818002,0.5869565217391305
2534163.6658287398,0.20438942050571662,-0.07295938427195561,1.3522533948595865,0.5507246376811594
3066213.610723713,0.25118198154718874,-0.08315966103479648,1.4825001151360586,0.5362318840579711
4974726.064372968,0.37833198466769846,-0.04857092292015837,1.954304059634457,0.5869565217391305
3800292.644351526,0.30606084042600346,-0.06819090157562883,1.7618758578168734,0.5652173913043478
3408440.5549064283,0.27794200353956056,-0.08436830194094624,1.7330009308340502,0.6231884057971014
2744260.6019546296,0.2237284873002019,-0.11138392475409342,1.4978933944338426,0.5434782608695652
5517646.588170705,0.40718363561165827,-0.06538678957355781,1.9645495097372836,0.572463768115942
2051626.6268472122,0.1545683959827726,-0.14172155927270907,1.0983698172008312,0.5
6489044.837893254,0.4535706826218502,-0.10690584394623619,2.1898965079222883,0.6304347826086957
2488371.4053432127,0.2000049580361143,-0.09232024624961614,1.2929261720216394,0.5289855072463768
2805189.985140288,0.22911482214423518,-0.10997956287786155,1.379025366202027,0.5579710144927537
5073956.732584803,0.38378733647476726,-0.06771759158922656,1.876045779595384,0.6014492753623188
3755559.4468417927,0.3029715351240647,-0.10683183661577615,1.553910313333786,0.4855072463768116
2260227.2156877923,0.1771462406836446,-0.06580189526034541,1.4188900924060512,0.5869565217391305
3856697.4602797795,0.30991499710824666,-0.08012555356004497,1.6309480350965573,0.5362318840579711
4162232.2883378067,0.3300417166244962,-0.06003838116921955,1.6559634512971235,0.5434782608695652
3298981.2254599826,0.2696264714615719,-0.05313568793294929,1.7510906271475293,0.5289855072463768
2344768.07784736,0.18582329760514038,-0.13604712923793258,1.1386369833803616,0.4927536231884058
2161869.044226937,0.16671794201368284,-0.08370223268170418,1.2744938770515744,0.5507246376811594
3690569.477421408,0.29843040628153283,-0.05290865037023549,2.1065976850461934,0.6594202898550725
3203954.8824327504,0.26222645513832443,-0.12893634284449362,1.8451482050281602,0.5579710144927537
2927065.182347769,0.23961401800684579,-0.11144813196234654,1.3917067705787867,0.5434782608695652
3233883.342144192,0.26457580969310945,-0.10717847381710881,1.6514585810072715,0.5507246376811594
3041025.837298184,0.24911959729035216,-0.09279538794156916,1.5446107422359283,0.5507246376811594
7321844.378562761,0.48910080633296826,-0.04447999999999998,2.5210519482190077,0.6304347826086957
4512677.4919142695,0.3517203726340643,-0.05901079407142804,1.88069201626397,0.572463768115942
1725307.7097433417,0.11525277517009247,-0.10697578807253624,0.74580098550712,0.45652173913043476
2748347.905841479,0.22409279475809418,-0.06154480455024274,1.7295645094581962,0.5362318840579711
4539499.120461352,0.3533233878178579,-0.08533649500231895,1.7459629698710752,0.5579710144927537
4147203.6664497126,0.3290798468999656,-0.07763886504132268,1.8213924102759704,0.5797101449275363
3490447.5002203467,0.2840331084219043,-0.056251305962824225,1.9766735418810724,0.6231884057971014
2690405.7774849623,0.21888731509265846,-0.12597226425846042,1.3383121978777939,0.4927536231884058
3400495.4490425177,0.2773456683735378,-0.06700532315953278,1.547195929812476,0.5362318840579711
3734328.2523526563,0.30149498221506343,-0.09116818189328596,1.8851826094415622,0.5579710144927537
3054750.6205687867,0.25024507471956303,-0.07688605627449419,1.4436794691767862,0.5289855072463768
2521293.4888891415,0.20316358883367402,-0.09827498862244077,1.448438760262065,0.5797101449275363
5067056.655542818,0.38341076892247994,-0.09970015736942492,1.7928045889353639,0.5362318840579711
3438954.1851141606,0.2802219762500886,-0.09733974356661808,1.6780376036710996,0.5434782608695652
3175111.7411384964,0.2599456248571943,-0.04855566708800385,1.6255781598637775,0.5652173913043478
3039662.7392433267,0.24900759706763687,-0.06617307443927446,1.4398686574661022,0.5652173913043478
2622607.3752411376,0.2126812301917318,-0.06917215972343163,1.685106002367691,0.5942028985507246
2558839.6854030984,0.2067258483621155,-0.08883240706818302,1.4674837205348423,0.5507246376811594
1765390.0307778907,0.1203871882016121,-0.14387575044277878,0.9180321942893859,0.4782608695652174
3166281.789788996,0.2592440649841419,-0.10961953627594985,1.5673243190517672,0.572463768115942
4230619.735422624,0.3343839149113941,-0.09965682003532927,1.812324547238361,0.5579710144927537
5079962.783347843,0.3841147797335447,-0.08389381032502086,1.9270240286027547,0.5579710144927537
5873449.847638598,0.42488118870695635,-0.04921355269624205,2.151092669002489,0.6521739130434783
5340769.942448696,0.3980437881426555,-0.06737030911424459,1.9328003105786098,0.6159420289855072
2306005.116460297,0.1818763800647476,-0.08783973328506542,1.400385162713563,0.5362318840579711
4297508.061234645,0.3385769429868981,-0.1020402304443512,1.601450693689035,0.5362318840579711
2619828.504745448,0.2124241338912567,-0.05167556969928121,1.5957932867636229,0.5579710144927537
4229711.581620916,0.33432662165566773,-0.11143112117387445,1.6759627296666244,0.5362318840579711
4370858.980800752,0.34311549361801563,-0.04666213831923514,1.9072014657618124,0.6231884057971014
2242503.739060575,0.17529431427167563,-0.10962903491379405,1.320920320952466,0.5362318840579711
1946835.0119866296,0.14252530991423096,-0.11618677573763111,1.0744531793823442,0.5507246376811594
2139762.271206087,0.16432200415932985,-0.11864897776778223,1.0615677750903463,0.5
3158399.3385945735,0.2586164626691625,-0.0747627524194078,1.6745456140827426,0.5579710144927537
2340278.74390549,0.18536886984751844,-0.08139107676959752,1.4784258355486253,0.572463768115942
4992579.861454837,0.3793199067443098,-0.04423274090146719,1.9557852782045024,0.6231884057971014
4197554.673396187,0.3322915466347396,-0.07346608652497398,1.8421203765385084,0.6014492753623188
3457382.307094442,0.28159109481583244,-0.10490391397426839,1.5943557733719196,0.5652173913043478
2934031.140402579,0.24020347470555392,-0.06501991776996338,1.6052597956216128,0.6014492753623188
4524074.070751708,0.35240242666950716,-0.06644519426985009,1.9763406349199422,0.572463768115942
2622313.65600772,0.2126540660982983,-0.09384269428989991,1.550289604610945,0.5217391304347826
5675351.655624977,0.4151372253504797,-0.08216777445602981,1.8682585499713642,0.5289855072463768
4172175.8980477196,0.3306766064934028,-0.0738929644309209,2.0413561975888164,0.5869565217391305
3439687.052485104,0.2802765366132598,-0.07000772486586468,1.6792900656870424,0.5434782608695652
2702182.52499187,0.2199525417863244,-0.10793043087640405,1.522764385430668,0.5942028985507246
2061091.3062089689,0.15563169964612755,-0.1412013845961367,1.2335173337445648,0.5579710144927537
3624338.3793191947,0.29373625150590277,-0.07518023831529533,1.6226101440120015,0.5217391304347826
3527473.4801001535,0.28674577661524614,-0.061315444523048615,1.6248329464709244,0.5434782608695652
2674491.5722192,0.21744190616983783,-0.09781665786459018,1.5099915223627014,0.5869565217391305
2297889.693491455,0.18104334139468015,-0.13595028533953316,1.3071809630174036,0.5217391304347826
2659056.2542288858,0.21603340409481353,-0.06740282127226382,1.7140398291782497,0.572463768115942
2791998.695139196,0.22795666929081304,-0.10511404462298753,1.2735724282184329,0.5
5623022.166852684,0.4125178968515246,-0.0578375743110399,2.073890802984643,0.572463768115942
4823486.009238387,0.3698474469060735,-0.056366667918307065,1.9583370031942826,0.572463768115942
2177520.2166523766,0.16840239671453028,-0.06832799163091861,1.384542782123108,0.5797101449275363
6798591.995820082,0.4671813428230551,-0.039938526999999995,2.500875601099073,0.6159420289855072
5838896.279745122,0.4232007112975773,-0.12066371538901208,1.7862759336380554,0.5362318840579711
2826581.7464526445,0.23098372189155136,-0.16314957734136748,1.4093736684125995,0.4855072463768116
5588256.08148275,0.4107668946918763,-0.08468086980288726,2.066883277149705,0.6014492753623188
5771149.295168268,0.4198826808183149,-0.06535004320691193,2.0697760907095404,0.6086956521739131
3141585.5712221647,0.2572735487920301,-0.06756067013163902,1.6399684193307402,0.5797101449275363
7655030.386664374,0.5024131764846842,-0.06511614336003883,2.029292966188543,0.5434782608695652
2912947.9266689145,0.2384159710950131,-0.06645803667539797,1.5325979170976292,0.5362318840579711
2176927.145466947,0.1683387443733,-0.11608010090752219,1.1082252446366572,0.5
2068291.3756239805,0.15643797407604532,-0.08214512709560905,1.1402022311922049,0.43478260869565216
3461743.158397047,0.28191423007366345,-0.04997808830361222,1.8681817107298468,0.5797101449275363
3972518.51659617,0.31768980572382266,-0.07249863774492507,1.8161630979942165,0.5869565217391305
3262207.345993772,0.2667832499329148,-0.07910466273103758,1.5658472546329758,0.5217391304347826
2473311.385079618,0.19854890460451347,-0.07707522868184559,1.2686565422096499,0.5217391304347826
4352854.533264118,0.3420071533305138,-0.0579348454984758,1.785775868096192,0.5579710144927537
2742046.587253235,0.22353096760227809,-0.09510646471107802,1.2167677948531865,0.5362318840579711
2339903.779433903,0.18533088294519207,-0.07713444029799488,1.569389385593591,0.5869565217391305
2107320.376580457,0.1607698343934465,-0.10430243825754561,1.1641246681274084,0.5289855072463768
2722913.7489257157,0.22181872594004948,-0.12139183568028648,1.5955743622072047,0.5869565217391305
2757419.894511486,0.22489984851047273,-0.06753288848793937,1.361800965456712,0.5144927536231884
5938831.380588439,0.428039429668563,-0.047872812169248685,2.245878344560909,0.6521739130434783
6422371.512333668,0.4505713144368726,-0.05852831875625002,2.280937017195965,0.5942028985507246
3795816.0732150218,0.3057529993409649,-0.054922401120242464,1.8552470218758175,0.572463768115942
2013510.3742444618,0.15024611293748125,-0.07942160507826687,1.2082828404943111,0.5
1769597.1125651493,0.12092067640897075,-0.11045226147403518,0.927999973491765,0.4927536231884058
3527606.731968997,0.2867554979463731,-0.06681382766297783,1.8318198582515632,0.6086956521739131
2824985.435450452,0.23084465095101692,-0.06876812131508493,1.6107004180206932,0.5289855072463768
2779555.4829143295,0.22686017611282683,-0.056501962483719984,1.672920404388988,0.6014492753623188
4459093.1343986625,0.34849490113541526,-0.09672565729903948,1.806399962663896,0.5869565217391305
3381975.3645300507,0.27595126833325057,-0.09561123484780155,1.5260775441078336,0.5289855072463768
5101684.912900874,0.38529646661360095,-0.07507246778068356,1.9818734315669155,0.5434782608695652
3430447.6966663827,0.2795880053426769,-0.0905032416847275,1.5611573075695027,0.5434782608695652
3009944.0570967677,0.24655568813245266,-0.059039000129366276,1.6592360656316354,0.5434782608695652
4346366.644721267,0.3416068648130821,-0.07803842471450294,1.8507186941894789,0.572463768115942
2586871.9605025356,0.20935829196397426,-0.04521179701808997,1.4848836042212756,0.5144927536231884
2580738.0831086976,0.20878423175728034,-0.10052502170621704,1.2755586627580526,0.4855072463768116
4689141.920761306,0.36213036809577814,-0.06640698025264488,1.7687732075885805,0.5507246376811594
3490608.566900752,0.2840449585433005,-0.10512893957024655,1.5861792280526763,0.5652173913043478
4740755.693918294,0.3651158685503586,-0.07391509791973834,2.052123211121437,0.6231884057971014
2983399.6201250884,0.24434923752969073,-0.05414727248338675,1.6366089435018225,0.6231884057971014
4464388.712984801,0.34881504115754125,-0.08606541146726467,1.7798991303955907,0.5869565217391305
1648190.94294587,0.10509981106121513,-0.16519721150448094,0.859791133266534,0.4492753623188406
2734123.1953242044,0.22282304818344922,-0.09275218303478881,1.356446536402212,0.5434782608695652
4196255.884582314,0.3322090900764427,-0.059295558038463966,1.7368430820540934,0.5869565217391305
2552680.53322385,0.20614436805407466,-0.07208647315312267,1.4851712301008144,0.5797101449275363
2927714.487148601,0.23966900932913227,-0.06338974079999986,1.5243258160144209,0.6159420289855072
3207133.104512705,0.26247677359267274,-0.1414728877257296,1.5699167961809048,0.5797101449275363
5508167.51266777,0.4066998070313117,-0.05255651837584221,1.9113296248493103,0.572463768115942
3209182.997329561,0.26263811898049116,-0.10006662749463804,1.703753549409736,0.5289855072463768
5728446.324060494,0.4177751813821431,-0.14449322485471203,1.823218790494956,0.5434782608695652
3563408.981391234,0.28935685643029085,-0.08573009279690519,1.6557514463256937,0.5942028985507246
5113310.195726547,0.385927230941278,-0.061206770582670156,2.039740351230745,0.6086956521739131
3890008.877777657,0.31217004286572103,-0.0635816693017807,1.7997188884852393,0.5507246376811594
2299046.8943362874,0.18116227043939892,-0.11854117302131159,1.2552353421275224,0.5434782608695652
1931412.6020511931,0.1407093784400275,-0.09484726801942531,1.0301789115871085,0.47101449275362317
4512131.831787844,0.3516876818163508,-0.0655749345583142,1.8270751703966965,0.5362318840579711
2732116.714242619,0.22264351773133217,-0.07347885329330399,1.2076557030307573,0.4927536231884058
3333783.421406433,0.27229399241715924,-0.11950493151687917,1.5686548056372276,0.5362318840579711
1980916.2205875947,0.14649778926758272,-0.08420504509471333,1.3834955308031878,0.572463768115942
1585163.3664050142,0.09651557653478937,-0.12121871546433023,0.7271876111935299,0.5072463768115942
2287257.253239361,0.17994836464748798,-0.06792108572739969,1.2859987236128754,0.572463768115942
3859817.942612528,0.310126900913392,-0.06132711156104316,1.790213719738598,0.6014492753623188
2548355.0506766643,0.20573533166231095,-0.06801642624144666,1.2891615275452344,0.5942028985507246
3895334.0371210724,0.31252910073673634,-0.08165824407375347,1.7112627886652307,0.4927536231884058
3051558.3746498274,0.24998366162421148,-0.11219920204745405,1.371317300913551,0.5362318840579711
5122796.445984719,0.386441086214828,-0.055113631244291084,1.9082353833476817,0.5869565217391305
2314195.6070096795,0.18271474973470903,-0.09632257477935773,1.4611628437868533,0.5579710144927537
2452498.1977384463,0.19652489601603018,-0.11070032222016317,1.203836898605837,0.5579710144927537
2799307.790549312,0.2285989238005428,-0.09556883138805018,1.492337301357006,0.5434782608695652
3862640.4359614626,0.31031845105275835,-0.09529413581750326,1.7496591380749467,0.5362318840579711
4098988.233195191,0.32597499507067784,-0.05975788342835187,1.7704617393071846,0.5652173913043478
2579347.153048933,0.20865390493916602,-0.11457475081154245,1.2828338397389876,0.572463768115942
1981287.4603913883,0.14654075864783422,-0.11668668614044546,1.1186400927074003,0.5289855072463768
2068776.4162786645,0.15649220887380744,-0.10168786738785521,1.35405308717477,0.5579710144927537
4698176.868620328,0.3626548692956788,-0.07487419013838428,1.861984950823314,0.5942028985507246
3129761.686645178,0.25632572880005977,-0.09154486313751224,1.7420838748980243,0.572463768115942
3723008.540721474,0.3007049904034407,-0.0671011728104623,1.5823805489781244,0.5144927536231884
3560007.5859452374,0.28911061537241567,-0.06271405636807582,1.902954139825683,0.572463768115942
4175987.7005203175,0.3309196654561928,-0.07195261938210915,1.726647024713791,0.5434782608695652
4942773.483153626,0.3765568174458984,-0.06346887322818828,1.7245762680445047,0.572463768115942
2051353.417774377,0.15453764425040428,-0.08825451362577796,1.2014177919800237,0.5217391304347826
2764329.7580639217,0.22551313338944246,-0.1444620174134995,1.420060414867412,0.5072463768115942
2669391.2564116116,0.2169772137229058,-0.0813987858034079,1.4360222201633575,0.5579710144927537
2863738.4634952373,0.23420320689821605,-0.09997987147171349,1.534269153406176,0.5144927536231884
3445413.985004105,0.2807025741606324,-0.06638333192198587,1.780706074066732,0.5797101449275363
5701555.308173204,0.4164415839687563,-0.04045955234010055,2.3204965997953937,0.6811594202898551
1920609.8400550259,0.13943047259295382,-0.11107845574208192,0.9596802196896707,0.5144927536231884
3565893.4111512923,0.289536595752228,-0.0651703991403525,1.822362993632323,0.5797101449275363
2624125.399743827,0.21282158316790034,-0.1496535109339971,1.3317722840622124,0.5144927536231884
4006974.7034828295,0.31996774898217284,-0.08731948279913176,1.6212781854700082,0.5072463768115942
4484523.687833484,0.3500295184689046,-0.06866343228768752,1.8152980568533938,0.5579710144927537
6093574.406238242,0.4354048975624756,-0.06002978419295973,2.111235604174837,0.6304347826086957
5512101.192518431,0.40690066971897476,-0.10440568146855586,1.8969167826022286,0.5434782608695652
3061116.9114976325,0.25076575859698513,-0.09474694978108482,1.3506938490118752,0.5507246376811594
4865110.51863851,0.37220356116434683,-0.08164206181717179,1.9426683349039937,0.572463768115942
3646780.007048843,0.2953344413491428,-0.08541750882321537,1.6187052388222927,0.5434782608695652
2841172.612286442,0.23225197790829677,-0.06155206863930095,1.6586979752497406,0.5072463768115942
4386116.960612129,0.3440519078794637,-0.04616983910292411,2.0648392684183086,0.6594202898550725
4311560.608917626,0.3394512106191594,-0.06126928501508121,2.057421306604688,0.6159420289855072
5443556.7630382655,0.40338409810224896,-0.0675541727547874,1.8235738379712823,0.5942028985507246
4126648.9387405906,0.3277597672394881,-0.07652106614231566,1.7906024242283864,0.5362318840579711
3708007.637471884,0.2996551258774991,-0.07020337039362254,1.5484848082158766,0.5144927536231884
2693710.9798038946,0.21918665216372624,-0.09281553012099458,1.462915297829677,0.6014492753623188
3420789.3210316044,0.27886666022338447,-0.07823452582665279,1.6333570221545943,0.5652173913043478
5160259.210698309,0.38846297587443357,-0.06376728915083815,1.8423520553478216,0.5579710144927537
6724403.548881309,0.4639652017902647,-0.0918655846013719,2.1618700991989352,0.6304347826086957
2375533.01235978,0.18891885352398807,-0.09607636888272117,1.340582327134719,0.4927536231884058
2093312.349250331,0.15922251359745165,-0.0647864681009907,1.3103167840971033,0.5507246376811594
3054687.0328644398,0.25023986965466527,-0.09506999566249127,1.5457642018520799,0.5144927536231884
2372855.662557332,0.1886507378932223,-0.11309070886085545,1.1842571252961267,0.5507246376811594
2734818.102803501,0.22288520065027684,-0.051603507463722185,1.54972107270507,0.5652173913043478
3840876.145731925,0.30883849739832403,-0.051348080473200164,1.6574610535010819,0.5797101449275363
4284255.38392737,0.33775034064222376,-0.08728907828876518,2.0056758419954654,0.6014492753623188
2552062.1568732043,0.20608592568925732,-0.10231903181532911,1.4023098364522637,0.4782608695652174
5103289.335637311,0.3853835876979159,-0.09632554171518316,2.0284321905565945,0.572463768115942
4057398.762928107,0.32327326577458937,-0.07389989780761584,1.6583818943964228,0.5652173913043478
5402520.884668406,0.4012618260707246,-0.052046902970085566,1.9695695946134388,0.6159420289855072
3844603.711761673,0.3090924440968068,-0.050512886216241726,1.8691396227704684,0.5434782608695652
2412275.413451897,0.19257411334603947,-0.07338422766266876,1.3559539759847914,0.5507246376811594
3197505.98754119,0.26171792567479657,-0.07698612924309721,1.6941347687185526,0.5869565217391305
2851867.77004291,0.23317830879170742,-0.10716186291825516,1.3873717487810682,0.4927536231884058
4378031.714645726,0.3435560245274587,-0.06843940990527342,1.8834516702022956,0.5579710144927537
3218821.4808640433,0.26339565275372223,-0.09384604117657631,1.5309477548776604,0.5942028985507246
4510532.303292802,0.351591834900278,-0.08150159709723737,1.8666746057850674,0.5869565217391305
1637268.5055039627,0.10363123034509347,-0.07067801845633417,0.9599460750905934,0.5072463768115942
2933039.831092866,0.2401196588646406,-0.06242417876606193,1.6638006066186013,0.6014492753623188
2915341.56380382,0.23861943127842733,-0.04856499772405647,1.8261024916071404,0.6014492753623188
4134383.3985866182,0.3282571109325796,-0.0959212019411095,1.5475145376228459,0.5217391304347826
2641466.0130746174,0.2144202643077322,-0.08121343302905974,1.728747288327408,0.6086956521739131
3374822.127787495,0.2754110566340584,-0.07384294627727403,1.6431059918771471,0.6086956521739131
1730196.17505547,0.11588404877412617,-0.09137507330145209,0.9237469682326129,0.5
6030411.379272429,0.4324167405001669,-0.04759075886771814,2.297449576969677,0.6304347826086957
2944068.2440546686,0.2410508448638471,-0.10043064420961575,1.6021346810298667,0.5
4446034.962035655,0.3477041779443808,-0.06852258593282366,1.7805595747665302,0.5217391304347826
3433637.567687237,0.2798258870255357,-0.06980812724950078,2.051320313999579,0.6666666666666666
1563825.0863558215,0.09354745736105397,-0.11421575642372186,0.8043277242785264,0.5289855072463768
3005293.750915421,0.24617026891833538,-0.06649859534991738,1.5774680769879772,0.5579710144927537
3414901.8795197173,0.2784261512832138,-0.14898951801625332,1.5307060618396993,0.4927536231884058
3412479.823330082,0.27824475228999046,-0.047536838443915555,1.5697336165765077,0.5579710144927537
2406734.404514653,0.19202573950221846,-0.07831255174153914,1.3566637000905415,0.5217391304347826
3705380.6000538482,0.299470918564229,-0.08792432921786758,1.705775829480062,0.5652173913043478
3351640.4885901054,0.27365406381705104,-0.043509509408312684,1.672866724216434,0.5289855072463768
2112819.570850144,0.16137502440130036,-0.13318672183230404,1.1342523602315806,0.5144927536231884
2711445.5232836385,0.2207877892209964,-0.20113014259546155,1.3108489541782895,0.4782608695652174
3224796.4628386893,0.26386434401421166,-0.11850826421192692,1.7659236276067767,0.5797101449275363
3646184.012866604,0.2952920992137473,-0.11381282876580073,1.5668235328867817,0.5362318840579711
3978053.396383554,0.31805678668974946,-0.04662323367541361,1.965724690382044,0.5869565217391305
3565431.6370761404,0.2895031956839935,-0.0707073099159215,1.7167211559090865,0.5579710144927537
1927867.2870509818,0.14029029173150231,-0.15421353710121963,0.9758778187128746,0.47101449275362317
2995042.483615336,0.24531895176430107,-0.07262217833157342,1.4659659743692475,0.5362318840579711
7024853.037431424,0.4768196035366461,-0.037776358000000065,2.5773775416938256,0.6231884057971014
5288886.754034549,0.3953168973728496,-0.06523239665286894,2.0169555985004184,0.572463768115942
2367291.6445449535,0.18809277002164815,-0.07455629845063472,1.5142779659109764,0.6014492753623188
3688140.5436893404,0.2982594499007003,-0.06549051859750397,1.7824589514447653,0.5507246376811594
3353310.555547914,0.27378096667221086,-0.0688008656189512,1.729144106452972,0.5434782608695652
3080484.8528488427,0.2523445078868476,-0.07613091871752808,1.8696768482823871,0.5942028985507246
3232844.601852088,0.2644945615768859,-0.047417048086445465,1.5018186902440291,0.5217391304347826
2816333.150479632,0.23008976637653422,-0.048764477042556,1.8565606594557311,0.6014492753623188
2268742.4523889055,0.17803186912607338,-0.10083056345177333,1.2028157590540007,0.5144927536231884
2126099.2467552577,0.16283128269534441,-0.1113191358877488,1.2533461046468066,0.5144927536231884
4599061.608460252,0.3568562688150181,-0.07268992802447737,1.985250817593919,0.6086956521739131
2569511.601842614,0.20773072938946502,-0.06485556317602559,1.4308150195995808,0.5362318840579711
2965728.5043569296,0.24287163976281634,-0.09092546018740733,1.4993391676292134,0.5507246376811594
2657956.993215893,0.21593284516840572,-0.04756738742066058,1.653797045457704,0.572463768115942
3364137.5667363303,0.27460245120658344,-0.06363985151381397,1.5736889032935717,0.5434782608695652
2109903.769171877,0.1610542956299874,-0.1153091981325681,1.2593177675375387,0.5289855072463768
4920929.592257202,0.37533796113642515,-0.04590329533301143,1.931333262694037,0.5869565217391305
5575951.227439221,0.4101450695587088,-0.048567342491000295,2.087408132025127,0.6159420289855072
3702753.488398961,0.29928660153209896,-0.07355924790227766,1.8393871800371588,0.5797101449275363
2205822.3887139196,0.17142397444570534,-0.12082825929154023,1.332591973854855,0.5507246376811594
3065357.6961055943,0.2511121217997254,-0.08377480737850997,1.6897235306871055,0.5507246376811594
2515831.350005073,0.20264182895338845,-0.09093366431371849,1.4820552381805754,0.5869565217391305
3599099.364033597,0.2919293581370179,-0.06746286418432536,1.7501512495030473,0.6014492753623188
2347024.196675332,0.18605140794181452,-0.10069301844946252,1.2248603895757335,0.5217391304347826
5084860.063233632,0.3843815448818628,-0.1389482794771373,1.8301933116365638,0.5942028985507246
3485399.7230593595,0.2836615076113922,-0.09096096311922687,1.6616272156103178,0.5652173913043478
4326089.621976061,0.34035272759710056,-0.07659474551270402,1.7949125636137588,0.6231884057971014
7818698.792922636,0.5087833976966736,-0.03988785960470411,2.5692292716445966,0.6376811594202898
2216021.943689276,0.1725052913945484,-0.0955509225955277,1.304868721675163,0.4782608695652174
2836991.4775802507,0.23188908217890702,-0.09354736122384112,1.4468559183737228,0.5217391304347826
3092354.684231712,0.25330813927361806,-0.09545977219165509,1.6816545612199267,0.5507246376811594
2483998.27511396,0.19958287708191103,-0.1056841422768079,1.5207400070004031,0.5652173913043478
2553714.9439665554,0.20624210425670264,-0.05452470649471042,1.5140915143571214,0.5579710144927537
4019757.093104035,0.3208088251093215,-0.06404413222353254,1.6684246805137715,0.5507246376811594
3400268.3616807223,0.27732860751808364,-0.06502721061383174,1.6964721599641641,0.6014492753623188
2131723.6818832783,0.16344586918500026,-0.08977835525073957,1.1924754943981606,0.5362318840579711
2841801.3247920405,0.23230650917185103,-0.08028524567151565,1.5042731897079964,0.5652173913043478
4764367.154547737,0.3664729668357136,-0.05841747672358388,1.9912761820282536,0.6086956521739131
2942188.5619728365,0.24089233107751684,-0.10352548260916801,1.6567238154676622,0.6086956521739131
4333810.264293049,0.3408308038928973,-0.05357981252836676,1.7059007405622335,0.5289855072463768
3569159.584513712,0.2897727389739404,-0.07346650654539125,1.592218313925623,0.5217391304347826
2813916.6416260772,0.22987860218624,-0.06704476366634012,1.5197188211220611,0.5
2510222.9955418343,0.2021051583189113,-0.08536089197561729,1.5898671943745581,0.5289855072463768
5325516.0455807755,0.3972442771635225,-0.046221368411977375,2.023457105544266,0.572463768115942
4166337.8445469355,0.3303039993344361,-0.08539758590407497,1.9667309782449454,0.572463768115942
3223906.5737110404,0.26379458312745263,-0.0654338510507387,1.4691307002925604,0.5144927536231884
3069722.164272024,0.2514681867282327,-0.061646677933269084,1.7613815664102426,0.5579710144927537
2720319.7714180774,0.2215858446229051,-0.0747507806848951,1.3349061957353379,0.4927536231884058
5998741.718982614,0.4309090573622212,-0.06241633991577594,2.1793789928662073,0.572463768115942
5081486.419746727,0.384197797455764,-0.0780892305062254,2.0019954611211146,0.6086956521739131
3043804.6550766616,0.24934779710911625,-0.09983672626579823,1.46489931047696,0.5289855072463768
2181620.4421356437,0.1688420811767748,-0.08190041412957859,1.1241651303558835,0.5289855072463768
2801539.955094742,0.228794797984875,-0.06160547750170946,1.742359074074146,0.6231884057971014
3525037.0678967675,0.2865679774264249,-0.0720162452078088,1.6768435121483618,0.5652173913043478
3567500.7069691326,0.28965282430674155,-0.17129301702124883,1.8964633342377208,0.6231884057971014
2663685.04370982,0.21645647505241294,-0.10950438946191408,1.4241961358734936,0.5579710144927537
4501488.5460063135,0.3510494029713438,-0.05696183498306796,2.145134262440056,0.6376811594202898
3364699.10952389,0.2746449997656246,-0.08673799832208919,1.69695264972906,0.5869565217391305
3185259.483230285,0.2607499612279236,-0.05782775598112417,1.5984575125344274,0.5652173913043478
3478002.0295261834,0.28311613505066147,-0.06877356508385904,1.8530075467697995,0.5869565217391305
2934433.7157012364,0.24023750623832063,-0.07166555959644905,1.4524849442441576,0.5579710144927537
2334176.060280985,0.1847500129245656,-0.10183170227753591,1.2793436044971427,0.5434782608695652
2104615.330747932,0.16047167858357492,-0.1618522723632131,1.2043371780891186,0.5434782608695652
5394769.414772327,0.40085949248468866,-0.040777986811357865,2.025786788648556,0.5797101449275363
5099456.989683285,0.38517545273366594,-0.07464613799806152,1.94081959447125,0.6086956521739131
2263174.459164668,0.17745307075989514,-0.056120239013036685,1.5610749225264122,0.5797101449275363
3047969.126466932,0.24968947659884,-0.07878627607430477,1.5068087434836008,0.5797101449275363
3015594.4499858688,0.2470233543912772,-0.0793864760432373,1.7214229799876062,0.6159420289855072
2289215.072098628,0.18015029511304914,-0.11307956599528274,1.368326687389919,0.572463768115942
3891225.4851306044,0.312252109313373,-0.0816770646026009,1.846312649086224,0.5652173913043478
2420551.440510703,0.1933912886082516,-0.10902430771589668,1.3547874424970858,0.5434782608695652
5013015.449148349,0.38044722674482356,-0.045284147794327975,1.9577441851767983,0.5869565217391305
2373256.992130841,0.1886909433242605,-0.1063201007013241,1.4098731976623455,0.5434782608695652
2916098.03140431,0.23868370355759927,-0.06097620240849603,1.6756973953092171,0.5942028985507246
1485824.897180282,0.08241431266414145,-0.09531057302955859,0.8201949003366656,0.4855072463768116
2785871.787748615,0.22741725717964045,-0.10495339586342148,1.4046373236502687,0.5579710144927537
2936545.832755624,0.24041599198276487,-0.12246750153185487,1.4524621825870296,0.5217391304347826
2356805.6219790303,0.1870383582908599,-0.08970206615465662,1.4339399124603909,0.5217391304347826
2881600.717791432,0.23573902127742064,-0.10738010301328511,1.4515760939076547,0.5289855072463768
2237189.3436177014,0.17473673143401336,-0.09022050440233756,1.2380066571947923,0.5144927536231884
3847098.848038021,0.30926231941697147,-0.07712720919884203,1.6506988308955304,0.5507246376811594
2797666.315355307,0.22845480332479617,-0.12110118806427066,1.3158831192806788,0.47101449275362317
1779649.434095557,0.12219128639689658,-0.11272625065077428,0.9288806650933139,0.5144927536231884
4180876.2612405843,0.3312311240910546,-0.1296751211194063,1.7291310583676753,0.5869565217391305
4344289.736693417,0.3414786231326703,-0.07132169921888248,1.8135448806887788,0.5652173913043478
3991091.017228136,0.31891961276326386,-0.0709582254902335,1.8821430267627886,0.6376811594202898
4764799.363472158,0.36649775839195664,-0.06627903344120636,1.714546706483866,0.5217391304347826
3963084.7097927914,0.3170633690697424,-0.08450172127774576,1.8932174386796163,0.6159420289855072
3695624.3182283663,0.2987858942979995,-0.087453403766136,1.6393661619477105,0.5579710144927537
2702348.6681967713,0.21996754312976163,-0.12561366339393365,1.2768310333062072,0.4855072463768116
2301087.2479294776,0.18137184716608878,-0.07748029258637852,1.419626837228451,0.5507246376811594
1962512.700994705,0.14435954194749345,-0.06845465978403603,1.2644410554681615,0.5289855072463768
3961634.6693433747,0.31696697573634736,-0.06447840411941852,1.821384220659857,0.572463768115942
3929224.2667777515,0.31480505009593385,-0.08348177699300292,1.6077852507446617,0.5652173913043478
5322881.910988743,0.3971060273540479,-0.06017393808792116,2.012919421606323,0.5869565217391305
2732522.9179664906,0.22267987143570656,-0.09247880156587669,1.2903663062644128,0.4855072463768116
5114851.632391839,0.3860107800087811,-0.07995848664838942,1.9809904243308907,0.572463768115942
5535622.7152186325,0.40809934527156533,-0.07812337560495379,1.9531480531450094,0.572463768115942
2992543.2298548855,0.24511104770459546,-0.06473921002221807,1.540193921507766,0.5289855072463768
3265760.0273771905,0.26705904589484963,-0.05454676710709604,1.7434572121577199,0.572463768115942
5440634.307161637,0.4032333801319554,-0.08546012830668223,1.8172715050743782,0.5362318840579711
2602450.873205221,0.2108114188014294,-0.14965328497682304,1.5781803706315454,0.572463768115942
3168504.0968578923,0.2594207796200878,-0.13024038484555514,1.6098553785385876,0.5579710144927537
2776922.1372672324,0.22662762296236338,-0.06246291812251608,1.6879589283049032,0.572463768115942
2863653.3954137918,0.23419587434688127,-0.09550485560618581,1.6150999417940437,0.5797101449275363
2829752.1463031643,0.23125974156228768,-0.05633542387789732,1.885439629112883,0.6159420289855072
3489453.727294665,0.2839599841199387,-0.058184171980670996,1.7310901249842214,0.5217391304347826
2287565.060488112,0.17998012120744677,-0.13168684881991313,1.305144166949258,0.5434782608695652
3294615.3658729,0.26929024963455617,-0.0808066901553535,1.3593586742486181,0.4420289855072464
2350310.058736806,0.1863833193647857,-0.14402886252589778,1.232496076157546,0.5072463768115942
2643529.333043547,0.21460992830619485,-0.09499446961062961,1.2504060633464562,0.4855072463768116
5080736.58593945,0.3841569440720467,-0.0913773188142992,1.7060891821690514,0.5217391304347826
2871755.0063054706,0.23489342235427668,-0.14073530799501482,1.2786045871371294,0.5072463768115942
3437142.8275786345,0.28008708474971145,-0.0627368885328634,1.7161707108728115,0.5869565217391305
3881483.345242763,0.31159437485037156,-0.0713686225050338,1.6233869562088725,0.5507246376811594
4477282.729512027,0.34959327025576203,-0.06780965128654326,2.09176743920626,0.644927536231884
3622873.610930208,0.29363166246433203,-0.09080172705720592,1.6958437921146046,0.5
3950643.4398172484,0.3162354000972174,-0.0448493935109265,2.1542475440542015,0.6666666666666666
2037270.0954976138,0.15294800473869086,-0.06991019181351707,1.1956047231413887,0.5362318840579711
4371185.845296421,0.3431355813691248,-0.10484786992073876,1.5909533231496533,0.4855072463768116
2899055.2405302357,0.23723243873128053,-0.10069077598392838,1.362803500861697,0.4927536231884058
3081373.8848336614,0.25241678519840294,-0.09169671300413523,1.608751938217468,0.5869565217391305
3604086.741452069,0.29228721270743474,-0.07944634943792139,1.9072670117982051,0.6666666666666666
1777212.1256586225,0.12188373977331568,-0.1157548188368915,1.0575311432379388,0.5289855072463768
7451087.87315184,0.49432112839983744,-0.05406089301901317,2.0781582440457598,0.6014492753623188
3066828.892860369,0.2512321912348954,-0.08281698410217758,1.6374429034128035,0.5652173913043478
3680560.870889631,0.297725387758196,-0.09367233220125426,1.739384605984043,0.572463768115942
3013395.3352235327,0.2468414235777452,-0.06276676210211499,1.8225680177968209,0.5507246376811594
2957485.204299131,0.24217995313311946,-0.06491402775931361,1.510847859375487,0.5289855072463768
4698812.459837883,0.36269173655836173,-0.06273275781207283,2.0808844142177167,0.6376811594202898
2271611.936064069,0.17832971116099627,-0.09283075467916956,1.3224330212798039,0.572463768115942
7285459.326449254,0.4876178731167393,-0.06204559266361333,2.351760540130825,0.644927536231884
2516203.5148325344,0.20267740800816147,-0.11198102411922983,1.279812463864699,0.5144927536231884
2206404.0691429735,0.17148574936836525,-0.07525941188044656,1.544161412263631,0.5797101449275363
3538313.251168914,0.28753562898923946,-0.10672384110360152,1.908603821404629,0.572463768115942
5203168.932545249,0.3907644639338963,-0.11082106119539988,1.7986203005839978,0.5797101449275363
3526836.983298388,0.2866993372191564,-0.11561757412339058,1.7771117879084992,0.5869565217391305
4153253.8441939633,0.32946740833617927,-0.07385554278469438,1.863318016625044,0.6304347826086957
3557497.000116212,0.2889287429406078,-0.06900792132630142,1.6120081555271166,0.5579710144927537
3803841.167277338,0.3063046562170211,-0.100955580847267,1.6552247205683022,0.5362318840579711
3086793.923216827,0.25285706776596695,-0.05925905116394689,1.5986464190260463,0.5217391304347826
4347449.734708537,0.3416737223178774,-0.08101542547165701,1.788938774397914,0.572463768115942
2687353.2856329875,0.2186106034283659,-0.07786343997708862,1.420028884798541,0.5217391304347826
2633921.1316430145,0.21372571488413294,-0.0732762583017297,1.7771638094859075,0.5869565217391305
3667833.4480547975,0.29682663380157925,-0.05877615626740642,1.6720415827838433,0.6159420289855072
4299108.85477955,0.3386766503568954,-0.06655889946136401,1.8607779780192142,0.6159420289855072
3883855.1944934106,0.31175463028613737,-0.07421578117427262,1.8648308976120087,0.5579710144927537
2273854.4799255137,0.1785622696521003,-0.09190351372591057,1.3294364366651714,0.5579710144927537
2834665.8143289196,0.23168704427437437,-0.09406382407810676,1.6739494616570887,0.5869565217391305
2640857.1357174846,0.21436427258308766,-0.09245628180143424,1.4730332949641842,0.5434782608695652
2466823.67716115,0.19791946451028974,-0.06100514366140064,1.409384941828938,0.5507246376811594
2945300.8143844,0.2411547437016779,-0.09144558129225477,1.580334814322697,0.5072463768115942
2481844.584492953,0.19937479103943723,-0.08074789472741827,1.176714687864645,0.4927536231884058
2283203.622968133,0.1795298311601461,-0.07942889704017694,1.1144758504384884,0.5072463768115942
6080583.49646888,0.43479234616799034,-0.05696199270561972,2.06560057208959,0.6014492753623188
3241145.6513143294,0.26514326999280113,-0.06874380141430111,1.891400567428715,0.6231884057971014
3237922.376236184,0.26489153629440065,-0.04448000000000001,2.0030593022629755,0.5869565217391305
3956304.694129196,0.3166124159380659,-0.06608191676112583,1.6762013832273253,0.5434782608695652
3014401.7406664127,0.24692469578437692,-0.07995254409722688,1.5539848980737863,0.5362318840579711
2025782.3909651663,0.15164481954750886,-0.0669510736658464,1.2042829683720273,0.572463768115942
1393014.8994965074,0.06854090549158687,-0.13024999005857898,0.6595769859686039,0.4855072463768116
5532696.877680759,0.4079504644164944,-0.10942590497567681,2.0763885912035907,0.6231884057971014
4420326.441981049,0.3461419816569784,-0.15065345298106295,1.8912853385449628,0.6014492753623188
2236883.8895640206,0.17470465120832723,-0.07018409369321857,1.1960030173057872,0.5
2921725.054439257,0.23916137803630333,-0.08590332717660792,1.3607529967773728,0.5217391304347826
4627708.786486915,0.35854242217834753,-0.08194248453806338,1.9275896966974462,0.572463768115942
2335641.0114162834,0.1848986876846359,-0.08641556297695269,1.3109978267360993,0.5579710144927537
3431302.090547438,0.27965173832204204,-0.09454094328266407,1.5475491181616075,0.572463768115942
2878538.2855185946,0.23547625226830404,-0.07591822302937361,1.644096435705409,0.5579710144927537
3248690.1376335113,0.2657317027509096,-0.12180247722373007,1.4726976198284156,0.5
2960027.1689157686,0.2423934110037138,-0.13697173241651178,1.5232876958824608,0.5579710144927537
5441772.1862518815,0.40329207094892006,-0.09702895414755075,2.004248897111194,0.5797101449275363
3045720.5733712814,0.24950503754522657,-0.09148072295142072,1.527404630042136,0.5072463768115942
3306441.667526613,0.2702001890782024,-0.06333607962160585,1.517886522471006,0.5942028985507246
2826844.7143168175,0.23100662567736197,-0.060727003471475194,1.8017241551241607,0.6376811594202898
3444130.8267060695,0.28060716681590137,-0.11490219263557777,1.5945337285545784,0.5217391304347826
3246661.085487685,0.26557355424292606,-0.10390346546623268,1.5283878956202679,0.5434782608695652
3085729.80184156,0.2527706754835173,-0.08402106159466251,1.4048767805235916,0.5434782608695652
1607883.6142109076,0.09964099437344554,-0.07954883882869897,1.0389901960937333,0.5362318840579711
3947010.0898412084,0.31599320642902784,-0.08121250189574739,1.7333531828262851,0.5942028985507246
3467671.417958108,0.2823529870578212,-0.06195319745598793,1.7090866809537026,0.6231884057971014
3037940.5862792083,0.24886603729930257,-0.11492574770500755,1.546999044206552,0.6231884057971014
3001919.996972642,0.24589035212005506,-0.06730605189091429,1.586937284730837,0.5289855072463768
5187528.622554619,0.3899273514439563,-0.07949777792732195,2.0712881328509485,0.6086956521739131
3383464.000974108,0.2760635750780249,-0.09302661151442228,1.6991071325926803,0.5652173913043478
2025181.8885193195,0.1515765350615903,-0.09104253972777636,1.1346755063509804,0.5072463768115942
2467870.6398114716,0.19802113080168215,-0.11500440185023265,1.2420538004695254,0.5289855072463768
4633525.997212865,0.35888379875122056,-0.04469918902141265,1.7791994543912197,0.5869565217391305
4946154.834521983,0.3767451064348981,-0.05529711885350086,1.8513992287699637,0.5942028985507246
4400061.656664389,0.34490544671279055,-0.08494144845190159,1.722363012078686,0.6014492753623188
4222004.272321644,0.33383998932773196,-0.08837901413239213,2.0454652985657553,0.5507246376811594
2076936.4085300355,0.1574030964324853,-0.08708707841035546,1.296273809850293,0.5434782608695652
2604834.497109704,0.21103313766468634,-0.11243576598201016,1.4498635417963546,0.572463768115942
2859156.295458378,0.23380799276865405,-0.1371230032779057,1.4232717168568292,0.5652173913043478
3990231.640560923,0.318862808928311,-0.07436930581920537,1.8999055878937694,0.5869565217391305
3501475.8178773727,0.2848434837176612,-0.06287946708220378,1.5905912863601155,0.5869565217391305
3193438.9872529837,0.26139679915334146,-0.07647596204961334,1.4450608950664703,0.4855072463768116
2887130.1905003656,0.23621290695386854,-0.07080042084277394,1.505649074098362,0.5217391304347826
3299617.073621104,0.2696754094439471,-0.07042050192228007,1.6307288727061342,0.5434782608695652
3897878.496094148,0.3127005265583971,-0.05062361119397127,2.0139472902933204,0.6159420289855072
2752512.121378161,0.22446351199264925,-0.10519734497793716,1.2725771157307502,0.5217391304347826
2112290.536220682,0.161316858606104,-0.08440432142723907,1.2831711841170945,0.5217391304347826
3813754.2616968704,0.3069848130863406,-0.07740152916233775,1.8257684139204031,0.6014492753623188
1755120.3391947313,0.11908063295574056,-0.17740822139246257,0.9135536248839293,0.4420289855072464
3692016.525965841,0.29853221155736875,-0.0819813152381802,1.7416996569870233,0.644927536231884
4400989.446180673,0.3449621588246581,-0.08098921185152766,1.9125988138849597,0.5652173913043478
3136945.5036922065,0.25690193492482627,-0.05774838282647447,1.6641538985816642,0.572463768115942
4222943.217692294,0.3338993114603903,-0.07205398507015223,2.036430038694646,0.6086956521739131
2874522.711207811,0.23513136073959817,-0.09338720602775134,1.597508054749387,0.5434782608695652
2496047.121461899,0.200744361604831,-0.0998463011286998,1.3478480133321937,0.5289855072463768
2980838.7479134137,0.24413554077578348,-0.07327020413798584,1.5630691231624747,0.5289855072463768
3054204.214848873,0.25020034504910393,-0.1183921499608228,1.4834690514810727,0.5289855072463768
2182934.6905687987,0.1689828736644221,-0.0951867510624316,1.259955626355426,0.5144927536231884
2446607.56712802,0.19594955878288856,-0.09237950960680766,1.3172181263313016,0.5289855072463768
3743001.9904665835,0.30209901872301126,-0.07518001279405662,1.6727748226767178,0.572463768115942
4880416.480741998,0.3730658854549376,-0.06474165631786295,1.9409442847830451,0.5942028985507246
1964335.5406174012,0.14457204598243956,-0.10522723981455216,1.2706050582855193,0.5507246376811594
8948045.839986542,0.5500497594845883,-0.060739878202043664,2.2547328166999376,0.6811594202898551
3711970.47197457,0.2999328015665641,-0.09110040889284299,1.5160979885534158,0.5072463768115942
1838198.7039105247,0.12947985943837903,-0.09566064143217426,0.9606644202251198,0.5144927536231884
1719363.1540691045,0.11448319208061553,-0.09490982430516726,1.054731136628415,0.5362318840579711
5700406.60808363,0.4163845048868142,-0.09966510604103128,2.0320381278429203,0.6159420289855072
3291767.5039303736,0.26907073910103296,-0.10510920978700986,1.7267711531361867,0.5579710144927537
3182978.061533883,0.2605693086476246,-0.06561819183093333,1.6771875052324816,0.5507246376811594
3257278.1733717285,0.2664001982106219,-0.14256319791949884,1.4428392888472605,0.5144927536231884
6211259.590442091,0.4409069498213314,-0.06379117641646401,2.199583410290247,0.6014492753623188
2097330.6147138425,0.15966721467699596,-0.10574086550834275,1.2227921390553533,0.5289855072463768
3636976.228758021,0.2946372317786665,-0.10633817185625169,1.7429798893856543,0.5652173913043478
4177546.6693631858,0.3310190217127764,-0.08027234931921799,1.8532431817728432,0.5652173913043478
2188767.8501458494,0.16960694976612256,-0.0689942292079316,1.0903705004624693,0.4927536231884058
4427311.60851265,0.3465671578543972,-0.1568746959568174,1.7023429654912556,0.5434782608695652
1723299.2269319163,0.11499299428687393,-0.1109489900356028,0.821057500718797,0.4855072463768116
4805764.957359293,0.3688394253079168,-0.09417841519443404,1.9973593772909743,0.5507246376811594
2837109.807271552,0.23189935831995578,-0.12494274413997941,1.2649927356514303,0.4782608695652174
4429282.446030773,0.34668702258876527,-0.06934593340281378,1.9669275291387034,0.6231884057971014
1806917.629561569,0.12560929578294244,-0.09707231298788008,1.104510422960222,0.5362318840579711
2594221.0807452523,0.21004465271689976,-0.17153543800399457,1.247501514570015,0.463768115942029
3688318.329175681,0.29827196608519024,-0.09100914152973254,1.5140903283869467,0.5652173913043478
1605808.7430904869,0.09935704447245963,-0.10769456065300718,0.8327896509627255,0.5217391304347826
1529759.3288729363,0.08874111054889977,-0.1003912070352325,0.8456914277542067,0.5507246376811594
4272463.926035482,0.3370131567012098,-0.08037482264048941,2.1448730907366325,0.5869565217391305
3147913.79772679,0.25777965684861215,-0.0627244870611059,1.5701521010357007,0.5579710144927537
1938923.301851897,0.14159517881839356,-0.12851616794639842,1.0251964652321732,0.4855072463768116
2447202.4281623536,0.19600770906590048,-0.08259265056605256,1.279551041821358,0.5217391304347826
3085169.8732159194,0.2527252072716275,-0.1120199155867116,1.3799250527608529,0.5
3188633.4170455667,0.26101693387706115,-0.18986101010761317,1.5137714687845794,0.5144927536231884
2361267.8358278084,0.18748750963789784,-0.09004801806419666,1.1310276101040628,0.5144927536231884
4015191.047545728,0.32050862710291406,-0.06602576799586733,1.921958311388825,0.6159420289855072
3077575.729688289,0.2521078827066747,-0.0982860392782384,1.4837712728860406,0.572463768115942
2938527.5775097073,0.24058336717284567,-0.08574082546428402,1.613176986750892,0.5797101449275363
4953711.621949422,0.37716553071538317,-0.12964700275262034,1.9140999488976003,0.5507246376811594
4737762.983526917,0.3649434728944785,-0.06100862378975689,1.9993373578084155,0.5869565217391305
5152905.824433716,0.3880670372675403,-0.05786683519999988,2.101815492152823,0.6231884057971014
3125209.5896533825,0.2559600621958571,-0.05434640301761292,1.731055051648943,0.5869565217391305
1826063.7383122554,0.12798464174391633,-0.1259027586123369,0.9467059739568109,0.463768115942029
6600951.520792114,0.458549956472758,-0.05057142977668006,2.4234183876177937,0.6521739130434783
3142594.6330276206,0.25735430443111396,-0.13749932054085848,1.6204737111276664,0.5869565217391305
3746014.0503759263,0.3023085157219596,-0.049501153246440194,1.965922981627273,0.6159420289855072
3969742.991252657,0.31750562513540803,-0.06620296830937776,1.817994198014723,0.5942028985507246
1181665.9222236872,0.03394858271060852,-0.14252679469130533,0.3288540234330509,0.4057971014492754
6653389.365721175,0.4608599669505842,-0.06680453255285712,2.200790995820746,0.6086956521739131
5015456.265358819,0.3805816273654623,-0.10147553620606736,1.8178213360784745,0.5579710144927537
3024673.0805549575,0.24777329976792895,-0.16082961686363584,1.2800932975428965,0.5289855072463768
4742397.656763097,0.36521041715022906,-0.09506106703256843,2.1318481868877357,0.5942028985507246
4638657.832197495,0.35918467027154155,-0.05036528986173377,2.1452391757459877,0.6231884057971014
1481500.0858681786,0.08178345804483089,-0.1483914036982635,0.6236674385222195,0.4855072463768116
2338019.4403690137,0.185139910552512,-0.07040710000020765,1.4132801214447446,0.5507246376811594
3518063.764638292,0.2860585509392244,-0.08373822772525934,1.572968393630856,0.5869565217391305
2735555.882756043,0.22295117380163854,-0.05644808515869543,1.5873658548533147,0.5869565217391305
3803766.729568691,0.3062995435384268,-0.0775911954813205,1.8885615026596876,0.5652173913043478
5975708.6764780935,0.42980852906073364,-0.05402368690819,2.122486305841489,0.6014492753623188
2256463.525197814,0.17675394666901045,-0.09097395724285384,1.2806579043829325,0.4782608695652174
3467842.715997898,0.2823656560905068,-0.0829835485265522,1.5542931116756098,0.5289855072463768
3261949.747572433,0.2667632431314855,-0.12321173039898091,1.7204348397174107,0.5144927536231884
1618380.5638403401,0.10107304465795197,-0.14905345427095532,0.902959935226452,0.47101449275362317
3742994.0787678137,0.3020984682651733,-0.061644090504892946,1.58882787568787,0.5797101449275363
6253093.99588007,0.44284271627339455,-0.057602777226200816,2.1658562585135135,0.5362318840579711
2567265.0536299273,0.20751946942184873,-0.09256007839444516,1.4399104071681124,0.5507246376811594
2692500.0378398327,0.21907701680654146,-0.08826924397369963,1.272332940071445,0.4782608695652174
2762362.8224251214,0.22533868301398585,-0.07636899294620735,1.431789494414454,0.5869565217391305
5133008.206783215,0.38699339116636455,-0.10505539277131705,2.2310410831550227,0.6521739130434783
2947825.5602825116,0.24136745721614838,-0.10379023774472974,1.489718049096922,0.5217391304347826
3393771.81243497,0.2768401415246571,-0.07401293139957116,1.6201794641152838,0.572463768115942
6613954.594506682,0.459124137518655,-0.06753663576251938,2.2218992781971596,0.5869565217391305
2807526.5029932978,0.2293195064902196,-0.07604067817892354,1.4830637861479612,0.5144927536231884
2993383.993265479,0.2451810033312971,-0.048147236616629493,1.573988552397132,0.5507246376811594
2677931.8279664633,0.217754949457315,-0.09927862941393628,1.336353300452662,0.5144927536231884
3268680.6679462856,0.26728559658517526,-0.07209123792951261,1.536787185702969,0.5869565217391305
4659956.593360103,0.3604305447538483,-0.08253167763660726,1.8667204367421106,0.5507246376811594
3942659.10977932,0.3157029418236392,-0.09903747212132902,1.6924074526731196,0.5362318840579711
1666417.7142414867,0.10753325351190224,-0.09544871333982806,1.0686659390528095,0.5144927536231884
2235464.8633911544,0.1745555724116712,-0.080963459025506,1.2726643015144956,0.5507246376811594
4910130.550323543,0.37473379126642037,-0.10149512791540326,1.7781508434773075,0.5507246376811594
3324330.368633242,0.2715716463473523,-0.09174937279934596,1.6212412305099078,0.5942028985507246
1975424.6014447478,0.14586140469104447,-0.06506831339027187,1.2256249726789943,0.5797101449275363
3306219.8962020404,0.2701831495193894,-0.07434273410774997,1.6110153471471576,0.5579710144927537
4077346.2031662907,0.32457183957987,-0.0931466528908944,1.9331988964515565,0.5942028985507246
4247779.635132855,0.3354646470547662,-0.09120717880089985,2.129023882412794,0.6159420289855072
4233276.8928825725,0.3345514921435384,-0.0508649214067874,1.835208570542512,0.5652173913043478
3460585.038178515,0.28182844615326186,-0.06839577087171482,1.6604690638790214,0.5507246376811594
2852612.0703367395,0.23324267076409266,-0.08486861872333426,1.592075596326453,0.5362318840579711
4148244.7564507523,0.32914656910267404,-0.07689788215710221,1.7113000404633762,0.6159420289855072
3121438.0576994983,0.25565677490331873,-0.06344091952152106,1.7016689484627263,0.5579710144927537
2486659.9475628873,0.19983984417360734,-0.08596044847305034,1.560983955809382,0.5507246376811594
2941968.0288261175,0.24087372818446773,-0.07837653633094882,1.539024514049605,0.5869565217391305
2782470.0995992804,0.22711736315387232,-0.08670855849242105,1.5260199122141243,0.5362318840579711
2075348.8392251565,0.1572261030795743,-0.0753455977282767,1.1804031889559496,0.5652173913043478
3103717.046436317,0.2542278046207602,-0.11657683442308774,1.531530966445976,0.6231884057971014
3468962.538987909,0.28244846475345753,-0.06501969900316536,1.5163263160098863,0.5797101449275363
4479544.826285131,0.3497296160696637,-0.06265399039999994,1.8011579425276902,0.5869565217391305
2762583.864971432,0.22535829255343098,-0.08912481217724924,1.6789851164675913,0.6159420289855072
4033408.7163791936,0.3217047369451216,-0.06719547649424126,2.005486168292078,0.6159420289855072
4350479.73674109,0.34186068899915867,-0.08948916796706463,1.8318379782234813,0.5072463768115942
3561191.7779075396,0.28919636526576453,-0.14823286039114758,1.565409169708453,0.5217391304347826
4694881.72418101,0.36246367151976466,-0.0786537508509613,1.837505789766012,0.5579710144927537
1837353.1222874236,0.12937592690988597,-0.15635475383862274,1.0892062109403653,0.5289855072463768
10043446.477088723,0.5862679658856331,-0.09185224855661338,2.387140813688572,0.6086956521739131
4894816.893355029,0.3738752188239163,-0.14797203046510476,1.8320081636410093,0.5797101449275363
4152178.7671031025,0.32939857421146557,-0.07879900399610715,1.80555319257794,0.5942028985507246
4943681.169600538,0.3766073716620475,-0.0715678903174171,1.9579146400386023,0.572463768115942
2984145.6216928433,0.24441146141965664,-0.09640321202588358,1.4680677426266262,0.5217391304347826
4310504.935425582,0.3393856120216494,-0.10042330622368846,1.9112796816114783,0.5797101449275363
2280507.7811322873,0.17925115879805698,-0.07000990325631591,1.439761865794246,0.5869565217391305
2468427.24736013,0.198075166652937,-0.08672949427795001,1.3203898818131625,0.5362318840579711
2560923.5844170423,0.20692233398337478,-0.17951494564730042,1.3138454219891331,0.5434782608695652
3259175.811005189,0.26654772069559507,-0.07130166979195074,1.713797541136857,0.572463768115942
2383986.337454458,0.18976380431096596,-0.1540327550125247,1.301957228732159,0.5
2617485.3242454506,0.2122071772849714,-0.15508522726362434,1.2440969538726676,0.4855072463768116
2680404.93718018,0.2179797893171178,-0.06075416921608786,1.5895337233332767,0.5217391304347826
2990963.2373569594,0.24497954205451156,-0.0966299291236853,1.6020577360998174,0.5797101449275363
2752009.1879296633,0.22441876242256598,-0.1476492304999941,1.3112530415523858,0.5144927536231884
3245635.1380198984,0.2654935596823673,-0.07818866056626624,1.6415878193978861,0.5434782608695652
3630789.52371847,0.2941964813516724,-0.13633674549150251,1.735415803999549,0.5072463768115942
5114858.329041844,0.3860111429371669,-0.07253893796320006,1.9782655078489944,0.6014492753623188
2557202.5005312553,0.2065713924870518,-0.12524871631485604,1.2846610182281455,0.6086956521739131
2846012.6621925607,0.2326715301114648,-0.07884376073916269,1.322602143869066,0.5362318840579711
3164058.434703418,0.2590671676892511,-0.07759674870887869,1.451789610257407,0.5434782608695652
2792534.0104049314,0.22800375337750323,-0.0787926969951292,1.7845844525143166,0.5942028985507246
2117188.4613874806,0.16185492612887797,-0.1411623918399759,1.0599277776675362,0.5217391304347826
2222088.8737390633,0.1731465964461798,-0.11542091032569739,1.141006316008805,0.463768115942029
2968816.1794377845,0.2431303274094314,-0.08322120657974533,1.6012722190816233,0.5072463768115942
2759941.348063018,0.22512378241390207,-0.07401073438767912,1.423224771774061,0.5652173913043478
4220823.408381511,0.3337653679067645,-0.06765380180214468,2.0611178427414814,0.5942028985507246
3007702.534266128,0.24636996934888522,-0.07601648047417846,1.7172228208644391,0.5797101449275363
6066865.852645082,0.43414439008717554,-0.05198383874627502,2.07537254904146,0.6666666666666666
3124078.4755276735,0.25586913454182847,-0.10428844056449252,1.7335954383093393,0.5869565217391305
2299341.082144555,0.18119249737875065,-0.11063520842747727,1.5681288097091353,0.5869565217391305
2673108.0523912986,0.21731592307306502,-0.052953241360809,1.5490993203103232,0.5434782608695652
3158581.998049662,0.25863102022534856,-0.054922751327299395,1.6845005408922198,0.5869565217391305
3355534.540599478,0.2739498814538073,-0.08154734398030314,1.751141910396839,0.5797101449275363
2648485.0926485397,0.21506498708757316,-0.09746431729108923,1.3998025939770253,0.5507246376811594
3963180.647219185,0.3170697456403071,-0.10672628080043765,1.5055782630916652,0.5362318840579711
2005548.6542974545,0.14933502186604208,-0.08556936175448507,1.2737725070128092,0.5072463768115942
3450858.416711814,0.28110707095630194,-0.07667371920157326,1.7799117468596128,0.5797101449275363
3198030.7008458767,0.26175933274222296,-0.0615016573386012,1.443104474458257,0.5579710144927537
4949439.244574356,0.37692789872701593,-0.1093070784005414,2.0575242479216764,0.5942028985507246
8911933.901664032,0.5487966170147986,-0.0579734159656645,2.3487722283931665,0.6304347826086957
3619080.5397870974,0.29336066801688365,-0.06779354535769204,1.98535401237193,0.5942028985507246
3971781.560541733,0.3176409122300088,-0.10174618277514817,1.8454919509339633,0.5797101449275363
2480285.227365133,0.19922403834084257,-0.11504662003364556,1.4195104393294191,0.5579710144927537
2641273.308424894,0.21440254450668483,-0.0786390357159085,1.5630057094323175,0.5217391304347826
4215770.441919893,0.3334458709457351,-0.13070743044762545,1.7786214662087774,0.5072463768115942
2792019.9898955906,0.22795854242624158,-0.11076323809228995,1.372485048198226,0.5362318840579711
1664258.2163963,0.10724605584457492,-0.12886523089233407,0.8476027818595798,0.5072463768115942
2807338.960953618,0.2293030824067488,-0.06135171960069377,1.4735087011978254,0.4927536231884058
2859430.5378454714,0.2338316605526447,-0.11423204694209727,1.4638438909038523,0.5507246376811594
3215795.722896413,0.2631580398463844,-0.08772430925895536,1.5963473039163754,0.5289855072463768
5132757.267395323,0.38697982960305133,-0.06638525398891804,2.0039018745100323,0.5797101449275363
3196431.396125023,0.2616331087232582,-0.11460632672934581,1.4220097696128002,0.4855072463768116
2884746.136524383,0.23600867839151252,-0.07392678302221459,1.6220689323281199,0.6376811594202898
4936746.5258726105,0.37622095343651574,-0.09086502695757916,1.9640882649524882,0.6014492753623188
2213149.1076686205,0.1722011280245499,-0.06387602834852034,1.251570558419102,0.5144927536231884
3445920.473672491,0.28074022555493916,-0.060844235089559315,1.8997935041093137,0.6231884057971014
1947610.4476048718,0.14261631030162425,-0.10526593206251507,0.9700662239536093,0.45652173913043476
6931586.032224304,0.47287714640412015,-0.04443499617371358,2.5166042393579358,0.6594202898550725
5481034.898567241,0.4053112192884445,-0.06988152393656964,2.192040771333324,0.6304347826086957
3414424.9860496605,0.2783904426646724,-0.07644154623395347,1.4979866630584762,0.5362318840579711
3258407.8794304198,0.26648802991956666,-0.07641437734018319,1.5923121404474152,0.5362318840579711
3426030.9873939753,0.2792583410235383,-0.10870066977836751,1.6631544106772236,0.5362318840579711
2614409.6255859155,0.21192216039336764,-0.07899026224058152,1.344286026238488,0.5289855072463768
6344891.657905871,0.4470543467467003,-0.056906906015286064,2.3348981835340252,0.6014492753623188
2841449.2343030535,0.23227597185723026,-0.12193415104724996,1.473208449217878,0.572463768115942
2620295.033679668,0.2124673115765241,-0.07397314616066801,1.4336246469316252,0.5797101449275363
2296601.8188982094,0.1809109262640829,-0.09487660953894489,1.2163884076256275,0.5434782608695652
2630102.0358204483,0.21337353838773332,-0.17683466115370042,1.2896232455069014,0.5144927536231884
5946509.259337813,0.42840848032179957,-0.06668728886041596,2.151166416241115,0.6159420289855072
5842104.342027501,0.42335706665031037,-0.08202661774384369,2.016976856122553,0.5869565217391305
4560380.7596677225,0.3545661573602832,-0.09299807830874966,1.9534000531578344,0.5579710144927537
2332525.4439354264,0.18458240593398934,-0.12503971316831836,1.2036351556907612,0.5
2999209.4691944905,0.2456652801154955,-0.14044358467092793,1.4634978255040418,0.5507246376811594
3026252.3545675445,0.24790357265780716,-0.08123615723123065,1.4998432590305524,0.5579710144927537
3926727.209278855,0.31463789350255333,-0.1147487537361729,1.6635935517371945,0.5507246376811594
2925844.5474114288,0.23951061281805042,-0.07839602610002931,1.8462500165223974,0.6231884057971014
3218616.3440219346,0.26337954899629956,-0.09272986991471906,1.4004815428170228,0.5289855072463768
2357518.100314884,0.18711011956431411,-0.09330716757438563,1.2522744432349955,0.5
2514928.7960842783,0.20255552707203117,-0.09994308401169069,1.28936460421896,0.4927536231884058
3845053.77229287,0.30912309189818554,-0.062351756745825854,1.8083677077340612,0.5797101449275363
3178152.058506855,0.26018682381437186,-0.12219719818391517,1.4826176197688192,0.5144927536231884
3851483.712179105,0.30956063885392826,-0.05117370008559882,1.9484037431378083,0.5507246376811594
1394228.848878304,0.06872707760558439,-0.16473551775422315,0.6239651126401443,0.45652173913043476
4821493.7994223945,0.3697342725547319,-0.06692494717200576,1.8781751849034822,0.6086956521739131
4250988.644462568,0.33566636298444386,-0.060706117301695894,1.9474730388552732,0.6231884057971014
2380712.653016042,0.18943686851037755,-0.1237452367149243,1.2000502166975078,0.5
1882932.6638939998,0.13492446471216168,-0.11714072189405561,0.9931125430777155,0.5217391304347826
3531619.1974166795,0.2870480880725148,-0.09333902483322588,1.7040626023487941,0.5434782608695652
1917147.19696169,0.1390193230372383,-0.14747810235003483,0.9657020832409678,0.4855072463768116
4710706.448598485,0.363380908752978,-0.07186334414867568,2.0729470337874747,0.6086956521739131
2852392.0497293216,0.23322364629343162,-0.09971246622754258,1.4847007229157314,0.5434782608695652
3714191.172731806,0.3000883023292924,-0.07557360078131214,1.5913337444921716,0.5434782608695652
3614094.3552171723,0.2930040861789547,-0.07797638890204424,1.5859128600539758,0.5144927536231884
2775805.886577007,0.22652899260305137,-0.07968966125472357,1.2384256919265029,0.5
3785080.545880225,0.3050135624330763,-0.10456496871903721,1.6941452376973207,0.5579710144927537
2202531.834192509,0.17107426935523007,-0.07553477887637651,1.4864733872855804,0.572463768115942
3410738.0674670483,0.27811424045737,-0.0692058315008665,1.8035797792764383,0.5869565217391305
5198008.493775719,0.39048848581926476,-0.0752474609463997,1.821623696918823,0.5507246376811594
3276520.802090122,0.26789294684249265,-0.0769158259429167,1.7578712839505792,0.5942028985507246
2591413.86555795,0.20978266062944884,-0.08986702573643718,1.316734468947557,0.5144927536231884
3840293.264966176,0.3087987698428958,-0.09635128940870023,1.5799605447615583,0.5
1551847.6518527013,0.09186719201795968,-0.19597729380522172,0.7765402081498809,0.47101449275362317
3159422.362926648,0.2586979867791024,-0.08239004928445147,1.4907018762195827,0.5579710144927537
3043472.0502212686,0.24932049198579098,-0.0955878799417507,1.6260584655012653,0.5434782608695652
3059351.8853486204,0.2506214881443991,-0.07988740035519991,1.4971884884668876,0.5362318840579711
3741158.3597350353,0.30197072261841673,-0.05110070909022646,1.974637092557552,0.5942028985507246
6846321.764857916,0.4692356622080771,-0.08088489234839086,2.0316187110523396,0.6014492753623188
3491997.4337138296,0.2841471231734327,-0.0903206567593076,1.7606121885297585,0.572463768115942
3911830.3287744676,0.31363890432753116,-0.1651708204536551,1.806624920550101,0.5217391304347826
2706377.440715741,0.22033108195891926,-0.07615966073213619,1.4760122662609616,0.5869565217391305
3504494.94138547,0.2850649768347351,-0.09804462962147238,1.5605092987102105,0.5652173913043478
4322196.4198734835,0.3401113944778631,-0.05246577394087614,2.0851699708406484,0.5942028985507246
2407588.4701136714,0.192110329118375,-0.07095564391880205,1.3269861141723247,0.5507246376811594
2782457.902420205,0.22711628731866607,-0.08833082277565606,1.5839147853778073,0.5652173913043478
4766207.481551156,0.3665785157390522,-0.05813765106966762,2.031349587532982,0.5797101449275363
3967416.7352261543,0.3173511781569591,-0.10221101595566394,1.9180540749302464,0.6014492753623188
3702528.665738516,0.2992708232111232,-0.06957834373174311,1.7858244334238942,0.5579710144927537
2876947.57575354,0.23533967470687833,-0.07375866774732794,1.467677049770202,0.5797101449275363
1713441.2927868774,0.11371442765006057,-0.13252340407844787,0.8679107776840251,0.5217391304347826
2841146.686160264,0.23224972900326812,-0.06977392207545395,1.5384685181093054,0.5869565217391305
4458518.134907617,0.34846012169233953,-0.11645957381778076,1.6071740135711212,0.5507246376811594
4154767.432083261,0.32956429490139594,-0.07085677770921893,2.044237718447892,0.5797101449275363
4335860.082192215,0.3409576178959077,-0.07799291815290231,1.7645663032666932,0.5579710144927537
2333393.4005564577,0.1846705518654952,-0.10236769079726338,1.2519062569761055,0.5362318840579711
1701151.159185824,0.11211213867040737,-0.11483115672577979,0.9547785193816366,0.4855072463768116
3141961.3129712194,0.2573036219861282,-0.0943045599247873,1.51650729945973,0.5362318840579711
3541558.0805367613,0.28777169071952824,-0.08844937989482933,1.4809162503025146,0.45652173913043476
2552595.35703648,0.2061363187781411,-0.09625779725926391,1.3731676615117092,0.5507246376811594
3452163.1623800946,0.2812039318506687,-0.09251685485795069,1.5201950403459283,0.5362318840579711
3075877.8737865696,0.25196969809437486,-0.10957596354575516,1.6048212664547243,0.5507246376811594
3651953.4633756466,0.2957017547963692,-0.06130012088187204,1.8073060836166073,0.5869565217391305
3524635.1056029913,0.2865386344495753,-0.07174934062299411,1.72031311301326,0.5869565217391305
2049038.4609168316,0.154276946889087,-0.10180856283262193,1.3686758622544353,0.5434782608695652
7064261.845186766,0.47847286345037987,-0.04630115076074316,2.1781045972331374,0.6014492753623188
3353947.3027357645,0.2738293376678096,-0.1292985359066987,1.6377452825758,0.6159420289855072
3875285.737883484,0.3111752596353943,-0.08474452620089289,1.8549506654874643,0.6014492753623188
6397740.757541895,0.4494569720897259,-0.059516401449713846,1.9461964973730494,0.572463768115942
3622830.006942128,0.2936285484848111,-0.054826180682570745,2.1766559439247177,0.6304347826086957
4581070.771582513,0.3557930403301508,-0.05875767338093598,1.9050337673051811,0.5942028985507246
2026653.4488067287,0.15174384072211544,-0.09336963552361842,1.2916807129877508,0.5797101449275363
3672320.273211254,0.2971437577595111,-0.10838254042217899,1.5868548153560897,0.5144927536231884
2649394.6853771964,0.21514843573389797,-0.05158997542624571,1.670529749490051,0.5797101449275363
2272669.119575652,0.1784393671185749,-0.06046310146335658,1.2464324019747057,0.5362318840579711
4853092.798926155,0.37152497119196637,-0.07881695725618337,2.0144147847513905,0.5942028985507246
4522617.1213739095,0.35231530892068585,-0.09782627268023773,1.8652560548497406,0.5579710144927537
5779644.637046015,0.4203004586971988,-0.06665203277716208,2.3696129484540824,0.6231884057971014
1810672.2384014998,0.12607669000559985,-0.08652568544601943,1.0185721057046286,0.4782608695652174
2602770.7490874333,0.21084118230889692,-0.10686567943582902,1.5204635180953767,0.5942028985507246
2727293.362903233,0.22221151509456205,-0.10959142067802208,1.5440297783964498,0.5797101449275363
2203235.0742772534,0.17114904159658262,-0.09421250175383393,1.2745750234773063,0.572463768115942
3129958.3238721904,0.25634151493485624,-0.14151576246938485,1.5038921746835934,0.5
2618629.555654992,0.21231314181814964,-0.09612529326507899,1.4720276418682676,0.5652173913043478
2668783.717708672,0.21692181322100357,-0.07832515564888176,1.5143955474347335,0.5579710144927537
2717098.7591781584,0.2212964221875573,-0.10451104515442804,1.5441764230492039,0.5434782608695652
4988656.425399181,0.37910304990796284,-0.04687606128493047,1.7701762901948996,0.5652173913043478
2904777.803126699,0.23772049817076923,-0.11685528581795603,1.7859849686510132,0.572463768115942
4987749.343636966,0.3790528941099991,-0.10638239339080098,1.899690207250035,0.5362318840579711
2886301.9843964446,0.23614197447019825,-0.06977499552838691,1.509777832257992,0.5652173913043478
4379826.438749982,0.34366616155893825,-0.08490608654706809,1.7789703236075396,0.5579710144927537
4802924.5616590325,0.36867757947593716,-0.055048751405056134,2.099912813250618,0.6231884057971014
2494297.9371742746,0.2005760224619002,-0.12900559162067907,1.310045761914178,0.4855072463768116
4977805.140719554,0.37850256447572495,-0.05081959136012491,1.8554826502481336,0.5869565217391305
3427711.714970045,0.2793838310142003,-0.07771421002090088,1.7264416949309895,0.5507246376811594
3154419.043867896,0.2582990745769387,-0.10019171762907095,1.5964393352794024,0.5869565217391305
3576693.9561625044,0.2903168128309044,-0.09389876311116749,1.7835101128351272,0.5507246376811594
5502274.9639106495,0.4063987052055411,-0.05594906223669038,2.1205544158005822,0.6159420289855072
1720569.1939140884,0.11463949811326501,-0.10150785837603572,0.9108816964862098,0.463768115942029
3782565.950235444,0.30484012074442246,-0.049902784577200036,1.9095958398913944,0.6014492753623188
2623138.519849814,0.21273034596334894,-0.09870872599912668,1.2419435784013144,0.5289855072463768
4773050.631569571,0.3669707074645665,-0.08994438881511879,1.8932950364621095,0.6231884057971014
3895884.800892244,0.3125662145036032,-0.07887736408616408,1.8071108308288104,0.5289855072463768
3647379.0845514312,0.2953769969589739,-0.07214252954386156,1.7031064145163841,0.5869565217391305
2844771.735713993,0.23256401677415717,-0.08174369081947919,1.692214817336081,0.5434782608695652
5203798.669049785,0.3907981269868097,-0.0871435016856141,1.679717845336692,0.5869565217391305
2600247.129292531,0.2106062873548673,-0.0640223043624515,1.4401857730460697,0.572463768115942
4530086.419709594,0.3527616956045694,-0.099069894148096,1.9041049555448406,0.572463768115942
4703217.538605,0.3629471421419812,-0.08655079943321994,1.902152146724538,0.5797101449275363
2937998.8098272304,0.2405387170822526,-0.057540761689351995,1.5333101462808718,0.5434782608695652
4731435.973594454,0.3645787172999737,-0.09416947662183903,2.1281469602418865,0.5942028985507246
3036180.9704162627,0.2487213317832626,-0.06251124115846403,1.5245371296319683,0.5579710144927537
3290592.7814659346,0.268980148331325,-0.08254508566512765,1.6324121913287077,0.5362318840579711
2369761.3495172486,0.1883405650005805,-0.0807852026668233,1.2012646505255378,0.5942028985507246
2551802.0995364366,0.2060613444479089,-0.11059966746230662,1.3839720953557593,0.5434782608695652
1444617.6269509802,0.0763427304057891,-0.1508199162199577,0.667239106198518,0.5
2878705.694606936,0.23549062241879115,-0.12225385682911014,1.490389019683372,0.5289855072463768
3013283.998025201,0.24683220992556354,-0.06966512716391794,1.4649234126784227,0.572463768115942
2472092.594748406,0.19843075790889553,-0.08091351957739146,1.3566186984694002,0.5144927536231884
2920832.5791971474,0.23908566550472377,-0.09989311839865013,1.5144383108740729,0.5507246376811594
1715638.9432691366,0.11399997000700757,-0.10378931127160125,0.9166918894607603,0.4927536231884058
1791155.1831629076,0.12363858153221674,-0.09218516944446356,1.0719275285481211,0.5217391304347826
3603741.020504931,0.2922624193029064,-0.08338072941106639,1.871034533086516,0.5942028985507246
2874427.1632262412,0.2351231495762518,-0.059426077108247384,1.4931801014378312,0.5144927536231884
3370667.328562908,0.27509686595318605,-0.055834505137466815,1.9975901684251334,0.6231884057971014
3368937.7831136594,0.2749659844069232,-0.06802506730664856,1.9065828247103218,0.5797101449275363
1800411.914455724,0.12479758611765446,-0.07536960113868107,1.1910053501378406,0.4855072463768116
3887972.3912479714,0.3120326253709387,-0.08775225766010242,1.7583683461695379,0.5579710144927537
3072503.146213611,0.25169485544590087,-0.07706157703936002,1.636210038868753,0.5797101449275363
3441216.7436057446,0.28039038879421563,-0.09119375734843678,1.7764621377814445,0.5869565217391305
2753516.5832619304,0.22455286654429152,-0.12850903253123722,1.555123761514918,0.5942028985507246
4820312.467412871,0.3696671452446043,-0.0563886893137147,2.253479753884233,0.6376811594202898
3488693.0154242185,0.2839039977759372,-0.09450659673042555,1.8173662222512015,0.5869565217391305
3647737.248060016,0.295402436516351,-0.12143022097198772,1.642816306708634,0.463768115942029
7045431.333034329,0.4776838175748894,-0.05775585766404793,2.3375597275832005,0.6811594202898551
5660075.716685431,0.41437459905403595,-0.06138005896472061,1.9952444779782392,0.5507246376811594
3492333.3530278387,0.28417182841627864,-0.0870006715978614,1.5394880432399407,0.5072463768115942
3534319.1902736533,0.28724482267205875,-0.08345604930547856,1.7175840675779472,0.572463768115942
4368139.501382102,0.34294831895843103,-0.06547867828386716,1.698473387774194,0.5072463768115942
4016391.233302994,0.3205875606415347,-0.10465808978041151,1.8187418908576167,0.5869565217391305
1867301.1395684972,0.1330338176744683,-0.1331697004691836,0.9602717075514668,0.5072463768115942
2398046.4573024306,0.19116388761197367,-0.12821007034416984,1.1784204299738676,0.4782608695652174
5095443.782687665,0.38495736101926004,-0.033671498130115045,2.233427443901068,0.6376811594202898
2728279.622810289,0.222299898977669,-0.09243379992426981,1.3939775807247026,0.5
3007765.6906689615,0.24637520361536036,-0.0926879399001035,1.3861308782987183,0.5434782608695652
1415708.882161942,0.07200001483606489,-0.1794541351679913,0.70791211099821,0.5217391304347826
4005382.059926573,0.3198628033514157,-0.08221700127164537,1.661277917355705,0.5579710144927537
2663277.0775630884,0.21641921062671465,-0.09768070393765999,1.3217038417977225,0.5507246376811594
4884684.849584941,0.37330597571930935,-0.07080272201536802,2.1488277560826647,0.6304347826086957
2356187.3762847506,0.18697607412410555,-0.09982142586662145,1.5228563404869617,0.572463768115942
2911563.9837963167,0.23829827432858752,-0.09945913643996554,1.4276497626782603,0.5652173913043478
2530937.430556745,0.20408260339561135,-0.21269089078203793,1.217332863102967,0.5434782608695652
3538419.1417795494,0.28754333527708065,-0.07053789145550154,1.7941718336491623,0.5579710144927537
3895976.2707650466,0.3125723778859053,-0.09565050047649376,1.53050741076954,0.5579710144927537
2927162.6731897104,0.2396222753838937,-0.13369946010279174,1.5068387610181844,0.5289855072463768
1895926.7978216317,0.13648658319466378,-0.10964123039078717,1.067873959884671,0.5
2458217.745719198,0.19708246677593988,-0.05886154860932114,1.488584708776126,0.572463768115942
3614141.891525968,0.29300748754660577,-0.06881304795158952,2.0463557994878316,0.6376811594202898
4662143.778982714,0.3605582264433127,-0.04414380356005868,2.1176364972130006,0.6304347826086957
3182924.877999303,0.2605650961159516,-0.07620304661920001,1.8349612669055757,0.6014492753623188
2240320.251531348,0.17506535228603837,-0.12591498930483105,1.1633940287600997,0.4855072463768116
4615886.733035905,0.35784759894068996,-0.07786200240489026,2.094113916716505,0.6304347826086957
3236426.9582844004,0.2647746779619895,-0.050307105095006084,1.7201190357487097,0.5362318840579711
2885064.8727108617,0.23603599055442714,-0.09936587033032969,1.6015172649031117,0.5942028985507246
3270996.4447254427,0.2674651136154518,-0.08266534346665606,1.6170512055914972,0.5652173913043478
4512852.423133905,0.35173085219647215,-0.06325122554216127,1.7562008275268333,0.5869565217391305
4110112.262882686,0.3266939139107601,-0.06508551333752294,1.7885833572944616,0.5507246376811594
4864123.209866901,0.37214786258997634,-0.1137362248346222,1.6860362330183878,0.5
3418922.7527972287,0.278727065946083,-0.08684283434188263,1.6916381494437762,0.5144927536231884
4634288.106975875,0.35892849691339235,-0.060833241458817994,1.991116266968726,0.5434782608695652
3365527.6827921476,0.27470777106985245,-0.06758152849421376,1.6838264460636856,0.5507246376811594
3566546.0863773054,0.28958379777871146,-0.10211448604226529,1.5048936211208743,0.5579710144927537
3906511.069053203,0.3132814557838757,-0.050477625211377726,1.6298975268815432,0.572463768115942
4220048.7500866745,0.3337164064523175,-0.0840056496323335,1.858724965929871,0.5797101449275363
2622298.491656914,0.21265266358459378,-0.09156146089091682,1.2338880805356076,0.5217391304347826
5561766.492626845,0.40942688110809855,-0.041735912707798764,2.191721968701976,0.5942028985507246
3145571.643886773,0.2575924350390171,-0.05753674946135846,2.057537307125752,0.5869565217391305
4609179.813414149,0.357452776760115,-0.09313636966584286,1.645537043998583,0.5434782608695652
4658130.828809586,0.3603239250818564,-0.06553560572480568,1.9140031085113902,0.6014492753623188
5991974.081691069,0.4305860480726822,-0.08919313934696335,2.045323152632551,0.5942028985507246
2285964.9008958708,0.17981499497144648,-0.18285224058175206,1.0747472439176164,0.5362318840579711
4108777.9997705813,0.3266077659644202,-0.11458689171719635,1.761008404664266,0.5942028985507246
2343052.409676406,0.18564971327322066,-0.08458046964740921,1.2991364373537662,0.5072463768115942
6172282.411031668,0.43909398437143143,-0.06778468064102766,2.101809278024468,0.6014492753623188
4994780.170074999,0.37944146292127257,-0.06091073161858118,2.1093049936556945,0.6231884057971014
2716627.9424054516,0.22125409419363273,-0.09720411925340133,1.5050494718052017,0.5434782608695652
2798283.0687594255,0.22850896181222402,-0.12753026887289312,1.6580541684874976,0.6086956521739131
3223908.360842821,0.2637947232411262,-0.07023890190599427,1.61810230486086,0.5797101449275363
4279197.978254448,0.33743435840443015,-0.1154976463787213,1.7785587623213421,0.5434782608695652
4625192.5708062835,0.3583946544766643,-0.0914352007274095,1.8438337087124412,0.5652173913043478
1704926.3288328736,0.11260529768221095,-0.07166946872165282,1.0637206803134243,0.4782608695652174
3187015.945599398,0.26088897480499784,-0.11131014804445194,1.3419815203670349,0.5362318840579711
1942961.508771805,0.14207030455761993,-0.14816941561721395,1.0890584167375272,0.5217391304347826
2536660.708886955,0.20462667649978838,-0.08039644659033761,1.3392733828044634,0.5434782608695652
2918476.1283491002,0.23888566861302096,-0.059435904508605954,1.6045400437813613,0.5144927536231884
2680886.446972047,0.21802354591894835,-0.07243537113301368,1.3883390571883252,0.5507246376811594
3075245.211807128,0.2519181915759101,-0.11432929749951339,1.655534181678454,0.5434782608695652
3123674.5903445138,0.2558366607629885,-0.06774863515274064,1.898618250291126,0.5797101449275363
2108793.073805337,0.16093202946080543,-0.07927152599631677,1.2001725411462014,0.5217391304347826
2257887.405425863,0.17690242094244013,-0.05380538249700064,1.471904059232347,0.5434782608695652
6099767.078260889,0.4356965287116039,-0.07648521866920609,2.194750153566277,0.6159420289855072
2454364.5948256985,0.19670695617763134,-0.15135245060483207,1.151465080761319,0.5144927536231884
4389265.013794773,0.3442447861230922,-0.08721269584256358,1.925004338789468,0.572463768115942
3665892.2261064565,0.2966893341408907,-0.06173629355415772,1.7187032376662628,0.5869565217391305
3855590.5232864665,0.3098397949498719,-0.07344106104187115,1.802128999658295,0.5869565217391305
5595524.336082846,0.4111336811245043,-0.12912656547126566,1.9761068662128323,0.6159420289855072
4559695.0977392085,0.35452542259031783,-0.09435070552641944,1.6497131530319895,0.4927536231884058
3932107.8514603265,0.3149979756697612,-0.06721798764749368,1.6882401888219745,0.5362318840579711
7029222.238219357,0.4770032633697341,-0.04531055272979891,2.1825887867141076,0.6014492753623188
2569809.5526203667,0.2077587368614353,-0.05325999913475156,1.3412698105579406,0.4782608695652174
1886953.4042712026,0.1354087458584441,-0.08097838665729537,1.0974504075572251,0.5579710144927537
4198539.609818604,0.3323540639538103,-0.13133175364489358,1.6324752902716713,0.5289855072463768
3469404.255896358,0.282481122951066,-0.08237336682087038,2.1702206331266134,0.6086956521739131
1819131.3365703775,0.12712689027189517,-0.09806595938208854,0.973195412038499,0.5144927536231884
2025580.1402843017,0.15162182297569182,-0.0896629798374028,1.2866258232677916,0.5362318840579711
3646310.8591761016,0.295301111415853,-0.07938580436180748,1.8013332232257455,0.572463768115942
6317217.906128797,0.4457898501129145,-0.08976080646484542,2.0558447679797487,0.5942028985507246
3239680.5618066224,0.26502887319836765,-0.11780090069323677,1.6537072621645714,0.5942028985507246
2724693.4331592247,0.22197839925043183,-0.0750064497812125,1.6085159783959209,0.5289855072463768
2975468.485838425,0.243686931876838,-0.05084160198407329,1.7060276072633012,0.5579710144927537
5733082.845359366,0.4180046124450869,-0.07943404267463276,1.9269986964951846,0.572463768115942
2235716.510301694,0.17458201523147898,-0.09161140396870411,1.2178087447751536,0.5217391304347826
3007287.1237517307,0.24633553882987025,-0.08571227512534922,1.5154216557329356,0.5144927536231884
1784995.1443956504,0.12286464538074449,-0.104095369230227,1.104139438577734,0.4927536231884058
3175169.0671626623,0.25995017443891677,-0.12161567170079239,1.7133085263787902,0.5797101449275363
1838409.4349440064,0.12950575495705619,-0.18654414739494346,0.9940254823309308,0.4855072463768116
2164567.4989700755,0.16700905722646153,-0.11638308430748133,1.222169478935351,0.5072463768115942
1810784.5868856518,0.12609066380678224,-0.10306241216810225,1.0430879348485553,0.4782608695652174
4685236.369285004,0.36190339081087797,-0.09197775224534299,1.9200422063296756,0.5797101449275363
6634065.418540337,0.4600104019458884,-0.043984056626557515,2.2628838073005304,0.6594202898550725
4066997.266939196,0.3238987621827918,-0.07035682057791426,1.9756794534642164,0.5797101449275363
1899875.3809007935,0.1369595738149747,-0.11932867401137671,0.9798957353810981,0.4782608695652174
3825112.3745143544,0.30776237907938353,-0.061695400340207596,1.9481501652313318,0.572463768115942
2889337.227881303,0.23640185127086122,-0.08451560675976577,1.5619820096518258,0.5434782608695652
3470655.720047695,0.28257363149179726,-0.07118973379399456,1.704085470709302,0.6159420289855072
2510049.8446493316,0.20208857402941494,-0.1027976864957347,1.3793509088304423,0.5289855072463768
2969810.9274834073,0.24321362227750032,-0.09983723905407975,1.719269246332758,0.5507246376811594
1979312.237156746,0.14631206113384354,-0.11678236945097041,1.318327489699594,0.5579710144927537
2064704.9948925076,0.15603664701558184,-0.08175604206312848,1.1277543522264064,0.4782608695652174
2986112.1982662585,0.24457543368474144,-0.08936496588607883,1.4155248735745019,0.5072463768115942
4469957.005598107,0.3491513403922899,-0.056118978995827754,1.9310856046489118,0.5942028985507246
2292975.648883788,0.18053777574012142,-0.10085453204527874,1.185186469474227,0.5072463768115942
3353886.7418786306,0.2738247374313263,-0.11642997868117945,1.6523946024083949,0.5362318840579711
2091612.8581975778,0.15903422555889435,-0.14846220142174793,1.1233337146095828,0.4855072463768116
3552349.2276552264,0.28855550548276754,-0.04845781583526474,2.0980711326142694,0.5797101449275363
2983895.237341594,0.24439057828231991,-0.0991034010214122,1.575300067074363,0.5869565217391305
3161278.963401091,0.2588458840782404,-0.07178337296397493,1.521000957429765,0.5217391304347826
3156887.9877991118,0.2584959854913589,-0.05377429488066803,1.5796091028916797,0.5144927536231884
3293112.946640917,0.26917446349137397,-0.10179131995163475,1.5527445102281185,0.5362318840579711
4975821.79388405,0.37839269739714454,-0.07039677432707386,1.8523946610150819,0.6014492753623188
3938261.3547288673,0.31540929621870606,-0.042584836763417885,1.9496957183237404,0.6376811594202898
3460109.0370062916,0.2817931812827623,-0.06049954162176311,1.784201408233953,0.572463768115942
4196741.345908285,0.33223991308071454,-0.07750539295130247,1.791057736133021,0.5579710144927537
2792782.1740565617,0.2280255783624363,-0.12216942237293481,1.1974835084359374,0.4782608695652174
3052705.246585554,0.2500776041638404,-0.07570697766153069,1.4650612155366,0.5072463768115942
3701566.3092281274,0.2992032752261857,-0.06272645395318605,1.9314046672310703,0.6014492753623188
2626903.421563287,0.21307826442185474,-0.0686870314192327,1.5535509513343415,0.5652173913043478
3239189.2067077397,0.2649904980506941,-0.08049418166514484,1.7689037462325106,0.5797101449275363
1810929.9202929246,0.1261087392134781,-0.1645407462374108,0.9996792001053849,0.5072463768115942
7327769.250864082,0.4893417258961781,-0.07490577104261062,2.140587872916389,0.5942028985507246
4565930.408903968,0.3548956785503854,-0.06020264335863976,1.9211095762858155,0.6014492753623188
2768198.590091425,0.2258559761625658,-0.07003568863479998,1.5059854964008308,0.5869565217391305
5830883.166853935,0.4228098657363826,-0.11543434591203573,1.9681149411576677,0.5869565217391305
2619788.0975672696,0.2124203938800182,-0.08025096596064439,1.3510754783598777,0.5434782608695652
13165206.438922446,0.674501476057378,-0.07442668307640418,2.3199833535493672,0.5797101449275363
4324993.597318037,0.3402848044301412,-0.0815146467496413,2.0326956117014254,0.5579710144927537
2360361.638893836,0.18739634990124565,-0.07856305208900902,1.2790160008863454,0.5362318840579711
2713396.5233889045,0.22096342040152472,-0.10248262458931949,1.4191272876282375,0.572463768115942
3665350.296498674,0.2966509939030675,-0.051690507064712614,1.7066030119238282,0.5507246376811594
3876145.03102936,0.31123340161883806,-0.0491977777821608,1.8116858387912904,0.6159420289855072
4185473.8793598204,0.33152378053440024,-0.045110643199999946,1.833601196212443,0.5652173913043478
4923291.604033948,0.37546996631408924,-0.05090434371305001,2.3957008963161157,0.644927536231884
2671998.792804792,0.21721487638706316,-0.04732773625187305,1.889779588774733,0.572463768115942
2971577.8906493587,0.24336152328012495,-0.07625330249892688,1.3754309330360506,0.5072463768115942
5150746.854172444,0.38795070299236367,-0.050341544600878155,1.9056372248141344,0.5507246376811594
2354787.1445159055,0.1868349616767826,-0.0772205828983117,1.3181076623255186,0.5217391304347826
3043950.531962593,0.2493597720873444,-0.06921011850419197,1.7913536176367078,0.644927536231884
2182863.851295413,0.16897528654120975,-0.09124931134529535,1.1699528790958869,0.5652173913043478
2718540.877531834,0.22142603692311758,-0.08180980165816835,1.8190499352860072,0.5579710144927537
2445199.613418167,0.1958118800332631,-0.0885290921468402,1.4868347289825927,0.4782608695652174
3669767.058074081,0.2969633373024936,-0.06343198758796798,1.6078552292271504,0.5797101449275363
3008057.4534582496,0.2463993831448985,-0.07225317089246455,1.6714443851106522,0.5507246376811594
2780719.942395645,0.22696295439020786,-0.07774005371154469,1.4401519353743875,0.5289855072463768
2520313.112277427,0.2030700069517546,-0.09420114204904939,1.360528510413601,0.5217391304347826
5585056.048204694,0.4106052866565457,-0.1229388535191975,1.9519538948197108,0.6159420289855072
4404281.444972785,0.3451633085745043,-0.10901732730583381,1.927243822033436,0.5797101449275363
2666022.839040537,0.2166699258461302,-0.08491376654922825,1.559585867860994,0.5507246376811594
2304533.803506122,0.18172552576002343,-0.2122334975351341,1.1540817010650268,0.4855072463768116
4921745.397804061,0.3753835595917572,-0.05596075122503559,1.804045244407294,0.5652173913043478
3657342.20927775,0.29608391136636847,-0.08667962003677625,1.7123443094240676,0.5869565217391305
4804455.0984629765,0.3687647990194798,-0.08289071387059942,1.8657627935155712,0.5217391304347826
4945980.880575262,0.376735422402672,-0.07603800399024595,2.050432587642675,0.5942028985507246
3255728.3889342183,0.2662796668439289,-0.06862777017316586,1.5241815731410027,0.5434782608695652
2645748.68351461,0.2148138027476143,-0.08345686167740934,1.2779004399638645,0.5434782608695652
2941874.217483092,0.24086581446721267,-0.08739908660345312,1.5868710730803577,0.5362318840579711
3723843.7163032684,0.3007633421139857,-0.08020520447378429,1.7977425053809688,0.6086956521739131
2147714.8236609166,0.165186174671337,-0.19340764808418795,1.2815969598853425,0.572463768115942
2531350.7527353507,0.20412192807684493,-0.12013305589340145,1.385307443482574,0.6086956521739131
1925510.2284225319,0.14001132579966602,-0.10081076331149849,1.0215760208954647,0.4927536231884058
1928430.6710726777,0.1403569297468441,-0.10205947074810776,1.0108250178190894,0.5
3244376.516400022,0.26539539555679936,-0.0770788195676073,1.6966217452083552,0.5362318840579711
2006947.41862016,0.14949529726075705,-0.09589242024067281,1.1011150488969141,0.4855072463768116
2051717.6155393189,0.15457863671598981,-0.15397682874040436,1.1786603286476718,0.5289855072463768
3579570.688166842,0.29052430623698267,-0.08367012718601578,1.764242663675926,0.5507246376811594
4279246.374033387,0.3374373835453597,-0.06445036799999998,1.8165775446207522,0.5797101449275363
2170203.525631995,0.1676161489021506,-0.10297023160048577,1.2015028940438313,0.5362318840579711
3619090.5542906444,0.29336138379817234,-0.10126626406719465,1.515346907294944,0.5797101449275363
2739774.8015934536,0.22332816129423816,-0.11203880078204516,1.4906908329747581,0.5289855072463768
2734979.6581887878,0.22289964834033715,-0.09547144120710802,1.354992091627684,0.5289855072463768
2476394.5055235215,0.19884756731926045,-0.10352401438866322,1.3400869288701398,0.5217391304347826
3274385.9566567955,0.2677276824446193,-0.06878165572360974,1.646549805013134,0.6159420289855072
4399230.318991848,0.3448546221944553,-0.07640720887448231,2.191338956111335,0.644927536231884
2509529.5035395557,0.2020387305589868,-0.1141141391756683,1.3224817495259449,0.4782608695652174
2962648.324180759,0.24261336527981858,-0.12632731427224353,1.4255897619723048,0.5144927536231884
2639187.496750024,0.21421068132428434,-0.12157186401197564,1.399353217387987,0.5144927536231884
6386282.767377812,0.44893742074633436,-0.11354959046574649,2.1062025088905187,0.6159420289855072
2070656.7741868456,0.1567023648926158,-0.1134066943457235,1.105114993981829,0.5289855072463768
3749113.7261186074,0.30252396599152087,-0.09187891021837272,1.58799648281251,0.5797101449275363
4070188.6460694126,0.3241064700843015,-0.07515720107892872,1.9587939025502419,0.6086956521739131
4194382.795852749,0.3320901368209461,-0.1226540314904107,1.660878301371653,0.5652173913043478
2515311.971949322,0.20259216923662327,-0.08027852261650005,1.4662774297905607,0.5507246376811594
5212747.311473299,0.3912761317623523,-0.0866264954708002,1.909427488136668,0.5579710144927537
1580547.8241881852,0.09587628359489053,-0.06144791948761605,0.9672152712314965,0.5144927536231884
3839325.281827412,0.308732784106577,-0.05819364505353037,1.8138186754747156,0.5652173913043478
3235329.1393505014,0.26468886221273413,-0.09217366787853892,1.4805204954983362,0.5652173913043478
5454851.68032501,0.4039659958751167,-0.08636678490459533,1.943034441210669,0.5507246376811594
5717613.803909391,0.41723857136849674,-0.05344054850909389,1.965763184799544,0.6014492753623188
2886963.465439501,0.23619862893939647,-0.08665651039721875,1.333838004898256,0.5217391304347826
3173271.7356801056,0.2597995610588304,-0.0870831373878386,1.6634229615469733,0.5434782608695652
3956767.677690932,0.3166432296099695,-0.07170276957759983,1.6169344464106032,0.572463768115942
2564692.732984253,0.20727739290517655,-0.060175458785799905,1.5250530302961014,0.5434782608695652
6487813.573230872,0.45351551684281777,-0.06409922766312807,2.218164372976695,0.572463768115942
3247765.049617874,0.26565960928721744,-0.05685579051338456,1.870258293534062,0.5434782608695652
3548761.4281862597,0.2882951173688635,-0.12164337702302633,1.6252641144861357,0.5289855072463768
2448185.1126152347,0.1961037460291526,-0.11284940446864077,1.3197456864937689,0.5579710144927537
3381985.3804768985,0.2759520240954054,-0.09744530901403603,1.6308539202426662,0.5507246376811594
2959626.7654806683,0.24235979742655167,-0.10293693480331641,1.5266350538545577,0.5072463768115942
4207385.049969214,0.3329149894249466,-0.04979550414849775,2.201733320994756,0.6014492753623188
6586796.352034369,0.45792387240073484,-0.11595369207774836,1.8751190920339333,0.5507246376811594
5576630.645275945,0.4101794325214059,-0.04258806840329868,2.265160570693,0.6086956521739131
3809453.24052701,0.30668988548922305,-0.07268499123518767,1.712409916035841,0.6086956521739131
3732030.4301824346,0.301334774532686,-0.07468704406213347,1.8926685628725335,0.5942028985507246
7961668.570287767,0.5142612851045043,-0.06358534521030032,2.1995406583389863,0.5942028985507246
2768550.203881252,0.2258871159781326,-0.04740466274373681,1.6292591893595276,0.5869565217391305
3134187.918643923,0.25668087699663844,-0.09621284693869706,1.678455910867151,0.5362318840579711
3912958.3719508965,0.31371465763898043,-0.050299568624319675,1.7223559687926826,0.5869565217391305
2179294.882975027,0.16859278289190094,-0.0714713534768995,1.482981899975522,0.5797101449275363
2661852.236988521,0.21628902706579778,-0.12217977723785627,1.5399284070168242,0.5
2849179.7984047984,0.2329457595297102,-0.08354855166803386,1.6514936636230284,0.6231884057971014
2522174.5356220505,0.20324766434612096,-0.08721037272399401,1.3188113240187669,0.5
2646916.30195227,0.21492100784052837,-0.05905574345692855,1.4077797445642648,0.47101449275362317
3456975.0302185337,0.2815608993114094,-0.06604615370190701,1.851828764314408,0.572463768115942
6213251.528301834,0.44099935713254723,-0.08834710338712161,2.098942902432966,0.5797101449275363
4413585.641134245,0.34573116968537976,-0.11256569462988966,1.9578567669403302,0.5652173913043478
3008552.731528908,0.24644042449060977,-0.07552900469857306,1.7884695355725824,0.6086956521739131
2868933.4293671697,0.2346506636936021,-0.10142457434569974,1.631795989451161,0.5797101449275363
2731626.652118414,0.2225996532602066,-0.07414771720254003,1.5882758696757542,0.572463768115942
2416481.1927689756,0.19298967197040873,-0.12730883874199525,1.2619082108715236,0.5289855072463768
2745263.773144691,0.22381794161071356,-0.07390312590627299,1.43350422346174,0.5217391304347826
7627750.365832957,0.5013408251029243,-0.07779950968059796,2.1654063598156554,0.6014492753623188
3424719.6499372763,0.27916039700140005,-0.061609407710799084,1.9531408547185998,0.572463768115942
2881500.416396917,0.23573041855379784,-0.07582008225955723,1.3874275569692816,0.5362318840579711
2246012.0947409556,0.1756618296045651,-0.10175829425867874,1.3542524127555597,0.5289855072463768
2700089.582208061,0.21976350331380545,-0.14127818738735623,1.3702960787502056,0.5942028985507246
3130257.827533908,0.256365557713937,-0.1168542523215369,1.571642410821747,0.5942028985507246
3587648.4223496,0.29110622604026126,-0.10301404395447382,1.7653103287121141,0.5579710144927537
2022522.4740758503,0.15127393219877527,-0.13110489634334277,1.2236024654027506,0.5
2610200.6184423063,0.2115316877570912,-0.08416760989882825,1.295108694748215,0.5144927536231884
5135788.6540322,0.3871436199011664,-0.05479761789836364,1.9863519001443257,0.644927536231884
2303206.0203697663,0.181589321468836,-0.09970132560555528,1.5502609330458355,0.6014492753623188
3057644.1890508607,0.25048184035162757,-0.05697954381034205,1.7132233012843723,0.5869565217391305
5976635.81536277,0.429852893633875,-0.07504978094232419,1.8692416430835053,0.5579710144927537
5545337.053282607,0.40859320701235635,-0.1068436555838089,2.122592544846912,0.6086956521739131
3262514.4126523347,0.2668070971144918,-0.05380979223506401,1.6818722315884675,0.5507246376811594
1879277.750519519,0.13448352753883097,-0.1040751246919391,1.0132201481687582,0.5144927536231884
3971016.963165031,0.31759017719555116,-0.11595538667177502,1.5290731369382156,0.5362318840579711
3627324.3850113945,0.2939493569584548,-0.09979489106014604,1.677872391408564,0.5942028985507246
4219175.652180936,0.3336612146073865,-0.06691906398474785,1.8450311490765172,0.6231884057971014
4904453.7230826225,0.374415765595036,-0.0526739127454468,2.090521465307113,0.6086956521739131
3542285.861012633,0.28782461307991425,-0.08702901160671948,1.7289898068069325,0.5942028985507246
4386171.260446902,0.34405523571753904,-0.06289273382787984,1.9753867114724684,0.6231884057971014
2586230.8294243263,0.20929834048010965,-0.14083794003514713,1.3267504592200565,0.5434782608695652
3941756.8392086504,0.31564271705177105,-0.0763041071228314,1.7679831750744581,0.6086956521739131
5610024.602315929,0.41186428779596795,-0.05459522901100317,1.8445796296466184,0.572463768115942
3366853.580599031,0.2748081931206914,-0.06497180916735606,1.5035696737332913,0.5289855072463768
2297646.745953844,0.1810183668532408,-0.08888763133895415,1.2751683120158146,0.5289855072463768
4451128.12702484,0.34801280964381665,-0.0746887735637277,1.9052527196668887,0.5869565217391305
3027417.6685821344,0.24799966349339986,-0.0676169979852885,1.5190844159342023,0.5217391304347826
2922927.3740131627,0.2392633467550902,-0.06456203048475222,1.4448853098777525,0.5434782608695652
2223489.666838141,0.17329446824847716,-0.07514047428171532,1.3528648762364537,0.5289855072463768
2714041.764984465,0.22102148353035833,-0.14042485733649085,1.298940185410426,0.5
5930006.031921927,0.42761475204584953,-0.050505293060735354,2.248726337267874,0.6231884057971014
3671656.259544729,0.29709684553936255,-0.06738740898595008,2.0089426527030456,0.6304347826086957
1927715.3636872878,0.1402723193120501,-0.1369061550545577,1.1929968642603574,0.5072463768115942
2210369.8123133867,0.17190656758199685,-0.11311094292725334,1.1581427356088945,0.5217391304347826
3675943.634756066,0.29739962688929356,-0.1502196441261745,1.4967057722398787,0.5362318840579711
3796107.970651354,0.3057730811479946,-0.062269274790285135,1.783901553227038,0.5652173913043478
3566340.3822810175,0.2895689218296311,-0.0602293084431537,1.8120365750772767,0.6086956521739131
3350153.217988013,0.2735410084598029,-0.09881692074094146,1.6368003731928176,0.5434782608695652
3475538.208130679,0.28293429127093983,-0.08644361954384182,1.5522154530521848,0.5434782608695652
4536714.354430196,0.3531573071995173,-0.02974962825062787,2.1992732353877575,0.5507246376811594
4284123.450730284,0.3377421013643278,-0.076708397170828,1.783128959054523,0.5362318840579711
3405474.1390653765,0.27771948372472677,-0.0804079189710054,1.6533856515809537,0.5652173913043478
3413172.149215509,0.27829661428876196,-0.05608970932989952,1.9428841871587497,0.6014492753623188
1982663.1627491792,0.14669993402863102,-0.10967964002361494,1.0090250384333055,0.4420289855072464
1908526.6777212126,0.13799314765737924,-0.10274335685584053,1.046902869258006,0.5434782608695652
3906098.0375570194,0.313253684223189,-0.16734730146318025,1.6722127937147928,0.5
4504969.497248141,0.35125828867801157,-0.09877490344901173,1.7851616400943202,0.5797101449275363
4137777.257858866,0.32847510901406496,-0.06681583745086855,2.035162493646787,0.6594202898550725
3325927.3773948476,0.27169379551581496,-0.09636307032324332,1.4675349795335826,0.5144927536231884
2962327.2554886397,0.2425864311654642,-0.09909363662931346,1.5337359905846721,0.5652173913043478
2309059.4880486927,0.18218930032386238,-0.13173281777630755,1.2732452035089619,0.5
1689095.6757495522,0.11053141889873142,-0.1339239363528188,0.8630562455202043,0.4420289855072464
4878859.266206529,0.3729782523151004,-0.06362299217886332,1.9170232251938022,0.6159420289855072
2771519.369778337,0.2261499468107644,-0.12025823470300061,1.3501673195752026,0.5579710144927537
2521545.799008064,0.20318766839432256,-0.08729526502909893,1.5595013119513064,0.5579710144927537
2990672.8620447293,0.24495536754388136,-0.07471668257935744,1.8026091956300352,0.6304347826086957
2734837.77622956,0.22288696005594422,-0.10646155004963194,1.4140260678700718,0.5217391304347826
3912014.16886479,0.3136512512308913,-0.07889668765450278,1.6527486911521898,0.5652173913043478
4617601.3618687475,0.35794846184826,-0.07830323159902534,1.8791401211134007,0.5507246376811594
3480387.5146973943,0.2832920990140748,-0.07909871385880042,1.7897458529216976,0.6014492753623188
2453759.6902157986,0.19664796209573177,-0.06839998880412211,1.686885971495822,0.572463768115942
3569459.6619243743,0.2897944257962559,-0.07152166942523931,1.5094949865983522,0.47101449275362317
2086740.9157220593,0.1584937797924253,-0.11363703510476814,1.3660099822274385,0.5652173913043478
2261614.5750979497,0.1772907150158145,-0.08051714716135148,1.4302598520909886,0.5072463768115942
2361561.6796769365,0.1875170631284031,-0.0905173748658377,1.4054811345272746,0.5289855072463768
4455060.194929481,0.3482508888810718,-0.07023733824183766,1.8303419448628877,0.6376811594202898
2847455.6719895704,0.23279650471017233,-0.04284503478358379,1.6168873537372699,0.5652173913043478
3510281.84784892,0.28548909750668194,-0.05216471423321622,1.6336988000529753,0.5362318840579711
2097291.9423665097,0.1596629380613992,-0.09799349657848849,1.1394602203452102,0.5217391304347826
3091746.7645106395,0.25325885833838835,-0.0875098946990753,1.8913597783214238,0.5942028985507246
4652301.639244689,0.3599832923886086,-0.07018477915192098,2.3386693386034954,0.6521739130434783
4204804.720137679,0.33275145771561654,-0.05584466855317094,1.7900290213753962,0.5217391304347826
4507133.538799546,0.3513880838908163,-0.07310209321660757,1.7538885132013096,0.5072463768115942
4671872.141471761,0.3611255607159676,-0.07952888416310142,1.9976309902107072,0.6086956521739131
1783369.9511901725,0.12266010286852569,-0.09347004678285176,0.9828187818438479,0.5144927536231884
3113356.4902236476,0.2550059082024012,-0.054222946469406175,1.5805828173553416,0.5217391304347826
4348990.715563984,0.34176882177040224,-0.10394597257294833,1.6570264050679024,0.5217391304347826
3939229.4478241866,0.31547395995468586,-0.0728048262137601,1.72911415576684,0.5434782608695652
2651682.980298599,0.21535826916142486,-0.05002779708565609,1.9375324625571984,0.6014492753623188
2546377.470261203,0.20554813803924565,-0.09889316323396641,1.3190851979933165,0.4782608695652174
3091163.367961004,0.25321155808121043,-0.07611794736382688,1.5702965752861684,0.5362318840579711
3801128.9267420415,0.3061183170287225,-0.07672470288803436,1.7738799119861,0.6014492753623188
3002948.252382706,0.24597569203622638,-0.0747648825302072,1.398732061919318,0.5217391304347826
2723392.9738037935,0.22186173021913924,-0.07536981662646607,1.7739775780025824,0.5942028985507246
2394624.5396329947,0.19082374463524765,-0.15031663880327678,1.1814354471640005,0.5072463768115942
1666875.2689600447,0.10759406676587169,-0.07610847113689234,1.0342139745537682,0.5
4516819.392003756,0.35196841324412587,-0.09306325038796807,1.8804285379028316,0.5217391304347826
3470126.058526389,0.28253448203827447,-0.15502579209134065,1.7107886981531661,0.6231884057971014
7226614.0140125835,0.48520694641218887,-0.07008546254793376,2.260761221369004,0.6159420289855072
3300840.070225528,0.2697695160334581,-0.052747304747415145,2.223270449436134,0.6304347826086957
1784052.2229356954,0.12274598993641406,-0.12020462794751782,1.0279359816840665,0.5
3387890.2703992412,0.27639727142577875,-0.11829522983778398,1.742985531826484,0.5652173913043478
2027700.5203047905,0.1518628259391568,-0.06094067993922234,1.3754847405130666,0.5652173913043478
2671574.096332598,0.21717618028177,-0.06585582669020366,1.3572946404974637,0.47101449275362317
2813119.4698941726,0.22980891031549255,-0.10023877069712966,1.4879434103462499,0.5507246376811594
3397597.0091150715,0.27712784290279124,-0.07093075566476816,1.7644892127746523,0.6086956521739131
3780794.248484082,0.3047178640116588,-0.06134811211046488,1.5219278790037754,0.5217391304347826
3312996.8134264173,0.2707034341568435,-0.06355292226416447,1.600052845385608,0.6014492753623188
2834255.8895751815,0.23165141903672337,-0.09370195630107957,1.5485388504885278,0.5869565217391305
3731509.7344710887,0.30129845986335835,-0.14738652412138525,1.4798180434554506,0.5434782608695652
3065105.604724569,0.25109154312738413,-0.07379123271441769,1.6662094306572346,0.5362318840579711
3640716.709218544,0.2949034185250854,-0.08271424590969144,1.671520315461538,0.5434782608695652
3472363.3890341693,0.2826998197661059,-0.056959152154644935,1.7886339780527587,0.572463768115942
3118512.2102719215,0.25542129123753154,-0.0941127806608358,1.67155995374863,0.572463768115942
3193466.2239022017,0.26139895082150066,-0.10721362982234188,1.6341535559834413,0.6086956521739131
3137940.656432467,0.25698167177155784,-0.08223689524236767,1.9736760884648996,0.6231884057971014
4246390.095388863,0.33537726379932,-0.12525867971218346,1.6952799244539247,0.5507246376811594
2436109.9408518574,0.1949215038944505,-0.08004961825970441,1.451047238742864,0.5942028985507246
4165691.898800916,0.33026274691868673,-0.16646924566866153,1.8301805946326526,0.5797101449275363
1626872.9447412551,0.10222619323759252,-0.08755903081897375,0.9784175159537244,0.5072463768115942
2530648.962670702,0.20405515467281488,-0.1128584024258933,1.4033341962583317,0.5144927536231884
4280774.5259491475,0.33753289174657186,-0.06523637813335027,1.6754025396196228,0.5434782608695652
4436070.660416206,0.3470995499630112,-0.11556885925397681,1.700513816887833,0.5869565217391305
4001272.764986912,0.31959187126081656,-0.08353902356583785,1.787276580620476,0.5797101449275363
2683205.13906085,0.2182341661788929,-0.0838095868188444,1.538238724176407,0.5797101449275363
2654040.634773584,0.21557431130212645,-0.07784756087303005,1.4469829684576607,0.4855072463768116
2468840.705081712,0.19811529910927583,-0.06464426872341482,1.2980042794174231,0.5652173913043478
4794078.794149532,0.3681730563426884,-0.04553589853525972,2.228625111371628,0.6304347826086957
3130224.941611459,0.2563629178729907,-0.09537749425356044,1.5670386628928772,0.5362318840579711
4954844.860321518,0.3772285345457651,-0.0700446520256717,2.137771690744061,0.6231884057971014
5449996.508506104,0.40371598268745146,-0.06745208440907152,1.9354605762981207,0.572463768115942
5718815.530402513,0.41729814132299614,-0.06881869414933045,2.072272256642716,0.6304347826086957
2983499.5049408525,0.24435756963035926,-0.05174327917631506,1.7491256940744846,0.572463768115942
4448008.090680595,0.34782377762418015,-0.0669240696383965,1.8278295222840388,0.5869565217391305
3380370.78809455,0.2758301704673145,-0.09822791870771544,1.7688056273853274,0.6086956521739131
2258726.7547630197,0.1769899085124751,-0.082380086719411,1.1609466051821637,0.5
2216575.964244562,0.17256391239180302,-0.11633652214580126,1.1775314184415693,0.5579710144927537
3007002.7432718673,0.24631196629479746,-0.04665952631561333,1.8767337388655954,0.572463768115942
2574320.560614833,0.20818245603172225,-0.08792711924088441,1.4320260629517216,0.5289855072463768
1957182.187455917,0.14373721096078595,-0.07606871561071803,1.1316914931403999,0.5289855072463768
4720715.387750844,0.3639597779265178,-0.1350743795400125,1.7983529247904244,0.5797101449275363
3589955.028866532,0.2912722015263005,-0.05896568319999992,1.660830904685066,0.5942028985507246
4593221.896518334,0.3565115168652191,-0.09701655527488137,1.8544078201137506,0.5289855072463768
4449388.875998181,0.3479074476265105,-0.043803963661705865,1.9380478397532583,0.5942028985507246
4528356.038793485,0.35265833551219106,-0.12604431830874321,1.7991273308999722,0.6231884057971014
2557771.69127084,0.20662510024980496,-0.12826567025592964,1.5790893441430705,0.5507246376811594
1587293.3601594588,0.09681009722100375,-0.10614252154130403,0.7898971719262116,0.45652173913043476
2267091.2751377034,0.17786034626915326,-0.09907166349715944,1.3005034783442433,0.4782608695652174
3981499.620843035,0.31828507655321325,-0.08681948293465996,1.7047525788010782,0.5507246376811594
5178785.330877858,0.38945850616536615,-0.07710060094296745,1.9416075161545538,0.5797101449275363
3270732.4905710383,0.2674446572507192,-0.059654644300021396,1.5920733984262456,0.5507246376811594
3602570.586864009,0.29217846743551124,-0.06173345936000282,1.870931294101564,0.5652173913043478
3982838.26117539,0.3183737101064017,-0.06454522703025502,1.7959986124082128,0.572463768115942
5467637.912453428,0.4046235619635594,-0.07221318039890041,2.1870540344013483,0.5869565217391305
2403607.771650016,0.1917158619273398,-0.07349211249026003,1.4584479908834151,0.5579710144927537
4798867.1344988225,0.36844625429059663,-0.10452564375005989,2.042032551822424,0.6086956521739131
2739531.1912798723,0.22330640578668803,-0.08581663651446436,1.5276232756173926,0.5362318840579711
2610040.841408126,0.2115168552052653,-0.08615198260203898,1.727944094404846,0.5797101449275363
3277058.4408766082,0.26793455339586925,-0.09159763575838893,1.485169576354697,0.5507246376811594
3767938.371986309,0.30382936540319516,-0.12613021680384706,1.5671028629102277,0.5072463768115942
2333014.167410104,0.18463204180969428,-0.09323122259281601,1.3513820030263342,0.5144927536231884
4880158.204990181,0.3730513523866055,-0.10868875771788508,1.6547962805326444,0.5652173913043478
2839164.7825250383,0.2320777644962182,-0.06849455307863965,1.4569224973960238,0.5434782608695652
2633815.0443631597,0.2137159376032156,-0.09059766954591573,1.663729746717997,0.5507246376811594
3265882.8558740914,0.26706857682274787,-0.12753036008344937,1.5760372701061587,0.5072463768115942
3347085.0150401103,0.2733076511020964,-0.12173149764457449,1.5964247390807915,0.5869565217391305
5556106.961147648,0.40913992391348186,-0.07082496525408209,2.1429327878884017,0.5942028985507246
2856297.784800126,0.2335611881730062,-0.08827631404171805,1.5631313785810388,0.5652173913043478
3937441.6912462395,0.315354536890166,-0.08855197728204155,1.7880008668179395,0.6231884057971014
4056160.874889572,0.3231925113708367,-0.08774092818691337,1.738181004033655,0.5507246376811594
3259622.2012144704,0.2665824131186505,-0.05893142362375551,1.6543237207916237,0.5507246376811594
1845146.8543222793,0.13033242856664917,-0.10068184916064143,1.231022488903834,0.4782608695652174
3750546.9161416446,0.3026235350688109,-0.08508038638624188,1.8257017348616107,0.6304347826086957
5597884.655661051,0.4112527107062447,-0.07572698959007126,1.8706544142753057,0.5797101449275363
4903535.531133622,0.3743642992308964,-0.05569640065833994,2.1493099165992633,0.6159420289855072
3070857.79825304,0.2515607683666228,-0.04787416703361719,1.7004262402434978,0.5579710144927537
5510557.802587551,0.40682187437436657,-0.05216926139408829,2.140626589167337,0.5652173913043478
3121936.41144827,0.2556968667642363,-0.11619853747025068,1.564530983891927,0.5507246376811594
2835523.739607407,0.23176159045493394,-0.08999675926585043,1.356411120852232,0.5289855072463768
3824542.3623023564,0.3077234006185594,-0.06151133192393826,2.037110389792099,0.6376811594202898
2788339.464387886,0.22763462513661548,-0.11982453160658053,1.329793621979905,0.4927536231884058
2613750.7676540962,0.21186107088214623,-0.15502024771504408,1.4399600213299095,0.4927536231884058
3276335.959777474,0.2678786410854217,-0.056964791311307356,1.651167655043002,0.5434782608695652
4596844.822089892,0.35672544036205256,-0.041040923739640085,2.107683232226225,0.5869565217391305
2162099.316756337,0.1667427956602383,-0.10164971489816255,1.2256249016747178,0.5072463768115942
2629859.693064151,0.2133511770403691,-0.08508784329148399,1.1467018416542838,0.5072463768115942
3929333.5597916376,0.3148123643848648,-0.060450676891770166,1.6400275646611882,0.5869565217391305
3458652.8774000136,0.2816852766061442,-0.06885851046054335,1.7127895435584528,0.5942028985507246
3708959.4040360306,0.2997218377849624,-0.08104773470067604,1.6605049266608924,0.572463768115942
3635961.413773034,0.2945649759352904,-0.06537855357946623,1.8406906534260954,0.6086956521739131
2068347.8445914115,0.15644428867426008,-0.08412871339057604,1.167067468078415,0.5362318840579711
3593444.5266291806,0.2915231317202198,-0.08263606652797942,1.4648807893866451,0.5144927536231884
2443877.4999362407,0.19568253754133225,-0.10122647936426746,1.3826144836261898,0.5579710144927537
2440857.83429004,0.19538691328874647,-0.09969406550866644,1.224395728895814,0.5144927536231884
3163148.3836183,0.25899473240949655,-0.08538940393163763,1.6785169385778682,0.572463768115942
2592123.7192556737,0.2098489313727363,-0.061150975007173126,1.2883296471544115,0.4855072463768116
3014990.792233486,0.24697342489241136,-0.10017043275906319,1.4269500234681405,0.5289855072463768
3587611.2681516227,0.29110355185319503,-0.08235971668140561,1.6842699167057982,0.6014492753623188
2563653.8439490013,0.207179569840374,-0.07751033900999606,1.4681949343302916,0.5942028985507246
4019545.625928258,0.320794928071112,-0.0952600339114782,1.8399177170538017,0.5579710144927537
2575372.3773729503,0.20828116781898753,-0.09854985192004458,1.251481262983218,0.5362318840579711
4904236.523421378,0.3744035918466895,-0.0628151013021963,1.9482607848381128,0.6159420289855072
5393536.521506507,0.40079545756473167,-0.06788430598389567,2.0774261615580394,0.5869565217391305
5015633.20644351,0.380591368380061,-0.07277965829573668,2.250955247135614,0.6014492753623188
2577710.7798476424,0.20850050868553693,-0.0686739377265853,1.36408794155879,0.5942028985507246
5224943.753449008,0.39192656651533664,-0.03564915969050064,1.9203093365789783,0.6159420289855072
2741972.409388447,0.22352434773686802,-0.08239966320697233,1.501777144693129,0.5942028985507246
3184752.2390681165,0.2607098044494234,-0.0815401066719918,1.5327462344223575,0.5579710144927537
4093808.024649724,0.3256396780845321,-0.07419871516500695,1.7750726338365401,0.6014492753623188
3657396.4657180463,0.2960877568081157,-0.09837384883978756,1.811928605737249,0.5579710144927537
6029463.395848438,0.43237170235486144,-0.046085273599999955,2.396592194053302,0.6666666666666666
3485425.5370544014,0.28366340904802834,-0.14568179082277494,1.675282851607509,0.5869565217391305
3627958.017946637,0.29399456006464186,-0.06679439640778785,1.8676358226752996,0.5797101449275363
2790403.295019304,0.22781630173571,-0.055704161553027036,1.496553884376343,0.5869565217391305
4070575.3780061672,0.32413163131603984,-0.06694705423436804,1.7888409960597371,0.5652173913043478
3578915.510174621,0.2904770611840062,-0.1183890978553445,1.81324963597211,0.5869565217391305
2346286.371083055,0.1859768276162055,-0.10721683609651003,1.2125612878707155,0.5652173913043478
1837435.553650231,0.12938606043566514,-0.15892190945275136,0.964574807935745,0.5072463768115942
2904655.005950909,0.23771003326350004,-0.08085929166512815,1.6277447943072023,0.5144927536231884
3445743.914198466,0.2807271009656225,-0.0871042767448855,1.6685403630106659,0.5507246376811594
1800772.5398151642,0.12484264225564878,-0.09231800070897574,0.9537183550496294,0.5144927536231884
3282712.59563552,0.2683717842650175,-0.08669887801329954,1.521012039925985,0.5797101449275363
3765125.5689033717,0.3036346429586192,-0.07707374137444158,1.9235712205188689,0.5434782608695652
2059027.2034450683,0.15540014283117398,-0.07878973471534853,1.1224616474396436,0.4927536231884058
2956776.8268764815,0.24212044199513505,-0.05001402847455334,1.8822722129638432,0.6159420289855072
2771051.478660121,0.22610854400324376,-0.062472555857141336,1.557029190892859,0.5507246376811594
3315238.8090883614,0.27087537158303343,-0.07462589053105592,1.7208992212461556,0.5362318840579711
3220026.481972114,0.26349023179464837,-0.07320285125670357,1.793346241165724,0.5579710144927537
4035069.9599805074,0.32181359335156157,-0.09418150369639113,1.6496010930056542,0.5652173913043478
3762400.070063167,0.3034458532949835,-0.08031913913728024,1.6606997866965019,0.5942028985507246
4905597.493893718,0.3744798652929784,-0.062226300905050484,2.264073094097728,0.6231884057971014
3093529.582049229,0.253403360256655,-0.07759325845333347,1.4694592037017986,0.5362318840579711
1864919.3897747223,0.13274463229451583,-0.06887787394704496,1.1543240372194956,0.5652173913043478
2044660.1866219728,0.15378324546257116,-0.08211714562140913,1.07556283170498,0.5
3437507.733214611,0.2801142637864902,-0.08508436521670865,1.7366873256794177,0.5579710144927537
2359601.7203064924,0.1873198835864407,-0.09625152528624187,1.312938249571716,0.5652173913043478
3789337.0692956746,0.3053069418593415,-0.04337120025015201,1.9492354299342272,0.6376811594202898
3978212.703345403,0.3180673432227006,-0.09339362532314556,1.7600368700841142,0.5579710144927537
4045450.045257382,0.32249295908516884,-0.06572540545028192,1.7049476700955124,0.5507246376811594
2867737.742359579,0.23454773332178402,-0.0890153381917842,1.4973089177259762,0.5652173913043478
5071701.639610198,0.3836643112232163,-0.08768436284857173,1.8195638485908312,0.5869565217391305
4394555.248666536,0.344568664706836,-0.08004401422743188,1.8880939266225618,0.5652173913043478
2188091.5013311044,0.16953465703115822,-0.11940379041361991,1.3102812222180023,0.5072463768115942
3643654.6517608454,0.2951123402700653,-0.12572971583450318,1.643230852681385,0.5797101449275363
2175574.0664792955,0.16819347099652604,-0.14059608424218065,1.1034948771736075,0.5
4289266.229315569,0.3380631196753394,-0.04637392435565799,2.28301405668242,0.6159420289855072
1867775.5918826992,0.13309138909436014,-0.15573536142925037,1.0691405670414722,0.5289855072463768
3998864.6398485294,0.3194329964318636,-0.05545536709967634,1.8429318773673176,0.5507246376811594
3594327.5526901153,0.29158659932037767,-0.058940222105039866,1.7270459940033995,0.5942028985507246
3335402.7975722468,0.27241757107270215,-0.0535163740469792,1.6875301839286916,0.5797101449275363
3313382.8114402,0.27073304276633614,-0.07677978210442228,1.6398582185466677,0.5289855072463768
2799328.0994040067,0.22860070648158248,-0.08299597240099234,1.4196135678679338,0.5579710144927537
3697486.284770287,0.29891674140015834,-0.053918088679456036,1.6921419266800823,0.5434782608695652
3087544.076517542,0.2529179557644441,-0.06672344055380541,1.5705913744900712,0.572463768115942
4964323.013718141,0.37775503363974994,-0.13007328237632543,1.7536780310750884,0.5579710144927537
2746938.6443726,0.2239672341812846,-0.10905874695094395,1.3358164771236305,0.5
4323882.3868515985,0.34021592610448925,-0.1102954760220821,1.8487912837078655,0.5072463768115942
4858222.53980904,0.3718147902925879,-0.057360409600000016,1.8454774156067872,0.5797101449275363
2425109.139367697,0.19384036199530197,-0.10090361875413517,1.2130730932108766,0.5362318840579711
3248207.7064535297,0.26569410823203343,-0.13676488540132892,1.7488115972520717,0.5869565217391305
2183506.4622480934,0.16904410511458678,-0.09768184882373596,1.1125246951749281,0.5
2430958.153170162,0.1944156814134732,-0.07810205037329747,1.4447666253404434,0.5652173913043478
2632401.308738887,0.21358561395058406,-0.0955558500883834,1.1650736712480814,0.5579710144927537
3167594.179837381,0.2593484363294578,-0.10571315524660264,1.6973145407768313,0.6159420289855072
4676274.986504781,0.36138201324364294,-0.08750513220928169,1.9172633360991134,0.5652173913043478
1483007.6465318028,0.08200353103593816,-0.10713609108561913,0.8031651342427022,0.4927536231884058
3844176.7823805264,0.3090633688060529,-0.050958968162551736,1.8978346937265802,0.5797101449275363
3425274.3643030226,0.27920183237437834,-0.07096727898521316,1.982011917311281,0.6159420289855072
3119110.870882675,0.25546948816743287,-0.09503511537697745,1.6482094767637665,0.6159420289855072
4240540.481531306,0.33500915116752394,-0.07959037073857937,1.822351095172561,0.6014492753623188
6725161.864226019,0.46399821876181147,-0.07461958984752996,2.1452100167435986,0.5797101449275363
2990890.7318904526,0.2449735059590714,-0.09557177229560561,1.5447789626807928,0.5797101449275363
4428768.254651054,0.34665575400188,-0.0903115926522544,1.6910315619671104,0.572463768115942
3720645.232002933,0.30053981494220783,-0.14889452295739092,1.5632397120953214,0.5217391304347826
3310611.6627445314,0.2705204160309258,-0.09338427235685891,1.5545052851959893,0.5289855072463768
3930328.9164590924,0.31487896981033137,-0.12700696227984937,1.7194919544088814,0.5362318840579711
3616939.376236801,0.29320759309723177,-0.08096091505788633,1.7565800216308713,0.5652173913043478
4691217.110285474,0.36225090948565275,-0.12170019734631804,2.0687782523606293,0.6231884057971014
4679720.721494264,0.3615825822708627,-0.057292369543834216,1.9352105787847134,0.6231884057971014
4232357.6969479425,0.3344935313298949,-0.095363828446615,2.0386722248835607,0.6304347826086957
3012649.404106298,0.24677968923383586,-0.08052135423656724,1.4997048442784704,0.572463768115942
3662557.3200997724,0.29645332548584524,-0.09233685895668321,1.6574909506801687,0.5072463768115942
3109549.2171073644,0.2546988126779779,-0.09173943344169926,1.5331068053878325,0.5434782608695652
4341061.564401236,0.34127919758162295,-0.07907733254729878,1.7574837587037082,0.5434782608695652
4301047.626323338,0.33879736933531035,-0.06742050925361243,1.9741358979446273,0.6014492753623188
2491445.30351968,0.2003012861268001,-0.09022633771353396,1.4336403224323968,0.5797101449275363
2002082.7108255788,0.148937496055364,-0.05904788380032246,1.1879127910413168,0.5507246376811594
3368806.129940345,0.274956019489055,-0.11320626695359196,1.5019737087507603,0.5362318840579711
3246621.9893849944,0.265570506235717,-0.09414131695350725,1.762152996832649,0.572463768115942
7154924.590066684,0.48224847489971223,-0.05861501604566458,2.5443870638723753,0.644927536231884
1535755.3235316635,0.089593254393459,-0.14273475570708868,0.7067199317861175,0.4855072463768116
2594090.412902082,0.2100324627681105,-0.05633701195374498,1.3554141521473198,0.5072463768115942
1849724.9509760165,0.13089277886764483,-0.08291113931588139,1.0236063351183589,0.5434782608695652
3639226.6456779623,0.2947974061938474,-0.10309949593185037,1.5893998443122905,0.5144927536231884
2433389.656628405,0.19465452259649063,-0.06725636065347489,1.2537878333907284,0.5
3861793.0006725113,0.31026095113409946,-0.0763185207551501,1.869459714304239,0.5942028985507246
3311536.383493097,0.2705913845083636,-0.06414150718265492,1.7988537816919699,0.5579710144927537
2969496.520243952,0.24318729791368932,-0.07452987978397456,1.4365970665226997,0.5144927536231884
5337461.212864443,0.3978705211560192,-0.0806758077504185,1.9665847991880425,0.6304347826086957
2482943.9934568647,0.19948103216512236,-0.09698699906400671,1.4116948721038687,0.4782608695652174
2778077.672557781,0.22672969104851903,-0.09271491527240251,1.3236263760234155,0.4855072463768116
3582693.417543863,0.2907493920360844,-0.05662114233512331,1.588344589467466,0.5434782608695652
3428238.471126471,0.2794231506503311,-0.06412479338393844,1.4555975147224691,0.5362318840579711
2645508.5524522606,0.21479175037945564,-0.09613952323886255,1.5687533176868087,0.5652173913043478
2769459.429780618,0.22596762468065879,-0.08359219388880214,1.6522733578725455,0.572463768115942
3172445.4136089426,0.25973394369498215,-0.09870399657084439,1.6139160350715884,0.5434782608695652
2111174.1355411015,0.161194075391633,-0.13262367371095354,1.1571811568283192,0.5217391304347826
2995948.008001449,0.2453942448751152,-0.07504779917437857,1.7119190854756856,0.5434782608695652
3508513.851158615,0.2853595809274294,-0.08258103977354814,1.7375118250819845,0.5362318840579711
3717841.967617327,0.3003437814076344,-0.07864950453587174,1.8966946344624336,0.5652173913043478
4779350.109729112,0.36733134305581583,-0.032888550737772894,2.2399509520059637,0.6231884057971014
2144121.7155111847,0.16479604425043992,-0.096183051316765,1.206701565699276,0.5144927536231884
3460848.929448198,0.2818479950454309,-0.053055815394100786,1.712591939580917,0.572463768115942
3275286.8549445635,0.2677974340281124,-0.14120971048963893,1.3520073460921365,0.4927536231884058
2408704.328611164,0.19222081144662728,-0.07307561180885032,1.2128467666451512,0.5144927536231884
3351139.643541428,0.27361599640101053,-0.07144694198463249,1.8382638567676794,0.572463768115942
2392156.408122381,0.19057816775744207,-0.14984022830828297,1.14413323440134,0.463768115942029
1929328.3630064966,0.14046307809571323,-0.10664742498763714,0.9845275392844538,0.5072463768115942
2597233.7326261504,0.21032556563779403,-0.09784855005521571,1.3825448381485392,0.5434782608695652
1985108.201142826,0.1469826187940384,-0.11010418745405497,1.0950149441793287,0.5217391304347826
1906705.769273118,0.13777591489520535,-0.09740779758051835,1.178899038936615,0.463768115942029
2817773.0850063055,0.2302155246942068,-0.07665132452432712,1.7269389707235394,0.5652173913043478
3171342.3705727705,0.25964633089995215,-0.0888320245092239,1.5787524618543625,0.5434782608695652
2107440.725617694,0.16078309240038613,-0.11270056645004296,1.1855090894076965,0.5072463768115942
2474420.5925261043,0.19865638811478603,-0.08739377434290056,1.4226855711067845,0.5434782608695652
2163863.398998952,0.1669331253852917,-0.08093144142077711,1.4982055875050238,0.5652173913043478
3948598.8494947683,0.3160991327027114,-0.0773991586070447,1.9102916739920432,0.6231884057971014
5425408.414070768,0.40244709539326684,-0.05393377128601633,2.1582563865337585,0.6304347826086957
2509352.024433552,0.20202172794600437,-0.08753027691495188,1.4570427867494875,0.5289855072463768
3108369.100528944,0.25460356313570887,-0.058215248618517616,1.583141129953069,0.5507246376811594
4130249.873334022,0.32799140836963847,-0.05850695757756536,1.8380328240839892,0.5144927536231884
4035735.9354673536,0.3218572226987526,-0.08894113192111676,1.7004991924257702,0.572463768115942
2215298.165923509,0.17242869069539157,-0.07608661354404285,1.2956503281657246,0.5652173913043478
2493638.3461876283,0.200512519791477,-0.13223977878515622,1.1571017002956905,0.5217391304347826
4667456.143539525,0.36086814778258636,-0.07307187996229911,1.9169878047536553,0.5942028985507246
2383513.1973321605,0.18971657503981354,-0.09031809923503467,1.3393009939680842,0.5579710144927537
1928914.9361922082,0.14041419699849023,-0.10698941427087837,1.0855726223928985,0.47101449275362317
1503445.0196396767,0.08496945107634013,-0.26583661637899536,0.6115518698179997,0.4855072463768116
2229554.0246531777,0.1739337811055548,-0.09574604681639673,1.2436692457952758,0.5289855072463768
3603723.7295841104,0.29226117923321615,-0.08898890259735416,1.7607447039398125,0.5869565217391305
4613521.283741683,0.3577084023605832,-0.05892067202824357,1.9982200735113673,0.6521739130434783
3101666.960974794,0.25406207083924337,-0.09531679211126427,1.510016342406233,0.5869565217391305
4169325.532710592,0.33049473729633116,-0.08834162622943383,1.64647827871706,0.572463768115942
2633616.821956095,0.21369766806389223,-0.1176035829678235,1.568641542028552,0.5434782608695652
2174042.8226037514,0.16802898172973602,-0.07921965335742855,1.1515406055867385,0.4927536231884058
4173753.2619179925,0.33077720838104185,-0.0654772504266412,1.7350377064640599,0.5434782608695652
2272989.8926441963,0.1784726311136584,-0.084000357281635,1.2306568984726856,0.5144927536231884
4113966.704499674,0.32694265393339306,-0.07301048944033603,1.8912265647865196,0.5942028985507246
4389513.848583254,0.344260027275358,-0.06626520790489586,1.9737942689590944,0.5869565217391305
3067682.568754604,0.2513018415405437,-0.04820341316632121,1.6987698766242136,0.5507246376811594
7085003.179752773,0.47934003257807056,-0.06325183623532203,2.2323679550504565,0.6376811594202898
4367356.310263589,0.34290015837948085,-0.03875687686022135,1.865745363627196,0.6086956521739131
5573541.430920753,0.4100231620980561,-0.06380576511345916,1.9530479080053254,0.6159420289855072
5286509.62409149,0.39519144768163317,-0.06318916596844244,2.057101789507826,0.6086956521739131
5632673.218328948,0.4130024381914066,-0.09690576816133052,1.7600320898290258,0.572463768115942
2952786.42345769,0.24178499296900746,-0.09774808944290107,1.4101052349286463,0.5362318840579711
3056783.8268036204,0.2504114601234799,-0.16802535730570223,1.6033492332820674,0.5507246376811594
3281431.4058831483,0.268272763797482,-0.13225276642487485,1.5421760751208287,0.5579710144927537
3270625.7847330472,0.267436387206649,-0.0807073339378626,1.6861366695993436,0.5434782608695652
4052799.3498308226,0.3229731206641533,-0.12477646757967738,1.6770535783881921,0.5362318840579711
1740534.671524349,0.11721442829896311,-0.07355805345724017,1.1544105517255718,0.5289855072463768
2922816.3757486227,0.2392539343987281,-0.05053347475847514,1.5349069826981137,0.572463768115942
2749342.4055441692,0.22418137042594632,-0.08297084020351193,1.4877668203492884,0.5652173913043478
3431746.380576524,0.2796848748427765,-0.0816992786708623,1.6675529831430838,0.5797101449275363
2191865.5138663626,0.16993782083045494,-0.08394581151872041,1.161475503714977,0.4492753623188406
4942344.725601451,0.37653293491867057,-0.05053213813558617,2.0706908941589286,0.6159420289855072
1737564.994742686,0.11683293261102334,-0.1320409993890872,0.9878278726556199,0.5
6765981.419406738,0.46577111864084,-0.10287824001919754,2.2004155592866432,0.572463768115942
4474559.870606791,0.34942907931573286,-0.12946234320137542,1.8512793164950345,0.6086956521739131
4854041.477227437,0.3715785878981661,-0.09189158511535973,1.8285444458566862,0.5869565217391305
2585950.22584121,0.2092720977974043,-0.09830588501994997,1.301707811810001,0.5
2613081.1030758386,0.21179896675002152,-0.1136496756569904,1.5533039746478958,0.5507246376811594
5141437.849751502,0.38744864803833146,-0.04647317110786101,2.0808981352458384,0.6014492753623188
8906250.623738922,0.5485990283003666,-0.04504582529844359,2.426607540153117,0.6231884057971014
2769820.077225848,0.225999552865487,-0.12675935316855644,1.604440477556935,0.5579710144927537
2553023.0751293143,0.20617673660236324,-0.08441554132994007,1.348681130572548,0.5217391304347826
3186982.642056924,0.260886339597282,-0.08263326812192756,1.4917434840168387,0.5072463768115942
2049581.213061425,0.15433808970636953,-0.13325447033786952,1.1233327851318313,0.5
3128593.8076551105,0.25623195453731373,-0.07422455836229555,1.6879148478540358,0.5869565217391305
3779164.4135599914,0.30460535635477437,-0.08073169476247709,2.113038743822952,0.5942028985507246
4889771.143705188,0.37359185416617735,-0.06130672703527066,1.81308857888153,0.6014492753623188
2443627.129851748,0.19565803750756539,-0.05741128399472172,1.3971214553161937,0.5434782608695652
2791941.6747551523,0.227951653591272,-0.09108957544951603,1.4210750819082436,0.5144927536231884
5099259.248797733,0.3851647100185178,-0.05151400595684183,2.0791756515455297,0.5869565217391305
3032054.571805858,0.24838172584542417,-0.1033481919936479,1.5641492684945182,0.5144927536231884
2987551.4329249044,0.24469538168047644,-0.08036086836260115,1.4649049404541685,0.5217391304347826
8600259.065102013,0.5378086758538319,-0.06689929070380507,2.2059313457964698,0.5942028985507246
3281639.2065078462,0.26828882637289286,-0.09965654990442369,1.7121929781586898,0.5652173913043478
2431873.404193381,0.1945056069086304,-0.11930416599049794,1.4324430425010553,0.5869565217391305
2901966.2327631516,0.2374808043559542,-0.11522479900427963,1.4217977809682418,0.5869565217391305
2600893.1062731687,0.21066643133780194,-0.08020371877688237,1.5709811910575229,0.5652173913043478
2488160.9591147304,0.1999846600162556,-0.06983489383230915,1.2183828194082653,0.4855072463768116
5019921.613968882,0.38082737106863873,-0.09101543553383246,1.9911989327919832,0.6014492753623188
4714805.855282928,0.36361811768876295,-0.05095172154271704,1.8698234696476566,0.5289855072463768
2143430.8496189085,0.16472097187099566,-0.07165028575658774,1.3618140623694692,0.5144927536231884
5614461.757896658,0.412087555282866,-0.04957201042505053,2.7445306009631882,0.6739130434782609
3433042.489835417,0.2797815230630385,-0.0991970472424376,1.457512977501062,0.5289855072463768
1625548.2599261783,0.10204663673384307,-0.13012005496195542,0.7912981551222112,0.47101449275362317
4115213.8479279396,0.3270230963528431,-0.07696778201157617,1.614946297391789,0.5507246376811594
2743636.9304631967,0.2236728603703646,-0.09801103378500434,1.4798253840123434,0.5869565217391305
1998962.8089515865,0.14857918830963324,-0.12461527847210392,1.1013972998854684,0.5434782608695652
2712353.723050737,0.2208695589382783,-0.05111687749938987,1.5549516138371393,0.5652173913043478
5640207.078491342,0.41338022229293636,-0.0937627272781537,1.9264828456679983,0.572463768115942
1913163.2447213975,0.13854553831868044,-0.17905344846635585,1.1572519696801356,0.5
3528307.98848462,0.2868066529646489,-0.05713108480000001,1.567636612806939,0.5362318840579711
2826027.6708640386,0.23093545783429592,-0.09630259527449699,1.51486007921238,0.5797101449275363
3032421.630688175,0.24841195006484673,-0.10879529303193874,1.4673222251730007,0.5652173913043478
2921818.7124222363,0.2391693223750071,-0.12445899477138254,1.4526177664783584,0.572463768115942
3552500.764080858,0.2885664987579937,-0.05925373422152265,1.7338785573802709,0.5579710144927537
4194679.939829032,0.3321090102220261,-0.07387073607992262,1.778838294698036,0.5362318840579711
7588533.106197876,0.49979384383240166,-0.0558408101041781,2.1595210752072806,0.5797101449275363
4244358.372383109,0.3352494547171454,-0.06220572930339216,1.8616871352498678,0.5579710144927537
2613319.8048672574,0.21182110521446273,-0.08368390322458966,1.2693427900404974,0.4927536231884058
3583197.443119318,0.29078570740123344,-0.09782010029098394,1.7901299971101237,0.5434782608695652
2566330.1221426576,0.2074315071398667,-0.09545277418094356,1.6424738952449427,0.572463768115942
2398585.607967044,0.19121744446045685,-0.09749015963929451,1.4315911409835107,0.5144927536231884
2575649.865409034,0.208307204373692,-0.17970069147211015,1.3221016736139415,0.5507246376811594
2110563.992993931,0.16112694915918557,-0.1978177106504353,1.1158859873808868,0.4782608695652174
6487580.366658356,0.45350506727481443,-0.051655955200000096,2.1330919052199078,0.6086956521739131
5541938.283061838,0.408420497626357,-0.08657504872931741,2.0475295877992816,0.572463768115942
5015453.375952465,0.3805814682947004,-0.08175975992430765,1.9281541296128415,0.5507246376811594
2126503.0961013413,0.16287545494904543,-0.08948772728829542,1.1000472754139956,0.4927536231884058
2568866.9931821376,0.20767012706950583,-0.06621045949679999,1.5531386685251454,0.572463768115942
2173757.9115514713,0.16799836579072003,-0.08033630552768803,1.170287160535944,0.5217391304347826
2063835.110377708,0.155939220226315,-0.11606659430971605,1.1939903275170094,0.5
2924153.255567261,0.23936727922324108,-0.13060908240398064,1.5540060416271073,0.5652173913043478
2719622.4911959036,0.22152321411860965,-0.06267375832918747,1.6445500705483576,0.5434782608695652
2927857.8423677115,0.23968114914281013,-0.05002116798492654,1.5513381514634716,0.5652173913043478
3389606.2081243186,0.2765265421198957,-0.0797522282523685,1.83771065631413,0.6159420289855072
3206887.2144068405,0.26245741424224445,-0.05488604753754954,1.5576619751348204,0.5869565217391305
3241560.4105393975,0.2651756476173548,-0.09238572304525683,1.588622105420382,0.5942028985507246
4853114.464407033,0.3715261957593179,-0.08408062569224375,1.8332949295099907,0.5579710144927537
3050999.5963874846,0.24993788076229007,-0.10883270612589292,1.492543748372162,0.5434782608695652
4232997.282510708,0.33453386209912384,-0.0694640728164053,1.8436665197462494,0.5652173913043478
3759418.9711015713,0.30323923341877346,-0.11996221685846524,1.8799756660773208,0.6159420289855072
2670131.0899650985,0.21704466436547554,-0.10111465052771873,1.585784525154345,0.5434782608695652
5799868.900502019,0.4212930598434532,-0.07301579452521048,1.9518642708379654,0.572463768115942
4510340.373731161,0.3515803322736979,-0.060029784192960026,1.9954615035924168,0.6231884057971014
3063664.927061628,0.2509739120345733,-0.11845480527616987,1.415696775412145,0.5362318840579711
2870763.220543536,0.23480811431529736,-0.11660144419036807,1.3625241282791225,0.4782608695652174
3174535.407589717,0.259899881480504,-0.0607708983423318,1.8065547719690884,0.5507246376811594
2685256.9733957937,0.21842042480123758,-0.12436754892640738,1.4044804386567047,0.5144927536231884
3400034.46014954,0.27731103376763167,-0.05673932159999997,1.6810312194815527,0.5797101449275363
2814951.94027708,0.22996908847087516,-0.11681445411810111,1.4436335512090936,0.5579710144927537
3444836.367857104,0.28065962980719816,-0.09532462596793534,1.687051495098114,0.5144927536231884
1808630.8644567218,0.12582266490702665,-0.10337545739604077,1.0347244581798376,0.5217391304347826
3443009.399085744,0.2805237614286895,-0.0690632870459904,1.7098553965832266,0.6159420289855072
5393660.048515007,0.40080187392944966,-0.09281779501105421,1.8668037657266183,0.5144927536231884
3319420.333824671,0.2711958020562866,-0.06560541866643717,1.7944129432091567,0.5652173913043478
3186057.096115261,0.26081309515539663,-0.08408446917722488,1.7373159833008003,0.5869565217391305
3248691.3254723283,0.26573179531036994,-0.08278438671961734,1.5388365362403902,0.5579710144927537
3076792.9983783066,0.25204418557296204,-0.05729530835573216,1.6892918508271821,0.6231884057971014
4641179.855949323,0.35933243502997314,-0.07645301516734652,1.894084529984001,0.6159420289855072
5304766.4670389015,0.3961537717547752,-0.08427438371287356,2.175047497261131,0.5797101449275363
2057719.9796552218,0.15525339875179456,-0.11139690182768373,1.2136095662667339,0.5072463768115942
3793039.3385208,0.3055619052006704,-0.07024112226590584,1.7151847108573253,0.5869565217391305
4222222.783185922,0.33385379568492435,-0.05504392022307941,1.7742809998522522,0.5869565217391305
3989343.1714673517,0.3188040718259668,-0.11033376779955606,1.6812984975113785,0.5652173913043478
6216417.723657112,0.44114619025979906,-0.06424496584798818,2.2573885843637673,0.6086956521739131
4174728.523012283,0.3308393938465737,-0.06458918884254565,1.9906290422946196,0.572463768115942
3326243.573912938,0.27171797462823566,-0.133097015235303,1.6404441865076682,0.5434782608695652
3634925.8383594714,0.294491225294667,-0.07604105170687522,1.7298714735694576,0.6086956521739131
2146253.2055488173,0.16502753899114286,-0.15049137848278177,1.2482802466649112,0.5217391304347826
3666392.3147551958,0.2967247102073749,-0.09348777122272338,1.7906740012076583,0.5942028985507246
3041646.711337226,0.24917059867230829,-0.10761388714692971,1.3794951261084858,0.5507246376811594
3248707.773203752,0.26573307695718573,-0.07835373790373582,1.413886289898011,0.4927536231884058
3036930.885031661,0.24878301070708853,-0.08793117115687767,1.5204620091449277,0.5217391304347826
3870652.5310029066,0.3108615870981608,-0.05728910998623196,1.8562322797419488,0.6086956521739131
4292668.817058546,0.33827534400147186,-0.06575736005663613,1.7124290585387785,0.5507246376811594
2990748.6148892944,0.24496167434902438,-0.10083132458540431,1.76298360106689,0.5362318840579711
2805372.6225447576,0.2291308265144334,-0.0667403627098463,1.3853396776033917,0.5362318840579711
2768664.4962137183,0.2258972373177468,-0.057739066643476174,1.545535907621092,0.572463768115942
3479383.529496616,0.2832180523763208,-0.07403039833919271,1.528733800343282,0.5652173913043478
5307126.199094005,0.39627796054902675,-0.04996979686838253,2.3034807031361417,0.5942028985507246
2742236.759706192,0.22354793853426314,-0.0756669648777005,1.4954699897133028,0.5579710144927537
5834837.535593523,0.42300279668907415,-0.047312344646510046,2.292296296426124,0.6376811594202898
6282392.82374644,0.4441922751751417,-0.07572513815086714,2.160086284376009,0.5942028985507246
2817474.523101855,0.23018945367664712,-0.0874929623603027,1.5951758914806013,0.5507246376811594
2501045.21503419,0.2012248518548183,-0.13745961982877566,1.4841018008149556,0.5579710144927537
2602752.0426824763,0.21083944181364833,-0.08223100160329165,1.3864926198960168,0.5289855072463768
2260258.5978753264,0.1771495094894231,-0.09732152304908157,1.3024417258260943,0.572463768115942
2532051.955275402,0.20418863078997496,-0.059123560733192165,1.6137078689281368,0.5652173913043478
4217840.833352456,0.33357681795886673,-0.07122657258687307,1.8498531499344297,0.6159420289855072
3061168.2474612137,0.25076995372161237,-0.08402193000228673,1.5413859032977224,0.5289855072463768
8858311.090584217,0.5469283033665218,-0.05036128975503984,2.4987713549344273,0.6811594202898551
2035657.150453066,0.15276538477286183,-0.08337003186724448,1.3501631645673395,0.4782608695652174
6163944.079003436,0.438704950552095,-0.045920262206439945,2.1856625645021723,0.6521739130434783
2783650.109454989,0.22722142644729226,-0.16285834912906264,1.5676156227648639,0.5434782608695652
4868468.149701324,0.37239291274901287,-0.05928917930130473,1.7885421102312702,0.5652173913043478
3408620.3815570925,0.27795548789857416,-0.1098126667397957,1.6639069144145735,0.5434782608695652
6312198.546992602,0.4455600259685628,-0.06814398099031045,2.261202875373813,0.6231884057971014
2559658.402552783,0.2068030584143401,-0.058614438018303246,1.4924867418413759,0.5797101449275363
2880122.34599503,0.2356121989369684,-0.04916295756561206,1.7066290560742103,0.5942028985507246
2477315.1983264023,0.19893669740042275,-0.09669322813928596,1.4006940080757533,0.5144927536231884
3792789.240959197,0.3055446880599073,-0.0567476092078109,1.6431181609273826,0.5652173913043478
1370410.6510279106,0.06505036384680118,-0.11733629300909366,0.6168997184727927,0.4927536231884058
5240231.966509889,0.39274017172581255,-0.06343574579200413,2.0165116981589026,0.6159420289855072
2422186.1961378385,0.19355244001173766,-0.15201780972928314,1.1995644098065898,0.5652173913043478
2104329.9503802126,0.16044020548788684,-0.16193005087300127,1.0832718088565234,0.4927536231884058
2834004.2580768405,0.23162954851331952,-0.08831773144480701,1.3904447150366461,0.5144927536231884
3075615.080288647,0.2519483044790134,-0.11892988011988373,1.4845772593226518,0.5362318840579711
4119690.9318123725,0.3273117136725019,-0.07269921544866184,1.8069523072557523,0.5797101449275363
2563526.305375587,0.20716755846649737,-0.10857884064836812,1.4448610394054278,0.5144927536231884
1498967.5596628923,0.08432244309260284,-0.11922543987343413,0.8220256588461873,0.5
3586988.035296619,0.2910586911360289,-0.0854534813845483,1.826831129131793,0.572463768115942
2614988.120614262,0.21197578847775467,-0.0755766424760133,1.3574017305018817,0.5144927536231884
3289280.1118554776,0.26887888891400014,-0.07128279096398223,1.5996665812088842,0.5652173913043478
5159930.465728432,0.3884452844433395,-0.08072312245237828,1.8106345335843144,0.5942028985507246
3386628.166064822,0.2763021569736137,-0.10243160696843026,1.4808895197973466,0.5507246376811594
3310102.189294356,0.2704813092836087,-0.0636664299405409,1.7666511347079201,0.5652173913043478
3131731.814037725,0.2564838557757123,-0.06946545562500694,1.9028259117147117,0.5797101449275363
1806238.4529394987,0.12552466519728145,-0.08132313206484093,1.169612923869031,0.5507246376811594
3347705.198581617,0.2733548340044123,-0.08998196796645262,1.8110781814961139,0.5
2739566.6481790436,0.22330957234507376,-0.10142432503350748,1.5890185478470322,0.5797101449275363
2206831.086246279,0.17153109063080807,-0.0963497201821827,1.1119497123407063,0.5144927536231884
5640338.928589896,0.41338683029780166,-0.059146503264379285,2.123273532650206,0.572463768115942
4117225.095903792,0.32715278346025345,-0.11008076305853519,1.6524115785920146,0.5289855072463768
3740716.106152203,0.3019399391877111,-0.05767111825010196,1.7311953456753328,0.5869565217391305
2862207.763485059,0.23407123961605758,-0.09098616079071757,1.4567082600415748,0.5072463768115942
2272890.4014523937,0.17846231433223925,-0.05851392595686406,1.3250751083983432,0.5072463768115942
3433166.0736049535,0.27979073692787804,-0.07855276384916145,1.7517687969666114,0.572463768115942
5870889.247296491,0.42475692825450895,-0.05793483126635691,1.9028383526700021,0.572463768115942
3148080.7630741275,0.2577929990921064,-0.06339979258781864,1.6499192057621783,0.5652173913043478
3072732.218172845,0.25171351903247974,-0.06088762162913547,1.6633649183074204,0.5797101449275363
2237431.486990195,0.17476215998348432,-0.07934391646741404,1.2064153207157926,0.4927536231884058
3151629.7815026143,0.2580764682434866,-0.04145908690207814,2.160550712851311,0.6521739130434783
2012717.1440689922,0.15015546987443784,-0.12056683013292883,1.4130600112014264,0.5289855072463768
2594536.552751418,0.21007408094488422,-0.12764937373990362,1.3529664290579995,0.5362318840579711
3987036.6171179805,0.31865153558705694,-0.08224740811739457,1.7983487539889604,0.5362318840579711
2420486.000752965,0.19338483585702781,-0.08443146750893074,1.3608687385974592,0.5579710144927537
2641505.2309360076,0.21442387038727406,-0.06595458149395086,1.5210436826970752,0.5072463768115942
1922478.3378488468,0.1396520892129045,-0.17911605553505122,1.009121147236506,0.5144927536231884
2695925.7867108886,0.21938707272841151,-0.07532635273535937,1.3684532110834102,0.5144927536231884
3991565.398706583,0.3189509646561848,-0.06603984872791291,1.7756042257128766,0.5652173913043478
1875208.672794415,0.13399181682676553,-0.08971487393460588,1.0930662607156731,0.5072463768115942
2910443.3367982935,0.23820293663738412,-0.07271127125055994,1.499139279643958,0.5362318840579711
2842638.7835829738,0.23237913101784624,-0.08705790881267451,1.4306810714779037,0.5144927536231884
3740351.1744304094,0.30191453561728787,-0.07301299595833335,1.9221357726765496,0.5869565217391305
3381091.773199076,0.2758845891177968,-0.10616776506759527,1.9963604808739612,0.5652173913043478
2071924.4291051386,0.15684395673196727,-0.11103791081297452,1.2461657173647702,0.5434782608695652
1845220.5011224132,0.13034145159234867,-0.11299184942326264,1.0954368383757485,0.5362318840579711
2447927.5364333894,0.19607857629824244,-0.0734515223291549,1.488354524424858,0.5217391304347826
4823940.083459017,0.3698732369255706,-0.05360560023720745,1.8762702531382125,0.6159420289855072
4955239.969874775,0.37725049845423575,-0.0912029438068696,1.8597785239439544,0.5579710144927537
2993332.585195511,0.24517672637972487,-0.08090655261281954,1.7003868680026049,0.5652173913043478
5179265.922865689,0.3894842935960787,-0.11595506346848503,1.8843238014925245,0.5579710144927537
2807880.8066346925,0.2293505324052012,-0.13363151016798025,1.6594198465506116,0.6014492753623188
3128821.5498410775,0.25625024318064216,-0.09141628795877615,1.4869592709869879,0.5217391304347826
1292270.3155734658,0.052617712537384786,-0.12114773810494625,0.6231425442250482,0.5144927536231884
2395658.479228041,0.19092656052203494,-0.059233228799999975,1.5254453033645536,0.5507246376811594
4691294.991246434,0.3622554325210565,-0.08450273905106677,1.6576987304851665,0.5434782608695652
2260362.2514020507,0.17716030590538212,-0.13622938338195018,1.2564994750194838,0.5072463768115942
3928562.143390114,0.3147607348926784,-0.06460213675525953,1.6773362366560638,0.6159420289855072
2628347.1796008847,0.21321157778069044,-0.07377413111722747,1.4129445753976588,0.5217391304347826
3968697.0024768584,0.3174361878258427,-0.07809294175522477,1.7377009239994852,0.6014492753623188
4377436.413397362,0.3435194846329832,-0.08792906962983098,1.6840608809255706,0.5289855072463768
3125527.455128326,0.2559856099288378,-0.07306743831701293,1.6685049638606089,0.5434782608695652
4621049.957197475,0.3581512345002271,-0.06494631477173225,1.7808500584106965,0.5942028985507246
3796817.6510701445,0.3058219002176814,-0.05589844868054766,1.7620970805939098,0.572463768115942
2796440.444536765,0.22834712851733419,-0.09738186015920565,1.5073671647681048,0.5289855072463768
4650537.167119932,0.35988011693165345,-0.10381948893227169,1.8342994061418587,0.5797101449275363
2141238.2586179585,0.16448258747945665,-0.10668306711382466,1.2719901441960357,0.5507246376811594
6252005.266711332,0.44279246996763977,-0.07675908777250187,2.1975119094144615,0.6014492753623188
3189967.0520292427,0.26112239943528115,-0.08973430548465397,1.6667155255476251,0.5289855072463768
2687583.760252233,0.21863150497353678,-0.05782335422116499,1.8256861797220625,0.5579710144927537
2416187.233680539,0.19296064569674898,-0.07180068653433427,1.3673770198361808,0.5362318840579711
2333453.4324376,0.18467664747456713,-0.0770380387363783,1.3964560071129384,0.5434782608695652
5418541.982232288,0.40209192633036994,-0.06406205874251157,1.9694597029112064,0.5797101449275363
5891075.574074578,0.4257353536075743,-0.059072356853658435,2.2100583280631887,0.572463768115942
4858200.431024563,0.3718135417201933,-0.06081183233803374,2.222396834716519,0.6014492753623188
2409907.137117594,0.19233985694069222,-0.05136310060537482,1.4431169065803557,0.5942028985507246
2644233.692621056,0.21467464716211304,-0.06867027941206158,1.4401450413790422,0.5652173913043478
2346377.5663219206,0.1859860467601211,-0.09655298682136665,1.1778294945774959,0.5
2320074.844637684,0.18331507977206907,-0.12263132890060534,1.2241041844311455,0.5072463768115942
3308688.054311565,0.2703727362510091,-0.04735789895452743,1.9311138526889704,0.5797101449275363
2666409.1494396403,0.21670518323387244,-0.07491166611401189,1.4418973547361953,0.5217391304347826
7085154.191670215,0.4793463387451844,-0.08195597165477377,2.3478756196610826,0.6376811594202898
4692868.218603768,0.36234678683133525,-0.047372609387033554,2.0326149567953036,0.6014492753623188
3444165.790392291,0.28060976686610806,-0.0591785259708428,1.7916446301631337,0.6086956521739131
4177113.7400627937,0.3309914332227981,-0.0666378492473873,2.0859810251171274,0.5942028985507246
2653979.5163681544,0.21556871269546063,-0.11842846841970822,1.3263339464875057,0.5579710144927537
4227718.895278643,0.3342008733352475,-0.08288160073256712,2.0277708154348386,0.5869565217391305
4041555.928503873,0.32223825683976326,-0.07371708167129554,1.8694708537443019,0.5434782608695652
4151290.891364037,0.32934171530536327,-0.04313616860543233,2.0164496306083888,0.5942028985507246
1873848.1667542963,0.13382722174261819,-0.0879206451295385,1.1131954161734487,0.47101449275362317
3749003.216526263,0.302516287211938,-0.04655116112554709,1.7405996050714718,0.5289855072463768
3479048.303140193,0.28319332471479153,-0.04628688936997311,1.7326933983047819,0.5507246376811594
3590724.192084393,0.29132752890314806,-0.09108622596462997,1.804337533747009,0.6086956521739131
2102089.648583893,0.16019301572834532,-0.08412869843227828,1.2353850837124742,0.4855072463768116
2633064.6412174758,0.21364676949110017,-0.120721134777077,1.2878151265149902,0.5362318840579711
2160762.0945283133,0.16659843776570593,-0.07257412125854111,1.0727935967547995,0.5144927536231884
5357697.678278089,0.3989288953246759,-0.0679594756384904,2.1020255912847814,0.6304347826086957
2561115.4703253508,0.20694041999335377,-0.06534977986559995,1.5655430731720805,0.5144927536231884
2619785.132607862,0.21242011944722083,-0.09976893457321395,1.2746661863957993,0.4927536231884058
3496004.2321628006,0.28444168002122794,-0.06737830870202477,1.593859890270252,0.5507246376811594
2306681.6147613353,0.18194571586559616,-0.0591178972011802,1.396627984099074,0.5434782608695652
3151241.418259784,0.25804546112809224,-0.061208424629755835,1.7189354271912956,0.5797101449275363
3032374.6816283353,0.24840808436690165,-0.07967401761641431,1.4200021167072814,0.5217391304347826
2805095.987978808,0.2291065849229712,-0.05997511393928115,1.5470540339632708,0.5942028985507246
4450343.21617204,0.34796526463978106,-0.0688380811066035,1.9589131059587033,0.5652173913043478
3576862.106653081,0.29032894489072003,-0.07987518854905079,1.688166024543204,0.5362318840579711
3965727.3565158043,0.317238969919726,-0.06413713652421732,1.823691580463165,0.5507246376811594
3387804.37339772,0.2763907989723313,-0.079086751878038,1.5089900726013354,0.5217391304347826
2110551.7518190504,0.16112560225939343,-0.12518408805575026,1.229099639391714,0.5362318840579711
4287501.117019945,0.3379529740042835,-0.07166818802308096,1.9620528513075932,0.6231884057971014
3246221.7424514615,0.26553930052735053,-0.07365245791779992,1.4295843205416428,0.47101449275362317
3226258.916585794,0.2639789563915713,-0.07767451402047895,1.6445800710928933,0.5507246376811594
3079999.3295044517,0.25230502833343005,-0.07667225394643064,1.6650087203099289,0.5579710144927537
2461835.127771274,0.1974345721163071,-0.09531443990498512,1.1920866121268066,0.5
3074362.3375019636,0.25184630050536283,-0.13709892700828052,1.6537284627928222,0.5869565217391305
3059668.9800937776,0.2506474118744384,-0.10464848912739304,1.5318696670366743,0.5217391304347826
5169659.21063632,0.38896845638539657,-0.046388635705275155,2.2258603296660624,0.6594202898550725
4070210.7703415086,0.32410790956687485,-0.053292675076695564,1.6892450943442558,0.5869565217391305
4194754.610677326,0.33211375284854205,-0.05730833576659213,1.8709124408785247,0.6014492753623188
2661571.822694426,0.216263399858023,-0.056175219811975916,1.6552708281578288,0.5362318840579711
2585829.8743727845,0.20926084155738267,-0.09105898923980209,1.5047203828904194,0.5507246376811594
2884459.414945555,0.2359841074633786,-0.06113044400699641,1.7180051814628412,0.5942028985507246
5752139.599545032,0.4189460503546454,-0.04196746314622002,2.118969106747621,0.5652173913043478
4012938.9363795775,0.32036045982309447,-0.06974438774405016,1.6939506294091369,0.572463768115942
4956840.254696374,0.37733944302308453,-0.03444413646077212,1.9450220015041926,0.6159420289855072
3205180.744923187,0.26232302824063014,-0.08467527837538921,1.6572230700732453,0.572463768115942
2603597.7145152655,0.21091811544353556,-0.06364371519580972,1.5908447485902548,0.5869565217391305
2967698.5465505687,0.24303671618430034,-0.07168893940540443,1.7317790781357865,0.572463768115942
4606235.242446886,0.3572792908901241,-0.06752213560915127,1.9210731120383513,0.6666666666666666
3281000.8959829547,0.2682394836481179,-0.06565715673578733,1.5886997484902288,0.5289855072463768
3448848.044457568,0.28095776883058377,-0.05216723691357718,1.7962550374937323,0.5652173913043478
2646717.0272064246,0.21490271407234518,-0.059644102400000086,1.857105664159914,0.5869565217391305
2721160.5970002767,0.22166135145643961,-0.07648295255768774,1.3469874969753444,0.5362318840579711
1179313.1472065304,0.03353652239949301,-0.19666873693402023,0.41545939775156737,0.4782608695652174
3625310.622562816,0.2938056540424694,-0.05024306167178366,1.5716471186825347,0.572463768115942
2433957.5975942947,0.19471028266826673,-0.08087025403486868,1.4635495603958173,0.5434782608695652
3506518.0099545396,0.2852133105888357,-0.06046668512961337,1.6233734730042417,0.5217391304347826
3038900.598620712,0.2489449575582987,-0.060711283688824946,1.7674495921271918,0.6376811594202898
3515530.7744550323,0.2858733062999277,-0.0664323220123519,1.7645260343823777,0.5797101449275363
3672842.5639128773,0.2971806525581355,-0.06952174518120882,1.670627749000514,0.5217391304347826
1902198.2544618975,0.13723745758549555,-0.08363145571248685,1.2378357332442476,0.5072463768115942
4361654.149684682,0.34254930838915665,-0.06853142645108298,1.8203187135221477,0.5652173913043478
4266987.662023448,0.3366702354277351,-0.06708475627750878,1.737338374063429,0.6014492753623188
3514075.763868017,0.28576684902716587,-0.05361243855333404,2.1196942151125793,0.5869565217391305
7160938.744519958,0.4824975753731009,-0.06269879215225188,2.215448805472063,0.644927536231884
3787602.299151613,0.3051874052625607,-0.11116777525600346,1.727412785025172,0.5362318840579711
2041846.993590902,0.15346557871142164,-0.08706383033922295,1.3108030738865262,0.5289855072463768
2646166.435794807,0.21485216309453925,-0.05826097372666488,1.4279413107046284,0.5289855072463768
3356792.9557221746,0.2740454201729161,-0.07287861330868232,1.8729521465452712,0.6014492753623188
2988128.4578682026,0.24474345883107107,-0.10472459925797983,1.5358346443247652,0.5144927536231884
3217894.3656530892,0.2633228653496067,-0.08624120538346092,1.7995390364256592,0.5579710144927537
1782863.4978224277,0.12259633151388827,-0.09684005273074583,0.9914117770263021,0.5072463768115942
4150861.7385593923,0.3293142291892437,-0.13305619260923626,1.6532671336385756,0.5507246376811594
3771687.6595319593,0.3040887373029528,-0.11647434095884872,1.7361039304842205,0.5507246376811594
4051805.805255314,0.3229082488772004,-0.059174146231632974,1.6295069906793231,0.5217391304347826
2656856.8333657216,0.21583217070041916,-0.10703327428634235,1.4216301886644014,0.5144927536231884
7220553.928490854,0.4849577701960426,-0.06547686647563053,2.2592565607137765,0.5869565217391305
6141510.85377631,0.4376562103513748,-0.06538008624183701,2.1868235860078196,0.6376811594202898
7172256.821571223,0.4829659057006075,-0.05670973593778407,2.295614496256689,0.5652173913043478
2412814.5368106617,0.1926274146472584,-0.11414406196700935,1.2791115202412504,0.5072463768115942
3347150.7366296174,0.2733126514618198,-0.06717974628583936,1.5764682422250873,0.5579710144927537
1689154.5349409743,0.11053915843311346,-0.1738974695265906,0.9556605640952057,0.5362318840579711
5129553.59398469,0.3868066462649773,-0.047497435391517316,1.909093501956064,0.6159420289855072
3311644.812779389,0.2705997049673099,-0.05657345501164822,1.6134539555751837,0.5579710144927537
5437512.670594998,0.40307231838615576,-0.0750795811431292,2.049459575602018,0.572463768115942
2939395.028138112,0.24065660233874264,-0.08587543433025736,1.5524481153791456,0.5579710144927537
2182425.979237578,0.16892838460642223,-0.14250854117170325,1.2025328776983975,0.5144927536231884
3921787.1980354367,0.3143069514142891,-0.1335770737854195,1.6459005141096812,0.5434782608695652
6100135.960919386,0.43571389300551533,-0.07183079795875749,2.0205957018696385,0.6376811594202898
2881160.702688233,0.2357012799592615,-0.1759621565611464,1.3933928921642615,0.5072463768115942
3317496.628272696,0.27104842852426114,-0.07523710115687968,1.626391450686707,0.5507246376811594
3679119.42087339,0.2976237239381163,-0.07057985604590584,1.9224459794265818,0.6014492753623188
3955924.525278618,0.31658711180668186,-0.08567152584962061,1.8516955039217007,0.572463768115942
9677557.138596596,0.5745380088667127,-0.06560552931378996,2.385461796249052,0.6086956521739131
2817979.7117946735,0.23023356646119675,-0.06720646427591297,1.5722959358897326,0.5869565217391305
2201406.9073750637,0.17095462140751505,-0.09125920860571403,1.197743284682695,0.5072463768115942
4904180.6093851235,0.3744004578704889,-0.058169198050139516,1.9109918599689821,0.5652173913043478
5965386.230404205,0.429314216811306,-0.061215074817240665,2.479948167401267,0.644927536231884
3279717.450721076,0.26814024742378995,-0.08218192416605183,1.5303431881050304,0.47101449275362317
1818533.8093774314,0.12705283542399237,-0.09433355912092978,1.1426965216510292,0.5217391304347826
2329921.999527649,0.18431785385810806,-0.0750191756335942,1.3213232250585474,0.5
2375628.103752595,0.18892837173644406,-0.09122728705661477,1.228709403292697,0.5144927536231884
3588647.213604318,0.29117810610638384,-0.07891021139850282,1.7036440938444741,0.5797101449275363
4600008.7169413185,0.35691214909426483,-0.0684553823003705,2.0229175532898758,0.6231884057971014
4027813.240237585,0.32133781778780257,-0.05673667760980325,1.8900004707893945,0.5652173913043478
3471987.3501349315,0.28267203661844675,-0.08477950452500893,1.7047953201353951,0.572463768115942
2881358.5087915594,0.23571824690890764,-0.06714764930846019,1.572726774473327,0.5217391304347826
3937105.3869240554,0.31533206674002656,-0.0864013724793436,1.8531103170204193,0.5507246376811594
2458836.2231006254,0.19714269691075925,-0.1890812951851208,1.326500183036698,0.5797101449275363
3655047.0132358666,0.29592119683158646,-0.10462806444983949,1.9553271136999988,0.6521739130434783
4042248.1825762196,0.3222835494017533,-0.0691616697749008,1.7488244268018158,0.5579710144927537
4469457.261820596,0.34912117186314373,-0.10853480791548117,1.7676582799916107,0.5942028985507246
4069927.5566272014,0.3240894822185987,-0.0909550089918599,1.9990578594659185,0.6014492753623188
2107077.1258448414,0.16074303532128598,-0.09847907116035788,1.362845882557943,0.5434782608695652
2506334.811216888,0.2017325296689516,-0.09808212924822292,1.453047299610257,0.5434782608695652
2957202.678573547,0.24215621937424192,-0.09783271165160992,1.4222769459095714,0.5
3278447.0644135936,0.26804199032092635,-0.08207945575365226,1.7311479365927591,0.5797101449275363
4837839.328515962,0.3706617333451334,-0.04656450719829081,2.2362654673266755,0.572463768115942
2518741.331468253,0.20291991177253887,-0.14364574659625962,1.4509932128689433,0.5797101449275363
3509540.5255067917,0.2854347974623592,-0.06107189002358572,1.566158726493528,0.5434782608695652
4576982.370089439,0.35555095692263894,-0.07695381593166917,2.228394359534773,0.6376811594202898
2546124.4356092103,0.20552417791684774,-0.08811426133040119,1.2197400433934207,0.45652173913043476
5170225.59438677,0.3889988899075374,-0.059364207311951356,1.8840940075321955,0.6304347826086957
1605528.1878234237,0.09931862744832931,-0.08210134026386279,0.9264882395808328,0.5144927536231884
3436572.1669662995,0.28004457596645405,-0.07906406379329764,1.5512937007052356,0.5
2903199.5226442227,0.23758596844526947,-0.14655262339591002,1.4311576812446054,0.6014492753623188
2409842.2256179145,0.19233343367226463,-0.09843647938903362,1.2005350506245749,0.4782608695652174
2992650.031320136,0.24511993498045048,-0.10284804166409356,1.4879750216572185,0.5289855072463768
5531413.501816337,0.4078851401320347,-0.03775867188296758,2.3627125539537563,0.644927536231884
2445800.3320277906,0.1958706299091575,-0.0836704638240851,1.2510340431311495,0.5
3014734.079870253,0.24695218937828378,-0.0906004651236731,1.335166166333339,0.5072463768115942
2870100.919721395,0.23475113365568712,-0.05901009772514874,1.7569334301225474,0.5942028985507246
1960580.2284466422,0.14413408455800192,-0.08796789272027161,1.080091095762116,0.4782608695652174
3846974.309020234,0.309253842569293,-0.05898537751960637,1.6338868115042942,0.5652173913043478
2184115.2649530885,0.16910928814591464,-0.09688583713403918,1.169232628679111,0.5217391304347826
5393164.434225779,0.4007761295207213,-0.037224539009855534,2.2259600408667937,0.5942028985507246
5269525.983653206,0.3942938445242654,-0.07088016857296842,1.8997335564751057,0.5797101449275363
7243981.579083683,0.48592013428842074,-0.047856549529032316,2.2139560511367384,0.5797101449275363
4365235.81850409,0.3427697288142839,-0.07707941745764368,1.6258310200042272,0.5434782608695652
1435572.1645239682,0.07499143932920971,-0.09342291991407564,0.7448240688615599,0.5579710144927537
3529458.3013195107,0.2868905479769508,-0.05479723590393723,1.7818463935286395,0.5797101449275363
3048977.558243769,0.2497721585276893,-0.13769186601755642,1.4272406728257907,0.5072463768115942
4777838.3260990465,0.367244830425975,-0.08441166219476436,1.8392032251718995,0.5797101449275363
3090036.655838263,0.2531201870082811,-0.07162230222475878,1.4429155043128974,0.5289855072463768
5234149.231866501,0.3924166896673409,-0.07621677168473613,1.9685454537312206,0.5942028985507246
5809121.643956017,0.42174625891692896,-0.0726641254105128,2.072914358877331,0.6231884057971014
3274458.243612222,0.2677332797912033,-0.07578620799449587,1.5024209000950641,0.5144927536231884
3208824.8447284214,0.2626099350273947,-0.08958731570723626,1.656768645089392,0.6304347826086957
3726366.9094239105,0.30093956798075494,-0.05399610138784448,1.8273367700839052,0.5869565217391305
2823686.2911881856,0.2307314228279722,-0.10394107926237929,1.3600944977860405,0.5289855072463768
3539420.691659724,0.2876162148792223,-0.08643108051112636,1.8247317354613848,0.5942028985507246
3077825.229085949,0.2521281837526892,-0.061923505969047096,1.6422853722007271,0.5289855072463768
2858749.597051958,0.23377289036461413,-0.11162731484741407,1.6297801200277209,0.5217391304347826
3962783.044095967,0.3170433177730456,-0.054319563898624065,1.847484128146765,0.5797101449275363
2617519.4443024644,0.2122103375978075,-0.10765507074495748,1.4084855208140619,0.5797101449275363
3635279.8505263915,0.2945164388925563,-0.0572729629608936,1.6744283535728497,0.5434782608695652
4888255.72421257,0.3735067039249005,-0.07494670661032532,1.8986914626840936,0.6086956521739131
1949538.8724905483,0.1428424928578742,-0.07857209874730577,1.0057976172218075,0.5144927536231884
2950006.832615874,0.24155111526081297,-0.09418453887880283,1.5175516869385577,0.5
3382265.5942896456,0.27597316715147313,-0.04975273839251289,1.7425263630999606,0.5652173913043478
4046165.188809829,0.32253971311416163,-0.09119855873889719,1.83330740465008,0.5507246376811594
3244961.0944404188,0.26544099254893916,-0.0738425223056508,1.5706354038796908,0.5797101449275363
2734955.2247050335,0.2228974633291707,-0.1573463763470693,1.5575262537550296,0.6086956521739131
2452451.5429813364,0.19652034359652282,-0.08888699165359557,1.4075666503925475,0.5507246376811594
2997376.1646103025,0.24551295714712973,-0.08524294238419976,1.5627967521553152,0.5507246376811594
3689454.5926763364,0.2983519481890682,-0.07378477930848247,1.7467379172922506,0.5579710144927537
2539098.2259168164,0.20485809649731945,-0.06942671079313262,1.29895859702554,0.5289855072463768
2767736.7621626565,0.2258150706934059,-0.062434847000160165,1.5218795516980734,0.5362318840579711
1904442.2813298984,0.1375056512945565,-0.07793003089055574,1.25126854048588,0.5507246376811594
3889199.9071924314,0.31211546225612663,-0.07310623825401488,1.825862379499857,0.5869565217391305
2568417.3920762255,0.20762785101222425,-0.06272351651630197,1.6587495929639282,0.5362318840579711
7444282.619424452,0.4940480689014215,-0.04286070716724086,2.2591746810246405,0.6231884057971014
3037412.4838437247,0.2488226147871222,-0.11836550623161927,1.7769569551193156,0.5869565217391305
2219976.0016094106,0.17292341437036418,-0.07291935681706097,1.1388471266248765,0.5217391304347826
5125343.027616825,0.3865789009259264,-0.07395806862077349,2.0194242969558323,0.6521739130434783
2644006.1544920173,0.2146537417246619,-0.07361680626783905,1.5334839222788865,0.5434782608695652
4294601.254942595,0.33839581303965205,-0.06000575217456972,1.946979844119041,0.6304347826086957
2636666.128416708,0.213978591489266,-0.08590428307395459,1.1959812996056784,0.463768115942029
2426628.9602667033,0.19398996094180365,-0.0922362508558114,1.2707377826834911,0.5217391304347826
1968647.3193360947,0.14507407976122222,-0.15434411417693983,1.0111331587514543,0.5072463768115942
2778019.9289807477,0.2267245913819358,-0.07322536807591917,1.80238647969255,0.6304347826086957
5692891.666766891,0.4160108591277685,-0.06785502450150396,1.822925797862491,0.5144927536231884
2440864.5364775644,0.19538756975454663,-0.066559838862867,1.3290030711290934,0.6086956521739131
3682097.309558254,0.2978337159551998,-0.06696699651007995,1.79248940443832,0.5652173913043478
3163930.7927182517,0.2590570090635864,-0.0836634961055114,1.5452425994434902,0.5289855072463768
2779015.749696384,0.22681252614624547,-0.09321651406371241,1.532045554993418,0.5652173913043478
4738828.063733698,0.3650048370265315,-0.044479999999999985,1.7781269069427046,0.572463768115942
1897375.0148641032,0.1366601528265703,-0.06627572724002365,1.2921535208955581,0.5217391304347826
3661051.643160417,0.2963467135872697,-0.07863688713491401,1.9826838744877346,0.5434782608695652
2794767.2336429977,0.22820010047119554,-0.05766551723768453,1.7526028223835879,0.5942028985507246
2247137.3431071816,0.17577960693311567,-0.11078800734866752,1.1298831987222937,0.5144927536231884
4290195.062808132,0.3381210657264573,-0.06623165868083666,1.697053194288848,0.572463768115942
3383264.5235353718,0.2760485282563876,-0.07844752004034815,1.719359296315963,0.5434782608695652
4173161.0308790863,0.3307394403456412,-0.07810155648263603,1.7837530600567035,0.5797101449275363
3707409.863450642,0.2996132192661989,-0.08509505489923679,1.6076018844205469,0.4855072463768116
3309408.166746651,0.27042802895670337,-0.10557918209127869,1.4890974945728057,0.4782608695652174
3021703.0231536124,0.24752815494070468,-0.06602344542120755,1.8838466445901403,0.5942028985507246
4437495.258329808,0.34718606025043686,-0.0817870013878706,1.7085236646610964,0.5217391304347826
4739924.837364033,0.36506801563151803,-0.0852897658008748,2.1333788351462837,0.6231884057971014
3986728.8507075645,0.3186311771494428,-0.0531300538951938,1.8347463530559451,0.5797101449275363
4542023.687413685,0.3534738800038615,-0.06803821909469916,1.9290110246091041,0.6086956521739131
5019661.1787292855,0.38081304321263154,-0.11055873931939891,2.102284015462331,0.6159420289855072
7249919.4685686845,0.48616365611152945,-0.05248815515035406,2.2910566708505713,0.6159420289855072
3780263.872287178,0.30468125635273746,-0.10769975865035573,1.731511277955777,0.572463768115942
2710490.632975619,0.2207017920902934,-0.10176991805895554,1.3357816847036728,0.5434782608695652
3607591.5491469647,0.2925384529098527,-0.0786349631845538,1.7110646214497551,0.5797101449275363
4382266.453597348,0.3438158403224465,-0.119082865085464,2.0226826625683265,0.6014492753623188
4191235.738425384,0.33189018259230685,-0.06419613756978937,1.788122425729417,0.5652173913043478
3366469.867525569,0.2747791343654409,-0.053964085904939056,1.650664074177934,0.5144927536231884
4069636.003284206,0.32407051117934094,-0.05915300565782613,1.9122904206708162,0.6014492753623188
3215848.0870045084,0.2631621535226887,-0.16234951734915404,1.5728513534709039,0.5942028985507246
6323093.715815684,0.4460587034992465,-0.06320306611161355,1.9227640616429933,0.5797101449275363
4908677.495626413,0.3746524166524563,-0.09122220221961877,2.050807892768246,0.6521739130434783
3281365.8677107305,0.2682676976581764,-0.09526872957026468,1.525348688482836,0.5362318840579711
2418815.2610169514,0.19322004364663403,-0.10375762657423489,1.4084408004918039,0.4927536231884058
3165039.3885689555,0.25914522779423166,-0.0679678980292151,1.4383450567490843,0.5579710144927537
2462989.2304178434,0.1975468219840366,-0.08830984952050322,1.3458813477455402,0.5072463768115942
2823769.3254385795,0.23073866100166196,-0.07176783963223218,1.3484520840110739,0.4927536231884058
2297540.0499513946,0.1810073980409581,-0.08605405647578211,1.4784756865571083,0.5362318840579711
3510656.565295621,0.28551654115060976,-0.0775570262301182,1.6771973902075021,0.5434782608695652
2523387.0180840227,0.20336332931801637,-0.08252297351474133,1.5976513021896306,0.5289855072463768
4047134.525182854,0.3226030749867903,-0.06728750958173477,1.7510126619743902,0.5942028985507246
3824263.560624076,0.3077043339655554,-0.05171373601752537,1.7784005639692744,0.5579710144927537
2871914.538580314,0.234907142255796,-0.0958147379528787,1.3308422910303006,0.5507246376811594
1635298.5327624572,0.10336552309459712,-0.10003502427307079,0.7905822059496098,0.5
1885979.6086936833,0.13529153211899492,-0.1480750118719011,1.0139572009421471,0.4420289855072464
2430762.3405945874,0.1943964388652979,-0.07301470943402634,1.2574793197964056,0.5289855072463768
2040299.439942563,0.15329067909501148,-0.08277508082006092,1.0810954348267292,0.5434782608695652
4894349.643037222,0.37384898829642066,-0.10964267295125196,1.9411548481663805,0.5579710144927537
2482347.519470604,0.1994233967134984,-0.07399735435627779,1.325049794238908,0.5144927536231884
5381728.447998966,0.40018156722597653,-0.05926286151731172,1.9153547103320099,0.5289855072463768
2898219.144081209,0.23716106616895338,-0.09078449624311073,1.4242789887413725,0.5289855072463768
2554296.552242354,0.20629704355121725,-0.11756672206031663,1.6122715702771908,0.5942028985507246
2526888.945314948,0.20369714679594608,-0.0646918803443683,1.5152062481149746,0.5362318840579711
3777026.699677001,0.3044577309058545,-0.06726461060208633,1.8686843246998008,0.5942028985507246
4815049.496890969,0.36936792530321694,-0.10854915258365952,1.8529557951785391,0.5362318840579711
4340584.357110353,0.3412497072669012,-0.06844076699157925,1.968428048105234,0.5579710144927537
5503751.741093147,0.40647419087617354,-0.09262375857598655,1.973821977931287,0.5942028985507246
2470932.1651813877,0.19831822525656562,-0.1630225366955298,1.4391265371869364,0.5579710144927537
9423443.17776673,0.5661808996618938,-0.0541880831999999,2.368801530032162,0.644927536231884
3146401.2296513235,0.25765876134525945,-0.0813985280592816,1.5521065542006653,0.5217391304347826
7014231.828416419,0.4763727584697053,-0.09051990542023675,2.099322116635884,0.5942028985507246
2561991.3938177316,0.2070229655000142,-0.06528508367004718,1.580888718267358,0.5797101449275363
2658357.475475949,0.2159694846015605,-0.13761873686244894,1.2247716780363758,0.4782608695652174
2454242.1742746923,0.19669501789851118,-0.09895442667648549,1.368648543177452,0.5144927536231884
4454507.415101683,0.3482174292709168,-0.09264158120884437,1.8938475038701297,0.5507246376811594
3903494.036410868,0.31307854133982005,-0.06433856319982122,1.6968224037938702,0.5869565217391305
1658858.5450262774,0.10652663152353625,-0.07552595752463301,1.0581694813087201,0.4782608695652174
6765551.373696782,0.4657524852876318,-0.06389985527364905,2.170146540704372,0.6159420289855072
5236163.539177863,0.39252384455886924,-0.07353023980001155,2.029072934878788,0.5869565217391305
2988326.863393547,0.24475998806831467,-0.12036174955701659,1.640638589735918,0.5434782608695652
3280898.4077782375,0.26823156038225826,-0.09977971054502212,1.7319247253221002,0.5507246376811594
2741848.9230927494,0.22351332711458194,-0.08696634348537881,1.4715610294902033,0.5362318840579711
1791389.1803476103,0.12366793851129176,-0.07485885894569906,1.0595002048782227,0.5
5754318.673217725,0.4190535414716865,-0.12300639003629925,1.923703794119427,0.5507246376811594
2880612.281283829,0.23565423387572526,-0.06899880028635626,1.5412768833774457,0.5797101449275363
2678708.416792825,0.21782557001585245,-0.10842349548820361,1.3756102632325782,0.5362318840579711
1850499.9847865694,0.13098753168787325,-0.09395662493847699,0.9291360526111639,0.4927536231884058
4767322.929089612,0.3666424745141894,-0.07149385448248124,1.9980128921777864,0.6666666666666666
3137685.463026943,0.2569612262689873,-0.1252233938530868,1.5396786764276953,0.5797101449275363
2975391.068137045,0.2436804599961213,-0.09864659876397847,1.7946018799912253,0.6086956521739131
5161287.596025854,0.3885183126737439,-0.05896568320000001,1.9302913907074362,0.5869565217391305
4303659.843871753,0.3389599520819271,-0.0769380856000732,1.7936824548275407,0.5362318840579711
1984444.411454811,0.14690590185851993,-0.0849593267919999,1.0739054014877962,0.5
4910864.993362979,0.37477491454206957,-0.0824663679226553,1.9605749663824388,0.5797101449275363
3536402.9313798593,0.2873965719888778,-0.16295240862216712,1.6327982765010813,0.5362318840579711
2587538.5894336165,0.20942061512099297,-0.09009540548722159,1.590398071989305,0.5797101449275363
3262038.329947314,0.2667701231686581,-0.08332007590325767,1.7236847076511692,0.5652173913043478
4921320.018533895,0.3753597842911318,-0.09954445733970356,1.6460147644009984,0.5144927536231884
3353861.5024235426,0.27382282020862303,-0.10172927044982942,1.71670801664634,0.6086956521739131
2833861.825209769,0.23161716828813095,-0.08210985132237932,1.4288654378821763,0.4927536231884058
4425107.184539546,0.34643303599587516,-0.0465501029969211,2.0428857336801856,0.644927536231884
2696923.2480599387,0.21947729119918802,-0.06046541394661186,1.602359622748997,0.6014492753623188
5204621.15098071,0.39084208848835744,-0.07513088473878249,2.2207096014765093,0.6594202898550725
2055842.5164775434,0.1550425111917455,-0.10314635256662874,1.228697491525445,0.5507246376811594
1769752.8589380078,0.12094040668346584,-0.0864923265447208,0.9886873770362086,0.5217391304347826
4974553.498538532,0.378322422078468,-0.08469941946060391,1.900894246409437,0.6231884057971014
3726575.6468422115,0.3009541424276083,-0.10539395995226362,1.5854448020467862,0.5579710144927537
3367623.536586869,0.2748664942260812,-0.12040967744314675,1.67852192462379,0.5797101449275363
3740513.805216731,0.30192585689127704,-0.07496379691242264,1.83810208722302,0.5652173913043478
4291606.562686019,0.3382091041105979,-0.06432327585640968,1.809034130544218,0.6014492753623188
2649361.6458961708,0.21514540499829815,-0.09329760296983122,1.2777920494042663,0.5144927536231884
2161825.9329660516,0.1667132887176903,-0.10135266550966,1.276030925518868,0.5507246376811594
2476911.6316649737,0.19889763233415225,-0.08928696763151692,1.2850328275094691,0.5362318840579711
2482250.658432095,0.19941403628283805,-0.11539194812206346,1.272715208949794,0.5579710144927537
4341962.179725459,0.3413348464752932,-0.052802896632520635,1.9497618126386225,0.5869565217391305
3124119.9900949537,0.25587247226762266,-0.061759622065167344,1.7684301226860364,0.5507246376811594
4079054.5099963164,0.32468281352637085,-0.07675981627318351,1.7977398926594228,0.5434782608695652
4364608.050313562,0.3427311056263409,-0.059471125482519066,1.9473962710532646,0.6376811594202898
5142652.722984686,0.3875142100457949,-0.08769000446465089,1.9854092369212004,0.5652173913043478
2347764.35992904,0.18612620571784633,-0.13549192579834635,1.4799043469812485,0.6014492753623188
3013908.7356867073,0.2468839062442001,-0.10079482098321198,1.6526359548922898,0.5289855072463768
2356443.2698151986,0.1870018552913455,-0.07388672088196864,1.3610861942401664,0.5507246376811594
3262169.349106604,0.2667802989221808,-0.09767957847330662,1.5239099672334298,0.5072463768115942
4290490.150771937,0.3381394729341245,-0.060108126129776784,1.7950000046754218,0.5797101449275363
3294158.331696169,0.26925503209611956,-0.053456650284181464,1.68572059159691,0.572463768115942
2934654.3071620245,0.24025615226024843,-0.12496180234456208,1.2652973053489542,0.5072463768115942
3791575.8065624754,0.30546114028001425,-0.0656213259716602,1.7335387576690462,0.5579710144927537
1392747.8778203707,0.06849993744978677,-0.17615626001049614,0.7204582537194637,0.5579710144927537
3746032.9911285974,0.302309832676636,-0.07459705801511256,1.6665247366181546,0.5362318840579711
2744685.709305285,0.22376639796681852,-0.07672871843137423,1.5559781524706868,0.5362318840579711
3395388.689832614,0.27696178203328325,-0.07615161339575355,1.641419389839181,0.5434782608695652
3572284.598753792,0.28999851466274684,-0.07520665310170557,1.9150073183402259,0.572463768115942
5114007.281927759,0.38596501695592633,-0.056500989519728595,2.1371637219638098,0.6376811594202898
4174015.6539340853,0.33079394039715204,-0.09537047871181492,1.6581282722427484,0.5579710144927537
4342316.92782928,0.3413567637755226,-0.09156337555800578,1.7521353672005833,0.6014492753623188
4077265.1461626934,0.324566573081869,-0.07885884917385957,1.6325268002401387,0.5434782608695652
4916940.112192141,0.37511488687921024,-0.05878856644374976,1.9047170710369157,0.5797101449275363
4214971.505190812,0.3333953264645322,-0.07111704955863893,1.7444297450338324,0.572463768115942
4765697.807199749,0.36654928747671645,-0.09812120731876668,1.8431684981829912,0.5579710144927537
2597588.3155099493,0.21035861135791967,-0.16608549174392553,1.2198810800147628,0.4927536231884058
3255419.5559186935,0.26625564249296363,-0.17482293104974678,1.4845646468553841,0.5579710144927537
2339326.3613456218,0.18527237634613436,-0.12361522304239762,1.2728392308756593,0.5
4145732.637549606,0.3289855475852308,-0.0912812264696955,1.6136702526804567,0.5652173913043478
3130554.0905529135,0.25638933853859225,-0.08678972632718451,1.594681174164032,0.5652173913043478
2003521.9695105162,0.1491026383808014,-0.11735934883216483,1.0924003089805079,0.5072463768115942
1907301.2299641008,0.13784697108293353,-0.09448863406408647,1.097690878541836,0.5217391304347826
3177046.41699743,0.2600991307925169,-0.09720930454844466,1.7526453004818363,0.5652173913043478
2818976.9074431,0.23032062244264928,-0.08723053618010933,1.3952758425199996,0.5507246376811594
3453909.26465665,0.281333512089029,-0.06911062959066634,1.512855886159325,0.5579710144927537
2766244.558338209,0.2256828644401614,-0.05882140138173478,1.5227819033749765,0.5289855072463768
4002481.641171663,0.31967159741466755,-0.0861259721785536,1.4964368826272496,0.45652173913043476
2112338.203224297,0.16132209993008617,-0.12141459772956863,1.2807156955092482,0.4855072463768116
6836461.451485142,0.4688122092150322,-0.054628014251077495,2.244762291942972,0.6376811594202898
4053131.2922271863,0.32299479143753396,-0.07805031266767591,1.686366409393591,0.6086956521739131
3437354.8632220393,0.28010287794800925,-0.060191078079444446,1.8308078935553065,0.5869565217391305
2415936.5221746336,0.1929358875678795,-0.08621639924568078,1.2905357240285251,0.5217391304347826
3968300.0649303873,0.31740983354330976,-0.0959574768089248,1.8526020499262028,0.5652173913043478
3693020.8750661486,0.2986028525071369,-0.06418304912715403,1.849245831224028,0.6086956521739131
3486442.588634839,0.2837383152267454,-0.08146985396251388,1.6296556346736335,0.5797101449275363
3116723.0261793504,0.2552772035886717,-0.06551959188918549,1.5514078008417354,0.5289855072463768
5331790.428397087,0.3975733613979666,-0.05950307275007608,1.95428239421045,0.5869565217391305
3332221.225054592,0.27217473177937124,-0.05154882322791765,1.6301120810960696,0.5579710144927537
4226742.995878051,0.33413927197982085,-0.04570380778277774,1.8799018519131658,0.5942028985507246
2360388.2896349384,0.1873990312572944,-0.11863846207374797,1.200898734067003,0.5
3897905.2307227324,0.31270232725407165,-0.09770410253265253,1.6535991714021088,0.5217391304347826
3691122.6940039624,0.29846933090659333,-0.08707216177648013,1.7017192854014822,0.5942028985507246
8728011.22166877,0.5423504311046987,-0.0883553233113167,2.3168856898201753,0.644927536231884
6051007.77622379,0.433393867889152,-0.05846262920789262,2.393576995862362,0.5942028985507246
4719171.581247279,0.3638705556241866,-0.05312811209695939,1.820791910388553,0.5507246376811594
4214369.638558397,0.3333572444990591,-0.08045450389797819,1.7536583733835722,0.5289855072463768
3617832.0237055086,0.2932714185818601,-0.10960990520703098,1.854502449460638,0.6376811594202898
3734614.323885335,0.30151492203989494,-0.1056364158731648,1.6531838579835412,0.5434782608695652
5668278.313354792,0.4147843047047053,-0.10071065155741546,1.9429748805110574,0.5869565217391305
3984036.082441995,0.31845299959926576,-0.05896568319999994,1.9760047970668622,0.6014492753623188
4114451.6797081525,0.32697393780092865,-0.06910721769542376,1.7426088705467473,0.572463768115942
4537862.634647458,0.353225799344137,-0.1111256946701887,1.9112356586978139,0.5942028985507246
2294558.57093863,0.18070072413293947,-0.08732911382643611,1.2246168808759474,0.5072463768115942
4929114.1486453,0.3757951531991708,-0.0761660791954077,1.778566130364872,0.572463768115942
3687879.15980805,0.29824104747214597,-0.05778657209331194,1.734722292033597,0.6231884057971014
6455037.398775108,0.45204391960942636,-0.061933367557045406,2.3196849698420374,0.6159420289855072
2665215.857092618,0.21659626184366232,-0.08088966785608816,1.439540526441861,0.5797101449275363
4256023.9569248,0.33598263356321345,-0.09357777210058005,1.7114993683385096,0.5507246376811594
4295254.83960411,0.33843654798460565,-0.08653269822022455,1.8201943689121427,0.5652173913043478
2955025.9599611606,0.24197330184755073,-0.18229473230327467,1.384043583281385,0.5217391304347826
7070228.526152862,0.4787225313480936,-0.1426933935193353,1.939163378095973,0.5797101449275363
3171169.5038109897,0.2596325981833496,-0.0638055308326016,1.661262955970584,0.5362318840579711
4008790.139496609,0.3200873346049966,-0.07677738694005931,1.724117408160842,0.5652173913043478
2159170.2592793712,0.16642650028195627,-0.09892592399736856,1.3220183164421775,0.5434782608695652
2801071.5220642383,0.228753702974122,-0.062034128190714785,1.492436956270618,0.5434782608695652
2193309.4615536463,0.17009192554356778,-0.08636730738647685,1.443057262574263,0.5434782608695652
2172633.9318800527,0.16787755399097648,-0.0678097199628529,1.1670602023534495,0.5072463768115942
2518321.581069153,0.20287981557300805,-0.11238953156498613,1.2852331908430266,0.4855072463768116
1861810.9855913646,0.13236677381650375,-0.09786230328746878,1.1527572266615456,0.5652173913043478
2203000.9964699144,0.1711241553142402,-0.07313275604270293,1.4160826585981798,0.5362318840579711
3345516.0716002127,0.27318825632367694,-0.07735425314122166,1.5301713162093225,0.5072463768115942
4071341.0322056157,0.3241814400325165,-0.11536685802290124,2.2445207586074862,0.6231884057971014
5201596.041104109,0.39068036956337115,-0.06692043851972469,2.001951142145783,0.644927536231884
1735260.5139450312,0.11653653086236204,-0.06771141986413798,1.0872545548748807,0.572463768115942
5041825.345325438,0.38203028312461007,-0.061327482200134946,2.2517482398883133,0.6666666666666666
2565437.6573783606,0.20734751638636784,-0.06261248006333119,1.3538552867749793,0.5507246376811594
2051592.9254409533,0.1545646028136134,-0.08045248798978066,1.2328214898214054,0.4927536231884058
3901834.297852888,0.3129668599682245,-0.0638376503723264,1.808990457458124,0.6014492753623188
2530112.0579766654,0.20400405965785273,-0.13491354234508188,1.4414366443787547,0.5
5606070.168913835,0.41166519069571317,-0.06097403618432553,1.9069082459550049,0.5507246376811594
2409996.1256985087,0.19234866251357285,-0.12064918909740217,1.3173658782417013,0.4782608695652174
6957982.4938451545,0.4739972264993715,-0.040475306132986624,2.1343604374226604,0.6376811594202898
4808452.452513575,0.36899248842000776,-0.06764069815031303,1.8180301581431444,0.5652173913043478
4314489.9213147955,0.3396331681754239,-0.0961246753030564,1.750837749352715,0.6086956521739131
2534829.263693294,0.20445268041511322,-0.10625800248922315,1.4664818516569198,0.5217391304347826
3051877.2205233397,0.2500097817521785,-0.07670895890986903,1.9482872879458433,0.6014492753623188
6806018.7740404615,0.4675017524686229,-0.10020447058049382,2.112827831915716,0.6304347826086957
4043293.0763948313,0.32235190260564006,-0.09977648162525371,1.7175857800363643,0.572463768115942
2706520.226851571,0.22034395840991872,-0.08691223690960564,1.6333974310884456,0.6014492753623188
4373963.519842107,0.34330623737481947,-0.053285632828541124,2.012146853889321,0.6086956521739131
3297655.2571665375,0.26952439418044505,-0.09480610102298685,1.5134537034285072,0.5579710144927537
1868765.3340578473,0.1332114496314163,-0.07994161552375258,1.1071621111782117,0.5
2698705.6779322415,0.2196384421217783,-0.09206806835149685,1.397435305311706,0.5289855072463768
3328310.0960735837,0.2718759534692816,-0.11547036845192302,1.5045534810520977,0.572463768115942
3596708.124284224,0.2917576410564606,-0.07266259695902803,1.6321103334588498,0.5652173913043478
4010047.532971013,0.32017013569601804,-0.05333376436379699,1.8350310601686282,0.5579710144927537
3476735.7336659073,0.28302268822020094,-0.056826797634141585,1.7079466460336228,0.5797101449275363
3166020.6080555297,0.25922328967593966,-0.06216688650773361,1.8493942070028344,0.5869565217391305
4098633.55982301,0.32595204773469777,-0.07688177132068016,1.7779237067928608,0.6086956521739131
3630430.8180078976,0.2941709081802022,-0.16773653023535026,1.5197696927965763,0.4855072463768116
2683105.6411708207,0.21822513119865472,-0.07489901263982433,1.6135320915343994,0.5652173913043478
2513505.0630472396,0.20241933984733884,-0.051447403726397,1.3968063072176533,0.5434782608695652
1958543.1776261188,0.14389623369406146,-0.12373764790234724,1.333001912532242,0.5942028985507246
4069710.7772447392,0.3240753767382478,-0.07903920793189416,1.8607601128854718,0.5869565217391305
4085310.5861627,0.3250888996477195,-0.05209793779392867,1.8244384758847656,0.5652173913043478
4534973.470487278,0.35305344121593163,-0.08162040990111166,1.8527443497045797,0.5507246376811594
3150855.2185791363,0.2580146237208476,-0.0644729205652481,1.5625534635513645,0.5072463768115942
1697490.1304464824,0.111633053213271,-0.1171854019543171,0.9483143132052292,0.5362318840579711
4142206.050897379,0.3287593690710433,-0.10122432237271473,1.7592335152464325,0.572463768115942
3578262.163533303,0.29042994129952104,-0.14067655163135548,1.4950446716245611,0.4927536231884058
7143449.047099002,0.4817727038747237,-0.03969503949999991,2.371742038454095,0.6231884057971014
4745842.805953465,0.3654087129400352,-0.09726192309491247,1.7568152985887098,0.572463768115942
2062064.3382391469,0.1557407927632839,-0.11489010595621454,1.343341624496943,0.5
2427302.520078656,0.19405623678291506,-0.06549028205721735,1.5859900816963366,0.5362318840579711
4638331.219451635,0.3591655294098173,-0.09425691191411405,1.8572533362110846,0.5652173913043478
2319197.6055022334,0.18322558202731587,-0.09007868005531093,1.510993900269261,0.5652173913043478
3161706.530201957,0.2588799343216357,-0.06423289361631095,1.7089489407685945,0.5652173913043478
2804605.146473893,0.22906356758885527,-0.0930843655476789,1.5601284345308624,0.572463768115942
1927866.5544363875,0.1402902050664665,-0.12257415685508588,1.0194168819008191,0.5507246376811594
3083313.340805804,0.2525744029362069,-0.0972759214142027,1.5378180002840187,0.5362318840579711
5794970.20430686,0.4210528876436024,-0.06598908127272253,2.241787290129567,0.6376811594202898
2668571.646432259,0.21690247239814786,-0.03879198542549414,1.5070304690769534,0.5434782608695652
5434406.620393408,0.4029119873882341,-0.11733479932559215,1.9367575268513233,0.5797101449275363
4345504.707048966,0.34155364918110753,-0.08327542624670795,1.656098750077704,0.5434782608695652
2213251.205546415,0.17221194311502264,-0.07567420093732212,1.229569607772333,0.5
4544446.828682574,0.3536182631684459,-0.07876369164506898,1.8078811342451389,0.5652173913043478
1670153.2780319797,0.10802935437668149,-0.07758275940301275,0.9627746053963928,0.47101449275362317
3649539.865789587,0.2955304421151923,-0.06650702518745846,1.8418334521905386,0.5869565217391305
3097677.533273486,0.25373930466253203,-0.09788986444231851,1.6487929570683657,0.5942028985507246
3750737.47434253,0.3026367715678191,-0.06597254279420313,2.007168843724958,0.6014492753623188
2081703.750798314,0.15793394345721112,-0.11585392751285724,1.0405609482233795,0.47101449275362317
3479545.5988828493,0.28323000659094544,-0.07032332886408772,1.5413387251281476,0.572463768115942
5176428.204299111,0.389332000593142,-0.07883045499224453,1.9793371509552506,0.6159420289855072
3034667.193573848,0.24859678963318932,-0.06346715981316033,1.600420149517684,0.6014492753623188
5018089.274722126,0.3807265522162637,-0.09666274185341912,1.8180818019219156,0.6086956521739131
3725105.7886915775,0.3008515002169634,-0.09205240041852468,1.8327343601135715,0.6231884057971014
2509278.7701021354,0.20201470985325454,-0.08869186376681995,1.5539286285632965,0.5289855072463768
5286641.754227253,0.39519842184816345,-0.05527829742402114,2.0623014732041836,0.5652173913043478
3710555.9822108424,0.29983371554263516,-0.06134718845770962,1.7742295889727113,0.5652173913043478
3456695.940129684,0.2815402059310437,-0.06636343536654753,1.742200083231529,0.572463768115942
3260085.1886324687,0.2666183914235507,-0.07320962741351253,1.6081717772706259,0.5579710144927537
3855487.9297409984,0.30983282416093205,-0.08931874039653993,1.7247677121931628,0.5579710144927537
4259337.754768434,0.3361906116307738,-0.052336912447900015,1.8652438640840654,0.5362318840579711
6141655.896411656,0.43766300084578647,-0.10353574697779,1.9374918848722453,0.6159420289855072
2698958.3023092663,0.21966127520565149,-0.1240352795145398,1.528185237129948,0.5869565217391305
7304915.86205141,0.4884115916529108,-0.09451937808550882,2.1796122370138136,0.6014492753623188
2397251.298240444,0.19108488243604338,-0.1295431810012472,1.1553385351372334,0.4927536231884058
5247162.533834702,0.3931083759277969,-0.06768342407181235,1.98126451203318,0.6086956521739131
2765164.2807015087,0.22558711841041146,-0.10544598912527216,1.4032943973567578,0.5652173913043478
3033506.608330826,0.24850127176277348,-0.07316181045863283,1.4842360190529393,0.5652173913043478
2098870.6419170136,0.15983746868750526,-0.06973927845075939,1.0677608729286026,0.5072463768115942
4376930.933660805,0.3434884549077497,-0.08269660283599181,1.9735145281604076,0.6014492753623188
5288590.649512507,0.3953012733326682,-0.06260131968991652,2.0141950880472517,0.6086956521739131
3642378.2460328294,0.29502158960057856,-0.057496214529636845,1.6372701587783276,0.6014492753623188
2740300.419459062,0.22337509608603678,-0.08326622252855961,1.594125408902172,0.572463768115942
2976962.845055461,0.2438118293034346,-0.08688288955108234,1.5311377934046426,0.5434782608695652
4455911.589560077,0.34830241706605625,-0.11264246186751947,1.930285293314625,0.5652173913043478
2647748.762295933,0.21499741723446242,-0.12045882808800336,1.2750750555595056,0.5652173913043478
7254929.152466862,0.4863689867547547,-0.03957363088812081,2.2395914655628033,0.6159420289855072
2260365.2511151102,0.1771606183456793,-0.11860420538712517,1.2185797685695077,0.47101449275362317
3285336.153146875,0.2685744570819164,-0.08954966523124445,1.5001692210984703,0.5507246376811594
3237255.08661193,0.2648393967748519,-0.11403206386468703,1.4998063921197888,0.5362318840579711
4566315.025289848,0.3549185040196614,-0.09999143724791225,1.8395411547599727,0.5652173913043478
6183691.140703533,0.43962559027445014,-0.060651610524081086,2.1252622673181807,0.6231884057971014
2725977.6963982824,0.22209357155735976,-0.09740900358790125,1.499862414165004,0.572463768115942
2865229.392621077,0.23433169114703167,-0.08778921344254495,1.4453780831534404,0.5072463768115942
6822025.531931343,0.4681913737936425,-0.06678019217882088,1.9954203758285196,0.5652173913043478
2463460.9102722867,0.1975926862077939,-0.07733099124565529,1.3918856990272817,0.5289855072463768
2751301.343663013,0.22435576939275648,-0.07924993555693094,1.6552853998974788,0.6086956521739131
5318142.338246717,0.39685713792027055,-0.055547182899482336,1.9449209576621564,0.5652173913043478
4665113.514291206,0.3607315144793626,-0.06239193726413488,2.03877418811023,0.5869565217391305
2525817.567756706,0.20359505818759382,-0.08931739991342122,1.5229192727265322,0.5289855072463768
2320888.896732473,0.18339810683082902,-0.08978495169773551,1.358394954158101,0.5217391304347826
3857271.35493061,0.3099539790857473,-0.09105628275372946,1.6736009203882962,0.5652173913043478
4243776.361239061,0.3352128332717399,-0.0614646082378367,2.0505178949327325,0.6159420289855072
2092312.940824847,0.1591118031190446,-0.06777985466089932,1.485217515476214,0.5869565217391305
1439724.633079689,0.07561261497124994,-0.10299379122837135,0.6132178581486859,0.4492753623188406
3790413.9888812923,0.30538112638358816,-0.09977635036862323,1.933460324316222,0.6086956521739131
4314896.103736626,0.3396583908536501,-0.06139352962479228,1.8843239310186142,0.5869565217391305
2135569.964407206,0.1638654090510765,-0.13282417247198205,1.001760546202986,0.5362318840579711
2374015.6378294863,0.18876693003682865,-0.11451194830336166,1.2027600503609424,0.4782608695652174
3398382.7064579832,0.2771869048306612,-0.08951216100792693,1.7374046121077162,0.6304347826086957
3056256.2619849485,0.2503682958908724,-0.09338641769698247,1.6769555023946645,0.5869565217391305
2992104.7244581995,0.24507455567244785,-0.07599165203070779,1.6078856000311672,0.6159420289855072
2940769.216065655,0.24077258379601574,-0.08032879646423538,1.5889060724069402,0.5289855072463768
4021919.067976339,0.3209508705759241,-0.053374913989695814,1.9142461950252865,0.5797101449275363
3900397.2188775316,0.3128701303296757,-0.06011106407928007,1.9139960026846043,0.6086956521739131
2949197.808227833,0.2414830099721157,-0.14155961737461473,1.4454598386946749,0.5362318840579711
2520570.216172113,0.203094551629323,-0.05532934994574611,1.4346518474381784,0.5217391304347826
2559995.8424135437,0.20683487531487477,-0.0680550235549715,1.3593338053855502,0.5434782608695652
2169602.986301085,0.16755152113430594,-0.11571765966873676,1.077507563555287,0.45652173913043476
2257680.8469075733,0.1768808868202396,-0.07122141994139249,1.2332018170279526,0.5144927536231884
3724747.5934928055,0.30082648204506457,-0.051070749411760735,2.0436278131390293,0.6014492753623188
1825268.4903217677,0.12788637750446852,-0.13695007427958597,0.9082763770806228,0.4855072463768116
2177807.326750664,0.1684332062963083,-0.10750758895278965,1.313620168544393,0.5434782608695652
2416698.030891463,0.19301108131196165,-0.08910822450211547,1.580921979612362,0.5217391304347826
4129666.7589099505,0.3279539087169092,-0.057466524840691244,1.9171453985440903,0.5579710144927537
3515025.927486837,0.285836372671719,-0.09957229846459534,1.7358598317801577,0.5869565217391305
5751163.488498213,0.41889788939072203,-0.06665208579973268,2.112527350067526,0.5869565217391305
3064781.4307428263,0.25106507823265045,-0.10505601804433479,1.5027611178406264,0.5144927536231884
3541440.6618982777,0.28776315151726184,-0.08536097645844094,1.5791000140680722,0.5797101449275363
3196960.6836027238,0.2616748879638022,-0.09051444111866694,1.6354140004686955,0.5362318840579711
2310103.4319949714,0.1822961764129971,-0.11764078096094144,1.2498998090925335,0.5072463768115942
6101543.7464737315,0.4357801535196779,-0.03657481091034998,2.2934925375072424,0.6014492753623188
3929970.8554363083,0.3148550113032291,-0.06764860566512021,2.0532152446032104,0.572463768115942
1986842.3901763668,0.14718294943364585,-0.11052127224774701,1.0434422688793883,0.463768115942029
2457253.8640025826,0.1969885754256293,-0.05492486498405139,1.4270500494160858,0.5362318840579711
3088371.375281204,0.2529850917387346,-0.09118247879735465,1.7778608295455944,0.572463768115942
4002944.2888490064,0.31970210422653955,-0.05920296394138713,1.7671840158386982,0.5579710144927537
4441886.6359802615,0.34745259179553,-0.09640880402882819,1.7958139133616682,0.6086956521739131
2532800.6264658403,0.20425983270402015,-0.11990611184323152,1.3303890136223233,0.5072463768115942
3218413.17735833,0.2633635990935179,-0.07432266917087924,1.6152249774259464,0.5434782608695652
2687482.1467035483,0.21862228990486754,-0.07888467654191728,1.4139658618237363,0.5579710144927537
2903174.8638806427,0.23758386611346283,-0.10304978870229115,1.4256612676453775,0.5507246376811594
3857787.782385382,0.30998905361958773,-0.0673466009400189,1.862084102144403,0.5652173913043478
4131574.048877456,0.3280765493819229,-0.08970353669242212,1.6465359576530847,0.5289855072463768
1867130.6274951005,0.1330131243863395,-0.19566408815380515,1.0260923874841346,0.5289855072463768
2695036.466843744,0.21930661292693587,-0.09723120045922679,1.5178816273534088,0.5507246376811594
3781392.6567516676,0.3047591624521604,-0.11193896371327182,1.9132741239884279,0.5652173913043478
3808011.908915736,0.30659099158405856,-0.0727155090023257,1.6463335127704852,0.5144927536231884
2001282.4977801782,0.14884563753301117,-0.09067550487206558,1.1892347119115496,0.5289855072463768
3033005.654501778,0.24846003349355428,-0.1497624142192904,1.4349069844076596,0.5434782608695652
3523057.761642566,0.2864234635314564,-0.0828115958859456,1.6546147554221655,0.6086956521739131
4276545.780009654,0.33726853196713247,-0.0697313476098217,1.881222063775884,0.5869565217391305
2023198.4511321955,0.15135087875956166,-0.07034342347192489,1.1032737418685252,0.5434782608695652
2868672.228515903,0.23462818122355467,-0.06526347963729438,1.7096584492519273,0.5942028985507246
4276465.7809191635,0.3372635288140131,-0.07930974671896682,1.697417194100955,0.5289855072463768
1969769.4833942978,0.14520459253347662,-0.12749761461665496,0.9317326791029216,0.4420289855072464
7496351.052710116,0.49613224568737513,-0.11497961719788374,2.4138871570383995,0.6376811594202898
5705722.37601005,0.4166485690126265,-0.06151541558464114,1.9634071522755567,0.6231884057971014
3022617.1154570854,0.2476036235035608,-0.08837876002312715,1.501959059997695,0.5797101449275363
3009064.604523066,0.24648283529956916,-0.07132510174293545,1.4998363618087358,0.5652173913043478
1991746.1743559528,0.14774867040020978,-0.0656849248555198,1.1739596315863696,0.5289855072463768
3169375.0143231377,0.25949000667134414,-0.07149364990972529,1.5783467590023714,0.5652173913043478
2223580.380285126,0.17330404165466562,-0.06568109049971642,1.2529680977949442,0.5217391304347826
3431201.871666546,0.27964426321433855,-0.061649559888721055,1.7678793206042196,0.6086956521739131
5827689.560196978,0.422653975428088,-0.07358601309982082,2.1423388870745734,0.572463768115942
6226900.631119424,0.44163191122383694,-0.06347854876022092,1.9683554662893947,0.5579710144927537
2985792.8040178204,0.24454880861394557,-0.08456098932937682,1.7595136268751654,0.6086956521739131
5953100.379628923,0.4287249900697876,-0.04448,2.0841303648955907,0.6086956521739131
3686779.4158384674,0.29816360984285084,-0.09184740356439386,1.6083871079970256,0.5942028985507246
2213108.6539572636,0.1721968427070686,-0.11074780313038293,1.3007162356356734,0.5362318840579711
3422911.941361675,0.2790253297356551,-0.12416871331173722,1.6256462684099624,0.6086956521739131
2400540.5174522568,0.19141155581148084,-0.11215934015177549,1.379735939696425,0.5072463768115942
3491756.1047457852,0.2841293734199972,-0.07482083749844333,1.5623601798362015,0.5797101449275363
2333771.7216550685,0.184708964316737,-0.08829813845272372,1.31021972740106,0.572463768115942
2460777.2678845273,0.1973316459887109,-0.08578437564766149,1.2995730692857188,0.5434782608695652
3290316.2901761807,0.2689588224624486,-0.05889879679999997,1.6832357633462092,0.5797101449275363
5632405.953238921,0.4129890288073714,-0.0834922441723077,2.0977919365414466,0.5942028985507246
2478550.0764434165,0.19905620141637792,-0.0772504552523271,1.4924756986325263,0.5579710144927537
3119135.9298786973,0.25547150545409636,-0.1179373824588607,1.6847587093711034,0.6159420289855072
2937937.5933243716,0.2405335474358521,-0.09775429015472703,1.407576646861397,0.5072463768115942
3016172.1970772184,0.24707113329004304,-0.10537335943872005,1.5205118708906475,0.5652173913043478
3084515.805388074,0.2526720862584373,-0.05517481437788101,1.6234257602377582,0.5652173913043478
3579916.092693412,0.2905492106611154,-0.05228611081058049,1.6691244079994398,0.5434782608695652
5779210.235151787,0.42027910791187195,-0.057091111428499514,1.9857641354810565,0.6014492753623188
2656725.6149553475,0.2158201608160637,-0.13416354482200063,1.6749635086171148,0.5797101449275363
3060408.823085447,0.25070788856303183,-0.06962682350144422,1.757218638891928,0.6159420289855072
1651343.7546817262,0.10552227531345237,-0.10649159096712421,0.8257649915240041,0.463768115942029
3502606.362682062,0.28492644219782504,-0.09987692942885705,1.462287342460075,0.4927536231884058
2806010.2146870345,0.22918669167226557,-0.06667942377606582,1.571069532022277,0.5362318840579711
2987860.9342290275,0.24472116994821613,-0.0840585424720136,1.6443603608382378,0.5942028985507246
3401630.0040116087,0.2774308927490112,-0.05597132069849476,1.8018743047904162,0.5362318840579711
3786716.609999869,0.30512635880752415,-0.060165325231179935,1.7838777248207058,0.5652173913043478
2747799.7191332355,0.2240439592418617,-0.11261617222806779,1.4088510208938516,0.5507246376811594
2863565.43366007,0.23418829218853743,-0.09555610644673741,1.5505448971858753,0.5362318840579711
3973759.51609137,0.3177721236828994,-0.06122493214898792,1.7036275196307709,0.5652173913043478
4759268.931384108,0.3661803962707355,-0.07095708923540128,2.077648996728253,0.6231884057971014
5036105.545181734,0.38171656632246354,-0.060857528021779426,2.12921738364191,0.6159420289855072
3577390.557113154,0.2903670696275067,-0.12066013221333037,1.6994651356661314,0.5072463768115942
4257940.531372527,0.33610293594443075,-0.09027605816558669,1.7117219608827492,0.5434782608695652
4274701.499894862,0.3371531714196452,-0.09052368916158447,1.7390415623990365,0.5217391304347826
2692940.9080281174,0.2191169365472052,-0.0774224536950772,1.3976312876497268,0.5579710144927537
2701607.151478699,0.21990058466163487,-0.1045457702184456,1.296955730767419,0.5507246376811594
4749316.833660886,0.3656085543418124,-0.11578580168686678,1.8405167175597303,0.6014492753623188
3773638.790297602,0.30422363295404886,-0.06633788786165583,1.7134527808538373,0.5652173913043478
5412215.451935527,0.40176436505278024,-0.09250682360430638,2.034842987255417,0.5942028985507246
5284589.181723646,0.3950900660751935,-0.061531470809671245,1.916046576293108,0.6086956521739131
3524498.965159765,0.2865286956819679,-0.08475656437878305,1.5533257884655371,0.5217391304347826
3759279.4833312863,0.30322956231617826,-0.05973265943319398,1.7884081875616336,0.5797101449275363
3689345.0964904,0.29834424156086814,-0.058136836715674066,1.7253629932085972,0.5869565217391305
2809977.0952605926,0.2295340376513748,-0.17396556454646955,1.3628247543252847,0.5289855072463768
2933770.6909805946,0.24018145573352978,-0.06516697816848986,1.7512469683464686,0.5652173913043478
2751184.4132119054,0.22434536217897572,-0.09447691330222252,1.4656198318879488,0.5144927536231884
4221326.87226292,0.33379718495227184,-0.09092936094003894,1.6701698461940835,0.5652173913043478
3185894.7138346615,0.2608002430392178,-0.11086123490552151,1.6636624079677882,0.5869565217391305
3201641.774312311,0.2620441485902165,-0.08018707993226266,1.6098251677133326,0.5507246376811594
4668252.606379316,0.36091458879463567,-0.07581408070854051,1.7614577972618555,0.5652173913043478
3029907.3095942526,0.24820485814648685,-0.056710176724925204,1.6246421539413969,0.5797101449275363
2511636.5966384816,0.20224051796840015,-0.0761395621550997,1.3881100844955343,0.5579710144927537
4021862.0173048773,0.3209471230334968,-0.06270252611454291,1.8271709368340607,0.5942028985507246
2267527.6527469647,0.1779056865091495,-0.0749716793885773,1.2531959612113788,0.5289855072463768
3956776.49406378,0.316643816351887,-0.09593043030547026,1.7805544414138956,0.572463768115942
4234954.7036187025,0.3346572622115922,-0.080770318797197,1.7439903604687716,0.5869565217391305
3436815.6299621286,0.28006271233264535,-0.06478067165992012,1.730913256048119,0.5362318840579711
1816592.7118865412,0.12681213007286196,-0.10908381143968836,1.0680749360636084,0.5
3473793.853680914,0.28280548580740694,-0.07523239939681764,1.8414633643963239,0.5434782608695652
4347970.291904139,0.34170585078418814,-0.10403723441395571,1.9056984737260807,0.5942028985507246
6830333.442874307,0.46854879449605713,-0.04611107000999939,2.352723744014722,0.6231884057971014
3345629.3853752203,0.27319688087127947,-0.04989167664457124,1.775024899832273,0.5797101449275363
5329737.604222512,0.3974657272228179,-0.07586030968799637,2.0124183843783916,0.5579710144927537
4052670.1036182367,0.32296468247456334,-0.12871225152937543,1.688939588289992,0.5144927536231884
2067772.2379868699,0.1563799154515919,-0.09023363990311638,1.223718595592248,0.5144927536231884
3270925.4037472573,0.26745960809166114,-0.09238620158322801,1.8878785741298616,0.5434782608695652
3211584.8911455963,0.26282706521201726,-0.0785929430178002,1.570842584466416,0.4855072463768116
3865444.1919384636,0.31050861873918834,-0.06948891606952701,2.0496782129833173,0.5942028985507246
2122244.914053539,0.1624093652098504,-0.1242873523648902,1.1435118526213242,0.5217391304347826
1980099.5391904663,0.14640323929583188,-0.1463332229316941,1.2083329800413685,0.463768115942029
7293765.746479444,0.4879569360866882,-0.047510536652515784,2.3458253472773154,0.6159420289855072
4223767.747306628,0.3339513961577567,-0.0991529304043249,1.7941178812764003,0.5507246376811594
2762897.4337677676,0.22538610830127803,-0.08388868586836815,1.4176690314129947,0.5434782608695652
1800233.8525810044,0.1247753365991977,-0.1481703519388108,1.2144793087799575,0.5289855072463768
4006734.1707130307,0.31995190145899177,-0.060397593564671066,1.9105895208301558,0.6014492753623188
2464377.6023111707,0.19768180150946368,-0.10052899094277576,1.257395327872796,0.463768115942029
3311057.5827954323,0.2705546405226118,-0.0435737171371251,1.7063267853714466,0.5217391304347826
3892808.0897914153,0.3123588334564744,-0.1539829931088868,1.518444164066607,0.572463768115942
3421531.3692433476,0.27892213855295145,-0.11007286278268988,1.6586247660240294,0.5579710144927537
3720738.3483882938,0.3005463245848494,-0.07509872105118783,1.7319946057736046,0.6014492753623188
3332309.0097562717,0.2721814345937985,-0.05739154232156362,1.6230170684587235,0.5434782608695652
2174568.487946337,0.16808546019223702,-0.08015904550605561,1.3593922021091642,0.5434782608695652
5045556.567738135,0.3822347779735422,-0.0490273988074172,2.0205633310698863,0.5942028985507246
3644436.111613376,0.29516788842605557,-0.09353820192786655,1.7194886582689741,0.5797101449275363
2077922.6883786793,0.15751299932374874,-0.14339225789587542,1.1496330198370042,0.5144927536231884
2903241.2424184424,0.2375895253148539,-0.0844155602016528,1.5879675333640364,0.5652173913043478
1669784.8677886475,0.10798046720062437,-0.1613580478374897,0.9957780805282989,0.5144927536231884
2742959.3946145843,0.22361241766900664,-0.14249768054619213,1.2377797258021819,0.4855072463768116
2332679.635583933,0.18459806688936498,-0.12658965927697372,1.1023386530026953,0.4927536231884058
7425702.744670059,0.4933015367712068,-0.06344065921862382,2.3126604619896045,0.6666666666666666
2890721.745768453,0.2365203208248663,-0.14011354334184742,1.439201737613232,0.5434782608695652
4178035.492373134,0.3310501692893515,-0.11639274254874696,1.6349220483087064,0.6086956521739131
2341574.5800798438,0.18550011094597574,-0.1171441985597836,1.248404445106573,0.5144927536231884
2359029.703343602,0.187262311753426,-0.084737082514831,1.3137950846535276,0.5144927536231884
2546418.866329847,0.20555205769605567,-0.11658689003111664,1.380113662969341,0.5434782608695652
2187826.889835615,0.1695063686999223,-0.09236474390566742,1.3503197900897423,0.5434782608695652
2611250.9854239523,0.21162917820192817,-0.07247338630757626,1.5624413387423812,0.572463768115942
3739380.780423387,0.30184697505242997,-0.05527737599999983,1.898234437916199,0.5942028985507246
3195909.020335201,0.2615918696290327,-0.09746522384178423,1.5870470749558498,0.5507246376811594
4097563.6302680573,0.32588281376087225,-0.05493440801549545,1.992205825456361,0.572463768115942
4315085.625352206,0.33967015891275953,-0.0927518574491154,2.003889122441339,0.5652173913043478
14588610.32382879,0.7092389652548077,-0.05049563744544228,2.6728726120681876,0.6304347826086957
2163173.0164122074,0.16685865366544528,-0.0954300950706558,1.2356626210600417,0.5144927536231884
2884294.4136906206,0.23596996660951008,-0.06436025969299204,1.5553124146482251,0.5289855072463768
3678431.7735045236,0.29757521372924356,-0.08478875264982033,1.7444840879969274,0.5579710144927537
3754942.64815976,0.30292873330244974,-0.07088719398158075,1.7332087134698395,0.5289855072463768
2966351.926186609,0.24292388784743535,-0.058434932614797125,1.8614755411042905,0.6086956521739131
6509826.110480604,0.45450050906299944,-0.05813123999181723,2.234972973758902,0.5869565217391305
3018988.4647895317,0.24730393002359463,-0.08581188840023189,1.5624574765107861,0.5434782608695652
4718452.2995180255,0.36382897769174005,-0.08555873903351881,1.8434565674251129,0.5579710144927537
4921140.076205156,0.37534972645863185,-0.1328917799051862,1.784505025481407,0.5362318840579711
1556392.3409856276,0.09250596532791922,-0.13733396260946848,0.8928693656117482,0.5217391304347826
3684494.3165945546,0.29800264722095204,-0.10401845681154358,1.527642436261084,0.5362318840579711
2494362.1307923817,0.20058220203845933,-0.12001936186368939,1.283425575425611,0.463768115942029
4945786.5766016785,0.37672460516041784,-0.07885623948587496,1.8051353686910383,0.5434782608695652
3374714.9393578945,0.2754029548118033,-0.04249731678108787,1.701143725663559,0.5579710144927537
5941196.660572874,0.42815316164344064,-0.06709351544426904,1.8712913756007845,0.5579710144927537
1734381.7221243917,0.11642341793338629,-0.06287470951829995,1.0853030927404836,0.4782608695652174
2700349.139513378,0.21978695337687681,-0.09543253860738297,1.5016920990240117,0.5652173913043478
3772164.305539634,0.30412169640919595,-0.05327744317308328,1.8475673429665138,0.5579710144927537
2589583.232159856,0.20961168874150804,-0.1723601671353441,1.3775298532778295,0.5507246376811594
3975179.3933228827,0.3178662817345139,-0.05947923900528884,1.873652348237071,0.5507246376811594
3827600.488617316,0.30793246640843,-0.07652727937805488,1.6955024063834934,0.5144927536231884
4154406.131559774,0.32954117019014095,-0.06823974686342639,1.7042704845907517,0.6014492753623188
2880529.289245135,0.23564711381680725,-0.06937129600000001,1.5786101242916726,0.5507246376811594
3285721.709989629,0.26860423087560026,-0.058898796799999986,1.6509500294075155,0.5869565217391305
2211107.61111649,0.17198479122033872,-0.08638246850000568,1.076938457856785,0.4782608695652174
5585952.665093494,0.41065057505839686,-0.04762956901111284,2.576369215690983,0.6521739130434783
1513161.3204341661,0.08636820434063375,-0.08278121609834507,0.8871950052687808,0.5362318840579711
4164114.7724168454,0.3301620044577396,-0.07198045139049562,1.915512797939599,0.5652173913043478
2024038.4024374734,0.15144646188101984,-0.11260600704038645,1.112770152533054,0.5289855072463768
1551554.5702479098,0.09182594694268009,-0.1169197734833784,0.8151460060484303,0.4855072463768116
4215834.263322226,0.33344990825617504,-0.09357999174111621,2.045782636759852,0.6594202898550725
3305205.22834573,0.27010517695276426,-0.07021313206288138,1.9037289836368638,0.5652173913043478
5304082.771007595,0.3961177817064838,-0.04038167874655062,2.372939015147269,0.5797101449275363
2845619.2759208046,0.23263745135440628,-0.08505520438371009,1.6090970935272586,0.5652173913043478
4215014.542500066,0.3333980494016897,-0.07829876136816262,1.8135812641984197,0.5507246376811594
3681475.832879816,0.29778990245549464,-0.10617013872716162,1.6416735318302467,0.5869565217391305
4255200.965915392,0.3359309615443631,-0.06778422271877592,2.033376774157353,0.6159420289855072
2976331.4651859496,0.24375906516611656,-0.08199343786324378,1.5226347129107807,0.5072463768115942
2526435.605108733,0.20365395348682225,-0.1092298879095919,1.344138655344031,0.5507246376811594
4525738.370722436,0.3525019154112945,-0.05689220479999999,1.959577248311038,0.5797101449275363
4417053.560655474,0.3459425815253152,-0.03750988333669217,1.8443394688502863,0.6014492753623188
2173428.2052632226,0.16796293224314285,-0.0704784863104258,1.3191799886277937,0.5797101449275363
2467992.36292302,0.19803294859961862,-0.06733234206645458,1.4165690408509555,0.5362318840579711
3454987.046235453,0.2814134693321235,-0.08179373394813819,1.8842175886774808,0.5869565217391305
1771262.7133811114,0.12113160621468744,-0.09111077851263871,0.9863452278669284,0.5434782608695652
3308644.84551656,0.270369418225195,-0.061721668276193686,1.6026747147208573,0.5579710144927537
7923173.623406707,0.5127941435931278,-0.10238533759382737,2.0772738580431236,0.5362318840579711
3590920.830948374,0.29134167198975836,-0.040695845596414155,1.7472102881279554,0.5652173913043478
3622529.4472787865,0.29360708319586903,-0.06560811854742513,1.6800621946354728,0.6014492753623188
3102554.9156488837,0.25413386596083964,-0.08935024858543904,1.4667956964941513,0.5144927536231884
2052705.1062695978,0.1546897549573263,-0.08097123652646095,1.3735263788275296,0.5144927536231884
3253053.8476757724,0.2660715517792416,-0.15575469809769438,1.5432865070535655,0.5507246376811594
4950863.666306037,0.37700714407908054,-0.09000284983311393,1.7515986496674905,0.5797101449275363
1592643.6206439326,0.09754850183766073,-0.13920882450438476,0.8390980972820712,0.5072463768115942
2661227.590267773,0.2162319373245365,-0.07982275122566586,1.4868320963267252,0.5217391304347826
3198945.8758534235,0.2618315395819091,-0.039424976426387016,1.7558820185444453,0.5869565217391305
2255330.360151743,0.17663573298078084,-0.07992286427695773,1.1404645863274516,0.5072463768115942
4027751.176414025,0.3213337457130685,-0.1415131620947788,1.7295033957330244,0.6086956521739131
2356591.564485504,0.18701679489291934,-0.10961138048226876,1.231091653326114,0.463768115942029
3006141.678620261,0.24624058105092872,-0.09433378966405488,1.679117349624705,0.6014492753623188
3190950.620589285,0.26120015869539426,-0.0904677340017506,1.6958227441801477,0.5507246376811594
2354821.6385225207,0.18683843871743488,-0.07835389662088427,1.2592148814972157,0.5434782608695652
3130827.896200442,0.25641131512497406,-0.07924914268459174,1.6138791815061726,0.572463768115942
6888874.945301547,0.471057539449542,-0.04061573995249012,2.219928812072506,0.6231884057971014
3885862.2885317947,0.3118901796669442,-0.05818713154432487,2.1550894482718177,0.6014492753623188
2747620.135623442,0.22402795925062824,-0.1379718025390309,1.5002166546822906,0.572463768115942
4137899.3585171,0.32848294925101174,-0.07687470512067235,1.7684927908340986,0.6014492753623188
3016434.079906998,0.24709278823240477,-0.07483187988777844,1.5307000315494617,0.5144927536231884
2969471.61280485,0.24318521239410074,-0.08607475612011792,1.607231327175141,0.5434782608695652
3392256.9006882496,0.276726129994026,-0.15816227374635122,1.5303264986628842,0.5
3936282.7950936817,0.31527709885158894,-0.08658276220339887,1.8046201557368062,0.5434782608695652
2107064.8128310544,0.16074167872372924,-0.1669367948971066,1.078264306368704,0.5217391304347826
3044861.892206599,0.24943457491204923,-0.07941198280507535,1.5435374420150358,0.5289855072463768
3293088.7417569254,0.26917259776059144,-0.09695986365699566,1.5569015875282948,0.5362318840579711
3198945.3400980528,0.26183149731591926,-0.06238663539932055,1.565857726499863,0.5797101449275363
4434562.179824037,0.3470079215765174,-0.10154377278170366,1.729055806718259,0.5507246376811594
6118458.799268325,0.4365753427919026,-0.04883374471759669,2.190545306243742,0.6086956521739131
2636178.799818051,0.2139337128281158,-0.06975541318929564,1.487772117477269,0.5217391304347826
3621334.4564782293,0.2935217255692122,-0.06736658825651329,1.712243269854715,0.5434782608695652
3177210.1198031027,0.2601121162818414,-0.09499039404311511,1.5428593336229046,0.5652173913043478
2896441.109171006,0.2370092311655978,-0.09782455579956727,1.453692763815318,0.5289855072463768
2354587.807588081,0.18681486745749631,-0.055178474572021394,1.4798368477984607,0.5579710144927537
2642670.9327584114,0.2145310370342024,-0.05723030829455388,1.4104856191806383,0.5797101449275363
6842766.469223199,0.46908303565345544,-0.08896149248370763,2.129311047841729,0.5942028985507246
3331591.3796535945,0.2721266356934009,-0.05770398232556832,2.0425899128414553,0.6086956521739131
2019426.8811336183,0.15092129736762616,-0.07427082953739464,1.0715171227105962,0.47101449275362317
2877878.7788477014,0.235419634677565,-0.05260971447189558,1.6677375554083453,0.572463768115942
2166309.1903077685,0.16719680056920705,-0.06559927703893649,1.1836700142757102,0.5217391304347826
4138749.227188626,0.3285375152613148,-0.1073522187910095,1.720145752648066,0.6159420289855072
3003482.02822956,0.24601998347201337,-0.06445036800000008,1.5400118110924326,0.5507246376811594
5146910.31209573,0.38774387789899034,-0.11036863777754083,2.0552507998475003,0.6014492753623188
3655941.4994744975,0.29598461983086777,-0.05334253365442163,1.9074212428710309,0.5797101449275363
2420069.084269542,0.19334372212266615,-0.06752024325941863,1.2759037553751889,0.5434782608695652
2064487.047989485,0.15601224011516135,-0.09112031155110632,1.16916115740888,0.5579710144927537
3781434.9344716086,0.30476208000136906,-0.0945210335210372,1.7642417442669542,0.6086956521739131
2598902.308459974,0.21048103883941693,-0.07466224195360012,1.558475330529801,0.5652173913043478
3752039.4888312896,0.30272719733111564,-0.06521249733531102,1.7911994602050647,0.572463768115942
3888911.359152987,0.3120959919491433,-0.07428007939588822,1.7208539330421009,0.5652173913043478
2294565.683634183,0.18070145612160915,-0.12050239149902307,1.256769635436392,0.5144927536231884
4348562.573710087,0.3417424023066036,-0.06616056300515807,1.7807197680999762,0.5434782608695652
2985080.382307045,0.24448941211296016,-0.1138869483667653,1.483067215497599,0.5072463768115942
2732261.7001084094,0.2226564939168194,-0.0672018346498982,1.55694817852628,0.6014492753623188
4118073.141817294,0.3272074510458707,-0.047569858528056286,2.2257229106956964,0.5797101449275363
5135118.751197545,0.387107430719976,-0.058751351240085146,1.9808055128559,0.5652173913043478
3008335.843618234,0.24642245268293883,-0.0885643060925439,1.4879666835038496,0.5217391304347826
3186761.468950746,0.2608688382851423,-0.09763083271448815,1.4872815276259326,0.5217391304347826
4923865.825398154,0.3755020500279356,-0.06529971622029795,2.119711928322213,0.6521739130434783
2170915.40996605,0.16769274066812767,-0.09999839769903666,1.1298917480126902,0.5434782608695652
2477236.812882639,0.19892911012411618,-0.12346635917350504,1.0937716272621043,0.5
3297062.083280489,0.2694787191266237,-0.07105751582073229,1.6764443033513496,0.5797101449275363
5892493.58839068,0.425803983469476,-0.08790119483797404,2.0010924410298867,0.6304347826086957
3069142.739365862,0.25142093902613394,-0.09693967101268469,1.513211097399921,0.5434782608695652
6456931.374945183,0.4521291186160601,-0.058323999539712006,2.2147190273081137,0.6159420289855072
3945855.5383727713,0.3159162084147793,-0.09234358189159715,1.7243382439861847,0.5289855072463768
2487089.991235249,0.1998813414312688,-0.08556907686109619,1.367983014454255,0.5289855072463768
3358366.7101182467,0.27416485909616317,-0.08511348891553429,1.5750410342970762,0.5217391304347826
4215550.339465245,0.3334319469978906,-0.10510368779448498,1.7996981755139687,0.6086956521739131
9625893.064696893,0.5728532589792632,-0.03715474549159814,2.482869079352683,0.6739130434782609
3116227.2394557567,0.2552372648857353,-0.06379357335104727,1.7984070861041788,0.6014492753623188
2944796.075831379,0.24111220124941246,-0.09066287700000288,1.4000528774464178,0.5
2971668.6263182624,0.24336911627386448,-0.060569416972118886,1.648502495319106,0.5217391304347826
1779045.6574708365,0.12211513152936959,-0.110630674080024,0.8823347397905553,0.5144927536231884
4859584.44849952,0.371891694016506,-0.058898796799999945,2.0511587908158693,0.6521739130434783
2331135.255897341,0.1844411697445465,-0.11825573306833186,1.2573344621234825,0.5362318840579711
3557537.00893597,0.2889316420736654,-0.08684491382150843,1.5769912560535697,0.5434782608695652
2912491.5999071468,0.23837716794583352,-0.11124872128177134,1.4386923750645908,0.5144927536231884
3504792.6010185974,0.2850868058846219,-0.09313693390423594,1.638213227153901,0.5579710144927537
3702186.117691457,0.2992467813092454,-0.072401381906194,1.6014319175357985,0.5434782608695652
3093334.6623606337,0.2533875647619641,-0.07921627730230008,1.4265319896933741,0.572463768115942
3773792.638486733,0.3042342672083169,-0.07562836749466341,1.687394800733953,0.572463768115942
4409651.059250547,0.34549114812390425,-0.05205727359999994,2.008597819295166,0.6014492753623188
2576195.1470287764,0.20835836132098295,-0.10758661682633161,1.3109260657306998,0.5579710144927537
3442119.9525073287,0.28045759401193293,-0.07230926341306308,1.8803063845763945,0.572463768115942
5206886.229381649,0.3909631277726071,-0.06502332009593517,2.2890043707596988,0.644927536231884
3518413.9288879503,0.2860841510323162,-0.05853374582729304,1.6119812569807042,0.5434782608695652
2909267.8139316617,0.23810289888303382,-0.0871024604758781,1.7238727198550277,0.5289855072463768
3895018.2139873467,0.3125078167855324,-0.08375863715202733,1.7192042786118755,0.5942028985507246
3786967.4273844087,0.3051436476485416,-0.09124231224939151,1.9847157691117145,0.5434782608695652
5626073.4827911705,0.4126711632985338,-0.06024707734619821,2.0291231680559423,0.5797101449275363
2433379.271516221,0.19465350289605876,-0.08977683605159358,1.4065924875651261,0.5289855072463768
2773567.1654970944,0.22633108664863277,-0.0733410942281209,1.5899353147210258,0.572463768115942
2685597.3595149266,0.2184513128969956,-0.08276415796080577,1.4047666629936062,0.5652173913043478
2270399.419753369,0.1782038930917229,-0.1083594359225301,1.273559348546973,0.5217391304347826
2352635.482743614,0.18661799078923158,-0.08953416934463632,1.3837478817229074,0.5144927536231884
4806331.057281985,0.36887167255222675,-0.07941328828794696,1.7585192058535448,0.5579710144927537
2095741.9577219265,0.1594914796864486,-0.09313569734028607,1.2269927014053528,0.4855072463768116
2741511.467589465,0.22348320863285998,-0.06733761430021988,1.4658765553281103,0.5507246376811594
5661332.274403553,0.4144373927552829,-0.08685250630402414,1.9145751199593541,0.5652173913043478
4048322.6338880034,0.3226807206259448,-0.06838893964748805,2.0189298812203673,0.6159420289855072
5021673.617981603,0.3809237421923086,-0.058400787928310424,1.909464986905851,0.5942028985507246
4760350.956412162,0.36624251114549167,-0.047184935941201475,1.7665105424063983,0.5507246376811594
4369756.904751925,0.3430477556866358,-0.06122738524058691,1.9083731746795765,0.5942028985507246
3931343.996460786,0.31494688114861913,-0.0917507797640325,1.7469096061583924,0.5434782608695652
3176275.750673252,0.26003799160358776,-0.1090973846248671,1.505235887324763,0.5217391304347826
3677434.322445255,0.29750483546717543,-0.04020212457623235,1.7241386191635086,0.572463768115942
4652666.375976709,0.36000461604065603,-0.060805584707652245,1.8549043550074635,0.5507246376811594
2017421.219555785,0.15069259126856327,-0.08503583224713522,1.1055324738120182,0.5289855072463768
3741679.2877864204,0.3020069785174675,-0.0630635856468071,1.7402467711216185,0.572463768115942
2072392.5691527547,0.15689622852707252,-0.10012631259581072,1.0615366185902089,0.47101449275362317
4721978.72053049,0.3640327732474029,-0.04396838030925996,2.0547920648270344,0.6231884057971014
4226744.068120375,0.33413933966884035,-0.06034827063343556,1.8725719077390024,0.5942028985507246
2387825.450562387,0.190146751003208,-0.08146594916427355,1.4306864571363158,0.5217391304347826
4905439.457032247,0.37447100923483156,-0.05338479161087307,1.8815095977272511,0.6159420289855072
4261644.127382645,0.33633528605376717,-0.08469425599038244,1.6375371489390282,0.5144927536231884
2801541.350161979,0.22879492036407,-0.1883814370714835,1.3148894666480115,0.4492753623188406
3128935.884384298,0.25625942431775783,-0.09606125512369228,1.6958246349065462,0.6014492753623188
3170415.732743794,0.2595727108204269,-0.055230976538874675,1.7432409660481303,0.5652173913043478
4217109.883032063,0.3335305930765442,-0.05188383392714509,1.8651800523385993,0.5652173913043478
1947373.7875033212,0.14258854039140023,-0.14331698334124685,1.0586343193009644,0.5217391304347826
4935141.524924942,0.37613145630606626,-0.07084869789494715,2.1027985850500976,0.5652173913043478
3967694.9174794257,0.3173696513079227,-0.06778773855148158,1.8087696220334608,0.5144927536231884
4650001.4438421475,0.35984878493800254,-0.06730653000192166,1.8904601238317844,0.5869565217391305
3046432.7737465277,0.24956346803552498,-0.079920997857575,1.4029947054511451,0.4927536231884058
1460087.570139406,0.07863816021939796,-0.16499154526140528,0.7290486813154776,0.45652173913043476
4477224.790217061,0.3495897772939791,-0.07503106164217585,1.9470522621496311,0.572463768115942
1948569.3621649707,0.1427288025813993,-0.06388852760375151,1.033771882938001,0.5072463768115942
3520242.0129788667,0.2862177670054151,-0.08695583021443803,1.7316206062076247,0.5362318840579711
2105490.4323285357,0.1605681676401669,-0.09375239284456614,1.138955574299441,0.5072463768115942
2249508.2182895904,0.17602760699348075,-0.13182950958800616,1.1948955975407995,0.5289855072463768
3052325.700254679,0.25004651790247,-0.09201387137330379,1.508579472338947,0.5362318840579711
2149916.830495147,0.16542500491969347,-0.14447737407470937,1.1106651804235008,0.47101449275362317
4451962.880577672,0.34806336644866365,-0.1075319472853245,1.8733803042267467,0.5289855072463768
2709693.4187843925,0.22062997665648454,-0.07635746851397278,1.4466860858726949,0.5507246376811594
2433912.4173762547,0.19470584728517681,-0.08306279757394135,1.4049133941678202,0.5797101449275363
2519368.0710261096,0.20297977043737037,-0.0823104646158455,1.3898222033802459,0.572463768115942
2719778.9201676925,0.2215372658647523,-0.07097117822357085,1.4466186598992554,0.5579710144927537
2637826.568237498,0.21408543104274957,-0.11264502972528129,1.5881100736655418,0.6086956521739131
2775489.928183811,0.2265010691969329,-0.06272342201707916,1.6185280181534658,0.5434782608695652
2393804.1543940455,0.19074213951423036,-0.072275132351299,1.481007478254566,0.5434782608695652
3317344.3030475965,0.2710367560907532,-0.07412849122789675,1.6981916599537696,0.5507246376811594
3830429.902194783,0.3081257774991504,-0.09421282883771288,1.6839722025998989,0.5362318840579711
1955331.1973489998,0.14352079292848807,-0.1636478110564935,1.0503506583525772,0.4927536231884058
2859246.12794817,0.23381574573068442,-0.07984929785031578,1.5941351252269673,0.5869565217391305
3284567.3158701337,0.26851507693954635,-0.09047104112796242,1.4806020431876687,0.5579710144927537
1248570.5904756475,0.04540029958758085,-0.10596246494979472,0.5280669609188621,0.5
2934824.77512546,0.24027056070539987,-0.07069731656737085,1.4196699166899924,0.5144927536231884
2621864.4371115495,0.21261251619056343,-0.09557385705799552,1.3620850953408616,0.5072463768115942
4156857.4076378993,0.32969803032552103,-0.053812225914407576,1.8112303043852247,0.5579710144927537
3532322.8345068987,0.2870993700797797,-0.09475987880829632,1.6742158579836757,0.5289855072463768
4378596.694865606,0.3435906996256377,-0.09641655908373173,1.6397258432275685,0.5507246376811594
2489448.5339561095,0.20010882805565955,-0.11092922283294798,1.3074616168645123,0.5072463768115942
4404212.557998941,0.3451591006322754,-0.07989992283282137,1.8509822028948733,0.5507246376811594
2209251.3007679004,0.17178793979231788,-0.11954871270828024,1.1553246408096287,0.5144927536231884
3018913.5606710124,0.2472977405909602,-0.10181041205824647,1.3502047527066634,0.5362318840579711
2273777.0808762577,0.17855424619747828,-0.07712638481436183,1.2495564504971222,0.5797101449275363
2329275.531800382,0.18425212562698468,-0.1111422684345962,1.2160251239452753,0.5507246376811594
2154875.413797385,0.16596209853139454,-0.11865109056011006,1.0720718838593937,0.5
3606650.678102261,0.29247102626944144,-0.0601380085730788,1.688193676028862,0.5217391304347826
1585828.4417712847,0.09660757249632979,-0.14384456392358175,0.7061479671182606,0.43478260869565216
4609886.287933604,0.3574943870702143,-0.11452467647502144,1.8548092714913658,0.5942028985507246
2916437.609905379,0.23871255106267575,-0.06706852016051905,1.7445332084957867,0.572463768115942
2457426.6808134983,0.19700541161274598,-0.062470367261959765,1.3630684328118046,0.572463768115942
2959958.474482815,0.24238764441453942,-0.07697940292918755,1.672698051471162,0.5942028985507246
3013533.7127573905,0.24685287455931415,-0.06642110698156466,1.6387104616949293,0.5797101449275363
3877315.7760274988,0.3113126006426894,-0.06803018385278747,1.904870269475595,0.6739130434782609
4550167.136953365,0.35395886427268564,-0.062271949349685586,2.0190303903889384,0.6086956521739131
4447151.096243925,0.34777183677852763,-0.12088153318779901,1.7305371242073135,0.5507246376811594
2789221.7857342144,0.227712308013843,-0.0695424899560052,1.4059163768172087,0.5144927536231884
2477858.4725370225,0.19898927805381583,-0.10282005708701701,1.3687467952245822,0.5144927536231884
4324182.140251359,0.34023450769874586,-0.058172601599999915,1.9057248977478614,0.6304347826086957
2491303.6972667845,0.20028764151404443,-0.12091955886307837,1.3721117604190365,0.5144927536231884
4694105.176706605,0.36241859742453,-0.06653438437975409,1.8119730577694013,0.572463768115942
3635569.7699872614,0.29453708619078744,-0.06471359153633817,1.9038128058814359,0.6231884057971014
3026229.6812721887,0.24790170274295797,-0.07801258670232734,1.55827227397483,0.5579710144927537
3756429.4092262276,0.30303189530327557,-0.09342269635354152,1.5532647239360315,0.5072463768115942
4143511.767826483,0.3288431295050025,-0.0695355469426263,1.8988138125199465,0.572463768115942
4554350.354666603,0.35420772647166654,-0.09436693454104651,1.7577733670652023,0.6086956521739131
2138593.616092747,0.1641947948667728,-0.08735896763066288,1.0422253784896498,0.463768115942029
3291058.7881441517,0.26901608834379664,-0.07673628491726484,1.725022939252562,0.5507246376811594
3262267.962215247,0.2667879576069021,-0.07051870850013006,1.6083542322402595,0.5434782608695652
3817728.3675995064,0.30725708717967204,-0.11009978630243344,1.723301968759403,0.5362318840579711
4079805.027203919,0.3247315563946849,-0.055637116729307955,2.065003096235546,0.6376811594202898
2147066.0052510067,0.16511576629096947,-0.061700974039864194,1.4754895484944366,0.5507246376811594
1969841.3397164925,0.14521294772327265,-0.08214432834097682,1.0170868926228982,0.463768115942029
2574123.437271427,0.20816395264377352,-0.1886637363730969,1.4038688687484866,0.5507246376811594
5688416.964648625,0.4157881877596372,-0.08722854837629869,2.0569942604863587,0.6159420289855072
2782140.6815999937,0.2270883059725508,-0.08279185009233768,1.4531637770177428,0.5797101449275363
2168263.5173088335,0.16740732098153388,-0.08747762416966941,1.3121165280954188,0.5289855072463768
3495933.1086178515,0.2844364537810453,-0.10060930017177701,1.6303628694055858,0.5507246376811594
5536172.319462895,0.40812730478700154,-0.06046584959999994,1.985454965730144,0.6014492753623188
3569018.884592444,0.289762569981487,-0.0823104146750986,1.8183333528437178,0.5869565217391305
6359948.5748625295,0.447740490047297,-0.03618891329999992,2.230524474533675,0.644927536231884
3172724.8401804795,0.25975613419411037,-0.08709532441316391,1.619648908595161,0.5434782608695652
2799334.2312800954,0.228601244726506,-0.10124141249646666,1.2610132232800726,0.5289855072463768
6308502.148495249,0.4453906834509107,-0.057978324266575745,2.1971532001247813,0.6231884057971014
4420709.338191942,0.34616530187157024,-0.07816199469912441,1.9147153796222518,0.5869565217391305
3462327.8490807465,0.28195753037876825,-0.07565758799608945,1.680915079145582,0.5507246376811594
6597579.607164018,0.4584009140300376,-0.05478869502699515,2.2909742564760838,0.5652173913043478
2659491.06621343,0.2160731709343302,-0.092606932464065,1.5439484072175973,0.5217391304347826
1993015.2626256712,0.14789489618875207,-0.06572865227501475,1.2489998290122613,0.5217391304347826
1932414.0680039173,0.14082764884379761,-0.12052938135793347,1.0913914904020756,0.4782608695652174
3451030.359396243,0.281119837205863,-0.09849861597350575,1.4916742758298769,0.5434782608695652
6409672.858498304,0.44999723089474375,-0.051672194604584686,2.0549701440934705,0.5942028985507246
3001406.783211734,0.2458477492656037,-0.1054669190455108,1.6210920535540274,0.5652173913043478
5785057.018750112,0.42056636882919207,-0.06197220845541207,2.107312854292603,0.6666666666666666
3420973.829913643,0.2788804557041866,-0.04421695157574154,1.6973493158336457,0.5507246376811594
3607052.8829899053,0.2924998516270054,-0.07429178465644534,1.6319736179429003,0.5289855072463768
3831946.358922823,0.30822933778468165,-0.05893922640901359,1.5621258806620297,0.5579710144927537
4432026.6624585185,0.3468538525515781,-0.0969861581343569,1.8264915642046342,0.5144927536231884
5637869.551918381,0.4132630506497539,-0.06539885293722533,1.9849697336379617,0.5942028985507246
5245362.05165878,0.393012758110594,-0.08758940319595833,2.1601121408563007,0.6086956521739131
4457761.45242886,0.3484143474959842,-0.10321421131744284,1.659457468354659,0.5434782608695652
3904341.3039950463,0.31313553808654904,-0.10722612948317879,1.8697605019265258,0.644927536231884
3758428.966502293,0.3031705872384891,-0.0899583899039358,1.6337586336823615,0.5144927536231884
3578578.7516866466,0.2904527747508514,-0.06701911162910733,1.6490978228140987,0.5362318840579711
4224596.93436546,0.33400376685871214,-0.07973294166888366,1.8856702053982597,0.5289855072463768
4061023.715872647,0.32350962854293464,-0.08847939712490582,1.8585818141799,0.572463768115942
3729507.0488664266,0.30115874958360345,-0.04689166553905702,2.012576495611334,0.5797101449275363
2436800.0684001194,0.1949891982791574,-0.14461259705182963,1.3729525600557642,0.5144927536231884
2974578.661628159,0.2436125371956952,-0.07583893426114835,2.192101069703964,0.6304347826086957
2553200.626171219,0.20619351294732935,-0.08246424837605384,1.4155655785203856,0.572463768115942
2468010.1874390566,0.19803467909896177,-0.11356550198519143,1.2341959765451704,0.463768115942029
3635529.3483665097,0.2945342075487489,-0.07312758950649492,1.581618953806618,0.5217391304347826
3451468.7230651965,0.2811523821447022,-0.09795073903362392,1.6050414601657377,0.5579710144927537
2986675.885867093,0.2446224177715408,-0.13233359146090798,1.3205371030209825,0.5
3367390.67347588,0.2748488629447827,-0.1233520889140487,1.5448011668216657,0.5362318840579711
5655881.087283262,0.41416490091398495,-0.10771507300496957,1.7465137495824679,0.5507246376811594
2946180.515983071,0.2412288763936865,-0.0703195030004655,1.8425572435096689,0.5652173913043478
4329327.863378369,0.34055332846678676,-0.11139699254784328,1.9494623555299713,0.6304347826086957
1889401.7914420734,0.13570323945919127,-0.11950551200766124,0.9690928625197403,0.5144927536231884
2572703.891322159,0.20803067055931534,-0.15159906239149465,1.1242254339620257,0.5217391304347826
3717645.2614010773,0.30033002121444796,-0.16216110224147598,1.9572221630490154,0.6086956521739131
3709131.719865006,0.2997339144058997,-0.07409383165621819,1.6964968252587767,0.5869565217391305
3092775.242747913,0.2533422272611878,-0.07860239439091478,1.6702036801297089,0.5434782608695652
3812065.736868302,0.3068690600989059,-0.07898846561640692,1.907328534416291,0.6304347826086957
4883611.433270516,0.37324561323213645,-0.07136570207402652,1.7092205687347064,0.5362318840579711
4098939.720905122,0.32597185642355564,-0.12108648022770703,1.8163468878625249,0.5869565217391305
2763534.1025737715,0.2254425775136253,-0.12757943095368307,1.462151894782622,0.572463768115942
3050824.12692878,0.2499235031157414,-0.05216420736212908,1.5426415067809265,0.5217391304347826
7405511.028491733,0.4924885451633345,-0.07120194482643113,2.341623141271752,0.6376811594202898
2050646.3317979425,0.15445804119901352,-0.10789667899961214,1.108640179408864,0.5434782608695652
5317290.715027887,0.3968123977797364,-0.07596539946048017,1.7156352582940009,0.5797101449275363
4233428.391395447,0.33456104406642684,-0.06100446271685342,2.1033040496484046,0.644927536231884
3319068.0464359536,0.27116881871481113,-0.0818723492996242,1.540431260563949,0.572463768115942
3587627.3816859038,0.29110471163347285,-0.10359973798177102,1.8088993669249294,0.572463768115942
4356302.777781951,0.3422197082469953,-0.10251999439836457,1.7541200838055153,0.5579710144927537
4226148.254596361,0.3341017247542444,-0.06988330691472958,1.8396315960021774,0.6014492753623188
2086587.315388322,0.15847672446281025,-0.09748495055296982,1.1371563998314298,0.5144927536231884
3829983.7610307117,0.30809530384664874,-0.11048528238057917,1.6487724783825244,0.5072463768115942
2573907.284410468,0.20814366170798348,-0.060891282498497165,1.453803996171246,0.5507246376811594
2909631.8964531827,0.23813388599669882,-0.06583944072437999,1.6027624616391416,0.5434782608695652
4598368.542572393,0.3568153714509228,-0.04252746783148647,2.1538800055407448,0.5942028985507246
3170798.986061647,0.2596031618477268,-0.04573603852120019,2.0571634204791067,0.6304347826086957
3530605.9880413176,0.2869742296640554,-0.056698678757834346,1.7909591727083605,0.5869565217391305
2359580.1126178484,0.18731770903875167,-0.13302926493242628,1.2715058611888703,0.5289855072463768
3205754.4694284787,0.26236821594539905,-0.09641633618131995,1.5588048899797162,0.5652173913043478
2324558.8006352363,0.18377211982394415,-0.08532212763793633,1.389674085485196,0.5362318840579711
5315745.421444596,0.3967312009330126,-0.05013466910759291,2.1443461474906838,0.6304347826086957
3771457.513661784,0.3040728219891675,-0.09750801442512844,1.5962849501422711,0.5289855072463768
4481221.231054398,0.3498306243022993,-0.07253617061608092,2.1220079322567025,0.6231884057971014
2586306.2152814,0.2093053903480413,-0.08192953547693618,1.5393170472115059,0.5942028985507246
1937515.292846082,0.14142932972130584,-0.06387464397998195,1.1610522273169788,0.5362318840579711
4347389.95353517,0.34167003246403405,-0.08270079956441184,1.894389162781379,0.5652173913043478
2688968.2712696367,0.21875703491685328,-0.07878070618418745,1.3901684720827026,0.5217391304347826
2436691.571589763,0.19497855687880272,-0.0530699893043872,1.4242493568287935,0.5652173913043478
2500178.008679747,0.2011415383402586,-0.10869916047145578,1.3754118014295604,0.5362318840579711
5442032.4947917145,0.4033054960578062,-0.07962870991940632,1.828072617413967,0.5144927536231884
5108700.200149597,0.3856772393117318,-0.053891871999999945,1.9717329094114873,0.5507246376811594
3847255.0886943885,0.3092729537515295,-0.0575195569693173,1.6283951284285538,0.5144927536231884
1584814.9243803509,0.09646736627279351,-0.12392823805644108,0.7422616698882617,0.43478260869565216
2202402.056273669,0.17106046858638435,-0.11894012366050029,1.1594472582163162,0.5144927536231884
3393255.420117844,0.27680128266143456,-0.07245636612861635,1.6702990359489782,0.5579710144927537
3298050.4670980023,0.2695548221396711,-0.08014777998680159,1.7689849190811833,0.5797101449275363
2069578.0957596935,0.15658182632968254,-0.15915597888305674,1.1357625591671927,0.4927536231884058
2238234.473372951,0.1748464693921996,-0.08451602871556631,1.1118641501375535,0.4855072463768116
5224723.960844419,0.39191485575526697,-0.05722052091548111,1.9577430589428406,0.5652173913043478
4362122.393145536,0.34257813290938444,-0.050256919505200094,1.8274230546774746,0.5579710144927537
3406792.7704575257,0.27781841738617596,-0.10356305292059678,1.7850093457452751,0.5579710144927537
3130722.057838934,0.2564028203550577,-0.08325255270918423,1.8690687604957328,0.6376811594202898
2730487.648867273,0.22249767905402384,-0.11546519468449315,1.4142417899313764,0.6086956521739131
2340733.6229602103,0.18541494620109034,-0.12652329804208798,1.2947705642597955,0.5652173913043478
2935549.996778222,0.24033185105429866,-0.06992486610171869,1.4902277615913118,0.6014492753623188
3265052.82772418,0.26700416486641276,-0.12107965143448204,1.4951674579476721,0.5289855072463768
5985948.728079052,0.43029822119259653,-0.07158499844236668,1.991047635967963,0.6086956521739131
6075808.27737689,0.4345669203988485,-0.09260388003753796,2.2222918077173697,0.5869565217391305
4540290.340469381,0.35337056050665083,-0.0810216420810179,1.7078286059259984,0.5144927536231884
3440234.5704933982,0.28031729205533584,-0.06545813625467298,1.7499588295418687,0.6159420289855072
1851140.3838361346,0.13106580059968964,-0.0941587601151254,1.018797353729186,0.4782608695652174
2630731.9062487194,0.2134316498144413,-0.09963556786782687,1.4458312432194735,0.5507246376811594
4772674.184504939,0.3669491443853137,-0.08155756139010323,1.7981396568662755,0.5797101449275363
2035837.6400114405,0.15278582581191436,-0.12678861884037712,1.2082999449637637,0.5144927536231884
2031531.7976406126,0.15229777915836173,-0.08034824289906693,1.3297977015144036,0.5579710144927537
6813709.037843739,0.4678332349037886,-0.09114297472859476,2.1196930323729037,0.5869565217391305
3227656.1595899547,0.264088419390887,-0.04205794964041089,1.7105459955039444,0.6086956521739131
3993588.5200487766,0.3190846393804525,-0.07269526788033168,1.8437447654189454,0.6014492753623188
5819437.718178354,0.42225085956155595,-0.06134371536791443,1.9727736994704583,0.6231884057971014
3840576.396313644,0.30881806790198096,-0.06775326211447973,1.9537720931444034,0.6086956521739131
4074324.4142024075,0.3243754489156738,-0.10231758343550872,1.650821312232333,0.5434782608695652
2844804.793752801,0.23256688139483606,-0.08828931731659717,1.4676600149471506,0.5217391304347826
2650376.634433523,0.21523849683416607,-0.07750732807159195,1.379133977390463,0.5797101449275363
2270412.603025313,0.17820526135724624,-0.11429678025036433,1.1292995244798705,0.5362318840579711
1233946.8408077238,0.04293991777563755,-0.14129532649449725,0.48845355694684967,0.4855072463768116
3307295.5175849586,0.2702657851843435,-0.11313049806352204,1.709485445950512,0.6086956521739131
2334886.82864813,0.18482215660711288,-0.06899045622381039,1.4516065608608397,0.5362318840579711
3935142.060807044,0.3152008565836615,-0.10713465754971604,1.68745185870195,0.5362318840579711
3698431.1413686797,0.29898311971936153,-0.08347955467850585,1.537614818339931,0.5507246376811594
2346093.8090798035,0.18595736012288722,-0.06543403220964501,1.4833060706919114,0.5579710144927537
4173460.95803519,0.3307585679766758,-0.11270428978150171,1.5645662902974165,0.5507246376811594
1416547.7113726707,0.07212702002641014,-0.14181864632903404,0.6783178642921658,0.5144927536231884
2943077.9646428167,0.24096734459230684,-0.17515644252755003,1.597417599211195,0.572463768115942
2850398.3822746766,0.23305120677773483,-0.12987890955750814,1.4306447355726366,0.5507246376811594
4282202.037856892,0.33762208539530913,-0.07011499382265976,1.7075423776447962,0.572463768115942
2451776.6765150107,0.19645448457023784,-0.07899152492960855,1.4362938403612078,0.5434782608695652
3234326.584994026,0.26461047287658546,-0.09220174005157535,1.730911579037743,0.5579710144927537
2151724.113334301,0.16562087712348128,-0.126117198291204,1.2871873622571055,0.5144927536231884
2793483.4272101796,0.2280872423430913,-0.06098143899628615,1.4514588426536703,0.5289855072463768
3377346.106387515,0.27560177173035805,-0.08043265064084315,1.4820831344589571,0.5579710144927537
2925371.3570586396,0.23947051756341442,-0.09011369250163877,1.4144949375879161,0.5434782608695652
2486697.6630106936,0.19984348377238126,-0.1272351931305545,1.382136680151085,0.5289855072463768
6477412.2550395485,0.4530491599790949,-0.07203153828130575,2.0775519262094413,0.6231884057971014
4870273.703606992,0.3724946926845687,-0.17969881845788757,1.7043454428689446,0.5579710144927537
3354703.154577494,0.2738867470056452,-0.060295120326981415,1.7156932265519205,0.5362318840579711
5847445.060744027,0.4236172116619852,-0.0682784338762136,2.1202671969355267,0.6231884057971014
1961566.7974434132,0.14424920762909577,-0.0775480258724502,1.1314759840562,0.4927536231884058
2487890.5577870533,0.19995857717382126,-0.14968123430890784,1.1732899285422405,0.4420289855072464
4156217.9625852117,0.3296571185950048,-0.14558863788855914,1.8305315115619585,0.6159420289855072
3775497.8076584595,0.30435210824711545,-0.05644885675157535,1.8559038310342075,0.6376811594202898
3162304.2205163133,0.25892752656005547,-0.1274680434763011,1.4626030219356947,0.5434782608695652
4179630.4376757476,0.33115177819728747,-0.06183280045871862,1.7558966354739702,0.6086956521739131
1290693.7355134184,0.052360746710862216,-0.1628562436117773,0.46974925757810404,0.47101449275362317
7618575.049765639,0.5009794627415951,-0.10012569796897601,2.113480785524091,0.5797101449275363
3191501.639431065,0.2612437129296379,-0.15048248415437573,1.487412528526937,0.5652173913043478
3267355.3071561116,0.2671828099693432,-0.07417323889570938,1.5545630256716023,0.5869565217391305
4682577.431812116,0.3617487758462874,-0.07978854488339733,1.7668705604922517,0.5579710144927537
3719142.1171173495,0.30043471614294637,-0.06504495609582012,1.680660128158795,0.5507246376811594
3665801.610215556,0.2966829235966746,-0.06635323819733019,1.9991201972946904,0.6014492753623188
2469595.6297462108,0.19818856233591342,-0.058105715199999956,1.4902832373510535,0.5144927536231884
3024680.125788846,0.24777388104374376,-0.08270727084988014,1.7616143197277103,0.5652173913043478
3382735.0998802735,0.27600858975549225,-0.10137933184953475,1.513288793199805,0.5144927536231884
4583724.871703992,0.3559501030357368,-0.061355697575859576,1.9482109637017115,0.5507246376811594
2937786.2513473025,0.24052076645175258,-0.09367659864182383,1.4139280368212928,0.4927536231884058
3534951.6485867933,0.2872908892765158,-0.0654871188634201,1.7195199466200715,0.572463768115942
3111182.91816113,0.2548306242039149,-0.12748073927839393,1.4683583152889343,0.5217391304347826
1910987.2714169258,0.13828643104366645,-0.11326836657236626,1.084357555913879,0.4782608695652174
1842655.4797147014,0.13002702158165058,-0.10007126016775317,0.9622742231716174,0.5144927536231884
2612117.803846957,0.211709608851536,-0.10012936448099259,1.3662002360096044,0.4782608695652174
3663312.479984952,0.2965067826047292,-0.0777430116084466,1.8525069784962884,0.6159420289855072
2609658.6253104713,0.2114813700615792,-0.13187075720119898,1.459450034353744,0.5652173913043478
1424883.7412459825,0.07338590023198366,-0.11558936100781807,0.5706503387548004,0.39855072463768115
3072491.6581784016,0.2516939194314922,-0.0741592203763836,1.6496660876814224,0.572463768115942
3903929.935450767,0.3131078660476583,-0.04963980799999996,1.9914886543562187,0.5869565217391305
1682117.8194880807,0.10961235130667468,-0.08249999002379621,0.9267058111181765,0.5072463768115942
3190650.7752719605,0.2611764554657532,-0.06699057153410162,1.5395506770396663,0.5144927536231884
3140200.2196906502,0.25716264472106265,-0.08737486540421252,1.6118359340278188,0.5797101449275363
3170567.825349006,0.25958479554591585,-0.07431090399849341,1.7639260930245915,0.5942028985507246
3041480.929120016,0.24915698139152376,-0.085815172799375,1.3566462722747599,0.5289855072463768
3430396.7482879604,0.2795842044789423,-0.10980339442782107,1.6056779850631526,0.6014492753623188
2832265.3894549184,0.2314783724672893,-0.08638166314026802,1.3950996675543605,0.5507246376811594
3794982.2291817004,0.3056956261694914,-0.0495678527681295,1.654272780242921,0.5797101449275363
2906544.360243815,0.23787100691211083,-0.07231495455835331,1.3686965533060427,0.5362318840579711
1738773.334446228,0.11698822330151759,-0.08546556324327796,0.9212846106197101,0.5289855072463768
2614327.77124376,0.21191457150350224,-0.0818764557454613,1.4251596053822813,0.5144927536231884
4828017.694710507,0.37010474572297225,-0.046789380735072446,2.011710799282617,0.6159420289855072
2819586.693858469,0.23037384514865833,-0.07650418116550989,1.473913436107372,0.5652173913043478
3131493.7291048663,0.2564647507571747,-0.1153082578976932,1.6018645492337915,0.5869565217391305
3332276.3456059205,0.2721789405340662,-0.08558964832092207,1.5763034452821574,0.5507246376811594
3487391.2175723324,0.2838081663007124,-0.04533088172739453,1.9120420866604766,0.5869565217391305
3403953.6291069733,0.2776053655616575,-0.0927694680891057,1.5842408769746485,0.5579710144927537
4311058.652227601,0.3394200210862064,-0.13250164921484434,1.8580058898382037,0.5507246376811594
2734623.302930402,0.22286777904046606,-0.1087271313139904,1.2954163264640208,0.5217391304347826
5119443.529808123,0.38625955105923016,-0.08080504768023587,2.107280148727108,0.6086956521739131
3349534.9415898323,0.273493998163302,-0.11639516418757632,1.6475798292206387,0.5652173913043478
1792523.8056381033,0.1238102436217694,-0.11542439571122144,0.9449364902570149,0.463768115942029
4100015.884798765,0.3260414750712419,-0.06500432465404754,1.8708500005884934,0.5797101449275363
3829925.9987236545,0.3080913581871818,-0.0779965316460888,1.7392760292638056,0.6014492753623188
4754262.04974501,0.36589282337104834,-0.07127059425821579,2.1070731763414,0.5942028985507246
2527542.7229408575,0.20375942644891865,-0.13503250828942587,1.2831448443528501,0.5289855072463768
3085305.621133759,0.2527362310954431,-0.07583022095682301,1.4988181164840573,0.5072463768115942
2613917.2295266986,0.21187650644141143,-0.08741700749428238,1.4160937825378126,0.5652173913043478
1935355.1060007068,0.14117469420971962,-0.07179897895092117,1.1319570091958397,0.5217391304347826
1722238.3671934733,0.11485568295639825,-0.12900778443839608,0.8456833062024167,0.47101449275362317
2245588.016259698,0.17561742997344854,-0.06514733427618508,1.1212342284873646,0.5797101449275363
1578606.3262376436,0.09560692284415895,-0.08715836709752525,0.8527826917675833,0.47101449275362317
2178465.725899986,0.16850384637603466,-0.13729091784416997,1.1624062271912206,0.5362318840579711
3895648.5884997523,0.31255029760968567,-0.04488722421119479,1.7468018096355016,0.572463768115942
2677785.264759807,0.21774161962002636,-0.14139324247414006,1.3628548283840347,0.5869565217391305
5506304.64984036,0.4066046449526133,-0.0782755227899399,1.9003315641990917,0.5942028985507246
2187346.4185698084,0.1694549968500274,-0.12466081856197897,1.152156762492193,0.5
2481845.2960411524,0.1993748598119045,-0.05399022024163734,1.535386860536351,0.5942028985507246
4851067.189547162,0.37141046121228927,-0.05937597508454794,1.8928803799128457,0.6086956521739131
5364058.435061597,0.39926090449494933,-0.06937129600000003,2.0396311901095694,0.6521739130434783
3211122.5166885415,0.26279070107237334,-0.0719527054408597,1.650475249927709,0.5652173913043478
3194786.7164555606,0.26150325081233583,-0.07708711404532809,1.4966364603380529,0.5217391304347826
3750333.914227131,0.3026087389541996,-0.08196857444863342,1.7331472089859976,0.6014492753623188
2551489.6513313777,0.20603180844590274,-0.15056471251305892,1.155955804161372,0.4927536231884058
3938159.3986050636,0.3154024853237547,-0.07017800800946516,1.654495701186211,0.5942028985507246
6747562.653054388,0.46497220595982625,-0.05822629322535043,2.4026813521614643,0.5869565217391305
3634687.768306776,0.2944742682681991,-0.11118382701190327,1.6655054630448347,0.5942028985507246
1678638.6365203622,0.10915296109303019,-0.1456365894690595,0.7650938790511697,0.4420289855072464
2554591.8971883524,0.20632493829649357,-0.10754699670238788,1.6371966685992245,0.6231884057971014
4051039.9614694715,0.3228582357365051,-0.07430125772212719,1.9976777885117298,0.644927536231884
2757756.5245168423,0.22492975457659758,-0.06088898138769138,1.5827524546786509,0.5434782608695652
2042792.2187832908,0.1535723529108921,-0.07430936591768733,1.1797503195039258,0.5507246376811594
3051588.765414296,0.24998615135588675,-0.06210192063721561,1.5468098527918874,0.5144927536231884
3217691.564707801,0.26330694130107757,-0.10464819531199804,1.6026637397228451,0.5797101449275363
3195019.794160328,0.261521657030235,-0.05678654862370365,1.8040344003641815,0.572463768115942
4148558.747842194,0.3291666898028689,-0.07567353260906429,1.8958186948704996,0.5652173913043478
5403948.467648721,0.4013358732117114,-0.07155499253047448,1.9216013813054171,0.572463768115942
2523398.7179377303,0.20336444521095687,-0.05784523048456278,1.669861459086997,0.5434782608695652
4480313.148035243,0.3497759134289229,-0.08195437296482751,1.752301289631333,0.5507246376811594
4605575.863444504,0.3572404299693379,-0.0914344009918355,1.9502199290001585,0.5652173913043478
2281307.375428214,0.17933384128589758,-0.09086838825338622,1.3189309020903484,0.5144927536231884
2614670.1615049355,0.2119463139663389,-0.08925841228855237,1.363571265590008,0.5362318840579711
2645312.363563249,0.2147737322397154,-0.0901488773800455,1.6322322672495633,0.572463768115942
3850109.2736473945,0.3094671596798084,-0.06113756077739118,1.941458012061471,0.6376811594202898
6136883.509634537,0.43743950354884586,-0.10059692599324403,1.9868470226757442,0.5579710144927537
2785060.4219876947,0.2273457535031791,-0.07474924063877057,1.6183147068588069,0.5434782608695652
2317440.6798983016,0.1830462553896901,-0.08746284972541221,1.3247800147060331,0.5
4601904.80820266,0.35702399258546746,-0.06688370637837308,1.9363084473548908,0.5869565217391305
2757681.8302523163,0.22492311902211104,-0.0771359081228401,1.4180348734838428,0.5507246376811594
2886222.3716896437,0.2361351551079185,-0.08277067769823504,1.4101359339085613,0.5652173913043478
3858359.855796866,0.31002790311059036,-0.0948995241176545,1.7823448511714102,0.572463768115942
3206919.3018789636,0.262459940611415,-0.07361674957382272,1.6059871117991276,0.572463768115942
3742065.2457119995,0.3020338380712122,-0.042338332074067606,1.8052780598184242,0.5869565217391305
3739702.0269382945,0.30186934236175955,-0.09245522057911955,1.6251882566345077,0.572463768115942
2251600.406866976,0.17624628204941173,-0.06695628309764226,1.3859315067255076,0.572463768115942
2795991.383556045,0.228307675633443,-0.03840154134592239,1.6867890584703495,0.5652173913043478
3208689.151622567,0.2625992563291215,-0.12205528630912583,1.531430777965545,0.5797101449275363
3566759.8808570667,0.28959925807446574,-0.06526093669034086,1.7312686768840782,0.5579710144927537
4105539.4106538547,0.32639857030164454,-0.07319913024596471,1.6395742216444757,0.5072463768115942
3246952.9582763617,0.2655963082779482,-0.0885953197871438,1.4575183288594367,0.5434782608695652
3257598.1887996043,0.2664250810517086,-0.08552840356249385,1.6509196682668779,0.5797101449275363
4780430.881562289,0.3673931773854511,-0.09871088679171108,1.9011911690057233,0.5217391304347826
6155040.324563878,0.43828907125982175,-0.06414146651499884,2.1817051842436497,0.5797101449275363
2884932.893553327,0.23602468169441804,-0.08890148897693914,1.4919755313150918,0.5362318840579711
3757221.872965621,0.30308686869905377,-0.07074709016880248,1.9183204150251298,0.6014492753623188
2372274.9688014905,0.18859255402223574,-0.09627371877240627,1.4369384219208903,0.572463768115942
2805720.1019614628,0.22916127355738958,-0.10525269076369384,1.3685624454139516,0.5
3104833.582301182,0.25431803119990337,-0.07751693895076356,1.4863956393096251,0.5362318840579711
4586502.1307965685,0.35611437608924623,-0.07939619205873286,1.7685115324929408,0.5217391304347826
3680986.2137775305,0.2977553806190443,-0.08627809838381464,1.9834711787569415,0.6159420289855072
2875348.5118231974,0.23520231895786914,-0.09188752545892967,1.406314408174435,0.5434782608695652
2438198.947218583,0.1951263668043226,-0.1415145135968473,1.1211228511889686,0.47101449275362317
2699856.9380846745,0.21974248322666412,-0.1248138776700478,1.3311393389228348,0.5
5202366.741092664,0.39072157744727787,-0.07226458093694596,2.052471557015171,0.6086956521739131
4962058.205231713,0.3776292996428845,-0.08307809390686942,2.070488911154621,0.5869565217391305
3055663.069538861,0.25031975502552917,-0.13700257120670958,1.414576943105935,0.5434782608695652
2666089.083954787,0.21667597211045053,-0.07369417284794279,1.4333767644761308,0.5797101449275363
2619486.9153501163,0.212392515575206,-0.10001564335457547,1.6222886026847987,0.5507246376811594
2127352.877863251,0.16296838050692775,-0.10169321702309816,1.3332675895761545,0.5507246376811594
3741888.239757874,0.30202152016185435,-0.05970093756295999,1.6736998422748595,0.5362318840579711
4774703.926210335,0.3670653929164902,-0.04818054340931614,2.0393005439317324,0.5579710144927537
3943372.7356525054,0.3157505671274625,-0.05699099916112707,1.6574848168375622,0.5434782608695652
3592731.5493064276,0.29147187728802826,-0.04743791822283488,1.8211180753307872,0.6086956521739131
2911669.680600798,0.23830726484164488,-0.09020604125881504,1.5300795690335809,0.5507246376811594
2973356.3577244985,0.24351031617264285,-0.12222756981653168,1.6804200993654672,0.6086956521739131
2938050.8532223464,0.24054311200501033,-0.055864996422845335,1.8286682723183032,0.6014492753623188
5898204.126328543,0.42608023165463615,-0.07578705658038297,1.9346887025888027,0.5797101449275363
2480869.2433751463,0.19928050765940264,-0.12076909085392966,1.2981499300604524,0.5579710144927537
3500018.731866011,0.284736532291171,-0.06937895200844811,1.8623403837101702,0.5652173913043478
3293887.089468325,0.26923412922093193,-0.08509804536190019,1.6134435885428422,0.5507246376811594
2778937.619454911,0.22680562785955116,-0.08353204571422711,1.6055680134361823,0.5579710144927537
3519908.897383648,0.28619342348504473,-0.07079132641884893,1.6437045954366047,0.4927536231884058
3694284.1182837565,0.2986916809699445,-0.07046845630185818,1.7801454593393577,0.6086956521739131
2755568.2707282454,0.22473529880614485,-0.07903874374066658,1.3752652554332214,0.5434782608695652
3297408.3773500486,0.2695053849565483,-0.08788350267044423,1.547188523197131,0.5869565217391305
3400671.584951421,0.27735890066761604,-0.11725995981903226,1.6759913407608973,0.5797101449275363
3788370.207080131,0.30524032436054704,-0.06337074734425133,2.1277119500297235,0.5869565217391305
3804520.4246843616,0.3063513066265171,-0.06767609543955891,1.7518023120731403,0.5652173913043478
2848373.7526551113,0.23287599045651142,-0.06736488190052385,1.6358111501360704,0.572463768115942
2032649.68551729,0.1524245658799528,-0.12592040009694536,1.1560946090877955,0.5652173913043478
1931656.7594155348,0.1407382172819145,-0.1067051332419962,0.9300330993375044,0.4420289855072464
2603201.1146085346,0.21088122193469716,-0.0837316307738848,1.3441272216009867,0.5579710144927537
2176610.2419599174,0.16830472649560857,-0.11329226863088818,1.0629445402767652,0.4927536231884058
2830131.262146839,0.23129273138177142,-0.12178083995335894,1.2881620180431315,0.5434782608695652
3651251.646937707,0.2956519505089419,-0.07236933881282341,1.7879600949435377,0.5289855072463768
2848660.9279106813,0.23290084935713007,-0.061125141524863986,1.6801138192159548,0.5434782608695652
2781949.0217769216,0.2270713988470343,-0.07973431873077452,1.6254357600798879,0.5797101449275363
2955626.765318677,0.2420238004588351,-0.09507848731003611,1.6306081115702145,0.5434782608695652
5979371.337111443,0.4299837591543225,-0.0549384579886129,2.3148327136718687,0.644927536231884
1514617.1273039512,0.08657716210163002,-0.09075486027585052,0.7419430554652787,0.43478260869565216
2602696.2203152296,0.21083424788792904,-0.08121871549684377,1.7105803927395438,0.5797101449275363
4296977.174706598,0.33854386951394355,-0.05877145689605362,1.8375106256745721,0.5652173913043478
3761135.38271482,0.3033582138554183,-0.054444774934460954,1.7864608063541463,0.5869565217391305
2307417.998654605,0.18202117098359238,-0.0577198515031664,1.3349989560408202,0.5
3420980.4487570417,0.2788809505751404,-0.09846757692052031,1.6889823967742787,0.5507246376811594
3519912.2437117165,0.28619366803816493,-0.07806049467587091,1.8213844847377518,0.5434782608695652
4035231.97218527,0.32182420761586994,-0.06107349127967053,1.7553729801223037,0.6014492753623188
6911761.165256964,0.47203367260114715,-0.09723778140776934,2.1224314213182143,0.5869565217391305
3794055.1058125393,0.30563182301219083,-0.11376861266655312,1.5949470051436923,0.572463768115942
4713031.94418081,0.3635154919808359,-0.055703457515919666,2.0412517648819923,0.5797101449275363
4348675.411424432,0.3417493654155368,-0.06448169455493208,2.164557378216208,0.644927536231884
2380907.317208638,0.18945631925717432,-0.09664281181593735,1.1649731010688669,0.4927536231884058
2354237.5039282315,0.18677955169364902,-0.09925329406117468,1.3683129212648468,0.5507246376811594
3724226.264966756,0.3007900663736329,-0.06263770075401796,1.7024313148845422,0.5507246376811594
3833306.049050674,0.30832216445477867,-0.0740492494798955,1.7920352649848759,0.5362318840579711
3362808.7125832126,0.27450174019766127,-0.11581124837323797,1.6002672600468515,0.5797101449275363
4449802.99046478,0.34793253723812656,-0.05479665611414293,1.8850586130256783,0.5652173913043478
3230076.7384183803,0.2642779630126988,-0.11778205655279528,1.5022795585671462,0.5652173913043478
3384614.6208362863,0.2761503538591359,-0.1650893483774062,1.7141834938806217,0.572463768115942
2682184.5660146833,0.21814147955295016,-0.0670853154124018,1.54537084951549,0.5507246376811594
2869557.778215993,0.23470439694645595,-0.10933465498602916,1.2811324657700707,0.5144927536231884
4501110.583014378,0.3510267143064447,-0.07571685124323509,2.0648491900323562,0.5942028985507246
3522694.129985759,0.2863969068502352,-0.08721668154642707,1.4728823955658183,0.5289855072463768
6399427.736449733,0.44953340361670535,-0.0669470542343681,2.2211315291790714,0.6159420289855072
1927054.346404788,0.14019410827230727,-0.1308733079515497,0.9612364300738389,0.5362318840579711
4952814.548359809,0.37711564858983637,-0.10677503690764834,2.08518796951995,0.5579710144927537
4405847.379864158,0.3452589490858329,-0.05674301261946258,2.4699157429412257,0.6159420289855072
3118552.601075274,0.25542454325056707,-0.07060275708866628,1.7392214834647597,0.5942028985507246
5632368.09311208,0.4129871292252698,-0.06786542488248799,1.930982288141808,0.5942028985507246
3080714.215816002,0.2523631564380664,-0.04178082819836757,1.8482440449430586,0.5434782608695652
4752808.532873959,0.3658092944835707,-0.10400012852611998,1.843044925311809,0.5507246376811594
3401973.452622249,0.2774566870974311,-0.07815027568379385,1.8606202175838662,0.5942028985507246
2215172.829189152,0.17241542370394658,-0.06644741991745652,1.481433074722833,0.5579710144927537
4002886.5748817236,0.31969829874348354,-0.11142154076899104,1.6365487347234833,0.5362318840579711
2962514.1533308774,0.24260211011259591,-0.0649329203939415,1.7447798680690367,0.6159420289855072
2640059.215553687,0.21429088104255767,-0.08915953725964762,1.3943483629205788,0.5072463768115942
3982575.884356986,0.3183563395885849,-0.08034059322637833,1.6845040070649127,0.5144927536231884
3687623.6056802394,0.29822305447179565,-0.08479930950570377,1.5152661658534883,0.5217391304347826
5815539.247285349,0.42206025386431034,-0.035312440693065064,2.151664145595313,0.6159420289855072
2631032.1405803985,0.213459345316948,-0.10701535096017929,1.3089224549920984,0.5072463768115942
1759669.2891550248,0.11966012283750915,-0.08865470933616318,0.9767884249720309,0.5652173913043478
3653620.123551227,0.29581999838452067,-0.07376039662244148,1.7531998426949087,0.5434782608695652
2377667.498543995,0.18913243247700007,-0.13637625786911842,1.3709182263717201,0.5144927536231884
2846729.998923608,0.2327336627535328,-0.05423994414465537,1.569758665658733,0.5652173913043478
2507354.499139316,0.20183029735522973,-0.10507952740804243,1.4194857299478523,0.5289855072463768
4018357.8441269696,0.32071685946372597,-0.0673116197362083,1.932057238817769,0.6159420289855072
2661573.631902419,0.2162635652094027,-0.09492090517469778,1.3390287610407263,0.5579710144927537
6690848.13094743,0.4625012113634379,-0.08393766478082221,2.0822378845934115,0.572463768115942
3387086.58756507,0.2763367077210903,-0.09448438121163721,1.7562196967517014,0.6014492753623188
4063910.1549691847,0.32369771630357036,-0.06474384564838405,1.8605193076801423,0.6376811594202898
3253542.7430691672,0.26610960459802535,-0.07282487684872986,2.0198832152234663,0.6014492753623188
4354901.412893687,0.342133342273669,-0.060757105186623854,1.8028263273528013,0.6159420289855072
3835906.7363347323,0.3084996412215746,-0.0941886637682836,1.7940463758568261,0.5797101449275363
3271940.9736217256,0.26753830349463015,-0.07868578722329872,1.4661248682329973,0.5217391304347826
2710868.518429113,0.2207358272367439,-0.09037464429858434,1.4051695240144773,0.5507246376811594
2789646.077858065,0.2277496572825366,-0.11306738132827422,1.7868452788620146,0.572463768115942
3478255.1861193585,0.28313481358216275,-0.09797118233365744,1.5927395454308397,0.5434782608695652
3203509.9576074067,0.2621913967743186,-0.05743375959372541,1.539572686455403,0.5579710144927537
5215321.09956475,0.39141349283969307,-0.07745001573397027,1.974156744525887,0.5652173913043478
2250896.2517326237,0.17617270207614855,-0.09773595064435538,1.338978108454995,0.5652173913043478
2995302.7472494,0.24534059419324494,-0.08574329738062504,1.2701448840659677,0.4927536231884058
5946703.61146659,0.42841781724830663,-0.03631685338081594,2.3328472054405345,0.6304347826086957
2574930.088112754,0.20823966341335765,-0.06114469136862329,1.4095096814112895,0.5072463768115942
4895217.877296765,0.3738977276883584,-0.07440686744081847,1.741290312450528,0.5217391304347826
2556063.898935032,0.206463927485387,-0.09455902429073508,1.3604127502624292,0.4855072463768116
2738523.899213311,0.22321643359645904,-0.09637206689960416,1.3600726028380679,0.5217391304347826
4198163.499544808,0.3323301923196036,-0.08418436119898805,1.9414830157215441,0.5652173913043478
3491508.925472562,0.28411119235901716,-0.06920444336445088,1.665625350841411,0.5507246376811594
3984125.691159084,0.3184589304601557,-0.05165922365468062,1.902958343472745,0.5869565217391305
3601684.333882684,0.29211488451891343,-0.06941690478320409,1.6882281741490583,0.6086956521739131
2392885.5750806467,0.19065074030576334,-0.09419811587700068,1.3724008398534513,0.5507246376811594
1957295.2025414638,0.1437504193962702,-0.09620026659612796,0.9913139615556701,0.5362318840579711
3041967.877014397,0.2491969773951368,-0.10748665921128216,1.7834996243333219,0.6159420289855072
3584693.125769615,0.2908934482418173,-0.12936363438678822,1.4560146006878645,0.5289855072463768
3153670.136537307,0.258239321012689,-0.07940476911460183,1.658520586717528,0.5797101449275363
2525971.676135011,0.20360974488217476,-0.09390197568630557,1.2483115334664023,0.5217391304347826
2420160.160169328,0.19335270395032622,-0.06942102863917808,1.2771486660451095,0.5434782608695652
3238064.1147110197,0.26490261010267746,-0.0881829959129578,1.55441902895742,0.5072463768115942
2798019.1944836574,0.22848579159442362,-0.04986682598277259,1.3974661669869186,0.5072463768115942
3318488.5641573886,0.2711244284678067,-0.08557983830899167,1.520229298831072,0.5652173913043478
4218687.716221196,0.333630366336396,-0.08942328863708472,2.0736842576222436,0.6014492753623188
2621002.6604653895,0.21253279135418057,-0.0589096575726651,1.5345787539011433,0.5579710144927537
2808545.2339882515,0.22940870701268246,-0.06487448207348885,1.3182786313657757,0.4492753623188406
2355975.813881228,0.1869547576079913,-0.07421354045853057,1.2897883303225919,0.5289855072463768
3243603.2771387035,0.26533507292235203,-0.12142230788779713,1.5206295957444582,0.5144927536231884
4260012.964021151,0.3362329727259914,-0.04997000178370721,1.8210952840220431,0.572463768115942
4458092.314034053,0.34843436316060017,-0.09684725807009104,1.7261407368362642,0.6159420289855072
2879190.622081043,0.23553224410886475,-0.06046632287798641,1.5412828553747036,0.5652173913043478
3764526.155323717,0.3035931322010412,-0.09202723558015756,1.7029939438654185,0.6014492753623188
4608580.646456262,0.35741748270872997,-0.06830132061322246,1.8385714216559434,0.5942028985507246
1955996.3133565888,0.14359857724669123,-0.1212853645526587,1.126241460310575,0.5289855072463768
3346958.1160765863,0.2732979959023669,-0.10916338877795367,1.6166955872868227,0.5797101449275363
2248383.691855531,0.17591000452009342,-0.08027174055526587,1.2031011915386751,0.5579710144927537
4816862.855476561,0.36947105118408485,-0.06548579301784428,1.7094588013379475,0.572463768115942
9319163.35218251,0.562699182209079,-0.06361927676991992,2.313068873687609,0.6666666666666666
3303261.265314594,0.2699557388143232,-0.05806526720722316,1.52700451621882,0.5
3778135.10387271,0.3045342830112867,-0.09304540010760086,2.0815255996434057,0.6159420289855072
2177580.044851832,0.16840881710437228,-0.07790832692762484,1.2531390569552063,0.5289855072463768
2933269.991427357,0.24013912108903623,-0.12480219392710708,1.6060736966697193,0.5797101449275363
1953263.2641763592,0.1432788159600129,-0.06576005337958567,1.2953946785462467,0.5507246376811594
3508401.8659494068,0.28535137556724255,-0.061496078749652995,1.9524039179060255,0.6086956521739131
4629964.999927304,0.35867486629821355,-0.05140094790330408,1.9830931045509497,0.5869565217391305
5350869.492031119,0.39857213684793047,-0.0934210264471688,2.0570749905387045,0.6304347826086957
2546931.8511315556,0.20560062630065867,-0.06369644333086531,1.4130063003070439,0.5797101449275363
6943225.071927947,0.4733714451992366,-0.09663268771759406,2.066589921450999,0.6086956521739131
3462135.108475106,0.281943257277915,-0.07155595956575012,1.751577409794623,0.572463768115942
4185325.330867386,0.33151432886111176,-0.1115115857298698,1.7524107230803028,0.5434782608695652
2950371.114674967,0.24158177637343825,-0.09035096534344116,1.3935967011692085,0.5652173913043478
4053624.6914439965,0.32302700025407804,-0.0910923661827872,1.7238310543895619,0.5942028985507246
3697106.7245369293,0.2988900726122985,-0.09108081740985394,1.6990058948342188,0.572463768115942
3564819.5600701217,0.2894589188872916,-0.06362512209503306,1.7977109100358897,0.6014492753623188
3776392.082632993,0.3044138928915845,-0.06701634299789193,1.6811932846533844,0.572463768115942
2302285.972665458,0.18149490592107043,-0.10576290738400801,1.4828413289228672,0.6086956521739131
3570699.409918011,0.28988400786749646,-0.04374461476745022,1.7725562019487409,0.5869565217391305
2321127.8270830507,0.183422471468212,-0.08918764673773324,1.2281576053532752,0.5652173913043478
2285088.1121708318,0.17972447676377978,-0.09214163953149179,1.1561101187597749,0.5144927536231884
4962395.451372339,0.3776480252408201,-0.07648134123166553,2.025412234679112,0.5942028985507246
3794353.9269457664,0.3056523887698972,-0.06522215910389992,1.8571334955097396,0.5797101449275363
2781672.3186632097,0.22704698804845358,-0.1062705529083537,1.431816520223216,0.5072463768115942
2753751.8424949204,0.22457379087972296,-0.0531367852870826,1.5423158703832873,0.5869565217391305
3793790.8420269378,0.30561363451403856,-0.047195953877081274,1.6019320787221278,0.5217391304347826
3445842.2960379897,0.280734414268774,-0.08362027323261176,1.443702275157424,0.5289855072463768
4134168.7934361016,0.32824332136792544,-0.09221987240852529,1.7650249268211589,0.5362318840579711
5219791.113000706,0.3916519251687127,-0.0772965663681518,2.0373036714626136,0.5652173913043478
3223344.65900567,0.26375052513383634,-0.06316756422499371,1.7416203155130343,0.5869565217391305
4365846.235327308,0.3428072802054818,-0.05009792926304328,1.9817464608548667,0.6086956521739131
5533368.24195944,0.40798463226598347,-0.06404246225931035,1.9509283033063545,0.5652173913043478
6641106.2220789315,0.46032017535251524,-0.0600637886558972,2.255483764713606,0.6521739130434783
4158317.3052846272,0.3297914157938058,-0.09126748253527467,2.098415806958727,0.6014492753623188
4004748.7517214115,0.3198210628731597,-0.07666836284119627,1.8443724968017865,0.5797101449275363
4256904.522792138,0.3360379116053718,-0.08651476162935176,1.941510402344241,0.6014492753623188
5310930.343949596,0.39647807342077224,-0.08634344567746668,1.8419699482845826,0.5869565217391305
3988391.39736322,0.3187411379888241,-0.10424028487782044,1.7522907400598107,0.5362318840579711
3198970.4675328895,0.26183347962481984,-0.12933333091019725,1.575305089981934,0.5579710144927537
4659457.657298407,0.36040141156702865,-0.10274874911775535,1.9400198563586952,0.5797101449275363
2150020.46449738,0.16543624026862824,-0.13642079833315227,1.17034264113015,0.5289855072463768
4980515.887696977,0.378652669104238,-0.08863992808656136,1.873881237050403,0.5869565217391305
5429301.42941513,0.402648303533095,-0.048246849273443644,2.200092574202621,0.6086956521739131
2619867.0135788494,0.21242769815238205,-0.10443077753738804,1.596600736787967,0.5362318840579711
3771827.38286502,0.3040983992337094,-0.08426538546293011,1.5575328919009082,0.5507246376811594
2988265.3996521886,0.24475486759529375,-0.08112313169748608,1.6886001425138073,0.5289855072463768
2801471.7527681924,0.22878881502682158,-0.07674580309619204,1.6493360118813893,0.5869565217391305
2333835.359426196,0.18471542522419537,-0.08735755428511612,1.2433777676850912,0.5
6327342.744497992,0.44625299744092484,-0.06774613692501055,2.1960245223724537,0.644927536231884
2767389.7030118844,0.2257843270415152,-0.09232598779776043,1.5170268128657243,0.5144927536231884
3227655.6232745047,0.26408837738206326,-0.07516005658955648,1.491117153286537,0.5652173913043478
3830627.204148145,0.30813925329482794,-0.042176919741590574,1.8043953779117896,0.6159420289855072
2690249.728564021,0.21887317518373117,-0.05945915108526997,1.5036432325155888,0.5507246376811594
4026298.191252556,0.3212383994349488,-0.07588723146027236,1.688206076889444,0.6086956521739131
1884105.604314947,0.13506582581656001,-0.1492260390567635,0.9883378888118988,0.5072463768115942
2901217.0207084618,0.2374169006974396,-0.059084233877544697,1.7974280477171902,0.6666666666666666
2520495.72261538,0.20308744023435565,-0.14073477546634544,1.5271142246743838,0.5507246376811594
5428150.431627664,0.40258882693060283,-0.06892725969345875,2.0294710647017706,0.5797101449275363
2708150.4493368007,0.22049093333329406,-0.07233863156116481,1.650601987238957,0.5797101449275363
3816231.8076488124,0.3071545814354404,-0.06177931523202953,1.8897620536678297,0.572463768115942
3839392.048232225,0.3087373358842269,-0.0861241388159098,1.6141302163089306,0.5434782608695652
4188994.115837232,0.3317476836144009,-0.08342401697367867,1.8950093757092785,0.5942028985507246
3401049.2480484117,0.2773872709396643,-0.10428941820677312,1.76326305583447,0.5434782608695652
3642474.0680050026,0.29502840329254276,-0.06828891262374027,1.5207525529435222,0.5
3109042.7155802455,0.25465793548129145,-0.07383976073677706,1.5299174892588023,0.5507246376811594
4959567.319076483,0.3774909616047004,-0.06572969448600863,1.7267536548550606,0.5362318840579711
2687178.385188049,0.21859474090022846,-0.07517387463448795,1.2753025893506784,0.5289855072463768
2429918.918752124,0.19431354142419432,-0.074732183220932,1.3943880128388533,0.5144927536231884
4960388.846664969,0.37753659348271884,-0.05969895196515619,2.1160224701367176,0.5869565217391305
4049278.755135747,0.32274319211353797,-0.08339099317173314,1.8406892307010807,0.6086956521739131
2482635.101340326,0.19945118625039004,-0.11907351513193265,1.3882600086794623,0.5434782608695652
2857550.1224240344,0.2336693396574181,-0.06047762217588481,1.6022882884346514,0.5652173913043478
2002055.2946348477,0.14893434936597894,-0.06381851502152076,1.2133221335114952,0.5217391304347826
4063191.543236209,0.32365089971748207,-0.09914691105494634,1.694918571516203,0.5072463768115942
2548901.3314058417,0.20578702096711798,-0.08445790907478783,1.4080232980934162,0.6086956521739131
3347882.9055215805,0.2733683524699293,-0.07563765310900407,1.7709859256820908,0.5797101449275363
6567748.022801182,0.4570796624802209,-0.10443853486761237,2.06115868840043,0.5652173913043478
2707605.27291113,0.2204417900908724,-0.09853753594285762,1.3374506404985949,0.5362318840579711
5172753.511289245,0.38913469006524126,-0.08276144342408817,2.008921976598252,0.5942028985507246
2338998.350300515,0.18523913564534356,-0.09598110028304477,1.2842915586334163,0.5507246376811594
2404982.8019816517,0.191852179560964,-0.10064264620832086,1.3945659412490814,0.5217391304347826
1818433.6873103261,0.12704042483869427,-0.13481312699793835,1.1062959186645214,0.5072463768115942
2483977.018759694,0.19958082403331256,-0.06940060816877021,1.3429955045815911,0.5362318840579711
5690920.021293132,0.4159127628205237,-0.05043936518078534,1.974624351367273,0.5579710144927537
3105687.9102401314,0.25438705138953455,-0.06315148410810911,1.9198816284069504,0.5869565217391305
2896793.7388574383,0.2370393498471035,-0.07791295781046073,1.478846507971137,0.5217391304347826
2567068.773081729,0.20750100464886034,-0.07608803474400011,1.4698924987403168,0.4927536231884058
2896144.584735918,0.23698390225530863,-0.08808790038231579,1.6051878856464277,0.5144927536231884
3766050.878671602,0.3036987123918926,-0.07914966790587563,2.063691545734847,0.6014492753623188
6144229.988382143,0.43778349136475336,-0.07743704615699724,2.290695105047155,0.6304347826086957
5974850.415862893,0.42976745547699946,-0.0762602263955049,2.030144884588401,0.644927536231884
2963164.960033969,0.2426567004158544,-0.10074767958090418,1.5273746067207572,0.5362318840579711
2339320.232811982,0.18527175531357032,-0.05800040586379234,1.501257291577583,0.5797101449275363
2061866.7693730455,0.15571864533120316,-0.12904636628325364,1.1775164417684953,0.5434782608695652
6117736.238034366,0.43654141062945095,-0.059021861463114035,2.080785847480054,0.572463768115942
3884552.5651750085,0.31180173366564734,-0.07774814383973125,1.6691555342454631,0.5797101449275363
2201700.8126672707,0.17098588608482612,-0.08597440477234235,1.5160008998724794,0.5507246376811594
2529479.7163462774,0.20394387117640989,-0.2505219265172844,1.3327265019118055,0.4927536231884058
3963182.343097928,0.31706985835735946,-0.08443274650065499,2.004145136602008,0.6304347826086957
3973411.5923146186,0.3177490472833213,-0.1172019941461612,1.6713506901762998,0.5362318840579711
6715306.329617273,0.4635688774117326,-0.07417395897305426,2.1581781436659453,0.6159420289855072
2856460.266237349,0.2335752221603129,-0.07543276448095418,1.3870338302736698,0.5434782608695652
3613465.327055566,0.29295907392784826,-0.06804116562649914,1.566515050624849,0.5072463768115942
4512680.417110567,0.35172054787576545,-0.06816908794389694,1.9439235066884457,0.6014492753623188
4146497.424360776,0.32903457706766237,-0.10634456558994294,1.7299391699012936,0.572463768115942
3647038.9081948935,0.29535283313847804,-0.06541126912269286,1.7174175783858017,0.5217391304347826
2804988.208463877,0.22909713964565293,-0.09060202800092021,1.5498486005567773,0.5217391304347826
2731227.466699665,0.2225639183266106,-0.08139542618978396,1.3333208869726174,0.5289855072463768
3848362.859412723,0.3093483429414212,-0.05951031876366704,1.8537409295461917,0.5507246376811594
5987405.852416326,0.43036784823224217,-0.05923322879999997,2.0020937896092503,0.5797101449275363
3600332.828930526,0.2920178986824753,-0.08094228347989636,1.7257341203291765,0.5652173913043478
2496839.623616469,0.20082059988215772,-0.084762049563704,1.3001828576731573,0.4855072463768116
3613824.972579148,0.2929848103547634,-0.08191984565819242,1.8341121775135663,0.5579710144927537
2188732.768336846,0.16960320042462107,-0.09846328955683366,1.223525426558408,0.5144927536231884
3982938.405495886,0.3183803398665297,-0.08933389548217371,1.7863273616956687,0.5507246376811594
4113462.4526365995,0.3269101234750109,-0.052255591728878094,1.9203802372918057,0.5652173913043478
4523868.451021957,0.35239013307427447,-0.06597367305753232,2.055827398101434,0.6376811594202898
4743235.922893994,0.3652586766523338,-0.05419763839999995,1.961119136330488,0.5942028985507246
4610382.846128506,0.3575236305646854,-0.03797095913088724,1.8577676616729015,0.6014492753623188
2593288.658706527,0.2099576566967003,-0.08903310398670061,1.5560439296775115,0.5507246376811594
3436700.1137077436,0.2800541072718048,-0.07059903332838402,1.6493167511407192,0.5652173913043478
2333727.027480707,0.18470442659831776,-0.07147909822383473,1.431512791450719,0.5579710144927537
2683077.214898006,0.21822254988048728,-0.07619453791372831,1.6327681234134852,0.572463768115942
1843170.5498376498,0.13009018890682666,-0.10191163616791162,1.1751597273814927,0.5579710144927537
7537827.219568249,0.4977841680860624,-0.06602209138175984,2.063777000969032,0.5797101449275363
3099177.8962671435,0.25386073109921137,-0.08064568520305875,1.5739939191000336,0.5289855072463768
2759407.4598879763,0.22507638070246805,-0.05889879679999991,1.527565073439462,0.5289855072463768
1485275.405800857,0.08233424059922534,-0.1998904907518033,0.7461803699164091,0.4855072463768116
2196619.595723553,0.1704448921726287,-0.16967428554749964,1.176343264937336,0.5289855072463768
2007916.5460481378,0.14960629093177436,-0.13977325994115694,1.074608854306531,0.463768115942029
3050769.0106578665,0.24991898685276492,-0.07391038873252118,1.532054924239683,0.5434782608695652
5170344.117768491,0.38900525819197895,-0.07617467322597084,1.8856541213752982,0.5289855072463768
3130498.8113768524,0.2563849014545492,-0.10901966049741771,1.5495131970048814,0.5507246376811594
1759408.5900102474,0.11962694481505465,-0.1383504445117344,1.0981760687007804,0.5144927536231884
3632400.8197217,0.2943113303962346,-0.05922813979326771,1.8350632819845898,0.6014492753623188
3918714.778463424,0.31410095510649527,-0.11763294815490732,1.706053281935398,0.5362318840579711
3006949.697406609,0.2463075690814398,-0.09388555583609487,1.5587644072566358,0.5942028985507246
2581893.51673256,0.20889245040201398,-0.09316669398856396,1.6255253199728437,0.5869565217391305
4967498.945466429,0.37793127264102844,-0.06729860795031928,2.1917632947265853,0.6304347826086957
3691819.4891211516,0.29851835115615066,-0.07276956341654434,1.7736646300392238,0.5797101449275363
3480315.070554545,0.2832867566336763,-0.09678139286569554,1.4216788515781458,0.4927536231884058
3045711.797789791,0.2495043175089886,-0.07471357126191061,1.7457055619108282,0.5289855072463768
4758035.938208525,0.3661096011247409,-0.04645462683779443,1.8444612812293912,0.5797101449275363
5099833.880622843,0.38519592725265084,-0.06733600669830694,1.6995932944439498,0.5217391304347826
4729805.833379376,0.36448467560609665,-0.06516889326999149,1.9286808876358734,0.5942028985507246
2043347.0093800668,0.15363500456727563,-0.07690477978115777,1.3200219479231439,0.572463768115942
4038097.4327589814,0.32201188256396573,-0.09281673810362233,1.7071739758482996,0.5797101449275363
2127414.7704118015,0.1629751474368586,-0.09704829315152853,1.3360157196321896,0.5289855072463768
3008758.1142926165,0.24645744200114805,-0.040841230765064164,1.5946760291355295,0.572463768115942
3480493.0380014773,0.2832998806521563,-0.06270870090591499,1.6550168620554955,0.5869565217391305
3319824.12725556,0.2712267276690814,-0.11465339566047804,1.4713860860230163,0.5289855072463768
4082193.118085338,0.3248866049264536,-0.09240022402175893,1.8209377865395313,0.6304347826086957
3206489.6911490965,0.26242611404137994,-0.11934612807758238,1.3808362426257508,0.5217391304347826
3729105.9943787293,0.3011307642227137,-0.14024843982593488,1.4983546065992315,0.47101449275362317
2752449.687749437,0.22445795718376638,-0.07723827827176526,1.5132788860236646,0.5144927536231884
2730598.9003184345,0.22250764082216357,-0.07737372483654942,1.395253976393725,0.5507246376811594
2573261.540177326,0.2080830355845058,-0.06300209111442093,1.3667014285789316,0.572463768115942
3239451.035576877,0.26501094763248956,-0.08000772278962984,1.5198387644550047,0.5362318840579711
2402862.9602220943,0.19164199682828076,-0.04950725015557975,1.3507114716034696,0.5434782608695652
2361721.5126021826,0.1875331371686757,-0.10804516877920943,1.4074792134512073,0.5289855072463768
4788593.276781826,0.3678598126610879,-0.06779543731824757,1.9670661952976964,0.5797101449275363
4054979.0440704506,0.32311539549578794,-0.08499162650743437,1.8954635351279763,0.5869565217391305
3804862.0653617377,0.306374767492297,-0.06371816009978491,1.8626099660444417,0.6014492753623188
3769632.8879476055,0.3039466158527844,-0.07858251503627822,1.679983959349869,0.572463768115942
2223818.468483892,0.17332916670835452,-0.08158496610739317,1.3759945445066255,0.5362318840579711
2580726.3466326604,0.20878313231266254,-0.11942263063617065,1.5086353143096425,0.5144927536231884
2631225.564244421,0.2134771865927989,-0.1051332739886425,1.4256998009890138,0.5942028985507246
3162072.8270438574,0.2589091022644612,-0.07351003569564139,1.5167096505984756,0.5652173913043478
4899304.913904714,0.3741270656315143,-0.1035353683791496,1.9704407268182402,0.5797101449275363
1806345.921931574,0.12553805834838672,-0.11943138961077678,1.1831614325253694,0.5217391304347826
2346563.7655391176,0.18600486919239723,-0.06958493985276026,1.4402532865678974,0.5144927536231884
2825745.981327932,0.23091091770205718,-0.08996240502634338,1.5338414109053395,0.5289855072463768
4462227.409458478,0.3486844179712709,-0.06977026292291244,1.8364965887991713,0.6014492753623188
3827892.352663347,0.307952412420029,-0.11033060351014619,1.521043138861046,0.5289855072463768
2190251.6582790874,0.16976548662436897,-0.10988352039904124,1.3696464899356224,0.5362318840579711
2453598.9988718107,0.19663228851470738,-0.07106664499591034,1.3562796811713664,0.5289855072463768
4745829.275218237,0.36540793436368535,-0.07205919113172603,1.86451677215455,0.5652173913043478
2043910.670518095,0.15369864402531563,-0.05664425486836236,1.220814572452709,0.5652173913043478
3535092.567774092,0.2873011525622071,-0.10121667240190027,1.8249205218847708,0.5434782608695652
3202285.4026562953,0.26209488643864787,-0.11119836870117411,1.3866940990715988,0.5289855072463768
2191907.5195702,0.16994230501842877,-0.07571664065403744,1.2254417552883323,0.5289855072463768
4295781.537943436,0.33846937107699704,-0.08578998457435962,1.9221762920498024,0.5942028985507246
3388458.0890867068,0.27644005401798943,-0.08405046408755736,1.7381343465520434,0.5507246376811594
2242930.363778447,0.1753390295998718,-0.05870418582147215,1.370301780509181,0.5434782608695652
3546304.253324325,0.28811666392557944,-0.12188550842095686,1.641518517473927,0.6086956521739131
3026916.0587434783,0.24795830478630165,-0.08485334818771509,1.7969123077421905,0.6014492753623188
3438985.543378047,0.2802243109943148,-0.0876028594689911,1.8245243987881694,0.5797101449275363
2904857.8750068205,0.23772732179180434,-0.06557691261504052,1.755310525535512,0.6086956521739131
2888302.5742111728,0.2363132890236812,-0.0817381088187209,1.475680458122578,0.5652173913043478
4661168.567029777,0.36050130225826216,-0.05176922267014669,2.1907524633212376,0.6521739130434783
3637853.848543192,0.29469970618188057,-0.11949410016235112,1.840893903044685,0.6014492753623188
3070561.014400611,0.25153657594802814,-0.08546978084834211,1.5870532860588449,0.5507246376811594
2246186.7983111683,0.17568011854693433,-0.1169336323818706,1.2037304118293417,0.45652173913043476
3103319.224045574,0.25419565056288906,-0.06418764529164787,1.705004268294749,0.5652173913043478
3140221.9594846577,0.257164385398684,-0.0533160886164748,1.6933961617070858,0.5507246376811594
3577800.8888989864,0.29039666965716515,-0.10399731244969349,1.6255826601299863,0.5507246376811594
4233906.82959963,0.3345912076155946,-0.055546265631829565,1.890456367863454,0.5072463768115942
5506598.214043903,0.40661964303182785,-0.13685866515997352,2.000014134062352,0.6231884057971014
3391887.252941069,0.2766983043001947,-0.056329210778027446,1.5548742341931714,0.5797101449275363
4140580.8641049555,0.328655085453198,-0.10196948569850083,1.937369547607605,0.6304347826086957
4621371.108485938,0.35817011159085754,-0.05891766400044545,1.7579945035851945,0.572463768115942
2783055.103376841,0.22716895816860694,-0.05735182307254003,1.5762957124681778,0.5362318840579711
2472888.8898052215,0.198507954172207,-0.1126921228552186,1.2901186614270608,0.5579710144927537
4829736.313075682,0.37020227444476417,-0.066980293510619,1.88676079692307,0.5942028985507246
2504211.4210748426,0.2015288368358319,-0.10597710469304507,1.211038061553607,0.5072463768115942
1872812.5709697944,0.13370187046098825,-0.07475769480990596,1.0588043932225533,0.5362318840579711
1823754.0609096526,0.12769915338020876,-0.1471550591988281,0.9581247115428598,0.5072463768115942
2866885.2463066573,0.23447432547688307,-0.11966816554578907,1.4861062329104948,0.5434782608695652
3022613.384285065,0.24760331549061365,-0.0777596549519596,1.5866501776874986,0.5797101449275363
2501241.630262628,0.20124371848233813,-0.06321417688631126,1.6539000044058108,0.5869565217391305
2052014.495724088,0.15461204791046734,-0.0781387976771474,1.3198402789725148,0.5507246376811594
4385045.399293896,0.34398622906552667,-0.07548309542321173,1.784366090229421,0.5434782608695652
1643359.3371115546,0.1044511388117797,-0.1511166744629759,0.8791357487120162,0.4782608695652174
3544834.6938477936,0.28800988922354187,-0.07444793559859013,1.666813542078966,0.5507246376811594
3325379.475791901,0.2716518938801258,-0.08002332562999462,1.52821418630641,0.6086956521739131
3764019.5929030892,0.30355804747528947,-0.07202461095558169,1.6219318617231462,0.6231884057971014
4136100.0629963046,0.32836739548424165,-0.10289097449601117,1.8587848667099731,0.5869565217391305
5276967.309393942,0.39468741081659275,-0.11867978480291169,2.0647090137496673,0.6159420289855072
2906525.308742268,0.2378693841353483,-0.06428694725303226,1.7352785296315025,0.5144927536231884
3051094.2590994556,0.24994563697709182,-0.10301382668298427,1.3671938261483976,0.5144927536231884
2545127.639722866,0.20542977170898102,-0.13098551156955526,1.340495678813261,0.5579710144927537
4126121.7275975263,0.3277258392010052,-0.06277630816581603,2.1481411108070225,0.6666666666666666
7567993.1900609145,0.4989810636463907,-0.061918948558477536,2.1061762945875917,0.572463768115942
3291095.5291668815,0.2690189217626895,-0.0726012618466524,1.7275357932320217,0.6086956521739131
3338712.8065719204,0.2726700169092413,-0.06248151968592915,1.6047378175818314,0.5217391304347826
2701707.45448641,0.21990964281656145,-0.06795819413113124,1.5838089484687274,0.5652173913043478
3944793.482402774,0.3158453630864049,-0.11598451234635833,1.9578741864466256,0.6086956521739131
1780696.9938561623,0.12232336698768687,-0.07208556890770636,1.2352441942880912,0.5217391304347826
3462496.5819029915,0.2819700250993742,-0.08189889248511119,1.8873208783814748,0.5942028985507246
4002120.668515387,0.31964779305575264,-0.06264173227149668,2.0003355703125045,0.5289855072463768
3095883.6867376314,0.253594064428704,-0.07226225654382969,1.6461747603314631,0.5507246376811594
2856774.213749302,0.23360233689749643,-0.06935013599294278,1.5933456060028253,0.5434782608695652
2246080.233451476,0.1756689628795074,-0.08032450095096211,1.3443529079324974,0.5289855072463768
2038039.2826151638,0.15303505248484006,-0.0647505596907242,1.3573756186568593,0.5217391304347826
4827282.943219532,0.37006304132771217,-0.0822194463801993,1.824961440190504,0.5144927536231884
3199584.8394748173,0.2618819436882116,-0.07157708298135357,1.4561797435142152,0.5507246376811594
5237862.227974727,0.39261418389756586,-0.1174751970749553,1.9700127921808746,0.6014492753623188
3301042.2010857104,0.26978506682129,-0.07386548753235814,1.7183686127219435,0.5869565217391305
1820367.5510475156,0.12728003940988253,-0.08698152959999983,1.0548193713480938,0.5144927536231884
2746087.6386884144,0.22389138740722214,-0.06358725384086966,1.4459096518727483,0.5217391304347826
2573149.8353877217,0.20807254687183452,-0.09717951819857644,1.4724618916557115,0.5289855072463768
2433660.581022965,0.19468112307449004,-0.1260765607847406,1.639236854446429,0.5289855072463768
2025834.530422116,0.15165074767854425,-0.14460121634567513,1.1989317058717694,0.4927536231884058
2783135.810481254,0.22717607553428754,-0.07342742284127271,1.3805440053420066,0.5652173913043478
2442788.2564148353,0.19557593467671452,-0.11816911191691709,1.3667407836947383,0.572463768115942
3160562.5976126795,0.2587888264198248,-0.06972592468244433,1.5637951818901656,0.5942028985507246
5481584.038673109,0.4053393775410734,-0.05763537466885575,1.9710918346623836,0.572463768115942
1678803.5339767972,0.10917475128800702,-0.11330588060579437,0.9035607253254742,0.47101449275362317
3946519.2764010164,0.3159604758675034,-0.09871891739299644,1.7985371947152058,0.5942028985507246
3372969.556365272,0.27527100130861637,-0.06143242716409591,1.6765760168497135,0.5507246376811594
4091373.9511692245,0.32548200229485613,-0.09360801956462493,1.7245243190859905,0.5434782608695652
2892365.5595815443,0.23666091872264294,-0.19431006914094498,1.254115398785685,0.4927536231884058
2467016.208812537,0.19793816306704914,-0.0690128056007108,1.4210503577149456,0.5362318840579711
1904358.9079438113,0.13749569149062313,-0.12455183774559156,1.1806317931712988,0.4855072463768116
2740847.753573723,0.2234239623658163,-0.1255573903107994,1.4974148370357612,0.5072463768115942
2934760.887605531,0.24026516082593785,-0.09023482408742911,1.3452769887931433,0.5434782608695652
1682490.0257537807,0.10966145228106616,-0.1561791496931857,0.8969697773256676,0.4782608695652174
3394513.4281774145,0.276895940325693,-0.07107485481850997,1.742817066549704,0.5797101449275363
2060383.6153781072,0.1555523298189352,-0.10661889267070364,1.1540917229491903,0.47101449275362317
5181341.900723026,0.38959566367450327,-0.06708330846214876,2.008591575589863,0.6304347826086957
2274941.5042676195,0.178674931300294,-0.09755826184400648,1.3314851250005497,0.5507246376811594
1767164.1698614073,0.1206122856720444,-0.1327139469951512,0.9771489608145891,0.5217391304347826
4131015.43227702,0.3280406344630671,-0.08876412908907262,1.8705163385401846,0.6304347826086957
3105834.579188179,0.25439889908056124,-0.056847154830515126,1.5801742966361862,0.6521739130434783
5509669.713590064,0.4067765263852332,-0.06255857199667776,1.87986706292168,0.5507246376811594
3897555.439111168,0.31267876645828974,-0.10127385785221203,1.629219860607047,0.5579710144927537
3846458.386904173,0.3092187235798245,-0.13758809729061755,1.7038940234133102,0.5434782608695652
1655393.2612590292,0.1060639474942342,-0.12027564230235316,0.8095156941703824,0.5
3541708.1236715326,0.2877826021897114,-0.06151671129467463,1.7475027312577893,0.5942028985507246
2417758.328233248,0.19311574681244514,-0.0783182134806888,1.2219331486905738,0.4782608695652174
2727200.4128701,0.22220318403996253,-0.05617327073642702,1.4732288870340702,0.5217391304347826
2514764.9700710927,0.20253985943074104,-0.06776839898513683,1.3038965978168113,0.5072463768115942
5143818.966581804,0.38757713604461697,-0.10428678641392283,1.7928051689794935,0.5362318840579711
4820294.188611445,0.3696661064774325,-0.07225438917791129,1.7008610352938527,0.5579710144927537
2468819.1360237105,0.19811320563207135,-0.12650485571646014,1.341243099423082,0.5652173913043478
4281411.300888624,0.33757268159059106,-0.06596277570786795,1.7124110675953512,0.5797101449275363
5528824.2958637765,0.40775331171928264,-0.05135675295222342,2.0377431728591806,0.5289855072463768
1740907.7805926926,0.11726232244360202,-0.1424573963427322,1.0557484021211383,0.5362318840579711
4094682.4448370775,0.32569630345944867,-0.04985375201397156,2.0257794322184863,0.6086956521739131
5163078.850225804,0.3886146779317392,-0.052836735982335827,2.300155986826157,0.6376811594202898
2431098.730737619,0.1944294952396819,-0.0948056003276538,1.3918287876876414,0.5289855072463768
1638999.9653606825,0.1038645561982019,-0.11602437669106515,0.8458778042820901,0.463768115942029
3220205.4575038836,0.26350427694675926,-0.09937198566301356,1.8342843582407837,0.5869565217391305
5980324.190698983,0.43002933178170766,-0.05049245299697339,2.1119750717139643,0.6086956521739131
3589774.057707031,0.29125918254763206,-0.07946218214282201,1.6487145298121202,0.5434782608695652
1501947.1919847357,0.08475318174492119,-0.06977081917530847,0.8412744137966165,0.572463768115942
2182528.157225504,0.16893932990443372,-0.1148033186550021,1.1361820289791338,0.5289855072463768
2617352.9755089227,0.21219491839421334,-0.08113522915481086,1.3416903730091398,0.5507246376811594
3124298.5018615583,0.25588682401406726,-0.10806449661701348,1.6308186876652606,0.5362318840579711
1646492.2317079175,0.10487192243341181,-0.11860545743574151,1.0594813064078064,0.5144927536231884
5486810.647879486,0.4056072694452426,-0.08030027556930416,1.973306835106464,0.5942028985507246
3256172.036098925,0.2663141752978593,-0.06454049989012363,1.5968321825516945,0.5289855072463768
2463765.8150188825,0.19762233016246533,-0.13572985738122853,1.3686727011362645,0.5652173913043478
2849359.09186348,0.23296127652485366,-0.07584410362804679,1.4608894182757417,0.5579710144927537
3457158.7028066353,0.2815745171479709,-0.06705975038264178,1.8038837097807416,0.5362318840579711
2686493.631848462,0.21853262951310737,-0.0629868882170879,1.279158230456017,0.5217391304347826
2036789.4133055399,0.15289359330967423,-0.10575688486065901,1.1474921553726318,0.5434782608695652
2371510.1688709706,0.18851590584584033,-0.1549849242401847,1.2831137101136119,0.5579710144927537
2382182.373037708,0.189583690736578,-0.10445351014463898,1.3673696389504382,0.572463768115942
3248072.128574695,0.26568354222129664,-0.06133477464770575,1.5933747155387648,0.5144927536231884
1867257.530916084,0.1330285254868877,-0.07480410410381372,1.1521491847050185,0.5289855072463768
3138634.8512405152,0.25703728231619194,-0.057647858587322784,1.626391948666298,0.5797101449275363
3681550.532390745,0.2977951690110059,-0.11510890962306101,1.741534835616919,0.6376811594202898
2170609.476452813,0.16765982768774812,-0.09448449559599632,1.2502342601936085,0.5579710144927537
3076108.3032538192,0.25198845580049034,-0.05284897957740614,1.4056295530186471,0.5217391304347826
3174448.8704517954,0.2598930124867984,-0.0750762794466876,1.7088771375230691,0.5797101449275363
3023353.8380119954,0.24766443491936396,-0.09548798309871209,1.6334114425757424,0.6086956521739131
3527607.2125319974,0.28675553300510237,-0.07685284384271919,1.6702105137664751,0.5869565217391305
4960464.68139089,0.377540805429581,-0.07606507282267966,2.27217343601786,0.6086956521739131
3984301.158475386,0.31847054366680005,-0.07327883315863584,1.6500613510409479,0.5434782608695652
3473197.9674050375,0.2827614729113648,-0.0831234784612761,1.5968687246997744,0.5507246376811594
2708457.176135049,0.2205185787927657,-0.09884787803269608,1.4606436506431935,0.5434782608695652
2554154.5320148985,0.2062836291032637,-0.053711696312675944,1.426775470092484,0.5579710144927537
3345245.107397574,0.27316763172582514,-0.09143479680043369,1.7101720469256805,0.5869565217391305
2059548.4737452713,0.15545863791058734,-0.08672345010488622,1.1620824415094384,0.5362318840579711
5285998.6775521925,0.3951644773040526,-0.06446260842404958,1.9260411917510387,0.572463768115942
2922178.3887259155,0.23919982925724081,-0.07659369510200754,1.6676003542024276,0.5652173913043478
4289828.087316217,0.3380981728541437,-0.06490841160287336,2.0300638802008852,0.6014492753623188
4594282.513600312,0.3565741572710286,-0.07758492581163279,1.9496861525958844,0.5942028985507246
4389091.562239823,0.34423416179153343,-0.09040625973541058,1.6524664365366728,0.5072463768115942
2115187.459014614,0.16163522401716723,-0.05126819582923373,1.2639927973094511,0.5289855072463768
3470581.7821762008,0.28256816672778107,-0.04969035436179262,1.571462371299097,0.5362318840579711
2027814.559893065,0.15187578199515528,-0.09539654767865988,1.1605564650507598,0.5289855072463768
2537030.805992691,0.20466182529432198,-0.0856559248217433,1.4682312935990882,0.5289855072463768
3863302.458056847,0.3103633633513343,-0.10827154037650692,1.790718957304632,0.5362318840579711
3942669.4827411626,0.31570363413416724,-0.04719479149118337,1.9989524367729723,0.572463768115942
2866199.224723844,0.2344152399516728,-0.06433876901336891,1.8367584482380135,0.5507246376811594
2399834.8570944793,0.19134150235707525,-0.08599640772623454,1.3156515115136507,0.5362318840579711
5998032.665422564,0.43087522896346053,-0.06593823379993602,2.2660404583798424,0.644927536231884
2359990.626599188,0.18735901949067402,-0.11618647479246628,1.361960155455942,0.5
7098922.9727279935,0.4799208634606469,-0.08165422640748754,2.2503285413028697,0.6376811594202898
4673951.951624453,0.3612467275078479,-0.07104392352284863,1.8231576482878904,0.5797101449275363
3676599.623345893,0.2974459289380289,-0.06602839337846987,1.6436090068388,0.5579710144927537
1840657.2732709663,0.1297818311599157,-0.14356395890981344,0.8591156404724895,0.4927536231884058
3128222.7953918707,0.25620215843086913,-0.06680966640050394,1.6057696906548242,0.5362318840579711
4226259.427210122,0.334108743628464,-0.05811644167652049,2.1459107624084797,0.6231884057971014
2308381.8697601086,0.18211990695010383,-0.07713956803370375,1.3635568212547606,0.5217391304347826
4454362.667492775,0.34820866718938537,-0.06253237192292903,1.7663031158628035,0.5652173913043478
3483169.4809694537,0.28349718735014484,-0.10075313393956609,1.7763967913346348,0.5579710144927537
2618802.1089991233,0.21232911835616486,-0.10324723246126644,1.5205553263079432,0.572463768115942
2024961.3134382989,0.15155144890454286,-0.06466745688721653,1.1729870302136733,0.5579710144927537
6522181.024049776,0.45505218590048124,-0.06640018498808004,2.142992156125672,0.6304347826086957
3752656.960788299,0.3027700723897513,-0.07255327125513311,1.6851286526280524,0.572463768115942
3850016.6341929366,0.30946085806693224,-0.09140817550672652,1.6047774237517876,0.5144927536231884
3015824.531271926,0.2470423826781314,-0.07583461709795825,1.5946211917178272,0.5289855072463768
2682869.690398358,0.21820370444095816,-0.08900116891502143,1.35216584905745,0.5217391304347826
2787216.123398048,0.22753569352528502,-0.10793691060847412,1.6495507943020025,0.5869565217391305
3449750.222486879,0.2810247785125193,-0.060871041496331386,1.8231652324510426,0.6086956521739131
2912446.205060539,0.23837330758846376,-0.14574928661904824,1.7121043221436298,0.6014492753623188
2256683.145538934,0.17677685233882423,-0.1227833291103692,1.0946029732679574,0.5217391304347826
2981278.050901371,0.24417220966599507,-0.05200611057960638,1.9007698846921046,0.644927536231884
2609490.5111279855,0.21146576093581482,-0.07885340810428318,1.4461031533455015,0.5289855072463768
2586310.820532052,0.20930582101247208,-0.05502763454818303,1.3674040540521826,0.5289855072463768
3084277.3997044973,0.25265272157384455,-0.06297293465041433,1.6993528832262674,0.6159420289855072
1806997.96891656,0.12561930499587626,-0.13648505069908018,0.9875843011151771,0.5
2894692.9615975902,0.23685987567324251,-0.0609473609225084,1.6847453348120742,0.572463768115942
2774022.870701097,0.22637138195790873,-0.07760627649264132,1.4942353848049221,0.5579710144927537
2657284.841472563,0.21587134123377671,-0.07194196109220001,1.4739041154933512,0.5797101449275363
3205361.772690895,0.2623372870532019,-0.09507808995054799,1.4474439104962558,0.47101449275362317
6714410.176766703,0.4635298128814025,-0.05815349120000007,2.376076874293481,0.6086956521739131
2402362.506456388,0.1915923550947809,-0.10432380063360974,1.4457817108153699,0.5797101449275363
3864494.6243258114,0.3104442256823603,-0.0677525253559834,1.7688936625536453,0.572463768115942
3796638.6281379703,0.30580958587993345,-0.0468423953906189,1.906713669606199,0.6304347826086957
2811388.695875736,0.22965754487540835,-0.037452748925898845,1.7168388952407734,0.6086956521739131
4640477.580454707,0.3592912953339329,-0.14203712760994083,1.9656183604107884,0.6159420289855072
1514545.842499983,0.08656693405167304,-0.09883887456898982,0.8074880617826251,0.45652173913043476
3428788.029057511,0.2794641671703342,-0.056488883420293394,1.4989704345361596,0.5507246376811594
2415235.678065889,0.1928666672790076,-0.05771415425792592,1.3386628475605173,0.4927536231884058
4434997.999825969,0.347034396790745,-0.12678370341279974,1.7182385879857485,0.5434782608695652
4077107.4510738445,0.32455632695523784,-0.09482452410174852,1.9730266820139049,0.6014492753623188
2895121.8801394505,0.23689652762223523,-0.11084030332812546,1.4027450988378092,0.5217391304347826
3374841.435694405,0.27541251599758443,-0.08887667550508765,1.680503242890118,0.5869565217391305
2262978.0069023473,0.17743262855752184,-0.07141411179489929,1.3048893043667955,0.5
1669567.4242383,0.10795160890138122,-0.07097765937983712,0.8683147351387078,0.4782608695652174
5808669.201365676,0.4217241117270234,-0.0692591005518431,2.0111122025911015,0.6231884057971014
2037910.1846665256,0.15302044450029095,-0.12356356492657915,1.2926054796468638,0.5434782608695652
6130568.562336974,0.4371435522472613,-0.12476967603411984,1.88271004824336,0.6014492753623188
3404746.4373772223,0.2776648729380087,-0.05297094631692612,1.6133735427265077,0.5652173913043478
1790923.1933072484,0.12360947336104955,-0.1083084984200199,1.027890819351056,0.45652173913043476
3606554.845231738,0.2924641577071079,-0.0920201083081125,1.714400649477391,0.6086956521739131
3036039.9065636965,0.2487097282117181,-0.07999991396459925,1.4736479463933623,0.5362318840579711
4509725.509595207,0.35154347990673895,-0.08864616039504362,2.195122403303332,0.6304347826086957
3160810.4614726584,0.25880856964342325,-0.09961045221160707,1.5575814399413288,0.5507246376811594
2995972.531351386,0.24539628370481448,-0.11686821049096574,1.5804370643207273,0.5217391304347826
3595568.690350765,0.291675785148793,-0.08533897839655515,1.4685935321471728,0.5362318840579711
4196922.137416861,0.33225139120116864,-0.046472434831359925,2.08366137499252,0.644927536231884
10001877.190763539,0.5849526909309237,-0.06955040650903314,2.2118515099979295,0.6014492753623188
3801736.586092791,0.30616007432120207,-0.08265419451913764,1.8489238988121675,0.6304347826086957
3660120.555234699,0.2962807688425797,-0.08459998503530722,1.6682730920081612,0.5362318840579711
3421193.691715947,0.27889689369803405,-0.06355841657571797,1.7787304690251218,0.5434782608695652
3277427.6981802867,0.2679631261541493,-0.07862534120035265,1.691343290895564,0.5797101449275363
6440519.596710666,0.45139018284230703,-0.05298457076929125,2.337285577314523,0.6521739130434783
4415331.932078958,0.34583764394490646,-0.08884060839374085,1.8933339731712726,0.572463768115942
3863792.920234653,0.3103966328683774,-0.05997968541863584,2.0490678256120938,0.6231884057971014
3646394.451895086,0.29530705039105754,-0.0675928150372572,1.5608208612759633,0.5289855072463768
3531208.1714887335,0.2870181281739923,-0.14266804019688117,1.5867035232592566,0.5942028985507246
1887294.7960003817,0.13544982701134156,-0.0785050312651347,1.1988065551696794,0.5797101449275363
2114424.692597127,0.16155143152190643,-0.10851341236975738,1.0375547250206958,0.4855072463768116
4085839.5299010677,0.32512321092785035,-0.06592635070896205,1.776858524007342,0.5652173913043478
5353125.48476773,0.39869004802548336,-0.06381327397296929,1.9403076307674147,0.6014492753623188
2640048.3201915133,0.2142898787801315,-0.055566407823467355,1.5936668830864265,0.5362318840579711
2382274.553475521,0.18959289697111426,-0.10185393979893878,1.1815425754153948,0.4855072463768116
3162849.6436160505,0.2589709506419047,-0.10993458631579484,1.4643491902988177,0.5144927536231884
6491805.44771049,0.45369433899719636,-0.0627838630255595,2.128561264830947,0.5942028985507246
3254111.42846869,0.2661538620593713,-0.0868909469480611,1.6511343647838819,0.5217391304347826
3405721.326361957,0.277738031911702,-0.08224323901888804,1.5976546500231639,0.5869565217391305
2508477.1974625555,0.20193790489617736,-0.15792292006395373,1.2282185526745486,0.5
2133347.392371606,0.16362305199503258,-0.10273608559990702,1.3456062634086652,0.5072463768115942
2042894.9568784293,0.15358395599425223,-0.1495278600652083,1.069134202173981,0.4782608695652174
3927541.7516587498,0.3146924294752027,-0.04937227995435712,1.6488827585750012,0.5289855072463768
2650768.807996236,0.21527445822918256,-0.10369722378334345,1.3391603136627181,0.5144927536231884
3039508.695550908,0.24899493739721024,-0.11767139785304166,1.3841931121939544,0.5144927536231884
2315801.7017012434,0.18287886937655862,-0.08792087529761486,1.2374839403882618,0.572463768115942
3239721.2863978078,0.2650320536060453,-0.0724635623176979,1.4910377009474172,0.5072463768115942
3441501.8358082804,0.28041160322197833,-0.07770852815853276,1.5277109200262804,0.5362318840579711
4904767.357569582,0.37443334362438807,-0.08693756047897001,1.964531420269305,0.6231884057971014
2910710.4199771425,0.23822566108171794,-0.10301706148285271,1.3439404943905555,0.47101449275362317
3131807.676813573,0.2564899431059928,-0.06688004599032042,1.610404168965728,0.5579710144927537
2979676.836061094,0.2440385344365481,-0.071727238969111,1.3512277049015238,0.5289855072463768
3196128.3913534386,0.26160918858854165,-0.05868858121674795,1.8437444950001194,0.5652173913043478
3334761.217248117,0.2723686162119796,-0.06390927267193627,1.663241217144813,0.6014492753623188
3248868.4557862505,0.2657455974576519,-0.09900868926598047,1.6344621736387137,0.572463768115942
2746865.69394349,0.22396073313448128,-0.08289469015277715,1.4454266761868617,0.5217391304347826
3281758.800796147,0.268298070404851,-0.0728598450819298,1.5719671433575813,0.572463768115942
3374303.8829591605,0.275371883263545,-0.07286081988772912,1.5957038935066932,0.5434782608695652
3903179.580470431,0.3130573849783944,-0.036864359290072576,2.0237522804726407,0.6159420289855072
4336563.665869194,0.3410011347364006,-0.05869899758907759,1.7374385220507949,0.5362318840579711
2620800.236512715,0.21251406163162945,-0.07287416393614111,1.5619609039643756,0.5507246376811594
7502679.363714467,0.49638476306843526,-0.05046836536705365,2.314421194086511,0.6594202898550725
2653649.3069574144,0.21553846286090717,-0.09435937963134733,1.4131641861237068,0.5434782608695652
4676960.79987426,0.36142194242753467,-0.06828730411470461,2.0378725645494193,0.6086956521739131
2252695.5211359626,0.17636067832983127,-0.06245119638305327,1.2735731228255909,0.5072463768115942
3772881.6702240203,0.3041712944445052,-0.09892517441516836,1.6600063470943516,0.5579710144927537
2603597.210136048,0.2109180685267653,-0.06371528467849227,1.34483265462652,0.5144927536231884
4535210.449539306,0.3530675819213578,-0.042580491111492515,2.2701324256133772,0.644927536231884
3413973.256038709,0.2783566145446119,-0.06974286034602291,1.9308817669053142,0.5942028985507246
4729473.298570557,0.364465488712278,-0.06333037350334149,1.970916261740565,0.5797101449275363
3469574.9430668135,0.28249374176110953,-0.10957363782398333,1.6536160760874985,0.5289855072463768
4087913.1155701173,0.3252576850719804,-0.045455415211880665,1.9814355949234859,0.6014492753623188
5495675.426157346,0.4060611707266377,-0.044479999999999985,2.0499390009867327,0.6376811594202898
3436979.6650886848,0.2800749312738393,-0.06203518074188803,1.7917257067644403,0.5652173913043478
3666848.827526504,0.296757000363979,-0.10856604878037938,1.4852864278648115,0.5289855072463768
5140313.3317958815,0.387387951109637,-0.05957514258137063,2.0075182209103026,0.5942028985507246
3060505.6896391106,0.2507158058208876,-0.11539681499794595,1.5712584047890783,0.5072463768115942
2238507.0884096622,0.1748750870561988,-0.12116480323025142,1.1255012038890937,0.5
2534630.1026255595,0.20443375309526624,-0.11480523772497714,1.4236236429336386,0.5434782608695652
5967061.306581646,0.42939447787841867,-0.08131263957208829,2.0594237929273898,0.6231884057971014
2328197.4725888055,0.18414248378186016,-0.11951855601145639,1.2450836137800503,0.5434782608695652
2476287.1588610276,0.19883717361854925,-0.05573173318520712,1.415404955658366,0.6014492753623188
1620390.5453494003,0.10134640901581649,-0.13449502088796936,0.885712306487625,0.5217391304347826
9053767.326737467,0.5536953496927777,-0.04574976797356,2.5811744186150567,0.6594202898550725
4682024.93330326,0.3617166397122793,-0.057541942919567324,1.8899369240985078,0.5434782608695652
3849082.769750928,0.309397327037628,-0.07070493321508267,1.844230332436768,0.5289855072463768
4625048.881045086,0.3583862141868339,-0.04149898627450003,2.068795944274313,0.5869565217391305
4213870.057511595,0.3333256311545876,-0.07786480401473946,1.7583864842848935,0.5507246376811594
3722373.235113764,0.3006605961145128,-0.06098835001791549,2.1473288112282045,0.6376811594202898
2874281.623726651,0.2351106418426625,-0.06383788543899348,1.770518017860729,0.6086956521739131
3745513.44174795,0.30227370636336404,-0.06026473729241595,1.6427499729118238,0.5942028985507246
2707628.067212565,0.22044384497122338,-0.12570859640285384,1.5892748896211808,0.5507246376811594
2863494.6628165366,0.23418219172308508,-0.06199550520949485,1.6407873303133143,0.5652173913043478
1924634.5311876421,0.1399076144397331,-0.10584357679689727,1.024433124212047,0.5
2435551.2003555857,0.19486668598301882,-0.07099424288928498,1.1954768854112774,0.5579710144927537
4120457.399416194,0.3273610992086273,-0.05346546469279105,1.9225642727559022,0.6014492753623188
3469444.5732739577,0.282484103637751,-0.04873390318548679,1.59687756867817,0.5652173913043478
4481424.364701721,0.34984286163816214,-0.08937575518963221,1.824341078364639,0.5942028985507246
4616892.761829349,0.3579067821393178,-0.0773787877523356,1.832101734611886,0.5652173913043478
1827117.0716875268,0.12811474342610207,-0.06072662566381983,1.1553091862494995,0.5289855072463768
2629385.720910203,0.21330743811878716,-0.10332360615751052,1.5269556240217976,0.5797101449275363
2410563.30263265,0.19240477953368407,-0.10893516649868645,1.4428645466666088,0.5652173913043478
3158197.606066735,0.2586003842483844,-0.07235885844579898,1.6180526167990132,0.5797101449275363
2531030.776399453,0.20409148504126806,-0.05814927925892432,1.3752477146015725,0.5362318840579711
3627152.6301759854,0.2939371029527662,-0.06372531997742382,1.8781862216518368,0.5869565217391305
2570326.9393679686,0.2078073652157666,-0.07635037605845015,1.4168188690850254,0.5869565217391305
4165455.8688271903,0.33024767192009263,-0.07799863547564036,1.8741977553971338,0.644927536231884
5460882.045475447,0.4042762769504036,-0.08526256274496723,2.012102792565053,0.5942028985507246
4706629.691050669,0.36314484655972024,-0.053760325845802946,2.0755368054743926,0.5797101449275363
4639576.486527034,0.3592385014454107,-0.07562638170010466,1.8807129645769962,0.5652173913043478
3031878.473577555,0.24836722459471727,-0.07141206856888246,1.597302863876145,0.5072463768115942
4664725.415634106,0.3607088734162436,-0.05516880726647797,2.1740891005506437,0.6304347826086957
4134006.9672730956,0.3282329227656171,-0.07922331200969723,1.6597841303356378,0.5579710144927537
1716352.9732275885,0.11409268146811269,-0.10950492258387061,0.9152970702495512,0.5072463768115942
2390283.11271356,0.1903916411945359,-0.11679626564747958,1.4364177183630051,0.5
2182613.2728940393,0.1689484471751712,-0.1035396279348914,1.3540258824573441,0.5507246376811594
3560506.064313829,0.2891467140465427,-0.07865588784872429,2.0073279122818244,0.6304347826086957
3532221.5108090974,0.287091985977584,-0.10998602332636662,1.7008160562805263,0.6014492753623188
4147174.887275434,0.32907800228707496,-0.07022881777236199,1.877437883060079,0.5652173913043478
3695802.371810743,0.2987984090454283,-0.09009127697113742,1.6750221505880194,0.5434782608695652
4063022.308620151,0.32363987334663324,-0.07262784770441556,1.753785970731316,0.572463768115942
4357374.256067996,0.34228572835049076,-0.07860384856898683,1.83572065339055,0.5869565217391305
3575999.8058768655,0.2902667250495754,-0.07710898584415839,1.5447547336143275,0.47101449275362317
2105138.453822528,0.1605293622044579,-0.12343401853641935,1.2982716725020533,0.5289855072463768
5345583.220873385,0.3982956900056458,-0.04658810612916898,2.05829223099132,0.6304347826086957
3791489.328769729,0.30545518526639226,-0.08444933403703082,1.784905077072628,0.6086956521739131
4024443.722050039,0.32111666739510647,-0.06743890815436789,1.79671717794664,0.6159420289855072
3876409.4288416123,0.31125128938006097,-0.05401608774662013,1.7973760524912916,0.572463768115942
3263843.0018678354,0.26691025633124155,-0.0857258783702537,1.6239788924208842,0.5579710144927537
2899023.299743529,0.2372297124395535,-0.0594029738569285,1.667285193919143,0.572463768115942
2854885.9030939997,0.23343921301010107,-0.12257721085725848,1.2965525190386173,0.5217391304347826
3543862.2309930464,0.28793921290999114,-0.05797594734752507,1.5733743564138725,0.5579710144927537
3798892.3557203407,0.30596457774685715,-0.0755962111087864,1.7178649287573564,0.6014492753623188
3712346.6930748825,0.2999591510392541,-0.11512220611556004,1.8163369038293804,0.5942028985507246
3992746.8383339755,0.3190290330992749,-0.09536497993260065,1.739022732428841,0.5362318840579711
3428195.3661041153,0.27941993326383074,-0.09878830398903136,1.5472975770805968,0.5507246376811594
2889025.2156839264,0.2363751469374764,-0.059585088512104964,1.612456410986274,0.6086956521739131
3206499.0766260424,0.2624268530711886,-0.049906947195350146,1.8220256089646296,0.5434782608695652
4172999.4954211027,0.33072913808643056,-0.09476245376389561,1.666760808061126,0.5362318840579711
2225298.8382652304,0.17348533941232347,-0.11896833277264598,1.1172918019122888,0.47101449275362317
4302353.656372086,0.33887866568017255,-0.06467873599682823,1.8035258249971566,0.5289855072463768
4332528.244187263,0.34075146606398343,-0.08131289745799616,1.9456729402320034,0.6304347826086957
1648036.1842073975,0.10507905736430523,-0.10827388942989878,0.8567742379789337,0.45652173913043476
7386377.282601934,0.4917165132139074,-0.052245640990720155,2.3095216096341957,0.644927536231884
2707051.1087971847,0.22039182856760098,-0.11584649304500104,1.3805095272903378,0.5507246376811594
3289248.9454252506,0.2688764843407261,-0.06313950694796831,1.8863880071517143,0.5652173913043478
2550804.3895827043,0.20596701992014488,-0.06718301009336948,1.3001372151129174,0.5289855072463768
3863579.830131512,0.3103821787441763,-0.0987713922589342,1.8328181517435762,0.572463768115942
2932492.1070033615,0.24007333871944248,-0.0588156545511943,1.5991173105400647,0.5362318840579711
1697917.654907964,0.11168904204562269,-0.07908920288940786,0.8854573945300607,0.5
3478889.4601637064,0.2831816071442441,-0.1224733932562504,1.5383923847492342,0.5217391304347826
3169760.2399337515,0.2595206224373743,-0.16861416931323925,1.6112966583656658,0.5217391304347826
4124765.4651053394,0.3276385426215904,-0.0887970898488803,1.791988544883679,0.572463768115942
2804632.0069202655,0.22906592179330487,-0.06903280317454807,1.6689856399490604,0.6231884057971014
2612806.2802904975,0.2117734762301926,-0.08870018774288299,1.884263311789481,0.6231884057971014
4217227.0988680525,0.33353800617080864,-0.09120245969756587,1.6262438773679087,0.5144927536231884
4280189.409979212,0.33749632571664256,-0.04997534962526932,2.011611568905765,0.572463768115942
5601312.193392433,0.41142548803037093,-0.09488818791753693,1.9106963367458245,0.5507246376811594
4995215.8695663605,0.37946552808343403,-0.06049842043095825,1.9838551402461604,0.5869565217391305
2046923.7485167095,0.1540385939129456,-0.11188524637511689,1.0600087258935378,0.4855072463768116
6303806.901315154,0.44517546634654037,-0.08876862574150485,1.862862454325819,0.5507246376811594
2161124.7821468967,0.16663759824572533,-0.08674653868704485,0.9981053200565367,0.47101449275362317
4824250.448571482,0.3698908635922631,-0.14901353124591937,1.9069784857422492,0.6159420289855072
3308151.171688578,0.2703315062947036,-0.0818562662982965,1.826429637573663,0.5652173913043478
4081128.319848323,0.32481748109551734,-0.036016416532480125,1.959278073089516,0.6304347826086957
2855866.0091959704,0.2335238913730162,-0.0688321778012982,1.605892941370154,0.5942028985507246
2929830.893214267,0.23984818559187437,-0.15476402024178504,1.5419092661990579,0.5144927536231884
2041615.0787651436,0.1534393751884553,-0.08007394517111353,1.27940080815681,0.5362318840579711
2188987.4486573264,0.16963041809677737,-0.09090837666670273,1.2625699950093976,0.5652173913043478
2662691.6107978444,0.21636572496746198,-0.10090259356606289,1.5158570161399996,0.5579710144927537
2690574.6538232006,0.21890261658064714,-0.047338140066306246,1.646619335537011,0.5652173913043478
2833436.190263241,0.2315801692502797,-0.08497045793034289,1.5037141338672468,0.5652173913043478
3237270.226193049,0.26484057982050735,-0.10564981898526857,1.6659993286698755,0.5
2732742.587881948,0.2226995292651721,-0.06555933097820926,1.8168089652458117,0.5869565217391305
2663546.350751199,0.21644380707862898,-0.08129097491903561,1.5182209484784868,0.5144927536231884
4754315.06330703,0.3658958695018748,-0.10070112362586202,1.7362202321340683,0.5144927536231884
3007327.004983955,0.24633884447587895,-0.09536996631958239,1.5723025631936287,0.5869565217391305
3213540.7479998576,0.26298084022369284,-0.0676403303261908,1.8695767679208795,0.5507246376811594
3615183.6774092615,0.293082021513452,-0.07043487077030786,1.7256609091776205,0.5579710144927537
5516172.651952223,0.40710844701261784,-0.09407800406300497,2.124337423126577,0.6376811594202898
2379639.0355909322,0.1893295703396689,-0.0925692702555435,1.4636331136588752,0.5144927536231884
9688872.981556075,0.574906054170875,-0.049420854534036114,2.45342597025773,0.644927536231884
2542611.353773435,0.20519132345235036,-0.1021268302136604,1.315838300928197,0.5652173913043478
2681773.5650980757,0.21810414521281296,-0.09830048279490695,1.3868212028381866,0.5579710144927537
4974971.148558184,0.37834556534371133,-0.08289804393163505,1.873926979279649,0.5579710144927537
3630796.000699241,0.2941969430958571,-0.07836015506865912,1.829282794879189,0.6014492753623188
3739895.2008480662,0.3018827916683091,-0.07306025416189704,1.7947081078602685,0.5507246376811594
2222939.7193218833,0.1732364230742598,-0.12253245075643085,1.3731586859779366,0.5289855072463768
6529682.432525376,0.4553867341979463,-0.058898796800000014,2.1325920525869804,0.5652173913043478
2304536.5864607575,0.18172581117019493,-0.1752856802393932,1.1335054950279293,0.5362318840579711
2759973.454467543,0.22512663277423672,-0.07540816391671784,1.799343822489791,0.5434782608695652
2847528.3329670196,0.23280279631187195,-0.09310961154433374,1.6700152866886548,0.5289855072463768
3412994.1475170553,0.27828328101957656,-0.06441435330163146,1.62267915333367,0.5797101449275363
3515420.554347991,0.285865243172053,-0.0822436619465714,1.4317805740018275,0.5217391304347826
4624435.283836113,0.358350169325627,-0.058153491200000115,2.01940562009734,0.5869565217391305
2343618.7733515264,0.1857070268876051,-0.10758397611115826,1.2052181482946884,0.5217391304347826
2365954.2580548082,0.18795849857186142,-0.2084684842027353,1.281876607392183,0.5217391304347826
6834784.515813897,0.46874014429332345,-0.07157917231086264,2.1547766636790238,0.6086956521739131
4205277.594716607,0.33278143275503425,-0.07859695765487275,1.6683412586213595,0.5579710144927537
2702169.576181108,0.21995137258589215,-0.05417589535621293,1.4054729347073,0.5434782608695652
2026917.4062395068,0.1517738404747313,-0.10188294797998179,1.0995823274235788,0.4855072463768116
3443571.9646130702,0.2805656045585878,-0.11355964034328422,1.7223322775055154,0.572463768115942
2336052.5648601693,0.18494044194106363,-0.15983412071413935,1.1507578692363534,0.5289855072463768
2660140.3716133153,0.2161325451346321,-0.09153401896217259,1.435129414062599,0.5579710144927537
4271750.351149985,0.3369684928832908,-0.1067028402920792,1.6545275756795694,0.5579710144927537
1710401.5976172255,0.11331899452651206,-0.1041716266341414,0.9569442393245872,0.4927536231884058
4233597.468286421,0.33457170397639224,-0.07943548953366314,2.0808515458653543,0.5797101449275363
5544293.951463273,0.4085402105330287,-0.04519995109272256,2.102116025079616,0.6159420289855072
3006136.251114153,0.2462401310399862,-0.05806656908845424,1.729180156382203,0.5869565217391305
2662461.053797695,0.2163446597156582,-0.11447279542443185,1.3294264440537018,0.572463768115942
3779618.4232639205,0.30463670058679404,-0.07277429734131113,1.6858536215744,0.5434782608695652
2687752.7530425275,0.21864682987331352,-0.10396189152302471,1.4688749171822402,0.5362318840579711
6172954.236040021,0.4391253107811086,-0.05557072443292989,2.204809424952053,0.5869565217391305
2903549.457266155,0.2376158012759808,-0.0918743862639491,1.3456217899848264,0.5
2325520.471829487,0.18387004904922621,-0.10566072506276324,1.1866765213066321,0.5434782608695652
1933527.4613756381,0.14095908002389823,-0.08955166926569064,1.2748754298057803,0.5
4113042.828967933,0.32688305014580976,-0.11920568194075745,1.679394547234181,0.5579710144927537
3983322.7712845225,0.31840578443472545,-0.083412158880313,1.6516030833370174,0.5217391304347826
2697581.725800011,0.21953683462439622,-0.09924938699102989,1.4562052972472679,0.5072463768115942
2177171.7750842166,0.16836500133043364,-0.10298802677159884,1.1708664786192464,0.5217391304347826
3514105.8523186194,0.28576905083511916,-0.11074114710508484,1.6500293433870548,0.5217391304347826
3767723.7954634842,0.30381451497215606,-0.14093418125657373,1.600751603790699,0.5507246376811594
1900059.2055824709,0.1369815745362266,-0.12446680480442862,1.1897772738252905,0.572463768115942
4176057.3702514805,0.3309241062832813,-0.04669726485849585,1.798716684451395,0.5869565217391305
3369714.1744919973,0.2750247436613551,-0.09303088066703302,1.591476117700156,0.572463768115942
2219420.2816445585,0.17286468560618862,-0.0709654941036526,1.2903384560086861,0.5072463768115942
3476718.5161791695,0.28302141746098486,-0.13092892567002085,1.7902408806581582,0.6014492753623188
2122960.881682717,0.16248778548892795,-0.08820121703607176,1.1487157727035386,0.5144927536231884
2656195.6878452655,0.2157716539267669,-0.10557989358584885,1.410143054888781,0.5579710144927537
2367279.543383191,0.1880915553565914,-0.07608728841610103,1.281004283181343,0.463768115942029
4219257.878108506,0.3336664128112359,-0.06668311514905595,1.7109104405380462,0.5289855072463768
4489898.193230591,0.35035295371696806,-0.072438432504894,2.1065378092935756,0.5942028985507246
3343433.981723366,0.27302974251084455,-0.05542280469457722,1.8668529791216926,0.6521739130434783
2393729.5322784362,0.19073471561487643,-0.07184972061482928,1.2996397349913003,0.5289855072463768
3528626.710722605,0.28682990031601396,-0.0713287014833148,1.7881671069232472,0.572463768115942
2929881.813368335,0.2398524952482357,-0.0963667048942569,1.4102523861222311,0.5652173913043478
4041154.178178462,0.3222119684111213,-0.06973672158732067,1.7641956567446078,0.5652173913043478
10146979.754078299,0.5895249849713167,-0.055812273432922485,2.590457344752226,0.6666666666666666
3015764.4378324924,0.24703741291530723,-0.1046951077618185,1.4558114629104406,0.5434782608695652
5258977.996900539,0.39373520669693285,-0.058172601599999915,2.1752450326590003,0.6304347826086957
3398613.698098289,0.27720426670557763,-0.10189335798665111,1.5477531550739612,0.5507246376811594
2878982.938606135,0.23551441916654614,-0.08472636536514046,1.477626353539124,0.5217391304347826
4554556.347190109,0.3542199763689504,-0.06512653723107852,1.7869545530225326,0.572463768115942
6590299.96994036,0.45807893782093534,-0.044925089374363306,2.077878826524473,0.5434782608695652
1347579.187678212,0.061477661526853966,-0.13787835081976427,0.6528227565405442,0.5289855072463768
2855436.7205450865,0.2334868049237222,-0.07886238405226134,1.5384241139762382,0.5797101449275363
2954897.152335344,0.24196247429991669,-0.10710554689769268,1.3496726527489633,0.4927536231884058
2084744.2866933525,0.1582720016042498,-0.08465239790986237,1.0614622096458315,0.47101449275362317
2493084.49290229,0.20045918672622287,-0.15076189555552275,1.173748068044341,0.5434782608695652
2513294.1026243656,0.2023991551727493,-0.08127955013129068,1.3504961452165039,0.5507246376811594
4308149.777576307,0.3392392183058033,-0.06958097489345322,1.9185370627838283,0.5507246376811594
3797593.775524616,0.30587528163049726,-0.08119295687922563,1.7274306365700003,0.5144927536231884
4688292.808482458,0.3620810334659119,-0.08162165560174535,2.0551196037491124,0.644927536231884
2066456.9293728508,0.1562327634988141,-0.0795173872691718,1.1468849125652918,0.4927536231884058
3388227.5059335334,0.2764226813029329,-0.08877561623051264,1.4626257111009635,0.5362318840579711
5363491.004175328,0.3992312993941407,-0.08863720204673387,2.299071857065528,0.6086956521739131
2137056.9055719576,0.16402743770185535,-0.07243515164848945,1.2340354181738575,0.5217391304347826
1770137.1791408653,0.12098908722392743,-0.06484399082576846,1.0616750851021843,0.5652173913043478
3468669.569312592,0.28242680229967165,-0.057863079963723786,1.9009407583564986,0.6086956521739131
2803076.3619788936,0.22892954635939966,-0.07409800669605951,1.497639876875547,0.4927536231884058
2066343.9852933632,0.1562201242322141,-0.10620121674968211,1.267049480772685,0.5289855072463768
8609428.217537493,0.5381364425560691,-0.05588890879999992,2.596283690942549,0.644927536231884
3758969.3174957917,0.3032080565660076,-0.10677861842294788,1.5941008372765197,0.5144927536231884
7323938.065732896,0.4891859585036087,-0.07108109676210572,2.288139601921111,0.6376811594202898
3671172.1175179775,0.2970626368784275,-0.07729127207185138,1.7738986345039152,0.5579710144927537
3532154.5650268346,0.28708710711974206,-0.05036600320000006,1.7711753346301762,0.572463768115942
2475233.229390432,0.19873510912420533,-0.083122401740546,1.4525868350679692,0.47101449275362317
2567783.955304699,0.20756827881312012,-0.08275990861102259,1.3576104143450247,0.5652173913043478
2612548.4028948545,0.2117495554881157,-0.08454779699411406,1.3519932422364598,0.5
3985794.3387266775,0.3185693524185975,-0.10906533857310313,1.8758843966782386,0.6159420289855072
2572299.976860509,0.20799273601852475,-0.09429661461732067,1.401765322951972,0.5144927536231884
2951601.7597104395,0.24168533565609618,-0.07668404122364425,1.3335406303139548,0.5217391304347826
2778731.01064565,0.22678738517669972,-0.08376111285934904,1.5938716642732988,0.572463768115942
4009625.4655477954,0.3201423442914031,-0.053492259776512056,1.7096985983810173,0.5797101449275363
4707869.1887166295,0.3632166362270488,-0.06107091525742484,1.8495089746143145,0.5942028985507246
4469775.40449282,0.3491403778100559,-0.10717700194876296,1.8716934241983505,0.5507246376811594
5492628.620670888,0.40590523192411454,-0.07809411336717434,1.8939841071195131,0.5797101449275363
3868022.2334655696,0.31068337975038873,-0.059428213531508116,2.0578634439800765,0.6304347826086957
2431059.9573312574,0.19442568524257564,-0.1467556074155591,1.2500732643110002,0.47101449275362317
3613155.256637712,0.2929368834771051,-0.09014145934920449,1.7189552067439002,0.5144927536231884
4435501.516938839,0.34706498188101564,-0.0776983457165954,1.8657536591495751,0.5797101449275363
4163862.9567737007,0.3301459163467473,-0.09493946303796495,1.636235346727111,0.5579710144927537
3330976.1581800827,0.2720796492925892,-0.08735663580583347,1.6342501052572913,0.5942028985507246
3434152.6624996657,0.27986428316421397,-0.05394694567035204,1.860030216996522,0.6159420289855072
2651379.641702935,0.21533046176937742,-0.09258712849622414,1.5206891881598035,0.572463768115942
3942292.9357794635,0.3156785017645636,-0.08939680397682949,1.7236428628540652,0.5434782608695652
3493014.0623180037,0.28422188546750893,-0.05901416262648336,1.5704710684937775,0.5289855072463768
2793214.747391487,0.22806361772090367,-0.08709688104991305,1.4725031857304824,0.5652173913043478
3494263.182261673,0.284313721213332,-0.0995461215016883,1.52391248363771,0.5217391304347826
4481190.628919043,0.3498287807060929,-0.06889294981881142,1.9632813256863757,0.5942028985507246
1761888.5033380818,0.11994239327534628,-0.08029029766538873,0.9975683772165669,0.4855072463768116
1809142.9456908957,0.12588640896784709,-0.05879368145236449,1.106733440397182,0.5362318840579711
5156579.572037419,0.38826490443239137,-0.044479999999999964,2.0968621790816027,0.6159420289855072
4448817.443283973,0.3478728236363695,-0.08183004380187307,2.2227060571600963,0.6159420289855072
3659383.2929896493,0.2962285423725637,-0.09463916481099348,1.6703358619760749,0.572463768115942
2385964.198225193,0.1899611549906386,-0.0979545319847287,1.2002565070931157,0.5
3977072.754020685,0.3179917966223371,-0.06192057252433376,1.67653085457838,0.572463768115942
3537825.796897907,0.2875001516708131,-0.062322012381131935,2.027005569093497,0.5797101449275363
4232994.994158657,0.33453371780968744,-0.07684718686205518,1.6693140590435773,0.5507246376811594
2714892.9873109157,0.22109806528331788,-0.12719803240003585,1.3643363035947447,0.5
2908124.5339596453,0.23800557399616773,-0.04792591757032347,1.4745472628723184,0.5579710144927537
5933810.539699516,0.42779788771535543,-0.05379712908670021,2.173562599698579,0.6304347826086957
2532310.5117272353,0.2042132225462865,-0.06481470108494425,1.393455734506272,0.5217391304347826
3878560.2594711483,0.31139676698050756,-0.09388661707910567,1.7615853790257097,0.5652173913043478
4207336.715864369,0.332911926926595,-0.07259836410562263,2.084857004319892,0.5869565217391305
3087668.0918102823,0.2529280206242057,-0.09287723443743932,1.670357409666819,0.5507246376811594
3624125.6208748594,0.29372106198732517,-0.061074082747638224,1.5925813382472238,0.5217391304347826
3716915.008151472,0.30027893270143413,-0.08391308181289489,1.6347253803228101,0.5507246376811594
3598128.262511214,0.2918596334716861,-0.08635111107414144,1.6641965607416664,0.5869565217391305
3382618.0967192277,0.27599976263189374,-0.07253642474064025,1.727451601496959,0.5942028985507246
4229164.718002817,0.3342921165878838,-0.059311759244917626,1.8863379631989123,0.6376811594202898
3571656.561800311,0.2899531530072381,-0.12545572187311257,1.9305750018981471,0.572463768115942
3524859.3137332997,0.2865550018223022,-0.0781254968717079,1.8237723075231151,0.5869565217391305
2367770.226869102,0.1881408041728907,-0.0704865045313562,1.4113789567027444,0.5579710144927537
2798652.9179537008,0.2285414345120298,-0.0984271905147679,1.498722981338979,0.572463768115942
4034496.3042325494,0.3217760074312648,-0.0562035884475403,1.9507033845074342,0.572463768115942
2509456.693720004,0.20203175544762342,-0.06619041265935077,1.4169472069042441,0.5942028985507246
2638554.152134802,0.21415239917293105,-0.09189675014507634,1.520833267467444,0.5217391304347826
2246430.7382534924,0.175705653634465,-0.09229264410398735,1.1898870288049765,0.5217391304347826
3847793.7931744126,0.3093096173825538,-0.05555924620495341,1.5578236813602493,0.5579710144927537
5333613.725398257,0.39766893315253626,-0.06838713097606351,2.0747054471402917,0.6014492753623188
2072345.417463049,0.15689096407001357,-0.06357236529527342,1.1714917304517605,0.5
2293772.8578348774,0.18061985288090687,-0.12468726638899053,1.1628560065673552,0.4927536231884058
2386573.794963521,0.19002195408538491,-0.07828369171578785,1.3273031270560767,0.5072463768115942
2839082.9826322906,0.23207066487374362,-0.09720728262474881,1.6960590949149204,0.5869565217391305
3218408.7309114654,0.2633632500095495,-0.045441829137520054,1.6698896554230538,0.5289855072463768
4169301.441276984,0.3304931997047249,-0.06024500273127548,1.957616132874323,0.6376811594202898
6393809.0593827125,0.44927877703882957,-0.07612952791600631,2.0871707535678063,0.6231884057971014
2912887.3720103754,0.23841082218870024,-0.08971476581086871,1.442243446591716,0.5217391304347826
2448968.896252205,0.1961803224700751,-0.07738370359140698,1.2814601265601948,0.463768115942029
2655854.1828422877,0.21574039015669078,-0.07259514579191492,1.5790516056718535,0.572463768115942
3367024.4069171427,0.27482112901856626,-0.08145213619298668,1.51741243997556,0.5434782608695652
5092053.776491391,0.3847730291269036,-0.06609458595557349,2.0157223821671453,0.644927536231884
2315156.228938702,0.18281292234579372,-0.09187416041749825,1.4813898111062431,0.6014492753623188
1848479.7280992486,0.1307404759090871,-0.0962788768437677,1.1074372823909655,0.572463768115942
2970029.1259077406,0.24323189005873136,-0.07281893597852285,1.8407170281327,0.6304347826086957
1979914.3664173388,0.14638179687801456,-0.0887759412454561,1.2339180611706528,0.5217391304347826
4010805.3969669314,0.3202200320515929,-0.08329786497034983,1.587368082460849,0.5362318840579711
2079035.0739191913,0.15763690432751432,-0.11513772032176792,1.1908074545415717,0.5362318840579711
4347781.860399979,0.3416942212643246,-0.0766833511544062,1.8543915695705016,0.5869565217391305
3276775.5890532355,0.2679126648644652,-0.12267434141431362,1.686552697455862,0.5434782608695652
3689671.1233655442,0.29836718764712744,-0.07571285945435889,1.6879702007466988,0.6086956521739131
3536440.8943497054,0.28739933599446954,-0.07663502637948093,1.672159018837175,0.5144927536231884
2556126.724416769,0.2064698581612423,-0.1083144594859751,1.3263823011323845,0.5652173913043478
3186088.188840728,0.26081555600033557,-0.06859030077234743,1.6359173605732764,0.5797101449275363
3173442.7882417296,0.2598131424545498,-0.07371580662720673,1.5798981733501982,0.5797101449275363
5664172.001205412,0.414579260779524,-0.08175077476812652,2.02174844173248,0.6304347826086957
3112135.0858689197,0.25490742219299856,-0.14019233987561172,1.4552782091914678,0.5289855072463768
3195681.7566112867,0.2615739265511625,-0.0696250239895031,1.6522165494149292,0.5579710144927537
5460858.741326099,0.40427507840703014,-0.0706714185557713,2.0380148634379167,0.6231884057971014
2857692.733309428,0.23368165308376243,-0.09042601889944818,1.6026153467338704,0.6086956521739131
2668258.552139295,0.21687391606526618,-0.07445284058621926,1.5510253867721941,0.5217391304347826
5473866.304382324,0.4049434281507427,-0.09031266138565247,1.8508618138824104,0.5869565217391305
3298791.8719956307,0.2696118964352776,-0.07548479391262851,1.5732748382254698,0.5507246376811594
2844339.0707938243,0.23252652204995727,-0.1351443329118429,1.445009334957567,0.5579710144927537
2132219.0306952754,0.16349993416297703,-0.13724294784370275,1.0386871595116616,0.5144927536231884
2560487.6413066685,0.2068812405818028,-0.12048331600021653,1.2474832190349388,0.4927536231884058
2312120.4569482156,0.18250256444070656,-0.07549999576626919,1.2869202632324745,0.5
2568392.5709660877,0.20762551690719455,-0.0989040077592154,1.2978444731536756,0.5072463768115942
2702796.9011506736,0.22000801114078983,-0.0942499368547783,1.5476796698081807,0.572463768115942
2892054.770501507,0.23663434136085448,-0.07382912757753536,1.45863995577628,0.5652173913043478
2950564.192735166,0.24159802625636706,-0.11423581354704551,1.5154583556300887,0.5652173913043478
6249380.515079709,0.44267130538650634,-0.06738505673161543,2.1978822424405506,0.6159420289855072
3042736.880733802,0.24926012993563385,-0.06709930804454561,1.5628870641316643,0.5434782608695652
2779466.4428204405,0.22685231578079024,-0.04991469708525197,1.3897004702300104,0.5579710144927537
5434795.064316341,0.40293204245932657,-0.05236782757193148,1.9755095639002205,0.5942028985507246
3608596.8745248793,0.29261048306468185,-0.10001784310151074,1.4733019861105618,0.4855072463768116
3755420.588165663,0.3029618997245511,-0.11103145795427727,1.6012583569734806,0.5652173913043478
2424494.383449733,0.19377982906130242,-0.08539601331690573,1.3145105862172497,0.4855072463768116
2035489.2899758213,0.152746372717669,-0.08166098252453181,1.4240285264175654,0.5869565217391305
3583408.2837139242,0.29080089738867443,-0.10651694885312409,1.820516689425594,0.5652173913043478
4386667.15276317,0.34408562561729017,-0.07746365050029073,1.866884199843318,0.572463768115942
2534503.886066318,0.20442175745833935,-0.0628829365940772,1.4279861549658666,0.5507246376811594
5034560.720596609,0.38163178765154027,-0.08272291575522756,1.8183494551921942,0.5652173913043478
2053759.3118668152,0.1548083331606025,-0.14518331375833415,1.1561817148776317,0.45652173913043476
2335515.3427195977,0.1848859367629081,-0.08584149468717828,1.5748353531271886,0.5797101449275363
6008326.673621159,0.43136603456292555,-0.06977927914746153,1.9125131083536286,0.5942028985507246
2777968.919309682,0.22672008635467922,-0.060441753419561664,1.682460161791733,0.572463768115942
4450439.994282253,0.3479711272166599,-0.0661859358832912,1.8108098127224466,0.5942028985507246
4316167.524573732,0.3397373298980271,-0.10809335591807048,2.05527265836267,0.6014492753623188
3227382.4751163903,0.26406698135094664,-0.08592769453369226,1.5291437279964308,0.5144927536231884
3225642.439020518,0.2639306481649908,-0.06256590104894696,1.5623825578578587,0.5507246376811594
3095996.824794397,0.25360322673178626,-0.09535109640312703,1.4143475119564923,0.5217391304347826
1446574.8463636125,0.07663422597039182,-0.08698152959999995,0.7122850392673797,0.5797101449275363
1481286.2825929571,0.08175223264009546,-0.0835803667264719,0.816164588525824,0.5
3900587.1640740386,0.31288291715641936,-0.06307415695860069,1.772665631248545,0.5362318840579711
3052511.972331828,0.25006177466734636,-0.03989643552166467,1.550052093689516,0.5362318840579711
4385818.623287542,0.34403362328906173,-0.06944612238899212,1.9859306016595788,0.6594202898550725
4190274.814124655,0.33182910451841985,-0.05027333701724035,1.8399674563710007,0.5942028985507246
1946965.479271019,0.14254062278645785,-0.09282844647714729,1.0573116118352035,0.463768115942029
5599771.430556937,0.41134783082513837,-0.08466340210021063,1.8244682016445077,0.5579710144927537
5102383.599134379,0.3853344083747936,-0.07780816513127016,2.0694425791272217,0.5797101449275363
2860291.208847576,0.23390592675969635,-0.07792529953259554,1.6976462492127096,0.5652173913043478
3036848.4730385626,0.248776233087322,-0.09272980803437074,1.8036187967641044,0.5652173913043478
2893858.3429217744,0.23678854338047817,-0.07667634233244985,1.6290873106811363,0.5362318840579711
1912595.513115953,0.13847795756955894,-0.12385581343228477,0.9692758679021887,0.5144927536231884
6579372.612866031,0.4575950895243588,-0.0776829323804376,2.0604575449874067,0.644927536231884
3249125.9324890035,0.26576565919155715,-0.06501961705955514,1.6551785041316591,0.6159420289855072
2547139.604481567,0.2056202938388314,-0.055424336508831,1.4443957846802185,0.572463768115942
2494089.4537843224,0.2005559520024589,-0.07048807064618955,1.4240450262257534,0.5507246376811594
4715526.905348397,0.36365982361774174,-0.06457113491665176,1.9139850252555715,0.5797101449275363
4208622.636921034,0.33299339461601596,-0.07268656622021756,1.9621767653527744,0.572463768115942
4751239.602113285,0.3657191101975852,-0.09669481211003532,1.8224473033472006,0.572463768115942
2743498.0347977867,0.223660470516873,-0.08144457771795396,1.5813457227569039,0.5507246376811594
4055586.0428520837,0.32315500513814244,-0.10751037771115339,1.7678677114529797,0.5434782608695652
5717266.828176767,0.4172213698104461,-0.061732701998546816,2.1805355964447726,0.6014492753623188
5525014.742388287,0.4075592599665374,-0.07236431461724994,2.1357354153592456,0.6159420289855072
2249896.5605040584,0.1760682087239227,-0.10126077346850648,1.1219636579551104,0.47101449275362317
4079439.7742105927,0.3247078356780557,-0.0723793097087828,1.6858882119081986,0.6086956521739131
3709979.97479093,0.2997933571508844,-0.07886778282213434,1.8460952947361382,0.5652173913043478
2258853.5830363384,0.1770031258921212,-0.07284813959317808,1.3758566935136527,0.5072463768115942
3631071.2933476907,0.2942165681091562,-0.057616178406471937,1.6805316847932197,0.5362318840579711
3026235.1222101212,0.24790215146969352,-0.061874131887492655,1.536063457033582,0.5507246376811594
3183068.1341300476,0.2605764429390258,-0.061561141082791565,1.6596712877037787,0.5797101449275363
3962221.613393839,0.3170059970086416,-0.06687906626328324,1.7840429006879257,0.5579710144927537
4138949.6998174908,0.32855038534517145,-0.06203770123436471,1.9898798550072374,0.6086956521739131
2422521.5577684,0.19358548862932268,-0.05820060466998412,1.4239295935418719,0.5434782608695652
2534630.209465168,0.2044337632491131,-0.05767608765976179,1.6134891206266555,0.5507246376811594
3502743.4920298983,0.28493650318370256,-0.06595711770199404,1.7737115491573472,0.6159420289855072
2603490.758794039,0.21090816638359455,-0.07623345884547068,1.425193838974829,0.5289855072463768
2934229.3196771303,0.2402202281735888,-0.07584708141757676,1.3681818333334173,0.5434782608695652
4278277.968286404,0.33737684488071995,-0.07712661278822389,1.6771139141792484,0.5869565217391305
2882623.0712073706,0.23582669357361263,-0.078664620766986,1.4626172476664168,0.5579710144927537
3274123.1135014435,0.26770732905633454,-0.04163711703424516,1.6701948211783029,0.5869565217391305
2679674.931473786,0.21791343896372983,-0.07717739293751666,1.430001187244742,0.4927536231884058
2493259.1127332025,0.2004760026911916,-0.05871510457753604,1.3683646871394093,0.6014492753623188
2674884.7304863376,0.21747769758623914,-0.07294123114261532,1.4314349217708877,0.5217391304347826
5418161.7082378175,0.4020722459784505,-0.07915515057112574,2.0910179559586033,0.5797101449275363
2788327.929426071,0.2276336094251401,-0.06732298399138519,1.6613859920471423,0.5652173913043478
2150574.3164851153,0.16549627808577516,-0.16675439065994507,1.2335175323885539,0.5579710144927537
2718736.7950356253,0.22144364135527916,-0.09650174239720304,1.626904043019776,0.572463768115942
4963348.6830910565,0.37770094794383446,-0.057938305817788485,2.0157372988634705,0.5797101449275363
2426083.8777024937,0.19393631602083228,-0.10983671165314719,1.2388017532866156,0.5144927536231884
2884527.5831237356,0.2359899493891111,-0.06741666061208838,1.6459482944197046,0.6086956521739131
1814317.6101823552,0.12652974454810817,-0.12803989150709075,1.094794928970958,0.5144927536231884
2923045.936179667,0.23927340019430132,-0.09349407364877652,1.48569000068186,0.5434782608695652
2125606.57552261,0.16277738618686666,-0.05291724160000001,1.2871651405571214,0.572463768115942
3777221.019114784,0.3044711529066386,-0.073257586565996,1.458914680288097,0.4782608695652174
3189794.5558403307,0.26110876020267537,-0.08541908505853295,1.5695116924590171,0.5579710144927537
6052239.409382652,0.4334522142594057,-0.08693350244108737,2.0074296695117995,0.6159420289855072
3404169.2091911486,0.2776215478793491,-0.08392623629838528,1.5488733481873027,0.5072463768115942
3691646.3331826427,0.29850617014985303,-0.0768157150060239,1.8399340766052377,0.6304347826086957
3154124.652385703,0.25827558712306975,-0.07725224301670487,1.563173892004992,0.5144927536231884
5795439.610556252,0.42107590862457833,-0.05215423803732109,2.101791389333039,0.572463768115942
3250689.052733195,0.2658874250654937,-0.07048258428211207,1.6396841826164819,0.572463768115942
2877320.6412848923,0.2353717113524616,-0.07385209064933017,1.5294232863989032,0.5652173913043478
3578885.5239749895,0.29047489870588383,-0.06130904864714959,1.7954638984706714,0.5579710144927537
2207638.6367100463,0.17161681826377495,-0.07941598097830464,1.238960311176062,0.5289855072463768
3044160.0537335156,0.24937697084680432,-0.09468370065262577,1.7148865423821718,0.5507246376811594
1981142.5704971338,0.14652398904401198,-0.0937645932564098,1.162636099304804,0.5434782608695652
2929544.4750211677,0.23982394330778933,-0.06930155912150096,1.4719529254090666,0.5434782608695652
3906634.671994653,0.31328976618636273,-0.052234542679134556,1.644569858510709,0.5362318840579711
2323172.1267073797,0.1836308545000236,-0.10061692007490966,1.0978365170443716,0.5217391304347826
3017117.4110468198,0.24714928541449477,-0.08039202279433635,1.3986618266596127,0.5
3024954.9034507996,0.24779655107278575,-0.07824301420326371,1.422750494370655,0.5579710144927537
2767064.763360517,0.22575554001235343,-0.079701065796045,1.5304160840959997,0.5217391304347826
5471189.408123103,0.40480598878003393,-0.06710378077835921,2.188193057281274,0.6014492753623188
3009891.3589688,0.24655132316021544,-0.05203683655818392,1.8172682246965886,0.6159420289855072
2125556.9457709505,0.1627719563116916,-0.10721541826691633,1.2232128095697115,0.5652173913043478
3980284.70529747,0.3182046143803159,-0.12409638009665461,1.7346694263807163,0.5869565217391305
3232445.725320375,0.26446335673028254,-0.05638652794567138,1.760133263938483,0.5507246376811594
2613265.7817754084,0.2118160949693264,-0.10343696227088388,1.4541835589817091,0.5579710144927537
1734194.7811391037,0.11639935007222069,-0.07904936781862248,0.9632349774379062,0.5072463768115942
3933577.7084614653,0.3150962725685673,-0.06372758591913809,1.8766587400776844,0.5652173913043478
3074355.1648089234,0.2518457163765817,-0.08204456257416479,1.4565457166180782,0.5072463768115942
1743754.3945206245,0.11762745796694074,-0.1464955821670804,0.9055679190707873,0.5217391304347826
1762433.6117130166,0.12001168420259933,-0.11451618794897603,0.9268873895703511,0.47101449275362317
2222789.4351943084,0.17322055907407785,-0.10080122563305309,0.9932961854257009,0.43478260869565216
3186831.546746982,0.2608743836096472,-0.07041988427255115,1.7612406196176662,0.6086956521739131
6525846.397655539,0.45521569290415753,-0.07707497150748971,2.3626787428423235,0.6594202898550725
4849973.066899636,0.37134859331500913,-0.06762651458019948,1.9298107417954704,0.5652173913043478
3845410.7993300725,0.30914740235041105,-0.0918382361128808,1.654088477517453,0.5507246376811594
4201637.350353386,0.3325506118035475,-0.0816971764731414,1.8595215799194202,0.6304347826086957
2696962.455011844,0.2194808368476977,-0.07247780821521807,1.5223744430729564,0.5144927536231884
2900494.5107890223,0.23735526207803814,-0.11315481051728071,1.5021104728053605,0.5217391304347826
5987413.198045171,0.430368199200472,-0.08051037584605149,2.014634253212615,0.5362318840579711
2925220.034082041,0.23945769428553376,-0.10196896445597792,1.5751542415666937,0.572463768115942
2788412.1959377574,0.22764102943842435,-0.0670125521746232,1.5357679931800923,0.5507246376811594
3099262.3042836008,0.25386756095846974,-0.10774943339303729,1.6557369488587776,0.5797101449275363
3592052.9571935334,0.2914230871773509,-0.07738256480135773,1.6172836308266854,0.572463768115942
4394650.960023802,0.3445745214711018,-0.0564408192731674,1.8457593804694383,0.5652173913043478
3012968.8779014465,0.2468061308465932,-0.11494931997917217,1.7472761760774251,0.5579710144927537
6220000.964828798,0.4413122918432508,-0.0961935220381404,2.0140207360398286,0.5869565217391305
2623667.412882102,0.2127792456231936,-0.09773626579183711,1.6213757058291642,0.5797101449275363
3701508.8437853237,0.2991992412714275,-0.08560568056747388,1.6956963297123469,0.5434782608695652
3336651.803876787,0.2725128530921075,-0.06095241133264218,1.893538461656387,0.572463768115942
4224723.003546796,0.33401172855342365,-0.06831577264691482,1.7056722324446842,0.5869565217391305
4938437.048459812,0.37631519420760196,-0.06371756812746449,1.926642794299278,0.6086956521739131
2807678.060313439,0.22933277855350287,-0.11574700453994785,1.206513154883919,0.45652173913043476
2618794.960673067,0.21232845651667276,-0.06598930037994143,1.4243181919353332,0.5072463768115942
3394153.9605465797,0.2768688953772971,-0.07224349643456013,1.606453925711136,0.5362318840579711
4485616.747016838,0.3500953233755286,-0.13602426064250717,1.8260635942455574,0.6014492753623188
3015805.527431966,0.2470408110579425,-0.08640141887436463,1.7941144123052404,0.5579710144927537
3335313.42736563,0.27241075225968703,-0.05434943230719998,1.6048083597225746,0.5434782608695652
3625380.282635429,0.29381062608004016,-0.062337168600343836,1.6832138690307494,0.5507246376811594
4671863.716968099,0.3611250698285806,-0.10450915432252075,1.9217750417461203,0.5797101449275363
2301809.7442248724,0.18144602337183602,-0.0658474981296387,1.3429516913243238,0.5289855072463768
1490929.4515904565,0.08315702004295722,-0.18500745359520207,0.744284185058892,0.47101449275362317
2425827.699607013,0.19391110063121553,-0.08688628626333614,1.3806093085737259,0.5072463768115942
3868985.9385130946,0.31074868373528086,-0.13460454371231778,1.7929821645689765,0.5869565217391305
3658511.2335249553,0.2961667562164927,-0.08560215339183358,1.5258738168943233,0.5652173913043478
5650182.647563582,0.4138798247976283,-0.052917241599999824,2.0537083552252406,0.6376811594202898
2977381.4543499122,0.24384680736234454,-0.1525434101963955,1.3722051492754135,0.5
2580920.394663485,0.20880130974804545,-0.07900655056152278,1.569224743181151,0.5579710144927537
2822922.897515716,0.23066486910332462,-0.07520695237852186,1.4566544771019407,0.5144927536231884
4093844.072748469,0.32564201266502124,-0.09022591629774646,1.583866597404119,0.5434782608695652
3367140.1594046685,0.2748298941280425,-0.05652607356330262,2.1072211040350313,0.6014492753623188
4751947.949813224,0.3657598299417246,-0.048519910324949636,1.9258130542714549,0.5797101449275363
5130259.511530578,0.38684481400185144,-0.09705403658451929,2.1103273408129097,0.5869565217391305
2422253.432556283,0.19355906619930185,-0.05818690883377328,1.415062044445214,0.5507246376811594
4333823.951129372,0.3408316508016196,-0.11773177717033088,1.9653926646850284,0.5652173913043478
4132323.4576663715,0.3281247247273602,-0.04700337831936721,2.0205052313412146,0.5869565217391305
4353523.422013018,0.3420483951550801,-0.037022929730745495,1.888959670035665,0.5869565217391305
4071422.8814974343,0.3241867641967511,-0.07288170520399473,1.7019432914457258,0.5652173913043478
4004558.8277754555,0.31980854421618576,-0.04939122198214321,1.9193650532336834,0.6521739130434783
2600944.7194214514,0.21067123628806272,-0.07502673893914398,1.3279072652654333,0.5072463768115942
2498152.62500809,0.2009468673091941,-0.06917049762915925,1.6590319176929977,0.5362318840579711
3475425.409585361,0.2829259636398318,-0.04592167200945672,1.8095169544601013,0.6014492753623188
2739260.31370409,0.2232822133714809,-0.11497753275940446,1.505377697377253,0.5217391304347826
3042300.4341971143,0.24922428940361563,-0.06350884749340302,1.5597152275689985,0.5362318840579711
3250040.5011433708,0.26583690907852553,-0.08775807282877002,1.4584363206770463,0.5144927536231884
3738916.194990378,0.30181462481928856,-0.11668033507929372,1.5702618278136748,0.5289855072463768
3739817.1980983443,0.3018773609661458,-0.05324969346246054,1.9251690553514866,0.5942028985507246
3233137.094416942,0.2645174418522305,-0.09681690775915394,1.7270876521953575,0.5579710144927537
2712378.6868043984,0.22087180623917124,-0.06844302609301413,1.6320188415431638,0.5797101449275363
3100882.5387079115,0.2539986330972943,-0.06901399997146412,1.7457556000545933,0.5942028985507246
3409925.553168346,0.2780533395587599,-0.08065450291243217,1.5534257045506603,0.5507246376811594
2587568.7406276576,0.20942343365331006,-0.11726625922952759,1.1490934064870624,0.5
3199009.044860927,0.2618365229745325,-0.0930706456242972,1.9300999703826072,0.644927536231884
3956305.866102882,0.3166124939419126,-0.044480000000000026,1.8840662382434983,0.6014492753623188
4747869.779569015,0.3655253276211077,-0.05834457096070627,1.8604646004401388,0.5579710144927537
2105724.3601734093,0.160593955185105,-0.08565939512539619,1.148394160241215,0.5217391304347826
3479271.3329587495,0.2832097765148849,-0.11424794016624923,1.6623014447160729,0.5869565217391305
2087974.1967660184,0.15863068330222818,-0.06722257113753739,1.236129354270173,0.5434782608695652
2738013.7593964804,0.22317085737126807,-0.07065734232570041,1.4583277416157576,0.572463768115942
2257846.16557665,0.1768981217348835,-0.09018857816433636,1.1630273536698346,0.463768115942029
4342163.628816239,0.3413472927223835,-0.06098612010856477,1.7562118994440972,0.5434782608695652
3084458.1797835454,0.2526674056842244,-0.12696757496616884,1.451167665267912,0.4927536231884058
3328556.152149446,0.2718947584209268,-0.08873329353352509,1.672886848614702,0.5579710144927537
2588883.680371554,0.20954632861250877,-0.08168705817219493,1.6680721645058139,0.5797101449275363
4211486.4590187855,0.3331747564359866,-0.07159182286086442,2.1292587165579544,0.6304347826086957
3458128.0303639816,0.28164637535886405,-0.05827770880000001,1.8669502039000618,0.6014492753623188
3189365.8321056324,0.2610748585630729,-0.06889064088743233,1.504451063014376,0.5362318840579711
4154657.26316771,0.3295572438106886,-0.061679810802059684,1.9002713179142274,0.5652173913043478
2642847.9753290317,0.21454730980826286,-0.12367119783300588,1.4092357769858623,0.5507246376811594
2261257.9671198325,0.17725358598879004,-0.06497651081899865,1.230345713692941,0.5
4414986.034655189,0.34581655668037903,-0.04456399271150492,2.083852402349009,0.5507246376811594
3502690.405704205,0.28493260835261447,-0.09191228453061873,1.6764143022657911,0.5579710144927537
2450094.0209762948,0.1962902140082392,-0.06782350386885659,1.5650075015256404,0.5797101449275363
1936873.060600662,0.14135364929293548,-0.05321215923373496,1.1669782366914598,0.47101449275362317
2743272.847728955,0.22364038218012028,-0.17582311446681648,1.4252645651608282,0.5797101449275363
5852815.410829909,0.4238786084144759,-0.08447433551277563,2.0538741834658065,0.5942028985507246
2856531.31119913,0.23358135831656668,-0.0904425282026735,1.5460925915103194,0.5507246376811594
2171144.5960732047,0.16771739456776236,-0.08204137697382588,1.3012775847406846,0.5797101449275363
2825996.8671255386,0.23093277438008442,-0.07042111874484726,1.8457256731644445,0.5579710144927537
4436374.211859373,0.34711798532402205,-0.07013996919502788,1.8860474980952264,0.6086956521739131
4463958.079478842,0.3487890189000744,-0.056616204760719414,2.111684588488475,0.5869565217391305
3374514.211528252,0.27538778227351113,-0.08885560725091227,1.631126710413272,0.6086956521739131
4159636.470658514,0.3298757764668474,-0.06125975678063307,1.8969365002629663,0.5507246376811594
2983228.259534763,0.2443349426080379,-0.12561355644676178,1.5942651952126716,0.572463768115942
2421188.3595558694,0.19345408534445507,-0.09376006361864367,1.1767839509379445,0.5289855072463768
3372412.652721515,0.27522888708468307,-0.0856646381260964,1.707328697578413,0.5797101449275363
2755773.836656799,0.2247535713591633,-0.12410386387723825,1.5064989748575055,0.5579710144927537
3754663.2192961005,0.3029093409032979,-0.07745529078270845,1.7955644068312118,0.5507246376811594
1872466.7132839817,0.13365999457029165,-0.09431648069230851,1.1241669489388677,0.5144927536231884
4917037.3437189525,0.37512032536165507,-0.06110867942714058,1.8007767807382695,0.6086956521739131
3404619.145816524,0.27765531931098075,-0.07425516820013098,1.724177796937774,0.6304347826086957
2779193.737422652,0.22682824048527084,-0.09107959059487508,1.458537030721986,0.5289855072463768
2404673.8207933754,0.19182155324390382,-0.07144078392651758,1.4035529663008874,0.5362318840579711
3499150.142031692,0.2846727600678469,-0.06781322848750426,1.8863535091256485,0.5942028985507246
7602961.9169449415,0.5003637511203862,-0.09292187047552859,2.27202257443106,0.5942028985507246
3098793.9526198483,0.25382966249094197,-0.06994677177571415,1.4343946063166535,0.5434782608695652
4016809.8601415493,0.3206150883556558,-0.05887326849557252,1.9768854726916205,0.6304347826086957
3160619.4452437866,0.2587933546419878,-0.10609821223754286,1.4508666801018633,0.5
2577026.409748482,0.208436331628451,-0.07933803453426784,1.296584627544598,0.5144927536231884
3045799.645212656,0.2495115253129485,-0.08129744695806433,1.7848372154104615,0.6086956521739131
4451561.545757381,0.3480390605731043,-0.04186306314540416,2.161776347374257,0.5869565217391305
3371207.6955074975,0.27513774664241586,-0.037005183427125436,1.968133316432688,0.5652173913043478
3004960.908198315,0.2461426644903535,-0.06741825319641367,1.676751309127599,0.5652173913043478
2397354.0113254827,0.19109508895099991,-0.10283841672516773,1.3083825999996865,0.5579710144927537
2151574.267412674,0.16560464191942859,-0.11152668205936278,1.227780735796818,0.5072463768115942
2678798.5089616883,0.21783376165554102,-0.06349467100496392,1.4153676557822317,0.5217391304347826
6649960.455901038,0.46070936130453033,-0.051993576303335225,2.552852518433403,0.644927536231884
2763670.156184722,0.22545464341173327,-0.11137219070779833,1.3249836533023125,0.5144927536231884
3028747.977231914,0.24810932348692183,-0.07885909093135822,1.5300915046379286,0.5362318840579711
2921641.4355294686,0.23915428506843184,-0.055809399054668855,1.4636062967708072,0.5144927536231884
4476699.185082542,0.34955808870732863,-0.15421305604727184,1.7665004259369423,0.5362318840579711
3540100.438684161,0.28766566851232134,-0.07382713684194857,1.820881556696986,0.5797101449275363
2878225.5885687205,0.23544940903014866,-0.11060640350125023,1.8651360758020157,0.5869565217391305
2884208.7509066537,0.23596262492583442,-0.07967259934519495,1.4879683814884856,0.5072463768115942
4593608.930973063,0.35653437659254705,-0.08376317424293492,1.8897963113020841,0.6086956521739131
3203848.8339456185,0.2622180992791965,-0.060650920783900886,1.901607427069698,0.6086956521739131
3225155.1008109236,0.26389245428959573,-0.0770726366542536,1.6084922850119625,0.572463768115942
2022382.7916817726,0.15125802956789247,-0.15774477234429826,1.0731805738657,0.4927536231884058
2336451.050659498,0.1849808648092377,-0.09788678002239629,1.3374984245720016,0.5797101449275363
4127196.222630209,0.327794983367405,-0.06264988626476428,1.714414684654173,0.5507246376811594
2367272.9325017277,0.18809089178128735,-0.06557743087226726,1.476500012120164,0.5362318840579711
1720650.70111245,0.11465005850473498,-0.09162533853245862,0.8508113322637839,0.4855072463768116
1828332.8834128482,0.12826483892098262,-0.07193855858363876,1.1888475404651992,0.5362318840579711
2425671.8770821285,0.19389576211212334,-0.09796351634326642,1.3684269061642413,0.5652173913043478
2418471.7745673414,0.19318615282365648,-0.11022147402744503,1.287144774533217,0.5434782608695652
2810246.2000425253,0.22955758665578374,-0.10589280905589153,1.4656966234061217,0.5434782608695652
3551389.4995339233,0.2884858728797115,-0.05808891825578295,1.6821342196233615,0.5652173913043478
2619238.629950058,0.21236953162576389,-0.05152427002527302,1.54477488240369,0.572463768115942
1955168.2068264056,0.143501728202601,-0.09672355226996501,1.142893569436417,0.4927536231884058
6770802.808627866,0.46597995869293785,-0.03728034299999998,2.1635584157158365,0.6159420289855072
5611252.442272484,0.4119260840183936,-0.06029632112657261,2.175202732486969,0.6086956521739131
3385994.3633501073,0.27625438176508177,-0.12746463769460706,1.5301115372959009,0.6086956521739131
5892786.348089325,0.42581815097404774,-0.06533616361372865,2.308684248985703,0.6376811594202898
3919048.0695880475,0.31412330750060913,-0.10603254336093837,1.954165455648922,0.5942028985507246
2468056.5551090995,0.198039180673512,-0.060573339223936526,1.4051913655204256,0.5217391304347826
2555348.106098492,0.20639634897242032,-0.06267689688985607,1.2365741772048184,0.5289855072463768
4286682.844498931,0.33790190025709,-0.061830009065215484,1.7312767421215842,0.5579710144927537
5969407.751863455,0.42950687720934155,-0.07033080322214093,1.9174965219833568,0.6014492753623188
3688351.5699668447,0.2982743061994577,-0.17403550391921477,1.6647972355799068,0.5942028985507246
4358767.607033005,0.34237156150729064,-0.057855552565502844,1.8403868382718884,0.5797101449275363
2416791.2268445757,0.19302028246894265,-0.09213684547788077,1.495686890045028,0.5
2928358.128650741,0.2397235113832321,-0.062090891068238216,1.446165131211766,0.5652173913043478
3637567.5340016335,0.2946793258676179,-0.10709973811299561,1.8716812375724208,0.5797101449275363
3196563.6140881376,0.2616435458501183,-0.09066721674458493,1.420653906271759,0.5217391304347826
1835006.3994570018,0.12908728480707543,-0.12630271968908302,0.9496287693296122,0.4855072463768116
3038613.4356560363,0.248921352686587,-0.11772646896536783,1.4816173092683904,0.5434782608695652
5290837.105190464,0.3954197907310717,-0.049428726432013986,2.140321187399766,0.6594202898550725
2441010.1253986103,0.19540182954093188,-0.09971081534984891,1.4705455681206971,0.5942028985507246
3141152.7089234795,0.25723890028076335,-0.07484336414714463,1.707442560435093,0.572463768115942
1723316.5258779528,0.11499523279843249,-0.0956144661620074,0.917424707457827,0.5
5168724.443217624,0.3889182226534298,-0.06848904401332055,2.1928021821515737,0.572463768115942
3606181.0878818813,0.29243736826260913,-0.1426828402915955,1.5765999596996176,0.5652173913043478
3777195.973501801,0.30446942299111956,-0.06622274234508951,1.6212203526609519,0.5434782608695652
2431822.2103966954,0.1945005777165678,-0.20915992904577493,1.2513601615436523,0.5362318840579711
4536310.669840736,0.3531332250928272,-0.09507777289542849,1.8815247545607812,0.6304347826086957
3807565.3517810684,0.3065603459393471,-0.0897659295405118,1.7870762092081813,0.5579710144927537
2389031.981027048,0.1902669991708723,-0.11328892679143168,1.2113459926350112,0.5072463768115942
2713453.552086597,0.22096855266787974,-0.10393770637885008,1.5166320105677482,0.5289855072463768
2858589.5725226323,0.23375907744814595,-0.08085927739482782,1.490324214969357,0.5362318840579711
2985647.538017528,0.24453669831976743,-0.18518174258821846,1.4938239666137527,0.5434782608695652
2920647.300285792,0.23906994517414537,-0.07256511456040843,1.4479059541953723,0.5289855072463768
2939903.0154189887,0.24069948151661724,-0.07511574696415496,1.4864505007027953,0.5072463768115942
4908348.466521954,0.37463398754271804,-0.06806862662683255,2.018574177108487,0.572463768115942
3262005.280115288,0.2667675562638445,-0.18291235046205537,1.6390230179424288,0.5579710144927537
1547326.8007059111,0.09123028269945799,-0.16069423315603729,0.7873570786582953,0.47101449275362317
2644729.9652282437,0.21472023802697637,-0.11640519202679983,1.3887283011866842,0.572463768115942
5233624.495557295,0.39238876990946436,-0.0401991041240255,2.262010678793465,0.644927536231884
3744340.2489338308,0.302192114900131,-0.08830436416351126,1.5780834633942868,0.4927536231884058
2730404.8487095013,0.22249026468402477,-0.08345982162374557,1.5203802858129054,0.5797101449275363
1880776.0401046649,0.13466436754913036,-0.08718642566673052,1.1227249366558527,0.5144927536231884
2425062.75411309,0.19383579502452664,-0.10184335095108207,1.304079502789562,0.5
4144966.1298348047,0.3289364005171418,-0.05961484789993462,2.0281107879932043,0.5507246376811594
3121681.417315197,0.2556763534831541,-0.10878137714997001,1.6535992196510196,0.5869565217391305
4678739.26683012,0.36152546588403056,-0.08287603210067415,1.9525980840508665,0.572463768115942
2519452.3920261967,0.20298782286135153,-0.10378006753810642,1.5122160293085067,0.5652173913043478
2639496.0921029137,0.21423907508184747,-0.06383415768204331,1.6200660031721152,0.6086956521739131
3838553.682345981,0.3086801759709541,-0.0986763467225496,1.7222822997969012,0.5942028985507246
2743121.636707271,0.22362689230854627,-0.08751363648592289,1.435996984845,0.5217391304347826
4384549.3595024105,0.3439558211332985,-0.06609158375798774,2.031463174195611,0.6014492753623188
4552145.158451198,0.3540765607918728,-0.0902105929212111,1.9140643739184702,0.5362318840579711
1811621.9884961767,0.12619479720348492,-0.0867276828292492,1.0085003653406381,0.5217391304347826
4214043.233294262,0.33333659000766014,-0.07368926970413164,1.8681108086912963,0.6159420289855072
4019476.6011706716,0.32079039182824043,-0.08625535477381792,1.752100411332063,0.5434782608695652
5168459.288726097,0.38890397211767724,-0.09646732406074392,1.8063541686587319,0.5652173913043478
4168439.9773168415,0.33043821367419746,-0.05902273882988613,1.9641011284435068,0.644927536231884
2450156.636222782,0.19629632848713374,-0.09955738517501356,1.2846874338281666,0.5217391304347826
3116571.489760448,0.2552649969273735,-0.09131470756508163,1.5590030832072743,0.5434782608695652
4507066.930817531,0.3513840896108813,-0.12120279164867742,1.9318117951353226,0.6014492753623188
3128410.2984022642,0.2562172172073509,-0.09518780522104828,1.367761100109793,0.5217391304347826
3145642.8705740273,0.25759813024115563,-0.07740675196495372,1.5952087388871965,0.6086956521739131
3323026.0012671496,0.2714718453799465,-0.07086115847505368,1.516042558863575,0.5579710144927537
2298947.3570514964,0.18115204257308504,-0.0996663288955586,1.292807586946783,0.5507246376811594
2463014.446849735,0.19754927410472245,-0.06753741352009623,1.5255785683715315,0.5362318840579711
2506255.7094950546,0.20172494406530994,-0.07592757728016478,1.3919867837644129,0.5362318840579711
2405276.2748204344,0.19188126577069897,-0.09737159950525258,1.4778837556681281,0.5362318840579711
5884200.435449106,0.42540241925340383,-0.0865370857037159,1.9833002093769097,0.5942028985507246
4873751.304604609,0.37269064168179544,-0.06299768556581582,2.040759458412446,0.6014492753623188
3163049.0637129354,0.25898682605841605,-0.06847170914734475,1.8315508063085817,0.6159420289855072
2901490.996145949,0.2374402708230705,-0.07643103333134296,1.6685873780516727,0.5434782608695652
3046929.0346997445,0.24960417591924688,-0.14719823685307323,1.6830386097540726,0.5579710144927537
2790454.8924344047,0.22782084241833656,-0.10193663141696648,1.2436305937913874,0.4855072463768116
2330278.6019093674,0.18435410440333788,-0.10285523479562579,1.356030524186639,0.5144927536231884
2479820.6426634886,0.19917910940411665,-0.1278678924888208,1.1913856395838405,0.5362318840579711
3155014.1102471445,0.25834654544047386,-0.08233774445977131,1.696891943094827,0.5434782608695652
3011731.9987640413,0.24670374666350625,-0.09978430305177144,1.5467041576753424,0.4927536231884058
3428959.0338808545,0.27947692912455,-0.07937251208001311,1.8507296912084046,0.5797101449275363
2231073.809634018,0.17409378087636873,-0.0939893985729719,1.1627802697904712,0.5
3733838.346823272,0.3014608318668921,-0.08624492913535077,1.7679779227401808,0.5652173913043478
2877468.940969001,0.23538444552292637,-0.11401124273436779,1.7051994168204598,0.5652173913043478
4276145.035552607,0.3372434686067609,-0.1089652163955592,1.6658275542549454,0.5
5477063.181278235,0.40510749435402227,-0.06445036799999988,1.7579598867709438,0.5797101449275363
3063261.488592137,0.2509409634191966,-0.08826849190709153,1.5902395834848702,0.5362318840579711
1920587.3976070245,0.13942780971701496,-0.10029671135968139,1.0264729545226656,0.5072463768115942
2887693.6014903714,0.23626115151029015,-0.10377331674923566,1.5235432725461395,0.6014492753623188
2503152.0828282903,0.20142716483890855,-0.0885833791335351,1.3648826096290438,0.5507246376811594
5001867.670892381,0.3798327213009387,-0.07084837175484054,1.9108712571133672,0.5434782608695652
2446293.2763945605,0.19591883091426543,-0.10617447450372741,1.3994391280589493,0.5144927536231884
4006648.26546369,0.3199462413994598,-0.09630934912603016,1.7237894062124475,0.5144927536231884
1925342.470980168,0.13999146072218127,-0.10879383529166495,0.9289888023446055,0.47101449275362317
4997939.825205136,0.3796159433464439,-0.05208461706897954,1.9429432238130737,0.5289855072463768
6809375.651061746,0.4676464846967967,-0.0820800062813002,2.12605758765855,0.5652173913043478
2115220.606677393,0.16163886485298473,-0.06157308669087021,1.3430217842365073,0.5144927536231884
2544656.0817624456,0.20538510030409118,-0.06298811847210484,1.3665027717007157,0.5217391304347826
5009767.749086506,0.38026831483664325,-0.06422170123512959,1.760395597598711,0.6376811594202898
4352150.248759944,0.34196372362198213,-0.06573139685439955,1.9301668595048591,0.6014492753623188
2346570.6499220515,0.18600556509525057,-0.11492496710234495,1.3468872023922702,0.572463768115942
3127826.263864504,0.25617030973902044,-0.06490334385688681,1.7068071692159925,0.5362318840579711
3678760.1346358103,0.2975983789299872,-0.06764911843230499,1.528172323498507,0.4782608695652174
3046240.6712438306,0.24954770859868547,-0.065653000961943,1.9122898204961882,0.5869565217391305
2488371.2756650243,0.20000494552877934,-0.0541880831999999,1.3722124773641506,0.5289855072463768
2501121.6988213803,0.20123219863140362,-0.0927723163503443,1.401058948359882,0.5652173913043478
6531218.29489849,0.45545519276298374,-0.05543725926869801,2.064104617774595,0.6159420289855072
3687203.84066544,0.2981934975813745,-0.07889525431808006,1.813759245319492,0.5434782608695652
2303187.3031420805,0.18158740100248982,-0.09444587936358481,1.4444517049356378,0.5652173913043478
2112217.3378056367,0.16130880973874473,-0.04281129968812258,1.4867346797888195,0.5217391304347826
3456322.982939614,0.28151255060518365,-0.11458185732513924,1.712975675116121,0.5869565217391305
4679483.417738732,0.36156877310431335,-0.0618380766406453,1.9977785541733435,0.5797101449275363
5796489.156261586,0.42112737585352233,-0.07294806353074475,2.059193715665245,0.572463768115942
3650287.7529287324,0.29558353544636673,-0.07491757059105013,1.708313003432841,0.5579710144927537
4155339.1764794835,0.32960088559425915,-0.06592031412607134,1.6945904948315942,0.5507246376811594
3881939.8829915845,0.3116252271880038,-0.059245850423617186,1.8488754721458285,0.5434782608695652
2132970.7469293685,0.16358196124019653,-0.09792527540540978,1.1617533157165896,0.5217391304347826
4146992.0566284675,0.3290662834431488,-0.0630740174993921,1.8807035787199202,0.5869565217391305
2839292.284263222,0.23208883037275396,-0.06438749380446936,1.6002441655925155,0.5289855072463768
5720531.63568418,0.4173831918345696,-0.07761385626808726,1.8957487378887388,0.6159420289855072
2730951.0357871843,0.2225391698831818,-0.05266729653762412,1.501429613094862,0.6231884057971014
5388178.696002068,0.40051704277740896,-0.07727797331769838,1.9769174421414715,0.5507246376811594
1459158.5562427999,0.07850086366348696,-0.0910420965828285,0.7502235515931756,0.4927536231884058
3188157.3807779243,0.26097927977471547,-0.06636579171350174,1.503534622189389,0.5362318840579711
4045240.901810461,0.3224792846384299,-0.058501341942934645,1.7829960748119458,0.5579710144927537
3334240.4964524833,0.27232887782344073,-0.08048561891547325,1.668754238477641,0.572463768115942
3098732.6930553303,0.2538247050999276,-0.09377775390586417,1.6737761950858736,0.5652173913043478
7444115.308236644,0.4940413530574077,-0.05295358976846474,2.205220795996077,0.6086956521739131
1586615.5034647582,0.09671640224057065,-0.1417536595273173,0.7103392406659848,0.45652173913043476
3415872.1562053557,0.2784987909185286,-0.09840326317759766,1.6975848000893832,0.572463768115942
2274750.7955259345,0.17865516893274114,-0.13573801719622888,1.1953435990377939,0.5144927536231884
2233132.828465536,0.17431041102708988,-0.11397732444088066,1.3076926135377283,0.5
4218411.659744738,0.33361291223875456,-0.07044330657236188,1.7967643784837286,0.5942028985507246
3650080.4772113757,0.2955688215868246,-0.08461068671633293,1.676651925854319,0.5942028985507246
2635460.5401311405,0.21386755535122215,-0.05180970026247861,1.53221122519973,0.5289855072463768
5093367.788091596,0.38484449027448453,-0.057984079066489905,1.9957730945274097,0.5797101449275363
2768554.778377725,0.22588752108637844,-0.06149037015721444,1.7759380867834331,0.5869565217391305
3049402.86821061,0.24980702338905525,-0.06587253510092093,1.6027350835715892,0.6014492753623188
2175681.0661747484,0.16820496165442478,-0.10832544546978126,1.286159789971239,0.5072463768115942
2826870.527378635,0.2310088738329752,-0.0846450089444823,1.394972629927746,0.5217391304347826
3466864.4401737466,0.2822932970474925,-0.05982326207767501,1.6892846448458987,0.6159420289855072
5630780.785318858,0.4129074789496443,-0.09791868442375275,1.9812071689332957,0.6159420289855072
4074301.843452286,0.3243739815698994,-0.061196630411166006,1.8596350525778942,0.6304347826086957
2684227.9192248234,0.21832702496097744,-0.118181608725239,1.3515822007847733,0.5072463768115942
2096621.735864557,0.1595888126627878,-0.10189228160415756,1.1685153259709673,0.5217391304347826
2308180.840990127,0.1820993169088716,-0.12075897053262377,1.2418653559081934,0.5652173913043478
2432123.1891847327,0.19453014414929104,-0.08964738689855936,1.5230116974249401,0.5579710144927537
2978411.985926856,0.24393289952100305,-0.1135088274616093,1.5050447898261126,0.5797101449275363
1636378.9383232475,0.10351127841874574,-0.07974214867520985,0.88256474341413,0.4855072463768116
3309317.741142833,0.2704210862967815,-0.0653639416767826,1.7662482334646203,0.5434782608695652
4365070.045752044,0.34275953014351734,-0.04005490740735988,1.9928619094201605,0.5797101449275363
3594762.205806616,0.2916178354823169,-0.12757249439275897,1.547116724582657,0.5072463768115942
3701977.3523992305,0.2992321281425181,-0.055606362392809194,2.0045352143633854,0.572463768115942
3467162.8174133124,0.2823153685169639,-0.07915087874738384,1.6510370454766063,0.5072463768115942
4587862.392508443,0.356194805645915,-0.055088193262284826,2.2240066106833196,0.6159420289855072
2529850.4071092997,0.20397915627558705,-0.07584294637043046,1.473901211184748,0.5144927536231884
2450738.3383169477,0.19635312665204707,-0.06093553276506559,1.6196600463107813,0.5797101449275363
2145796.474125876,0.16497795024889417,-0.08048317709415626,1.1915819736562296,0.5434782608695652
2961783.7723744567,0.24254083361665768,-0.07504301939917778,1.5559634992760667,0.5072463768115942
3455916.560145764,0.281482411037028,-0.06927099451007776,1.5208377445982786,0.5072463768115942
5776568.873897423,0.42014925777393564,-0.04458457949609881,1.9990136925405253,0.572463768115942
4232206.988683667,0.3344840273095411,-0.07484675225736553,1.8153820059455528,0.6086956521739131
3503997.5601865617,0.28502849777235517,-0.055479916385789536,1.7532957572983008,0.5869565217391305
3849543.1756504592,0.30942865010591714,-0.061233174925673706,1.8407304973420304,0.5942028985507246
7090776.217548369,0.47958103469278135,-0.05533364028599172,2.2460867258899833,0.5797101449275363
3245224.7028020476,0.26546155180854614,-0.06794833778407616,1.6111680722740696,0.572463768115942
3669137.0355594256,0.2969188019296072,-0.08167371336811458,1.7938769977396016,0.6086956521739131
6568037.145706712,0.45709249085567794,-0.056099551663478554,2.069565412110987,0.572463768115942
3430536.298443104,0.27959461512714223,-0.08289739132918207,1.6614089239928247,0.5362318840579711
4006168.485223408,0.31991462821964567,-0.08633824304384412,1.7318088714747437,0.5579710144927537
5187230.2192579955,0.38991136045951835,-0.0607890191141952,2.0664420924321476,0.5869565217391305
4366757.200366434,0.34286331279744275,-0.055122624174458144,1.9371025522541696,0.6086956521739131
2732828.1262959205,0.22270718358793884,-0.08166985062189211,1.574520814282156,0.5652173913043478
1659715.7639217991,0.10664096791917421,-0.1032370984818886,1.0263011432353206,0.5
8011717.32334767,0.5161603101399486,-0.047418115398968605,2.323590891714693,0.5942028985507246
2855734.2768757157,0.2335125114299783,-0.06779756559883723,1.6330486337267867,0.5652173913043478
4196434.656907534,0.33222044105525894,-0.09640883889552485,1.860272278537144,0.5797101449275363
2645262.8831409668,0.21476918775054243,-0.04812020674328103,1.7324804811971533,0.6014492753623188
4420628.106049812,0.34616035457978844,-0.13391454770022457,1.893950527529302,0.5869565217391305
2106211.8790605008,0.16064769052602013,-0.08060017275893047,1.2084648781219662,0.5507246376811594
3147059.440478241,0.25771137608143513,-0.12164355745292837,1.546608202455688,0.5579710144927537
1588163.2092065439,0.09693028296333028,-0.1378800190435252,0.8764115371910619,0.47101449275362317
2858139.949585932,0.23372026381158784,-0.06445036800000004,1.7429350935041565,0.6086956521739131
3298755.3072621287,0.269609081875992,-0.09770588937487948,1.5941998661206398,0.5362318840579711
3767430.7791969185,0.30379423478351986,-0.0714711885005304,1.7933515742322268,0.5217391304347826
3927958.083274477,0.3147203005890544,-0.07611343658195945,1.6481239076066057,0.5434782608695652
6435994.4232785795,0.4511861732491844,-0.06807980002315632,2.106390583573289,0.5797101449275363
3579948.01297982,0.29055151208675967,-0.08018582598158211,1.497457227683952,0.5289855072463768
3122011.154556403,0.25570287930104296,-0.0660065286086104,1.4726841785321416,0.5434782608695652
3350420.0946718105,0.27356129813310415,-0.05803753770137597,1.6492133128641713,0.6086956521739131
2583273.6262418977,0.20902166156759905,-0.10757778363139014,1.3947893937064846,0.4855072463768116
2580791.3713303637,0.20878922361836816,-0.08950953200485696,1.3270403588666169,0.5289855072463768
3629874.138726308,0.2941312168950889,-0.05925985605510999,1.5892875111506575,0.5362318840579711
2535295.6326697916,0.204496997248391,-0.084757184456549,1.604069820038689,0.5869565217391305
3714221.4527180623,0.30009042211934744,-0.07464414938467355,2.3686140178725212,0.6811594202898551
2683299.12916476,0.2182427007743195,-0.06047507126788597,1.3068041863337552,0.4782608695652174
2303516.400407481,0.18162116594715627,-0.13039170178055035,1.272032039111633,0.4927536231884058
2799762.0596941677,0.22863879639760154,-0.0979718786179198,1.4125497555188045,0.5434782608695652
2230857.507380048,0.1740710143520905,-0.06229783960816594,1.2514704015143352,0.5217391304347826
2325162.9159560106,0.18383364208309128,-0.12564630878542332,1.1502511114750187,0.5072463768115942
2906347.3666317076,0.23785422689694835,-0.07921817810142695,1.5064007703428166,0.6086956521739131
3905745.211966031,0.3132299589482539,-0.05889879680000003,1.6640646269202,0.6014492753623188
2844770.06908511,0.23256387235291975,-0.10462531753691491,1.665449621846637,0.5652173913043478
6946985.39732291,0.4735310009149547,-0.0438362364390833,2.475756377819846,0.6739130434782609
6645561.376654212,0.4605160525693712,-0.07514354866540791,2.2204006911920344,0.6739130434782609
2862359.0800191285,0.23408428768590195,-0.10169305671852316,1.4747787460153081,0.572463768115942
2294075.0319414865,0.18065095743867343,-0.1309978841755884,1.252791158229428,0.5217391304347826
2439808.694704079,0.19528413438937609,-0.1483736051937496,1.3818451869561417,0.5507246376811594
2036232.9608996937,0.15283059214444616,-0.09487387762648063,1.1689616957433475,0.5072463768115942
3315242.607694617,0.2708756628171316,-0.07848222774001014,1.7797657988526339,0.5507246376811594
2132225.9722634987,0.16350069173089454,-0.1296749047262325,1.169905737769914,0.5
3849843.9241341003,0.3094491094880787,-0.06316106593099173,1.710742228745531,0.5797101449275363
3671586.9311034256,0.2970919471297422,-0.06928524801156132,1.8226851761454703,0.572463768115942
2450526.0332027283,0.19633239814872883,-0.058548278100337414,1.651948293591458,0.5869565217391305
5694577.499417012,0.4160947136876718,-0.05913675464144179,2.078697766934999,0.6376811594202898
2340340.2151813246,0.1853750969152459,-0.09783843966218224,1.2478056960049693,0.4855072463768116
2640329.9074227046,0.2143157808770837,-0.08759256907010261,1.7102481264654188,0.5579710144927537
2474026.432954835,0.1986181980030144,-0.08780005760852645,1.391924824626649,0.5434782608695652
3967263.423074696,0.3173409967679741,-0.07150725815425499,1.766569561609351,0.5579710144927537
3435149.535125153,0.2799385788450144,-0.04828538596115839,1.8670300823379335,0.5652173913043478
2032720.3769272773,0.15243258156359696,-0.08072610549562662,1.231840133124434,0.5434782608695652
5567203.918915899,0.4097023568805189,-0.09206651840525534,2.084170226280787,0.644927536231884
3031329.9088254813,0.2483220473338128,-0.07241784116486487,1.4500194524397128,0.5144927536231884
4456616.449406042,0.3483450706998701,-0.04173301038824528,2.1339869611038056,0.6231884057971014
3517086.5792086846,0.28598709928783506,-0.07780024235551551,1.6083193694868705,0.5797101449275363
2882666.7549453448,0.23583043913457513,-0.09869555657523199,1.4987787837425013,0.5289855072463768
3076031.649459101,0.251982216057723,-0.06675160087762694,1.5524502967305782,0.5362318840579711
5338931.176848489,0.3979475088066209,-0.06483437261856108,1.9589829657244633,0.5434782608695652
5113672.166492371,0.3859468523183285,-0.12017993445761513,1.9714170134824716,0.5797101449275363
2924490.6284071766,0.23939587618974145,-0.07243647264546389,1.431396249994985,0.5434782608695652
4091122.260313094,0.32546569384134383,-0.056739321599999976,1.8244454762147921,0.572463768115942
3979868.9114483385,0.318177072417106,-0.07293406756075607,2.029364743169051,0.5797101449275363
4996929.110990667,0.37956013994342697,-0.08845260361287362,1.9966677936509187,0.6231884057971014
3856632.9123863075,0.3099106123816451,-0.055818438269089894,1.7565891888942136,0.5869565217391305
3938532.305265249,0.31542739562929945,-0.04096192740230794,2.0409431215367237,0.5797101449275363
3320661.843894864,0.27129087686909914,-0.09475918201133628,1.472141824608165,0.5579710144927537
1961694.9860020094,0.14426416259496588,-0.08607009216703576,1.3330361225533338,0.5797101449275363
3461808.786235187,0.2819190905510467,-0.06129081055201407,1.6491776031261731,0.5579710144927537
2475644.434714142,0.19877493514952516,-0.11748642589138511,1.4006205513288024,0.5942028985507246
3883941.1477155876,0.3117604362976103,-0.09096220627785695,1.6147434370362965,0.5289855072463768
1704712.6456912628,0.112577407102876,-0.1270907459148332,1.0113684548503374,0.463768115942029
4304938.9481222015,0.3390395339193948,-0.07877529330463125,2.0434254366136706,0.6231884057971014
2004582.1065347905,0.149224219128399,-0.08171401255620298,1.1884403286479965,0.5217391304347826
3849859.4545234498,0.309450165958008,-0.09820122709691934,1.9163065185266506,0.5507246376811594
3000827.8722536773,0.24579968576622901,-0.06596456818856236,1.6011750657984631,0.5797101449275363
2409020.595501816,0.19225211791813113,-0.13630703358832993,1.236306715873148,0.5507246376811594
3500153.663870619,0.2847464379183018,-0.06139132393053244,1.6425723947410038,0.5434782608695652
3850278.8774599954,0.30947869632428726,-0.10101665917139815,1.614657437591718,0.5434782608695652
2812421.6180162462,0.22974788840444482,-0.1072402776583616,1.4395364875647345,0.5869565217391305
4273460.655961314,0.33707553366716714,-0.07194743442519604,1.7177508329758204,0.5507246376811594
4170050.930170199,0.3305410311313586,-0.08171253999713897,1.8123176385457467,0.5797101449275363
4130234.8307797653,0.327990441047441,-0.06042375622240172,1.7398901062393044,0.5144927536231884
7464198.0719181625,0.4948466106874492,-0.06445036800000006,2.2183207878318756,0.5942028985507246
4212566.305983395,0.33324311600925616,-0.08414090512997126,1.8950591559284549,0.6159420289855072
3699891.665262822,0.2990856981478409,-0.07724652078822258,1.9628571119939335,0.5942028985507246
3397466.295519763,0.27711801592562924,-0.05689220480000007,1.505514989182171,0.5579710144927537
3241988.0291043343,0.26520902561936377,-0.08159046896797169,1.6645970611109107,0.5362318840579711
4845959.063092861,0.37112152311807556,-0.06080971831551993,1.9208332611784205,0.6231884057971014
4376178.506588985,0.34344226059408256,-0.05069210434508877,1.9205212931638658,0.5579710144927537
3169785.9830354718,0.25952266826164605,-0.09707729179955762,1.4868535722247453,0.5507246376811594
3580397.7993370346,0.29058393955728046,-0.08372347812347172,1.4685897702533788,0.5072463768115942
5242420.191937708,0.39285646888789527,-0.08775718738280773,1.814649524470908,0.572463768115942
2983567.3241407946,0.24436322678346767,-0.05494986873562668,1.5918725334733046,0.572463768115942
3322788.764420384,0.2714536903257607,-0.07027636405601559,1.738975847024771,0.5579710144927537
3953252.8872647267,0.3164092320345495,-0.09279913862737917,1.7984525206742887,0.5579710144927537
6068634.167861347,0.43422798263035034,-0.04912012067722265,2.2050223575671883,0.6231884057971014
5018364.84879079,0.3807417167163387,-0.10369007065007937,1.9259893795875707,0.5797101449275363
2438737.56818998,0.19517916505947586,-0.11298459026207387,1.2587100487899194,0.5072463768115942
3588116.356801441,0.29113990389805533,-0.0756943894961098,1.6970494820835478,0.5072463768115942
3317369.1973903603,0.2710386637329394,-0.10021801979679525,1.6400387335085351,0.5289855072463768
2981865.8974505425,0.2442212708168814,-0.07863985221366215,1.6830233344265089,0.5797101449275363
2438527.026848876,0.19515852788082566,-0.12410238044149312,1.2361136579640697,0.4927536231884058
3174392.9563748953,0.2598885741572494,-0.10363706535995883,1.380409949881184,0.5507246376811594
2158622.074922297,0.16636726625870035,-0.14762870592064564,1.031678621951335,0.4855072463768116
4998750.073317845,0.37966067212562016,-0.07019697634582645,2.121884736490508,0.6304347826086957
4989510.378845408,0.3791502613842286,-0.07795785596362378,2.189619381404926,0.5942028985507246
3477378.780209565,0.2830701455097999,-0.06381888899521518,1.5727082589029937,0.5434782608695652
3153918.7746063704,0.2582591605213309,-0.10619019717270757,1.492964522182239,0.572463768115942
3180093.254950074,0.26034072914597095,-0.06551087670109185,1.9424837155137569,0.5869565217391305
3014073.133322951,0.24689750853362002,-0.09841371118638914,1.6170925440103978,0.5579710144927537
2008674.973490487,0.14969312335102236,-0.09578773594960394,1.1568003075945668,0.5362318840579711
3596678.433829645,0.29175550838420117,-0.11298822752492371,1.735611103170002,0.5507246376811594
3106759.3575577536,0.25447359094199196,-0.08947467394000568,1.5344952864071142,0.5797101449275363
3170444.6606313856,0.25957500936092615,-0.09132394883074924,1.6565237583681638,0.572463768115942
2047486.895363467,0.15410208642832468,-0.09275828264613808,1.088405141604414,0.45652173913043476
4596096.950458024,0.35668129171029017,-0.0961705612562651,2.310308267858684,0.6159420289855072
3343381.576914469,0.27302575180553945,-0.06273178421684818,1.741044254433973,0.5869565217391305
4125907.7199430745,0.3277120660063899,-0.05564357108994772,2.019774417422382,0.6014492753623188
2778876.368417956,0.22680021976554943,-0.08184212349180806,1.6676910832631728,0.5072463768115942
3191352.881066485,0.261231955201056,-0.08336828082316222,1.6340790726735825,0.5507246376811594
2612204.0861183214,0.2117176136724359,-0.08577857551150382,1.6123737295484277,0.5579710144927537
2451030.425504869,0.19638164236564304,-0.22157188054110702,1.1499414440008862,0.5
1206735.5442911305,0.038298964775631106,-0.23818361640048413,0.34488798986171226,0.4420289855072464
5386400.246553421,0.40042457822447286,-0.06208081595078191,2.1309653287378945,0.644927536231884
1785250.097127412,0.12289671953571557,-0.13422701066263895,1.0256728278312486,0.4927536231884058
2651252.2411868502,0.2153187820610749,-0.07107422042713614,1.447861298033918,0.572463768115942
2830095.739539103,0.23128964043338396,-0.0911447727121256,1.576545867176749,0.5144927536231884
3863419.4025749727,0.3103712963546821,-0.09825239946155007,1.722762094433092,0.5434782608695652
2502186.478502179,0.2013344591400661,-0.09594015070318218,1.290619359517275,0.5
5480234.389033475,0.40527016752444944,-0.06675781850897657,1.9806186728652275,0.5434782608695652
2199712.137500771,0.17077427219494012,-0.1347881362056188,1.25848620835871,0.4782608695652174
3949423.592450075,0.31615410677601585,-0.0978297368419397,1.7817214450119612,0.5869565217391305
2423870.0125690866,0.19371833680459427,-0.11185647505666739,1.4554632304979283,0.5579710144927537
3998193.330840765,0.3193886935199468,-0.11123618954077544,1.7017285473952588,0.4782608695652174
1863416.116350334,0.13256195692287998,-0.1053751979036284,1.0385303321475345,0.5217391304347826
5372392.504518541,0.39969543730637014,-0.09596773162508294,1.9751465271624906,0.5652173913043478
5469942.698629672,0.40474196085163605,-0.0645828938464,1.9072605757016425,0.5942028985507246
1771031.498528544,0.12110233491423572,-0.16159648869086293,0.8645231742481752,0.5289855072463768
4098292.7415774,0.3259299953274233,-0.06163418931641599,2.0714732784646985,0.5652173913043478
4633184.987885728,0.35886379645956246,-0.08460754352502627,1.7136655823173585,0.5797101449275363
3882762.485953377,0.3116808104987736,-0.07574576664589852,1.752307235879004,0.5652173913043478
1953749.0406481922,0.1433356769801304,-0.10034217350877296,1.0015404681013411,0.5217391304347826
2244379.1448928765,0.17549082826712836,-0.07032598917522218,1.3859090040881898,0.572463768115942
2739740.163134895,0.2233250680169303,-0.12313106453026733,1.3574040934784932,0.5217391304347826
3147056.707742233,0.2577111576556683,-0.1303329956356665,1.4870712750041812,0.5289855072463768
3892310.5837498545,0.31232528750133026,-0.06750646868777473,1.6144981245528605,0.572463768115942
3160612.8320591883,0.25879282786931324,-0.04293018457742724,1.8371472633410142,0.572463768115942
6085423.54393173,0.43502068784084114,-0.04750471598760393,2.1395687529170906,0.6231884057971014
4507535.817742928,0.35141220634284687,-0.0612918613060858,1.965396991177705,0.5579710144927537
3139712.793143017,0.2571236145666327,-0.07560399380073361,1.518264480775046,0.5579710144927537
3606688.370216855,0.2924737277100151,-0.06232251854711038,1.7331800595781266,0.5217391304347826
2219437.939967241,0.1728665519275283,-0.08210555944921255,1.2686483651210498,0.5362318840579711
3271600.6627845913,0.2675119353558564,-0.05851187131499257,1.5755810322956891,0.6014492753623188
4613368.594431652,0.35769941528581284,-0.07837293504993326,1.8488199896558306,0.6014492753623188
2466267.7107496965,0.19786546283672046,-0.11490442495608591,1.3453281003758562,0.5797101449275363
2780723.9115412994,0.22696330465862746,-0.14205664629398038,1.4031541279074768,0.5652173913043478
2430563.648059971,0.19437691203524876,-0.1008997432820119,1.43907744559656,0.5
4043123.946761672,0.32234083971061245,-0.058159193040089825,1.7581484584469067,0.572463768115942
2175093.557971597,0.16814186379016194,-0.10199569345645443,1.4164377787254299,0.5652173913043478
1934535.5889157816,0.14107803281661035,-0.08139524597183384,1.0667104354313786,0.5362318840579711
1709332.4575404965,0.11317977673336199,-0.07247827716003287,1.0785995479058448,0.5434782608695652
4257261.375808102,0.3360603106594062,-0.06623928578845419,1.8895336890366978,0.5942028985507246
4700762.327278343,0.36280481310011625,-0.10326561564767392,1.9391446550932063,0.5942028985507246
3007166.7799155326,0.2463255636466115,-0.07102395130178478,1.588783758648018,0.5434782608695652
3166818.2470766385,0.25928673237280253,-0.0953768941528987,1.5427607539773789,0.5507246376811594
5031597.588931976,0.3814691152247185,-0.07286017163717748,1.9035044013075084,0.5434782608695652
3554525.3363848156,0.28871333625191165,-0.07193975853607618,1.5507530399114944,0.5
6703357.603701598,0.4630476727960522,-0.07660438967710828,2.2827107545775727,0.6739130434782609
3495488.4465035917,0.2844037775671755,-0.05844427264733741,1.9704338842487823,0.5579710144927537
2706415.424575344,0.22033450739570926,-0.0943242167893528,1.3253825262023076,0.5144927536231884
2745907.8772374694,0.22387536357393212,-0.0682457661561456,1.5409514540923808,0.5
2883346.6013018717,0.23588872513468795,-0.052379919775641874,1.8082893851185147,0.6159420289855072
1871065.0443685686,0.13349021937778627,-0.1539773450217006,1.0219463923391279,0.5362318840579711
2542423.999713609,0.20517356185913704,-0.07006001789106396,1.4734437313494322,0.5652173913043478
7145735.314475942,0.48186754027533607,-0.0853530927099358,2.253865135226458,0.6521739130434783
2017760.7082723426,0.15073131603806766,-0.052612862416419395,1.4111444417106316,0.5869565217391305
1768830.9499848236,0.12082359710864665,-0.061466597087792285,1.0516095795196532,0.5
4975930.172598098,0.3783987019179118,-0.0866732208143229,1.7744857655821393,0.5217391304347826
5379870.676104973,0.40008488537970144,-0.05510868222834244,2.0184184703512296,0.5942028985507246
4154020.0130310776,0.32951645524651885,-0.05725354603958214,1.9631923590317277,0.6304347826086957
2792505.634132501,0.22800125770077684,-0.13276835949735083,1.406711286496293,0.5217391304347826
2566360.663208999,0.2074343809767052,-0.06665276092393313,1.2783890229900996,0.5144927536231884
2946574.323980246,0.241262056962382,-0.09034522445522612,1.63477665717808,0.6014492753623188
2976760.1117551536,0.24379488794679105,-0.05383767662620109,1.360548137236416,0.5579710144927537
3662271.707328827,0.29643310490524977,-0.11957279091001538,1.9273432275273645,0.6086956521739131
2401377.9114390844,0.19149466556813,-0.14159577663051182,1.1685586914344852,0.5217391304347826
2041406.929118717,0.153415854810659,-0.12086392375335114,1.122093794955107,0.5144927536231884
4647154.480292326,0.35968223065044436,-0.08431172740018507,1.8004292453055728,0.5434782608695652
3324760.637759163,0.271604560627035,-0.07498500567847394,1.5605344032630188,0.5652173913043478
4898046.840168128,0.3740564870168859,-0.10371626114791901,1.7841816624806612,0.5362318840579711
2499879.0753205484,0.20111281410963544,-0.06707820487705304,1.3833250920639573,0.5652173913043478
3645279.781845607,0.29522784795846513,-0.13606965629642429,1.5614831069958297,0.4927536231884058
2867329.0582565498,0.23451254399543497,-0.07761453183952403,1.3713097905101372,0.4855072463768116
6536025.939893395,0.45566940249144183,-0.05555263691011923,2.285249062515592,0.6159420289855072
2119750.7388965357,0.1621360116071633,-0.0794496059912682,1.0778801567838634,0.4855072463768116
2573232.9823007756,0.20808035412839976,-0.07389695243653052,1.4654395755436487,0.5434782608695652
2770686.0642274716,0.22607620527578787,-0.10034402288333635,1.491275245385309,0.572463768115942
2156468.56378553,0.16613445219994039,-0.10737407802680976,1.2945599254223443,0.5144927536231884
6523717.280098889,0.455120725002258,-0.06790826765555792,2.0561523616532824,0.5797101449275363
3187377.115137401,0.26091755163389263,-0.08843623110735085,1.7588543714625284,0.6159420289855072
3005566.9751590304,0.24619292703937656,-0.11463834900369539,1.6921703017539111,0.5869565217391305
2480742.1426222627,0.19926821901664793,-0.08309128623923427,1.3616752643500847,0.5144927536231884
4466863.922567893,0.34896457382429436,-0.06921838013320641,1.8705144711720194,0.5942028985507246
2538641.725004707,0.20481476943155164,-0.14617065548799582,1.2695511234606363,0.5072463768115942
3294542.779985794,0.2692846566678224,-0.08101161521046964,1.5313488397196893,0.5362318840579711
2345581.963814977,0.18590560774730513,-0.07396496142270086,1.3549065471450734,0.5579710144927537
3248618.897560603,0.26572615149142265,-0.09470173491633774,1.6206504162319764,0.5942028985507246
1925056.979820331,0.13995765096681811,-0.11875998389009988,1.0000472675732746,0.47101449275362317
2799759.2873050594,0.22863855307219794,-0.10853896494531896,1.3074743201802532,0.5072463768115942
3369027.0130866803,0.2749727381068998,-0.10407038274153484,1.703145590409764,0.5434782608695652
4432791.667480365,0.3469003449988446,-0.08195138867545573,1.7376693866368058,0.5507246376811594
2345104.8510058178,0.18585735901358436,-0.10281540462238759,1.402099549652169,0.572463768115942
2175697.7174053304,0.16820674978329508,-0.1331691666662934,1.1728482011300778,0.5144927536231884
2511550.300858187,0.20223225644604303,-0.07543448545659898,1.4201214672077638,0.5869565217391305
2190707.0543318046,0.16981412599278944,-0.13369435168627902,1.1093091174065108,0.5652173913043478
4468742.2607752355,0.3490780039917978,-0.07647923173506592,1.6953286536012624,0.5217391304347826
3673647.1230002576,0.2972374786827454,-0.10115873477224943,1.7241331910829045,0.5507246376811594
3249240.60518386,0.26577459369967626,-0.05538565651982436,1.8150080265307156,0.6086956521739131
2656201.080578487,0.21577214758970698,-0.06427547459389098,1.6822965125026004,0.572463768115942
3718323.958567075,0.3003774956666354,-0.068460385024512,1.6441686763533978,0.5434782608695652
3740224.4317276855,0.3019057123600135,-0.08068457460726011,1.5478501108472669,0.5507246376811594
3376398.065760426,0.2755301499259073,-0.0824002841046105,1.4922230310509832,0.4782608695652174
5650738.376710031,0.4139076364053722,-0.06385079795834937,2.065526585809489,0.6231884057971014
4696408.438005777,0.362552271051364,-0.05482719145467485,2.02027766698413,0.6159420289855072
2840804.8309710436,0.2322200739881113,-0.07688749229985462,1.5695081175792243,0.5507246376811594
3292469.6263582623,0.26912487214746617,-0.08143012504150343,1.5560324976636937,0.5144927536231884
5318896.552717923,0.3968967558936687,-0.06717866324392614,2.1065088901762308,0.6086956521739131
2405776.469176025,0.19193083368959352,-0.067682589539465,1.4274669718262125,0.4855072463768116
2934549.2774575334,0.24024727451258898,-0.09246466661880744,1.6000733040685473,0.5652173913043478
3023582.4025025405,0.247683298947728,-0.09758324778072322,1.4535369206792588,0.5289855072463768
3796036.272822022,0.3057681486327162,-0.06385057594724602,1.7941987367914767,0.5797101449275363
2869858.5609355345,0.23473027983191241,-0.08121633382747927,1.7010821956532907,0.5869565217391305
2139440.0758104315,0.16428693841482422,-0.14663049332378675,1.1609149209492178,0.47101449275362317
4213673.435113993,0.333313188123739,-0.08796830859902569,1.9957389895846913,0.5942028985507246
1742592.1327804606,0.11747843215247578,-0.15034919190856444,1.0538444994716865,0.5362318840579711
3130025.4136818317,0.25634690075675515,-0.05948714268775214,1.4420705050562568,0.5434782608695652
4316981.643036196,0.33978786651906523,-0.042854542716721025,2.0721225262109555,0.5362318840579711
4984482.437763452,0.37887219470031286,-0.046017968245037226,2.11600390299211,0.6159420289855072
2729173.6311255805,0.22237999363242067,-0.09703469215476984,1.372108799378627,0.5434782608695652
2685705.5550874067,0.21846113037112103,-0.06828794574561589,1.3893030801460828,0.5072463768115942
3327484.9818554483,0.2718128856069635,-0.15423515919618583,1.6439591770222495,0.572463768115942
3885148.402669242,0.31184197370324385,-0.06807756115260837,1.6635369918334941,0.6304347826086957
5877468.000510299,0.42507609372825095,-0.061738716516520256,1.9867354428756099,0.572463768115942
3059760.130137974,0.25065486334773257,-0.07942469077477618,1.6066654568274044,0.5362318840579711
2221803.3538722605,0.17311644698808237,-0.1588274618767862,1.0209245902598922,0.45652173913043476
6275251.655938999,0.4438638044134593,-0.06344993799013926,2.189060635530925,0.6159420289855072
5264171.540427199,0.3940103767704195,-0.07712661278822384,2.0241759671469866,0.5797101449275363
4657450.81035721,0.3602842053132973,-0.08308541251154403,2.014632254946272,0.5869565217391305
4647480.99137667,0.35970133648585456,-0.1209092463225531,1.9321712713620527,0.5652173913043478
9136724.221753536,0.5565321783184389,-0.04655632186505208,2.1576397744306743,0.644927536231884
3625278.3731583823,0.2938033521922496,-0.06583059501503537,2.170833273948353,0.6086956521739131
2612968.0046203877,0.21178847683724378,-0.11032294382087747,1.4863667973257235,0.5434782608695652
3414995.9596669157,0.2784331953037651,-0.07939847038483314,1.5254170141735754,0.5652173913043478
4604955.836795354,0.35720388424386496,-0.08123731225420021,1.9330282174851479,0.5579710144927537
2716350.824290925,0.22122917760961247,-0.07633805693758482,1.405609955638665,0.5072463768115942
5857391.9946780605,0.4241012179491992,-0.09081029280415585,2.1737054065177706,0.5797101449275363
3636516.073420642,0.2946044702566637,-0.0687544698146135,1.786604434659476,0.5579710144927537
3936557.9544454687,0.3152954867923794,-0.06583156994403076,1.7764971845771695,0.5362318840579711
3009615.990678591,0.2465285134818629,-0.04939643849124957,1.6210877864174749,0.5652173913043478
3905703.432215271,0.31322714941244634,-0.10487806952636017,1.7874347160041286,0.5579710144927537
2508624.9980189777,0.20195206830213852,-0.07563604422714339,1.4392963280775912,0.5869565217391305
5037205.516560576,0.3817769191445417,-0.08644073008427695,1.988503389810378,0.5869565217391305
3769272.7324538953,0.3039216987587563,-0.05307962121858303,1.8377162457912803,0.572463768115942
2245848.1908623655,0.17564467019929708,-0.09673468315430782,1.3696602844806203,0.5144927536231884
3820343.9548601755,0.3074361626930433,-0.17516798607022038,1.616287452473853,0.5434782608695652
14253579.255444603,0.7013152190357177,-0.03441977848376815,2.5262766798679928,0.717391304347826
4785589.788588082,0.3676881805478587,-0.049647156347329226,2.1209862341564665,0.6521739130434783
3447519.820606065,0.2808590888772937,-0.0943801909809572,1.8784298793160954,0.5652173913043478
3391127.446733911,0.2766411013241419,-0.07235539314110562,1.6350832596717029,0.5217391304347826
2786432.4689167123,0.2274666589036911,-0.06917520603815824,1.442638555343045,0.5144927536231884
2680327.029904854,0.21797270899961108,-0.09544151176288959,1.3464673859601384,0.5362318840579711
3934705.1013284503,0.31517164721846735,-0.04089980559676839,1.7775255602043774,0.5942028985507246
2799169.0840368806,0.22858674807265666,-0.06392051303939564,1.6078187021658454,0.5579710144927537
4736012.478290912,0.3648425943191882,-0.1192400296360916,2.0906639270965797,0.6086956521739131
4036022.254042041,0.32187597821408076,-0.10284907958711247,1.7044838056431717,0.5144927536231884
3560830.0983995763,0.28917017769264075,-0.048736812081634766,1.677087552335759,0.5652173913043478
1966927.010309621,0.14487388441163307,-0.09025424260341675,1.2672428678218204,0.5652173913043478
3308146.3434436154,0.2703311354848488,-0.06590726183249135,1.6683991750016756,0.5942028985507246
4020252.0081648408,0.32084134727293634,-0.06870010219114407,1.783235248897758,0.5579710144927537
4249733.772573698,0.33558749718372516,-0.04978198177033743,1.886820931959126,0.5797101449275363
2137024.9587412905,0.16402395747540832,-0.1139707761415674,1.521381543239463,0.5507246376811594
3381036.193319113,0.2758803943793302,-0.06313639876827676,1.6474582522519383,0.5217391304347826
4618948.010193827,0.35802765732634145,-0.09272210377511032,1.8153160091396678,0.5652173913043478
3238561.838273972,0.2649414934049532,-0.0640641560311426,1.6399945981764306,0.5434782608695652
3201380.6729540117,0.26202356338959243,-0.0902674100498719,1.750858084354731,0.572463768115942
3766750.49606368,0.303747146284834,-0.12436521030049172,1.8232461438199488,0.6086956521739131
4029026.6229518773,0.3214174190607637,-0.06619286678689283,1.831159947575209,0.5434782608695652
2077046.734381258,0.15741539230906776,-0.15211824333976395,1.155760408425126,0.5579710144927537
4063715.645563636,0.3236850449316375,-0.07937761423504631,1.5577826004132058,0.5942028985507246
3026800.1391031262,0.24794874620647134,-0.11550581424441436,1.6591651419366436,0.5289855072463768
2776785.609522997,0.22661556126328453,-0.13027639109315384,1.2495746929772762,0.5
3501130.3298845133,0.2848181278083197,-0.06693241774594816,1.6575119800813072,0.5507246376811594
2094991.179256493,0.1594083925487786,-0.10670467008857283,1.1223660430326479,0.4927536231884058
5976195.4538434325,0.4298318225574309,-0.06682212912227896,2.1839740384875697,0.5942028985507246
2285717.7315076096,0.1797894804271456,-0.09117112669485995,1.199027998696966,0.5217391304347826
2893137.712311748,0.23672694005593575,-0.07910115511247638,1.45496034236269,0.4855072463768116
3562767.855572823,0.2893104570710303,-0.07032244042999979,1.9017567371159168,0.5507246376811594
1501325.9804218975,0.08466343521650654,-0.15214754978219316,0.7365436508714922,0.4492753623188406
2629502.204241591,0.21331818797468927,-0.05607038837708208,1.4474031144784347,0.5362318840579711
3004648.0771377557,0.24611671750617425,-0.08506935483744815,1.464893379400383,0.5579710144927537
2211669.3299193825,0.17204433233026029,-0.082645025100227,1.1639002600791617,0.5289855072463768
2258386.710564005,0.17695446795347136,-0.15566676054298387,1.2152440665831827,0.5507246376811594
2465889.654216508,0.1978287361965041,-0.06814352406550886,1.3750913488180276,0.5797101449275363
3673503.95720619,0.2972273675902719,-0.0699434347766176,1.7992464697375912,0.5507246376811594
3534521.892117911,0.28725958766072046,-0.09427356395822299,1.644082029130751,0.5797101449275363
3340620.7897538133,0.2728154429013363,-0.1244184026290467,1.7733538540202578,0.6086956521739131
4825597.51451318,0.36996735743406783,-0.07832171547114285,1.9732349001693938,0.6014492753623188
4275428.501880033,0.33719865047289144,-0.12992431788952566,1.6492099738256991,0.5362318840579711
1633748.2825771177,0.10315624735013862,-0.10456815111563376,0.8816275646439503,0.4927536231884058
2346374.882286929,0.18598577542872508,-0.15006786392968605,1.2089527473033141,0.4855072463768116
3044984.4440857605,0.24944463238561343,-0.0935865641325206,1.5881470686323442,0.5362318840579711
2495582.1676795054,0.20069962428950294,-0.11040314771653156,1.2819941600991707,0.572463768115942
4633424.275724958,0.3588778322843946,-0.07504491871750925,1.8373001614216822,0.6014492753623188
4401736.433330629,0.34500781225143284,-0.08083195802500467,1.7964436423982486,0.5797101449275363
2560357.8747829297,0.20686900729033098,-0.0617938664689503,1.4679735637722011,0.5797101449275363
2768155.6337908832,0.22585217162594184,-0.10013091709861474,1.5909060647061088,0.5652173913043478
4309834.922323913,0.339343971345069,-0.06771353280825779,1.9247273701561154,0.6159420289855072
4378155.310926539,0.34356361043196326,-0.07128388161664247,1.7840158885623008,0.6014492753623188
3247004.6024915245,0.2656003342255404,-0.07856921579844058,1.5872947831838473,0.5507246376811594
2603042.388344003,0.21086645524303815,-0.07753148023874239,1.4833011140023173,0.5579710144927537
2012370.0583159698,0.15011579911217554,-0.08633230174660887,1.237074197730104,0.5289855072463768
2993998.790457134,0.24523214751471323,-0.14031672948471602,1.4276538867044022,0.5869565217391305
3731252.1219757334,0.30128049180083005,-0.0952243874858267,1.7148566686831572,0.5652173913043478
3357310.976458359,0.27408473991765847,-0.09431658775488522,1.9024463312327748,0.572463768115942
3217844.0360409925,0.2633189135140066,-0.05431510736943488,1.538751823330457,0.5072463768115942
4010787.440455797,0.32021884991554717,-0.07077084883699516,1.7328292334703184,0.6086956521739131
1886084.940215784,0.13530421298926454,-0.11310870828726895,0.9375635063720239,0.4782608695652174
3850648.8868098236,0.3095038633707654,-0.07569566640826544,1.7801369618517344,0.572463768115942
2869773.1842685994,0.23472293323917404,-0.08106579129498374,1.6030270776011346,0.5507246376811594
3525009.756043185,0.286565983764262,-0.09113181571726922,1.5503291520146347,0.5144927536231884
2273529.521072757,0.1785285818201503,-0.09158688244585994,1.250772608863909,0.5289855072463768
2318351.474923829,0.18313923237944207,-0.15823917946688842,1.2618156076439302,0.5362318840579711
2929376.150372128,0.23980969551408138,-0.12896810958488852,1.443356706290064,0.5289855072463768
3636277.5182392644,0.2945874846197458,-0.08527124486424173,1.8684488063748348,0.5579710144927537
3581047.7592242104,0.29063079283646687,-0.08822798036568961,1.7862022169281355,0.5507246376811594
1857160.6871500215,0.13180053885051413,-0.11842541345699766,1.1050698005179374,0.4927536231884058
2540096.2840558193,0.20495280172687602,-0.06648299336959367,1.2726410092898117,0.5072463768115942
2108019.273355028,0.16084681848201376,-0.0845031933167699,1.1823906168268976,0.5362318840579711
3094666.2799936114,0.2534954577541326,-0.08036732370861005,1.6278651995132936,0.5434782608695652
2398043.6009339113,0.19116360384727527,-0.12009155566558953,1.3533183276275689,0.5217391304347826
2897675.8454744457,0.2371146791805281,-0.07606484808514075,1.5481253121286074,0.5289855072463768
4633580.988488513,0.3588870242170472,-0.050176387500285524,1.9970180684825882,0.5942028985507246
2602251.837979963,0.21079289768360243,-0.09521703245090274,1.3345391702275147,0.47101449275362317
1947565.088787948,0.14261098806617212,-0.0990976727914976,1.4197454457307486,0.5289855072463768
2783173.7118962836,0.22717941791206275,-0.11855371798096637,1.4083707053832795,0.5144927536231884
2781641.437559926,0.2270442635914578,-0.073845901754624,1.6671898455256957,0.6014492753623188
2058796.883702403,0.15537429340376852,-0.10042265028360818,1.2122286788837766,0.5217391304347826
4555392.294612781,0.354269683673476,-0.10162771175491704,1.920423437525791,0.5869565217391305
3526382.8198576355,0.2866661969348758,-0.06017670193811689,1.766273581396946,0.572463768115942
3792641.073902271,0.3055344875597159,-0.0706069151053567,1.7191500971225804,0.5434782608695652
4321456.719266772,0.34006552201019336,-0.06369402615584449,1.9245707689644171,0.5652173913043478
4031133.488383956,0.3215555897302038,-0.06847675956152197,1.9028171922695076,0.5797101449275363
2073060.5492342007,0.15697079779867695,-0.10255285755660916,1.4253897630431491,0.5579710144927537
6003416.122253818,0.4311319895192247,-0.12123885768271273,1.9956942785894294,0.6304347826086957
2768256.4246355672,0.22586109835497936,-0.08415996027471018,1.4154200599800109,0.5434782608695652
1985622.2609103974,0.1470420167203661,-0.11473171606841705,1.126933279159049,0.5
5692212.882214815,0.4159770902736373,-0.06227109977651194,1.999665069484846,0.6086956521739131
2883786.0657421276,0.235926396362784,-0.08949735631579056,1.359702741297552,0.5362318840579711
2433070.7411879636,0.19462320712289083,-0.0934068580305189,1.4255546467489735,0.5072463768115942
4643153.321759897,0.3594480151204267,-0.07651165053139197,1.8450785093775768,0.5579710144927537
4974478.477859183,0.3783182647884413,-0.079931572443723,2.094427924857944,0.6086956521739131
2619069.4101843177,0.21235386583741023,-0.08452810590909829,1.3559581502181919,0.5507246376811594
3724433.903305268,0.3008045707482685,-0.07743925384657505,1.7043426515240063,0.5652173913043478
3716952.221470556,0.30028153633917865,-0.06894484417052181,1.8152216577347071,0.5942028985507246
3989447.822074198,0.3188109908696459,-0.06933871433295276,1.872230122037277,0.6014492753623188
3278297.954300325,0.2680304555106312,-0.12345900658758806,1.7858367157849955,0.5362318840579711
1922136.7993855318,0.13961159328861616,-0.15732504718280757,1.0341742945958543,0.5144927536231884
3843876.7035084935,0.3090429309049092,-0.07290678541883124,1.6277545720157411,0.5652173913043478
5083056.750088157,0.38428333853494645,-0.08261105145689103,1.9485135156492126,0.5942028985507246
3294523.605668067,0.26928317921097467,-0.07790472693637214,1.643847950677258,0.572463768115942
3504500.815272389,0.2850654076141439,-0.126165863297552,1.589672687368875,0.5652173913043478
1880985.4060576435,0.13468962834619402,-0.07673234201182243,1.051592820649351,0.5217391304347826
2462479.5994186345,0.19749725964774645,-0.07761868644423614,1.3882628536895663,0.5289855072463768
3048727.0193977994,0.24975161873947882,-0.06424596386208378,1.6740628399863031,0.5579710144927537
4486791.705796161,0.350166044538855,-0.07015932905611194,1.7919231619880351,0.572463768115942
5279377.589779377,0.3948147935920665,-0.06904961114273864,1.8979715666647847,0.5869565217391305
2634701.1909201182,0.21379759751217375,-0.05648396655648375,1.361963945575303,0.5289855072463768
3837706.8911308525,0.30862243147823554,-0.09257462035375927,1.7156617398940361,0.5144927536231884
1945904.6940212063,0.14241609521001153,-0.10064425045218645,1.3490671509364613,0.572463768115942
3505293.507403935,0.28512353681073344,-0.10051280083270839,1.8104019207021909,0.5869565217391305
3133000.4626123863,0.2565856383238809,-0.07434954275675297,1.5483540713375918,0.5579710144927537
3752522.862684092,0.3027607615736605,-0.09305675165394194,1.6060991477521387,0.5144927536231884
4945488.238686029,0.3767079955047661,-0.08116310636161336,1.855189361601362,0.5507246376811594
4534900.069442309,0.3530490612044441,-0.08216298451699006,1.7976483635743028,0.5797101449275363
2436323.4711595387,0.19494245065114035,-0.0924983701948773,1.4418838681278157,0.5579710144927537
2748036.9158014986,0.22406509099482963,-0.09354704856353083,1.5698036103120612,0.5144927536231884
2656802.3059890377,0.21582718009029844,-0.07424986365629234,1.5054539546200272,0.5434782608695652
4940025.513117187,0.37640372208770767,-0.06042317282654366,1.944683571604131,0.5797101449275363
2436333.3296413133,0.19494341770657808,-0.06794744497580812,1.453031590072815,0.6014492753623188
2080528.0113046027,0.15780311443368933,-0.10391298920772771,1.2397679649948572,0.5797101449275363
6695086.631627018,0.46268645670545894,-0.039547269967492055,2.431359121669366,0.6666666666666666
2824184.210264576,0.2307748243514265,-0.08071013564817295,1.4405659927882064,0.5289855072463768
2642420.4744097325,0.21450801479812864,-0.06694112381393183,1.4806599395483082,0.5507246376811594
1989021.0837376742,0.14743443033202897,-0.07713365747448883,1.0815572313308244,0.5072463768115942
2617175.3140156493,0.21217846159920617,-0.06499740138100785,1.6669597261096456,0.5869565217391305
2836569.570119404,0.23185243955101553,-0.06264174023403084,1.5042909738413912,0.5144927536231884
4294786.962094225,0.3384073878220559,-0.10483810124050623,1.8089619587297057,0.6086956521739131
3975230.132309878,0.31786964595293643,-0.09867807563850134,1.7046425280468696,0.5869565217391305
4215119.205295703,0.333404671242731,-0.08594761859579028,1.8275228542280264,0.5869565217391305
4324629.562050642,0.3402622412815941,-0.1494590334779933,1.7436501733511207,0.5652173913043478
7829482.567043141,0.5091993597634894,-0.07072956309632011,2.0689198322335587,0.6014492753623188
3273319.7258500378,0.2676451102359041,-0.054398262152269714,1.7779004954811108,0.5869565217391305
3824798.4977044584,0.3077409161932205,-0.07441764265384923,1.665764904636117,0.6014492753623188
2912269.6811873373,0.23835829562001254,-0.0885813329442267,1.4966260488579244,0.572463768115942
5368899.082959688,0.39951335833372936,-0.06516156161696639,1.879095866375423,0.5797101449275363
3782218.6909003225,0.3048161616352312,-0.06591167754392777,1.7905366596133985,0.6159420289855072
4124738.9501764206,0.3276368357448043,-0.055946196514862816,1.896726206609757,0.5434782608695652
2931274.4509231616,0.2399703387014569,-0.0483872285648758,1.8104241451842988,0.5942028985507246
4325955.174532848,0.34034439632090296,-0.07476081753916561,1.8194113228877478,0.5942028985507246
2720947.474283591,0.22164221462611122,-0.08765405182460405,1.4488899830135753,0.5869565217391305
2962269.902799992,0.24258161966298886,-0.09293301801814163,1.6316930199290969,0.5942028985507246
3014783.177415899,0.24695625089028406,-0.09428208831046533,1.534852632504702,0.5434782608695652
1653767.9944323672,0.10584667520326163,-0.10332211190234171,0.8889821617946745,0.5579710144927537
3343598.636706778,0.2730422809107833,-0.07661834108060765,1.5245697311012092,0.572463768115942
2788820.961326092,0.22767702036831872,-0.07368910796441779,1.6824074667501472,0.6159420289855072
3037403.907802736,0.24882190958385553,-0.05998502373676717,1.6187513813999936,0.5434782608695652
2682980.0819773627,0.2182137293197406,-0.06956259635834013,1.4261269309116555,0.5797101449275363
2794308.115157726,0.22815974459322286,-0.07802158647769426,1.415029439083451,0.5579710144927537
3923863.988639645,0.31444612073684874,-0.0608173048351146,1.8399972910724436,0.5869565217391305
3758538.7717529684,0.30317820176583865,-0.08285674769903274,1.6404515960663457,0.5579710144927537
1746328.9251132791,0.11795728288989604,-0.10712093510210806,0.9858087496361064,0.4782608695652174
4854206.511388558,0.3715879143221117,-0.08558395335606624,1.864835172332948,0.6304347826086957
2544760.166307153,0.20539496096130083,-0.16966762274655797,1.300006601475035,0.5289855072463768
2996319.347623421,0.24542511599170957,-0.07339996365870641,1.546206245287619,0.5579710144927537
4730711.125657488,0.3645369045103144,-0.04516763004537591,2.1939803649684744,0.6231884057971014
3546378.330378882,0.2881220452512814,-0.10365980995690727,1.6692849679055868,0.5434782608695652
2654551.028872163,0.2156210607171376,-0.08826594502914921,1.3592832446005765,0.5
2911972.184648915,0.23833299422961485,-0.12223069979392451,1.619898330030207,0.5579710144927537
5277756.789437229,0.39472913978425583,-0.12395530186494468,1.8939064710250648,0.5652173913043478
4809836.81619659,0.3690713065133031,-0.07132428576789586,1.748013048951179,0.5507246376811594
3502056.8944158684,0.2848861253287087,-0.10794893162216378,1.5240634617567992,0.5434782608695652
3528427.3764585755,0.28681536122710005,-0.08384851328206902,1.5410567580113985,0.5289855072463768
4807340.074926911,0.36892914257179577,-0.08051738524422837,1.8584542688268388,0.5434782608695652
2068774.7754853629,0.15649202542573093,-0.08048300272575998,1.1952669177218858,0.5362318840579711
4316495.488157734,0.33975768924227356,-0.09913158195098308,1.8152750479121418,0.5217391304347826
3449328.9471955807,0.28099348984436356,-0.06494888225682377,1.6663453665343926,0.5797101449275363
3688388.931525989,0.2982769363910118,-0.08089510331796174,1.578840204953944,0.5289855072463768
2876898.235461714,0.23533543740768614,-0.09240546176257201,1.4884188892535466,0.5144927536231884
2697306.6780221313,0.2195119646028978,-0.09012983431411889,1.3732830715999842,0.5217391304347826
2651102.286704242,0.21530503409552693,-0.11258041183653986,1.355187997635125,0.5144927536231884
2544490.601902056,0.20536942257472668,-0.11786554494125547,1.2806801822498388,0.5362318840579711
2327506.4746244755,0.18407218586146357,-0.13781902701326496,1.2146299092197157,0.5434782608695652
6788364.405040109,0.4667396405351518,-0.05393009279999993,2.2407848080314605,0.6014492753623188
3486899.451133689,0.28377195760808815,-0.08863909545205317,1.6551437441026007,0.5797101449275363
3343217.1043595737,0.2730132266472134,-0.09081586274845956,1.561829215379351,0.572463768115942
2817998.7064727214,0.2302352249420876,-0.10726784629959017,1.603441936308405,0.572463768115942
1910376.2977059642,0.13821363599654868,-0.1081284201274568,1.1089761279133419,0.5579710144927537
2839295.930851472,0.23208914685432003,-0.1281740335682395,1.5420365361975954,0.5579710144927537
3613623.3791412846,0.29297038447241475,-0.05351469031431992,1.5772894475292603,0.5217391304347826
2502850.9285392407,0.20139825470121475,-0.10242293410005182,1.386153886043384,0.5434782608695652
4375000.583145543,0.34336993070449506,-0.08292518110168451,2.0005760709924636,0.5942028985507246
6680382.619318061,0.46204340964999213,-0.06316997120000005,2.1061436853574396,0.6304347826086957
7241675.832004791,0.48582552906970555,-0.0321009022455263,2.583347035699604,0.6304347826086957
3545973.8060025764,0.28809265749311885,-0.12023345253899127,1.5059468077862554,0.5362318840579711
2194065.4894036744,0.1701725799293523,-0.121355749139194,1.2684164982798174,0.5507246376811594
2035878.6214732972,0.1527904668959601,-0.15234218540472289,1.0360045904267765,0.47101449275362317
1734431.162976038,0.11642978288690276,-0.1459917561256876,0.9984978935642556,0.5507246376811594
6213681.067802049,0.4410192806468365,-0.06950804711731341,2.051488710526147,0.5797101449275363
4126896.267577009,0.32777568259408163,-0.12962315794468668,1.7300016889483898,0.6014492753623188
2034581.6495020906,0.15264355066534585,-0.18427526028373467,1.0138370459028825,0.45652173913043476
5446914.907915351,0.4035572056797936,-0.06851520683976985,1.971169112469257,0.5869565217391305
3684674.861834035,0.2980153677511217,-0.07089733894739181,1.696774364815767,0.572463768115942
5360614.42937865,0.3990811786146935,-0.06799690420131131,1.9290593941112073,0.5507246376811594
3155882.7135317,0.2584158245979489,-0.08087511708431595,1.4921064513629625,0.5
4682209.618178415,0.36172738226505263,-0.07651762370922624,1.7743697223047743,0.5869565217391305
2272249.756920418,0.17839587377076738,-0.13848741142414203,1.1753491163208065,0.4782608695652174
2695989.963517836,0.21939287820154418,-0.10382725859917545,1.4004323842646402,0.4927536231884058
3533217.2890893207,0.28716454732394836,-0.06425801871028873,1.5230345549716962,0.572463768115942
3577625.7323876442,0.29038403475588703,-0.07141847202353782,1.8309857000962264,0.5942028985507246
2378091.5684278565,0.1891748470938972,-0.259323263346168,1.2133125374827578,0.5144927536231884
3101521.3935436304,0.2540502994902525,-0.06918178116617989,1.5760553521546228,0.5144927536231884
2560217.7472750987,0.20685579669580334,-0.06523480438796317,1.4040559108799313,0.5507246376811594
2339505.381987981,0.18529051675875685,-0.09339194182325457,1.4347644570661469,0.5144927536231884
4827960.4857792575,0.3701014987340556,-0.06525039888486335,2.0170885981083226,0.6014492753623188
4566640.162687655,0.3549377984453723,-0.07006552405077358,1.8694072390091878,0.5869565217391305
4308619.700904172,0.33926843327398104,-0.1202132598235403,1.910765569855498,0.5797101449275363
4229562.735500986,0.3343172303706001,-0.06766686396823203,1.739704782927281,0.6159420289855072
1419087.79974013,0.07251124233425355,-0.1334073925153617,0.7225400092795611,0.4855072463768116
3404548.636692021,0.27765002725918864,-0.06526016743843797,1.6747227942048097,0.5652173913043478
2018349.7313432018,0.15079849230516462,-0.12365732848958366,1.1545616565207162,0.4855072463768116
1996576.6814335822,0.14830484944516553,-0.06081509899764091,1.2645565015726754,0.5434782608695652
3076873.2760937116,0.2520507190120256,-0.10843381178228613,1.7018123685568536,0.5217391304347826
2780656.5739368047,0.22695736220819573,-0.14031760677999605,1.4524551746458676,0.5289855072463768
3412759.388254927,0.2782656954578244,-0.0416194431660456,1.6512177574032287,0.5797101449275363
2752032.7213162016,0.2244208565014365,-0.1717026458235519,1.270509172455524,0.5
4579717.6711597815,0.355712939366442,-0.04817232441082915,2.019130174606343,0.5434782608695652
5308319.801402881,0.39634076104120064,-0.051841709484395725,1.9799369049525097,0.5869565217391305
4060361.550010465,0.32346646503933196,-0.061343832055216034,1.7476994740474805,0.572463768115942
3445212.431571223,0.2806875898341159,-0.07808209460759975,1.4913765650166826,0.4927536231884058
3433318.9583737846,0.27980213497980033,-0.09406573451414736,1.495847116873654,0.5362318840579711
2996044.7548798868,0.2454022881688558,-0.11852690913371315,1.8336506126780205,0.5797101449275363
3700682.2063003597,0.2991412074917619,-0.10839443555372924,1.7635404073481344,0.5869565217391305
7455001.395960006,0.49447806740467803,-0.05655104948555307,2.4334705633975506,0.5942028985507246
4177058.503049342,0.33098791307059927,-0.080095177706706,1.7346411864777074,0.572463768115942
2032212.4138733225,0.1523749787862212,-0.10352161379061324,1.2253424500131225,0.572463768115942
3523365.836781675,0.28644596110331877,-0.1347989404952103,1.5091208446074322,0.5
3666055.0527834846,0.29670085285728054,-0.14268205274411566,1.7106788494618648,0.5072463768115942
4483604.237638252,0.3499741553221256,-0.14014910637944775,1.843995087518595,0.5652173913043478
2614736.4144770857,0.21195245579124244,-0.0807889788377417,1.490969402788675,0.5507246376811594
3737260.4945260426,0.30169930814140944,-0.06435188009690354,1.6984143769299322,0.5652173913043478
1974209.8670536394,0.14572044666612616,-0.07086203197400201,1.2979411305218984,0.5289855072463768
3345474.950303078,0.2731851264382492,-0.10735528473017135,1.5679187008571769,0.5362318840579711
3569922.6020612298,0.2898278799708809,-0.06770613325328928,1.595950871695653,0.5434782608695652
2393665.786444496,0.19072837361299344,-0.08851913335996474,1.4259239185646846,0.5072463768115942
3183728.8760748417,0.2606287727381542,-0.0714064338668973,1.5824651126284648,0.5507246376811594
2636288.0362237426,0.21394377311368262,-0.05429120406434495,1.5094114655729312,0.6014492753623188
3704487.646509595,0.29940828105635564,-0.07503844010164029,1.9014330039016805,0.5942028985507246
2887209.8252056325,0.2362197264845347,-0.08372087286247847,1.5398216668892066,0.5652173913043478
3932310.1110837385,0.315011503555219,-0.05123914539820525,1.913214052148046,0.6304347826086957
3072587.7563300137,0.25170174916583066,-0.08098460286348061,1.3886312424432274,0.5217391304347826
3114863.8754949565,0.2551274112271329,-0.09177457565273293,1.4986353493708078,0.572463768115942
5821436.311302412,0.42234853602179334,-0.07925576884353298,2.0914048174029376,0.572463768115942
3925097.798556075,0.31452877256793155,-0.05507884790384597,2.0329174551630502,0.5797101449275363
2655028.789936368,0.21566481460237252,-0.06706155003801546,1.4373070336828,0.5579710144927537
3606642.238951456,0.292470421421948,-0.13483994885481054,1.7208119356414138,0.5217391304347826
2154498.290099772,0.16592128478227464,-0.1501054458590154,1.1171767872945102,0.5217391304347826
2596717.975860951,0.2102774927069233,-0.05655550399379401,1.498235407412801,0.572463768115942
6413988.318518878,0.45019242714645613,-0.07379243876857289,1.873220360987177,0.5652173913043478
3369546.5652671265,0.27501205948994367,-0.050056347748420146,1.701003646044835,0.5652173913043478
3270321.9566514,0.2674128383752423,-0.062043424157263674,1.6199221556373122,0.5942028985507246
6212209.336957358,0.4409510121452762,-0.06431336936447994,2.136818906587965,0.5652173913043478
1958100.3020743662,0.14384449630987195,-0.09177400559088636,1.2529478613656513,0.5217391304347826
2524828.062956929,0.20350074023106068,-0.06528923179804313,1.667706185513291,0.5869565217391305
2910917.0071654716,0.2382432371548444,-0.07923264021230128,1.6086364728953237,0.5144927536231884
3668642.004622698,0.29688380462241537,-0.08744574787472958,1.6865693341201868,0.5652173913043478
3600114.4146614815,0.29200222224330474,-0.08782946617982487,1.7217573972435491,0.5507246376811594
3853069.3152362537,0.30966844673550153,-0.11462072213605796,1.7787082878389657,0.5942028985507246
2450805.2641938855,0.19635966069171085,-0.08097728374946095,1.4424302111049176,0.5289855072463768
3414538.33357206,0.2783989302118204,-0.110934639953108,1.6364475217924281,0.5579710144927537
4445829.632398178,0.34769172960671724,-0.10850710651300483,1.8905362751092445,0.5869565217391305
1927198.55915637,0.14021117324072407,-0.1178651683225738,1.160388324004503,0.5434782608695652
3656706.7177037164,0.2960388673092358,-0.08152921793147534,1.6590012799115281,0.5507246376811594
3729670.898296971,0.301170182213758,-0.07234168164094189,1.6622149067927106,0.5434782608695652
4249789.266831656,0.33559098526339914,-0.06633632833627258,1.870355559210786,0.6014492753623188
9878526.092412094,0.5810238823124962,-0.08010929492058008,2.424766997801102,0.6666666666666666
3114228.1257476495,0.25507617225686596,-0.05307224422309332,1.5124395847451662,0.4782608695652174
3065427.4167169216,0.25111781297948554,-0.09254456984116215,1.5215395201388382,0.572463768115942
1259195.8922284462,0.04717353934971413,-0.17747146207206718,0.41930704578216965,0.4855072463768116
3681717.879623256,0.2978069672182684,-0.13719295580523072,1.598677586754758,0.5217391304347826
2579964.9203181225,0.20871179519247174,-0.10521852474206017,1.6145007732727907,0.6159420289855072
6349715.067169006,0.44727429105075633,-0.10006277387916189,1.8753677560567887,0.5579710144927537
4369664.917084529,0.343042101144599,-0.058641007606662,1.937927579945626,0.6086956521739131
3699239.9405299774,0.29903992891910947,-0.08521768888128413,1.6801528597322686,0.5362318840579711
1891378.3709182655,0.13594076108745767,-0.10604312081728198,0.974478712169271,0.5144927536231884
3590228.5201132824,0.2912918753595586,-0.07789020362842955,1.7648466962925542,0.5869565217391305
3196797.2453228463,0.26166198757429227,-0.07291975090138385,1.6301361123402558,0.5144927536231884
3272486.874802686,0.2675805967076239,-0.11866316831609289,1.634764480832677,0.572463768115942
3405617.3075861195,0.27773022678867787,-0.06859441168543662,1.7600873435478563,0.6304347826086957
4381321.679919708,0.3437578926213367,-0.06923321157068023,1.9869510729469766,0.5652173913043478
3760093.6079362044,0.3032860039486869,-0.07117102575465849,1.6964762476035382,0.6014492753623188
3538873.754909317,0.2875764180749594,-0.08613690783834703,1.8365487358023465,0.5579710144927537
2879158.326634963,0.23552947234073685,-0.09452726088939944,1.3749589825797421,0.5362318840579711
2816493.691153808,0.2301037899261067,-0.0604658496,1.5592624987371932,0.5797101449275363
2933589.7127499892,0.2401661545114797,-0.05964410239999991,1.7506424577661799,0.5289855072463768
2961431.5052167787,0.24251127527028515,-0.08609034517893,1.355974729700221,0.572463768115942
2349525.705303686,0.18630412402043928,-0.08513953896662942,1.4679296309536602,0.5579710144927537
1860673.366210066,0.1322283583312176,-0.07059594107329162,1.3440315630951916,0.5289855072463768
3444926.976453195,0.2806663667048561,-0.05960653498107721,1.6984682414065089,0.6159420289855072
4985574.524617016,0.3789326108523121,-0.07186821211150346,1.9823335893588463,0.5652173913043478
6238256.7575131245,0.4421573547954578,-0.04904378142604871,2.161083252169765,0.6086956521739131
3151580.233151325,0.2580725124484773,-0.15483715839224468,1.4872372792256552,0.5362318840579711
1875927.5231009251,0.1340787453280412,-0.118365490607433,1.032386695319618,0.5072463768115942
2646343.100475413,0.2148683839743175,-0.10705035250832898,1.3888837350929182,0.5579710144927537
2447688.1062568887,0.19605517785158288,-0.1285576216704944,1.4376077496420534,0.5652173913043478
2716369.463045015,0.22123085354393224,-0.07070862179066358,1.6878185700749646,0.5797101449275363
2927048.6582024624,0.2396126184064178,-0.06486728222215908,1.5219095935789664,0.5362318840579711
2021736.8532966084,0.15118447902346577,-0.11599552774881117,1.0989613853852545,0.5072463768115942
2331273.756249061,0.18445524371299027,-0.1123292223496311,1.2730021827084503,0.5434782608695652
2993850.269748679,0.24521979303874253,-0.0804163895379862,1.63291390881829,0.5434782608695652
4278672.133783286,0.33740148696273176,-0.10244344148212059,1.9682239193241575,0.5942028985507246
3435952.020677313,0.27999837456806786,-0.085427719525876,1.5023030765041192,0.5289855072463768
6127816.812519402,0.43701451463224306,-0.061085087558714446,1.9744664384873076,0.5652173913043478
3066102.8336941483,0.25117294080548014,-0.06502005203321533,1.7380836921158604,0.6014492753623188
1657568.2753239481,0.1063544453906069,-0.1015870475964505,0.9327852877741121,0.5579710144927537
2879409.7240175703,0.2355510479536298,-0.07032200982891408,1.5357520849019406,0.5434782608695652
5339777.17228698,0.39799180914401555,-0.08146300571520229,2.0185924628464944,0.5652173913043478
2870253.5012588627,0.23476426185050925,-0.13162099244164072,1.5127001564116003,0.5434782608695652
3698372.4913705494,0.2989789998189012,-0.07582333575515018,1.6858194757241296,0.5869565217391305
3705835.8392798956,0.2995028473256358,-0.04363967681628126,1.7003225555487296,0.5579710144927537
3503425.772248527,0.284986556432665,-0.10327624844269637,1.7980093972130111,0.6231884057971014
2817812.020358091,0.23021892444344427,-0.06563256192509721,1.6964760191642807,0.5289855072463768
4055007.592672286,0.3231172585381279,-0.06431195015678719,1.6975227616268505,0.572463768115942
3526957.7243909715,0.28670814711636017,-0.0567393216,1.7314342884670397,0.6304347826086957
3918885.2223049216,0.31411238622771087,-0.07634749887752634,1.9458503383338057,0.6231884057971014
3116878.1620460674,0.2552896997032228,-0.1052200364341677,1.688292004767833,0.5797101449275363
2600775.047577451,0.21065544032131744,-0.08323219319541986,1.455295249671634,0.5507246376811594
2620336.909547018,0.21247118692606182,-0.0651352760733858,1.5155193658266173,0.5507246376811594
2648323.1681052283,0.21505012926145772,-0.08894343627954854,1.554127290254443,0.5942028985507246
3434400.7850829503,0.27988277704529807,-0.07437066731017775,1.5483973014433217,0.5072463768115942
4232300.737065411,0.3344899393365226,-0.055789003436891804,2.109542462586727,0.5942028985507246
1828441.1182046456,0.1282781969499791,-0.09925098414402729,0.9266759573191069,0.4927536231884058
3886372.16456401,0.31192460529529464,-0.06746198656612666,1.7243274130370831,0.5507246376811594
4134156.7978741894,0.32824255057000773,-0.07538437024445072,1.7682617749584684,0.5144927536231884
3380334.4381916965,0.2758274265965892,-0.10819256199271722,1.595726669000703,0.5434782608695652
2756792.9351814147,0.2248441419244238,-0.09270221334182892,1.342719177064858,0.5362318840579711
3979517.0487869913,0.3181537634234397,-0.1184836697160459,1.671347847987413,0.5362318840579711
2656092.4452587226,0.2157622027133399,-0.060692989083717355,1.7717240204421194,0.6159420289855072
3729358.326676444,0.301148372112106,-0.10121996247438977,1.7070507137160158,0.6159420289855072
2071401.4448564549,0.15678554994320582,-0.08298809336491651,1.167869233305945,0.5362318840579711
2527079.196827873,0.20371527171649095,-0.11000316427889588,1.5054961581139195,0.5579710144927537
2742300.4660589835,0.2235536234593174,-0.07416562865711593,1.5174142247272786,0.5434782608695652
2337713.206739363,0.18510886301661178,-0.08445091368580443,1.329976908917455,0.5217391304347826
6145944.216952397,0.4378637101889815,-0.04848215534421326,1.9921753311110568,0.6159420289855072
3113977.291610291,0.2550559536935848,-0.054822297486275415,1.6932562761712693,0.572463768115942
3576163.993709502,0.2902785730483477,-0.04698570873886018,1.7946901107354978,0.5579710144927537
1393889.4031755014,0.06867503304366318,-0.10001900618675061,0.6018968150543424,0.4782608695652174
2926571.8167866073,0.23957222706162717,-0.054437074164066936,1.6161136249845547,0.5362318840579711
2674457.0682228575,0.2174387648753735,-0.10831332707596544,1.3574960958496627,0.5579710144927537
3834016.629115866,0.3083706656029612,-0.0718452269436942,1.6752877210433925,0.5652173913043478
4125385.2176622525,0.327678436183618,-0.07047574465574266,1.8701520046220594,0.5869565217391305
2914045.2448989907,0.23850926021211571,-0.10276912630919843,1.352736901520363,0.5
5588181.32069465,0.4107631199683226,-0.03473532011018377,2.2027850960711097,0.6376811594202898
4577363.496947453,0.3555735316073534,-0.08798838247118901,1.78551896155636,0.5507246376811594
4649378.494653064,0.35981234786992045,-0.06043884345434192,1.848929885104974,0.6014492753623188
3578773.4555216646,0.2904668166738391,-0.07092647613989927,1.6515697071047215,0.5652173913043478
2417590.139775336,0.19309914681738727,-0.062284379779201454,1.3411637427129608,0.5144927536231884
2652000.996760077,0.21538741935766015,-0.10537501858038839,1.2942472550634139,0.5144927536231884
2505483.2106119427,0.2016508538078856,-0.07860912702637626,1.4246509343484848,0.4855072463768116
3143779.269555275,0.2574490849209452,-0.07327071382765851,1.384693908924721,0.5144927536231884
5931349.13570411,0.42767941508572416,-0.08246745047234062,2.01467125151325,0.5797101449275363
3736534.7724532634,0.3016487499688316,-0.09588708892588757,1.6311344344087333,0.5869565217391305
3377337.7217607694,0.2756011383658752,-0.08523047101605642,1.5322811513497694,0.5144927536231884
3854014.7797244326,0.309732713603718,-0.059233228799999926,1.7529768054633295,0.6014492753623188
2632999.3892144733,0.21364075416838957,-0.08297931366416549,1.5466943183057802,0.5942028985507246
3091607.829591079,0.2532475945084669,-0.14023063030597221,1.4778703189554372,0.5289855072463768
3721191.8574799085,0.3005780269392282,-0.09673776207807662,1.6570188090028426,0.5289855072463768
3674818.451870042,0.2973201920137871,-0.12756380046896265,1.7299340955017568,0.5652173913043478
3541516.536175825,0.28776866945590696,-0.10518384808657785,1.659564931257976,0.5507246376811594
3079207.6365778632,0.2522406424112409,-0.07198975076096147,1.6609642405821101,0.572463768115942
3299981.8054591436,0.26970347758405144,-0.05950429179491489,1.5349389689002246,0.5652173913043478
3837281.8355244324,0.30859344219053697,-0.054014738851013676,1.8577244412801943,0.572463768115942
1846293.4305962592,0.13047287162395138,-0.0893939251008424,1.2323087569937867,0.5434782608695652
5269791.757039701,0.39430790873885546,-0.07536237273456868,2.082131235286405,0.6086956521739131
3647755.0574999084,0.29540370142910133,-0.04875400886407551,1.8834948550407478,0.6014492753623188
4297577.2438207865,0.3385812527225416,-0.06687830566912142,1.8187211044973581,0.5797101449275363
3868832.123234927,0.3107382615531997,-0.07190447455518438,1.8156336412462384,0.572463768115942
2429981.0770042157,0.19431965156079412,-0.10086280581318283,1.4872664397372641,0.5507246376811594
2306936.7132320027,0.1819718572459792,-0.10947120333077684,1.3317415715749836,0.5579710144927537
3777197.678997622,0.3044695407910305,-0.06862011455585329,1.6781520711377051,0.5797101449275363
1619938.4198612948,0.10128494206035499,-0.15994065107178945,0.8117035326453075,0.41304347826086957
4437232.160506419,0.34717008501640434,-0.08308579807842456,1.910353113028947,0.5434782608695652
3863553.1736816624,0.310380370564469,-0.06870646422899311,1.9090472457144136,0.5942028985507246
3417705.4942981647,0.2786359984828706,-0.10524920814362453,1.6526544842299784,0.5217391304347826
3399830.973585223,0.27729574440163796,-0.07026053998935987,1.6836719434654017,0.5362318840579711
8561752.697694356,0.5364291415284803,-0.04150658650000007,2.2857152317315155,0.6014492753623188
3435930.342892822,0.2799967594349828,-0.09803449109452636,1.6480214648105007,0.5507246376811594
3756991.2601463697,0.3030708719905886,-0.09344812541613161,1.8528107658724342,0.5507246376811594
2407662.8971156883,0.192117699489339,-0.12392291179712223,1.257177443986855,0.47101449275362317
2188169.701399498,0.16954301649717696,-0.05376677407711307,1.3388716707298478,0.5217391304347826
4081718.014896313,0.324855764290622,-0.07783314099297702,1.5772401329729762,0.5507246376811594
2049280.104667271,0.1543041704536332,-0.0708206997345775,1.3257145637555623,0.5869565217391305
3767798.3382197036,0.30381967401054033,-0.11663199294178433,1.7938637471853707,0.5579710144927537
3368848.341399218,0.2749592145369011,-0.09736233377828998,1.8625522038074092,0.5652173913043478
3243604.4744586023,0.265335166337638,-0.07080660972068899,1.5984889636507564,0.6014492753623188
2804256.269359301,0.22903298834749752,-0.07248544931340004,1.6398575466957663,0.6014492753623188
1782210.958573545,0.12251414401755478,-0.20117526872472538,1.0015276711397758,0.5072463768115942
2108361.2348717703,0.16088447840174203,-0.19987433051418885,0.9841858459503572,0.4492753623188406
2064038.3520561287,0.15596198617038648,-0.10605238026238896,1.1053603164084582,0.45652173913043476
2744245.798115794,0.22372716702337514,-0.07005265162948701,1.604841146808644,0.5869565217391305
2065457.0363341214,0.15612084895544798,-0.09006777452163722,1.0921093706063754,0.5362318840579711
2124073.470980672,0.1626096059554667,-0.17981983409277336,1.0794556805330335,0.5289855072463768
3234380.7786593135,0.26461471075520127,-0.07180603198786756,1.628597717345296,0.6014492753623188
5377951.352179273,0.3999849721981692,-0.06798509103599866,1.9352310643005102,0.5652173913043478
3218540.495439835,0.26337359448414355,-0.10718937871887829,1.3840288141931858,0.4855072463768116
2273190.5914115887,0.1784934415582733,-0.09334244782216235,1.2699048132537565,0.5
3574165.231997563,0.2901343103035594,-0.09623573386528249,1.5564097350116821,0.572463768115942
2111685.4567984217,0.1612503176211788,-0.06002162801693688,1.4631475148653281,0.5652173913043478
2656142.3818654167,0.21576677413422551,-0.09041199279809936,1.885292046679178,0.5797101449275363
3142209.876550953,0.2573235146562749,-0.10655437684712181,1.6900445077229138,0.5434782608695652
2305769.653267459,0.18185224310590353,-0.1257691196141882,1.2272377361791678,0.5797101449275363
2889684.145192946,0.23643154033611857,-0.08783423810651271,1.503886188380481,0.5362318840579711
2775923.1578967404,0.2265393560253428,-0.05776945676530599,1.7959616786291812,0.5579710144927537
2600610.0896914373,0.2106400824202801,-0.08146987368002613,1.370390979038728,0.5507246376811594
3180887.115933701,0.2604036477686935,-0.0621850463892086,1.6164060835324736,0.572463768115942
2823881.4353481443,0.2307484334577603,-0.10086920125615907,1.4033349633501664,0.5434782608695652
3301476.5339151844,0.2698184793185425,-0.06300557127879115,1.5528618007124613,0.5144927536231884
3336519.4962268104,0.2725027611876747,-0.08712554235359482,1.6090762536709355,0.572463768115942
3454841.8474077447,0.2814026986485363,-0.06303104575840004,1.8036373783611461,0.5652173913043478
3203153.4130357592,0.2621632996225647,-0.09321053170155766,1.954953206408347,0.5869565217391305
2570596.0167971007,0.2078326522784879,-0.11083209905056858,1.535724651856987,0.5579710144927537
1787247.6986372478,0.12314789968069562,-0.20548705899257774,0.8459925824009289,0.4927536231884058
4267580.622562288,0.33670738335093264,-0.07314534748863659,1.7696367982351071,0.572463768115942
3744029.35796563,0.3021704900911335,-0.06097620154996179,2.0575241483789326,0.6304347826086957
1929832.9501829192,0.14052272609170435,-0.07967944161423433,1.0538193709517774,0.5
1668109.0679008793,0.1077579835257032,-0.08511899359815439,0.8336639302262518,0.47101449275362317
3735027.218823007,0.30154369958490146,-0.04577176511580252,2.0401689980580864,0.5652173913043478
2128614.469524931,0.16310628365531854,-0.23203653551003836,1.0561812207993018,0.5144927536231884
3176960.607835172,0.2600923238904589,-0.073660730388753,1.702096822549398,0.5652173913043478
1440893.7944923877,0.07578725343207093,-0.13120801894116146,0.7803008379545464,0.47101449275362317
5421881.248237348,0.40226469620883254,-0.06889433425901163,2.0742155017932014,0.5797101449275363
4018370.0183011536,0.32071765972185307,-0.050580892763244754,1.8229958909151671,0.5869565217391305
5532076.638220778,0.4079188955228259,-0.05025642160720466,2.114108607799627,0.6014492753623188
2415534.210895716,0.1928961544433192,-0.14476063200930286,1.5894533077647386,0.6376811594202898
2031346.0840206447,0.15227671079825988,-0.059735397407647765,1.2615698440075553,0.5434782608695652
3574116.474798449,0.2901307903947352,-0.07014687841058212,1.9698057636488013,0.6159420289855072
2065725.7210261642,0.15615092615450443,-0.07529894609868816,1.2417279485721404,0.5144927536231884
4519094.713000524,0.35210459502154956,-0.0515187599320766,2.1201779711392037,0.5942028985507246
2743973.6875482793,0.22370289789251485,-0.06931192987643833,1.4881875315175321,0.5869565217391305
3454131.238149256,0.28134998123988075,-0.09537686886310343,1.581246386105976,0.5579710144927537
3155472.505658289,0.2583831086216255,-0.06309654522111983,1.6220954009485031,0.5579710144927537
3257403.2709356593,0.2664099254207428,-0.05713699162747153,1.676807816130907,0.572463768115942
3356653.0505691515,0.27403480000697344,-0.0901264349392334,1.8371138671164702,0.5942028985507246
1966003.117208696,0.14476631154614017,-0.0818354848881266,0.9618230315057955,0.47101449275362317
2958330.62910745,0.24225096276572922,-0.08279400434089368,1.310165773987545,0.43478260869565216
1496915.4298944168,0.08402538664457548,-0.0775714342152487,0.7191183013049921,0.47101449275362317
2215431.65790784,0.1724428202660735,-0.10092052137693548,1.3665525461074606,0.5144927536231884
2626730.184233724,0.21306226413945994,-0.12039173487149035,1.3631033056706439,0.5144927536231884
6109124.269529337,0.43613673736687786,-0.08001912600454453,2.1518401376050647,0.6304347826086957
2290568.192679516,0.18028977595503126,-0.11322787823883229,1.0505307071572287,0.5
2222608.360077136,0.17320144363564594,-0.06585580453999118,1.3643013863644546,0.5579710144927537
2604187.474300602,0.21097296924108244,-0.043911550716340036,1.4903140635266914,0.5507246376811594
3538243.349759586,0.2875305417479552,-0.05790945400209109,1.8012884167656633,0.5942028985507246
2541710.922266277,0.2051059509086206,-0.07099811038736396,1.461856986106986,0.5144927536231884
2534685.444253608,0.204439012619531,-0.09501603722467702,1.3432479727339008,0.5217391304347826
2073699.2771241374,0.1570420835561408,-0.11174837707036393,1.2568864574077896,0.4855072463768116
3069641.629536694,0.25146162015891593,-0.0672768955712561,1.6352535421902092,0.5579710144927537
4230352.81395736,0.3343670764942708,-0.07866848344108383,1.8761914815017955,0.5942028985507246
2599136.123713177,0.2105028187073963,-0.047286498269629315,1.4245710582817048,0.5579710144927537
4309590.358930162,0.3393287706727426,-0.05511530691327539,1.9519556577217836,0.5797101449275363
3061042.259649127,0.25075965802066147,-0.04669052830920718,1.7853683468316186,0.6086956521739131
1928127.8293309999,0.1403211110493514,-0.09140330142752613,1.1207858551884857,0.5289855072463768
3819595.3416761677,0.3073849191041693,-0.09197171308803896,1.6231603585935692,0.5652173913043478
3839894.0343148764,0.3087715565923217,-0.08369607359981379,1.7677362254499323,0.5507246376811594
1843148.8765163166,0.13008753121212724,-0.16528265636991757,1.0647278082574205,0.4855072463768116
6535615.050587539,0.45565109980914564,-0.08276316797212943,2.2735452644212186,0.6304347826086957
4934607.093130945,0.3761016504632826,-0.065170600809358,1.836258966203926,0.5942028985507246
2352759.0493834866,0.18663045539062217,-0.11516392448681238,1.1320923147461588,0.4855072463768116
1529045.790949951,0.0886395255428063,-0.14816086492589373,0.676359909247995,0.5144927536231884
5237698.073976462,0.3926054549145499,-0.0661243365553757,2.0781534186891415,0.5869565217391305
2215891.999893428,0.17249154032476088,-0.10882206309312367,1.451798233099871,0.5507246376811594
2500740.751751276,0.20119560434903683,-0.10752657859563687,1.239336020812923,0.5
3887797.8767100372,0.31202084684704956,-0.06832806045636594,2.128389018110343,0.6521739130434783
2729187.957733005,0.2223812769895015,-0.06390778399436797,1.6499861666854156,0.6086956521739131
4964162.290007274,0.3777461123520416,-0.07080834165757802,1.826977312175154,0.572463768115942
3404028.9068621327,0.2776110163092076,-0.06344180142483265,1.752939264117771,0.5942028985507246
1781412.474082974,0.12241354191958642,-0.09645263303062816,1.04384297276311,0.5289855072463768
2877279.3161823396,0.2353681627624835,-0.08308490836747325,1.3506787364050628,0.5289855072463768
2908992.510085855,0.23807946567480998,-0.08666628498597892,1.6708940304523816,0.5652173913043478
3295858.6018371033,0.2693860295042012,-0.10795116958067559,1.8603339581707232,0.5869565217391305
2458710.4171712305,0.19713044634029764,-0.09824239316124167,1.4036754550764086,0.5144927536231884
2540606.950957669,0.20500124713747314,-0.11192190115094292,1.6184489053392639,0.5434782608695652
4466169.093189448,0.34892260439976663,-0.11124238371687131,1.7513416765607235,0.6014492753623188
3381964.04472116,0.2759504141848732,-0.060803437658431665,1.8270411234597868,0.572463768115942
2598532.7803286775,0.21044661413346977,-0.11230049431734859,1.5061379480806398,0.5072463768115942
3895280.915869552,0.3125255208861686,-0.05214512539052454,2.0037714298577693,0.5869565217391305
4328462.72257083,0.3404997469344755,-0.06175977952388587,1.867378520961458,0.5869565217391305
2269019.7454557386,0.17806066429411582,-0.12329377873688434,1.42829675912603,0.5579710144927537
2371530.1624258896,0.1885179098497205,-0.05926295931403045,1.2530575663981067,0.4855072463768116
3414478.9609553884,0.278394484374044,-0.08741663455715655,1.5029096201444192,0.5072463768115942
2645296.4964032345,0.21477227494070594,-0.14956019266743178,1.3880213263349475,0.5
2774289.1751779355,0.22639492723235843,-0.09375978735373912,1.4573174120932593,0.5362318840579711
2388326.354895195,0.19019667924630168,-0.1278214749219514,1.2070752248837828,0.4927536231884058
3259842.093142473,0.26659950121761633,-0.17553143212926312,1.6451531088418887,0.5869565217391305
3130879.6103218766,0.2564154657062383,-0.09790464513359069,1.5224877217122972,0.4782608695652174
2353496.2262394293,0.18670480613181484,-0.12158908583718957,1.3848922330391122,0.5
6249026.86009729,0.442654976745821,-0.058105715199999936,2.094985077368949,0.6376811594202898
4042100.2557391725,0.322273871416751,-0.049478246767359964,1.8890782314744534,0.5869565217391305
2457729.3676672643,0.19703489773781535,-0.10175122835272367,1.3163136618269573,0.5217391304347826
4159261.9793039737,0.3298518299070796,-0.06181867179184497,2.2770163420094027,0.644927536231884
2372827.7733612475,0.1886479437351214,-0.18180403144642784,1.1734516195146663,0.4855072463768116
4385981.47453028,0.34404360428981984,-0.14029645903103807,1.9743377558198556,0.5652173913043478
1921831.1158460497,0.1395753437700542,-0.08162961013091041,1.1563144789915054,0.5434782608695652
6961968.40937635,0.4741660651719042,-0.06442160226326478,2.237357282120046,0.6231884057971014
5282418.374625392,0.3949754320307419,-0.08842336207164021,1.9484657022788976,0.5797101449275363
7121581.740754593,0.4808643996052364,-0.044479999999999964,2.0946214514053723,0.6231884057971014
3649479.163785106,0.29552613243118775,-0.0832351459978853,1.656431998869633,0.5507246376811594
2483466.188541645,0.1995314811816682,-0.07669210161398748,1.383591932097498,0.5217391304347826
3342970.414687387,0.2729944394446404,-0.07814460058315459,1.5454454732886864,0.5217391304347826
3034071.582274491,0.24854777359946278,-0.11047315686895481,1.435605804360416,0.5507246376811594
2390162.2728413143,0.19037960498995266,-0.11390808938358574,1.321284677139031,0.572463768115942
2546531.839835897,0.2055627545242633,-0.08161056492453013,1.317627527747401,0.4927536231884058
2104460.388200625,0.1604545912108346,-0.09820334577444373,1.2382880142167056,0.5797101449275363
6606433.178270127,0.4587921220682438,-0.08361877558014735,2.2170080168279376,0.6304347826086957
3075573.0557544027,0.25194488319055064,-0.10669569513973627,1.3535329153792666,0.5362318840579711
2753864.64117551,0.22458382286899625,-0.07866940371534868,1.5432218492529624,0.5362318840579711
3775501.061861496,0.30435233309826604,-0.08917674481261545,1.6873673966188265,0.5362318840579711
2860987.4287853315,0.23396598961448722,-0.10713367728946123,1.408629399794986,0.5072463768115942
2330431.0059146513,0.18436959573447886,-0.07269063823607255,1.278197767144319,0.5797101449275363
4696412.268506655,0.36255249331720973,-0.08517125036994223,1.8997873197791169,0.6159420289855072
3355278.2617201353,0.2739304212802567,-0.061458916972921954,1.7488530053339972,0.5869565217391305
2715579.9868779406,0.2211598584329284,-0.054854082891589946,1.5228004839413527,0.5652173913043478
3807899.304881328,0.3065832642365205,-0.07461272683803763,1.7515911504776018,0.6376811594202898
2640229.3633336807,0.21430653247722353,-0.06795379103592035,1.5450130488283003,0.5652173913043478
5021753.971708397,0.38092816150217734,-0.06207253326418209,1.8394564191382705,0.5579710144927537
1899904.3361417018,0.1369630393830854,-0.07850113884773549,1.2771362713676573,0.5289855072463768
1692150.9906362242,0.11093288471297669,-0.08165944422613197,1.0078522570206796,0.463768115942029
5612660.658915053,0.41199694514126906,-0.04965983269893256,1.8586936325553636,0.5869565217391305
3984466.815816424,0.3184815072302183,-0.03939289371856016,2.123035686811847,0.5797101449275363
6653424.222709164,0.46086149763122863,-0.06334601484013969,2.0609885555545135,0.5797101449275363
3859128.149642804,0.31008007067695176,-0.0650165202497433,1.5615952726901512,0.5434782608695652
3343273.065442895,0.27301748833408834,-0.14378866084365835,1.6929480406421076,0.5652173913043478
2409012.1482493123,0.19225128178839168,-0.08497083849021457,1.2804341965781878,0.5507246376811594
3305205.389212279,0.2701051893161377,-0.05697868111995566,1.760103552545344,0.5652173913043478
7403202.719675688,0.49239549138017447,-0.04448000000000001,2.3849709138910438,0.6521739130434783
1853795.7588193817,0.13139010685348462,-0.16638271402504576,1.1747907205463692,0.5
3245742.4575772225,0.26550192848579623,-0.08757583224310964,1.3803777895961216,0.47101449275362317
3108226.8346737674,0.25459207862336286,-0.0879599381938266,1.709097487470032,0.5942028985507246
2148301.993314054,0.16524987839482863,-0.1663135087029805,1.0671863694647739,0.5072463768115942
2695519.860889592,0.21935034986936053,-0.06350954104048391,1.5240752375294844,0.572463768115942
4006690.6126571214,0.3199490315511673,-0.07640378173422813,1.626560072889074,0.5362318840579711
1895458.7567482532,0.1364304655287043,-0.08773465537094971,1.0550498888469504,0.5362318840579711
7205244.356644891,0.484327531201457,-0.08622953866522366,2.119444603647521,0.6304347826086957
3026682.2702793553,0.24793902659927047,-0.0902811283626196,1.633300172959339,0.6014492753623188
2207092.0277604293,0.17155879430426402,-0.1147409744672376,1.3201521605706201,0.5289855072463768
3454587.5327298716,0.2813838330028895,-0.10836882708004289,1.5803068756266871,0.572463768115942
4077410.6391365607,0.32457602610354974,-0.05113929274613067,2.1369399571470966,0.6231884057971014
4112569.5323376385,0.3268525112863283,-0.05343323439300731,1.780378562423617,0.5652173913043478
2794729.618874779,0.2281967943847163,-0.06939288704341146,1.5796778596300964,0.5652173913043478
4746925.50907659,0.36547100735018434,-0.11107956201411857,1.9236102189356565,0.6159420289855072
2853121.870767952,0.23328674704865082,-0.1381518168780948,1.6484033651087073,0.5797101449275363
4044365.9151790547,0.3224220691670976,-0.06430096914532606,1.7930374205087092,0.5579710144927537
2632985.7446968607,0.2136394963194863,-0.13525190181044183,1.5113503006836686,0.5217391304347826
2092722.3099288351,0.15915715650953488,-0.06027686163109172,1.397501085507415,0.5652173913043478
3068056.274904022,0.25133232685953844,-0.055854374252062494,1.5889780914244016,0.5507246376811594
3180447.2561556557,0.2603687875855696,-0.12332219620578087,1.5998280442989055,0.5289855072463768
4450427.349249761,0.34797036121787794,-0.09932690312112902,1.6408470217994913,0.5652173913043478
3886228.343911401,0.3119148952295594,-0.08055748721795229,1.7262938382087967,0.5652173913043478
4188920.529367864,0.33174300472032625,-0.05081106501894403,2.06077461700795,0.6086956521739131
3989084.4779650304,0.3187869675118371,-0.06113587561565717,1.766424370912042,0.5579710144927537
4239005.681440311,0.33491249986196703,-0.07552026955516856,1.70339110724749,0.5797101449275363
1667258.6955676854,0.10764501742471122,-0.11032452118637573,0.9182727155421867,0.5362318840579711
8560738.07275563,0.5363927243769957,-0.06927150452326163,2.0496194822453386,0.6014492753623188
2058423.7333013606,0.1553324087823169,-0.07764255951226481,1.2303837280784624,0.5797101449275363
2757576.4242946007,0.2249137549129414,-0.1321178682942074,1.4604710662972642,0.5434782608695652
2509904.674264609,0.2020746689909647,-0.09863337377612041,1.3568452147201107,0.5579710144927537
1960415.0145634322,0.14411480116381514,-0.08723707629000667,1.1350899223784225,0.5434782608695652
2717221.1324526086,0.2213074229912173,-0.07124915701633888,1.4231834683754068,0.5072463768115942
3470960.4012471205,0.2825961495622997,-0.09185237878759057,1.6339475390160125,0.5797101449275363
5811010.064021814,0.42183868270424707,-0.08609191154718819,1.9921345462718825,0.5942028985507246
2676081.0407313057,0.21758657858125496,-0.092821491051034,1.4035813981523637,0.4927536231884058
3354639.4775249087,0.273881910931302,-0.05582693361601254,1.790558098330984,0.5869565217391305
2479453.5872349865,0.19914360754100957,-0.0853682933646848,1.376579260858556,0.5579710144927537
3663279.4893180006,0.2965044474079488,-0.06310354058165055,1.8536823359141605,0.5652173913043478
3178894.7632896854,0.26024571711384237,-0.12692839190737032,1.6771629942291788,0.5507246376811594
3208349.0195985106,0.26257248722617765,-0.14738925494233887,1.402839300711526,0.463768115942029
2149496.609932421,0.16537944279950234,-0.11404267281047525,1.2619035668373186,0.5434782608695652
3446759.209437932,0.28080256582498775,-0.06623443832782383,1.6874751246744517,0.5652173913043478
4657852.1996731395,0.3603076509597478,-0.06700048704636914,1.8198777523081153,0.5652173913043478
1957372.689176683,0.14375947515526089,-0.0874728118730136,1.278082813674675,0.5797101449275363
4080671.510859154,0.32478782186479727,-0.08058153252103457,1.6853349675351537,0.5942028985507246
2600634.602102934,0.21064236462291475,-0.061731703510662456,1.5598335779899086,0.5507246376811594
3974756.4494040445,0.31783823735223793,-0.047843289045865406,2.195392683605392,0.5869565217391305
2546366.5438137907,0.20554710344157923,-0.060625258286549855,1.3296837894523752,0.5144927536231884
1756410.5518519473,0.11924511485410094,-0.13733841310106354,0.9599771358438955,0.5289855072463768
4430280.366462129,0.3467476990263507,-0.10345442770954784,1.880268527008913,0.5362318840579711
1399890.071598269,0.06959357797474941,-0.17924598011136872,0.6202707096844687,0.463768115942029
7842877.603458354,0.5097154081730955,-0.044374315587521536,2.0434083449071188,0.6014492753623188
3261896.636883199,0.26675911804604135,-0.07807311484408659,1.7807698308274138,0.5797101449275363
3729092.450844783,0.3011298191203593,-0.0780038604576905,1.917766611350579,0.6014492753623188
3713125.1631068983,0.30001366611839053,-0.08981729769290463,1.6099850835042833,0.5869565217391305
2132191.4564422667,0.1634969248279079,-0.05988270923987303,1.3634662861956293,0.6159420289855072
4609209.392311817,0.35745451901601855,-0.06366324853814886,2.00128688545467,0.5652173913043478
2375971.5006812825,0.18896274165707871,-0.17337026688458035,1.1529748637583308,0.5
2497991.34284794,0.20093136014560709,-0.06398171962438046,1.2999362923675772,0.5362318840579711
4001236.6266274904,0.3195894876163905,-0.11998760993883992,1.9933703765856399,0.5942028985507246
5741242.763033601,0.41840803305929986,-0.10389198607506935,2.0681798298098784,0.5797101449275363
2700955.3230562774,0.21984171284338938,-0.07674355321855698,1.4243227333042492,0.572463768115942
2801078.964165552,0.22875435590281445,-0.11094820211381308,1.538819482941882,0.5869565217391305
3528717.8165432382,0.28683654519476853,-0.0557700440832059,1.637902500313634,0.5434782608695652
5447910.962868535,0.40360853447348943,-0.06234183599064873,2.2312485215418962,0.5942028985507246
2180627.467632086,0.16873566103813964,-0.14809952515768837,1.1896450473024955,0.5289855072463768
1991659.71752034,0.14773870603402828,-0.06548410382061463,1.1663644031365288,0.5
1683214.462167565,0.10975699409524431,-0.15857428480168467,0.920053867401375,0.463768115942029
2332667.7799720354,0.18459686276658083,-0.1157227508738398,1.1967221199955795,0.5
6777484.794673197,0.46626919449929005,-0.059033830578885595,2.2409597709936584,0.6739130434782609
2352628.3682208033,0.18661727310635734,-0.09380401679486328,1.3248903814828275,0.5797101449275363
2265834.0446736217,0.1777296792316485,-0.06564339990199944,1.2146621749163204,0.5
1788613.9082253946,0.1233195587582534,-0.10341735274490588,1.0189067280657826,0.5
2909782.4485807708,0.2381466986025209,-0.08895679504813298,1.3474004399036512,0.5217391304347826
3157619.0777100152,0.2585542700109844,-0.10389861358384553,1.7796248213663082,0.6086956521739131
1869466.3064100875,0.13329645021696623,-0.09418596385114368,1.1663369229785394,0.4855072463768116
5662343.415254414,0.4144879141942146,-0.06211851772148583,2.0740659812818123,0.572463768115942
2988262.799080372,0.24475465094281335,-0.053587209388764226,1.8525356234185086,0.6376811594202898
3559993.015944639,0.2891095601851592,-0.09405531503424246,1.73200595104305,0.5362318840579711
3362572.8603625465,0.2744838621365142,-0.10858558995223853,1.4799813959798422,0.5
4295247.982413701,0.33843612063300643,-0.07285066239295714,1.9792530134655928,0.6304347826086957
2739953.432458485,0.22334411285848588,-0.09065665872333384,1.426716546354699,0.5507246376811594
2851061.558364204,0.23310857798533147,-0.08955771003118473,1.4891049132457534,0.5
4321189.999922147,0.3400489798927864,-0.09180047896282295,1.6945835536255724,0.5579710144927537
3197427.691962038,0.26171174661501095,-0.06710906633351713,1.6196109110328105,0.5652173913043478
4254322.99598179,0.3358758288236885,-0.06702544295114755,1.7774677419916665,0.5652173913043478
2486067.290662455,0.19978264607020813,-0.06541990798873525,1.5428480726908995,0.572463768115942
4691109.9424538845,0.36224468547995636,-0.06816316690769081,1.8246990623489,0.5579710144927537
3077643.631374831,0.25211340780136693,-0.07584695869478175,1.3578170722858547,0.5362318840579711
2740945.9112878316,0.22343272511297196,-0.061500126331894396,1.4829588520865404,0.5217391304347826
2975334.069007165,0.24367569495881014,-0.06876700548046248,1.6434429683621918,0.572463768115942
2456392.2079355665,0.19690461689125183,-0.10397498900634684,1.3854893408624496,0.5434782608695652
1794056.9597643875,0.12400241793396871,-0.09723558165888183,1.0522354212851923,0.4927536231884058
2697273.968154071,0.21950900681769037,-0.06918626976097185,1.2940227419345967,0.5
3370328.6288016187,0.275071239433464,-0.05051786803756113,1.8462542677583564,0.5942028985507246
3841511.6509282123,0.3088818061950951,-0.05396285548438813,2.021162548812814,0.6376811594202898
2056287.3218613472,0.15509248823669797,-0.07155480143327678,1.2178772668852942,0.5507246376811594
3499663.2494251244,0.2847104341546398,-0.08414312395032558,1.8370515723841667,0.6014492753623188
3747164.5427842936,0.3023885000471185,-0.07208631343855336,1.7076009486429284,0.5507246376811594
3546553.197081354,0.28813474808165607,-0.066175738625865,1.7283225530325241,0.5869565217391305
2774293.733184796,0.2263953302121824,-0.07389750464045025,1.379707817906032,0.463768115942029
2239626.2681895145,0.1749925433345365,-0.1292692303010221,1.2322373401823776,0.5144927536231884
4174922.919214727,0.33085178772101154,-0.05557358719999998,1.8990185089537512,0.572463768115942
3206405.099966992,0.2624194530972004,-0.05745781707455559,1.7286218828446736,0.5869565217391305
2178447.063653403,0.16850184432648385,-0.10746403922202746,1.241266664214952,0.4855072463768116
3442237.2239318867,0.280466318811875,-0.06949268549848373,1.5481103973622004,0.5434782608695652
5500997.902645235,0.4063334149723583,-0.05950207276916455,2.1743533583043515,0.5579710144927537
3331279.551432573,0.2721028212580263,-0.035821547990030816,1.8453874782868556,0.5579710144927537
2709320.442221517,0.22059637201041937,-0.09004788796544408,1.4084143376184088,0.5507246376811594
7021468.771217419,0.4766772827206036,-0.05002404155385357,2.0421187712380524,0.6086956521739131
2631790.773981671,0.21352931516789986,-0.07431342118803051,1.4448100414821345,0.5652173913043478
1577629.5023014853,0.09547129940944976,-0.09779411644371327,0.9196643294944982,0.47101449275362317
2019078.639312783,0.15088160030493114,-0.10546347725883651,1.1315262285349934,0.5
4216770.508569766,0.333509129049784,-0.0778066173686748,1.8937839393949967,0.6086956521739131
2182581.4208732834,0.16894503533964245,-0.12330846475987728,1.2707356436202633,0.5072463768115942
2012608.5657807891,0.1501430603207854,-0.13045514114554338,1.1266013192365412,0.47101449275362317
3940762.1750333505,0.3155763124084183,-0.08984846947505881,1.9153113455047406,0.5869565217391305
2563204.118484914,0.20713721330362644,-0.12051027174156671,1.3722254774854517,0.5072463768115942
2893776.2287666355,0.23678152444679146,-0.1280139050576414,1.427371461578561,0.5652173913043478
1986080.343055257,0.1470949362506171,-0.10398318958306055,1.0677290737030498,0.4927536231884058
4481098.7423951505,0.3498232450303276,-0.07357491702775698,1.7727003142950502,0.5797101449275363
5599533.60676273,0.41133584255731437,-0.05877510989580787,1.8606465438261055,0.5869565217391305
2844664.3806892755,0.2325547138177,-0.07332850041399777,1.4820523474192127,0.5434782608695652
3189175.1955113574,0.26105978266542285,-0.07429212766286883,1.6937353983358665,0.572463768115942
5342010.896107651,0.39810875054881767,-0.04200291799837105,2.375196148758133,0.6304347826086957
3422591.4475266165,0.27900137731773844,-0.07271127125056,1.6829238158148265,0.5869565217391305
5441013.95902215,0.4032529633372961,-0.061930470131161985,1.9935449395481561,0.6014492753623188
2478288.6820066273,0.19903090922267297,-0.06551900250953788,1.3861120341290056,0.5217391304347826
3787531.9038142622,0.3051825536554751,-0.06323940111128218,1.8293501884696681,0.572463768115942
3711577.8288547234,0.29990529966308865,-0.09294068181815217,1.7371952949375467,0.5217391304347826
4179242.3734749435,0.3311270587133759,-0.07606587861899274,1.9433314341415124,0.5507246376811594
2684507.9491610723,0.21835244409925147,-0.05850581094579097,1.8472745208916095,0.5942028985507246
3089870.6017703684,0.25310671854814126,-0.09336114516535779,1.8647154952809073,0.6014492753623188
2130144.9289259757,0.16327348868415448,-0.0966655157909035,1.0464773445778421,0.463768115942029
2917672.5498116105,0.23881743769018549,-0.10358734115332952,1.4602231076528,0.5434782608695652
4172295.282202592,0.330684221698883,-0.1467456752090473,1.684683890512575,0.572463768115942
1987326.8427143057,0.14723888758938086,-0.10128023863086993,1.198484035946464,0.5
6184252.310215209,0.4396517185090887,-0.05233890046848103,2.1255458223275654,0.6086956521739131
4917920.2447552355,0.37516970501382585,-0.09651232955327853,2.2235976539335334,0.6521739130434783
4887595.0460458435,0.3734695743226415,-0.04582498818464827,2.1910581896396395,0.6159420289855072
3943706.3991885157,0.3157728324905482,-0.10078011187409001,1.9687342943765693,0.6739130434782609
2543256.079679814,0.2052524369424884,-0.061435724875856836,1.7358535742722483,0.6086956521739131
3745865.2513294322,0.3022981695063922,-0.08872161447960049,1.5226538189710301,0.5144927536231884
2862404.0100757116,0.2340881619118247,-0.11619044399757075,1.340952894936613,0.4927536231884058
3334729.812203644,0.27236621970195074,-0.07699755616678941,1.6738384626180771,0.5942028985507246
3551050.890126813,0.2884613016476367,-0.07000065863324917,1.7086752311944833,0.5434782608695652
3403925.501175574,0.277603254104289,-0.05389921463869153,1.6571222163781745,0.5072463768115942
2065146.1980267249,0.1560860490756697,-0.08261728234476466,1.1438124252708206,0.5362318840579711
2321627.6915602144,0.18347343806276806,-0.10329313829018442,1.3122519618686452,0.5362318840579711
4499262.084889809,0.3509157292219096,-0.08955391396004299,1.7367131518661694,0.5579710144927537
3410165.778566024,0.27807134653372856,-0.05771386666798062,2.0907378461709123,0.6304347826086957
3610755.359267535,0.29276508125267786,-0.04714763311988507,1.763230251546161,0.5434782608695652
3060345.84381714,0.2507027409294553,-0.08958219394821205,1.3741441118415818,0.4855072463768116
4281021.3588531595,0.33754831603540203,-0.056503148081393346,1.8074196425553855,0.6159420289855072
2657720.938680508,0.21591124687614682,-0.10656661801040132,1.2908242956838425,0.5289855072463768
3125238.294353702,0.2559623693579025,-0.06736458025890894,1.4995380057197354,0.5579710144927537
4515448.557153723,0.3518863399847112,-0.11970651397922756,1.7653356954876636,0.5362318840579711
4341154.869066248,0.34128496329254077,-0.06153432762475786,1.7394757101930636,0.5869565217391305
2445381.1630127975,0.1958296366788601,-0.11720072234051636,1.2483082669223897,0.572463768115942
4189397.712078223,0.33177334455501195,-0.07755483247956733,1.7042558078565135,0.5289855072463768
4813405.477915194,0.36927440292586255,-0.07992439617783298,1.9478058503701898,0.5652173913043478
4551651.221646923,0.3540471743265188,-0.0768641559055361,1.7198514439377248,0.5507246376811594
1412661.544639562,0.07153811730345971,-0.15132564006671775,0.7234965025796091,0.5507246376811594
4827790.903059528,0.37009187360130325,-0.06155531121628134,1.705497564883889,0.5797101449275363
2892287.1638401495,0.2366542148673596,-0.12549981827397363,1.2666768632048218,0.4927536231884058
3495192.9175847624,0.2843820586398842,-0.10339110530952879,1.5285517421475652,0.5507246376811594
3295709.9504426387,0.26937457880618587,-0.06097228499030429,1.7692416824405697,0.572463768115942
1926106.3397157784,0.14008190340311932,-0.16636115697218523,0.9743368724409683,0.5
3286590.890774136,0.2686713412313786,-0.06378492023354167,1.501829704648484,0.5652173913043478
3688714.5647515296,0.29829985952550153,-0.057709563720383675,1.8918824978362456,0.6014492753623188
3201723.764571869,0.2620506124156332,-0.14202136383725647,1.500183255030623,0.5072463768115942
4123067.0926184724,0.32752919355659027,-0.057994938036496385,1.7999982204928036,0.6086956521739131
4712439.218292803,0.36348119424639647,-0.0621840729636689,2.205257309926995,0.6304347826086957
2226850.769648871,0.17364897234753296,-0.10687770385300366,1.248170869409688,0.5869565217391305
2802122.769813953,0.22884591987640102,-0.1000287363030775,1.5079761891478327,0.5072463768115942
4310261.506203033,0.3393704837260769,-0.06132311962880578,2.1231734302657643,0.6231884057971014
3122475.413043159,0.2557402229245307,-0.05077582921136487,1.6319722233184588,0.5869565217391305
4023697.004534012,0.3210676382994657,-0.07842918051623593,1.739793446957688,0.5362318840579711
2653609.403630965,0.2155348071917338,-0.09679473984767972,1.5747504341406762,0.5579710144927537
2229610.3501063534,0.17393971248764428,-0.1938481154268744,1.083313087583172,0.47101449275362317
3597117.891856058,0.2917870733180432,-0.06747755879085203,1.8202964484201545,0.5289855072463768
1806099.2598397932,0.12550731753245747,-0.08381794952583736,1.1273009872258544,0.5507246376811594
4120820.0088983965,0.32738446053638515,-0.06085343488742861,1.7351643558321814,0.5289855072463768
4939937.314553359,0.37639880722651187,-0.04965246205321074,1.8528820441340976,0.5579710144927537
3405005.638429921,0.27768432589885905,-0.058153090152265614,1.6931799981066,0.5362318840579711
2732537.68644295,0.2226811930773105,-0.10799574473099989,1.390028465374783,0.5652173913043478
3117055.9178726096,0.25530401723227136,-0.10300325261167578,1.6131936707458239,0.5797101449275363
3063200.2460122295,0.25093596146524244,-0.09005973040614045,1.4173759677447306,0.5
6291875.989791213,0.44462800893938925,-0.11508551756265074,2.2009626122960264,0.6086956521739131
3889023.415842476,0.312103553316579,-0.07218679931763196,1.7290873122734198,0.6086956521739131
3468932.000383553,0.28244620676861376,-0.045914267738962934,1.7092097226537488,0.5652173913043478
3365862.6567159626,0.2747331446163166,-0.06102144065478123,1.8248304459401352,0.5434782608695652
2465206.9038071963,0.19776239838224852,-0.09947721305889255,1.2932851848454074,0.5434782608695652
3839654.580173061,0.3087552332987844,-0.09068294793105859,1.7925607635865868,0.572463768115942
3138356.220582603,0.2570149629589218,-0.12984145735148178,1.427558426884712,0.4782608695652174
3468778.2210028395,0.2824348362787581,-0.07723147509187878,1.7629294770790178,0.5579710144927537
2364207.596034436,0.18778304505320675,-0.11765304836667809,1.412549282247121,0.5434782608695652
2470668.068655307,0.1982926085912664,-0.0911357836184742,1.444573110679785,0.5434782608695652
2111710.810380481,0.1612531060775495,-0.06308157681823266,1.315057371369418,0.572463768115942
1992526.3090481237,0.1478385672269158,-0.09915397171493029,1.0187486785788815,0.463768115942029
2821456.1687617754,0.2305369572276852,-0.10230417938283398,1.5616609369569745,0.6231884057971014
4690123.857047943,0.36218741107881036,-0.05742562294634319,1.874765324974648,0.6376811594202898
2602073.905428791,0.21077633930453143,-0.06738162200252301,1.4711188198704976,0.5362318840579711
2004032.7688050773,0.14916122530689702,-0.09224804824935551,1.153916465666189,0.5362318840579711
2025593.8808826548,0.15162338538536124,-0.09108118007970865,1.1725500865077485,0.5289855072463768
2745161.576168131,0.22380882974633542,-0.06763661147325832,1.4635804977294564,0.5797101449275363
3187342.3529239977,0.260914801254841,-0.08300363634603189,1.6384109938299893,0.5507246376811594
4788535.429265575,0.36785650782100143,-0.07303399147779682,1.8731478961146792,0.5942028985507246
3400933.866388666,0.2773786036694892,-0.08721053541675451,1.7982917412990445,0.6086956521739131
2649095.4741720567,0.2151209877695961,-0.0985980220085003,1.3693123497891646,0.5289855072463768
2252908.191254874,0.17638288881643827,-0.10761258230880232,1.3460936884839503,0.5579710144927537
3091335.052407734,0.2532254785459398,-0.0882117670521188,1.6676695016615195,0.5507246376811594
3489801.9735263484,0.2839856108462162,-0.08472284697297405,1.7416789295173793,0.5869565217391305
2653044.185334326,0.21548302104297057,-0.07761508195041336,1.4613404067776787,0.5797101449275363
2265359.0589530165,0.1776802977074643,-0.0957178764315734,1.2576582961574525,0.5072463768115942
2254013.3767603235,0.1764982833347719,-0.1166082980445798,1.2628800016818154,0.5144927536231884
2492440.338201675,0.2003971462007812,-0.09176078394435126,1.4127387033181458,0.5652173913043478
3685263.9559370982,0.2980568696112349,-0.12254895582191563,1.598050512087161,0.5579710144927537
4988295.285953845,0.37908308208935293,-0.08878761740571527,2.0386125427867174,0.572463768115942
3562030.9965590104,0.2892571210875554,-0.05717616432256003,1.6184648011826763,0.5869565217391305
3359412.9357164884,0.2742442368367921,-0.09360063358894893,1.6976002722258532,0.5797101449275363
2710455.2688306076,0.22069860674075126,-0.0988564748569015,1.498666402131143,0.5144927536231884
6229165.106682476,0.4417367487877413,-0.08323850482791192,2.034778665586497,0.572463768115942
2678727.5184769835,0.21782730685685392,-0.05778512771917032,1.5080857645707475,0.5579710144927537
7811904.577286937,0.508521088967127,-0.06718934916270093,2.3318991754200935,0.6159420289855072
3684733.2688388187,0.29801948277955415,-0.07582401247858878,1.9144899540493943,0.6014492753623188
4210337.746114532,0.3331020219194438,-0.06415521416749477,1.8158176799043317,0.5942028985507246
3188964.8279857645,0.2610431455721469,-0.07592999918004242,1.7929487634616152,0.572463768115942
4712568.120967033,0.3634886534173716,-0.083316955298329,1.8783292484829743,0.5579710144927537
2905883.661737684,0.2378147246883966,-0.09802529476619333,1.505930945736658,0.5289855072463768
2793271.793286688,0.22806863383477083,-0.08309390351766936,1.353160363518236,0.5362318840579711
4124451.280617191,0.3276183166887936,-0.06828086914790311,1.6851940875281868,0.5579710144927537
2984956.8842419055,0.24447911459609184,-0.11262637745761298,1.485794022024727,0.5869565217391305
4958075.030823804,0.37740805675035816,-0.08526495468750679,2.328891140950582,0.6159420289855072
4337119.425308337,0.34103550461514165,-0.08554247834843133,1.7843451914534842,0.5289855072463768
2504374.5576159605,0.20154449111720285,-0.07783400911799636,1.4030292262450648,0.5434782608695652
2333131.2689821683,0.1846439336782706,-0.08490374118114305,1.2431117777578196,0.5289855072463768
3139138.3189845663,0.2570776079450532,-0.09514062237372489,1.413366671039803,0.5217391304347826
2597735.3400294385,0.21037231240234222,-0.08811342470407349,1.28922660465396,0.4855072463768116
4888194.6073583355,0.37350326937345435,-0.09738983514905356,1.823128495314637,0.5652173913043478
2034992.9009655865,0.15269014383360213,-0.09608592590612267,1.1336863316929762,0.5289855072463768
1982976.8814093207,0.1467362204142293,-0.12444479010231256,1.145418302672018,0.6014492753623188
2539371.248491499,0.20488400642932492,-0.1822326512951844,1.1686570886831829,0.5362318840579711
1718870.2306402146,0.114419282616959,-0.1365749131497412,1.0310159522566105,0.5144927536231884
2272647.6135191736,0.17843713681771,-0.15054937962904316,1.3686940546319362,0.5217391304347826
2911470.0371381417,0.23829028305744537,-0.09397506835818636,1.4802634610216099,0.5434782608695652
3639752.991485486,0.2948348576542259,-0.1069249941060557,2.1129128754544633,0.6159420289855072
4726518.134872548,0.364294931578351,-0.05296624818416873,1.935574017598477,0.5579710144927537
8591957.941499535,0.5375116970938758,-0.1211063963590576,2.13026749166374,0.6014492753623188
3213675.403280061,0.26299142444849943,-0.06006567467078392,1.6745879265009536,0.6159420289855072
3199981.6609459263,0.26191324256196347,-0.08695412712894157,1.760924443768792,0.5652173913043478
4941025.329373922,0.3764594318980672,-0.04372333599936208,2.042012986552783,0.572463768115942
2547182.7882208712,0.20562438178433018,-0.14505124987148868,1.2811462749869837,0.5289855072463768
4499145.771513296,0.35090874446788844,-0.04918733212835128,2.036443034975311,0.6231884057971014
2735988.5770393526,0.22298985921166103,-0.0800449631954139,1.3574650194396451,0.5289855072463768
2310344.099733994,0.18232080982871346,-0.08251676910202367,1.1775237445007414,0.5144927536231884
3860069.791317617,0.31014399732348674,-0.03984676511999057,1.950347732017413,0.6159420289855072
2502071.786886532,0.2013234459308184,-0.07646236068837829,1.4044309130537984,0.5
3397666.559335623,0.2771330715273519,-0.09611555361842665,1.7646382311117368,0.5942028985507246
2065905.8827614612,0.1561710921318995,-0.10506529746206987,1.16753178647214,0.5144927536231884
5311362.269882702,0.3965007871614872,-0.05935201935412219,2.031488650749259,0.6014492753623188
2747113.1835525585,0.2239827878456091,-0.1244123055148059,1.3438178280640751,0.5362318840579711
7561971.622127646,0.4987424511059353,-0.05798666758084533,2.2638511298926045,0.644927536231884
8898752.94004843,0.5483382043469862,-0.06926279102591794,2.342968650765658,0.644927536231884
3534769.7052557445,0.2872776376771824,-0.1041633125565414,1.3897133830082515,0.5434782608695652
2702105.272989139,0.21994556632452933,-0.08920338169949629,1.3815952026402103,0.5217391304347826
4740385.100141234,0.3650945251486639,-0.044028560815126336,2.1280940825754198,0.5797101449275363
3989143.318788196,0.3187908580312451,-0.05419148604370191,1.7208545137561537,0.5652173913043478
6515744.451301029,0.4547648817471086,-0.06706390828385182,2.106803051888934,0.6014492753623188
2572124.6695963447,0.20797627015709064,-0.0560242326880152,1.5338013117366411,0.5144927536231884
3447122.7363998285,0.28082958173156247,-0.054098539942893625,1.8146619756047082,0.572463768115942
4287028.635298527,0.3379234842770784,-0.09124013059942127,1.8313565150820692,0.5434782608695652
4260232.060718339,0.3362467172009871,-0.07570719268284644,2.3212904870316877,0.6521739130434783
4659101.153694394,0.3603805935712272,-0.0756334447122432,1.875430808961469,0.6014492753623188
2125895.339381851,0.16280897715437437,-0.12507363524563905,1.1687708983544256,0.4927536231884058
2666144.9144628057,0.21668106774427942,-0.07005970757436583,1.3696344755728664,0.5507246376811594
4165819.3486435786,0.3302708867286914,-0.052256586030996324,1.9249433935400913,0.5869565217391305
3213635.7335566324,0.26298830635089465,-0.06584116763464505,1.7075915184510309,0.5507246376811594
3811462.604861601,0.30682770381067237,-0.057372110685325044,1.972609663515206,0.6086956521739131
5177694.580034143,0.38939997194782494,-0.04817591584322551,2.300637105204168,0.6159420289855072
3170122.0915023177,0.25954937784273446,-0.07446606733000231,1.6650475741673398,0.5652173913043478
5663809.977161989,0.41456117782594415,-0.06274152200517576,2.2475689188821484,0.6521739130434783
2707306.7225073236,0.22041487483373534,-0.15053858588856106,1.5413866310152724,0.5434782608695652
3342872.772317707,0.27298700296567247,-0.07217437969900246,1.5246964723686218,0.5579710144927537
4716334.614212547,0.36370653588095614,-0.08341201505107748,2.170373718993339,0.6159420289855072
9408407.049889764,0.5656807779880748,-0.06767834345469248,2.384125799188293,0.6231884057971014
3636185.627920483,0.29458094159553805,-0.08297522464161684,1.6442942892235224,0.572463768115942
4140706.0302523044,0.3286631181728972,-0.04388701535740462,2.039679584568632,0.572463768115942
4117567.20973987,0.32717483822913307,-0.05790955546805764,1.8219564330642672,0.5289855072463768
8100544.583174523,0.5195074835667224,-0.047822773592385424,2.461301823817144,0.6159420289855072
3152605.910780714,0.2581543893983842,-0.06245391434289824,1.5252702656895079,0.5144927536231884
2673299.5102992165,0.21733336030930395,-0.11717590565612557,1.3626485740558851,0.5217391304347826
5851432.317527455,0.4238113059964632,-0.04108778800000007,2.057392166869801,0.5797101449275363
5712118.318876446,0.41696603077076033,-0.0931167609922633,1.885812585861081,0.5434782608695652
3923743.6562971557,0.3144380586673423,-0.06183001937886233,1.825993666591257,0.5652173913043478
2297385.692209798,0.18099152867372248,-0.13762244219095762,1.2704252447329658,0.5
5657325.088708659,0.4142371035501571,-0.0775232718732157,2.2119450601172574,0.6521739130434783
2415865.3658654937,0.1929288604035413,-0.12929305571574418,1.4249384932777476,0.5362318840579711
3269381.1369253336,0.26733990707040234,-0.06089682385976425,1.607235930083001,0.5434782608695652
3437204.858938374,0.28009170515527604,-0.09282042731073317,1.6818751731150376,0.5652173913043478
3904570.124770777,0.31315092944839096,-0.053726730980944735,1.8374763467616575,0.5942028985507246
5805881.809693714,0.42158763768459795,-0.052788401846599324,2.171615582034817,0.6594202898550725
5425506.1599462675,0.40245214874301816,-0.050221618424419696,1.981182438813567,0.5942028985507246
2472010.3453368396,0.19842278316420403,-0.16553595090209092,1.207588538614148,0.4927536231884058
2918701.929668506,0.23890483843653532,-0.05872228208751224,1.5579637177445436,0.5289855072463768
5101845.345930705,0.3853051792063067,-0.04280816434054857,1.97922998344601,0.572463768115942
3662538.936608132,0.2964520240243451,-0.05890358537251792,1.774501480518055,0.6014492753623188
3115907.6392499804,0.2552115164074569,-0.11218478838748405,1.5312709331040375,0.5144927536231884
3022867.900056951,0.24762432539072043,-0.10227754044142365,1.6311988415956291,0.5
2776157.463769515,0.22656006089760172,-0.11030966190627094,1.4587589317822878,0.572463768115942
2853613.060531626,0.23332920833433035,-0.08015228188699854,1.3975203248749257,0.5652173913043478
2776962.4974278267,0.22663118853587183,-0.10669967127823804,1.598606780187631,0.5434782608695652
4421083.406869656,0.3461880828866921,-0.06499328251986794,1.879837346286662,0.5507246376811594
2046138.533687657,0.15395004080538666,-0.1290513516083768,1.1387173536995199,0.47101449275362317
3412879.682686803,0.27827470670415844,-0.06675653633339929,1.6475700400525288,0.5579710144927537
4308102.7349860445,0.33923629354411955,-0.08660621129765923,1.8301906906862317,0.5289855072463768
3947160.4081545332,0.31600322995879915,-0.07553888925547396,2.0437372342481837,0.6231884057971014
1908361.8784262377,0.13797349407343784,-0.13631980167516236,1.0519240482616787,0.5
2884230.9066702086,0.2359645237905772,-0.0729207471707202,1.5867050808566554,0.5869565217391305
1918575.732480798,0.1391890173419874,-0.06582744530636685,1.0388920804105,0.5289855072463768
5205187.521352989,0.39087235764502504,-0.07860677331540472,1.9454568929097507,0.572463768115942
2553622.5665552183,0.2062333772736331,-0.18486540355080314,1.1763816827712783,0.463768115942029
2442188.835927792,0.19551725394092,-0.0941606906633621,1.1049255059639922,0.47101449275362317
2149900.6812614505,0.16542325408198266,-0.07776342798263682,1.3566064408194325,0.5507246376811594
2086917.9917944092,0.15851344055280436,-0.11043469906082283,1.333169568351865,0.5217391304347826
2700470.9243028443,0.2197979555702867,-0.09448675053740278,1.422715962749124,0.572463768115942
3798453.6777163157,0.3059344150391683,-0.07269619032732857,1.7402825277704284,0.5362318840579711
3879668.864321865,0.31147172544605684,-0.09704686323791652,1.7088585332794728,0.5507246376811594
2886779.5142503567,0.23618287494690304,-0.08698152959999998,1.3793592435997322,0.6014492753623188
5113678.418280176,0.3859471911997079,-0.04165381145872008,2.1313117842634886,0.5579710144927537
2387639.587577731,0.19012822275485486,-0.09865334373843064,1.4362533132007758,0.6086956521739131
4030852.666332515,0.3215371764330637,-0.11438995024726915,1.7771209372952954,0.572463768115942
3894061.729498288,0.31244334896378945,-0.05941505769626138,1.7149818974111224,0.6086956521739131
2055564.9249251855,0.15501131742472585,-0.10160268303996914,1.0808999894564864,0.5289855072463768
2281120.3809561785,0.17931450709689067,-0.05628318135553381,1.1989459431400071,0.5507246376811594
3997516.7265642965,0.3193440351258847,-0.07694721723630597,1.9534411529374216,0.5797101449275363
3516761.479694865,0.2859633245396196,-0.09092847150957081,1.7135833113058014,0.5
5319545.387299688,0.3969308347929794,-0.05195385935071362,2.337175516958443,0.6231884057971014
6084797.993883674,0.4349911840875964,-0.07548226181332479,2.1795189698028867,0.6231884057971014
4783702.537060154,0.3675802908630097,-0.08191749375277557,2.0727383573073532,0.5797101449275363
2956570.7919496843,0.24210313075773948,-0.10404620598378093,1.7398132123919676,0.644927536231884
3155177.6471347087,0.2583595901878999,-0.08676854260323175,1.4426297337699636,0.5072463768115942
2316489.6377115464,0.1829491386309352,-0.09280002710335278,1.3141109246140654,0.5289855072463768
3626786.320545957,0.29391096670661976,-0.12174055806031459,1.5849743757417238,0.5869565217391305
2863676.448583837,0.23419786146136845,-0.08960395751718482,1.5175443588559945,0.5289855072463768
8659401.33223937,0.5399179225991582,-0.06590257877289912,2.1662468135050923,0.6231884057971014
2903744.7044734024,0.2376324453547587,-0.07021656773314133,1.640100902461257,0.5362318840579711
4893858.48258802,0.3738214133406679,-0.06092396124522677,1.97464048558255,0.5579710144927537
6290503.710702592,0.4445649878059965,-0.050126116888575135,2.2716082212393673,0.6304347826086957
2450512.817097863,0.1963311077410106,-0.07658268852854276,1.273048517166081,0.5144927536231884
1359254.01183369,0.06331055440441924,-0.12962595303312408,0.6420069779683395,0.4855072463768116
4264736.285987874,0.3365291531045742,-0.05801614709498068,1.6783723475024166,0.5289855072463768
2658070.5340074217,0.21594323326867304,-0.09067265926235357,1.3356251821279015,0.5579710144927537
3379129.862225088,0.27573648588114574,-0.07765963065846154,1.827274902619847,0.5507246376811594
3572619.6004302283,0.29002270844929745,-0.07863674513709058,1.6224248364572014,0.5652173913043478
6592410.201818281,0.4581723020275459,-0.05068038803411174,2.4163219380704013,0.6304347826086957
3363835.8714914997,0.27457958916328495,-0.10352230740764076,1.8949449938348362,0.6304347826086957
2446640.098521572,0.1959527391620688,-0.08494517739830772,1.257605199155479,0.4855072463768116
3913494.7969957283,0.3137506749300958,-0.08359249998086103,1.7265548707687417,0.5507246376811594
3088049.6289721346,0.2529589834712742,-0.06673744912973768,1.416757159619068,0.5289855072463768
4439387.226493314,0.3473009177730464,-0.04885481969380225,1.9984692447561627,0.5869565217391305
3457928.618342922,0.2816315938593339,-0.07879603682314412,1.7146503622133096,0.5942028985507246
4516226.460422888,0.35193291628068235,-0.08705968314557963,1.6282989605627665,0.5072463768115942
4390440.116059354,0.34431675516366966,-0.07276907544858871,1.9923670262981383,0.6304347826086957
3585007.728330967,0.29091610592072725,-0.11856953613269633,1.821627624597639,0.6159420289855072
2749869.232576583,0.22422828218276125,-0.07835891980110055,1.434751557584485,0.5072463768115942
2720323.7722727833,0.22158620394717676,-0.08807465535521124,1.6054118727916162,0.5797101449275363
3613196.3430621703,0.29293982394925155,-0.07292768931190828,1.778150017967537,0.5942028985507246
2128811.866256164,0.1631278549511741,-0.07642413892432787,1.2802238936068377,0.5144927536231884
10763211.224200102,0.6083789207420323,-0.07211828771730418,2.327275648696435,0.6594202898550725
6210503.857988068,0.44087188469064875,-0.09316721977809604,2.0744358639864977,0.6159420289855072
5392855.158959354,0.40076006342988535,-0.08783080699740545,1.9645572955732673,0.6159420289855072
2955248.6746915565,0.24199202232001382,-0.060465849599999996,1.6725617927481768,0.6086956521739131
1808872.4815588116,0.1258527432917973,-0.06397464302986751,1.09374758840675,0.5579710144927537
5806092.012835017,0.4215979313099043,-0.06419420553765728,2.233199059202795,0.572463768115942
4805624.8869418455,0.36883144588541916,-0.062315874742081855,1.8225238811399613,0.5652173913043478
4214826.338039755,0.3333861416874959,-0.05528254194562001,2.3434558225663564,0.6521739130434783
2963912.9961127904,0.24271943456720657,-0.10410136413403123,1.4547225044739116,0.5434782608695652
2411976.5045216354,0.1925445571253721,-0.10792401256067585,1.3082392482619072,0.5362318840579711
2173623.8420945075,0.1679839578597191,-0.1023774394463238,1.2507497469432736,0.5434782608695652
3786790.1293777144,0.3051314265927658,-0.0717052312762325,1.8378215022622877,0.6014492753623188
4283061.366225161,0.3376757663911305,-0.10928337038860425,1.7726790175775928,0.5579710144927537
3154034.3088487457,0.25826837888737986,-0.08307394640801102,1.6026638695700761,0.5362318840579711
2559299.804486696,0.20676924284773657,-0.09591487240354292,1.444817921849929,0.5362318840579711
3620240.223652289,0.29344354527101335,-0.0691611668825639,1.777097474577311,0.5579710144927537
4644142.531410855,0.35950593543524567,-0.0633561486489527,1.8118977692419287,0.5217391304347826
2567533.667703053,0.20754473702313647,-0.07919347976515452,1.3901403171128295,0.6014492753623188
2718121.3036174183,0.2213883321272403,-0.06952611035035866,1.5393364148671498,0.5942028985507246
3206824.366747754,0.26245246594753646,-0.09912776993349272,1.6416203457969676,0.5434782608695652
3842207.7078952715,0.3089292349345716,-0.10459823199634988,1.5785710548275411,0.5144927536231884
3285719.9092053757,0.268604091820426,-0.06164217265667126,1.6150119817786195,0.5362318840579711
2629127.320110989,0.21328358981579432,-0.04942750640955439,1.6199289674681263,0.5507246376811594
2480489.2860717787,0.19924377026931062,-0.048594372489393425,1.5314880942283375,0.5362318840579711
2559982.122334266,0.206833581726394,-0.11738205428871876,1.4922542976650373,0.5579710144927537
1574552.731115714,0.09504367721518814,-0.09556513942200845,0.9329241655679468,0.5434782608695652
5545157.730840145,0.4085840968125889,-0.1011081249154835,2.178968997530609,0.6159420289855072
5915899.888043474,0.4269349103049316,-0.07469877425113403,2.059087188279985,0.6014492753623188
4577761.357243458,0.35559709583320886,-0.06289733999783596,1.9284326017772597,0.6014492753623188
7261952.006038691,0.48665663979780516,-0.05560006584081887,2.1549230550003036,0.6159420289855072
2393097.64227179,0.1906718436138597,-0.07831090675267932,1.250890354197338,0.5434782608695652
5203621.295576219,0.3907886456800187,-0.06653706078573723,1.9969464750842754,0.6159420289855072
2969075.0770847127,0.24315200825937922,-0.08250145813972885,1.6578912090584108,0.6231884057971014
3623250.149169484,0.2936585517015251,-0.09383845999544528,1.5784187111974006,0.5434782608695652
2677597.8271131837,0.21772457142595214,-0.08704024983718718,1.5238194853884555,0.572463768115942
1868951.3165158646,0.13323400452983525,-0.08328893053641385,1.2001860177287955,0.5144927536231884
3460326.3303005705,0.28180928008564554,-0.06627336586626678,1.7304935372000358,0.5579710144927537
4636597.162942123,0.3590638884423667,-0.09847470983434559,1.9016830367366997,0.5507246376811594
1940434.3649481034,0.14177305948544272,-0.07690939878841238,1.1640496786991188,0.5507246376811594
1936244.2707537683,0.14127953346019373,-0.14297311739941748,1.0374988438108812,0.5217391304347826
7196665.9611717975,0.4839739216305772,-0.05277661673016191,2.320786556929617,0.6231884057971014
4087922.835285773,0.3252583152769408,-0.08382832626929446,1.7350189807242007,0.5652173913043478
3480610.1294463174,0.2833085151423571,-0.055606501950166934,1.6038059547558563,0.5072463768115942
2686336.586577825,0.2185183827448185,-0.07993564109430062,1.4708972720058617,0.5434782608695652
2591889.3855478284,0.20982705597871987,-0.08591748450150133,1.6535971121686868,0.6231884057971014
4918882.153789457,0.3752234954218885,-0.070622557297913,1.9457697917449943,0.5579710144927537
6192690.128639596,0.44004435758519844,-0.05419763839999992,1.9138051768021573,0.6014492753623188
3785388.706572764,0.3050348111638477,-0.05955599748202403,1.6789121645253096,0.5434782608695652
3981710.0870674383,0.3182990134434678,-0.062256972614867935,1.7534004941601666,0.5652173913043478
3117127.7745932816,0.2553098048216347,-0.07381842664735551,1.8068714346650168,0.5652173913043478
4933281.092301962,0.376027686799828,-0.05989945600268019,2.210140156296032,0.644927536231884
3945244.2063550656,0.3158754308667022,-0.045831571319750644,1.801328259612264,0.5434782608695652
3118772.1327340663,0.255442217967496,-0.1566206668599428,1.455725894502269,0.5
1811467.8419486175,0.12617563151111422,-0.15319110977585618,1.10817735691514,0.5362318840579711
2798502.0087074568,0.22852818511910744,-0.0749354221626807,1.3623568065685858,0.5
3198158.1696869307,0.26176939095933704,-0.08818627809388715,1.675772658484317,0.6086956521739131
5853303.035371686,0.42390233357810003,-0.06306288865350397,2.0598265595368606,0.6594202898550725
4509897.23860892,0.35155377302515944,-0.03883542227156809,2.372650965440232,0.6739130434782609
6666845.902744172,0.46145040983433083,-0.04666183993946389,2.2972896781491454,0.644927536231884
3574516.835768898,0.2901596923556522,-0.0611857525629151,1.6606009045309025,0.5869565217391305
2420223.2032122775,0.19335892104315522,-0.07233048565993176,1.605966441030291,0.5289855072463768
3523296.3657256356,0.2864408880301006,-0.07714590918441784,1.6120051760928487,0.5869565217391305
5815023.153192407,0.42203501311124203,-0.04155966969131849,2.0926336832578945,0.6231884057971014
2618127.552147751,0.212266657036017,-0.10159000763173763,1.304045231565162,0.5507246376811594
3033432.261847942,0.24849515194169536,-0.06922182604514267,1.5129742315448902,0.5362318840579711
4673499.643156267,0.3612203803282841,-0.056092943339996246,1.8031093976436576,0.5797101449275363
4473397.669078422,0.3493589731355833,-0.07364572503937271,2.0790035633259674,0.6376811594202898
3388414.6756097735,0.27643678320965237,-0.10678594908581299,1.6227664903054795,0.572463768115942
4281606.544961593,0.33758488076307436,-0.0711775774367382,2.0238397772649255,0.6376811594202898
3056014.882905803,0.2503485447798959,-0.09876321456338422,1.4123332707715495,0.5362318840579711
3721445.2973911753,0.3005957421989074,-0.055035771601851496,1.6784076880906884,0.5144927536231884
2654665.9928974137,0.2156315898249137,-0.08280266047668833,1.5154691796392972,0.5942028985507246
2658265.8384567983,0.21596110127791568,-0.06968340288774878,1.5847098954601855,0.5434782608695652
3230168.458205227,0.2642851429033086,-0.06796633319946162,1.4923212303334334,0.5
2785451.2265258506,0.2273801962295614,-0.08961965904772858,1.4582072827121404,0.5869565217391305
4048421.1997238034,0.3226871613112785,-0.0679804925311098,1.9265252425130293,0.5869565217391305
2195698.558384469,0.1703467227579798,-0.09817673531627462,1.137108249423699,0.45652173913043476
2978251.8511341424,0.2439195231834086,-0.07257537662122857,1.471932536897398,0.5144927536231884
4429033.910909472,0.34667190923624935,-0.08812741863087249,2.001835898169847,0.644927536231884
2988827.6384721263,0.2448017039200412,-0.050290571213181576,1.5997625655080614,0.5869565217391305
3289154.7450301712,0.2688692164180235,-0.04179039096532515,1.6162852013260811,0.5652173913043478
3641457.376058603,0.29495610122809635,-0.11663160425224994,1.7523535975043065,0.5652173913043478
3061643.0946148313,0.25080875509782175,-0.054607904340695124,1.6466904332071253,0.5942028985507246
5567418.607346758,0.40971322920073927,-0.043852416744405764,2.3158400614111727,0.6956521739130435
2660526.5340028745,0.2161678513453562,-0.09564879499899216,1.5053529711020444,0.5434782608695652
1881337.6879454881,0.13473212741725749,-0.1468301718587709,1.0247811764560804,0.4855072463768116
3064862.3549084445,0.25107168492422716,-0.063551623756224,1.6231890246643792,0.5652173913043478
1795431.6392414407,0.12417461644580419,-0.11838208609286263,0.9501934726551774,0.4927536231884058
3171978.2864430514,0.25969684356986455,-0.0816039634640408,1.773741304436248,0.5797101449275363
2746161.2474988727,0.2238979486124777,-0.09722551025391214,1.4917452892239957,0.5579710144927537
3311701.798598016,0.2706040777590828,-0.07313598819818022,1.5986081316127438,0.5217391304347826
4029203.403263245,0.3214290147390706,-0.05769190576479999,2.0328978809404292,0.5869565217391305
4800637.990322939,0.36854723493180086,-0.055308959773394374,1.843556730313099,0.5507246376811594
3045799.088508078,0.24951147963635,-0.058707410532494446,1.7472120740402592,0.5942028985507246
2726916.3728389964,0.22217772429800564,-0.07058606027380046,1.4259784789291503,0.5434782608695652
6185348.707546291,0.43970276165220534,-0.05938036467199657,2.2176693144478006,0.6231884057971014
2990883.6455245493,0.24497291601132987,-0.06791214706827944,1.4666528889935226,0.6159420289855072
3094541.3109452645,0.2534853338408791,-0.055542765336084876,1.7242084781968843,0.5869565217391305
3162673.610645244,0.2589569363601285,-0.07023260247102822,1.6471711158401692,0.5652173913043478
2727701.015821307,0.22224805009377424,-0.12262959941273205,1.4132573692801649,0.5
3963865.1355195013,0.317115237210694,-0.09616540668021231,1.7427697560203104,0.5942028985507246
2322812.997531922,0.18359425775760707,-0.07908909170916821,1.235222559209719,0.4782608695652174
3595450.981873366,0.29166732789520955,-0.08709546966805261,1.6146302589187393,0.5507246376811594
2617224.481103863,0.21218301603903877,-0.06291101779963944,1.3351397670372116,0.47101449275362317
2509138.698702958,0.20200128993006516,-0.06988188073434752,1.4755943483330791,0.5869565217391305
2215150.714480176,0.17241308278236334,-0.07971894985913572,1.2906346311333505,0.5507246376811594
4111478.66718988,0.32678211389872636,-0.07978298096071737,1.7335630604238976,0.5652173913043478
4445477.531632061,0.34767038203548983,-0.10078485146763104,2.04190840651516,0.6159420289855072
3946094.7924365187,0.315932165951067,-0.07392432321647222,1.8171948099394408,0.5797101449275363
3419965.190679667,0.2788050338375947,-0.09463909961394026,1.540144766731141,0.5362318840579711
3404447.4504779493,0.2776424325898257,-0.06466248958914482,1.6452313764998483,0.5362318840579711
3312610.3720521783,0.27067378877401094,-0.07278925465879102,1.8988392284857922,0.6376811594202898
2482518.9311272637,0.19943996083043758,-0.0994623370583254,1.26258687977531,0.45652173913043476
2546466.7577120424,0.20555659230901968,-0.06345316003271281,1.4128196854716433,0.5289855072463768
2111449.5119892657,0.16122436648058258,-0.1345341866840312,1.0392106772039549,0.463768115942029
4543192.043298254,0.3535435043210178,-0.06528353149932078,2.2042369917604514,0.6666666666666666
4075470.134108009,0.32444992470664547,-0.08531693692833014,1.9342407809023427,0.5797101449275363
1497178.9256470338,0.08406354724734588,-0.13618378711861176,0.7275437676896935,0.4855072463768116
5185765.434174553,0.3898328541528857,-0.0555735872,2.4770878169830195,0.6811594202898551
3289077.1661916627,0.2688632307872838,-0.09817308523299344,1.681984661021105,0.5869565217391305
1506681.0746756708,0.08543611288604014,-0.14454965495966748,0.6634120914695936,0.47101449275362317
3244749.6351530664,0.2654244995175601,-0.08940357137923653,1.6697813780794604,0.572463768115942
1802283.464504314,0.12503133709303627,-0.15439462158767459,1.0775072084078365,0.5362318840579711
7312511.451758369,0.48872099055144513,-0.07428263519503653,2.228687286876122,0.6231884057971014
2784803.676041196,0.2273231236409945,-0.08478272610099266,1.537164872042567,0.5217391304347826
2586424.817150559,0.20931648132002567,-0.08653376764206305,1.545467739406579,0.4782608695652174
3615226.019678913,0.29308505050318034,-0.10672669390062035,1.6394948275542156,0.5434782608695652
2572308.737473992,0.2079935588419224,-0.1185322578235381,1.5600705364691458,0.5217391304347826
3851318.4278874244,0.3095493988469904,-0.06826276517506567,1.861221305662962,0.5579710144927537
2872994.9077470093,0.23500003881467668,-0.07391033335093702,1.4540537193168475,0.5579710144927537
3031066.485847969,0.24830035070880196,-0.06867222266188784,1.704428008154612,0.5942028985507246
2485976.692640353,0.1997739013737463,-0.09602355330695544,1.1466304526283386,0.5362318840579711
3520787.3423222243,0.2862576147675149,-0.053690268536287666,1.8738467895671804,0.5579710144927537
4087648.164273221,0.3252405057515819,-0.08022030563582008,1.8121661718977915,0.5652173913043478
3386958.3469313174,0.27632704273597963,-0.060306128794432076,1.7425077981755535,0.5797101449275363
7058586.507913642,0.4782352298499155,-0.07123101745878067,2.311477582325771,0.6304347826086957
2376265.4063123134,0.18899215493545607,-0.09023956276976008,1.182695402572835,0.4782608695652174
2252505.0573838055,0.1763407855707424,-0.08276894480131786,1.3730429022153496,0.5652173913043478
3400280.8032655665,0.2773295422660089,-0.06552257377273148,1.7068533253880094,0.5869565217391305
2626985.0583123085,0.21308580413831146,-0.10717914406281752,1.2902817379251896,0.4855072463768116
1919263.5993564809,0.13927069230763567,-0.11602706305323751,1.037629156953703,0.45652173913043476
2563805.2846141425,0.20719383165328198,-0.06211051852518386,1.4670335575309075,0.5942028985507246
5853435.904389476,0.4239087979892373,-0.05555777327908017,2.1903590860539905,0.5942028985507246
2450186.010947433,0.1962991969328658,-0.09601515751577124,1.4507988964265375,0.6086956521739131
2472230.9319096026,0.19844417033515005,-0.070475322159081,1.6248851514476295,0.5434782608695652
3314809.9281757707,0.2708424881361726,-0.12375456790828845,1.458769759956563,0.5362318840579711
7356726.510395483,0.49051696064894723,-0.05802384614327257,2.4137437848021523,0.6594202898550725
3352183.286348916,0.27369531476823705,-0.1486118734249559,1.7117510294884475,0.5869565217391305
2951067.9862672705,0.24164042264550845,-0.07853798882597841,1.5483573424960557,0.5217391304347826
4037297.892993126,0.3219595269775686,-0.07657133127421979,1.8094967838256653,0.5579710144927537
3764772.0115093444,0.3036101589422415,-0.1073615629752704,1.8535337185426324,0.572463768115942
4687601.240364742,0.36204084709360784,-0.05568147343436787,1.7011779632387973,0.5507246376811594
2817849.6455215192,0.23022220975421237,-0.1304842258388898,1.5214217903804543,0.572463768115942
4836056.808890131,0.37056071338804975,-0.08618599567108368,1.725713898946065,0.5652173913043478
3373242.801995611,0.2752916626832125,-0.08943581831068675,1.8855565059784536,0.6376811594202898
2850292.669075213,0.23304206056696342,-0.07662489037920894,1.525483731773228,0.5362318840579711
8024279.50182644,0.51663547273584,-0.054742864463450155,2.2088961913656955,0.5579710144927537
4021436.096704031,0.32091914383260667,-0.08683880806256139,1.7825543356203344,0.5434782608695652
4986264.00652413,0.37897074874363423,-0.05989805689503615,1.7735674278804672,0.5
3755175.996906202,0.30294492685093855,-0.07268090060823294,1.7280135417715645,0.5797101449275363
2551911.472934973,0.20607168292726197,-0.05557358719999994,1.4139104216263876,0.5434782608695652
3518764.8733693715,0.28610980612224624,-0.0853117193299131,1.6843367040257327,0.5579710144927537
2134923.426771149,0.16379492913759663,-0.10973411656827257,1.2927483270674522,0.5579710144927537
3054833.0954052387,0.2502518256892694,-0.08112507822748047,1.5670266574568883,0.5797101449275363
2857435.8406080934,0.23365947188804936,-0.11009791963835612,1.366401564754536,0.5289855072463768
3817160.6097066337,0.3072182028163588,-0.08936847595678718,1.668082961372439,0.5869565217391305
2941215.1656459146,0.240810212621142,-0.11788488121569178,1.5756786467236146,0.572463768115942
2780305.0133158355,0.22692633560014763,-0.13909860376460315,1.471713328545278,0.5289855072463768
3674006.6032509836,0.29726286560678217,-0.05699361726026972,2.055152855444934,0.572463768115942
2991067.9141178364,0.244988256210531,-0.047492389198925414,1.635255080508619,0.5434782608695652
2760482.6779885236,0.22517183735834623,-0.06891413695271677,1.5101723173709811,0.5217391304347826
5903403.409587118,0.42633156178504694,-0.05076373951809316,2.1863754111763622,0.6304347826086957
3741379.460156717,0.3019861114067681,-0.053957415941364995,1.8807113122279369,0.6376811594202898
5135992.015718101,0.3871546050649357,-0.06747705556336597,2.1217897857020556,0.6231884057971014
5147503.79358753,0.3877758801011817,-0.06445050143929207,1.95153781803184,0.5507246376811594
3688789.8895817497,0.29830516182883726,-0.07585976421630394,1.8101496635091872,0.5652173913043478
3826219.2881441396,0.30783805855379454,-0.05211069478850508,2.1047171083478973,0.6231884057971014
4087966.621004201,0.3252611542316455,-0.07656998459464986,1.74273370478044,0.5579710144927537
2288368.7820817553,0.18006302527567608,-0.09910962252080872,1.3749170448020325,0.5362318840579711
2324511.140315566,0.18376726561932344,-0.0587334021510582,1.4458405112053008,0.5362318840579711
4124374.4386767475,0.3276133697263517,-0.08445911298614651,1.723553564305141,0.572463768115942
3329354.7007169346,0.2719557802116288,-0.07571764900914814,1.7804236708919667,0.5507246376811594
3893131.3186964286,0.31238062637361663,-0.14678206150933729,1.7300546339320428,0.5797101449275363
6131069.571994328,0.43716704107233495,-0.05796687141390305,1.970433087693264,0.6086956521739131
2353497.607136148,0.1867049453898575,-0.07555055598023983,1.446006607328517,0.5869565217391305
3529755.5312178964,0.2869122220940521,-0.04195772331213018,1.9255659433278527,0.6159420289855072
2811642.3874349403,0.22967973622027582,-0.06673576206228438,1.537610870808478,0.5362318840579711
4065095.6977751637,0.3237749383461661,-0.10823937256068629,1.7019724668608796,0.6086956521739131
3917873.4573055576,0.31404452456964327,-0.05787744687293532,1.8238558686865203,0.5434782608695652
3971508.1849231566,0.3176227732255539,-0.07527829748308679,1.695570859891371,0.5434782608695652
2474976.6118805483,0.19871025254320984,-0.10216179374166175,1.3142104713700489,0.6014492753623188
3777849.2922403053,0.30451454510644616,-0.06514414926366448,1.9310144665344795,0.6014492753623188
3442082.4920713627,0.2804548069673687,-0.11180470322428165,1.72302413157098,0.5869565217391305
2186552.101878325,0.16937004893533536,-0.14191803097693922,1.3390692851372226,0.572463768115942
3012174.197657716,0.24674035408031325,-0.08689555400487678,1.6216337175571909,0.5579710144927537
3017920.059809892,0.24721563459422047,-0.08210619368660277,1.5327345678917195,0.5362318840579711
2739416.772569231,0.22329618714194033,-0.09202261877033663,1.4428537663006604,0.5217391304347826
3714885.4637674806,0.30013690360626377,-0.06432071561241517,1.6808084510748265,0.5869565217391305
1787224.8309216886,0.12314502554543494,-0.09659977885305175,0.9640551503241245,0.4927536231884058
4058572.1627319744,0.3233497950532107,-0.05194921772682461,2.0326896184238974,0.5869565217391305
3043237.273621294,0.2493012166145374,-0.09619065848985457,1.393714313410122,0.5217391304347826
3469673.4470011084,0.282501023877606,-0.061231145499101074,1.6813714353756175,0.6159420289855072
4350317.669671617,0.34185069126634304,-0.1032863967698698,1.9381951973472493,0.5797101449275363
5740700.283114938,0.4183812274706946,-0.03313765726923306,2.4286839526365736,0.644927536231884
2272966.947948853,0.17847025188577348,-0.09356066810417304,1.3685818298242796,0.5362318840579711
4589925.721507761,0.35631676975786664,-0.14801383351805802,1.7326537164078832,0.5652173913043478
3105786.283527426,0.25439499788112774,-0.06502936912843711,1.7229537134033566,0.6014492753623188
2510230.9503641594,0.20210592020507412,-0.10010088624385259,1.303960358234766,0.5362318840579711
2663807.2797822338,0.21646763944534775,-0.052431498592567086,1.5915327565207535,0.5652173913043478
2502754.792494897,0.2013890252701569,-0.06677222571669496,1.219485963304674,0.4855072463768116
5905891.569131721,0.4264517752305119,-0.06087275473275759,2.0214542975717538,0.6014492753623188
4989495.027208012,0.3791494127141517,-0.05690392060731434,2.065015551320512,0.6376811594202898
2823476.460486845,0.23071313092954582,-0.07048282437451511,1.7297145467685273,0.6014492753623188
3045346.3565913904,0.2494743315942194,-0.09666367140051095,1.553084428399412,0.5652173913043478
5572603.601863951,0.4099757075408381,-0.06779213165810379,2.09701184055988,0.5797101449275363
3141926.947483989,0.25730087159958304,-0.10658896931864806,1.6084481684310263,0.5652173913043478
2891787.6835786426,0.23661149939630266,-0.07789153052710661,1.4623093355517254,0.572463768115942
3455020.7894630022,0.2814159723144378,-0.07909668154598636,1.8822751805445233,0.644927536231884
2006217.072859346,0.14941162279663134,-0.10247095090579185,1.0294937494790124,0.5289855072463768
2658455.993296956,0.21597849715080275,-0.09873780842628989,1.6147118234531161,0.5797101449275363
1909663.8918613154,0.13812873219736876,-0.06831089210064133,1.030306512548225,0.5
2516191.226292835,0.20267623328776563,-0.11959291808195367,1.377184254744717,0.572463768115942
5380163.080172545,0.4001001043929444,-0.08164431527397047,1.9534196299372166,0.5579710144927537
2465777.728614011,0.1978178622194846,-0.06360459529739099,1.3352003457493156,0.5217391304347826
3333642.0854276097,0.2722832044358465,-0.0962707082923408,1.73336130073549,0.5579710144927537
2003875.8634200708,0.14914323006904606,-0.16865650691298226,1.039544106684542,0.5072463768115942
5407281.143968493,0.40150867453537,-0.07495967540928028,1.8182294707745272,0.5579710144927537
2285616.780282584,0.17977905890432777,-0.0861603543160535,1.3086420519365787,0.5
2060394.9546082641,0.15555360172236954,-0.2160980256517988,1.21537483657126,0.45652173913043476
1853002.0477336522,0.13129320829301272,-0.09705972736319061,1.085143897762527,0.5507246376811594
5940275.61512035,0.4281088784585412,-0.05300262420148745,2.4405748800722833,0.6159420289855072
4778796.194892396,0.3672996475233983,-0.0953378676370222,2.018388360125704,0.5797101449275363
4494970.106937035,0.35065789520047397,-0.05513714250637139,2.0155563876670004,0.6811594202898551
5520925.941854538,0.4073508647405619,-0.10505136492201328,2.166930021456975,0.5797101449275363
4208080.384874167,0.3329590434415819,-0.05876254235488034,2.072758006198237,0.6594202898550725
2642764.2573670903,0.21453961502484753,-0.1324942287898563,1.5117779201910386,0.5144927536231884
2905791.9415111393,0.23780691060541082,-0.09960081975911493,1.3665200231414736,0.5
3145159.8411756908,0.2575595057559319,-0.10255300035936321,1.628950634079862,0.572463768115942
3414658.2588006184,0.27840791005712373,-0.0781628040145944,1.6620334038216336,0.5507246376811594
3785927.3818320767,0.3050719513366522,-0.061956602741214374,1.580928676963257,0.572463768115942
2799859.1299775415,0.22864731588315923,-0.07333166933858239,1.5261274885184368,0.572463768115942
3379224.1805549674,0.2757436074773101,-0.1020428065264453,1.6266131577928111,0.5507246376811594
3369803.305062071,0.27503148859425,-0.09999766982292387,1.4297878278802847,0.5289855072463768
1921192.6149129365,0.13949961217947293,-0.08833142948993848,1.1449183950710706,0.5289855072463768
2153106.697273655,0.16577063188527852,-0.0781621911426254,1.2468935483027663,0.5072463768115942
2868325.549255343,0.23459833879870895,-0.13133304822554528,1.4700294458120096,0.5942028985507246
1954083.0768921527,0.1433747699681367,-0.09504690164007465,1.0631042392098746,0.5217391304347826
2702752.6252233447,0.22000401399694414,-0.06996261364597456,1.4567937257865966,0.572463768115942
3332389.8288213518,0.272187605421079,-0.0625043863616018,1.4974256311218719,0.572463768115942
1849046.4009294414,0.1308097957222789,-0.10684608624754918,0.9263686011338329,0.5
1880250.6212821514,0.13460096386533893,-0.1222615620786387,0.9888001216918596,0.5289855072463768
2446113.0124230385,0.19590120527348165,-0.10687239118491702,1.252597436373635,0.5362318840579711
3510306.0384283196,0.2854908692527529,-0.10148755548227428,1.519341989609375,0.5579710144927537
4292234.305016741,0.33824825035309103,-0.09343819349126783,1.6900573139543995,0.5652173913043478
2535195.716679876,0.20448750325443643,-0.10249611667812886,1.5397532415039805,0.5289855072463768
3350021.215941875,0.27353097234159485,-0.07813721987729723,1.4185935970560233,0.5579710144927537
1656916.7019003679,0.1062674523492908,-0.08047023043654299,0.9347872393310538,0.5217391304347826
3668403.958924732,0.2968669741100334,-0.10165053567592554,1.594344310572952,0.572463768115942
8125354.836255668,0.5204371312826999,-0.04447999999999999,2.360236280883152,0.6376811594202898
4357502.119143643,0.34229360588209845,-0.06858990422283216,1.920158982411329,0.5797101449275363
2267415.4888681443,0.17789403319284158,-0.04769918983262803,1.3824071430188092,0.5579710144927537
6429729.093412616,0.45090352220979435,-0.07267476505298574,2.0251328574251244,0.5942028985507246
3935613.2276950884,0.31523234969922664,-0.0682257516606016,1.8551432449218201,0.5797101449275363
2349279.1410497045,0.18627922431666621,-0.13739964187085413,1.196019067075692,0.5144927536231884
2036947.469468186,0.15291148581050473,-0.15201607579358795,1.1965812564438831,0.5507246376811594
8214625.216600164,0.52376344549027,-0.046662486356974474,2.319502617318462,0.6159420289855072
3519334.3293457404,0.28615143069998994,-0.10038879630360964,1.6729117418908535,0.5652173913043478
2844788.394464559,0.23256546032958614,-0.050800946596247024,1.7684850203571696,0.5797101449275363
2295312.0566492244,0.18077825750275522,-0.06961711784297844,1.4403636041854337,0.5652173913043478
4790102.246106736,0.36794600909747865,-0.06616433345118317,1.9134397295352672,0.5942028985507246
2336753.0707631665,0.18501149840972198,-0.11315163885070909,1.250487644237304,0.5289855072463768
4759450.5527421925,0.36619082323987917,-0.07675337417628635,2.031291907654518,0.5652173913043478
3545797.7760441867,0.28807986848722944,-0.06031573550447716,1.6051365376926714,0.5507246376811594
2497575.274749771,0.2008913517987423,-0.10916451153508097,1.3348430735913916,0.5362318840579711
2417467.5325428187,0.1930870450512805,-0.14042519605706605,1.25146640781484,0.5072463768115942
3415466.9830297655,0.2784684596900284,-0.059239837100571575,1.7494576400599384,0.5869565217391305
2790140.7689951137,0.2277931978450518,-0.06537223269455704,1.563334752783009,0.5942028985507246
3409296.5601419816,0.27800618627369644,-0.06846075439938173,1.6152087421312193,0.5579710144927537
3125540.7230120483,0.2559866762603913,-0.09126951481906813,1.435515149182903,0.5579710144927537
1871247.4668164523,0.1335123208004665,-0.1428036637710647,1.238486640285495,0.5217391304347826
3343917.422268521,0.2730665548782447,-0.08185579534292299,1.8494097234653406,0.5652173913043478
1810178.3415222922,0.12601525133733182,-0.14719464452768324,0.8847320440597761,0.5
2967230.392063834,0.24299749589759023,-0.08211434979754173,1.683697966605406,0.5579710144927537
2200740.7694400284,0.17088374748409407,-0.1187402890424874,1.3835432566850276,0.5144927536231884
2738714.427280797,0.2232334537566798,-0.14103143260548914,1.4751755985461568,0.5652173913043478
2347520.0688821273,0.18610152078111408,-0.08130508492806927,1.4893863366983282,0.5579710144927537
5012440.5861832835,0.38041556498765927,-0.05184371143097497,2.022990731521857,0.6086956521739131
3072059.3965257397,0.25165869787236983,-0.0652460078581669,1.9293675116665365,0.5579710144927537
3641403.3875177265,0.2949522613805955,-0.07762869396350493,1.723371578001068,0.5797101449275363
2442094.574958158,0.19550802514143029,-0.12217829208528005,1.1867359178991992,0.47101449275362317
2397896.968465779,0.19114903634472413,-0.08521537977413764,1.3639120267811558,0.4927536231884058
3488916.2607520083,0.2839204290429622,-0.07520901802800285,1.6428659121574316,0.5652173913043478
2810643.1228538603,0.2295923175547201,-0.055853277321326875,1.5230443461647722,0.5072463768115942
3224822.628144912,0.2638663949523494,-0.0943041255229102,1.4896933091443505,0.5942028985507246
2939719.732356129,0.24068401128710293,-0.07823179413987816,1.5280592210169706,0.5869565217391305
2872157.3509165356,0.2349280231381552,-0.08447555935450445,1.6124056445196782,0.572463768115942
4264040.277569172,0.3364855257282471,-0.09701902882836017,1.7469281339357736,0.5507246376811594
6175861.718667369,0.4392608518393244,-0.05673932159999996,1.8727380219916197,0.572463768115942
3279734.666801678,0.26814157877987155,-0.06800926907687667,1.516167084450022,0.5144927536231884
5699137.856687621,0.416321449741764,-0.06379708202558339,2.0638976459516307,0.6231884057971014
1947385.6014450605,0.14258992671402382,-0.07541248732241236,1.2535641645668252,0.5434782608695652
3257164.699035922,0.26639137452923833,-0.062493409188864014,1.7147944599087492,0.5797101449275363
4450580.816724048,0.34797965770727624,-0.08651004157417923,1.8239221673595336,0.5362318840579711
2031332.5520235735,0.1522751755949041,-0.06780701358537325,1.1895251666587203,0.4855072463768116
4461770.755364619,0.3486568125887113,-0.07451745486267833,1.7909123444183552,0.5869565217391305
2565871.8182461634,0.20738837862003612,-0.09770973493356662,1.3841589759053172,0.5579710144927537
2960105.2285035057,0.24239996362562932,-0.05931150580239354,1.8458686079310012,0.6159420289855072
3239406.232838961,0.2650074485045899,-0.08164279211876804,1.9417662791847317,0.5797101449275363
2632404.28488136,0.2135858883617876,-0.09227828891489048,1.3896217481984825,0.5072463768115942
3023467.6414237,0.24767382755675604,-0.14877688537706177,1.5933050126506705,0.5434782608695652
2649962.1431391444,0.21520048432804306,-0.08288844202355773,1.2739337932715402,0.463768115942029
4643988.153449753,0.3594968969294845,-0.0724333782515406,1.7583717579686962,0.572463768115942
2661872.6858553193,0.21629089581384697,-0.09377772181122931,1.4748838170619496,0.5507246376811594
2310231.7750150496,0.1823093131485931,-0.09991929953713144,1.2443081753966854,0.5434782608695652
3675323.4034370836,0.2973558426381542,-0.05657388194292486,1.8973129258545125,0.6231884057971014
4554819.060824778,0.354235598695988,-0.10620537941006396,1.9594928026148812,0.572463768115942
6832957.614199999,0.46866161860852573,-0.06853600220185599,2.282478420393477,0.6231884057971014
3424230.1136072706,0.2791238257572004,-0.09804123367638409,1.437776503549088,0.5217391304347826
3138950.447754397,0.25706256086228585,-0.1096541284309466,1.5443987635612,0.5579710144927537
4601701.225635726,0.35701198576098436,-0.09636552707070739,1.7278520307571756,0.5217391304347826
3825164.8957393826,0.3077659703414555,-0.07196104145537097,1.7999476537163668,0.6086956521739131
2789836.8455819315,0.22776644855961492,-0.05308005519838843,1.620944813200927,0.5362318840579711
1691560.864814312,0.11085538788704974,-0.11994660168918929,0.887030667760069,0.5217391304347826
4579966.509629278,0.3557276715497486,-0.060116089983708404,2.004003500254547,0.5797101449275363
3872075.962308911,0.31095798670983865,-0.07250829007293061,1.707370876310933,0.5289855072463768
3139191.997553696,0.25708190706531386,-0.0528629431844486,1.5748386225882,0.5434782608695652
3347400.610019793,0.2733316621054176,-0.06202616949989966,1.9301727346388329,0.5869565217391305
2420638.7983028414,0.19339990239116345,-0.06550303137968107,1.6159251221374238,0.6086956521739131
2052198.7464351607,0.15463278172604045,-0.13547151556615916,1.0188731104554616,0.5144927536231884
2940450.6522893123,0.2407457008753202,-0.1065621648541407,1.6400063556812112,0.5507246376811594
3852232.329459258,0.30961154305523575,-0.060471852123234415,1.7909795337137315,0.5507246376811594
2846859.5895217624,0.23274488600153687,-0.0629690681311934,1.8010298829799471,0.6231884057971014
2842697.2873681933,0.23238420364619938,-0.057083707347999654,1.790449628647513,0.6376811594202898
2445453.697471663,0.19583673069166996,-0.12023397236892029,1.1997783988417685,0.5072463768115942
4923700.2954278495,0.37549280160877196,-0.04874226211599156,2.238350926238468,0.6376811594202898
4245568.97693125,0.3353256158010871,-0.058830142044053554,1.9893886542677115,0.6086956521739131
2577188.966616826,0.2084515766929642,-0.07527173862713446,1.5041528472165189,0.5434782608695652
5985941.285602539,0.43029786552746496,-0.0770998609599339,2.0516884096983854,0.5507246376811594
4537133.718598172,0.35318232286781726,-0.08505090607387432,1.7542141115894687,0.5942028985507246
3739049.4871628056,0.3018239066119808,-0.09192839754324901,1.5536040627944527,0.5144927536231884
3034213.344849646,0.24855944069662295,-0.08469773162875771,1.675581982716582,0.6086956521739131
3621051.2332301773,0.2935014917636638,-0.1017051592773746,1.4492511424470007,0.5579710144927537
2173153.255095576,0.16793338004956948,-0.1322128322986585,1.1052139937438819,0.4782608695652174
2681192.646832577,0.21805136817918225,-0.11332443285272746,1.6504312127999359,0.6231884057971014
4747115.350885987,0.3654819289178186,-0.06036353600297357,1.8651401934975398,0.5652173913043478
2712295.4250351693,0.22086431073750923,-0.10492942156053177,1.2822059951223934,0.5507246376811594
3696385.1307306285,0.29883936570639946,-0.07176431881799328,1.7849420761750618,0.6304347826086957
3079093.3412184766,0.252231346031377,-0.08296706167325332,1.6717077839697918,0.5579710144927537
2254942.8705220385,0.1765952985070134,-0.11269751183424614,1.2237827229165952,0.463768115942029
2691808.9399592145,0.21901442902241564,-0.05394359470403385,1.4436898815033512,0.5507246376811594
2631238.528321148,0.21347838235347893,-0.11560528562234511,1.3025422421121708,0.5072463768115942
3107651.5386886704,0.2545456331568048,-0.061554546111180365,1.753889246556282,0.6304347826086957
4714178.893678415,0.36358184974019037,-0.05628258047405506,1.9630180001777762,0.5869565217391305
3285300.4848828074,0.268571702536073,-0.07043509741424667,1.657872302301415,0.5579710144927537
2707320.1623792984,0.22041608653146927,-0.0790949201037218,1.4582451317387999,0.5362318840579711
2259834.826022537,0.17710536584637393,-0.07816602902192202,1.3834912749535095,0.5579710144927537
2379347.9991749465,0.1893004772591551,-0.08118245051782697,1.2978154384547926,0.5072463768115942
2943228.886937266,0.24098007179828884,-0.08806926446100241,1.565598903003499,0.5289855072463768
2289099.708257443,0.1801384002572639,-0.1034116172770416,1.2738416621073125,0.5942028985507246
4521314.850023393,0.35223742108228207,-0.068546745726527,1.8101664637273434,0.5869565217391305
3145938.5696132015,0.2576217728854182,-0.06293537176163486,1.4692944228362235,0.572463768115942
3454533.075905209,0.28137979312640304,-0.12870481898046937,1.7066829990173442,0.6086956521739131
3875653.262253016,0.3112001285412622,-0.07427905587871954,2.00789476791026,0.6086956521739131
2947093.346471405,0.24130578214743048,-0.09384489820924359,1.3731532968343731,0.5652173913043478
3210767.195448246,0.26276275344863653,-0.05733664331176456,1.7239715335652017,0.5652173913043478
2714458.5584112797,0.22105898350374686,-0.13147077040101993,1.7232099064455588,0.6014492753623188
3603763.6493114345,0.2922640421877154,-0.10875907533359334,1.5918500707298218,0.5797101449275363
4768916.787810555,0.36673384419136745,-0.04908683480638139,2.0121630169111504,0.6159420289855072
3148285.005518544,0.25780931938815543,-0.12441146985244401,1.5458718424927997,0.5217391304347826
4330971.483117867,0.3406551006336427,-0.07701181937916213,1.8321774799003545,0.5362318840579711
1891091.2576504895,0.1359062715877024,-0.1199270163781548,1.1926681615747703,0.5362318840579711
2842443.938202461,0.2323622361548079,-0.15978994018840814,1.4194272461525126,0.572463768115942
1580046.85354888,0.09580680496831495,-0.22436904104051378,0.837434670000668,0.47101449275362317
3742591.216241414,0.3020704378033112,-0.11189158144954266,1.6672682792577578,0.6086956521739131
3799980.6488636015,0.30603939478960607,-0.07530605500976763,1.9559581302436202,0.6376811594202898
2506120.7968076235,0.2017120059255808,-0.0632406698577696,1.2960920711326536,0.5434782608695652
6633930.547730999,0.4600044654839017,-0.054960758239623986,2.259393896866148,0.6086956521739131
1809581.6763157905,0.12594101083778142,-0.1080477568353674,1.2383516367089855,0.4927536231884058
3336978.801819714,0.2725377938290465,-0.054639821024837686,1.7139973288164807,0.5362318840579711
2566940.316628942,0.20748891970573546,-0.10590020313473435,1.1506875440905409,0.4782608695652174
3044755.4897530675,0.2494258425118736,-0.07131841203892682,1.5644648812375226,0.5289855072463768
1999634.2639696482,0.1486563398859917,-0.10341484548028787,1.0662994886399828,0.4782608695652174
5204457.198842035,0.3908333257215115,-0.10799206365420591,1.8085265517024511,0.5797101449275363
1996836.9446093522,0.14833478527359278,-0.09077901110420417,1.02826694998409,0.4927536231884058
3844396.7179349028,0.30907834746106433,-0.10310222378849566,1.595197135198174,0.5289855072463768
3853500.4107712833,0.3096977515264514,-0.058410472953087815,1.8604692413743682,0.5579710144927537
4814778.847863881,0.36935253080187036,-0.07677289466053008,1.9233915407055828,0.5942028985507246
4048099.7315128776,0.32266615483194094,-0.06362881596391354,1.7474255466592974,0.5942028985507246
3979229.643327518,0.31813472314653657,-0.07066490346854565,1.7922761101637168,0.5362318840579711
2594675.4195911647,0.2100870339761951,-0.1395769857829154,1.3300322385401098,0.5507246376811594
4218349.3672580235,0.33360897357358765,-0.09774452448775496,1.9011744458452389,0.5942028985507246
2459792.7747789915,0.1972358263915075,-0.11153748328210525,1.3191292216760042,0.5434782608695652
2861677.734881626,0.23402553073916632,-0.08565438918890181,1.4802813229375225,0.5579710144927537
2886709.557656998,0.23617688349652988,-0.06890686706811734,1.5563691584123907,0.5507246376811594
4197362.457059887,0.33227934463091624,-0.05826166116417248,1.8006554986091368,0.5217391304347826
3824868.4469546173,0.3077456994427108,-0.06793519346569925,1.6773110728102327,0.5942028985507246
4963222.734296427,0.3776939558283843,-0.05401022810706352,2.232171878604831,0.6376811594202898
4335779.679055002,0.3409526445804847,-0.09898488158200472,1.7807181338355322,0.5652173913043478
3509034.7843386815,0.28539774789605077,-0.07629329667181481,1.4162659138325198,0.5144927536231884
2659341.792453662,0.2160595193080932,-0.11184958113412578,1.3894032794982119,0.4855072463768116
3161409.9123754892,0.2588563128855741,-0.07236590757087627,1.740175965264287,0.5217391304347826
2463644.8966717864,0.19761057438967788,-0.1529087961043669,1.3103875586303797,0.4927536231884058
1909129.4703879638,0.13806502375792595,-0.0825027052857879,1.1521274132936274,0.5072463768115942
4030302.4864305793,0.3215010985629927,-0.07339270784454095,1.7389227168286148,0.4927536231884058
2971157.731269417,0.24332636084626813,-0.08226145721588941,1.4873263190495454,0.5
5334312.715013902,0.3977055651589483,-0.07342995193202977,1.9143628574781535,0.5652173913043478
3968006.415488678,0.31739033561688923,-0.086639152839845,1.7676274394640283,0.5652173913043478
3261511.9854819514,0.26672924072561766,-0.07168197044287444,1.5133689372393775,0.5652173913043478
3069378.522024355,0.25144016617288045,-0.13584092572968767,1.5627315685951582,0.5217391304347826
2788759.176062349,0.22767158057697,-0.08341536949361092,1.5957592169794053,0.5507246376811594
3197067.6447163005,0.26168333025373713,-0.06287717297407466,1.5203663672533319,0.5652173913043478
2619067.4264731365,0.21235368218739792,-0.08536647745620353,1.4049281183268472,0.5362318840579711
2832417.4969922914,0.23149159955535992,-0.10494402493302402,1.628384385349135,0.5507246376811594
1975549.9751852558,0.14587594913717195,-0.11049121178499306,1.0253888659488306,0.463768115942029
5321558.451941852,0.39703654632621266,-0.08133637536676787,2.2969041774903145,0.6086956521739131
4589199.469695658,0.35627384575774856,-0.1189414843565172,1.6822130484507576,0.5579710144927537
3666109.1200981718,0.29670467760723485,-0.08316001195165057,1.6404659234509316,0.5579710144927537
6799096.918623094,0.46720313531508517,-0.07005133918328983,1.9631728134573652,0.5942028985507246
4217026.266501847,0.33352530480620746,-0.05738687112047991,1.910356924146616,0.5869565217391305
4034992.146485288,0.3218084952625495,-0.06330863790691646,1.7667026708427387,0.5942028985507246
3060556.3563568788,0.2507199469172643,-0.08633437401711895,1.7362769388646715,0.5434782608695652
2963260.482464939,0.2426647121235994,-0.06680391672913327,1.5579739739935035,0.5289855072463768
4204589.718249046,0.33273782807236696,-0.07168523702531393,1.8611566072331645,0.5507246376811594
6743100.461137471,0.464778396214484,-0.058106846107446375,2.330651333338516,0.6231884057971014
2113677.378460299,0.1614693130568956,-0.10530636240368207,1.0985238163703244,0.4855072463768116
1801644.6876243968,0.12495157761837938,-0.11566490236632139,1.0935202496579655,0.5434782608695652
4819413.349025619,0.3696160454532118,-0.09886290684182138,1.8747112986406917,0.6014492753623188
4283884.616922789,0.3377271855866639,-0.07607911012177927,2.021687365965309,0.6304347826086957
5925417.3863721015,0.4273937456388506,-0.06785068629810989,1.9527871456501542,0.6159420289855072
4631311.202303856,0.35875386640495743,-0.060945146316631844,1.6604453090021516,0.5579710144927537
2904473.111586568,0.23769453137988505,-0.04975511673342746,1.5354835042854742,0.5217391304347826
3743048.829801566,0.3021022775589399,-0.0722923477790852,2.053092604435311,0.5652173913043478
1983558.3958897612,0.14680346935856003,-0.1385831271916035,1.12488444750397,0.4492753623188406
3348883.836150829,0.273444484224006,-0.0888909677535029,1.4988032693839195,0.5942028985507246
1566446.6382762773,0.09391385013351061,-0.10171818848445385,0.841196965595873,0.47101449275362317
3694662.1645040773,0.2987182596179383,-0.065820467115563,1.763222938864475,0.572463768115942
2007954.1607312069,0.14961059805821852,-0.13436967960427687,1.0445487085873337,0.5144927536231884
2559423.8291579834,0.206780938723091,-0.1077024950104822,1.3821711654484274,0.6014492753623188
4196819.12788283,0.3322448513637417,-0.06971168391862001,1.9523050765507857,0.6086956521739131
4144215.45743498,0.3288882617328299,-0.08810932146343978,1.9015201374478208,0.6086956521739131
2181501.720655045,0.1688293594695065,-0.13709796794698884,1.0847064516408953,0.4927536231884058
4344317.435487297,0.3414803337573,-0.08941033055820415,1.9271260660445,0.5362318840579711
2441281.513486183,0.19542840897922753,-0.08552956622647333,1.3906887317221597,0.5434782608695652
2335131.0330942227,0.18484693954142628,-0.13435543628553992,1.2153471995615555,0.4927536231884058
4733693.956604364,0.3647089360145188,-0.09837681487432832,1.823838236430065,0.5434782608695652
2446972.122598929,0.19598519702557082,-0.056398774037090496,1.313206354952467,0.5144927536231884
1968903.682368264,0.14510390118941197,-0.07651447242277629,1.1490338807121805,0.5217391304347826
4363167.272651922,0.34264244554708245,-0.09189285964460518,1.9530102525867599,0.6159420289855072
5024388.945048538,0.3810730489435661,-0.09281583084694316,2.2052699329495686,0.6376811594202898
3832719.039890984,0.30828209230132075,-0.060484959999999935,1.8526204667308979,0.572463768115942
2628675.9766599876,0.21324192996878955,-0.0887659269952153,1.4495637655813296,0.5144927536231884
6161575.177492975,0.438594350120614,-0.06397346834967203,2.287019588443845,0.5869565217391305
2882137.7753349496,0.23578507994811915,-0.06187743343716243,1.6421645843039596,0.5434782608695652
2771182.1821158165,0.22612011026980494,-0.05745710007514328,1.3733206941178053,0.5434782608695652
2739683.6665888876,0.22332002270555318,-0.0957715128374472,1.4720983949586994,0.5507246376811594
3936183.6441309103,0.3152704726861715,-0.08907097786500064,1.7179328403735536,0.5652173913043478
3518637.8943180814,0.28610052381062556,-0.06459823981214972,1.695237291959543,0.5507246376811594
4386375.826785631,0.3440677725435368,-0.06509513192390962,2.069895053047747,0.5579710144927537
2387583.6746264133,0.19012264869710727,-0.06293311893745826,1.3844797024032107,0.4927536231884058
2022501.5328483607,0.1512715481274507,-0.11458506954239786,1.0334334323771965,0.463768115942029
5774484.958368124,0.42004677831581083,-0.06256874174636083,1.9331169984365646,0.5579710144927537
2852376.9043420656,0.23322233667756964,-0.09963546250083542,1.4904029683991287,0.43478260869565216
2160858.631723128,0.166608861692372,-0.09990953194193151,1.2047824233547526,0.4855072463768116
3818660.774413499,0.3073209354286359,-0.07196328873964344,1.6913729892040366,0.5362318840579711
2141878.5480624167,0.1645522216492461,-0.08568893359102937,1.221776459397514,0.5652173913043478
3505184.2056132997,0.2851155221862518,-0.09962698638889415,1.5084975278942034,0.5072463768115942
4793386.602458533,0.3681335454058856,-0.1027047178024493,1.7435609238319814,0.5
8593389.283395234,0.5375629207681503,-0.04740856111831108,2.5032053514545867,0.5797101449275363
3554436.4827844067,0.28870689331205623,-0.05820446045956484,1.6138729399294873,0.5579710144927537
3369098.418043193,0.2749781425516109,-0.0705419430151001,1.6807870177733155,0.5869565217391305
2110086.16599871,0.16107436908545547,-0.1318665357775172,1.0759973780563568,0.5072463768115942
4809779.600752465,0.36906804933853565,-0.041559878329728496,2.005066195300049,0.6014492753623188
1821360.353933054,0.12740297313323978,-0.10768827834607472,0.988881840220591,0.5144927536231884
7946885.174804016,0.5136985244606302,-0.0692510696458875,2.3233979434361354,0.644927536231884
5005435.754504915,0.3800295259592825,-0.055360474455961664,2.054505855299891,0.6231884057971014
2009060.4187312769,0.1497372429560888,-0.089432255886392,1.1949255088068886,0.5434782608695652
3147498.735295663,0.2577464866507049,-0.10010767595203475,1.4968106435691313,0.5869565217391305
3720715.6969755194,0.30054474106670814,-0.0832398916303485,1.7088365496449343,0.5797101449275363
2363738.7548032687,0.1877359319447789,-0.1307399612748689,1.3484992743246633,0.5434782608695652
1941135.9230053704,0.1418556084534992,-0.09671473331549368,1.1234133655200245,0.4927536231884058
6115009.341418864,0.43641332408311895,-0.08009035216574552,1.9146767884820874,0.5362318840579711
2804560.939969292,0.22905969303654006,-0.07794279220954446,1.5579376819680515,0.5579710144927537
3962574.0426013786,0.3170294250200958,-0.04668215542276835,1.8573968174980617,0.6086956521739131
4002282.856203521,0.3196584887430167,-0.08562647713582348,1.63701553731843,0.5434782608695652
3157045.081271874,0.2585085103304079,-0.10656431451513423,1.6473515062364277,0.5942028985507246
2516919.947548278,0.20274588731203846,-0.06283299348484414,1.4191742079936438,0.5144927536231884
2495179.5367729655,0.2006608782216548,-0.11746352347475837,1.298131558138998,0.5217391304347826
3983573.199059583,0.31842236140544133,-0.08530012036311524,1.5829642345472714,0.5652173913043478
4341590.888138296,0.3413119055394078,-0.07093843279763336,1.7758694140568674,0.5507246376811594
3346574.3819468333,0.2732687974307493,-0.07009662131469671,1.4833121012089963,0.5289855072463768
3660205.6046760674,0.296286793066584,-0.06622201829733815,2.065086332948098,0.6231884057971014
5970733.061471109,0.42957034651992676,-0.0947560146099092,2.119832110274016,0.5797101449275363
3965086.7007239033,0.3171964076739242,-0.08157006858093764,1.8539419685932355,0.6014492753623188
4332635.144611384,0.34075808231563753,-0.06792491076244299,1.5798275205479468,0.5652173913043478
2796406.244825879,0.22834412403195348,-0.10188394359339839,1.563540934351072,0.5942028985507246
4477757.094458201,0.3496218667348283,-0.09623713519013102,1.850404929020301,0.5652173913043478
2305891.738831382,0.18186475814977077,-0.08721621886582981,1.3285549214964292,0.5362318840579711
2788417.2797834296,0.2276414770862285,-0.10469062952897044,1.5531054105508308,0.5652173913043478
2074204.141041015,0.15709841688529602,-0.11483496099218238,1.112111668034175,0.5217391304347826
2288318.575024618,0.18005784708829942,-0.09577056619187664,1.18863730302089,0.5144927536231884
2240406.394921308,0.17507438872232073,-0.13264940282562895,1.277993918193261,0.5434782608695652
6393769.696895799,0.44927699258274556,-0.11123026293149582,2.15954519740512,0.6231884057971014
3807063.189009091,0.306525880840548,-0.10398405132740289,1.8134981781519308,0.5797101449275363
5544034.117842827,0.4085270080236876,-0.06378924000430981,2.241572331464461,0.6521739130434783
3037743.340898635,0.24884981976985676,-0.08304616472021306,1.5677956442365233,0.5869565217391305
3475597.273202794,0.28293865180946853,-0.085203506018811,1.4729314892114351,0.5289855072463768
2417589.339804181,0.1930990678590052,-0.06186123334473329,1.3273354056518147,0.5362318840579711
3598758.6726635327,0.29190489835942834,-0.1235515158147503,1.7677656486123512,0.572463768115942
5349707.78084155,0.39851140361501214,-0.0705453990660371,1.73701978322804,0.4782608695652174
4257777.9390776465,0.336092731792484,-0.067493293004959,1.9167641965326108,0.6014492753623188
2874523.25866178,0.2351314077858444,-0.08802510946719404,1.5391000327656346,0.5579710144927537
4005190.3302980014,0.3198501672709253,-0.04774026213892621,1.719859001690596,0.5797101449275363
4391041.396594344,0.34435357458040183,-0.10707679135421869,1.7470071567500507,0.572463768115942
2673313.361788985,0.21733462180997565,-0.08793566706426469,1.4298859454291404,0.5869565217391305
2637126.3695713743,0.21402096954356553,-0.09819636401382083,1.5039555082151697,0.5072463768115942
3238483.4064677954,0.2649353664503302,-0.08871629207483542,1.5904437564607388,0.5797101449275363
2827947.876242651,0.2311026895114756,-0.14271783960181258,1.4204241183014592,0.572463768115942
2022109.049975363,0.15122686193701163,-0.058437745562677244,1.2876808617899154,0.5434782608695652
2334065.9717198145,0.18473883725644535,-0.1305999553158433,1.4082469377440023,0.5579710144927537
3665450.9423364755,0.296658114700902,-0.0636439581337291,1.9526216843156514,0.5507246376811594
4400705.878585616,0.3449448264715862,-0.06725655631120961,2.0711893847351925,0.6014492753623188
3849533.1553857606,0.30942796842319575,-0.13158526580269578,1.7473735243925705,0.572463768115942
2455935.4471832914,0.19686010122156516,-0.11628207466990559,1.278118014727655,0.5
2259161.791315067,0.17703524327352804,-0.10080079352233937,1.328897454135833,0.5507246376811594
3093916.3018499026,0.2534346960915981,-0.12287275050526508,1.3913483485458933,0.5217391304347826
3171146.6958979457,0.25963078625413005,-0.061864710545483474,1.635195119861411,0.5144927536231884
3268507.333731172,0.26727215577305063,-0.100466873135259,1.378151875106266,0.5072463768115942
2235043.722036906,0.17451131394784558,-0.12221233389945094,1.215399512118874,0.5
3249060.30793662,0.26576054606404953,-0.05397263903590349,1.6352544874029775,0.572463768115942
4314066.797911544,0.3396068914941679,-0.07809941452160507,1.870495417024955,0.5507246376811594
2802932.7324807295,0.22891695204307738,-0.06313466557680326,1.787429935497243,0.6014492753623188
2555779.2920728233,0.20643705936155343,-0.11414570574205021,1.2840793078658148,0.5072463768115942
2083282.853135426,0.1581095632241043,-0.11927573956148478,1.1430149827720881,0.5217391304347826
1473194.242275513,0.08056775216359258,-0.2925493887902826,0.7371997110132005,0.47101449275362317
3179066.2670594053,0.2602593150617585,-0.10822015022398278,1.6969678167088393,0.6014492753623188
3408158.126007344,0.2779208243691593,-0.10992795826441042,1.6158532526875466,0.5652173913043478
2225092.7436756627,0.17346360229232838,-0.14027164189148056,1.3199172339654535,0.5144927536231884
2836812.1577031934,0.23187350879521418,-0.06933732718485591,1.5065905225554213,0.5869565217391305
2782129.709451862,0.22708733809799342,-0.07400150301517533,1.4437998316596539,0.5434782608695652
3902569.2914849813,0.3130163212986028,-0.05109461935756115,1.9738247729127565,0.6231884057971014
2814637.4503696896,0.22994160450950196,-0.08971348732976352,1.563058669404404,0.5434782608695652
1823927.5853808715,0.12772061197009643,-0.1361167083766401,0.9163331876498356,0.4492753623188406
5239550.601619951,0.3927039514355797,-0.09062641275504696,2.127766499148057,0.5942028985507246
2838203.232748987,0.2319942987791468,-0.0749144357005372,1.5524192392213745,0.572463768115942
4785999.160847657,0.367711578894506,-0.07984623911820099,1.6551134934428895,0.5289855072463768
2849545.998609381,0.23297745158220606,-0.07212773943955487,1.549873473939153,0.5869565217391305
4077843.10583868,0.32460412289217744,-0.08580546841666714,1.5758009757580607,0.4927536231884058
8608433.482345266,0.5381008975900508,-0.048431609893457656,2.200174782181471,0.6231884057971014
3671884.976267096,0.29711300502305815,-0.12191338920641041,1.6159901035296789,0.5579710144927537
2135774.995107482,0.16388775615094353,-0.07499623836946138,1.3800586017260104,0.5289855072463768
3947885.1962468214,0.31605155601207,-0.11670112215644107,1.9580902647879335,0.5507246376811594
5536150.299645299,0.40812618463560657,-0.08728231311161912,1.9885537349103186,0.6014492753623188
3975541.0877662655,0.31789026291959543,-0.05314941873687634,1.891665517323455,0.5652173913043478
4290443.224022571,0.3381365457715775,-0.099788050300215,1.7042525231846601,0.572463768115942
3269626.3320684615,0.2673589159442695,-0.09027700401098233,1.5457141400300796,0.572463768115942
1899297.6034631054,0.13689041248781741,-0.20531344789633266,1.0279841543675545,0.4927536231884058
2885623.0110110114,0.23608381101450893,-0.0750118325816854,1.475981535232355,0.5362318840579711
4783661.899928645,0.36757796736030257,-0.07191071867871518,2.010854895944548,0.6231884057971014
4781422.348907151,0.3674498924916356,-0.08400372462879022,1.9776463375131303,0.5942028985507246
3973378.024805645,0.3177468207985277,-0.055644865393638464,2.011043167974559,0.6014492753623188
3572987.0200914764,0.290049241372615,-0.07548248886108203,1.6818357812204578,0.5579710144927537
2198702.635598546,0.17066679305206267,-0.07914589628468388,1.346112838135229,0.5362318840579711
3861160.4325167863,0.31021802373410545,-0.10635241747589474,1.5976199881646558,0.5072463768115942
2214681.8646458234,0.17236344893851951,-0.09404258377849418,1.4348955183341903,0.5797101449275363
3523976.8030884597,0.2864905730263074,-0.07530610260285547,1.6335134270976717,0.5797101449275363
2786188.177230056,0.22744513529455834,-0.15903182445492425,1.424105539115566,0.5434782608695652
3665377.6430594507,0.296652928716197,-0.0457527523445719,1.7907953914020462,0.5579710144927537
4850709.319920067,0.37139022646334885,-0.08044843858539012,1.895537292072332,0.572463768115942
4168017.47218704,0.33041124244444964,-0.12855451408668284,1.7246517387216973,0.6014492753623188
3442582.9673366877,0.2804920401651916,-0.046158492693298636,1.8492664084354393,0.6231884057971014
3913144.2632536804,0.31372713942209773,-0.07670092355155254,1.7651568250571439,0.572463768115942
2239248.593548241,0.17495291218446685,-0.07290191730768476,1.3416921899077916,0.5434782608695652
3307998.205857698,0.2703197582881349,-0.04584591775104009,1.7422068230792225,0.5362318840579711
2907969.048994392,0.23799233554174726,-0.07575260289582043,1.27486685737053,0.4782608695652174
3323415.352270724,0.27150163904626057,-0.05721847320936248,1.8435040364776343,0.6231884057971014
2809820.168579806,0.22952030437176552,-0.08875792300862197,1.483150012610809,0.5579710144927537
2852777.5754150124,0.23325698067957013,-0.07324908339721684,1.3618758098369685,0.4927536231884058
3476570.7124995436,0.2830105084092176,-0.05672239620948495,1.824241064660624,0.5797101449275363
4217089.750062113,0.3335293197882794,-0.053715856751580304,1.7878831043751557,0.5434782608695652
4333553.443639559,0.34081491204784276,-0.08718230612251532,1.7910427499203667,0.572463768115942
5032997.207159444,0.3815459621592918,-0.06051525918981666,2.051709586205558,0.572463768115942
3653466.3394743185,0.2958090897607051,-0.07019894802103499,1.8364135125689163,0.6014492753623188
6366514.536527862,0.4480392938941433,-0.08162493316618033,2.137260021471847,0.572463768115942
3948409.096781575,0.3160864832444421,-0.06593374252609943,1.9360200730920953,0.572463768115942
2576063.627527537,0.20834602328559781,-0.06620467241946391,1.423240964371589,0.5217391304347826
2558427.5815775194,0.206686976964231,-0.09605926836689478,1.4887712134168385,0.5507246376811594
3051570.826316184,0.24998468171638666,-0.1400697869015233,1.6862805399863519,0.5507246376811594
2782549.761013802,0.22712438948529634,-0.14360128870454214,1.6280653271181087,0.5652173913043478
2978144.690120915,0.24391057151634388,-0.08766435042370405,1.38130596953671,0.5797101449275363
3134530.233272336,0.2567083266241783,-0.07528588986625165,1.5909147778855521,0.5797101449275363
3063476.8313417374,0.2509585507843717,-0.09020648833093473,1.7852300014272486,0.5797101449275363
3329481.833842084,0.27196549412066084,-0.08407925364486661,1.79134918375725,0.5797101449275363
3183351.28903069,0.26059886945848953,-0.06053124046298272,1.5260735419558786,0.5362318840579711
4959328.085886721,0.37747767222302664,-0.06382960747358125,1.7245687045362006,0.5144927536231884
2576245.1190144946,0.20836304913342052,-0.09145920188835595,1.3789341245138327,0.5072463768115942
3881390.1548080444,0.31158807678270306,-0.13120494021260848,1.6541526672223665,0.5942028985507246
2881050.660399074,0.23569184060553794,-0.07764774190563843,1.5422165715291023,0.5289855072463768
4395767.619752363,0.34464284451447447,-0.13306129271307723,1.5977905347392911,0.5652173913043478
4565666.139844406,0.3548799943298866,-0.06498499957392845,1.721593397419994,0.6014492753623188
2256659.0026731957,0.17677433440561896,-0.07454463111138507,1.2636363729768245,0.5797101449275363
2731298.2135991124,0.22257025186795798,-0.13123619839662193,1.456109679265232,0.5507246376811594
2387656.955604903,0.19012995418193257,-0.09829475025406804,1.4244806082721633,0.572463768115942
3411782.0930466536,0.278192476931854,-0.08104436963490397,1.7837718256917556,0.5362318840579711
3697984.8116384684,0.2989517657342624,-0.07233253738715416,1.7342112486578158,0.5652173913043478
2633245.5481385784,0.2136634459572413,-0.13550142952991812,1.2427023508981236,0.4855072463768116
2700008.436152964,0.21975617169140516,-0.08129730070665352,1.7033393237025234,0.5652173913043478
3211830.13215278,0.26284635086273167,-0.06417537739205731,1.8768547865059706,0.5942028985507246
3122132.827628451,0.25571266676416315,-0.07073947929506899,1.6981967091144547,0.6014492753623188
3999669.6203317507,0.31948611312344166,-0.057131084800000016,1.8821060096238382,0.6014492753623188
1851922.7970869099,0.13116139694652107,-0.08186609441601188,1.0481085739513207,0.5434782608695652
8896107.50924915,0.5482461350704069,-0.06819204683397272,2.382883859546264,0.6086956521739131
3370577.6463359515,0.2750900806651453,-0.11154344275510215,1.6025853744965983,0.5652173913043478
4569408.895802102,0.3551020571366754,-0.06683608167039992,1.8880624587974943,0.6159420289855072
3269739.291363938,0.26736767278541285,-0.08534556897143,1.6004965585588407,0.5579710144927537
1993516.5416937356,0.14795263360927047,-0.1628314911112018,1.0327774962142764,0.4782608695652174
3907211.1217326797,0.3133285208141361,-0.1362258873020639,1.7024885694145113,0.5289855072463768
2882471.9450882254,0.23581373526416738,-0.06333545986757892,1.615443519871264,0.5507246376811594
2852887.830386615,0.23326651318659475,-0.16067707661562278,1.2426684809256936,0.4782608695652174
2366603.821480763,0.18802372127527467,-0.12784294890733397,1.3706643009479926,0.5072463768115942
2872909.177385921,0.23499266822987286,-0.062406997806374744,1.6062673395384743,0.6086956521739131
2159723.71244322,0.1664862914220393,-0.13401089344524225,1.057428232157507,0.47101449275362317
3707660.9462401257,0.29963082194219237,-0.07886467063375192,1.7068121910354828,0.5652173913043478
2590402.5870590885,0.20968822428895972,-0.12786841184799858,1.3465624725901528,0.572463768115942
2779818.355659775,0.22688338096735383,-0.1635214039755928,1.516172148196165,0.4927536231884058
2314411.9050823445,0.18273685757697766,-0.10999396624185746,1.2135868209473175,0.463768115942029
4020704.1580159576,0.32087105642310587,-0.08666554086736042,1.7912583505838833,0.5289855072463768
3498730.006203768,0.28464190897797237,-0.06079895975318393,1.615538373880105,0.6014492753623188
2734578.897844936,0.2228638076049203,-0.11841959552008728,1.438898847100771,0.5072463768115942
4006301.9052919545,0.3199234196998302,-0.055579752926600466,1.8899798636211695,0.6376811594202898
2573762.138287001,0.20813003562861843,-0.12043364258945025,1.4928590714227892,0.572463768115942
3249122.3828510735,0.2657653826241446,-0.11271132522943902,1.583451946209927,0.5797101449275363
2946439.8643496316,0.2412507283708838,-0.07958138531109815,1.412751158839814,0.5
5274157.745534141,0.3945388672350385,-0.0553988132265456,2.0667182605116095,0.6086956521739131
2554989.653332275,0.20636250149985624,-0.13617266889873045,1.1807470960389819,0.4927536231884058
3470684.556633436,0.28257576278481844,-0.07098151424691639,1.5127327764237681,0.5434782608695652
3559986.599689976,0.28910909550665265,-0.09753133660952275,1.6320305966717754,0.572463768115942
4473827.785826349,0.3493849202843087,-0.10980018918354506,1.7819018536794171,0.5579710144927537
4135981.2563260887,0.32835976410598655,-0.13180992235850483,2.030061679262605,0.5289855072463768
2638586.351616761,0.2141553625297683,-0.0957147943608412,1.58106541391719,0.4855072463768116
6081882.151046153,0.43485362780283077,-0.04758728236413087,2.2563981779645896,0.644927536231884
1965270.654635066,0.14468099901970533,-0.07997216434023559,1.2063279747496443,0.572463768115942
4527857.691109138,0.35262856206597126,-0.06742787138760602,1.9417294676414678,0.5869565217391305
2754462.2840977195,0.224636970022285,-0.1385464483209362,1.334217888762376,0.5
4834826.3278588075,0.37049096149338623,-0.058832284350368524,1.8494894020526866,0.5869565217391305
2998174.269467414,0.2455792780911561,-0.07402178131400271,1.7472032097640517,0.6159420289855072
2822451.6030247565,0.23062377380378196,-0.1333466749777211,1.5057742762355164,0.5289855072463768
3053815.3936938676,0.2501685116114152,-0.10675831510230571,1.4926946871355264,0.5579710144927537
2143709.6852375064,0.16475127364581188,-0.15083050865969938,1.1305935559415692,0.4927536231884058
2998386.618950048,0.24559692153669754,-0.11895417978845449,1.4355662975996022,0.572463768115942
4278359.076401938,0.3373819156729354,-0.0828037068227571,1.8582772213403338,0.6159420289855072
1600487.924411101,0.09862753694792681,-0.08559434347920498,0.8457090393456853,0.4927536231884058
8185541.792497248,0.5226829542761866,-0.03612283085789002,2.38180415749444,0.5942028985507246
3269815.1903655957,0.26737355649903005,-0.08575987430909032,1.403297047425105,0.5289855072463768
2886395.5675658253,0.2361499903038924,-0.0894922726110832,1.4607190633538307,0.5289855072463768
2350899.2324103112,0.1864427937084312,-0.10556697620437579,1.3964168676197182,0.5507246376811594
4266152.1211311575,0.3366178832665456,-0.07077332020636987,1.7981841559953622,0.5652173913043478
1387826.5614208619,0.06774375257696685,-0.16913265967044733,0.619552870551754,0.4855072463768116
3536959.04320706,0.28743705897210403,-0.10215775911183501,1.6788497822492656,0.5507246376811594
3142717.684731568,0.2573641508914095,-0.11233063244091553,1.4608763605295458,0.5434782608695652
3140274.126154956,0.25716856227822094,-0.06260449277513841,1.4789810200794362,0.5072463768115942
3495959.6103311023,0.284438401167469,-0.07510793515488859,1.6026745813661218,0.5362318840579711
2905059.17636338,0.23774447576583735,-0.06600849997938564,1.6748750566729689,0.5579710144927537
3485418.3681828873,0.28366288099625847,-0.06316997119999997,1.6565989539195323,0.5362318840579711
1539230.1951679036,0.09008588164356768,-0.09912905199639586,0.8370168484397161,0.5289855072463768
2362726.719174782,0.18763420860578117,-0.1194926184665666,1.3286751004543498,0.5434782608695652
2277604.982576748,0.1789507982550922,-0.14906216633111455,1.094195113547904,0.4782608695652174
2488735.4388543875,0.2000400666582982,-0.07739594839307189,1.6480620629978273,0.644927536231884
1893556.713530244,0.1362022982848432,-0.11224292017574404,1.0814849507670725,0.47101449275362317
2349650.39889453,0.18631671561546392,-0.10726295636386099,1.328017845058758,0.5
4222316.738849447,0.33385973198953733,-0.0837818274821164,2.015591379256158,0.6304347826086957
5746925.083092592,0.4186886921358195,-0.0552193225356922,2.27662062858482,0.6231884057971014
1776075.295666673,0.12174017587098684,-0.08961659211384637,1.0718559565752546,0.5217391304347826
2779295.54591818,0.22683722868250356,-0.17388728110481225,1.358059413631808,0.5144927536231884
2685630.7654711907,0.21845434412791365,-0.10322972469181568,1.4459944398212106,0.5434782608695652
3007021.3571461365,0.24631350926890017,-0.1381866176210599,1.4909168125501244,0.5289855072463768
3376533.3891404555,0.2755403742111193,-0.07623640265665373,1.7550098474037934,0.5652173913043478
2778799.506967116,0.22679343323203516,-0.09621396241438608,1.6686722659377968,0.5652173913043478
3777868.527736651,0.30451587353072784,-0.10947056709102723,1.7648484638950004,0.5797101449275363
2198906.9608174,0.17068855023322094,-0.06819691711457866,1.4389328751019888,0.5652173913043478
2959414.1899269246,0.2423419503849742,-0.10018227561003525,1.5797083255669861,0.5289855072463768
1581954.0446329995,0.09607121543746167,-0.08746752189902239,0.8860664398629831,0.4855072463768116
5880251.983743525,0.42521107145915016,-0.07472156300327502,1.909246590225374,0.6014492753623188
3067427.271849981,0.2512810138235675,-0.048587732015294524,1.4611250402293745,0.5942028985507246
2594017.0562961763,0.2100256191455352,-0.08033830542400626,1.4430050637780987,0.5507246376811594
3554478.629305684,0.2887099494507803,-0.12115778953781746,1.5052331115985713,0.5289855072463768
2982665.3092935067,0.244287976605021,-0.2092753833498743,1.3409228083569507,0.463768115942029
2895017.213851283,0.23688758407885824,-0.07762128360238947,1.6025747259600587,0.5144927536231884
3925693.3948426703,0.3145686635963485,-0.08244294063338228,1.7231959274697075,0.5942028985507246
4711395.565339998,0.3634207954938693,-0.053119717914782386,1.9795451281743923,0.5652173913043478
3824883.8371433816,0.3077467518407766,-0.07433376229094772,1.785292883833154,0.572463768115942
3079232.0614295136,0.2522426290063968,-0.060598326123056434,1.7047336565746434,0.5942028985507246
4032559.177539125,0.32164905530214805,-0.11675247884688765,1.690973393858533,0.5942028985507246
2915356.1824662383,0.23862067346035465,-0.08286626742372014,1.5718318986837037,0.5362318840579711
3331505.193246208,0.2721200537842454,-0.12772688503664315,1.6173463669690953,0.5362318840579711
3424683.8486026325,0.2791577225727979,-0.06095010095206607,1.7088758321638131,0.572463768115942
2705035.6672170996,0.22021005429320328,-0.13117436015192901,1.395354667378538,0.5362318840579711
3710822.9554539723,0.2998524195232488,-0.09278305566004699,1.7205827054376175,0.572463768115942
3538107.4064997486,0.2875206479237209,-0.08173486452724386,1.8124044976395495,0.5797101449275363
2890408.3056150093,0.23649350455099838,-0.058153491199999914,1.5235751242106232,0.5289855072463768
4407867.376238992,0.34538228154606365,-0.11930644067924984,2.059575058472736,0.5869565217391305
3983717.936056928,0.31843194183542334,-0.10950773011767884,1.5253665022347236,0.5
4097924.731233394,0.3259061818269233,-0.08180084166771365,1.7963926701671307,0.5144927536231884
4192845.6836285717,0.3319924884971017,-0.06033887200415159,1.8519731659094356,0.5869565217391305
2141555.9893996576,0.16451714411999308,-0.07484280050569096,1.2743788430737673,0.5217391304347826
1432785.9637684603,0.0745738399956748,-0.10736663563959899,0.6757266054835414,0.4492753623188406
3437881.9955027695,0.2801421373313413,-0.051194429872659486,1.6981275556222213,0.5652173913043478
2329508.3477724474,0.184275798377028,-0.09878827542693797,1.2618086393477743,0.5217391304347826
2105150.7344561093,0.16053071622490966,-0.10618964980462345,1.041689025153423,0.4782608695652174
2743871.1546888105,0.22369375264209035,-0.06784168630227215,1.5700301287137288,0.572463768115942
4890828.300062228,0.3736512424589191,-0.044479999999999985,2.19546098301612,0.6594202898550725
3457648.7517481265,0.281610847480668,-0.07087807112737628,2.1425871925311704,0.6811594202898551
4286233.523123992,0.3378738518500026,-0.05030124112010001,1.8023308578792112,0.6159420289855072
3608840.447892647,0.2926279323392491,-0.08034185379526346,1.7500385694777385,0.6086956521739131
4580534.429378172,0.3557612921594413,-0.06131668151045665,2.0377625262516306,0.5797101449275363
4462375.808211194,0.34869338839813113,-0.08652164586103404,1.8865876042940284,0.5797101449275363
2803394.241517717,0.22895741815364667,-0.11785548616454633,1.4797554778231385,0.5362318840579711
2385523.1309388163,0.18991715669831155,-0.055112368428582886,1.284165969412904,0.5
3447283.398223452,0.2808415207656978,-0.0770728531857909,1.803969107356959,0.5362318840579711
2541760.0075847167,0.20511060545465098,-0.1480352552304153,1.4285848734560838,0.5507246376811594
3743039.755580045,0.3021016462246182,-0.05333717183492649,1.6646447491003338,0.5507246376811594
3058865.6263825996,0.25058173040479637,-0.08876723946587331,1.6810597306904178,0.5579710144927537
2216582.7797235134,0.17256463346565432,-0.08200538324436604,1.2959525104823197,0.5072463768115942
3436433.00876355,0.2800342091486334,-0.07996962613784125,1.6323630481580904,0.5507246376811594
2834185.7846110845,0.23164532602775156,-0.058142800460031945,1.5437453550892213,0.5579710144927537
1598010.2282978387,0.09828717170022983,-0.14581589614221382,0.9018267125733477,0.4927536231884058
2997795.9873893457,0.24554784535530771,-0.10098110262727564,1.5248818623860485,0.5652173913043478
3125951.92742186,0.2560197227076295,-0.06127486669052554,1.5130323798241267,0.5652173913043478
5890853.223711919,0.42572459096991566,-0.052207720357589436,1.9411502595581953,0.6014492753623188
4665960.2608656855,0.36078090710837785,-0.11061839606801506,1.6539429806830344,0.5072463768115942
4159678.646435684,0.3298784732562101,-0.06685010916050496,1.7302552432968934,0.5507246376811594
3912735.6726417155,0.3136997037355944,-0.09223209523318258,1.5754399588670418,0.5362318840579711
6034416.536687654,0.43260696072388405,-0.050776876799999836,2.248906624336356,0.6304347826086957
4266665.813083178,0.33665007043485495,-0.09901277495452869,1.8723622981732952,0.5434782608695652
2185414.0824287324,0.16924830081960418,-0.11129419315198345,1.2565120943364647,0.5797101449275363
3740286.925595351,0.30191006293207256,-0.13551810415956925,1.51344552190782,0.5797101449275363
2327543.941805827,0.184075997972162,-0.09124257312919454,1.3658386617594833,0.5434782608695652
2576606.182376486,0.20839691789574855,-0.07517101080695367,1.358777596974368,0.5434782608695652
4405746.689267804,0.3452528001590798,-0.04753107611382866,2.060682878485789,0.5579710144927537
5252677.014937028,0.39340106906774097,-0.06771299069040808,2.1014562877887477,0.6086956521739131
3178069.4226203538,0.260180270462832,-0.07136065976664074,1.9712205679076173,0.5869565217391305
3349147.901411408,0.2734645662489581,-0.07056178147390355,1.6000329389711845,0.5217391304347826
1998633.446878857,0.14854133634407507,-0.08920612985222508,1.3029555959879031,0.5144927536231884
2333229.933876205,0.18465395289944908,-0.07985651710012824,1.4331251105999467,0.5289855072463768
2600732.7679342385,0.21065150407831434,-0.12789574006092636,1.213801544942365,0.4855072463768116
3835519.9599409634,0.30847325282266413,-0.08185539054520033,1.7233271801140047,0.5579710144927537
4040436.17441666,0.32216498081291056,-0.05824575591065293,1.79387172499856,0.5869565217391305
4894322.94219214,0.3738474893022039,-0.05839938721274785,1.84527385965943,0.6086956521739131
4605579.177553729,0.35724062529960143,-0.069371296,1.9044692413694861,0.5797101449275363
5587317.968722709,0.4107195258067089,-0.08456520469122804,1.9523169053495737,0.5579710144927537
3738388.7287520533,0.30177789214174644,-0.09092414119985691,1.794573410630837,0.5797101449275363
4246731.065368194,0.33539870831685925,-0.08997915927639431,1.822572523818437,0.5652173913043478
3185228.62322148,0.26074751829315557,-0.06916180968403383,1.4850871050655008,0.5507246376811594
3629791.7226844453,0.2941253402097197,-0.13143134227353742,1.6432229421812161,0.5579710144927537
2795765.33339804,0.22828781376079976,-0.07426797542888128,1.5242897013196828,0.5434782608695652
3461971.145663273,0.281931114770684,-0.08116617468423536,1.5972552123240615,0.5
3417662.4574400517,0.27863277826665755,-0.08157967034267502,1.691097624081827,0.5942028985507246
5562813.122640871,0.4094799231569395,-0.0575304586704099,1.9004733682939459,0.5797101449275363
3332114.6417594436,0.27216659340555993,-0.056920553545981634,1.7990190899291931,0.5869565217391305
2935951.212934517,0.24036575366025348,-0.06553974434038837,1.6977296460014972,0.5507246376811594
1714235.2696052461,0.11381762343349622,-0.06498317963360672,1.0994414264253647,0.5362318840579711
3457244.8176362775,0.2815809016666526,-0.07222532951782494,1.7596654820655606,0.6086956521739131
4939007.592484744,0.37634699423327733,-0.07405023465361668,1.6793083608772723,0.5
3252168.3448575367,0.2660026176595467,-0.11217132598212701,1.6310469789886244,0.572463768115942
3667980.5707547516,0.29683703719515275,-0.05961918818565413,1.8401961716939785,0.6231884057971014
3054611.005625732,0.2502336462196426,-0.10305781985994453,1.642118727279724,0.6086956521739131
2197309.3000666536,0.17051838323673607,-0.11938723000761506,1.145094197369321,0.5289855072463768
2411575.7520368933,0.1925049259797822,-0.08545883466390088,1.4350898213385792,0.6014492753623188
3434729.758262235,0.27990729549850757,-0.14435493175455805,1.61579607698613,0.5942028985507246
2932213.79775789,0.2400497999022846,-0.08350193802212641,1.4717415540310559,0.5144927536231884
2940638.4913820247,0.2407615524993918,-0.09490409533539872,1.440704136807716,0.5217391304347826
5251691.652229608,0.39334878683207974,-0.10072365924714692,1.924980400337394,0.6376811594202898
5635995.585392883,0.4131690875023184,-0.07346590998133058,1.917572023234871,0.5797101449275363
2229087.296936685,0.17388462748007205,-0.07051826673465647,1.5230109908726264,0.5507246376811594
5213578.426560248,0.39132049366124355,-0.059464060445524,2.1314560133370466,0.6666666666666666
3594170.9391352963,0.29157534361308146,-0.11839826959413012,1.5044907570457036,0.5507246376811594
2929087.6587411705,0.2397852746958966,-0.07045590494035028,1.3702243738725617,0.5144927536231884
3530838.6992960344,0.2869911947682302,-0.07432620965265549,1.6263916360635924,0.5434782608695652
2990180.599616439,0.24491438110811226,-0.10801206671481557,1.4617090510149282,0.4782608695652174
8235975.423943222,0.5245546902690796,-0.07660315771968004,2.127724785043325,0.5942028985507246
3892961.0397591507,0.3123691459138085,-0.07981286905110543,1.8321447333428633,0.5217391304347826
4412464.749397227,0.34566280929417004,-0.07960523889255354,1.7406128278306015,0.5289855072463768
3093260.450652211,0.25338155073921675,-0.0698641109135378,1.8280521985251306,0.6231884057971014
3867013.87459878,0.3106150359320172,-0.09541262440748885,1.770079374905419,0.6014492753623188
6555291.674706322,0.45652654514713653,-0.05918694530574986,2.086126620155386,0.6014492753623188
2542159.5365960444,0.20514848836866362,-0.0691719204450904,1.3706434119908415,0.5579710144927537
1430682.4402471872,0.0742581306015957,-0.14910335756500706,0.6284417145519657,0.43478260869565216
2661934.7218366954,0.21629656498776195,-0.04623241021845749,1.611373218244542,0.5942028985507246
3098702.2316619004,0.2538222400019925,-0.06748534542107502,1.5575640532163015,0.5434782608695652
3713506.9591650004,0.30004039937722315,-0.05147868733165856,2.09562615801823,0.6376811594202898
3164141.8182827826,0.25907380375003175,-0.057436403829206104,1.5332338659039817,0.5652173913043478
3163165.189121742,0.25899607019026294,-0.06592317192592442,1.6236586107413902,0.5652173913043478
2208350.5332967034,0.17169237070571985,-0.10322071515885296,1.3030857592910219,0.5652173913043478
3395382.542925902,0.2769613196785221,-0.10399168200126921,1.7322120051258587,0.5434782608695652
2984289.8106136997,0.24442348676296488,-0.12921136967509234,1.4480599034285377,0.5144927536231884
2582735.7676864984,0.20897131174773098,-0.10976512122561477,1.7472928579266953,0.5869565217391305
2529974.3750111805,0.20399095553803037,-0.07519008324296324,1.3278642748440384,0.5144927536231884
2360019.9226641236,0.1873619673646041,-0.0922288163231107,1.142875811798651,0.4492753623188406
3679746.5281113232,0.2976679570091556,-0.11085905182619948,1.755415169460873,0.5869565217391305
3584214.9461854002,0.2908590066977268,-0.09532048345100219,1.9452098302194474,0.6014492753623188
3280119.4131213836,0.26817133057150233,-0.06459838074803043,1.7325062537676104,0.5652173913043478
3920933.9087930666,0.3142497539406679,-0.07985080757081363,1.8972456988773403,0.572463768115942
2494361.421106839,0.20058213372152034,-0.06812581457299617,1.345741679129398,0.5797101449275363
5125121.220088496,0.38656689942822053,-0.06845322567580717,2.303980758796843,0.6594202898550725
3546674.6284694695,0.2881435689192191,-0.10030510593574657,1.5701756751431448,0.5289855072463768
3329782.4754318385,0.2719884641764285,-0.10467002453745196,1.7596776992371468,0.6086956521739131
2618949.6788000553,0.21234278102534443,-0.08467091347752456,1.491633564136878,0.5434782608695652
4063496.814217705,0.3236707885197818,-0.15009175816675902,1.7444248076087874,0.5507246376811594
3580669.8900977126,0.29060355443314756,-0.0737737399187449,1.6389327249367391,0.5434782608695652
4931548.7948815925,0.3759310361510426,-0.09149616351637367,1.7930547628607536,0.572463768115942
3112985.3013149495,0.25497598124141363,-0.06948171922839855,1.7567152782355158,0.5652173913043478
2158578.3024305687,0.16636253590629368,-0.13016320466016024,1.4745728484023832,0.5289855072463768
4654810.825990475,0.3601299602687884,-0.08008031828867401,1.763971637896561,0.572463768115942
2573296.899971558,0.208086355677088,-0.05925569134488335,1.5339285675205587,0.5579710144927537
2100332.6482071546,0.1599990048367994,-0.06127190498927946,1.2389079939143228,0.5144927536231884
4259186.8145033335,0.3361811412466107,-0.08543584892761966,1.8069470595393107,0.5869565217391305
3972393.5016294965,0.31768151209245854,-0.09031370748583543,1.8594381818651362,0.5507246376811594
4610759.226997722,0.3575457948515548,-0.07090287516626186,2.0529807008880927,0.5797101449275363
2678330.429722123,0.21779119910028677,-0.19938755107589165,1.3224955528129567,0.5362318840579711
3770798.0695232484,0.30402721504128905,-0.06311787605853697,1.6389743006011344,0.5434782608695652
3544132.4814382973,0.2879588556334558,-0.06025955220283767,1.8966878307414403,0.572463768115942
4187731.5767384917,0.3316673976930473,-0.11123621163589414,1.765455282713734,0.5652173913043478
2086519.1802051577,0.15846915861073807,-0.128483892341491,1.2119480291528857,0.5144927536231884
1981547.1994179157,0.14657081847221298,-0.1088776066685668,1.1195132910245018,0.5
2395641.248696429,0.1909248473933094,-0.12219016983190414,1.3029899940332572,0.5144927536231884
3289003.430934292,0.26885754160511177,-0.05300323839999999,1.7105303054267658,0.572463768115942
2997775.6482329015,0.24554615521619594,-0.08070492417063611,1.797869264541999,0.5652173913043478
5159693.721210571,0.3884325434638092,-0.09854649195083863,2.229033046157951,0.6159420289855072
2315043.2813994805,0.18280138114486788,-0.13371453250527146,1.4478096895822536,0.5289855072463768
4127245.872241485,0.3277981779907764,-0.10349805040570331,1.722534019116703,0.6086956521739131
2096844.9812707095,0.1596135058962842,-0.12782137411921682,1.1105811808283172,0.4855072463768116
2378382.100017842,0.1892039019865992,-0.11584640260695266,1.4013547530462533,0.5072463768115942
2385355.496438973,0.189900432754458,-0.14283831878792977,1.2182209022996338,0.5217391304347826
3326727.8436224083,0.27175500250178164,-0.10266231330280313,1.5941935035148072,0.5507246376811594
6202192.522140931,0.4404860227317835,-0.07509929558815476,2.077974528566682,0.5797101449275363
3108658.6551500545,0.2546269363396132,-0.083530142913562,1.4211183260835585,0.5579710144927537
2000679.8170848875,0.1487764348584628,-0.09113539787172215,1.2989891370522133,0.5434782608695652
3908810.8848462193,0.31343604868749764,-0.1032879248945012,1.6303442082161803,0.5579710144927537
2392849.5202129805,0.190647152251737,-0.07794319222926778,1.3137364594375616,0.5434782608695652
3785811.8218132295,0.3050639841484062,-0.06482218560559219,1.9081768563109553,0.6086956521739131
2901776.4011283577,0.23746461401242613,-0.07820198946976903,1.5639722191967298,0.5507246376811594
2813896.61166639,0.22987685128227953,-0.0715613816117574,1.5962730881523322,0.5652173913043478
2157954.207548129,0.16629508363115342,-0.10382828921585938,1.189294922752921,0.5072463768115942
3843913.0497915307,0.30904540646115564,-0.11523491486762613,1.9588563805104757,0.5652173913043478
3558022.790150644,0.28896684084069335,-0.06456761939513045,1.596109532938999,0.5144927536231884
2029459.8794140231,0.15206264217040588,-0.073119402412608,1.3799767100558782,0.5869565217391305
2368378.6057768995,0.18820185448232762,-0.06517233364282138,1.2136090701397373,0.4927536231884058
3907212.5607615616,0.3133286175541041,-0.04872661424171195,1.8806202120438182,0.5797101449275363
3678542.1590719447,0.29758300138799476,-0.05027408754136047,1.638882431732713,0.5434782608695652
3571234.4747602576,0.2899226630517693,-0.06882175101355695,1.9063351464728815,0.6086956521739131
2469043.4902242133,0.1981349805734609,-0.12933348204937892,1.6450747619306598,0.5507246376811594
4743228.158005829,0.3652582296542062,-0.08093395668261191,1.8668166871658634,0.5579710144927537
5020453.066841136,0.38085660712666325,-0.06354157799947467,2.166386981516834,0.644927536231884
4487963.73906126,0.35023657485549275,-0.0434171937691258,2.080822324987221,0.5942028985507246
2505432.4421888897,0.20164598397574163,-0.15415918245286336,1.2190034466094897,0.5144927536231884
3278219.7799972855,0.26802440796132343,-0.10801880599717016,1.5627542756911765,0.5579710144927537
3834878.0468676416,0.3084294526427902,-0.06526176071208613,1.8096243255009374,0.572463768115942
2076505.5781375344,0.15735507514420233,-0.12582771409280635,1.2942711563363432,0.5072463768115942
1984381.9813849265,0.14689868549949958,-0.1300578911460008,1.047386522419058,0.5289855072463768
2904111.2594281156,0.23766369034670465,-0.07474345481026368,1.4531192806597277,0.5217391304347826
2281659.0402249955,0.17937019803730325,-0.13412516658339058,1.1683290063622234,0.5072463768115942
5873835.5401444705,0.4248999017827704,-0.07568130296237809,2.1340582994780477,0.6086956521739131
2505655.6555552348,0.2016673945620049,-0.07710693199128776,1.271549759995679,0.463768115942029
2873693.557304143,0.23506009797533323,-0.09593976889643972,1.399711679740428,0.5362318840579711
4753195.085442771,0.3658315103970746,-0.0491386308897821,1.86750249348114,0.5652173913043478
3115373.072948882,0.25516844453843923,-0.05800531189508122,1.823070559664592,0.6086956521739131
4917958.242667311,0.37517183003470644,-0.07567607167235205,1.8998493687992897,0.5579710144927537
2702772.0700082704,0.22000576944042582,-0.09323510227786516,1.3373373729216094,0.5652173913043478
5012561.965747536,0.3804222504580974,-0.07841183689389808,1.897750523253021,0.5217391304347826
3891409.676111546,0.3122645321569153,-0.06784648098818725,1.7604352415000284,0.5942028985507246
3547565.256019723,0.2882082571723483,-0.059534994806218225,1.7525882471025216,0.572463768115942
3194269.0242569293,0.26146236465725137,-0.0936698630543785,1.6868597565851606,0.5797101449275363
4804708.242477215,0.368779222603685,-0.07056677840723174,1.8629140928882075,0.5652173913043478
2927172.651152564,0.23962312049498125,-0.10532119163709293,1.6215699189666646,0.5
2032806.6807465944,0.15244236723263027,-0.10071729180995882,1.1661150089451788,0.5869565217391305
3665287.951447124,0.2966465828472864,-0.03631656681938508,2.0000494952314494,0.5797101449275363
3226560.5911114844,0.2640025934275869,-0.09954098113939505,1.6602816601067147,0.572463768115942
1621522.804244329,0.10150028067042016,-0.10377133285045632,0.8895967248874946,0.4855072463768116
3873452.0277615804,0.31105115159757446,-0.07418708619034371,1.627208056776746,0.5289855072463768
3305957.8692080905,0.2701630157815127,-0.09412470621009503,1.6151312369736204,0.5579710144927537
6457759.886980028,0.45216638228314454,-0.06127293127263409,2.052151754188409,0.572463768115942
4261146.908003955,0.3363041017130559,-0.0837970071254458,1.8740345027713072,0.5579710144927537
3277159.270619323,0.26794235575543635,-0.08389158864941874,1.650286399331028,0.5652173913043478
2084885.6573120044,0.15828771011959097,-0.12073628205968061,1.096064962555171,0.4855072463768116
3459272.879788651,0.281731224608875,-0.07327563834870449,1.6995036005659763,0.5507246376811594
2967528.7342747184,0.243022490499186,-0.06237590226502421,1.6005595512388995,0.572463768115942
3738974.738066471,0.30181870149559487,-0.07464543174619027,1.88718339421129,0.6014492753623188
2377860.4933965276,0.1891517361843249,-0.11690004404921807,1.5911377451700366,0.5652173913043478
4716766.10412854,0.3637314876341404,-0.08530644328407944,1.9608388340643863,0.5797101449275363
3649377.623313452,0.2955189231943247,-0.08417827484839623,1.5629214546394197,0.5507246376811594
4322888.951991256,0.34015433610369006,-0.1201711140188214,1.633050972761498,0.5579710144927537
2149022.729421867,0.16532805408745177,-0.1374140825720845,1.1110174038950855,0.4927536231884058
3401868.345944926,0.27744879339167206,-0.04234495246155268,1.8392327452398782,0.6159420289855072
3055046.9809569926,0.2502693325909151,-0.07572083825089794,1.5336131545135594,0.572463768115942
2588442.423867517,0.2095050941159804,-0.06560688376638754,1.3963750596884277,0.6014492753623188
4462634.371645636,0.3487090175036731,-0.07814407470397779,1.9517422624410754,0.5942028985507246
3430757.583064367,0.27961112259300425,-0.07811554904132859,1.7622051600327435,0.5507246376811594
2465184.825134367,0.19776025291536548,-0.09370882390719998,1.3083519166478057,0.5579710144927537
1692828.0142173811,0.11102176654723706,-0.11261127254853527,1.0764057746079867,0.5289855072463768
3745577.223767367,0.30227814159406563,-0.13607578143595275,1.6348428074677122,0.5507246376811594
2802113.4296077606,0.22884510066250385,-0.09542166457714858,1.4295917733822778,0.5507246376811594
3146954.07614499,0.25770295427067524,-0.0761659927959909,1.6125432780436477,0.572463768115942
4020639.6317973416,0.3208668167994808,-0.07045558359989211,1.6440775270073258,0.5072463768115942
1891647.5803485448,0.1359730960829877,-0.12400487413838332,1.0017169825665784,0.4782608695652174
2549100.0625842977,0.20580582279359838,-0.11087665144108334,1.2032241220366242,0.463768115942029
3090095.0309889494,0.2531249216140561,-0.053571664876674585,1.7419413941950181,0.5579710144927537
7654712.00126244,0.5024006787059117,-0.05000817859739956,2.2552242661938955,0.5797101449275363
2685454.8054196364,0.21843837730841753,-0.1370406623616939,1.3336575588527781,0.4855072463768116
2806715.467445913,0.22924847335516296,-0.07248147154496676,1.5425523272254762,0.5362318840579711
5455636.9264781745,0.40400641477140575,-0.050423334399999936,2.2090213084272823,0.6231884057971014
5729944.8861477105,0.41784935164503745,-0.06007103332249585,1.8106120085532624,0.5579710144927537
2573817.67377758,0.20813524928174743,-0.06741004353992965,1.353603973935918,0.463768115942029
2560196.9113591677,0.2068538323294673,-0.05291724159999994,1.510433513788647,0.5507246376811594
1732041.875554984,0.11612202288427098,-0.12458722570780968,0.9562856008082159,0.5362318840579711
2946723.0602537165,0.24127458791832446,-0.05408729663345423,1.6925535358167016,0.5869565217391305
1990415.388101797,0.14759525561748155,-0.0783725928322019,1.1580294619780092,0.5072463768115942
2794936.9775726264,0.2282150193842405,-0.05724054342108238,1.590216990890934,0.6014492753623188
3158110.233840939,0.25859342028047627,-0.06985147366735131,1.7944091055165423,0.6014492753623188
3219418.7356450194,0.2634425340797133,-0.08834438181215161,1.4114977679917793,0.5217391304347826
3170672.6508536413,0.25959312432946335,-0.0572629486671326,1.699581535242064,0.5652173913043478
2354284.772936832,0.1867843173506576,-0.10057288003060484,1.2764566443950423,0.4782608695652174
2380622.023106424,0.18942781238197193,-0.09447775383701502,1.3222232336297897,0.4855072463768116
2579691.2216933086,0.20868614858055734,-0.08608117070891383,1.3378094156544056,0.6014492753623188
2355991.0304978825,0.1869562908485929,-0.09202805240231217,1.4833295695457018,0.5652173913043478
2685598.1601276034,0.2184513855443302,-0.06146938935315186,1.4283729608012814,0.5217391304347826
2973178.0850074715,0.24349540445317075,-0.10365806986846672,1.4017616893505962,0.5144927536231884
4336599.566260373,0.3410033550338343,-0.07462304259461269,1.7468728943913572,0.5362318840579711
4376948.613046134,0.3434895402349831,-0.0774202635012793,1.787605651161983,0.5289855072463768
4002481.7751481496,0.31967160624943447,-0.0682864055359739,1.9102974089443625,0.6086956521739131
2438973.4465062874,0.19520228406551277,-0.07882666895399468,1.2928931077893195,0.4927536231884058
3303833.5991906384,0.26999974310362873,-0.07469959609420704,1.7484942177184528,0.5797101449275363
3462655.4114460116,0.28198178603386204,-0.06962006841901293,1.8593439356093537,0.6231884057971014
4376068.601904824,0.34343551260240934,-0.06096285194152952,1.90809129685523,0.6231884057971014
4024889.6943468656,0.3211459462401194,-0.08169961089515543,1.861162449933397,0.6159420289855072
4088376.2429768723,0.3252877119011106,-0.059885004466538785,1.7485778795568192,0.5652173913043478
3423333.280298113,0.2790568161804752,-0.09820439225931951,1.6321691818189257,0.5652173913043478
4801115.006361428,0.36857443102683574,-0.08679140305980453,1.882447231600457,0.5652173913043478
2237023.1603435264,0.17471927851723357,-0.12766836482973895,1.1014259799377881,0.47101449275362317
3552275.123606754,0.2885501294360844,-0.10737833955266067,1.6779691691582876,0.5362318840579711
2630857.8008658346,0.2134432634333303,-0.07864075979885514,1.4560208443312026,0.5144927536231884
5140066.702941813,0.38737463766178015,-0.03785241221267669,2.1144697875816276,0.6159420289855072
1532627.6676642173,0.0891490882931405,-0.12519475124273985,0.75704825905474,0.47101449275362317
4636646.0585355945,0.35906675485291517,-0.0731667765946813,2.013916147076873,0.5869565217391305
4322922.357971461,0.34015640735887787,-0.07472994540313463,1.781158369892617,0.5869565217391305
3844869.5992644043,0.3091105506023635,-0.06485344004021275,1.8765322785213225,0.6014492753623188
2828127.326139758,0.23111831325373267,-0.14429671011455306,1.395383528327289,0.5362318840579711
2991844.9422692615,0.24505293480975232,-0.10709905538434143,1.6197543180194383,0.572463768115942
2787093.268199886,0.22752487184564307,-0.07237699660735306,1.637211692209862,0.572463768115942
4753702.021049569,0.36586064276287167,-0.05983674764158879,2.0994575709795105,0.6376811594202898
3147358.894508935,0.25773531032316166,-0.11216565800173586,1.5063133382586589,0.5362318840579711
5550333.3171486175,0.40884693977195385,-0.11217589442647823,2.240986442021634,0.6304347826086957
3223335.4683582108,0.26374980447253393,-0.09765200688921288,1.5897133369211176,0.5434782608695652
5373151.969040573,0.39973500846284504,-0.07180083937279982,2.158249980552094,0.6159420289855072
2157488.0709837945,0.16624469333455383,-0.11537204018142715,1.2100510283328627,0.5434782608695652
3894361.799026063,0.31246357525422397,-0.049660668534074325,1.8314465540278215,0.5797101449275363
3936571.129157566,0.3152963671866915,-0.08419647291160333,1.6023298109552493,0.5579710144927537
2489514.316135839,0.20011517041936955,-0.11235091485219446,1.250462860268837,0.5434782608695652
3206396.9992322917,0.2624188152155176,-0.07838243822394625,1.62799763366153,0.6014492753623188
2584634.6870962065,0.20914903524948247,-0.08250196596294568,1.5790498046836279,0.5869565217391305
2880987.3256768966,0.23568640766479265,-0.06462266734070285,1.5189210465669025,0.5579710144927537
3198739.815102493,0.261815282935846,-0.16229451082356217,1.4008275607173328,0.5289855072463768
3593520.9383788905,0.29152862431664994,-0.1486150187911595,1.512996450940063,0.5072463768115942
2573623.841523095,0.2081170519839335,-0.057715017419871915,1.459956614963909,0.5507246376811594
3460246.1923060473,0.2818033429244158,-0.08691007274945196,1.4860807553997426,0.5144927536231884
5354413.62707276,0.398757355934914,-0.04447999999999998,1.8090362032279037,0.572463768115942
4280268.9670832995,0.33750129776498383,-0.07778405977595174,1.7863268896995153,0.572463768115942
3742044.1080760327,0.3020323671198706,-0.10577007834473601,1.5549746809597882,0.5289855072463768
3257672.1324809594,0.26643083027411074,-0.056414790031486826,1.6507109295561904,0.6086956521739131
2274833.9262086414,0.17866378358862245,-0.10331620351926223,1.2467372055777535,0.4855072463768116
5199183.359688471,0.3905513364225537,-0.06644052939468535,2.0466296656959675,0.6014492753623188
2949929.939044957,0.24154464284908483,-0.06964305538648995,1.7712632189505337,0.5652173913043478
2935527.8655206547,0.2403299808639443,-0.055424290860212944,1.679163278693725,0.5869565217391305
2670656.4697297174,0.21709255417305906,-0.09341363678600348,1.5239685387724684,0.5507246376811594
1908470.5034159254,0.137986448591773,-0.1119458035507118,1.0751618041963533,0.5217391304347826
2267370.759291587,0.1778893858648738,-0.08104943206674754,1.337039844099735,0.5217391304347826
2650287.9571386767,0.21523036474430657,-0.14035924168327304,1.2161417864135045,0.47101449275362317
3450852.7053483604,0.28110664689526743,-0.0629137168918595,1.665811999777866,0.5507246376811594
2886253.765293335,0.23613784419859352,-0.05520494366173393,1.7060069745554387,0.5652173913043478
4402862.5702642985,0.34507662636677505,-0.06633311697513598,1.9791342613635756,0.6014492753623188
4239382.563672047,0.33493623594296484,-0.07976453874443078,1.6009338326625928,0.5434782608695652
4031270.2944922573,0.321564559635239,-0.13762420347251014,1.5798194058015809,0.5072463768115942
2779520.4778350317,0.22685708593856257,-0.0702319424617617,1.604212435507025,0.6231884057971014
4024914.700110134,0.32114758783445785,-0.06058407351827454,1.8211085305952976,0.5579710144927537
2513082.051624867,0.20237886478590417,-0.08452946728604846,1.6609870250652679,0.5507246376811594
2332440.62715217,0.18457379089994164,-0.07037118082019114,1.558383180895266,0.5579710144927537
5445981.967578599,0.4035091225033607,-0.12295612042916425,2.172396908053947,0.6159420289855072
3274356.0223936182,0.26772536453626294,-0.1252913793612224,1.5733957909957346,0.5579710144927537
2875677.398614477,0.23523057453386254,-0.07496494571676912,1.515807280717707,0.572463768115942
2276439.1853371384,0.17883008381314958,-0.12108206176367119,1.246234397363468,0.4492753623188406
2046004.1545462303,0.1539348833869698,-0.07569227588088234,1.3230971835883083,0.5579710144927537
4180071.851991925,0.3311798938232937,-0.08173888956008854,1.646416198522411,0.5362318840579711
2246764.2131348825,0.17574055745040007,-0.11816681304391193,1.487672409387543,0.5797101449275363
4540074.05564409,0.35335766621703435,-0.06583964487302572,1.9607365152326606,0.572463768115942
3012407.4983490347,0.24675966613576028,-0.07816000265300854,1.9120433462278597,0.6014492753623188
6099480.574859738,0.4356830416501647,-0.05387948526218844,2.289611048675446,0.6594202898550725
3697788.9034771174,0.29893800252766334,-0.1009601381653225,1.5296811340526415,0.5289855072463768
2795805.671443137,0.22829135815293333,-0.08830129122909959,1.595621571032893,0.5507246376811594
2245660.4977863464,0.17562501902765937,-0.08071219498493391,1.2517234949983647,0.5434782608695652
6319052.314879813,0.4458738067403074,-0.09026434911654374,2.0936217646044732,0.572463768115942
3902715.2589409384,0.31302614327845135,-0.05990814585295506,1.9066231538143588,0.572463768115942
4544181.562550772,0.35360246025653175,-0.05786008686873374,1.7418271130166376,0.5797101449275363
4019070.1381920376,0.3207636781952614,-0.09980653037239598,1.5935091866999493,0.5797101449275363
2570944.1195055684,0.20786536275047918,-0.1671650624267857,1.1420158919730499,0.45652173913043476
2557593.7891593976,0.20660831476998953,-0.05887015225993805,1.4318853528268936,0.5217391304347826
3742692.415580689,0.3020774793013108,-0.0745109649168131,1.598755255952851,0.5579710144927537
3363968.153479136,0.274589613509052,-0.07020967962313875,1.7283409679799122,0.5507246376811594
3826090.408743423,0.3078292479946738,-0.06342023219606757,1.6150149771881377,0.5289855072463768
3331166.421218733,0.27209418102132865,-0.06344990478406473,1.7061106408423652,0.6014492753623188
3764491.5390179236,0.3035907347814133,-0.06265999528564987,1.9104401907424085,0.5869565217391305
3346281.44321355,0.2732465058115312,-0.04662827612083706,2.009220163938067,0.6376811594202898
4749618.522865641,0.3656259033166367,-0.076116664561412,1.7772950677092445,0.5507246376811594
2664578.937694976,0.21653810911753735,-0.06816853691716414,1.4681765304348384,0.5289855072463768
3599090.181515898,0.2919286989067438,-0.09641942188934101,1.6613733852337005,0.5217391304347826
3444684.1747914874,0.28064831368423837,-0.0714402857474824,1.6354200462992738,0.5289855072463768
2484241.491975413,0.19960636722352398,-0.09830289804272496,1.253468164820744,0.5
2464168.193179017,0.19766144634703453,-0.09807163379142256,1.468018627593857,0.5797101449275363
3032931.757438826,0.24845394986303537,-0.07954927829405666,1.7092739020597523,0.5579710144927537
3223642.1462561735,0.2637738509541132,-0.053030560978167184,1.96655080045775,0.6159420289855072
2824402.5467650974,0.2307938539003871,-0.08163693968093075,1.3575936153338322,0.5362318840579711
2162822.541444828,0.16682084057778024,-0.07048863774022592,1.4420320475200359,0.5507246376811594
1725408.040708881,0.11526574581694415,-0.07256233733593176,1.1875269596809077,0.572463768115942
3727120.7002500817,0.30099219602290517,-0.0928078188027423,1.769423313674208,0.5434782608695652
5782152.0186072225,0.42042367102522493,-0.04983731847039993,2.022378059576676,0.5652173913043478
3733364.068626003,0.301427767454131,-0.06712197123573022,1.7325393431279843,0.6014492753623188
3083389.0962876417,0.2525805579022713,-0.12025627922796892,1.516368975217985,0.47101449275362317
3968803.320189901,0.317443246329004,-0.06443959428894229,1.6382886871541993,0.5579710144927537
3551328.1823866204,0.28848142353256323,-0.07044855608040199,1.6864795689244074,0.6086956521739131
3042974.6366654034,0.2492796524730463,-0.09715941686248036,1.6518098243106045,0.5869565217391305
3869871.7619125084,0.31080869871350925,-0.04390163171856406,1.793146049834796,0.5797101449275363
3065866.7306098505,0.25115367107411357,-0.10404630399699498,1.7781628701291443,0.5869565217391305
2075650.8877937563,0.1572597859124807,-0.1049380185950022,1.0506633207974314,0.5289855072463768
3278954.855070499,0.26808126867274784,-0.09520597185497764,1.7450509545645823,0.5434782608695652
4745096.560378905,0.36536577033343653,-0.0470895299165102,1.933068459600639,0.6159420289855072
3625801.3746022955,0.2938406801934468,-0.06786792617593403,1.7230387463973946,0.6014492753623188
2995937.5676574684,0.24539337687858143,-0.060376086257484626,1.5309629514239074,0.5289855072463768
3664745.4108784064,0.29660819432012553,-0.08183864412415108,1.6344384701481844,0.5217391304347826
4014836.9928048137,0.32048533810740887,-0.0898227606367729,1.7846488978569246,0.5869565217391305
2845915.1255992576,0.23266308094105015,-0.09317699866244916,1.543876437955012,0.5362318840579711
3949769.3450441156,0.3161771505317097,-0.05023683331290387,1.7981222442108258,0.5507246376811594
1634572.0385097342,0.10326746990394864,-0.09162275023600076,0.8700518332441365,0.5144927536231884
3146317.3708862714,0.25765205737921937,-0.0581174840550903,1.4409114462971062,0.4855072463768116
2497038.6556449644,0.20083974361388024,-0.07557762262845262,1.4516248331657646,0.5217391304347826
3289879.8364294693,0.26892515571600994,-0.059807347994278726,1.7297211530420087,0.5579710144927537
3898121.8954880554,0.3127169202213884,-0.07406534600834241,1.708811383053881,0.5434782608695652
3659067.0347663444,0.2962061365694397,-0.05241833746895638,1.938571589772765,0.6086956521739131
2990861.676064615,0.24497108702256232,-0.1381692173682748,1.3436841088974585,0.5652173913043478
2205320.6189428484,0.17137067562777708,-0.08807154210418187,1.1572941754673876,0.45652173913043476
5628863.235985672,0.412811233365457,-0.0942472180716023,1.9622763316809708,0.5869565217391305
2444947.7859545616,0.19578724804188496,-0.10159887906618024,1.1463463137259389,0.47101449275362317
3863100.649038299,0.3103496730605597,-0.06604182270015742,1.972853611610925,0.5869565217391305
4426425.869670859,0.34651327403513754,-0.05514565544469831,1.8505739590495098,0.5942028985507246
3365554.7250658413,0.27470981953825824,-0.10625814448417605,1.6311463432607958,0.5434782608695652
2957984.58738604,0.24222189970077723,-0.08261337427057662,1.3710662852378455,0.5362318840579711
2657675.199706544,0.21590706171773477,-0.09080430989643276,1.5563808202174885,0.572463768115942
4070764.277141664,0.32414392061936304,-0.09916261587793988,1.7605256728558145,0.5434782608695652
3710925.8053325675,0.2998596248350096,-0.059095889985599885,1.997866123402765,0.6086956521739131
3805126.614600709,0.30639293324092476,-0.0692927093249375,1.6875547599687035,0.5434782608695652
2769975.9833249403,0.22601335423157298,-0.04784120604620672,1.5440262345577747,0.5507246376811594
4099224.898482967,0.32599030641038906,-0.08907565004542808,1.9189543976893346,0.5869565217391305
3020125.0076094433,0.24739782908401908,-0.08586835985745862,1.5362014529058514,0.5579710144927537
2328509.2704579397,0.1841741987313661,-0.08886369971962423,1.4094602242656278,0.5144927536231884
2233228.4080753787,0.17432046311247928,-0.12040843150952481,1.2756124795615524,0.5579710144927537
4093639.3713187147,0.32562875538222613,-0.09743197319020855,1.9114115871649013,0.5797101449275363
3591854.560560607,0.29140882126000967,-0.06518448146353013,1.613799750449116,0.5652173913043478
4952430.85640497,0.377094311042693,-0.07630409428976066,1.8417408103776154,0.572463768115942
3335038.77776671,0.2723897959914483,-0.09852808678033195,1.70911480749882,0.6014492753623188
6279177.478024371,0.4440444165959543,-0.062065118832185844,2.411747403971894,0.6376811594202898
3600564.0828520725,0.29203449584411323,-0.0760219866615981,1.7119702005195492,0.5942028985507246
3562723.542341882,0.28930724980080647,-0.11725013395944484,1.819864344237957,0.6086956521739131
4901738.010200713,0.3742635225196975,-0.04756721775807653,1.9513408475680272,0.5579710144927537
3872722.7991916705,0.311001783336204,-0.0877945312472718,1.785734828076046,0.5507246376811594
2787369.027689091,0.2275491615412586,-0.12063647168563003,1.3900623534770318,0.5072463768115942
3197621.1998433555,0.26172701796937825,-0.08878658122639346,1.4266379094253443,0.463768115942029
3429331.931836549,0.2795047564373567,-0.0719100543489916,2.032784203316478,0.5797101449275363
6079483.897742123,0.43474044950468294,-0.10547991492812632,2.1994098801090742,0.6231884057971014
3362508.3504096717,0.27447897198077764,-0.10517195632353732,1.5005962963577422,0.5072463768115942
2571089.2177102705,0.2078789962742864,-0.1321676919644427,1.3553855596391102,0.5
2457080.266062325,0.19697166218548423,-0.1378828507481082,1.4290480556856808,0.5869565217391305
2402369.264496269,0.1915930255031455,-0.13498210927711798,1.3117701563888369,0.5652173913043478
3705511.8778309445,0.2994801262141036,-0.05839241995142284,1.7632016048644195,0.5579710144927537
2649543.5548457187,0.21516209126337138,-0.08063299957920929,1.4748730072243617,0.5362318840579711
6825287.562419331,0.46833175348712164,-0.10820637718021228,2.0702437726234653,0.572463768115942
1758685.9388627408,0.11953495564731687,-0.09400306696113098,0.988974923693585,0.5072463768115942
2704653.4776485967,0.22017557209261684,-0.11060887702705657,1.4806357622975166,0.5362318840579711
2019497.2579641724,0.1509293191548764,-0.11818014424922962,1.0129370601354868,0.5
4626069.141064755,0.35844613938581316,-0.06204343866634033,1.8682352984076587,0.6086956521739131
2705077.4028520654,0.2202138195616421,-0.09699558065596169,1.4083720869385483,0.5072463768115942
4135910.9258061773,0.32835524644197833,-0.11735707550427611,1.6460967809308469,0.5652173913043478
2437767.4434925504,0.19508406197176398,-0.07366633716180358,1.5714868257908654,0.5289855072463768
3248944.3882265105,0.26575151399473307,-0.04580817279999993,1.6407890912914274,0.5434782608695652
3912246.3911893596,0.31366684687501944,-0.080811858536557,1.7750501699226855,0.5579710144927537
3529701.999597051,0.2869083186557295,-0.07311360718876299,1.6740597143566531,0.6014492753623188
3283247.236688853,0.26841309640758926,-0.15071889191163126,1.4518704502413966,0.5
2419065.3994927467,0.19324472166998086,-0.11342446924077958,1.4136220519736242,0.5652173913043478
4361871.739579277,0.3425627032766625,-0.04124397934075402,2.0071747085284746,0.5942028985507246
3850611.719133584,0.3095013354122329,-0.05266426576896011,2.1039972513198135,0.6521739130434783
5870395.097736015,0.42473294324355093,-0.04819127027844388,1.8756232220801574,0.6159420289855072
3137873.3347052913,0.25697627824040836,-0.08023891220827625,1.6611799296768464,0.5362318840579711
3729865.043040618,0.3011837281859713,-0.10272310126213872,1.665394208124839,0.5507246376811594
4540403.002236776,0.3533772768879613,-0.11915462687149762,1.946547929340029,0.6159420289855072
4601405.994878084,0.35699457298519777,-0.0646494072471361,1.8538881869112875,0.5434782608695652
1699306.0928811599,0.11187079487131024,-0.1818562396906799,0.8417341919599332,0.463768115942029
2939101.4187246966,0.24063181608109296,-0.08788537871396429,1.5510744704938684,0.4855072463768116
3359708.415512932,0.2742666514782197,-0.08659387677434233,1.484420522733175,0.5434782608695652
3349152.1201381683,0.27346488707064154,-0.08756024859532027,1.9096189298258683,0.6231884057971014
2776038.7127946285,0.22654956742256438,-0.09553557051407281,1.5218061411332715,0.5652173913043478
3144094.5068249237,0.2574743016352301,-0.06182816863405476,1.6157417687189464,0.5217391304347826
3978882.5462383614,0.3181117269020033,-0.11466143333134154,1.9436116197617719,0.5942028985507246
4372026.168417184,0.3431872186658489,-0.07046547123094936,1.8401751761166927,0.5942028985507246
2578974.3254573126,0.2086189623313175,-0.05999703604320554,1.2936156408847685,0.5797101449275363
5767811.124391989,0.41971838398047145,-0.08015838968419188,2.29574238485216,0.5652173913043478
3771217.140735636,0.3040561986126231,-0.08373785887073798,1.5766162744928918,0.5144927536231884
2132545.5621210504,0.16353556802764868,-0.12917175630450897,1.2132590771771525,0.5362318840579711
2709516.7844127803,0.22061406261769245,-0.055984460799999976,1.5399987648380342,0.6014492753623188
2700454.8505417537,0.2197965034689202,-0.095344263756829,1.6013851772135972,0.5579710144927537
2081110.11365354,0.15786789457562755,-0.07907988742781472,1.1831352945521325,0.5289855072463768
4295859.473340492,0.33847422762679913,-0.08808546609178317,1.9989967695718365,0.6231884057971014
3986513.384756944,0.31861692354589244,-0.08379818195089764,1.781976721751541,0.5289855072463768
3649830.3485697336,0.2955510648412085,-0.05779284368094683,1.809626324260859,0.6159420289855072
2762874.960130393,0.2253841148163005,-0.09374045668639813,1.3589766162374024,0.5072463768115942
4246296.855001491,0.33537139942114624,-0.1068783777302883,1.8990900000619984,0.6521739130434783
4150131.71043318,0.3292674675713434,-0.07470039648539635,1.7108116385492702,0.572463768115942
2828389.3786038817,0.23114112733483028,-0.058237174172818554,1.4703961956796563,0.5652173913043478
2974833.8891831944,0.2436338775823692,-0.14114487150100766,1.4859703027674558,0.572463768115942
2160279.260697076,0.16654629657459918,-0.1311764251823618,1.125801229278427,0.5217391304347826
2333027.8980109612,0.1846334362008355,-0.12632438948287983,1.2323319208747041,0.5579710144927537
4028409.4282500977,0.3213769317726507,-0.07765882549348352,1.7689250389317674,0.5507246376811594
3168167.0933147357,0.2593939879663465,-0.07930860433115337,1.6223157324825221,0.5434782608695652
4795663.718288409,0.36826350808104835,-0.05656154181968993,1.7983551182998105,0.572463768115942
3354818.924120118,0.2738955391546698,-0.056191104298827003,1.6610879977933306,0.5507246376811594
2875679.8849130124,0.23523078812881648,-0.0652801127731891,1.5408193776800687,0.572463768115942
3366341.0425336165,0.27476937779954325,-0.07434253818881088,1.5718968455732476,0.5507246376811594
4976934.821193663,0.3784543576223789,-0.07428111726132192,1.7885853858007945,0.5869565217391305
5459891.775716077,0.40422534330272386,-0.05601294050443936,2.059954274178213,0.6086956521739131
3410505.9711969993,0.2780968451829804,-0.06073525469023098,1.8607826150845814,0.6376811594202898
6852160.057262445,0.4694861588471495,-0.11317475020820499,2.0800428109012667,0.5652173913043478
3049708.093155283,0.24983204186144703,-0.06402997903286779,1.5600773005882933,0.5434782608695652
4549537.64017144,0.3539213992789061,-0.11485177324524243,1.639257156966074,0.5217391304347826
3759052.797274423,0.3032138448842656,-0.09196435138990691,1.865845903278511,0.6304347826086957
2920625.345283747,0.23906808230867882,-0.08077251492119208,1.328374588198947,0.5072463768115942
2603572.0498127392,0.21091572813342352,-0.13424594871741655,1.5074701058101558,0.5362318840579711
5426766.40262468,0.4025172953231455,-0.0500748528491363,2.0086329948743535,0.6014492753623188
2662024.959068094,0.21630481115138656,-0.08456043766727925,1.5871052577637081,0.5869565217391305
2984175.289403136,0.24441393574206494,-0.0815101844532119,1.4712491950939002,0.5652173913043478
5170642.339334808,0.3890212811783642,-0.06963624316329858,1.9900475839027014,0.6159420289855072
2859595.3465777463,0.23384588307291132,-0.09298388677198156,1.3867628043892501,0.5289855072463768
3406362.6028665486,0.27778614633994736,-0.07230806832607078,1.639201843675358,0.5072463768115942
3171967.9899728526,0.2596960257554486,-0.05176380690497177,1.8323157787138895,0.5942028985507246
3742506.5146494377,0.3020645441092906,-0.07547015888458741,1.7132300224755963,0.5652173913043478
2542431.47003949,0.20517427008315225,-0.10609307973738058,1.3745751311166687,0.5217391304347826
6605261.510189867,0.4587403742828413,-0.07002071658020126,2.122440563208941,0.5652173913043478
2405988.0328579643,0.19195179660191708,-0.07681227148232549,1.3833749807097504,0.5869565217391305
3359580.6762377718,0.2742569615674375,-0.06412891305872076,1.619373584704651,0.5507246376811594
2539912.6394153954,0.2049353780154186,-0.09562054584240119,1.4085601796021372,0.5652173913043478
3321292.1329486878,0.2713391335078432,-0.08586211054506618,1.5133043943076205,0.5869565217391305
4128001.1490708627,0.32784677125751727,-0.06072130486342324,1.7987083116137368,0.5869565217391305
2855197.706044229,0.2334661544149872,-0.0610510134915101,1.52171583674002,0.5652173913043478
4066225.8846566905,0.3238485379279381,-0.1099257191213675,1.6580139875883515,0.5579710144927537
2773656.073780659,0.22633894869685411,-0.10579722280135326,1.5184507432594296,0.5072463768115942
2652770.701610925,0.21545796088516878,-0.07438723689631108,1.492764549174613,0.5362318840579711
2207024.101865544,0.1715515829910801,-0.10244068591968478,1.1687036501078534,0.5434782608695652
3650687.8885704936,0.29561193794256946,-0.08408024124945536,1.5086677096203536,0.5434782608695652
2895628.5483465544,0.23693981783977702,-0.09418505295315918,1.9095588627528548,0.5942028985507246
3874252.473872423,0.31110533267705653,-0.09738834901685318,1.7447333147207276,0.5217391304347826
2449042.562471639,0.19618751872495754,-0.06020167822763728,1.5890261659057128,0.572463768115942
4295298.354150334,0.3384392598713364,-0.07281912094299679,1.9952182773302152,0.5289855072463768
2718781.3292469336,0.22144764289547347,-0.07404130662463476,1.3119717003908944,0.5652173913043478
3196402.8265520344,0.26163085343017767,-0.06848300643216126,1.6630570134316558,0.5869565217391305
4427097.018139756,0.34655410406570675,-0.05776525730232279,1.7535955304804587,0.5579710144927537
4622075.036907325,0.3582114844334585,-0.12124507055570127,1.9190490124248862,0.5507246376811594
5436209.7104560565,0.4030050698971399,-0.05850478031918906,1.9718796019898934,0.5869565217391305
3568275.30034778,0.28970882260204456,-0.06968413852879754,1.6898114126051393,0.5652173913043478
2204831.1704816674,0.1713186762519021,-0.057660730488146746,1.304449650307439,0.5217391304347826
5262742.493787074,0.3939346831049977,-0.0655931576391168,2.1340207194456227,0.6231884057971014
4663509.217534553,0.3606379125766528,-0.05109950557894034,2.065370989488496,0.5942028985507246
4237198.8610478975,0.3347986826775793,-0.11081414275071254,1.858514088661908,0.6086956521739131
3084295.197480655,0.2526541672532301,-0.08177878559550958,1.6552023592694562,0.5652173913043478
3816970.9298153506,0.30720521106879883,-0.08163173655753864,1.6702878363328937,0.5144927536231884
4143037.286822068,0.328812694466297,-0.06286407691109566,1.7759516381869802,0.5579710144927537
3077128.550062731,0.25207149369602977,-0.07879751354149966,1.642134842663857,0.5579710144927537
2955113.8938878383,0.24198069334196193,-0.11562839283698113,1.5860192725540063,0.5434782608695652
5524337.687442749,0.4075247608124417,-0.0704798242523731,2.30467210683077,0.5797101449275363
5162618.468348196,0.38858991302481916,-0.036901446065554976,1.9881709967878465,0.6739130434782609
2095464.8306202532,0.15946081336234474,-0.12178613042511648,1.2576083871711128,0.5289855072463768
3388851.599108135,0.27646969986919756,-0.10760626535003655,1.6582968997053489,0.5507246376811594
4272410.781159442,0.3370098304822762,-0.07924954760866929,1.7332903996790783,0.5869565217391305
6262946.485508141,0.44329710387823007,-0.06828133350202939,2.1448593087352212,0.644927536231884
2848777.2350671436,0.23291091674344377,-0.10464899226059915,1.4919455746440362,0.5579710144927537
4275843.054426175,0.3372245808612211,-0.0712161508796442,2.0125932838992338,0.572463768115942
3114470.967618045,0.2550957453598415,-0.07459527732654661,1.4284994395370967,0.5942028985507246
2424356.634761072,0.19376626373037165,-0.08451900338113766,1.525016482589821,0.5217391304347826
2207491.979281199,0.17160125132511217,-0.10484750279612752,1.223495002629034,0.5362318840579711
3493766.1986015784,0.28427718594300555,-0.0975816740413439,1.6695827595571793,0.5217391304347826
2558822.8845374263,0.20672426373043695,-0.11028849766966509,1.531614419727272,0.572463768115942
2461740.4486532053,0.1974253616056556,-0.1314058477032301,1.245180694429214,0.4927536231884058
3886473.0563290855,0.31193141684133385,-0.06467840893498744,1.6540400860808468,0.5362318840579711
3086220.562582057,0.25281052158769923,-0.06263341545440029,1.5655023983682925,0.5434782608695652
3904253.691170429,0.3131296447213274,-0.06522687419456002,1.856139042242279,0.6014492753623188
6473701.972510547,0.4528826595814561,-0.0956977480815935,2.1675589622107547,0.6304347826086957
4092637.2937914724,0.3255638491824764,-0.09601128227225589,1.648821728851765,0.5289855072463768
2131999.739415962,0.16347600079756353,-0.09924836092802315,1.1817254518311284,0.5362318840579711
3949136.7943097404,0.3161349909984206,-0.055839404611061,1.8169278792928518,0.5869565217391305
3604475.480694999,0.292315088899995,-0.10994942794878958,1.627664241855735,0.5507246376811594
2330021.278839847,0.18432794657863694,-0.09213095377305587,1.1300536099085847,0.5579710144927537
3099300.551244786,0.2538706556553687,-0.0946334401810892,1.466094099934884,0.5289855072463768
2845349.5008807657,0.23261407876682738,-0.0920060776625899,1.469535386886778,0.5434782608695652
1987010.9195271092,0.14720241020610514,-0.1321282911075547,1.0275808107233022,0.4927536231884058
2515726.2651395854,0.20263178205049104,-0.1064546868836973,1.418002042766212,0.5362318840579711
2422524.115136732,0.19358574063421674,-0.1015961659795242,1.2876879549809157,0.5507246376811594
3036346.589644201,0.24873495467020645,-0.08660911194685879,1.6205955426909366,0.644927536231884
3729599.45447042,0.30116519725440694,-0.0708919403450733,1.6234368782726667,0.5869565217391305
3822504.9844031245,0.307584043047856,-0.05274542862477136,1.6999232517472989,0.5579710144927537
2575316.6445102645,0.20827593816350665,-0.14724227919771846,1.3973317679518078,0.5869565217391305
2711345.2241727076,0.220778757452472,-0.05706320434117051,1.5308634718893204,0.5579710144927537
3878294.173384039,0.31137877298340233,-0.056800080676274,1.6756202321346256,0.572463768115942
4215706.229046656,0.33344180882169194,-0.11128291149650646,1.6621756051472998,0.5434782608695652
1660354.526155679,0.10672613571435519,-0.10264283072310458,0.9393940032437248,0.47101449275362317
4216953.3655759245,0.3335206941684945,-0.05074969765830306,1.9716692498868,0.5797101449275363
2457400.7127858917,0.19700288181186076,-0.0843970147544886,1.3172673505198642,0.5362318840579711
4168049.5891950442,0.33041329275719944,-0.09690463583096338,1.6632890295997427,0.5434782608695652
2111968.6207454447,0.16128145924660053,-0.11344277216474334,1.0252023701871023,0.4782608695652174
3267447.0027676118,0.267189922376007,-0.0478983241803104,1.5697510649752482,0.5362318840579711
2378966.9575217306,0.1892623826170594,-0.08537805361867841,1.417876859642102,0.5289855072463768
3124207.9080457,0.25587954065754626,-0.07946949944456687,1.6828375926774883,0.5579710144927537
7341863.70708346,0.4899142147232105,-0.04633404449858305,2.2314275022717456,0.6521739130434783
8366650.512675786,0.5293621076182045,-0.04235168928904135,2.37856945677522,0.6739130434782609
4108289.3776403046,0.326576212020677,-0.09761148211568363,1.9192068358322367,0.5507246376811594
2130880.2186769876,0.16335378603732975,-0.1143200703166227,1.3895452897954121,0.5072463768115942
3832656.8876411985,0.3082778491933871,-0.0648338083825489,1.7834726659538394,0.5869565217391305
4658982.539813018,0.3603736668417894,-0.09080583551106354,1.7949136601632234,0.5942028985507246
3731262.0942538795,0.3012811873698622,-0.07970861957710844,2.1079462697765163,0.6231884057971014
2901014.48070385,0.23739962288457828,-0.08489653054756288,1.617246586000929,0.6014492753623188
3467838.0968878022,0.2823653144722853,-0.07058273745386243,1.7704021009450328,0.5797101449275363
2817040.821439392,0.23015157804999742,-0.07005306004317964,1.7522879061940542,0.6159420289855072
3373277.0013539945,0.2752942485616865,-0.09074596342060277,1.6088555845596952,0.5217391304347826
3136479.120990914,0.2568645589370673,-0.08717701377368861,1.6459891608875514,0.5797101449275363
3274985.8102810206,0.2677741275086083,-0.053835999044397585,1.6450464468948411,0.5362318840579711
5134525.884843114,0.38707540001742635,-0.10277327063418708,1.7692185191625853,0.5144927536231884
2305930.310338842,0.18186871202146015,-0.13727760461866545,1.38645790102623,0.5217391304347826
3294322.6067907815,0.2692676910402525,-0.09298911189395585,1.5595791529541083,0.572463768115942
4451209.294224831,0.34801772586389035,-0.06372831604345766,2.0087002403089866,0.6086956521739131
2103047.350198079,0.16029871210451496,-0.08077587364121096,1.230049858401717,0.5434782608695652
4349426.854065092,0.34179573254615936,-0.12293273666166414,1.6500719305399838,0.572463768115942
2106915.147786278,0.1607251887334562,-0.1886699159969915,1.095258763666321,0.5434782608695652
2258247.0256161713,0.17693990827772788,-0.06473542240982624,1.4617486055600195,0.5072463768115942
3170185.697988643,0.25955443221382724,-0.05078232098246625,1.6257125223259836,0.6014492753623188
3645734.1330549116,0.2952601340400036,-0.11921750242661364,1.7399667268548342,0.5507246376811594
3801718.6229357366,0.306158840000919,-0.05770955400578424,1.8304921612262397,0.5579710144927537
2717520.0056476765,0.2213342886731302,-0.12957196866827864,1.311826049401381,0.5072463768115942
2135417.55200605,0.16384879591371826,-0.11310704914877315,1.0219399829623745,0.5
3672010.6754786004,0.2971218856851947,-0.08124627393356598,1.757726225305834,0.5289855072463768
3216560.325213481,0.26321810098247056,-0.06998263633179391,1.6765893256964148,0.5579710144927537
3102370.9490941027,0.25411899278919714,-0.08033741145031587,1.786079852105087,0.5652173913043478
2394011.4190163733,0.19076275859222158,-0.047825728157240045,1.6687924580842293,0.5652173913043478
3339875.71671812,0.2727586615339248,-0.11716824375414826,1.6505332275007227,0.5869565217391305
4293989.596764592,0.33835768668808774,-0.07328835987295564,2.0015245372546504,0.6521739130434783
4061696.400949212,0.32355347198017603,-0.07240525572220358,1.715474551528976,0.5507246376811594
5234282.783333129,0.3924237952115248,-0.07435248347883655,2.019683253875235,0.5942028985507246
3438517.153673875,0.28018943579347444,-0.0753332559654515,1.870951956146196,0.5579710144927537
2763139.3878967734,0.22540756960054953,-0.06012672456352001,1.7626762692249054,0.5869565217391305
2274586.952725877,0.17863818951437582,-0.08296489521727997,1.201305775935988,0.572463768115942
3251116.377999692,0.2659207052242747,-0.10399841721686699,1.544888731231143,0.6014492753623188
3252845.9159823465,0.2660553661797913,-0.10231072807343637,1.6180163854876215,0.5434782608695652
3031054.518607417,0.2482993650006864,-0.07218009273478992,1.4972308213201162,0.5362318840579711
3920312.30192425,0.31420808027289815,-0.09572034434319679,1.6214057530371455,0.5797101449275363
6358955.591378587,0.44769527986462143,-0.06683608167040005,2.093263485298484,0.5579710144927537
4753310.402172801,0.3658381375896167,-0.09730439815607843,1.8841170628651327,0.5797101449275363
2998502.177651081,0.24560652252293558,-0.08023952382623366,1.5257005360640365,0.5362318840579711
4550139.615314344,0.3539572263874764,-0.058630821235226546,1.863793022102209,0.5507246376811594
6166077.631827502,0.4388045338081419,-0.12480532295396277,1.9996935882411189,0.5942028985507246
4309395.817657471,0.3393166785987052,-0.06007937929080937,1.7331207244654514,0.5507246376811594
2224227.094420089,0.17337228331163645,-0.06507112962128378,1.338614326727068,0.5362318840579711
5502122.709159858,0.4063909217612047,-0.06904327666046899,1.88554232498833,0.5797101449275363
1667015.1693169682,0.10761265815136478,-0.13593301971442212,0.9363073057993927,0.5072463768115942
4213347.666585265,0.33329257120051436,-0.08357282381849204,2.0112169086656633,0.5797101449275363
2487161.4742564703,0.19988823866117467,-0.10356184342496394,1.295749607018289,0.4927536231884058
2045427.5236623653,0.15386983273544397,-0.06616323269949491,1.389708406560981,0.572463768115942
3359102.315919333,0.27422067199771893,-0.08952132567477189,1.5052826424730827,0.5434782608695652
2623378.8802247327,0.21275256984783986,-0.06463095400778429,1.5710790798937093,0.572463768115942
4353551.077173934,0.34205010018645,-0.05292863622216387,2.1434289032830525,0.5869565217391305
2235313.07558912,0.17453962154131908,-0.07218800391174925,1.3364079429625473,0.5652173913043478
4187039.3631420415,0.33162337103014083,-0.06997899840403948,1.9647254109050982,0.6014492753623188
2729213.6451670676,0.22238357801975095,-0.13823072935523883,1.364893682523911,0.5362318840579711
1882806.2342757185,0.13490922338956257,-0.07353407345881534,1.1174471195893902,0.5434782608695652
5110776.737208499,0.3857898684466299,-0.051295790096533504,2.027066006771547,0.572463768115942
3635830.779737737,0.29455567348908884,-0.10652292487005988,1.768933381221157,0.5434782608695652
3485124.3616107795,0.28364122402321734,-0.047725603309385016,1.64421892046385,0.5579710144927537
2298216.8244866403,0.18107696649737526,-0.09928265172168568,1.2479044490382196,0.5217391304347826
2896669.300143465,0.2370287216667879,-0.11377623679589359,1.4237124717996108,0.5434782608695652
3789023.6894035824,0.30528535125003686,-0.05939875890263714,1.8674466779888597,0.5652173913043478
2788253.5578206885,0.2276270605500601,-0.06806917488429755,1.4278108555063125,0.5072463768115942
4057056.7834555428,0.3232509584995371,-0.10029306298617524,1.5842968094585939,0.5797101449275363
3646793.2905189777,0.29533538500416245,-0.07117779009097154,1.7342138835228444,0.6014492753623188
2344949.634926813,0.18584166086663623,-0.0989823845993193,1.3579319656470108,0.5362318840579711
3600533.6407151083,0.2920323110517751,-0.07446168148401848,2.1099409135771463,0.6159420289855072
2026658.069481371,0.15174436590600493,-0.10407453193276689,1.054511102743677,0.4782608695652174
2613614.3275253437,0.21184841857151349,-0.05452184990789832,1.5789360584319208,0.5797101449275363
5126712.690433793,0.3866530010429199,-0.08458629137647075,1.8372167207605667,0.5579710144927537
2851534.500224215,0.23314948555326787,-0.11043773677661572,1.3512341038946747,0.4855072463768116
3321884.627794057,0.2713844898395541,-0.10509676871114916,1.6589762710311424,0.572463768115942
2543500.063977696,0.2052755609517749,-0.07780160759940508,1.2862266870028678,0.5072463768115942
2030917.5268789837,0.15222808707083924,-0.05736716969856452,1.2648145196097254,0.5144927536231884
3855618.4749427917,0.30984169411864526,-0.09187816891473691,1.6428894981731934,0.5869565217391305
5511358.953743197,0.40686277808947513,-0.06648893752787187,1.999266894134322,0.6014492753623188
3213548.067839825,0.26298141558961685,-0.15320157369836687,1.6171733390942946,0.6086956521739131
2917842.2307158015,0.23883184635117627,-0.11653224329092747,1.5752951404490467,0.5217391304347826
2640194.79302581,0.21430335251330646,-0.11238036645806308,1.352306122257793,0.4927536231884058
2562076.560983839,0.2070309903012495,-0.0596712557306905,1.352120077488196,0.5072463768115942
2013957.2821106766,0.15029716888533695,-0.12171777852816458,1.1575642973317033,0.5072463768115942
4482706.962080971,0.34992011862647554,-0.07035236532985988,1.9976505381184255,0.6014492753623188
6371557.261820587,0.44826861095391446,-0.04448000000000004,2.3635044503602707,0.6521739130434783
3667919.7046943605,0.29683273325276094,-0.07323765955427426,1.6629076891581034,0.5434782608695652
2993094.4972593766,0.24515691762269087,-0.1165733782781212,1.603781455132233,0.5797101449275363
2907092.9149365597,0.2379177282835525,-0.06906527548477143,1.6156654929802194,0.5652173913043478
4087722.752718535,0.3252453421222061,-0.0701416569660455,1.6884586561227746,0.5942028985507246
2547007.479323911,0.20560778599855833,-0.08184146946233385,1.3232732454105378,0.5217391304347826
3527493.171321734,0.2867472131981019,-0.0835606195584868,1.608485130820301,0.5507246376811594
3825065.8492201315,0.3077591977702072,-0.10297388023062938,1.7326340016004427,0.572463768115942
4256699.558538814,0.33602504567024627,-0.090347406401838,1.8501716422361927,0.5652173913043478
2671887.2038525282,0.21720470946616843,-0.09473896548200528,1.4078342705834186,0.5144927536231884
3826109.411600788,0.30783054709849167,-0.11023315235513742,1.7364466705952726,0.5144927536231884
3490672.0518304454,0.28404962918507115,-0.0668118388387999,1.7432744532823465,0.5797101449275363
4444134.939486698,0.3475889693963423,-0.13462767474676046,1.753540202332256,0.572463768115942
3540122.843395623,0.2876672983928983,-0.060116152629133696,1.6561903420142543,0.5579710144927537
2464374.838995482,0.1976815329163395,-0.05864966256290412,1.3908880172967257,0.5797101449275363
2610296.4081872106,0.21154057984047858,-0.06936493616896172,1.4460758727962817,0.4782608695652174
2996252.2260919395,0.2454195361064906,-0.06315806788868919,1.5026339684059684,0.6086956521739131
4628500.350361825,0.3585888943996818,-0.07712498816023193,1.8854971986517486,0.5362318840579711
4779333.832872391,0.3673304117205436,-0.052879020799999926,1.853628997833694,0.6014492753623188
4101018.3956870907,0.3261063158452133,-0.06696947011415,1.7325764759168802,0.5579710144927537
3202663.876919765,0.2621247181239601,-0.07062305386421434,1.551119977336533,0.5289855072463768
2307888.8697274434,0.18206940967728968,-0.10181202126445521,1.2337686854427488,0.5652173913043478
1979315.732609404,0.14631246600950054,-0.10102369618472237,0.9831823615052818,0.4855072463768116
3504272.661667856,0.28504867484929997,-0.06092892901309455,1.6947568362267225,0.6086956521739131
2857571.238693866,0.23367116292676027,-0.1041358153987044,1.4889888997457152,0.5652173913043478
5091157.305644289,0.3847242670306794,-0.05660733850375325,1.9542542701491106,0.6086956521739131
3270433.337547277,0.26742147138790373,-0.06992102500305829,1.4004858950999797,0.5217391304347826
3014085.1712665237,0.24689850453187234,-0.05563143442294534,1.6389172444826912,0.5217391304347826
4239115.9688221915,0.3349194459471383,-0.060991349533268124,1.7762159578818628,0.5652173913043478
1547798.4338729605,0.09129679711089245,-0.1070210391690098,0.9344851985210567,0.5289855072463768
2189488.4954034793,0.16968395754182763,-0.0987325453082756,1.1480767800425393,0.47101449275362317
6097398.157105564,0.4355849972286643,-0.060440120488997814,2.1588256854856445,0.6231884057971014
3656085.220452789,0.2959948091212945,-0.11225575565279913,1.6423620576387483,0.5869565217391305
4211625.5225134455,0.3331835606192013,-0.06255416441919857,1.7255827948943436,0.6014492753623188
3964123.2202242026,0.31713238806889943,-0.05500891416013545,1.8354997491520924,0.5797101449275363
3615522.295836528,0.2931062440722716,-0.10748187466973523,1.635974397843645,0.5434782608695652
2031348.6879628112,0.15227700621423068,-0.09884760490922395,1.3669600926096155,0.5507246376811594
2891775.633986235,0.23661046884420123,-0.09284755393240005,1.3960044817870445,0.5144927536231884
3273331.3949778774,0.2676460140456747,-0.09188765221674186,1.5884044762056522,0.5289855072463768
5046089.819001904,0.3822639936715264,-0.059725370640293436,1.9209321339427508,0.5869565217391305
3751310.8185049784,0.30267659379113376,-0.0463761970682162,1.6894379909275794,0.5507246376811594
3473081.0754908137,0.2827528384215323,-0.06160469661853013,1.8298656101567707,0.5797101449275363
3469564.409241432,0.28249296301548465,-0.08213102554621912,1.391103042974924,0.5579710144927537
1951832.6760040307,0.14311129726936422,-0.13578432170515645,1.0966986677568358,0.5507246376811594
2848067.7226791307,0.2328494972180315,-0.09657793175412577,1.5542896510832305,0.5652173913043478
7297250.111610416,0.4880990737702964,-0.06239571075113221,2.1955973349968465,0.644927536231884
2134971.392507223,0.1638001585315929,-0.10825855760774838,1.0588425826615713,0.5507246376811594
2875022.4368142704,0.23517430239730697,-0.08400599423719554,1.5583425705003844,0.5434782608695652
3015817.5602776185,0.24704180617685956,-0.07642407995953084,1.8084381629201802,0.572463768115942
2929258.8333035554,0.2397997648556962,-0.08966326615829001,1.6070711894804306,0.5579710144927537
4480433.671906627,0.34978317535293346,-0.10372949000182517,1.971092791132545,0.5652173913043478
2200565.520995152,0.1708650990276237,-0.06607602337925328,1.2618349126763362,0.5217391304347826
3223574.8203488854,0.2637685721155778,-0.08485815219215763,1.5840471304850328,0.5507246376811594
2190734.9095321223,0.1698171008534417,-0.08131414732638309,1.153102050239923,0.5579710144927537
4714208.30796009,0.36358355135913256,-0.053868483397677816,1.9513008102869114,0.6304347826086957
6642889.063273728,0.4603985731179667,-0.1304758239254657,2.122262468888374,0.6159420289855072
2871976.697171792,0.23491248777865192,-0.09228939714759495,1.5174975381293612,0.5434782608695652
3289226.1619940796,0.26887472652667044,-0.07479049530515532,1.5385880289548861,0.5579710144927537
3764105.7100956235,0.3035640122546561,-0.10452457925336178,1.6585920037587258,0.5797101449275363
3908165.9796309015,0.3133927057021848,-0.12497111735867242,1.5943612437087875,0.5507246376811594
2391828.010599475,0.19054547722003723,-0.12477464412699107,1.3562732524923506,0.5362318840579711
4590284.372773824,0.35633796528706707,-0.0865825109248459,2.175323342621949,0.5797101449275363
4629776.762474913,0.35866381836783967,-0.07451498777254681,2.0702833223747303,0.6159420289855072
3732686.121659572,0.30138049839143477,-0.15195217416046095,1.5858385355952938,0.5217391304347826
2198450.2936527366,0.17063992066886358,-0.07984433367444331,1.5388156791080232,0.5362318840579711
2615714.6220033113,0.2120431237175615,-0.13125213852769976,1.4047671098712518,0.5217391304347826
4667996.602843346,0.36089966215638847,-0.06692139659806928,2.105921808851798,0.6231884057971014
3516495.171123094,0.28594384790283134,-0.07776666830911058,1.6668494930032527,0.6159420289855072
2523933.6531391377,0.2034154611220922,-0.09285839734955319,1.293707584309498,0.5434782608695652
5601384.8108063545,0.4114291476563243,-0.055126918754702006,2.3018282762933615,0.6159420289855072
3371838.448013787,0.275185458691952,-0.06166288022477606,1.990882850408338,0.6014492753623188
4000001.091819548,0.3195079828061129,-0.05197074819294947,1.782764281038492,0.6014492753623188
2136910.2221231987,0.16401145794515704,-0.08127669246037908,1.1544602579445482,0.5434782608695652
3461604.0921942377,0.28190393041821027,-0.10345765045424721,1.436380644323625,0.4782608695652174
4015102.4628380933,0.3205028003364361,-0.08539672211784534,1.9025858932446842,0.572463768115942
2512479.8194116913,0.20232123191200557,-0.09559825669533123,1.2338843907261008,0.5217391304347826
2570750.6614129115,0.20784718434192362,-0.051575432575865866,1.7119706478837242,0.644927536231884
3106148.943347947,0.25442429142399137,-0.06644865508170432,1.7170807632492155,0.5869565217391305
3034482.147524509,0.24858156203002335,-0.07146676875048395,1.4748034425186731,0.5144927536231884
2020111.8026558026,0.15099935751938176,-0.1377867332917006,1.2757113337147479,0.5434782608695652
3562690.2840868626,0.28930484263848144,-0.08800620751765079,1.695183649599946,0.5289855072463768
5380454.661150578,0.4001152799072183,-0.07478166825332894,1.9300034789673517,0.572463768115942
3254191.4638554854,0.2661600902491168,-0.09194996262792998,1.6171494821051662,0.5289855072463768
4370939.286362798,0.343120428979802,-0.053036200383925355,2.001753948545596,0.572463768115942
4906212.152572503,0.37451430732129176,-0.07814834780731307,1.699109658987689,0.5434782608695652
3641226.2296628756,0.2949396609952548,-0.04031804922175029,2.005599710807208,0.5579710144927537
2081266.2949878443,0.15788527298566457,-0.11189117504782498,1.0713264171558685,0.5072463768115942
2941110.623373338,0.24080139184765503,-0.08767717256362659,1.4690966717654905,0.5144927536231884
3360399.0665477654,0.2743190370495454,-0.10141045703277138,1.6527790808536766,0.5289855072463768
3938140.634305288,0.31540123181158797,-0.08539213274307941,1.6535619167235143,0.5797101449275363
6295852.037430131,0.444810544591264,-0.04651387403492726,2.2430966356135653,0.6594202898550725
2994585.91201825,0.2452809815559256,-0.10502987007353377,1.5105911793242517,0.5434782608695652
3814509.326315882,0.30703656156190795,-0.11450787295345877,1.658170936122613,0.5362318840579711
2244667.232333237,0.17552100380664992,-0.10565662048843137,1.236729596302955,0.4927536231884058
4801684.151072275,0.36860687682186266,-0.05981687913675155,1.9887726882164398,0.5942028985507246
3134505.332480172,0.25670632995290954,-0.06728296840379505,1.7233173812592189,0.6086956521739131
5523108.7562733665,0.40746213230972517,-0.050844147300281785,1.956173590327201,0.5869565217391305
2636339.425735399,0.2139485057901127,-0.109316632256398,1.5142672213192718,0.5797101449275363
2934311.7529484113,0.24022719656293612,-0.09671776939391288,1.4236822815277446,0.5072463768115942
3385803.838024138,0.2762400188200156,-0.06758246831403716,1.6093175188104982,0.572463768115942
3422896.9340577275,0.27902420819026497,-0.11219082996593183,1.5322761094965844,0.5942028985507246
3600629.4310201057,0.2920391857467197,-0.06035448341765959,1.8226165396494187,0.644927536231884
2665549.425453549,0.21662671323882132,-0.08067757099316074,1.6580295073524298,0.5144927536231884
3169656.4101817305,0.2595123708714815,-0.10202200947427838,1.5817804444526722,0.5289855072463768
3248909.933765061,0.2657488293706505,-0.07442953807681964,1.4754990595978383,0.5507246376811594
3245887.039351672,0.2655132026553726,-0.06899705397913596,1.7348280620762238,0.6231884057971014
5300748.578291024,0.3959422151916807,-0.06608879403083041,2.238046798997845,0.6521739130434783
2123509.750820577,0.16254788906403528,-0.07837254264467063,1.195558055383587,0.5579710144927537
4684014.400994702,0.36183234310818047,-0.05083922549779786,2.0840584930931914,0.5869565217391305
3081558.731867919,0.25243181096172695,-0.09590325821755631,1.5844651960335847,0.5362318840579711
4099217.103820569,0.3259898021367811,-0.054311561974425146,1.787943540757294,0.5362318840579711
2414961.593822592,0.19283959242227655,-0.1627416659800026,1.3086580427561703,0.5869565217391305
3694978.1816773135,0.29874047562654327,-0.07587502443241435,1.7617438393858635,0.5579710144927537
2800315.0186080113,0.2286873243149108,-0.07562529251954689,1.6448448377845573,0.5869565217391305
2561232.076781502,0.20695141008605233,-0.08978166069483609,1.594059432069184,0.5652173913043478
1599694.2160718753,0.09851854982598529,-0.17787555770753807,0.8728613469460427,0.4855072463768116
5936768.145854417,0.42794019162339136,-0.07635478182227744,1.9897604989901627,0.5942028985507246
3423151.7589223506,0.27904325156035026,-0.07949612674304249,1.5609464338269499,0.5507246376811594
2355466.6795958234,0.18690345219104132,-0.1753549668849748,1.2684612645669666,0.5652173913043478
2479475.562576388,0.19914573313004102,-0.16550571402223122,1.3088045985903258,0.5217391304347826
3273267.876465388,0.267641094310735,-0.21563220342931744,1.7338599245418684,0.5434782608695652
3058415.887794016,0.25054495416082845,-0.09509274420710215,1.5009967095011545,0.5434782608695652
3216910.9525377406,0.26324563968385983,-0.07056708815323526,1.8704802716219555,0.5942028985507246
2252646.7939871675,0.17635558920906624,-0.07865955032774065,1.3102744415651348,0.5217391304347826
3477128.096217119,0.2830516456889667,-0.07709713070873056,1.4686293195599518,0.5507246376811594
3252932.0027784025,0.2660620673577234,-0.08424167825752003,1.6821987106371694,0.5507246376811594
1656616.8835367472,0.10622741372738465,-0.1235287433997142,0.8301988880765059,0.4492753623188406
3300552.3553702626,0.2697473795904348,-0.051869399247900384,1.727116479728602,0.5797101449275363
3422667.662501418,0.2790070734804839,-0.10892983629605377,1.5020974885619875,0.5362318840579711
3563377.6298881276,0.2893545876243264,-0.08001875157809542,1.806972585062107,0.6086956521739131
4119940.0588146215,0.3273277663908012,-0.06156996372815992,1.568434659077364,0.5362318840579711
2275401.2814390156,0.1787225706808815,-0.11308890581987385,1.2924853804664307,0.5
2715170.9541759766,0.2211230689134902,-0.11753816689098112,1.5787181055833523,0.5289855072463768
2200982.469419826,0.1709094652015437,-0.07769435237884265,1.2849029093831978,0.5072463768115942
2758759.5762256524,0.22501884795050908,-0.13900923430650403,1.3505120525471386,0.5362318840579711
3511147.4204812227,0.28555248697221125,-0.18608912585195225,1.447925187330708,0.4927536231884058
2289056.424533604,0.18013393726504257,-0.07625587022031374,1.4796429222823346,0.5507246376811594
3515500.4947869238,0.28587109121756393,-0.06489859570071559,1.9225454646839173,0.5942028985507246
4157590.9115506723,0.32974495374760715,-0.09232573079548971,1.7856520012779464,0.5507246376811594
8268176.3477551555,0.5257449675749883,-0.07744526138528454,2.4119782215886665,0.6014492753623188
4336731.771902362,0.3410115313039679,-0.06804148056556805,1.7889956744702333,0.5797101449275363
2195694.1365603493,0.17034625137528336,-0.09499003657249305,1.3555556651681817,0.4927536231884058
2946326.9950659904,0.2412412185058439,-0.06276279913988533,1.6938133966790265,0.572463768115942
2935501.9042448937,0.2403277870055276,-0.05701958654828769,1.7108716305470095,0.5579710144927537
3358592.7097380594,0.27418200749284716,-0.05817260159999983,1.8599545903807484,0.6304347826086957
1519651.9206090905,0.08729858953940561,-0.1677992216917777,0.7547083959067331,0.5
3499217.0054638227,0.28467766965845454,-0.08937372387857251,1.7385734001848392,0.5652173913043478
2226938.6470833863,0.1736582352612519,-0.11282490381495104,1.2160890733161103,0.5289855072463768
3074206.282710932,0.2518335914907428,-0.08714879983604691,1.5169951258503913,0.5072463768115942
3815834.6143366117,0.3071273705792701,-0.05673932160000004,1.827105090137083,0.5579710144927537
3276068.5014431323,0.26785794016908704,-0.07191504213618787,1.7930777976645624,0.644927536231884
4120566.5657798154,0.32736813248842034,-0.08588622994656436,1.7045062588576478,0.5652173913043478
3329272.050661255,0.2719494649782326,-0.07081230983991092,1.6720027187085258,0.644927536231884
1882136.5782636951,0.1348284814717784,-0.1681857725235226,1.0973938750641115,0.5579710144927537
4027256.0162268355,0.3213012559185253,-0.06647794265577942,1.798055421180462,0.572463768115942
3188315.1382458247,0.26099175876726344,-0.08269246538545452,1.8203433062014742,0.5797101449275363
2279764.6013305592,0.1791742890839414,-0.09169179521020987,1.2441694425317855,0.5
3001593.395489172,0.24586324098137613,-0.07131369858941984,1.5708300296273874,0.572463768115942
2386480.031649325,0.19001260326152525,-0.07666265120405624,1.2969531780718044,0.5289855072463768
5333484.877990081,0.39766218021657185,-0.05903947867707961,2.179802854383201,0.6159420289855072
2240316.783297709,0.17506498846272311,-0.1245702654265303,1.2658208760427914,0.5144927536231884
3627223.352330641,0.2939421487457363,-0.1504191839769096,1.6161465594983664,0.5652173913043478
2442689.81960408,0.19556629891898925,-0.10782098883015546,1.2596057839894268,0.5507246376811594
4123192.940644876,0.32753729746979565,-0.06838987224621067,1.9834812349891071,0.5869565217391305
5035966.760544082,0.381708950789186,-0.081063840059232,1.9109134337891336,0.5579710144927537
5449919.042604,0.40371199219890785,-0.06471713129582457,1.8910460180797977,0.5579710144927537
3575435.9944055337,0.29022603639727906,-0.07652339869947908,1.8031144055244666,0.5434782608695652
3025991.9836345674,0.24788209863898625,-0.11040563031492734,1.4675810651475432,0.5072463768115942
3159558.5183586613,0.2587088353200271,-0.10646908205468977,1.5436365123145221,0.5869565217391305
3704213.1136743575,0.29938902112900845,-0.07623119458804482,1.6872605362836954,0.5507246376811594
4530858.020318281,0.3528077751069678,-0.06803186442735044,1.8612441094878165,0.5362318840579711
2825830.215768486,0.2309182562142169,-0.14007096139319355,1.4235055092087192,0.5434782608695652
3576420.484126926,0.29029708084588535,-0.04803520396380354,1.9677782004665887,0.5942028985507246
3916323.6941097244,0.31394055081148253,-0.14299390598885595,1.5717295358124739,0.5362318840579711
3182812.950682153,0.2605562304556335,-0.05810179498094564,1.8853690653723947,0.6231884057971014
2358716.123926911,0.18723074616357227,-0.10933537609094011,1.3537006117614592,0.5362318840579711
2939265.410812646,0.24064566039826651,-0.10322698513792132,1.507075082335736,0.5652173913043478
4176177.780780064,0.3309317812461783,-0.1228872610363709,1.723800698158439,0.6014492753623188
3525347.2036621524,0.28659061529918084,-0.09040499919591809,1.7575223949630319,0.572463768115942
1816365.0042606497,0.12678387975794747,-0.12459234423341511,0.8701838894232679,0.4927536231884058
2848044.5934610604,0.23284749481217082,-0.07966131428421655,1.6425614574368284,0.572463768115942
3731408.6730409744,0.3012914111073619,-0.07730673633459209,1.6702478031721442,0.6014492753623188
4691522.30641946,0.36226863379397956,-0.08225449039865136,1.9196039811393084,0.5942028985507246
8985210.408212997,0.5513352125021569,-0.04992420360310632,2.2775843223404206,0.6014492753623188
3597558.113545421,0.29181869001056104,-0.09888464448544279,1.5108952601662597,0.5362318840579711
2298630.1570269526,0.18111944659952317,-0.06458639486843137,1.2720701703593393,0.5362318840579711
2660376.651326243,0.21615414829836843,-0.06883694177109143,1.5538589568869678,0.5289855072463768
3181012.322176743,0.26041357002717436,-0.08883487563415894,1.6055389761418055,0.5434782608695652
2549173.390609696,0.20581276001382887,-0.06478414948939888,1.662614137232839,0.572463768115942
2470884.913994183,0.19831364217713476,-0.1131127962861355,1.323535689179902,0.5144927536231884
2860945.4780156906,0.23396237085502847,-0.06352159098347986,1.6298254212604837,0.5507246376811594
2939149.0458166995,0.2406358368543997,-0.06183140153875619,1.5470435496644581,0.6014492753623188
4321434.142775146,0.3400641218322802,-0.0791276802316639,1.781800008230007,0.6014492753623188
2726055.3465392133,0.2221005338048465,-0.07534721790341814,1.3767333422152497,0.5289855072463768
4131070.9640475293,0.32804420491940656,-0.05972909730445726,1.9037314062267772,0.6014492753623188
2154906.011447199,0.16596540967385165,-0.1037813713130326,1.1834356516832278,0.5144927536231884
2507213.6567555615,0.20181679527984486,-0.09110322624941522,1.2595344544453628,0.5072463768115942
3254133.383096204,0.2661555705356795,-0.051540777351800425,1.7726149537595701,0.6086956521739131
3511769.083553354,0.2855980062181711,-0.13254116118181838,1.9301073752398237,0.5942028985507246
4038522.6640947396,0.32203972424982186,-0.10795355922930278,1.6937327720865192,0.5652173913043478
3702537.172556977,0.2992714202436848,-0.06801733127043524,1.634591729849168,0.5144927536231884
3208966.9227904156,0.2626211158181353,-0.08847513213058958,1.562822737394106,0.5652173913043478
2977373.3153208145,0.24384612732073196,-0.09547655605922446,1.516011299751688,0.6231884057971014
3959777.810553349,0.31684349739894957,-0.07886765127601135,1.9296962594264728,0.6014492753623188
6049129.483933706,0.4333048689288739,-0.052837627235866734,2.4327236025424157,0.6086956521739131
3053815.6174730225,0.25016852993352123,-0.07845654290918574,1.6115795678733325,0.5144927536231884
1766848.1814050784,0.12057220723656181,-0.15592274469786524,0.853389797079131,0.4782608695652174
2940274.6234431136,0.2407308451752861,-0.05203885888171877,1.7537485679327796,0.5434782608695652
2364039.8732700185,0.18776619171853048,-0.08069608635403681,1.171193865196041,0.45652173913043476
3631920.061829823,0.2942770674741215,-0.07685610596120579,1.5247821999769582,0.5217391304347826
5093803.10661015,0.3848681613647509,-0.05435822788813112,1.7626116476051876,0.572463768115942
2602729.027194104,0.21083730037572335,-0.10036463883087908,1.1945727634858994,0.4855072463768116
3520118.9603688116,0.28620877474489403,-0.07454510064483094,1.8598220568559218,0.5869565217391305
5424401.287130222,0.40239502384274495,-0.0757568593798103,1.9845989951465943,0.5797101449275363
6036254.06054451,0.4326941979528811,-0.08795486464877829,1.9690425359705321,0.5652173913043478
5587869.210824934,0.41074736089017017,-0.06988500811037623,1.9752300311811843,0.6014492753623188
4966737.132479521,0.3778890062872686,-0.10437785666411185,1.9070179735469202,0.6014492753623188
3437400.2529050647,0.2801062586380625,-0.09920266689828046,1.4855974829338654,0.5507246376811594
2047534.4668769278,0.15410744928293707,-0.15458021994266402,1.305015766629063,0.5434782608695652
5784906.213357954,0.42055896246132063,-0.0551510735139975,1.9449084686817772,0.5869565217391305
3071940.112417448,0.25164897766248195,-0.09223132244330333,1.6189012387074198,0.5362318840579711
2480959.630262309,0.19928924634262812,-0.068264420571431,1.3353464072618249,0.5652173913043478
4555789.895556052,0.3542933233545773,-0.07710687300971909,1.768483709663444,0.572463768115942
3605581.051302073,0.29239435537448744,-0.10597150107398516,1.5585480113696473,0.5797101449275363
6723949.710212438,0.4639454402768175,-0.07940996573329197,2.1031989487143985,0.6086956521739131
3607758.2716082837,0.2925503994512395,-0.0880310604454227,1.9051513006806584,0.5652173913043478
2839020.937827438,0.23206527973687519,-0.13151139762877642,1.7301008351319993,0.5507246376811594
2163142.679904816,0.16685538082370055,-0.08481009889745625,1.3586467444617574,0.5797101449275363
2669373.6761700595,0.21697561074996652,-0.10271489854773766,1.27276988759059,0.4855072463768116
4105561.647525836,0.3264000071355586,-0.08016110400417539,1.8099556377632608,0.6159420289855072
5891646.0842623785,0.4257629670722871,-0.05706894080785955,2.175400225116818,0.6666666666666666
2137692.647342261,0.16409668553702095,-0.13895606112897949,1.1140611241561493,0.5072463768115942
2555185.79573471,0.2063810230287666,-0.07667603450181729,1.3904622365139274,0.5362318840579711
4033977.6389062153,0.3217420208025106,-0.09719541167421968,1.8321301562904957,0.5797101449275363
2800968.446885151,0.2287446595868825,-0.07011667062640763,1.3121749348821747,0.5144927536231884
1640651.1344598325,0.1040868787176712,-0.14396480693765543,0.8638518891694797,0.5362318840579711
5363142.1569211455,0.39921309741725786,-0.08371740968986033,1.999244134670507,0.572463768115942
4147377.4068387863,0.32909098264341385,-0.059751415679759196,1.7093007674133074,0.5507246376811594
3172389.6374041364,0.25972951407281886,-0.06457004660829697,1.6979451601641085,0.5942028985507246
3478328.73442883,0.2831402399579237,-0.06265399039999996,1.6770938598905842,0.5869565217391305
2275596.792289942,0.17874282602085478,-0.06351379166176006,1.3830922122788265,0.5362318840579711
4804659.195888386,0.36877642808537225,-0.06632887054448475,1.9856361030858387,0.5942028985507246
1792646.5600597921,0.12382563520512146,-0.1174903044259699,1.0353538873695312,0.5652173913043478
4907356.868312289,0.37457844157758124,-0.08039230168447643,1.8764559538505612,0.6014492753623188
4118844.99055771,0.3272571989047026,-0.06521298126130828,1.9024865273764222,0.5652173913043478
2468169.9951315993,0.19805019363775944,-0.0927578704693475,1.5145453120708168,0.6159420289855072
2444883.4983057105,0.1957809595510065,-0.08598793849799181,1.328530550020888,0.4927536231884058
3827111.440098845,0.3078990420669949,-0.07072966006334076,1.804060033883712,0.572463768115942
3792838.6200325065,0.3055480874711083,-0.06922124571679916,1.6881298076499807,0.5362318840579711
5068090.586447579,0.3834672211989969,-0.05645991432292011,1.9613740540515014,0.6086956521739131
5167572.252745905,0.38885629476110206,-0.06405349855260295,2.000660103084256,0.5362318840579711
3471127.289926405,0.28260848313203746,-0.0972147087054283,1.571251065372834,0.5507246376811594
4615747.1857984895,0.3578393887664091,-0.09788438627190023,1.6418585408372406,0.5579710144927537
3047808.6644618614,0.24967631820426983,-0.041368087701192685,1.7113364796063544,0.5797101449275363
4412536.19940977,0.34566716726674596,-0.05498265436012798,2.0069708834536364,0.5942028985507246
3028349.314742899,0.24807646498744962,-0.084818125054257,1.376326985957428,0.5434782608695652
3820876.0123555535,0.307472577867669,-0.08368748133223983,1.8490586267968807,0.5652173913043478
3022350.6906396714,0.24758162903487024,-0.06794604511988285,1.6693572846235714,0.5652173913043478
6458219.539857696,0.4521870542642821,-0.10427950206624337,2.0740998669817468,0.5652173913043478
4031729.905999565,0.32159469299451504,-0.10732832921392978,1.7064195877158679,0.5289855072463768
1558176.1061227222,0.09275627255800156,-0.08254896439584349,0.7782066617432258,0.5
3563809.34410751,0.28938582796952517,-0.10143553253147779,1.7554534206154018,0.572463768115942
3206624.765652571,0.2624367498907798,-0.06268887738833546,1.6864577931001752,0.5579710144927537
3241832.19776577,0.2651968625265284,-0.0654145688762428,1.7532832435317272,0.5507246376811594
6139454.333446285,0.43755991595789867,-0.13010859552474824,1.954950176285683,0.6014492753623188
1600662.4251353429,0.0986514925101778,-0.12001210891796821,0.7871752557815516,0.4492753623188406
5362304.195327598,0.39916937080747417,-0.06103213494471193,1.967505884108013,0.6014492753623188
2269665.4602822666,0.17812770687170132,-0.057301621514277847,1.3838352743053526,0.5507246376811594
2833469.956649275,0.23158310461288556,-0.07370964842178007,1.3641222052062087,0.5
5107896.270495297,0.3856336251982435,-0.07641615790251578,1.8909916219074083,0.6231884057971014
2991052.9669044204,0.24498701189626604,-0.08155277643679062,1.5400896042089085,0.5362318840579711
4679184.062668843,0.36155135225209434,-0.06299572945254399,1.9187043430049524,0.572463768115942
3556952.6297521912,0.2888892939932184,-0.11957394965488376,1.822459164374665,0.6159420289855072
6407290.909444259,0.44988944589155544,-0.04447999999999994,2.2902171581838493,0.6304347826086957
2593711.2665605857,0.20999708958272878,-0.09101964600757896,1.3005216971205005,0.5797101449275363
2054773.7321593752,0.1549223903063932,-0.10879026700903785,1.1044964632071665,0.463768115942029
5751148.861602396,0.4188971676552762,-0.06196942733844409,1.9693931075009543,0.5579710144927537
5244227.841442472,0.3929525103732885,-0.06937977406572754,1.9150006989560533,0.5942028985507246
1697180.4881429872,0.11159249524702375,-0.09441300938826733,1.0949384912684408,0.5
2884273.5883774436,0.23596818180308765,-0.07284821590536404,1.5662913553141917,0.5507246376811594
3983434.026034959,0.318413149003266,-0.06987045139645645,1.866976670392001,0.5797101449275363
3835453.6846847604,0.3084687308803793,-0.11155863727491076,1.8268446523775295,0.5507246376811594
2128210.9287104304,0.1630621801823573,-0.11762784549250731,1.1303519742048334,0.5362318840579711
4785660.551757289,0.3676922252479684,-0.0849261228604478,2.032934855961483,0.5942028985507246
2715617.9154374986,0.2211632696066652,-0.06779792723335742,1.4721584722867838,0.5217391304347826
3493423.4949103054,0.28425198999244405,-0.10020131021365544,1.66369277972168,0.5652173913043478
4971826.466497203,0.3781712706680236,-0.06592715120492712,1.982212477988928,0.5797101449275363
3443781.3083204217,0.2805811739635711,-0.08113188879159823,1.727700149052805,0.5652173913043478
3833466.7253292836,0.308333132157824,-0.09270024524195965,1.9539721523634355,0.5652173913043478
2719854.4406021275,0.22154404950438655,-0.0611417088731847,1.7603961142768683,0.5579710144927537
4242499.629302723,0.3351324843607084,-0.05514880587358439,1.7852190708345972,0.5942028985507246
3808104.211980149,0.30659732566000364,-0.07130920710080998,1.876591214819279,0.6231884057971014
1857897.9072765922,0.13189038069202663,-0.1051148791898955,0.9860370557805197,0.4782608695652174
2281374.971612194,0.17934083004360257,-0.11845298716358667,1.3207829437595195,0.5072463768115942
3806612.8807261377,0.3064949715945038,-0.05825694046614527,1.5877188860589213,0.5289855072463768
3325676.5707018063,0.2716746153654155,-0.08412562934270104,2.0863892967292874,0.6014492753623188
6405697.864395535,0.44981734150365993,-0.06525454231163533,2.1093521725004285,0.5942028985507246
2203814.6856899764,0.17121065462543816,-0.06322040390098241,1.3170694087609864,0.5072463768115942
3248287.110619087,0.2657002962847004,-0.12439802670798085,1.4063615108813574,0.4855072463768116
2373107.6688402267,0.18867598466523816,-0.09854904972624148,1.2747089886716307,0.5072463768115942
3428316.099869282,0.2794289448278342,-0.07419615405046127,1.52789472154305,0.5434782608695652
4292131.533218099,0.33824184177950456,-0.08141534791523838,1.8449140566168771,0.5507246376811594
3051363.1256818553,0.2499676655830776,-0.06908154837255485,1.6772640961107277,0.5579710144927537
2622716.4196923883,0.21269131435158828,-0.10189582046527858,1.2383545515946583,0.4927536231884058
3239336.4189065807,0.26500199590621465,-0.06318226489192844,2.032868944836879,0.6159420289855072
3116212.961221472,0.2552361146098907,-0.11657709720933639,1.7807483775294604,0.5434782608695652
1967459.2782186694,0.14493584031286155,-0.13560889734863166,1.005668937691169,0.45652173913043476
4586802.506647984,0.356132138354613,-0.11036604614098722,2.049336382886053,0.5942028985507246
2622098.2014307394,0.2126341386227799,-0.08237528869758463,1.4225719357324045,0.5507246376811594
2484703.3714173306,0.1996509709643144,-0.1107095354730138,1.5200387512860345,0.5797101449275363
5306936.966791327,0.39626800319537536,-0.060644297882675315,2.003496548392689,0.5797101449275363
2930778.2624971783,0.23992835692158043,-0.08936457520673133,1.3002404151724656,0.5217391304347826
3685616.5231119404,0.29808170553812885,-0.0666887839191091,1.6732087730391267,0.6014492753623188
3817974.3169145086,0.30727393021664096,-0.0970531658475638,1.656755554814409,0.5434782608695652
2961909.4212539913,0.2425513759942426,-0.06883970821375626,1.465163154619984,0.5507246376811594
1772110.0194090472,0.12123884720682088,-0.10295557813404013,1.0779859181146734,0.5072463768115942
2467409.712739214,0.19797637629777265,-0.06543288182220794,1.3848762650962163,0.5507246376811594
2364416.4710449227,0.187804032163577,-0.0814345624815204,1.4194557588401056,0.5797101449275363
2496664.8294845386,0.20080378644566488,-0.10211651079374447,1.375594752307594,0.5144927536231884
2281634.365177727,0.17936764716175535,-0.08410178290557255,1.3503813558907398,0.5217391304347826
2210237.6443730523,0.17189255253517866,-0.11587424299326801,1.117225709052371,0.5144927536231884
3568895.886291878,0.2897536800990701,-0.0913106103807452,1.5289261662666245,0.5942028985507246
3187515.5884585413,0.26092850737591,-0.08060121117028107,1.7715283561105462,0.5942028985507246
2307175.43292115,0.18199631810564543,-0.128392110422095,1.3644182122613004,0.572463768115942
3281461.6965421843,0.2682751052559038,-0.13129621166174796,1.6562510181870547,0.5579710144927537
3753605.983481374,0.3028359581516331,-0.11835652749421854,1.7427195675932767,0.6086956521739131
3389791.797194257,0.27654052039175303,-0.10800733452395195,1.665946688777346,0.5797101449275363
4129528.634072354,0.3279450253913181,-0.063799751834637,1.7040941645438756,0.5869565217391305
3654158.14667089,0.295858159990382,-0.05126935573947406,1.760868012476985,0.6086956521739131
2643145.207018715,0.21457462774053293,-0.1059873886457455,1.5937388035448488,0.5797101449275363
2029061.1029839923,0.15201736396161136,-0.12634116854333405,1.0010655231706056,0.4855072463768116
2689303.910947915,0.21878745868950467,-0.0799035280765449,1.5518497282391068,0.5797101449275363
7321103.807492218,0.4890706819670123,-0.0661183350946037,2.282057040219994,0.6231884057971014
4599879.125550937,0.35690450362555226,-0.10721290049745183,1.738472736477777,0.6014492753623188
3514693.2175607556,0.28581202993674193,-0.11644214708496987,1.8969905936242477,0.5579710144927537
2614147.417073832,0.21189784981460713,-0.09558286742096879,1.3449812367371723,0.5217391304347826
4520486.637703691,0.3521878770094855,-0.05885842091268716,1.951837580019378,0.572463768115942
2093839.1667599669,0.1592808553208125,-0.1793569291058737,0.9804183247174434,0.45652173913043476
3688861.3584969975,0.2983101926245868,-0.05532851505333665,1.7049610740378343,0.5507246376811594
4522408.727514891,0.3523028462517219,-0.10535505766160523,1.7983362362596909,0.5507246376811594
2353912.8035624977,0.18674681336417143,-0.14393885721518299,1.32917465520198,0.5362318840579711
5192433.352382108,0.3901900831555476,-0.07266740579417275,1.8972260301887471,0.6376811594202898
2744621.8735767757,0.2237607054573958,-0.06352885903572005,1.7928336026903404,0.5942028985507246
4166609.7368554967,0.3303213618238756,-0.11379041508471929,1.8597430020701142,0.5652173913043478
3235305.338889549,0.2646870014891318,-0.0979752799048563,1.5294026494572872,0.5289855072463768
6057436.722274779,0.43369832289462895,-0.05665409007150679,2.155389425049116,0.6014492753623188
3895507.757742586,0.3125408075275571,-0.07064502580488531,1.7571336817180254,0.5289855072463768
4152625.1009246493,0.32942715342580464,-0.13996512702792627,1.575693263731586,0.5072463768115942
4872552.003206521,0.37262307845305687,-0.05142255176666686,1.9151095723772384,0.5652173913043478
4908915.826002457,0.3746657650569942,-0.04673774660257464,1.9409579476438836,0.5289855072463768
3139252.932740538,0.25708678729730905,-0.08864075872227008,1.6288612477820794,0.5797101449275363
3645966.9628969226,0.29527667762205234,-0.09947621626947507,1.660400292985554,0.5507246376811594
5247715.513121639,0.3931377376103924,-0.05823948799999989,2.082820966163857,0.6231884057971014
3299079.348040072,0.2696340239472932,-0.07292976132366522,1.5281655697949814,0.5362318840579711
4814320.286660253,0.36932644628635236,-0.0616733444044297,1.8889574265431595,0.5579710144927537
2156612.8177342466,0.1661500531691682,-0.12352619844112017,1.2507149437234566,0.5144927536231884
3296960.6378057203,0.2694709070531398,-0.06309711500992889,1.568790212626572,0.5579710144927537
4413742.609850741,0.3457407417071614,-0.06456390210827796,1.8519838576735208,0.5507246376811594
3857954.1621353272,0.31000035293948525,-0.1838263383877475,1.60496972825996,0.5434782608695652
4791426.423805961,0.3680216318395877,-0.06277338228132459,2.1231726780971307,0.6304347826086957
4436008.471241912,0.3470957729502042,-0.0813362329203632,1.7273950914404623,0.6014492753623188
3166320.58141661,0.2592471504888887,-0.0951535759702849,1.6944230358447125,0.5217391304347826
2995900.205540618,0.24539027062126229,-0.06784728750459497,1.6773373860589882,0.5217391304347826
6024755.836155737,0.43214796496095165,-0.064599566448442,2.2163865520397663,0.5942028985507246
2652626.5752042313,0.21544475330598023,-0.07291091875530681,1.5021888495275597,0.5289855072463768
4483545.038066786,0.3499705904083048,-0.09720972176527908,1.7556621347732793,0.5144927536231884
2465232.3522529146,0.19776487128344544,-0.08520818450945791,1.2383036544428994,0.5362318840579711
2955460.3565755016,0.24200981437121927,-0.11527887914652236,1.506776407300501,0.5289855072463768
2138699.131879335,0.16420628265055148,-0.09257544619189305,1.2308478682419859,0.5507246376811594
3440714.807556072,0.2803530350533068,-0.0646558956680785,1.969054101618842,0.6231884057971014
2620533.178136599,0.21248934969585243,-0.1384091868133706,1.2509848167224298,0.5072463768115942
3381522.349841494,0.2759170838359011,-0.03765745273235127,1.8782287995726898,0.6014492753623188
3281247.2074576183,0.26825852494480196,-0.07077627515753333,1.8021219301273423,0.5869565217391305
2656030.8830139176,0.21575656693478207,-0.05437557530845714,1.5148738481425243,0.5797101449275363
2929859.3464384633,0.2398505937541635,-0.06415191577752183,1.5924322578444636,0.5652173913043478
3897165.5352163143,0.3126525018391717,-0.10819860119571761,1.6608077492736124,0.572463768115942
3345511.3338081976,0.27318789571536173,-0.11935738259547363,1.6859116147303534,0.5579710144927537
2132632.7222168026,0.16354507893474413,-0.08230926764164288,1.064189529575498,0.5
4056919.549143196,0.32324200630082967,-0.09469154390939004,1.6184367290842563,0.5434782608695652
3561315.0412338194,0.2892052897181401,-0.06008210752183136,1.6837224315221957,0.6014492753623188
3070950.7848669444,0.25156834781158754,-0.10739588047335792,1.6043090992227387,0.5579710144927537
2891333.0707559763,0.23657261585014844,-0.06681844180212651,1.4469458000536304,0.5507246376811594
4521613.0491099935,0.35225525772226907,-0.06063279818853693,1.9140609016652508,0.5942028985507246
3906790.8722090167,0.3133002679547383,-0.06155815860507634,1.7700254024580213,0.6231884057971014
4500628.398491906,0.3509977671355,-0.06222247146586196,1.9380380610768113,0.5869565217391305
3488686.6358535336,0.28390352821543074,-0.0529172415999999,1.8176729629646873,0.6014492753623188
1955206.5025831359,0.143506207706795,-0.08394519168573157,1.2487769269692572,0.5289855072463768
2191270.958331447,0.16987434353331832,-0.09312292352099898,1.265369365074318,0.5144927536231884
3265197.376194526,0.26701538307821493,-0.071688980850688,1.5875195370279738,0.5942028985507246
4975778.047615788,0.37839027368700107,-0.06518578750086805,1.9737359032625756,0.6521739130434783
3317140.005978779,0.27102110046644756,-0.0953240838565858,1.8009853877237088,0.5869565217391305
2297322.0814382504,0.18098498866482293,-0.12791440199999723,1.4363147244533117,0.5507246376811594
5953007.22492621,0.4287205186758487,-0.04640555500000004,2.295784703489149,0.6304347826086957
3403826.7712237444,0.2775958427099354,-0.07107017645942897,1.6541045657669728,0.5362318840579711
2945576.1230888246,0.24117794594489128,-0.08331105503282059,1.4455417654103122,0.5434782608695652
3115876.8893591217,0.2552090389418855,-0.10016102318137331,1.5415110751296173,0.5362318840579711
3706090.2514815833,0.29952068947064325,-0.07998481728144843,1.7632246388831636,0.5434782608695652
11426504.224220296,0.6277311583177354,-0.05059687727080001,2.3338916773918004,0.6159420289855072
2876729.675237575,0.23532096117102674,-0.06647541192829919,1.5064773440461474,0.5217391304347826
3773705.6327248607,0.3042282532614231,-0.12077248687186201,1.6371717341155994,0.5652173913043478
2760848.552478473,0.22520431250203354,-0.08667207043892736,1.32565969350837,0.5289855072463768
3030977.591212592,0.2482930286321119,-0.09648613601435836,1.525169153921821,0.5072463768115942
2393983.318193726,0.1907599631527397,-0.10988589594018483,1.2637881485341809,0.5434782608695652
3196381.987357357,0.2616292083659628,-0.09106328649278647,1.3850803385168469,0.5072463768115942
3981744.4217077657,0.31830128699756166,-0.05866294688686755,1.786836503612744,0.5942028985507246
2689186.7390062795,0.2187768380838313,-0.07153942917453301,1.5135416244739552,0.5579710144927537
4262703.550445104,0.33640172067952,-0.09063937266271074,1.8631637502642364,0.5652173913043478
4552732.002057852,0.35411147137455035,-0.06959638660427421,2.047290082463653,0.5869565217391305
2488193.6334396075,0.1999878116196543,-0.0747445607433049,1.4187396346534398,0.5
2813158.2559766443,0.22981230151215293,-0.06909647648005846,1.5618587825996173,0.5362318840579711
3560428.868132945,0.2891411239386088,-0.13087322306367385,1.773819999619014,0.5652173913043478
3544059.925890108,0.28795358216658906,-0.06340274697569268,1.6662089012171828,0.5797101449275363
2585807.1326763495,0.20925871452342837,-0.10276433562281843,1.5299419872284534,0.5434782608695652
2796257.504152839,0.22833105664452247,-0.09879432896423723,1.5380990665544074,0.572463768115942
1939009.4471714534,0.14160532273008952,-0.08760062143997326,1.1020848889771813,0.5144927536231884
2632621.1628647726,0.21360588463578845,-0.11039696589619843,1.549677993174039,0.4927536231884058
3287601.4272615593,0.26874934796089645,-0.05984820491724647,1.820693948169446,0.6159420289855072
4845439.354977694,0.37109211248774576,-0.04811446978051681,1.796769413790778,0.5869565217391305
3212300.4958067853,0.26288333676839715,-0.08470202145639434,1.7399166536955435,0.5797101449275363
5330850.086629898,0.39752406128599627,-0.1264272218672874,1.8382749745995377,0.572463768115942
1847432.3831083463,0.13061231179130184,-0.10998876101492394,1.2734589501087525,0.5652173913043478
3758230.6082231496,0.30315683148391126,-0.0703485209420956,1.6207322206965367,0.5362318840579711
5190348.166651119,0.3900784102622099,-0.06738191130057143,1.7943371101499963,0.5942028985507246
2703359.444817053,0.22005879191894429,-0.10889186803441649,1.2730484071821284,0.42028985507246375
2101344.583696299,0.16011076027749738,-0.18886587120601464,1.0418877601850427,0.4855072463768116
3976047.92907101,0.317923864743594,-0.11037799529583868,1.793494419637202,0.6014492753623188
2541265.7778811213,0.20506373653033183,-0.07554745171575925,1.3692540548250476,0.5
5919963.023348263,0.42713086485319507,-0.060078955370259986,2.0407152548977554,0.644927536231884
3529370.58539771,0.28688415141956436,-0.07288985643606957,1.5975458659697008,0.5942028985507246
5163524.720716721,0.3886386605568428,-0.062511241158464,2.051902119289389,0.6304347826086957
2513611.998051279,0.20242957086145275,-0.09034202189242661,1.157783151399406,0.5144927536231884
2018619.9022881866,0.15082929922286614,-0.10050393652291462,1.1438023385085545,0.45652173913043476
5319295.0435996605,0.39691768632288515,-0.0605216178182746,2.127586929077814,0.6086956521739131
3853062.6243802235,0.3096679918872549,-0.06837114627319237,2.0451025841724384,0.5869565217391305
3212621.4270445537,0.2629085699317988,-0.09789380571290639,1.7447857069407924,0.5579710144927537
4666637.104061236,0.3608203837352113,-0.0785176144994151,1.8666926943206734,0.5217391304347826
2453251.341783467,0.19659837577850992,-0.08643965058644203,1.1878285102427972,0.4782608695652174
4145908.5385112376,0.3289968250065636,-0.067360549921407,1.9150375840602678,0.572463768115942
3454625.2126875734,0.2813866282586195,-0.05885169864472987,1.6337970671547482,0.5869565217391305
2331470.9270149907,0.18447527842977096,-0.10042451965624588,1.2149994063751626,0.4927536231884058
2530803.0037750136,0.2040698125311462,-0.1756823064787609,1.1476154227001074,0.45652173913043476
4410501.9393707365,0.3455430689358272,-0.0620766520851399,1.8771431448722664,0.5579710144927537
4919774.121485671,0.37527336715818604,-0.10509197892962048,1.716062275552272,0.5507246376811594
2856610.7362207947,0.23358821811439578,-0.11013603148829088,1.616732344179591,0.5652173913043478
3161380.527155313,0.25885397266975363,-0.04447999999999993,1.8481520855236344,0.6231884057971014
2613421.0028769798,0.21183049036390056,-0.11725011403456248,1.2668838718527586,0.5362318840579711
4469993.266379987,0.3491535292779402,-0.0804733635174604,2.0565982615585625,0.6159420289855072
4570363.953624314,0.35515869871380845,-0.06329565552554904,2.0380279675746915,0.5869565217391305
3655491.6135582137,0.29595272249720983,-0.05918444933834687,1.8168557314727045,0.572463768115942
3442758.5625405745,0.28050510266364825,-0.0663013625208168,1.959782079967467,0.6086956521739131
2943451.7228891896,0.24099886249462132,-0.09349614911882378,1.5373615199463542,0.5507246376811594
6085099.620397496,0.4350054104532586,-0.05419763839999988,1.8914156939542097,0.5652173913043478
4669776.256818104,0.36100341378447154,-0.07456887101151922,1.6704400671447253,0.47101449275362317
2737372.2925618603,0.22311353866167938,-0.06927385000218268,1.6511008339673274,0.572463768115942
5221053.8505798215,0.39171925051276046,-0.06566747154964982,2.167011991535873,0.6304347826086957
3973582.065219459,0.3177603542746905,-0.07468847985019136,1.785695734896864,0.5652173913043478
3060685.3322407934,0.2507304881374084,-0.10790382602153861,1.636605527327806,0.572463768115942
2680323.387920617,0.2179723780071785,-0.08669220134620545,1.4954683534392288,0.5507246376811594
4520187.9668811355,0.3521700085908157,-0.08517717228299418,1.7566050264166262,0.572463768115942
3599261.3659482333,0.2919409883389228,-0.11098716492262456,1.498527243951635,0.5652173913043478
6705682.187659732,0.46314912957918364,-0.12159851495619196,2.0796526852306614,0.6159420289855072
2443185.435645032,0.19561481050214025,-0.08419454349031316,1.2718763070348498,0.47101449275362317
3476803.0421887524,0.2830276559657987,-0.06469855395531116,2.0211404139183022,0.6159420289855072
3301301.0361538623,0.26980497899305367,-0.0565011439696471,1.602433871125702,0.572463768115942
4477916.357546591,0.3496314671612988,-0.05786683519999997,2.231279967930358,0.6304347826086957
5807751.97102488,0.421679208813067,-0.10231376245040491,2.0669990584640976,0.6231884057971014
2007398.675962451,0.14954698486764473,-0.07745121367269432,1.0173452130645235,0.4855072463768116
4098338.328031531,0.32593294505218884,-0.05057615044648049,1.9396835314815961,0.572463768115942
3758506.525696319,0.3031759656573465,-0.057029121149173544,1.7928909213091548,0.5362318840579711
3621468.2664468843,0.29353128467210343,-0.08848352213073286,1.714448200357219,0.5579710144927537
2059872.0450031543,0.1554949419564997,-0.0898812737603374,1.2729638686714948,0.5434782608695652
4129755.9756298712,0.3279596464519401,-0.1196888944893817,1.8762890699369679,0.572463768115942
3855290.2968445746,0.30981939543971415,-0.06579988062498601,1.8110724539363434,0.5579710144927537
2699060.4963965626,0.21967051138265892,-0.07119159016643602,1.357406278356708,0.4927536231884058
3399869.513272383,0.2772986402135518,-0.1008738076682445,1.8599984811709163,0.5434782608695652
2632237.2821369274,0.2135704897151267,-0.07746507513857921,1.2702136398101356,0.5289855072463768
4459737.7353441045,0.34853388622963943,-0.09001521867395164,1.8822199609738703,0.5797101449275363
2802756.453189074,0.22890149408668758,-0.11013176328427478,1.3774505296163109,0.5579710144927537
2851493.119066677,0.23314590646633482,-0.1062145354083048,1.4985661704495148,0.5072463768115942
6547302.448183629,0.4561713451647802,-0.05363260123334913,2.1713029585050925,0.5869565217391305
3509058.9050396592,0.28539951502640815,-0.12794669978789316,1.632918208311439,0.5652173913043478
3456439.121618113,0.2815211627154788,-0.07392573873845557,1.6777049174065757,0.5652173913043478
2887306.981875436,0.23622804630764405,-0.07237933034096442,1.6203542547053618,0.5507246376811594
3501980.8861716744,0.2848805478758467,-0.08422188928258878,1.5780600565238014,0.5072463768115942
5011741.769797144,0.3803770723292421,-0.09381027919552701,2.0639299748616486,0.6884057971014492
4378962.217209949,0.34361313128848847,-0.05519331713034321,1.978283069854472,0.5797101449275363
2972955.5026213904,0.2434767854229647,-0.13162567274052167,1.7290005474165777,0.6159420289855072
4349411.099067755,0.34179476046319146,-0.043222058001267896,1.7518991611718826,0.572463768115942
4077916.867609948,0.3246089148587574,-0.0729430865106678,1.9302731346945516,0.6014492753623188
4584717.609414124,0.3560088319620238,-0.06708025236660481,1.92390349572173,0.6231884057971014
1909348.4342153594,0.13809112818360325,-0.09446064876733637,1.083507162773201,0.572463768115942
5588245.230312014,0.4107663468113172,-0.09154753364338655,1.8848091293447848,0.5217391304347826
5051800.57508085,0.38257671904102897,-0.09276992879968064,1.8714755264612162,0.5869565217391305
3252611.8971608235,0.2660371489436293,-0.1069220002742623,1.697823092907212,0.5797101449275363
2106636.226991069,0.160694454934039,-0.07265815234529192,1.377948641377151,0.5507246376811594
3923777.0485237143,0.3144402959115602,-0.06904600972233316,1.563352951423085,0.5289855072463768
4027270.72501775,0.32130222107770257,-0.08337395840228759,1.709102584568171,0.572463768115942
4381864.251531434,0.3437911724773397,-0.07582750260430589,2.078511472772563,0.6014492753623188
3211592.1675937274,0.2628276374458285,-0.07817793790715237,1.6010185914598323,0.5362318840579711
3053411.7310482445,0.25013545964538575,-0.09142760202406673,1.480217917688818,0.5652173913043478
2254348.3278503683,0.17653324727640385,-0.06770560940919411,1.3613172347447704,0.5797101449275363
3036201.360046989,0.24872300894932686,-0.12442958282746942,1.6764381432142124,0.5144927536231884
4592504.133521219,0.35646911897288636,-0.06353592315718887,1.799177571967596,0.572463768115942
2904836.867810094,0.23772553160049892,-0.08385749184020466,1.7172382262831982,0.6086956521739131
3032449.670096453,0.24841425875454504,-0.046543923199999906,1.693668927795121,0.5652173913043478
2525309.8098062724,0.20354666323496384,-0.07220633845761254,1.513606401292556,0.5144927536231884
3909392.9454518277,0.31347516308171675,-0.097568635868887,1.7026430367289207,0.5507246376811594
3902873.6542662242,0.31303680118265276,-0.06650538514242585,1.8392331280221224,0.6231884057971014
4049351.484077621,0.32274794362744497,-0.06825805500224,1.848439569063166,0.6086956521739131
3158826.826053633,0.2586505314216374,-0.05179627005156295,1.868282185906361,0.5507246376811594
3903063.300253465,0.31304956138668216,-0.07761534337066159,1.9676152145109886,0.5869565217391305
3187627.202959503,0.26093733782275774,-0.08222441147210607,1.6453002481767303,0.572463768115942
3643366.0937828813,0.2950918264248785,-0.05551692766405572,1.8409178364322223,0.572463768115942
3521459.5114571624,0.2863067240471848,-0.11235818625799315,1.597546007647454,0.5289855072463768
3825874.5198869416,0.30781448869191474,-0.04798204854900809,1.8496050633012606,0.6086956521739131
3391904.819077325,0.27669962666784675,-0.10106402204635513,1.7953210412788116,0.5579710144927537
2956671.373614026,0.2421115818390045,-0.07633263080597098,1.5145144085812903,0.5579710144927537
5263371.849250444,0.39396802079719584,-0.0457352218381876,2.144868013184006,0.6086956521739131
4819179.562760299,0.3696027573780789,-0.06622513241592752,1.8538242332324002,0.5797101449275363
3851421.4719693516,0.3095564063107419,-0.06249056183337248,1.7255850498247318,0.5652173913043478
3103528.777283327,0.2542125881475732,-0.0666942531984275,1.5561645473488979,0.5652173913043478
2802097.861484762,0.22884373520356238,-0.0956016838617924,1.5029201072023366,0.5217391304347826
3637822.176493294,0.294697451779246,-0.061034988366399964,1.876346530950475,0.5652173913043478
5355299.585632509,0.3988036414528966,-0.11560323454415367,1.7725986587123468,0.5652173913043478
5445879.807540864,0.4035038568369793,-0.07648720570469865,1.8979935768057588,0.5362318840579711
3476368.8234869572,0.2829956068431001,-0.11216742039653069,1.540366059223283,0.5072463768115942
3034791.2589555304,0.24860699866727698,-0.0766670204401057,1.7268789778346092,0.5869565217391305
1785277.2367613455,0.1229001336030946,-0.136699634753056,0.9069907146750381,0.5217391304347826
3308397.8143903147,0.2703504479110366,-0.06231312792320733,1.7281830156626037,0.5579710144927537
3490077.8748791046,0.2840059124087322,-0.09492966607117745,1.748099342913313,0.5652173913043478
2990801.798275498,0.2449661020569398,-0.08998178582011598,1.4295873541216522,0.5434782608695652
5613176.5876271045,0.4120229029899718,-0.04696085216587685,2.1710245624816813,0.6159420289855072
3287104.11261151,0.26871096095846103,-0.053024623296676045,1.6074753689220522,0.6231884057971014
2721309.6951038796,0.2216747386412301,-0.07814731472882719,1.5733874398113274,0.5652173913043478
2929294.8963080975,0.2398028175517477,-0.10497628933906639,1.3488700897961277,0.5507246376811594
3549566.1678311126,0.2883535404637769,-0.07380718469382237,1.5636442043172558,0.5144927536231884
2331417.675608295,0.18446986763521123,-0.10526472778847717,1.1998684361472973,0.5
3125321.0720982226,0.25596902258692844,-0.12657322060429801,1.7355192475557149,0.5579710144927537
2245405.1625079634,0.17559828371347885,-0.08998661484664947,1.163924811071602,0.4927536231884058
2736963.7825290714,0.22307703036633053,-0.08005026517643381,1.6757608146778402,0.5869565217391305
2620541.184584748,0.21249009059250112,-0.07730937487068718,1.3298242673935532,0.4927536231884058
5492706.435703021,0.40590921544269554,-0.09981928708625441,1.9900953588696129,0.5797101449275363
3005051.644645146,0.24615018999204286,-0.09999436736137877,1.4758625954285474,0.5652173913043478
3090580.959485824,0.25316433081050804,-0.09773460741612036,1.5671140081939101,0.5652173913043478
3077505.352229926,0.252102156057898,-0.0965242820482305,1.3373747986544926,0.4927536231884058
2750050.664336804,0.22424443626222557,-0.08859069375457702,1.356301044856184,0.4855072463768116
3044741.391362337,0.24942468544514695,-0.06445036799999992,1.578085115230753,0.5072463768115942
2263337.96670399,0.17747008375596018,-0.11923725826573446,1.171168952311911,0.5
3131714.4367665816,0.25648246138370134,-0.055542240958692986,1.6402129805994523,0.5652173913043478
3136645.497552443,0.25687789289267093,-0.0901887241483151,1.5212654888576511,0.5072463768115942
4512618.652678777,0.35171684769312717,-0.10077372889461544,1.7741087490755127,0.5797101449275363
2855992.75006357,0.2335348397237098,-0.0675070544518028,1.3788392833586536,0.5217391304347826
5037017.396837753,0.3817665982087233,-0.0675813142523322,2.0699150804948414,0.5942028985507246
4316469.744753324,0.3397560911863331,-0.0842253457013597,1.6979570798730461,0.5289855072463768
3405324.85191229,0.27770828114668866,-0.11056290142795647,1.628558411977929,0.5652173913043478
4087846.683508724,0.32525337773130536,-0.047575105038588195,1.9831606945516573,0.572463768115942
6468657.035644195,0.4526561435262626,-0.05380702947010851,2.3171465420736057,0.6086956521739131
2368484.145077142,0.18821244398493198,-0.10810831025780099,1.2332374600116491,0.4782608695652174
2570352.105280893,0.2078097303200246,-0.1526571719735037,1.5090349534075564,0.5
3928761.232773542,0.3147740603582634,-0.1136740137063212,1.737222261919648,0.5072463768115942
2484793.642412733,0.19965968766787023,-0.09273529213165649,1.2395834392262244,0.5
2700054.2850996098,0.2197603142085196,-0.061299270062340906,1.7538271500136193,0.572463768115942
3322150.058532118,0.2714048068448667,-0.05413786011327988,1.862745480957689,0.5942028985507246
3113806.963108042,0.25504222356917317,-0.056360743911937544,1.6559699750865422,0.6159420289855072
3291074.969057371,0.2690173361974595,-0.08013285198716709,1.5880068712589201,0.5579710144927537
2593411.7449925244,0.20996914221847462,-0.12988310084943344,1.3121268858408126,0.4927536231884058
3584218.913034215,0.2908592924306044,-0.0666424764584931,2.023274504072271,0.6159420289855072
3453983.9042357965,0.2813390500091115,-0.07449902265443843,1.5166558547315327,0.5144927536231884
3089891.226027737,0.25310839139013397,-0.1112989787894563,1.636708201653496,0.5289855072463768
2960674.4983818065,0.2424477461482959,-0.05696540889031914,1.7498417978808913,0.5652173913043478
3477044.276667185,0.2830454597881018,-0.07405918403063702,1.8169382128984248,0.5652173913043478
5432880.903742523,0.4028332046712926,-0.051968969745236154,2.3114576939115663,0.6521739130434783
2196597.229153855,0.1704425086061765,-0.08495803636618239,1.3876354312186274,0.5797101449275363
3884930.7190558147,0.31182727295713186,-0.11022287649266282,1.533927002928817,0.5507246376811594
3068658.5837614425,0.25138145433954584,-0.07626428039248297,1.8269436004135537,0.5942028985507246
3619624.281155596,0.2933995293482137,-0.06899163262200247,1.6316486076691437,0.5579710144927537
3706002.283396292,0.2995145203045153,-0.07638824776542362,1.6520051995883602,0.572463768115942
2662691.2369587123,0.2163656908121634,-0.05713171732487104,1.4537723402550213,0.5434782608695652
2444835.7513122004,0.19577628894876553,-0.0655471538725024,1.4654826056260297,0.5144927536231884
2532055.7374148895,0.204188990530354,-0.08240940414304009,1.289365875685124,0.5507246376811594
1963229.1699393974,0.1444430856992036,-0.09375074485009495,1.1883805581863442,0.4927536231884058
4517275.283186711,0.3519957034916863,-0.05890792571228087,2.0391053119584743,0.5797101449275363
3767206.984158609,0.3037787446720288,-0.1253883479768283,1.8519597167168504,0.5869565217391305
2404408.87962242,0.19179528968066606,-0.11575644214432475,1.3147409175335614,0.5
3480638.577335322,0.28331061289519277,-0.046206211518327184,1.8055022271363297,0.6086956521739131
3784395.0605111187,0.30496629091518357,-0.08106015512990561,1.7400022574940721,0.5797101449275363
2066597.075142297,0.15624844606469446,-0.07108705517256436,1.3166841269871754,0.5217391304347826
3989769.209632882,0.3188322387117666,-0.10031163963829227,1.8089079884394998,0.5797101449275363
7795130.461020378,0.5078726972815149,-0.05993499017191523,1.955975420697705,0.5507246376811594
3759238.479455975,0.30322671934076983,-0.1033260257229234,1.4555948077495284,0.5144927536231884
5681581.942017887,0.41544779081882455,-0.07349758038883286,2.0918485768569743,0.6594202898550725
3680667.1114384797,0.29773287952211125,-0.05175644854456877,1.5962125862879517,0.5434782608695652
3507085.2405345077,0.2852548883091095,-0.08340664837485495,1.7274746195077566,0.5362318840579711
2162209.212997005,0.16675465617369856,-0.07561239963580217,1.3003084500964208,0.5797101449275363
4544602.305484092,0.3536275251695622,-0.05707657816537269,1.8539627445143378,0.5942028985507246
3807300.6510259532,0.3065421791006506,-0.05552711019315333,2.021318513821326,0.5942028985507246
3270622.8128018416,0.26743615686937616,-0.09531008734099114,1.7330131034441854,0.6014492753623188
1793167.1222696695,0.12389089661558694,-0.1269650323588252,1.086988188751068,0.5217391304347826
2299308.8623562683,0.18118918704034082,-0.14094295538310572,1.194975169195348,0.5
5904588.943644675,0.4263888449727158,-0.09346990900656899,1.994727735237655,0.572463768115942
2985317.527018369,0.24450918476004335,-0.107614788897319,1.512114212018915,0.5072463768115942
3387109.149351165,0.27633840808264387,-0.10535385810544186,1.6767673555338372,0.5507246376811594
3577498.660185187,0.29037486810273516,-0.0926017137657354,1.6633110173852872,0.5579710144927537
3549667.859901402,0.2883609224271626,-0.08376452062312245,1.7369305843206693,0.5797101449275363
1720934.4656056168,0.11468682102086913,-0.16359207485695423,0.9776878790627969,0.5072463768115942
4312615.910220288,0.33951677324790275,-0.05706615107435263,2.0657046501700056,0.6304347826086957
4430864.496252674,0.34678321072766494,-0.06275018580987182,1.7333160814340138,0.6159420289855072
2757872.774097103,0.2249400814613376,-0.07247498985024498,1.4010475499901736,0.5579710144927537
3108480.921233717,0.2546125896464879,-0.08935053723595245,1.7008546187701024,0.5869565217391305
2545071.6292241537,0.2054244660955442,-0.07484194323801573,1.2040841522731696,0.4420289855072464
1728354.787502135,0.11564642828724758,-0.10614896656038865,0.7555336952251244,0.47101449275362317
5805325.281688193,0.42156038312809696,-0.049463819184670146,1.9673862262359756,0.5797101449275363
2285637.5200646687,0.1797811999694432,-0.11792515642623358,1.2610749446384848,0.5
3556232.1064015348,0.2888370723199869,-0.10337530834295995,1.671289730342519,0.6086956521739131
3946109.478015198,0.315933145410386,-0.06048495999999996,1.6188096671374035,0.5652173913043478
2199223.525121563,0.17072225578543998,-0.1002409217599288,1.2521049105511386,0.5797101449275363
5740719.926296836,0.41838219813562905,-0.06539204392111449,1.8872597368603945,0.5797101449275363
5702311.978660112,0.4164791780143804,-0.07163906019513071,2.0455734411280546,0.6304347826086957
2875830.347631514,0.23524371392724586,-0.08259054663369657,1.560121365011273,0.5652173913043478
2728260.159442952,0.22229815501127947,-0.09301692355163453,1.8489804878756488,0.5797101449275363
2563562.8972566472,0.20717100467880423,-0.059276660477856055,1.448413478956232,0.4782608695652174
3206827.2778725545,0.2624526951559325,-0.14400230622443919,1.5539468883586915,0.5434782608695652
2579176.620983519,0.20863792262382685,-0.13604299213983498,1.286887954510106,0.5072463768115942
3013351.5722606275,0.24683780202890238,-0.07789831855920173,1.392049504759036,0.47101449275362317
4540258.759446479,0.3533686777660163,-0.09028584048914476,1.6344648100768637,0.5072463768115942
1916527.2192637976,0.13894564502834816,-0.07528869870377339,1.187110049698429,0.5072463768115942
3805919.5931847114,0.30644737848698567,-0.057607703163745014,1.7764055425347056,0.5869565217391305
2333351.5592546402,0.18466630324512634,-0.07983124252375061,1.2561402833263622,0.5072463768115942
2469444.93971611,0.1981739397413993,-0.15023526351557462,1.4064292709617277,0.5797101449275363
2886499.7638932453,0.23615891495931796,-0.08313985809283717,1.6098082109513072,0.5579710144927537
4738593.046881948,0.3649912975817926,-0.08188766302357801,1.8466815110571524,0.5579710144927537
2790856.047458533,0.2278561426254897,-0.1274115413444799,1.5237690382361073,0.5942028985507246
2226555.855717621,0.17361788416019452,-0.08661265324495179,1.2404475798500953,0.5217391304347826
2837683.6962568224,0.23194919187065954,-0.0796352494500299,1.8605348622504023,0.5942028985507246
6468895.493219548,0.4526668533769238,-0.05720628265302441,2.154402684092696,0.6159420289855072
4558578.650782142,0.3544590846494362,-0.06395535214587565,1.713683519838253,0.5579710144927537
2417362.4853445003,0.19307667613188717,-0.05959752562116575,1.4290910662286573,0.6014492753623188
3728345.0347252726,0.3010776582588055,-0.08172378195208707,1.6209364615565132,0.5362318840579711
4831420.607997933,0.3702978284346292,-0.07128777647997196,1.888399534758788,0.5869565217391305
2729267.5434275605,0.22238840606450183,-0.07925084979834993,1.3934911423601757,0.5217391304347826
2082422.822064766,0.15801392813374826,-0.08380455816627477,1.1642019457961532,0.5434782608695652
2821050.1793801216,0.2305015419197174,-0.08643215124371209,1.4115237194222576,0.5579710144927537
1598292.0647141119,0.0983259093103479,-0.1300540630153982,0.8037863558765389,0.4927536231884058
2598949.3302859347,0.21048541904383034,-0.07554314325013958,1.4670603291873903,0.5579710144927537
2401977.0622765557,0.19155411591848237,-0.09116119653176342,1.7330624945046713,0.572463768115942
2753169.9935051906,0.22452203768688195,-0.09637855599457906,1.493227828937224,0.5797101449275363
4613125.958133527,0.35768513357023135,-0.06046584959999995,1.8126360570028779,0.5869565217391305
2171859.362155629,0.16779426967785827,-0.1323431917192764,1.141048951739779,0.5144927536231884
3926687.6890312587,0.31463524727726466,-0.07326617108503199,1.6862657808613095,0.5507246376811594
5436534.582917091,0.40302183844872386,-0.09301218291028927,2.0545852645319385,0.6086956521739131
4243770.445045395,0.33521246099094837,-0.06847780058711607,1.692733423056805,0.572463768115942
5549610.301025625,0.40881023307076925,-0.10323876826086296,2.022872169681051,0.5507246376811594
2759540.495287006,0.22508819304875094,-0.07212603185687019,1.4115060227435632,0.5797101449275363
3391347.935165866,0.2766577021318992,-0.0604110615099166,1.591263985133957,0.5652173913043478
6467015.636350246,0.4525824147505926,-0.05322655349222807,2.15903945530108,0.5942028985507246
3362964.3191589504,0.2745135349322343,-0.08977787858314461,1.5339890605962645,0.5434782608695652
4156489.247842982,0.3296744760560373,-0.059037341382835444,1.8308114687400725,0.572463768115942
5383147.453892075,0.4002553969034144,-0.1026137624286028,1.9594871429058633,0.572463768115942
2805500.1700875624,0.22914200290964248,-0.04446758821865506,1.697443298421282,0.6159420289855072
5735548.786858427,0.41812657527239394,-0.04874491127491827,2.4649860914915083,0.6666666666666666
3984317.480474669,0.31847162390843575,-0.12291635264627362,1.80262169522573,0.5362318840579711
2908806.0676850416,0.23806359513371111,-0.1324708426179205,1.5255366878303604,0.572463768115942
3169362.6029354483,0.2594890202280751,-0.07192806270531191,1.7568937513905858,0.6014492753623188
4281310.28408394,0.3375663697189186,-0.05764709038967849,2.098421961054637,0.572463768115942
2983119.9431457333,0.24432590650261576,-0.14811954238248093,1.5263806867182557,0.5144927536231884
3200101.579735907,0.26192270041871457,-0.12436799400230061,1.4952736567297515,0.5289855072463768
9828876.730562542,0.5794314359631021,-0.06808884381123716,2.305049765439926,0.6521739130434783
4085902.827125568,0.3251273166251496,-0.11011942095062484,1.9256725469933391,0.6014492753623188
2703465.654681486,0.2200683785273969,-0.0924916897354457,1.2986866974807458,0.5507246376811594
3932165.507091473,0.31500183195226583,-0.07176717787512259,1.6985209808207578,0.5652173913043478
3791944.3943750714,0.30548652066965865,-0.13915093525660205,1.9239116279262531,0.6086956521739131
2402591.0330912285,0.1916150244653998,-0.07468178919504435,1.22163072368951,0.5362318840579711
3552490.850005675,0.28856577954861096,-0.13031970700876322,1.7148234372307374,0.5942028985507246
3923196.2716713496,0.31440138229899617,-0.04219161099038639,1.8887055607136982,0.5869565217391305
3247773.6064968253,0.2656602762125948,-0.09574972080859964,1.7260733203686454,0.5507246376811594
7437479.779904067,0.49377490661013557,-0.04493241664292407,2.514605598532291,0.6594202898550725
2238969.6735228933,0.1749236403808463,-0.15288678603896294,1.2948440224337394,0.5579710144927537
2472188.204696896,0.19844002779876146,-0.08932334981457729,1.3241504657621983,0.5362318840579711
3594450.0713183205,0.29159540437548115,-0.08516722424059964,1.82768939879339,0.5942028985507246
2173792.250598537,0.16800205596221596,-0.09642057440012933,1.1313241296436547,0.5
2297875.0736992187,0.18104183856778078,-0.06385906802485398,1.3547960217979578,0.5797101449275363
3571553.365108126,0.2899456987386275,-0.06935658973806658,1.8282108173270886,0.6159420289855072
1783736.6808338247,0.12270627151432612,-0.11784725704682635,1.2298031015230844,0.5217391304347826
4256693.34976547,0.33602465592784525,-0.0694852186238023,1.9310196350485196,0.5507246376811594
3542769.6701793545,0.2878597896489896,-0.08786929187065075,1.90839890234506,0.6376811594202898
2157883.9638595423,0.16628749070493787,-0.12399102171261615,1.3432752309807812,0.5217391304347826
1954542.6882210735,0.1434285505437627,-0.14975054309630342,0.917773000409249,0.4855072463768116
4206887.420973996,0.3328834577955915,-0.0669491150238195,1.8467533521438222,0.5507246376811594
3846550.433716629,0.3092249895130379,-0.08050105281338539,1.8792076885913669,0.572463768115942
3108412.1525539192,0.2546070384581658,-0.06936143095964768,1.5404141629800934,0.5289855072463768
1928553.5535238746,0.14037146242207,-0.07359225743572284,1.357734437617324,0.5797101449275363
6162015.62697109,0.43861491661524354,-0.054210334254155244,2.097441399703157,0.572463768115942
3187864.3456060644,0.2609560986815742,-0.07929950643764334,1.5933696732326268,0.5869565217391305
4525075.217299153,0.35246227684732245,-0.08578763544278814,1.8822270058290664,0.5942028985507246
2648183.773128508,0.21503733811477277,-0.08709090904249626,1.3817547822777563,0.4927536231884058
2876745.6256104955,0.2353223310450525,-0.07821117803919629,1.519908757468245,0.5217391304347826
4308612.336608572,0.33926797545797216,-0.04176929821467999,2.0369699833529795,0.6304347826086957
3143793.632409593,0.25745023388997046,-0.07057020714761993,1.6226237039099691,0.5507246376811594
7214169.318302148,0.48469506925417516,-0.044429026421515076,2.025037344428623,0.5797101449275363
5891846.233533357,0.42577265406083686,-0.05904442039398072,2.1332871682369685,0.5797101449275363
3040722.025738084,0.24909463780890273,-0.09111424212429978,1.6535221707530907,0.5362318840579711
2880713.175361677,0.23566288956664705,-0.052952134563344966,1.840514408141735,0.5652173913043478
1894981.292619615,0.13637320662386654,-0.13558560490267058,1.1463284865324808,0.5289855072463768
2623906.475241614,0.21280134593210387,-0.10339623218875957,1.325900514062631,0.5144927536231884
3011210.6382396673,0.24666058033055438,-0.06316645138790918,1.5707217412746215,0.5797101449275363
3264719.7875412917,0.2669783165547035,-0.10006847875089837,1.5856534326186364,0.5434782608695652
2668153.1344522494,0.21686430065068496,-0.09878806432648511,1.4430075036664751,0.5942028985507246
5096460.446899943,0.3850126231037041,-0.06386202279663196,2.0304781906862206,0.6159420289855072
3178149.899800312,0.26018665262216767,-0.08386010030112329,1.5614695462240562,0.5507246376811594
2807420.227465904,0.22931019946804332,-0.09217750745050335,1.4704718068443434,0.5869565217391305
5255118.085206547,0.3935305557199853,-0.10388878231049153,2.1120641636120965,0.6159420289855072
2888287.2705907407,0.23631197890405753,-0.13941169403397954,1.3125033881094335,0.463768115942029
5303987.998712015,0.3961127925598791,-0.05710484607624317,1.9735410164636942,0.5507246376811594
1969702.9891901012,0.14519686061388626,-0.10769861191761405,1.2223449747406092,0.572463768115942
3217031.1751403986,0.26325508156214616,-0.09623486357023518,1.6742964282605575,0.6159420289855072
2883917.779084004,0.23593768603672594,-0.09064469076620603,1.404776821435748,0.5217391304347826
3606780.359059055,0.292480320569539,-0.08426262556251551,1.7440175145710588,0.5362318840579711
3231672.9543771707,0.26440289266820205,-0.09475668619052423,1.6500997152576429,0.5652173913043478
2592293.7407984193,0.20986480214183567,-0.11071194747731214,1.357029454009657,0.5289855072463768
4656492.461642252,0.3602282204415852,-0.05717737839214248,2.2126355348887605,0.6304347826086957
3258339.386755861,0.2664827054859753,-0.10394327341080788,1.6612853800853251,0.5507246376811594
1777734.1711617922,0.12194964136713815,-0.09730719139999,0.8604639382864725,0.5072463768115942
4897003.816406638,0.3739979618249516,-0.08496474297042612,1.9688520738146331,0.5869565217391305
3689791.429597425,0.298375654506178,-0.052713629466419464,1.8075010355358003,0.5652173913043478
3779523.781463475,0.3046301668900464,-0.1378290621345283,1.595433900399633,0.5797101449275363
2241761.6399018015,0.1752165172646456,-0.05676076279993594,1.3182557696918646,0.5579710144927537
2377740.0710895136,0.18913969146624376,-0.07268139082732528,1.5431084202524308,0.5797101449275363
3546341.6250517066,0.28811937880498295,-0.09250234502765185,1.5943853054044084,0.5072463768115942
3662617.7783240266,0.2964576055962438,-0.08042495111767295,1.5909747531214533,0.5289855072463768
2692636.81603032,0.21908940230388474,-0.07730104636799562,1.4131808055947235,0.5434782608695652
2329126.5815449012,0.18423697935799277,-0.07993139438749314,1.197588117211263,0.5289855072463768
4272002.748092904,0.3369842915024841,-0.06693003224817182,1.6593634434565137,0.5072463768115942
3153682.7719538724,0.25824032925716556,-0.08920907595289289,1.5186652568709136,0.5289855072463768
4024314.8485507066,0.32110820614577174,-0.06298646661290695,1.8999540031248756,0.6014492753623188
4931433.948203895,0.37592462751201894,-0.07339119381840847,1.7997875233481384,0.5434782608695652
3386110.310661121,0.27626312225434413,-0.1468802770822384,1.5799160002001837,0.5579710144927537
4313284.026136335,0.3395582746030401,-0.06528020728838305,1.6318754252366818,0.5144927536231884
3516450.8235238246,0.2859406044000048,-0.07149635495609545,1.7377406856022766,0.6159420289855072
3771625.9964515534,0.30408447318238907,-0.06515320685132817,1.718857938922073,0.5942028985507246
2295939.421978372,0.18084279760413335,-0.09386240752571631,1.2432771804010179,0.5579710144927537
2102642.045820361,0.1602539855409808,-0.11961407960932836,1.018626726665919,0.4420289855072464
3242218.848239243,0.2652270408701136,-0.058300944556559174,1.795380298418602,0.6376811594202898
2512025.423821841,0.20227773950358197,-0.1357207166976991,1.468462641106914,0.5507246376811594
3137324.181430252,0.2569322789521893,-0.05680062378756477,1.5114544087268131,0.5362318840579711
2391207.4751157635,0.19048369582192737,-0.14637063977964967,1.388571008705533,0.5579710144927537
2708764.7089710627,0.2205462943864791,-0.10496030966903049,1.3918707602380378,0.5797101449275363
4795115.783068302,0.36823224008241584,-0.0804960609772642,2.155595734062175,0.6376811594202898
2689051.3415740435,0.21876456503670783,-0.06438539723374131,1.7243818999696163,0.6014492753623188
5530469.513985143,0.40783708307850897,-0.08734991825151756,1.9618860407983065,0.572463768115942
3249578.443405266,0.2658009142653457,-0.07159227475688587,1.5079982833957994,0.5652173913043478
2594497.338852523,0.21007042310398827,-0.09004787879938886,1.6128991210448118,0.5942028985507246
2472135.6732577286,0.19843493463357276,-0.08141383464161307,1.1527122547055804,0.5289855072463768
2969792.1800329993,0.24321205267289225,-0.15889027331137576,1.4069521949940844,0.5217391304347826
3127642.681694271,0.2561555636587405,-0.09658038242473667,1.7527166847264974,0.5797101449275363
4429746.191513362,0.34671522101040875,-0.041369147684498106,1.9097976089632465,0.6014492753623188
3059189.235574869,0.25060819005803125,-0.09967211475920305,1.4015477444602935,0.5362318840579711
2558427.049730968,0.20668692679495004,-0.0722495927080678,1.7255363964110966,0.5579710144927537
3664634.73625413,0.29660036276064883,-0.10144389227866929,1.7676138372717045,0.5434782608695652
2905592.7656977586,0.23778994118963181,-0.06998178554888293,1.6796273265364905,0.5652173913043478
4030043.0133474045,0.3214840823317675,-0.10647383583886746,1.938130574151873,0.5942028985507246
4547978.69859348,0.3538285997952062,-0.07107192815968548,1.7580960825685925,0.5797101449275363
3373086.399462588,0.275279836523199,-0.05954314700419125,1.49664456458006,0.5434782608695652
3322687.3179212427,0.27144592660016387,-0.07582968724234007,1.8037900302373724,0.572463768115942
4693328.824784973,0.36237352871656436,-0.05965218891404988,1.855387283007803,0.5362318840579711
2829849.1252083434,0.2312681807879664,-0.08526536579252152,1.3378601230152571,0.4927536231884058
2159581.3358218805,0.16647091123653968,-0.1682503750339515,1.2618629159453514,0.5144927536231884
4438276.171636773,0.3472334726492263,-0.07013480259797436,2.013026486290419,0.5869565217391305
2369291.022519168,0.18829339121856958,-0.10423706053658197,1.3409027842568972,0.5289855072463768
3412930.111449317,0.27827848424316426,-0.06877874614091971,1.7780389563276475,0.5289855072463768
4590020.132399575,0.3563223493698273,-0.11358388795634224,1.7948596251302613,0.5434782608695652
1659740.3488663763,0.10664424637760095,-0.07279670642015956,1.0596916438335933,0.5362318840579711
4159851.599490243,0.32988953193350024,-0.052120509608511244,2.183602161522048,0.6159420289855072
2536948.5604949216,0.20465401464448507,-0.0878266226580652,1.6274264424196325,0.5362318840579711
1890891.2356979246,0.13588224146194694,-0.08065589431388379,0.9005404759603832,0.45652173913043476
3874414.3191566113,0.31111628666990665,-0.06910721437248332,1.6172419740547248,0.5362318840579711
4251378.7572049685,0.3356908768745228,-0.08403846228586245,1.8128482112140394,0.6231884057971014
4987262.96963426,0.37902599774477563,-0.06935087846383617,2.005905384923815,0.5507246376811594
3887503.2487628367,0.31200096053920356,-0.07446608401580697,1.8896218938496416,0.5869565217391305
2158104.640896666,0.16631134391898428,-0.06639418912233659,1.4677754354504982,0.572463768115942
5316044.690222759,0.396746927368123,-0.06921039915746031,1.937185556059945,0.6014492753623188
2483642.7187795653,0.1995485337639209,-0.10053312563345537,1.3833144227906748,0.5289855072463768
4176716.5525707016,0.330966120373279,-0.07504080551648006,1.7596941033422513,0.572463768115942
3921718.631312013,0.31430235563451236,-0.059075579873504244,1.8265207705477637,0.6159420289855072
4069569.606960445,0.32406619069524845,-0.06748530510459184,1.8816148062859281,0.5217391304347826
5255376.690980236,0.39354427065267483,-0.0656484837004003,1.9405296837049377,0.5869565217391305
3470606.432150011,0.28256998862300686,-0.1257776265313499,1.4700579824154953,0.5289855072463768
3412950.1806741916,0.2782799875847022,-0.09910399129686302,1.6116242853170595,0.5579710144927537
3274488.841000198,0.2677356489881295,-0.06389494780680813,1.527587218295993,0.5289855072463768
2553374.3135834774,0.20620992332474541,-0.06160943049827647,1.3941581621932801,0.5869565217391305
2049852.3003660506,0.1543686237340074,-0.16098670488269265,1.017706598317908,0.5072463768115942
3977304.405862304,0.31800715003086655,-0.07058787047870874,1.7236675558182981,0.572463768115942
2368313.8449976593,0.18819535638954354,-0.08146016286496009,1.2046014180054836,0.5579710144927537
3994802.656792017,0.3191648356447123,-0.050358652601543624,1.7710013576498258,0.572463768115942
1685909.7587803265,0.11011217287046726,-0.13264405425973197,0.9745588364510078,0.5144927536231884
3392297.5861429465,0.2767291924940338,-0.10491327886325748,1.7740724763701692,0.6014492753623188
2619812.8163590576,0.21242268180965596,-0.08039234466878994,1.5903570306925916,0.5507246376811594
3872911.680305089,0.3110145711683654,-0.06563559747024891,1.736409989525809,0.5942028985507246
4049089.8836337854,0.3227308524762955,-0.05257074656003384,1.879210311121886,0.6086956521739131
2621592.5971065443,0.21258736994275584,-0.10368782126930812,1.2855407682846267,0.572463768115942
1492264.5288191307,0.08335093674051164,-0.11014859774358257,0.8504976795539294,0.4855072463768116
4012972.2590842973,0.3203626526217531,-0.0455768424455298,2.1835881255789005,0.6086956521739131
3202361.2387561975,0.2621008641349001,-0.1327231407481046,1.5023679406562234,0.5072463768115942
2082754.4604657323,0.15805080992560105,-0.10567920885365938,1.08573437965269,0.5144927536231884
3269553.1649842295,0.2673532437495183,-0.07802502160217668,1.4827129906166392,0.5144927536231884
4898521.600857453,0.3740831230510131,-0.06421312807674855,1.9211000034612644,0.6014492753623188
2440352.4122116896,0.19533740405655364,-0.07650778944737892,1.4211225791229793,0.5289855072463768
2538182.964699748,0.2047712216443207,-0.10989485852597224,1.537179734498821,0.5942028985507246
2475730.068185616,0.19878322824989536,-0.09139134271398004,1.469906926096353,0.5072463768115942
2724300.9063710305,0.22194318891129705,-0.07687698268121038,1.489352903831706,0.5289855072463768
3824535.156617921,0.307722907851145,-0.041490907922086956,1.6141127765882397,0.5507246376811594
3943843.818451011,0.31578200203786344,-0.1432883287159195,1.583945730777322,0.5362318840579711
4838553.2418027455,0.3707021842903362,-0.06108000465447174,1.7696055338018013,0.5507246376811594
3758942.5499559008,0.30320620053739655,-0.07250509220676651,1.8562825520487982,0.572463768115942
4148605.6599093275,0.32916969584321865,-0.06955858987289056,1.953649218934193,0.6159420289855072
2948854.6760481354,0.24145411990602628,-0.07380198373166942,1.5710211269376242,0.5869565217391305
4876578.892560672,0.3728498825971547,-0.08269821431884644,1.9646983862202492,0.5797101449275363
1913430.2851657127,0.1385773203146583,-0.15014517862365115,1.137866660785789,0.5797101449275363
2712479.581962316,0.22088088891051827,-0.0853326029607779,1.3519569230079849,0.5507246376811594
2894862.586528175,0.23687437098282205,-0.07196273149960558,1.3632997780666585,0.5579710144927537
3243187.621247746,0.26530264164803485,-0.06990775717706418,1.7023243193309108,0.5434782608695652
2630708.245000389,0.21342946704463306,-0.0703937023474885,1.4737211674192459,0.5
1839439.3534525977,0.1296322815365598,-0.14073127839203517,0.9207189669838477,0.5072463768115942
4208123.547359104,0.33296177787549586,-0.061802408538506395,1.8735699648175659,0.5942028985507246
3938026.602985353,0.31539361407063016,-0.07905319637229906,1.8989651494994404,0.572463768115942
2808869.350274567,0.22943708134590768,-0.08556378921097764,1.5936064950586561,0.5579710144927537
2745579.071202219,0.22384605181984907,-0.06879405953319957,1.5703407040389512,0.5217391304347826
2285668.2147475895,0.17978436869720582,-0.12489177999442613,1.4148387743377597,0.5362318840579711
3484253.422011508,0.2835770607034853,-0.09089199193471437,1.6131567583136253,0.5507246376811594
4472342.380620161,0.3492953035295394,-0.06514090534740212,1.7731422974118798,0.5362318840579711
3978426.2532109325,0.31808149365060956,-0.055729724585873545,1.668573715748591,0.572463768115942
2809455.1382043445,0.22948835673414192,-0.09437979604452382,1.3848240200362485,0.5434782608695652
4106846.311633886,0.32648300504877104,-0.10482862832059257,1.6040675324460547,0.572463768115942
3320241.516978057,0.27125869142792736,-0.0601394578861624,1.7879950619946448,0.572463768115942
5558614.4991786005,0.409267093324299,-0.05815349120000006,2.001432064383932,0.5797101449275363
5377259.083937894,0.39994892817408845,-0.0848594665578817,1.8329089068181246,0.5797101449275363
2772624.581841827,0.2262477227540658,-0.10002462808621375,1.2867217689269497,0.5289855072463768
2888497.2888667495,0.2363299577638056,-0.11505678261454048,1.3358460347174204,0.5579710144927537
4374354.7946860865,0.34333026972579317,-0.07023784334922938,1.7911169183378606,0.6086956521739131
2368333.838431405,0.18819736254467934,-0.12028923989167908,1.3821374979469288,0.5652173913043478
4010061.9461359433,0.3201710847023522,-0.04618797293015871,1.9932223347603844,0.572463768115942
2951925.041884822,0.24171253425418837,-0.04660170402945613,1.5011903965025628,0.572463768115942
2152128.0113776405,0.1656646333507641,-0.23326410165377007,1.1713483865024137,0.5
3562995.719875589,0.28932694876089715,-0.058443764503443824,1.6116877306755681,0.5289855072463768
4034980.171525884,0.3218077106948831,-0.09164361742339465,1.7812827274301097,0.5579710144927537
5610839.262839278,0.4119052902291813,-0.08074341685216052,2.173558656877507,0.6304347826086957
3278336.254477958,0.26803341836302685,-0.05250335099305524,1.7964093152716603,0.5652173913043478
4627205.30554629,0.35851285981749137,-0.0866684827085798,1.7124469900025001,0.5507246376811594
3141532.8942030114,0.25726933245823824,-0.07678392649254874,1.6691191205701916,0.5579710144927537
3372281.6036398313,0.2752189760690704,-0.049311282003587684,1.6641450463058745,0.6086956521739131
2128960.0700778905,0.16314404944876082,-0.07254732531385578,1.2628649047240261,0.5434782608695652
6189412.368942506,0.43989188365510046,-0.056704265117915806,2.2514048467203827,0.6231884057971014
5236041.621500622,0.39251735985484615,-0.06739033953857382,2.005537678237299,0.6159420289855072
6646439.96619331,0.46055466860793426,-0.06462485845806076,2.1421652502273716,0.6159420289855072
4633178.557881336,0.3588634192889961,-0.04199512843363189,2.121267361157773,0.5869565217391305
3187423.912564814,0.2609212541986614,-0.06407871811379193,1.5257927312965505,0.5942028985507246
3115297.778646627,0.2551623773391867,-0.09816621398112316,1.5890061041151704,0.5797101449275363
2922920.000150162,0.23926272148007,-0.059704762380071934,1.693943345460719,0.5507246376811594
2586630.153927264,0.2093356822851138,-0.051655955200000096,1.4250472147477586,0.5869565217391305
2003562.0432156175,0.149107235129182,-0.08571818780630264,1.1132897498526886,0.4782608695652174
2674511.968746995,0.2174437630844146,-0.0568922048,1.7165920750118273,0.6086956521739131
3090320.9447275945,0.2531432440186907,-0.07404489071450517,1.4798473366851521,0.5507246376811594
2553607.5516030346,0.20623195877276967,-0.05291206917278943,1.5110459250645571,0.5579710144927537
3596758.7618052303,0.29176127832888077,-0.07432788165582337,1.7388865131209919,0.572463768115942
2625224.9739526263,0.21292320665483055,-0.07332037980789216,1.323856483455584,0.5362318840579711
3083039.0210072617,0.25255211404444156,-0.07932024842793499,1.8286057270333387,0.5869565217391305
4572917.614498358,0.35531010208574076,-0.0917097871732188,1.9778981265380748,0.572463768115942
3162306.5046515395,0.2589277084249031,-0.06002730530199283,1.610269194346338,0.5144927536231884
2365824.7283611987,0.18794549077429767,-0.10417870425416374,1.2372395933872908,0.4855072463768116
3004012.580567387,0.24606400118899918,-0.05025338919672204,1.7716080619577106,0.5434782608695652
3594273.324439586,0.291582702018123,-0.14688186137788256,1.7277608110776856,0.5869565217391305
2285702.990770574,0.17978795871594655,-0.10032828854283446,1.2122544896492313,0.5942028985507246
3123126.134063752,0.25579255758493247,-0.08645851772828379,1.4498991526703573,0.5434782608695652
2967926.3549268963,0.24305579935444777,-0.13419343745989581,1.4272108396334486,0.5144927536231884
3038335.204111743,0.24889848027771366,-0.13474742499988152,1.665919735078535,0.5942028985507246
2881357.042677045,0.23571812115539093,-0.096038774626982,1.4602754870171826,0.5652173913043478
4906100.832575141,0.3745080698283736,-0.1160284697963966,1.7647880318062716,0.5942028985507246
4042926.5240879282,0.3223279256784577,-0.13392456124345853,1.5875895484842864,0.5652173913043478
2107798.856867231,0.16082254161850473,-0.08156444108560988,1.2618420318244659,0.5942028985507246
7986438.492249915,0.5152023326536657,-0.08073240265897264,2.1922627309840834,0.6086956521739131
2930499.72611429,0.23990478787209457,-0.0810061600596983,1.5225257844252442,0.5797101449275363
3681964.0391869713,0.29782432102232326,-0.07585683055397435,1.983685961203191,0.6304347826086957
2923543.837458751,0.23931561600529982,-0.07611580073197409,1.5331006859850103,0.5507246376811594
4476108.040966344,0.3495224452373258,-0.09488002847387064,1.7637869740449592,0.5942028985507246
2793686.586718854,0.2281051046536846,-0.07458315477945669,1.6298511534780185,0.5507246376811594
3318493.0931966733,0.27112477543114366,-0.06776053774601333,1.659492653078666,0.5869565217391305
3938484.8429438416,0.31542422523312386,-0.07498652303996999,1.9359622847848572,0.6014492753623188
2694351.177723033,0.21924459799188223,-0.10911443834249604,1.456034556122249,0.5434782608695652
2148690.181129132,0.1652919863587281,-0.07507111728653504,1.491140254062505,0.572463768115942
3805318.2238397673,0.30640608980255424,-0.08372748006369735,1.8014072816044384,0.5797101449275363
3951036.743077327,0.31626160641363765,-0.046405554999999994,2.0425022230359016,0.6304347826086957
6513311.481479534,0.45465622408435835,-0.10299444793583082,2.073237372956741,0.5434782608695652
3268402.2693619295,0.26726400851510723,-0.08820382936783891,1.54511672141295,0.5579710144927537
2249263.232610905,0.17600199050799925,-0.11595326363926281,1.3928445778869951,0.5652173913043478
3180983.0527032115,0.26041125052799163,-0.11324632588709756,1.6613456880471602,0.572463768115942
2475462.098370796,0.19875727617758687,-0.08386761821008518,1.4954915322656999,0.5
2113703.3537017945,0.1614721677307358,-0.0855363085607353,1.125251511842466,0.5289855072463768
2896967.7752638594,0.23705421350181166,-0.13383650868347793,1.3562466798554698,0.5
2925843.1269114614,0.23951049246133982,-0.0641214784635251,1.4719199981409314,0.572463768115942
2073748.3901127875,0.15704756412480503,-0.13150460308911147,1.165921623195205,0.463768115942029
3597065.6048634946,0.2917833178640463,-0.07766599217353172,1.715381404096172,0.5434782608695652
4492212.614599783,0.35049213912370125,-0.05418808319999985,1.8908316718366212,0.5362318840579711
3940719.8965096385,0.31557348956042386,-0.07981492514463494,1.8009599846378408,0.572463768115942
3389588.3744091894,0.2765251988807571,-0.11130561423703145,1.6526255792171145,0.5652173913043478
4676223.262342688,0.3613790015877554,-0.04227267667536996,1.9039893401340815,0.6304347826086957
3739073.966957917,0.3018256112323212,-0.10334058552035241,1.6904133009940432,0.5869565217391305
2170340.896979413,0.1676309302754848,-0.05198738422091788,1.2777243008175652,0.5797101449275363
2490456.2729320354,0.20020597412194574,-0.10430968703286041,1.4495553143495048,0.5289855072463768
3148953.0212135795,0.25786269226007974,-0.07844671114678246,1.4471431545222635,0.5
4392831.135186028,0.34446314536700373,-0.06964447870598398,1.7563457026698555,0.572463768115942
3411323.428437721,0.27815810819640285,-0.11209888029717723,1.416097803731195,0.5434782608695652
3862842.4743559267,0.310332158209911,-0.05790253980818149,1.956407361150856,0.6014492753623188
2675822.1037099855,0.2175630149865604,-0.09917949029041308,1.4045732522787897,0.5579710144927537
3091230.0429844307,0.2532169642781099,-0.07306966945455963,1.7053392477728064,0.5362318840579711
6629594.324061905,0.45981355115986444,-0.07949138448911372,2.195175539679534,0.5942028985507246
4307854.78641069,0.3392208775061867,-0.07273433750514773,1.882270497884272,0.6304347826086957
3036791.6538745123,0.2487715601539633,-0.1077928185540971,1.6403224967120498,0.5217391304347826
1661864.1348258315,0.10692731155487145,-0.07413589126537386,0.9024093520844945,0.5
4434257.435372082,0.3469894077093827,-0.09601216992082837,1.8791983824936587,0.6014492753623188
2798811.118502252,0.2285553234464659,-0.12470461027401346,1.5475662789854876,0.5362318840579711
2920126.774232807,0.23902577591262508,-0.07629662811157913,1.509981513444318,0.5
4544748.345197682,0.35363622475741785,-0.08194927348322797,2.004634302455465,0.5797101449275363
2283637.556387731,0.17957466277320178,-0.09143654233969818,1.3943747011710288,0.5289855072463768
5757174.698057957,0.4191943764868258,-0.09078041066385094,2.0548020037277546,0.5797101449275363
3217942.383273957,0.26332663560365566,-0.09543890679164943,1.7344221473748973,0.5869565217391305
3848390.9445359395,0.30935025404510563,-0.06667414838531596,1.6389419616219758,0.5217391304347826
6409134.448028002,0.44997287021547705,-0.07703180095476655,2.114212958372924,0.6521739130434783
6914509.643820033,0.47215072553491466,-0.07549063672944678,2.1136049798045318,0.6086956521739131
2356211.3699948485,0.18697849157562874,-0.08182983110214292,1.401772702472743,0.5869565217391305
2608470.3677130616,0.21137102503877503,-0.10047092682596584,1.3604191376605328,0.5507246376811594
3212437.6279074675,0.2628941190029954,-0.09482139469408274,1.582289679929798,0.5507246376811594
3592441.1983968825,0.2914510022434307,-0.07986635216259709,1.7255428544889373,0.5797101449275363
2197490.8821299896,0.17053772854399796,-0.07314032264400046,1.3844169140130214,0.5652173913043478
2522880.129647047,0.20331498001843507,-0.08412970797347323,1.4129087172208261,0.5289855072463768
4838423.418044071,0.37069482871892623,-0.09596697989914824,1.8460332813990907,0.5797101449275363
2779435.5093046105,0.22684958496714236,-0.14213546280976544,1.4211718037520702,0.5579710144927537
2824660.2099751905,0.23081630953256682,-0.10509548762276703,1.5994286262804753,0.5362318840579711
2072631.6546397752,0.15692292079948955,-0.07407134697262993,1.3585865486288031,0.6086956521739131
3252964.7553313626,0.26606461684832894,-0.06637447437914443,1.4628363246797955,0.5289855072463768
6255480.618756627,0.4429528376258016,-0.048920063469868026,2.034251653363376,0.6086956521739131
6133823.14042492,0.43729610915794526,-0.061748714449386725,2.2274626028994633,0.5507246376811594
2944306.353865798,0.2410709189109328,-0.10079072606614052,1.6088466200968725,0.6014492753623188
4356314.580212859,0.3422204355352032,-0.06836328313486743,2.0191031411181384,0.6304347826086957
5475850.596577231,0.40504527258664336,-0.04826464230322016,2.3471773117808863,0.6231884057971014
5083311.424426389,0.38429720949470214,-0.061027133528611666,1.6701349211893972,0.5144927536231884
3009915.6098237475,0.24655333185981898,-0.09329098761637632,1.5696222286735098,0.5
3076515.3063150016,0.2520215844239104,-0.05876574681026936,1.562020216078448,0.5362318840579711
2780147.2294573584,0.2269124095334003,-0.10578165897821233,1.3594836979743659,0.4927536231884058
3486538.582548829,0.28374538430676677,-0.07781396332328133,1.7740027936676916,0.5507246376811594
4172125.619491756,0.330673399302605,-0.056875959033556855,1.9839878961304076,0.6304347826086957
2180572.280544156,0.16872974533070284,-0.07046058067696148,1.4259024050062494,0.5579710144927537
4551062.805131204,0.35401216351903053,-0.05611468484420115,2.0846506673462764,0.572463768115942
3692663.0752961114,0.29857768840298005,-0.059536846647998166,1.7984406699922078,0.5579710144927537
3010996.0082603227,0.24664280818534556,-0.07041478113897033,1.5307725791558449,0.5289855072463768
2364138.0286532594,0.1877760548101688,-0.1002303540906055,1.40534582935375,0.4855072463768116
2517673.472503995,0.2028178952063988,-0.14189953058709703,1.3821031893672682,0.5507246376811594
3788766.281233498,0.30526761579774764,-0.08912145644935943,1.5493950755950425,0.5217391304347826
5011257.479984159,0.38035039384397096,-0.06572938707492268,2.1035669865579147,0.572463768115942
4288663.124412067,0.33802548909811825,-0.08500833781531611,2.349798125247991,0.6739130434782609
3481073.046458648,0.2833426490280935,-0.09480169850014718,1.6406048401485025,0.5797101449275363
3300348.8156037033,0.2697317185475079,-0.04447999999999995,2.0042169777307626,0.6304347826086957
4187986.9889830966,0.33168364113441573,-0.10665070742445629,1.8928259220407497,0.5579710144927537
3023881.1748886267,0.24770795569812964,-0.05756234435393312,1.6074872195596053,0.572463768115942
4789156.463911926,0.3678919859846257,-0.07753548474215113,1.795118293859857,0.5652173913043478
2630189.73227895,0.2133816298717539,-0.11342236416587956,1.4197903497785005,0.5507246376811594
3094954.4866865687,0.2535188045250405,-0.08774176289664912,1.7526450326385767,0.6304347826086957
5454945.696311347,0.40397083539580914,-0.1011302710974141,2.1302601805167254,0.6304347826086957
3200024.0053417003,0.26191658224803693,-0.10070350819529875,1.6294589421914252,0.5797101449275363
3095711.7170510055,0.2535801372279176,-0.09792503604121158,1.479660911586867,0.5
3164479.155868396,0.259100649247475,-0.12226802319598558,1.8235894977252016,0.6231884057971014
5049975.2580544185,0.3824767940497693,-0.08524623737447541,1.791272765321281,0.5579710144927537
3583482.8191985157,0.29080626711840174,-0.14488724395564784,1.5055451780037532,0.5362318840579711
3003624.6493073665,0.24603181675991181,-0.05623103694028792,1.769221190837849,0.5797101449275363
2881925.3198442208,0.23576686034254268,-0.060174719126506945,1.5373069751106103,0.5579710144927537
2838354.6210563355,0.2320074412877735,-0.16177326255599683,1.2812644724355333,0.4855072463768116
3251217.4550730265,0.2659285766108297,-0.04963980799999987,1.7035109035427327,0.5434782608695652
5236087.753326217,0.39251981358406507,-0.09210268838509382,2.3407345171848926,0.6304347826086957
4778289.604689776,0.36727065737817743,-0.0670578681635249,1.8226742145032202,0.5434782608695652
4163683.080635117,0.3301344238625734,-0.0988467805928488,1.696346756933064,0.5507246376811594
3907234.1830196353,0.3133300711257747,-0.04448000000000002,1.9765306200528545,0.6159420289855072
2756287.2599369464,0.22479920428675304,-0.08396958412058321,1.527706472022178,0.6231884057971014
3104037.298328854,0.25425368663544834,-0.19040472517416632,1.4708497585109583,0.5652173913043478
2929994.8891423857,0.23986206526677445,-0.07707930919816552,1.447113102084307,0.5072463768115942
5215301.123179536,0.39141242692432643,-0.061424154451533694,2.0149633050122433,0.5869565217391305
1822099.9829626,0.12749452278738227,-0.1288255315725283,1.0114336292397446,0.5289855072463768
1898034.8056438747,0.136739193984875,-0.08376214005668625,1.0945315289800752,0.5507246376811594
3641843.277607305,0.2949835465243853,-0.07336996359019238,1.6815173266734018,0.572463768115942
4412660.878994375,0.3456747717517683,-0.09846431860420259,1.7504947195312954,0.4855072463768116
3586469.2954026684,0.29102134713673466,-0.0771925493916161,1.7694915858736795,0.5797101449275363
3004913.147358248,0.24613870322758147,-0.06527151311620051,1.5739913889494377,0.5144927536231884
2617164.6306360173,0.2121774719686098,-0.1003593976108024,1.380822513862467,0.572463768115942
3134132.0491377693,0.2566763966883454,-0.0658406368726457,1.5599845423080663,0.5652173913043478
2760082.041652366,0.22513627279148696,-0.08822194389111217,1.476056465906318,0.5579710144927537
4848317.277734742,0.37125494437066364,-0.07687603587685239,1.8394151158039949,0.5652173913043478
3562494.0044769384,0.28929063596832894,-0.08022409526888175,1.7145494845296956,0.5289855072463768
2789369.4138106257,0.22772530382294587,-0.07663919132385144,1.4627164433406261,0.5579710144927537
5091512.4237102205,0.3847435839307345,-0.038605608327032026,2.3341416897264695,0.6231884057971014
4004062.0865265178,0.31977579974146697,-0.06220617531493262,1.9784161285838087,0.6086956521739131
4338810.142561047,0.3411400421287605,-0.10222730910760765,1.7339900269164699,0.5797101449275363
2881585.6472814605,0.23573772871415288,-0.07930513664446252,1.4182776473492336,0.5652173913043478
3421977.6696820655,0.27895550102556,-0.061562927263385324,1.6470134429127898,0.5507246376811594
3477281.4709458146,0.28306296446817836,-0.09394670921654716,1.503173823231662,0.5507246376811594
2575912.701004651,0.2083318640283609,-0.10697038496039503,1.4288970724414574,0.572463768115942
4908516.951193941,0.374643424589745,-0.08024487082850376,2.050949387661649,0.5942028985507246
1794342.564788278,0.12403820278412803,-0.0728793301803884,1.0308506751186475,0.5217391304347826
3636344.180976664,0.2945922312383553,-0.05424138104726912,1.7657723361608948,0.5652173913043478
1417098.0935103209,0.07221031942684641,-0.16208152471837203,0.7607706966335656,0.5434782608695652
3823373.0622879746,0.3076434272317601,-0.06440353477623498,1.7941167029384344,0.5942028985507246
3051926.7097575255,0.25001383575704805,-0.10822202533398727,1.4612140824006317,0.5797101449275363
1902861.2321353143,0.1373167193503244,-0.08756825395053115,1.2834376764450206,0.4855072463768116
2505413.1647442654,0.20164413481510812,-0.051095466246883506,1.2769371333696402,0.5072463768115942
2262625.2900912752,0.17739592239641055,-0.0917493053127934,1.1927790156756022,0.5072463768115942
4324234.573847178,0.34023775793064437,-0.0697457718683939,1.8275008844798013,0.5434782608695652
5062168.2545505455,0.38314373903757026,-0.06562946445487515,1.8241898830698517,0.5217391304347826
6019062.591238395,0.4318771937276906,-0.07565446791760672,2.21375621995965,0.5869565217391305
2481495.4478089684,0.19934104442169653,-0.11635137364636339,1.4695329884701493,0.5362318840579711
5053557.823467933,0.3826728904042098,-0.07735009469432974,1.98440718519415,0.572463768115942
3511739.5314954305,0.28559584251129144,-0.05588707591323799,1.6841399172306881,0.6376811594202898
2659010.6349187563,0.21602923156287868,-0.12348029420239207,1.4691524857909237,0.5434782608695652
4677438.414494476,0.3614497471705054,-0.08914143140453466,1.948410669134754,0.5869565217391305
2847253.23405764,0.23277897524520363,-0.05677779701642396,1.6159587491416514,0.5579710144927537
2309426.441278708,0.18222687238391444,-0.11341246101469502,1.111334176581506,0.5289855072463768
2530248.735376657,0.2040170675077,-0.09549414245403838,1.307223729999407,0.5144927536231884
6149717.454315838,0.43804021908743285,-0.08138567244286644,2.2317934860299706,0.6231884057971014
4263987.8425881155,0.3364822387547024,-0.0941686644158826,1.8721026542258774,0.6231884057971014
3493511.61677779,0.2842584689974639,-0.08605372517858678,1.6420654854550838,0.5942028985507246
3689864.4949318506,0.2983807965583405,-0.15835007921826952,1.6437301835440143,0.5362318840579711
3010501.3611112274,0.2466018457374004,-0.04943024462334945,1.7757747158470116,0.5942028985507246
1417286.6147303188,0.07223884584192741,-0.13216017819866327,0.6657828359181371,0.427536231884058
3598478.043310409,0.29188474931483244,-0.05866508973365485,1.6213882807618094,0.6014492753623188
4141653.310157297,0.3287239049423154,-0.08596151853526843,2.0022979112895576,0.5579710144927537
3307988.836573471,0.27031903869884766,-0.10218966187083889,1.569105873436319,0.5579710144927537
3607550.290586169,0.2925354964487583,-0.05082627190105495,1.8003978825773421,0.6159420289855072
3062192.1470042435,0.25085361403509276,-0.11711203250284499,1.6901190243742188,0.5652173913043478
5490166.591074797,0.40577917202414837,-0.0642645203350006,2.3358328652973954,0.5797101449275363
2759253.4338877113,0.2250627040105797,-0.1246345166050334,1.490304054213135,0.5072463768115942
2723426.1887231036,0.2218647106072935,-0.0742695942137078,1.4488128686764192,0.5289855072463768
4006862.9451583247,0.3199603858695641,-0.059079840813497576,1.919552706494107,0.5942028985507246
2303486.3326845085,0.18161808119869316,-0.13435449605773536,1.0723129613322766,0.5
3479785.3723233715,0.28324769142848094,-0.06340739970682947,1.8423797058383218,0.6159420289855072
3680119.644445302,0.2976942719452784,-0.06416710794014409,1.8103397466685731,0.5942028985507246
4452183.758177465,0.3480767426200202,-0.06422273623437694,1.6429225741751308,0.5289855072463768
4798877.774499785,0.36844686111117086,-0.0701195117719426,1.879699194899701,0.5942028985507246
4833229.7856139215,0.37040043763017794,-0.07759842256989168,2.0105429416429215,0.6376811594202898
3458509.207216902,0.2816746283552438,-0.10783149397515175,1.7029093279854959,0.5144927536231884
4014963.809547703,0.32049368004179524,-0.05366041156156148,1.984036991861076,0.6014492753623188
3738396.6960084583,0.30177844701124545,-0.11475308654547914,1.6680342847697716,0.5434782608695652
2745343.503430338,0.22382505016046328,-0.1019494991425812,1.463587111375879,0.5144927536231884
5713966.786872592,0.417057726258945,-0.05259389031918816,2.3465854408316087,0.6086956521739131
3282463.2129898947,0.2683525124272157,-0.06733934850412446,1.4888231728770183,0.5217391304347826
3389451.505082649,0.27651488966636073,-0.08205698167187343,1.7879847757906717,0.5434782608695652
2164163.855930872,0.16696552980370805,-0.09559301930213004,1.0926678848318887,0.5144927536231884
2123938.9846559823,0.162594883390065,-0.10523721562589966,1.0587815185582106,0.5
3209876.9623931334,0.2626927217227919,-0.07238477704185596,1.4755091619134766,0.5289855072463768
3444308.725234463,0.2806203958966227,-0.09508773352181954,1.5573026523145324,0.5797101449275363
4290798.357409509,0.3381586973864843,-0.11784234453360709,2.0053324748741317,0.5869565217391305
1704017.1796648423,0.1124866133742588,-0.14986645793742828,1.083328141690956,0.5869565217391305
3098016.473697895,0.2537667396895924,-0.12078702123874116,1.5007979313653614,0.5289855072463768
3681417.1475292654,0.29778576488977615,-0.08006564674511435,1.8817525462650913,0.5942028985507246
2136097.7333685313,0.1639229291826212,-0.06034792932368773,1.3544214354618158,0.5507246376811594
4877084.540867698,0.3728783513431537,-0.0807693716061267,2.0848439457908654,0.6014492753623188
2856084.3410531897,0.23354275145439773,-0.0858301803041218,1.6434403684947152,0.6014492753623188
4637533.269021802,0.3591187616691649,-0.06748888281799824,1.7972245043353456,0.5797101449275363
4187699.4127253424,0.3316653521035202,-0.06824716047207878,1.7352378283586118,0.5869565217391305
2796430.8594987513,0.22834628646328037,-0.07451218695097671,1.5764676321988467,0.5579710144927537
4428250.756039956,0.34662428136582846,-0.13089146878877164,1.8867367775073502,0.5434782608695652
3204662.489048663,0.2622822037946231,-0.08578102289679543,1.4921604430032378,0.5507246376811594
1804579.1210877844,0.12531779266720466,-0.13309680615533487,1.2791274269521542,0.5434782608695652
2428050.905584933,0.19412985794769888,-0.07536739307290564,1.32788595677903,0.5072463768115942
2502697.5681809555,0.2013835313806458,-0.10448891998283721,1.3330925477246955,0.5144927536231884
3824934.2553693457,0.30775019947089555,-0.06646933553285982,1.877897462307185,0.5579710144927537
4492820.163169541,0.35052866656595705,-0.06447671416920397,1.8844947173846118,0.5797101449275363
3502063.80158346,0.2848866321689498,-0.076928740849093,1.573536903168237,0.5434782608695652
3059476.0753082535,0.2506316414132024,-0.15925307361469804,1.521813190375038,0.5144927536231884
4228350.430836767,0.3342407314701854,-0.06941149296367624,1.934775630605586,0.572463768115942
4863623.932110851,0.37211969261951716,-0.0716874381727097,2.008717083242756,0.6086956521739131
1770483.682902087,0.12103297043584815,-0.1155752989534111,0.9445612203693798,0.47101449275362317
3715827.864692521,0.3002028612742327,-0.09681804851224154,1.6806526142531817,0.5362318840579711
2767650.784536569,0.22580745479720932,-0.14277769686123457,1.495751516797834,0.5434782608695652
2890744.446501379,0.2365222628886039,-0.05721998511261626,1.6023975676128397,0.5797101449275363
2538257.959436389,0.2047783409445385,-0.06457470078055155,1.2409616949725024,0.5289855072463768
2377095.907022735,0.18907525346557863,-0.09350173425802226,1.355797036940015,0.5289855072463768
3094807.1941400953,0.25350687300924934,-0.10845258235262684,1.3675934311927977,0.4855072463768116
5776253.170322406,0.4201337345105891,-0.10121232549507415,1.9512368301585898,0.572463768115942
2106470.6691698055,0.1606762108647839,-0.10126651535880875,1.326093182545373,0.5507246376811594
4328832.893111922,0.34052267408320436,-0.14107896445079485,1.6992420713524081,0.5797101449275363
3345764.173045323,0.2732071395374931,-0.07829323050885822,1.6456084374341602,0.572463768115942
5906042.485770278,0.42645906534425926,-0.06506813524762022,2.128320101174916,0.6666666666666666
4145203.4091097782,0.32895161520578076,-0.07000200735502114,1.8253561084924375,0.572463768115942
2661707.3444393645,0.21627578553026572,-0.11564157313709912,1.4622183239317175,0.5797101449275363
6400365.015708662,0.44957586172584896,-0.04674252861509432,2.2991390832815837,0.6086956521739131
6853751.754109789,0.46955442226094846,-0.07134781712246151,2.134675770325228,0.6231884057971014
3317178.766011556,0.2710240707715399,-0.0759942647566497,1.7382156393210104,0.6014492753623188
2901421.3360426766,0.23743432897834338,-0.07186072234465499,1.5844126970072168,0.5579710144927537
6600814.375909874,0.4585438957003434,-0.06846038502451182,2.182424697505296,0.6376811594202898
6001591.241177026,0.4310449736189599,-0.056730576807816326,1.9219730678867368,0.5797101449275363
