final_value,cagr,max_drawdown,sharpe,win_rate
2789430.3171624043,0.22773066502986739,-0.09370593052582722,1.779710787098309,0.5637583892617449
4492280.935249425,0.3504962469408017,-0.05009855631218498,2.381565090248845,0.610738255033557
2285381.504387195,0.1797547691802892,-0.09248102116701343,1.4716873788021523,0.4966442953020134
2113903.010948096,0.16149410908527106,-0.06223840508849053,1.4818985318847935,0.4966442953020134
2092353.9952741498,0.15911635180030004,-0.08654175203122126,1.3917298754444714,0.5033557046979866
3033239.032156544,0.24847924570352742,-0.05287602862577506,2.071401861074436,0.5906040268456376
2588198.315255438,0.20948228026117466,-0.0917923331304672,1.6315403481197444,0.5167785234899329
2073260.8256960707,0.1569931517105494,-0.07014056165141014,1.4504693427731818,0.5167785234899329
3560476.3425940378,0.28914456178028347,-0.09632462671783236,2.1489992634371706,0.5771812080536913
3326912.835093312,0.27176914604503444,-0.08009576213157896,2.0300449975190435,0.5704697986577181
2720719.6019798317,0.22162175206633705,-0.062405971801552655,1.8030589950390206,0.5503355704697986
1841801.4731677144,0.12992225653555378,-0.10514320212408305,1.186651191907408,0.5234899328859061
1609632.9114069885,0.09988016122921883,-0.1193794376345229,0.9805392383233182,0.4966442953020134
3770115.084489467,0.3039799732856576,-0.07072070769496681,2.056586787679993,0.5503355704697986
1784248.1183726655,0.12277064517396741,-0.08570072657592784,1.1629461938231969,0.4899328859060403
2130468.674295911,0.16330884604486262,-0.0992773749292526,1.5568836022686259,0.5436241610738255
3224973.0126397205,0.263878182413922,-0.07325635588368525,1.9530564142739097,0.5570469798657718
3778246.608551048,0.3045419831042915,-0.07471135069916351,2.323402855722926,0.5973154362416108
6171802.849927876,0.4390716213328383,-0.02925935937024008,2.773888647649854,0.6510067114093959
3692262.5078248708,0.29854951412646846,-0.07520342019322097,2.1354623059944022,0.5503355704697986
2577578.248352866,0.20848808156034426,-0.09671302497204079,1.7925173722798156,0.5302013422818792
2489145.0674980693,0.20007956771708746,-0.054868660916264723,1.7989428018718618,0.5637583892617449
2364483.6771067213,0.18781078450391786,-0.06635227865009455,1.696573821096717,0.5906040268456376
2744308.002804074,0.22373271469529565,-0.07346976767821407,1.7989548062333134,0.5369127516778524
3158611.8514390304,0.25863339941068486,-0.07031554001231127,1.984772924586074,0.5637583892617449
2639926.871755841,0.21427870653613668,-0.05876484850881902,1.7560729791794,0.5503355704697986
2375906.807632249,0.18895626696134582,-0.08635764484815786,1.6421434088245903,0.5302013422818792
3996521.8709836355,0.3192783599806872,-0.11205727530180194,2.334520226608536,0.5973154362416108
2110858.991312719,0.1611594060143331,-0.06861520324391408,1.4527488957868515,0.5369127516778524
3849845.3986318395,0.30944920979237645,-0.06655657885499025,2.314221722708154,0.6040268456375839
3684697.3427687017,0.29801695163727504,-0.07648373273023332,2.007525191150084,0.5973154362416108
4770558.313035479,0.3668279208693044,-0.0555058089565097,2.810269863526094,0.6442953020134228
2505086.7782796994,0.20161282494373722,-0.09414708179395627,1.6528372552693251,0.5234899328859061
2342238.2821911154,0.18556730758717532,-0.05972940650273433,1.709199453841293,0.5503355704697986
3622673.5494999783,0.2936173748272102,-0.10073713837822706,2.2866740241113295,0.5704697986577181
2808631.194184013,0.22941623253999555,-0.06749115379990593,1.7744490456584576,0.5436241610738255
1893499.9692622544,0.13619548848188523,-0.06460064950038215,1.4287100401393633,0.5436241610738255
5483091.632504936,0.40541667081693467,-0.06050191630365625,2.7412864201225533,0.6442953020134228
2806827.5477238037,0.2292582906887295,-0.105802602827146,1.6089987238632253,0.4966442953020134
2523857.566814745,0.2034082054192201,-0.08988884734778922,1.9574411860682055,0.5503355704697986
2891709.611156299,0.23660482212200407,-0.06680663237469703,1.817684502105583,0.5369127516778524
3066892.9020693726,0.25123741420083223,-0.07804019702100551,1.8923974922798157,0.5637583892617449
1998817.357435245,0.14856247289637325,-0.08687754744659584,1.2723407516704945,0.4899328859060403
3059819.4463986075,0.25065971232879214,-0.06557296352207702,2.0306204250442463,0.5973154362416108
3350520.0816456885,0.2735688994497507,-0.05014813007294254,2.020282861628199,0.5167785234899329
3768668.722636787,0.3038799065059703,-0.07567774404005315,2.1662855791620115,0.6040268456375839
3732378.4262674595,0.3013590424225314,-0.07513499469073474,1.972006627758556,0.5436241610738255
1728125.9269279987,0.11561688099652523,-0.08121122097824245,1.2004219598927965,0.5033557046979866
2671471.5098412377,0.2171668324031677,-0.05604424280411589,1.6867457651527504,0.5100671140939598
3296609.9365719296,0.2694438989079868,-0.075687783594974,2.108807694651481,0.6040268456375839
2893673.631965585,0.2367727544785887,-0.07801727496336819,1.9744464050186272,0.5973154362416108
3311421.2485452816,0.27058254924337977,-0.083945964617267,2.224194928596853,0.5838926174496645
2388509.448773816,0.19021492725866262,-0.07175614202097634,1.6210029253940363,0.5369127516778524
3155945.022486397,0.25842079372782356,-0.05708423543269783,1.935727355057282,0.5771812080536913
4052896.5604005503,0.3229794671780466,-0.04722081820586409,2.204945269206872,0.5436241610738255
2691433.5856868713,0.21898043048775806,-0.08610011982671861,1.7683688185733393,0.5234899328859061
3649964.668488147,0.2955606003941029,-0.05513881270068253,2.171813185374067,0.6241610738255033
2222618.9646648946,0.17320256315756866,-0.08479518159935932,1.445270508291681,0.5033557046979866
3090451.056538407,0.25315379606126087,-0.08849177707446301,1.9014782069701317,0.5570469798657718
2002423.6047504365,0.14897661922820138,-0.1115360531980533,1.3733000234660777,0.4899328859060403
3220802.9796622973,0.2635511631336003,-0.061222778162962746,2.191751798976956,0.6308724832214765
4131581.299890186,0.3280770155429109,-0.07259594178691704,2.1349033946078566,0.5503355704697986
4425334.043795272,0.34644684106409795,-0.06285823574238092,2.2736585469319697,0.5570469798657718
3660845.552335833,0.2963321182630194,-0.062463466388644855,2.142367379794652,0.5570469798657718
2481514.2571644806,0.19934286258047718,-0.06899998495918498,1.6074546555699356,0.5234899328859061
4011071.3544958644,0.32023754041262187,-0.09166238892296136,2.2232613914770867,0.5369127516778524
2018638.1870278858,0.15083138406686358,-0.12097855498005887,1.2372956053071678,0.46308724832214765
3220037.405539411,0.2634910890423714,-0.11194879895166777,1.872319360106803,0.5503355704697986
3534706.1093153576,0.28727300562316493,-0.059131704460876684,2.196371423083496,0.5704697986577181
2076365.529938101,0.15733946335206928,-0.06509139774212923,1.53795915342174,0.5302013422818792
3164230.820877112,0.25908088684431774,-0.07946851359826757,1.9903033220571171,0.5503355704697986
1794287.008809556,0.12403124226085849,-0.0839307113854566,1.1518877917095272,0.47651006711409394
2139248.362905927,0.16426607156894302,-0.08803384819831883,1.461035056757773,0.5302013422818792
2491291.645557939,0.20028648023088214,-0.10464234034690177,1.747241994504042,0.5302013422818792
3756045.220973398,0.30300524073459556,-0.060306507853906635,2.34281901077205,0.5973154362416108
3357873.0050775995,0.27412739453902435,-0.07693315748332095,2.205954359815273,0.5906040268456376
3208755.2618165435,0.2626044590764054,-0.09704343691859091,1.9503202321220006,0.5503355704697986
3594676.771788117,0.2916116960413875,-0.056103689029629165,2.034769515331107,0.5637583892617449
2633281.06824293,0.2136667201843392,-0.0732033363229639,1.754105208600778,0.5503355704697986
2394185.9329351177,0.19078011846065457,-0.11752599735987052,1.5394427141612155,0.5302013422818792
2926369.1148138507,0.2395550553868424,-0.11969011365025699,1.877867888945233,0.5704697986577181
4366485.30568405,0.34284658979357197,-0.08765086070768041,2.33134111887891,0.610738255033557
2638184.8235586938,0.21411840735317567,-0.07608100973706666,1.8045416697846899,0.5503355704697986
3731680.372873155,0.3013103610746124,-0.04725662074482408,2.117082190038828,0.5704697986577181
2835150.5230280515,0.23172916342593775,-0.06541592833466363,1.8701050264379175,0.5704697986577181
3158104.2354698223,0.2585929421770792,-0.06397885052331208,2.109477188446356,0.5838926174496645
1913024.3390881454,0.1385290049692509,-0.0893407867910784,1.276998760477448,0.47651006711409394
1984251.6561686087,0.1468836204820343,-0.1313990199524993,1.3053023225041718,0.47651006711409394
3690615.122778095,0.29843361809077695,-0.07101482660343608,2.0669945065730615,0.5436241610738255
3491235.14060472,0.2840910531442309,-0.08981426215021972,2.1809355333856244,0.5771812080536913
2934576.630872023,0.24024958661356766,-0.07319314452028428,1.7885279856972753,0.5436241610738255
2598627.0677915583,0.21045539818919723,-0.10493434702354192,1.6517842564606544,0.5302013422818792
2514633.171478135,0.20252725416654482,-0.09939171372021939,1.5298519101332189,0.48322147651006714
3427342.12358431,0.27935624003353854,-0.09786716406390741,2.0384680622280893,0.6040268456375839
3278697.085701669,0.2680613304423185,-0.056918867547016166,1.9290723393708176,0.5503355704697986
2638937.662871251,0.2141876922451338,-0.09419609990625007,1.7357584062290958,0.5570469798657718
2640513.887616839,0.21433270329467913,-0.08036155135072612,1.6734563249861805,0.5234899328859061
1987634.4372203064,0.14727439886269944,-0.09601124165664345,1.2909179052216784,0.4966442953020134
3560275.4003346367,0.28913001038636543,-0.05774265431810401,2.2628391709226507,0.6040268456375839
1590525.2078865399,0.09725637135054144,-0.22453676881440715,0.9932147561695929,0.4563758389261745
5368101.371750723,0.39947176791334527,-0.053602299034995186,2.717968513038211,0.6174496644295302
2807914.2316397303,0.22935345922830463,-0.08660540965126978,1.7377823209179548,0.5234899328859061
3018987.856328522,0.2473038797461009,-0.08747123967425083,1.7916676860179326,0.5033557046979866
3773333.1660333415,0.3042025066447205,-0.10460450655465546,2.0652330894649693,0.5503355704697986
5351860.943544145,0.398623960713391,-0.09094043639993575,2.7092707979428785,0.6375838926174496
2136736.778429322,0.1639925617837894,-0.06608220686301518,1.4575361795314983,0.5234899328859061
4786891.5865602335,0.3677625814087504,-0.0680080880860566,2.293810389641866,0.5570469798657718
4066501.4278664165,0.3238664792621673,-0.13138382154771158,2.2839431815446956,0.5704697986577181
3408099.2676978726,0.2779164104437386,-0.05826246178608834,1.9451997649081934,0.5637583892617449
4469224.937924233,0.34910714601677806,-0.0617257136581596,2.15684445831107,0.5503355704697986
3221273.8702524127,0.26358810793051624,-0.0918875443604007,2.0485900110472333,0.610738255033557
3281207.0094744484,0.2682554174870919,-0.04875306803855297,2.0869648866788006,0.5570469798657718
3147570.776429895,0.25775224415287057,-0.06682779931982226,1.8606349383977645,0.5503355704697986
3821392.4943129914,0.3075079231384774,-0.06690648674425172,2.157747835331571,0.5704697986577181
2125781.6254381216,0.16279653717942622,-0.0630452109407074,1.4115099155586657,0.5167785234899329
4542304.055028422,0.35349058889400875,-0.07376237960599086,2.487370166390278,0.6241610738255033
4286295.373662838,0.33787771294345803,-0.05559362389223664,2.4442753248551807,0.6040268456375839
4003318.77969897,0.3197267959451222,-0.0496178545328476,2.5999645425931655,0.6375838926174496
3459622.104737925,0.28175710255856923,-0.06479711281245859,1.8688563661502515,0.5436241610738255
2806546.1660760553,0.2292336433181037,-0.03932994829518205,1.9984830540747966,0.6174496644295302
3116796.461086591,0.25528311879483345,-0.10769146739265477,1.8193596234480798,0.5436241610738255
3557106.3919159966,0.2889004371823809,-0.0788984112696558,1.8731049069090706,0.4966442953020134
3532549.546941312,0.2871158914428653,-0.05564265229079298,2.0720043365487997,0.5704697986577181
2567785.8627873184,0.20756845822189107,-0.0968200923192747,1.4689825622794175,0.5033557046979866
2937069.823020649,0.2404602562003193,-0.0560552554678653,1.8853583882630844,0.5302013422818792
1989170.95520709,0.14745172150130914,-0.11762210532268896,1.2671714957036186,0.5033557046979866
2420763.6888067382,0.1934122165984249,-0.07911775829076789,1.8146799851810191,0.5369127516778524
3017593.652848562,0.247188654590069,-0.0926876323664907,2.0155712340758805,0.5503355704697986
3319742.799457562,0.271220499201569,-0.07999860084454938,2.0223512884979207,0.5302013422818792
3562665.2906231876,0.28930303365248444,-0.04738576566389503,2.251472411986939,0.5637583892617449
2959498.820370297,0.2423490557606114,-0.06556927040537143,1.8833738758778424,0.5637583892617449
4537539.400788096,0.353206520626548,-0.06986332292189514,2.579806350317007,0.5973154362416108
2326309.001322295,0.18395032268026634,-0.06565419536046332,1.6618451661690674,0.5302013422818792
2729868.0637994874,0.22244219372219698,-0.07189111202020299,1.7648019759396532,0.5570469798657718
2724953.8074403997,0.22200175304005265,-0.062490015572581915,1.8249007676135505,0.5906040268456376
3169863.229510079,0.2595288070191484,-0.10850117636963055,2.0445687713117064,0.5637583892617449
3560513.513215513,0.28914725344846604,-0.07806297688372842,2.153375537599282,0.5771812080536913
3111429.708954498,0.25485053115428635,-0.08555408032674267,2.04318788117343,0.6040268456375839
3825425.408427753,0.3077837829250851,-0.05261404113268023,2.149424551708529,0.5838926174496645
2128295.0575307827,0.16307137527676852,-0.07190806280213374,1.3868520375812923,0.48322147651006714
1912039.735414111,0.13841178422363898,-0.11131307786928225,1.175871710739067,0.4697986577181208
2276409.564076682,0.17882701598556006,-0.07366374221158058,1.5436200333709709,0.5234899328859061
2623284.7534963125,0.21274386702027703,-0.046855866844969674,2.0911221571367027,0.5973154362416108
1770399.4742002983,0.12102230639776179,-0.09307826436903498,1.146044143284723,0.4697986577181208
2604638.634498571,0.21101492512587106,-0.046380706391063516,1.7723421554220058,0.5503355704697986
3556376.483937746,0.28884753710933553,-0.0590878666360158,2.170438380120255,0.6174496644295302
3577405.9731648294,0.2903681817415362,-0.05869755029777263,2.0969890973065954,0.5637583892617449
2373810.9992686263,0.18874643514723166,-0.07423047334914298,1.6393847601143745,0.5234899328859061
3166922.810801274,0.2592950482256102,-0.0805253379266508,1.8679400652508806,0.5637583892617449
3127515.974873035,0.25614538563817235,-0.08374814068983158,2.0526296608746692,0.5570469798657718
1367136.378802539,0.06454093955036644,-0.10611831269162009,0.7357797964922008,0.46308724832214765
1997572.7175218677,0.14841939800368564,-0.08257472521866603,1.349325227897643,0.4697986577181208
3825407.663533411,0.30778256964678885,-0.06679170284661147,2.074360858900633,0.5637583892617449
2768495.0235148026,0.22588222927320722,-0.11371413320879818,1.7452873074656154,0.5570469798657718
2787325.4691023603,0.22754532490245505,-0.0850472225231028,2.1353001753295455,0.5838926174496645
2877941.197677531,0.23542499367875092,-0.13404350498533682,1.6546850969717712,0.4899328859060403
3869148.6861038553,0.3107597107901494,-0.05121674536662438,2.482165880826555,0.6308724832214765
2169460.0047791363,0.16753613189532435,-0.11388399463495105,1.4844137868262703,0.5369127516778524
2540537.4184039324,0.20499465125445382,-0.08459237458497718,1.5694607573839865,0.5100671140939598
3190727.4313015933,0.2611825154113563,-0.09268038395760671,2.1461253240967557,0.5906040268456376
1725144.730872023,0.11523170420334483,-0.0599213634674972,1.2896557700062246,0.5234899328859061
2502342.298912297,0.2013494210757194,-0.06411696389759432,1.6976547434917748,0.5167785234899329
3080986.6448642425,0.25238530507057244,-0.07669842743723577,2.1315299752485357,0.5570469798657718
4520463.852025636,0.35218651385625765,-0.07138557060949954,2.486284535939409,0.6375838926174496
3117078.921282016,0.25530587001821803,-0.06198351503908805,1.8516035382520686,0.5436241610738255
3669337.9682725007,0.29693300623447927,-0.08317077425361538,2.21206482882793,0.6040268456375839
2380802.8314670245,0.1894458792533642,-0.09539930404191994,1.5920831155799786,0.5570469798657718
3597894.441184023,0.2918428429537241,-0.08344036749374743,2.0853214292617475,0.5637583892617449
2651606.1327228593,0.21535122469796208,-0.08941175853961636,1.7334723705623074,0.5570469798657718
2205335.051520352,0.17137220881561932,-0.07857641960232059,1.7105061493839353,0.5570469798657718
2745014.6726221447,0.22379573137670228,-0.07983865067974072,1.8357663444152377,0.5503355704697986
2783496.4675703365,0.22720787899927353,-0.10051967068649642,1.7821457569223185,0.5369127516778524
3094483.5689706467,0.253480655974192,-0.06469643684713938,1.8244032466616449,0.5570469798657718
2247718.2718568537,0.17584039303129595,-0.08070187930695205,1.5044674371959823,0.5167785234899329
3433494.4144890853,0.27981521529792297,-0.09173866539761541,2.1426120022705284,0.5771812080536913
3455641.087024633,0.2814619808437975,-0.08737741439466427,1.9478609970716654,0.5369127516778524
3608534.7749165692,0.29260603417997477,-0.041790742309834324,2.1477447027129433,0.5973154362416108
2872624.1661390276,0.23496816339890714,-0.10305961291027814,1.7205213106648654,0.5369127516778524
3975196.0978480857,0.3178673893219375,-0.0653256422478182,2.2529906074840627,0.5906040268456376
3774335.787077382,0.3042718078096638,-0.08483242869976054,2.2339804768196654,0.5838926174496645
2154474.5125690983,0.16591871129668667,-0.11512266400431369,1.3622660288325672,0.5302013422818792
3096830.8302312153,0.25367075905350944,-0.08533856828067678,2.073401301790045,0.6040268456375839
1811468.226443043,0.12617567931855578,-0.08664497534709804,1.192956868112434,0.5033557046979866
2187985.3519383934,0.16952330944330596,-0.08100178373589413,1.4958900367193644,0.5570469798657718
2808531.146173723,0.22940747365411762,-0.06082319982886121,1.7931100264480924,0.5100671140939598
2521679.8851823434,0.20320046430705063,-0.06744073235900556,1.6521115579963808,0.5234899328859061
3262331.2492925804,0.2667928726344997,-0.044996344944797644,2.126671532429693,0.5771812080536913
3082616.0015914612,0.2525177399776506,-0.05832828643654295,2.153109127183155,0.5838926174496645
2509825.83652417,0.20206711730643767,-0.08444742185051467,1.730608519101075,0.5369127516778524
2322234.495063777,0.18353529645318511,-0.05869740726880491,1.6965456178252183,0.5570469798657718
2419413.253904886,0.19327903670492752,-0.1174078935342816,1.424319871044833,0.48322147651006714
2792194.1427940647,0.2279738608841826,-0.09090827439489188,1.6127348991927712,0.5503355704697986
2115568.8450710825,0.1616771115128397,-0.07160522645917841,1.4297886389147427,0.5302013422818792
2669615.990698562,0.21699770433446175,-0.07666856835213413,1.710301973371925,0.5436241610738255
1816147.9869949457,0.1267569530947017,-0.15388936747044965,1.1765381796728258,0.47651006711409394
3901055.723645587,0.3129144577565748,-0.09352484581101712,2.139934417936688,0.5503355704697986
3034930.539624397,0.24861845933198956,-0.06243794871852142,2.004612098134226,0.5704697986577181
2404003.483754556,0.191755098390596,-0.0810328000600476,1.5176963254765339,0.5570469798657718
2417023.419403664,0.1930432054077953,-0.14438987783016882,1.5609534905346956,0.5436241610738255
2067330.506321219,0.15633050446991326,-0.10598994613183771,1.3431832070186056,0.4899328859060403
1843064.5760790592,0.1300771936189815,-0.06952790295811824,1.1779769440661092,0.4429530201342282
3617179.871952116,0.29322479010173197,-0.0682703071673388,1.971189441598774,0.5503355704697986
2858239.7578311837,0.23372888016606175,-0.09389995755963493,1.8467143908051153,0.5302013422818792
7464299.194909473,0.4948506610232042,-0.0520834250467113,2.8306842812865236,0.6711409395973155
2322236.175277099,0.18353546771850748,-0.07660461103652819,1.611123318077606,0.5369127516778524
2319581.2094661407,0.18326472142581474,-0.09076869195766328,1.4403329710329824,0.4966442953020134
3061893.7212717384,0.25082923271345026,-0.06353461375623705,1.7107481007393652,0.5436241610738255
3692995.161885532,0.2986010441608631,-0.06045588742078913,2.2392590319318466,0.5771812080536913
3094172.8345895116,0.25345548116405725,-0.15743854288934486,1.8445859516673182,0.5436241610738255
3249158.8678469057,0.26576822531406763,-0.06387710760165011,1.9720834064356658,0.5503355704697986
2588973.8090754375,0.2095547502596966,-0.053082433845106,1.7539778861775526,0.5570469798657718
2192361.6433492294,0.16999077919823113,-0.08822582913153577,1.4811924662282157,0.5436241610738255
2967296.7378937188,0.2430030544118913,-0.07880177967367057,2.16361801603902,0.5838926174496645
1543102.7082593702,0.09063383478041298,-0.10256889601724017,0.9300993640890093,0.4966442953020134
2791258.574939013,0.2278915595240576,-0.08365869856559346,1.7320842320242351,0.5369127516778524
2765902.7910310803,0.22565257651539583,-0.05955373926061428,1.8866465435634387,0.5637583892617449
2022800.9789742564,0.1513056369411716,-0.07256705860206916,1.4904323686621115,0.5234899328859061
5026917.127691953,0.38121200722870885,-0.09990152635067237,2.304240406168814,0.5906040268456376
4313161.17210818,0.33955064366550025,-0.035814632466249996,2.6929345196019883,0.6241610738255033
3043574.5242795795,0.2493289048257743,-0.0766401631532441,1.8719607950076862,0.5704697986577181
3673718.334944513,0.297242507913025,-0.050142212198017864,2.3764196313449344,0.5906040268456376
2631219.9548278656,0.21347666919855368,-0.11723514871796756,1.619641074075079,0.5234899328859061
3096422.091912736,0.25363766390809817,-0.06913240336725247,1.859027897089643,0.5436241610738255
2341302.5023749527,0.18547255998565793,-0.1080445021785981,1.7546464039050649,0.5369127516778524
1953318.2404087298,0.14328525159574035,-0.0775221676347801,1.2838160505039438,0.5369127516778524
3753597.154774137,0.30283534528133593,-0.05313623333354343,2.4626705130221103,0.5973154362416108
3995750.3019377054,0.31922741603517824,-0.10210540187861476,2.22268267081896,0.6308724832214765
4057495.718318811,0.3232795898880265,-0.0382516788465319,2.4321914020636917,0.6040268456375839
3249934.452865477,0.2658286481613845,-0.10194212112158524,1.7850775014226026,0.5302013422818792
2571632.20524727,0.20793001028337343,-0.09050458747240897,1.6548125380781298,0.5234899328859061
4533765.6335078925,0.35298135955428167,-0.06739837591518825,2.408552302400697,0.5906040268456376
3614047.9551874134,0.293000766081011,-0.07478091027818028,1.892433561436827,0.5302013422818792
5299690.6925931135,0.3958864922995511,-0.050848805616124586,2.4691316662900276,0.6040268456375839
2799326.035490939,0.22860052531483754,-0.07073935291049786,2.013336753645114,0.6040268456375839
3105870.8882157686,0.2544018319985959,-0.0903727549498031,2.068927592633569,0.610738255033557
2787320.407066309,0.2275448790353849,-0.13027451724941413,1.7403286400695424,0.5167785234899329
2654218.57173059,0.21559061020809311,-0.06283964811178006,1.9117943323287854,0.5906040268456376
2832706.4647315834,0.23151672627644038,-0.09137938770781827,1.938311234564229,0.5436241610738255
2366800.592242378,0.1880434762132217,-0.08024492266777913,1.6621896180838964,0.5302013422818792
3134405.7279302934,0.2566983430301817,-0.08750436442883848,1.9043164283884528,0.5234899328859061
2711507.5995682045,0.22079337895352635,-0.06464452354689404,1.9870430720578802,0.5369127516778524
1783154.5351868258,0.12263297998939438,-0.09905529844379327,1.241860952887597,0.5302013422818792
1985984.666774614,0.1470838841406359,-0.08932163517162416,1.2885113793205214,0.5033557046979866
1894952.397241638,0.13636974103465627,-0.07685941327355181,1.2667993274703846,0.5302013422818792
2950520.5547622945,0.24159435366102744,-0.10278615487290348,1.6666109238508682,0.5167785234899329
3013158.78655875,0.24682184779013494,-0.0548255140993591,2.176594383400483,0.6174496644295302
2607286.1224552067,0.21126101259648267,-0.0932739992716456,1.7951659047495134,0.5100671140939598
2929595.890837046,0.2398282952548323,-0.059246223280276684,1.9128168560378214,0.6040268456375839
2173797.4737774273,0.1680026172557636,-0.07022038504882826,1.4765261369654745,0.4966442953020134
3108723.3472418957,0.25463215812652407,-0.05899212956657784,1.8770557267381285,0.5436241610738255
2316214.5613396224,0.1829210429460495,-0.09904983989272423,1.4548705202380667,0.4966442953020134
3674728.208810427,0.2973138202544754,-0.04250052860171637,2.524581241164483,0.6308724832214765
2634483.0669513503,0.21377749905712173,-0.05414433740174711,1.7472362967018762,0.5704697986577181
2700323.180168476,0.2197846081251813,-0.1088964517588682,1.7819228213320764,0.5570469798657718
4131407.872978778,0.32806586590573694,-0.05979705026219301,2.195299474593763,0.5570469798657718
2634379.536842252,0.21376795908369473,-0.0651096080930263,1.962782627424735,0.610738255033557
3668864.3675076803,0.29689952552581844,-0.11598132267261262,2.0714750115626694,0.5637583892617449
2240134.043747486,0.17504581815113696,-0.09612018318076371,1.4078905540583166,0.5100671140939598
2408720.729114577,0.19222243497243752,-0.04917845731157202,1.809545722137115,0.5369127516778524
2606685.882571724,0.21120523704325023,-0.054425854627570276,1.662164606204815,0.5100671140939598
5670230.351490114,0.4148817357908725,-0.07126144975654448,2.613668416095106,0.6308724832214765
3315482.7297653435,0.27089407211570027,-0.09462359382177311,1.853961100980856,0.5503355704697986
2948243.6448712014,0.24140266738386895,-0.050476198388742004,1.894410772612021,0.5369127516778524
1721871.9743674397,0.11480824354307662,-0.08482940185684386,1.0141885448488155,0.47651006711409394
2919459.7979402277,0.23896917040232735,-0.058200070335399944,1.7100566171126685,0.5234899328859061
2785566.1146852537,0.22739032091771927,-0.0660864226946499,1.7737665876208353,0.5167785234899329
5123029.878933975,0.3864537213111585,-0.05640947864915582,2.6754096729962042,0.6375838926174496
3157382.1272366997,0.2585353808432691,-0.0591655602765799,2.0759897518084536,0.5838926174496645
2358999.494937065,0.18725927105527473,-0.08187876766450813,1.5570816487227241,0.5369127516778524
3769524.317903124,0.3039391047143116,-0.08354299346550388,2.0365352246762622,0.5369127516778524
2107558.2196213747,0.16079603530405873,-0.1307603784950765,1.3294743808463405,0.47651006711409394
3064926.5172872334,0.25107692307549545,-0.07998905561020275,1.8595798537802435,0.5436241610738255
3081042.9785358864,0.25238988483379066,-0.054050555984178426,2.0020219044115493,0.5637583892617449
2453241.4885612885,0.19659741457503288,-0.05915278663954157,1.6353316836584415,0.4899328859060403
2842565.412846348,0.23237276921776728,-0.13481586990460967,1.986683784873515,0.5704697986577181
2945882.9726471826,0.2412038043182425,-0.08154884865404036,1.9895190923203387,0.5637583892617449
3067227.2910106946,0.25126469795160333,-0.057532704329465785,1.870419292390108,0.5570469798657718
2386393.329580329,0.19000395637968404,-0.07299155459647982,1.640888612452256,0.5503355704697986
3183569.8926141327,0.26061618227356687,-0.07599342112090328,1.8389890760138592,0.5436241610738255
2682078.196406673,0.21813181763118616,-0.10008774326295355,1.6351603535016193,0.5570469798657718
3175663.3572261743,0.2599894001974181,-0.06706591146954233,1.9044911577622816,0.5637583892617449
3525602.4702924425,0.2866092468903434,-0.08418569522761124,2.108356820260073,0.5637583892617449
3187654.9758745767,0.26093953505482537,-0.08873665095911216,1.876707125045853,0.5033557046979866
2621811.3569418844,0.21260760623424124,-0.090464412209665,1.7171475926871798,0.5503355704697986
3679810.252862272,0.2976724515032152,-0.059819640085716906,2.012803843608493,0.5570469798657718
2872697.9113657447,0.23497450408719378,-0.07832873056618872,1.7862317276518733,0.5704697986577181
1915277.9973740417,0.1387971298471471,-0.07227362762595024,1.27952423653023,0.48322147651006714
3123752.108170552,0.25584289372731694,-0.04724225016891151,1.9743264980818669,0.5704697986577181
2749433.3896118677,0.22418947269259104,-0.07377976829312455,1.6797858093534277,0.5503355704697986
3126820.8827142185,0.2560895448720619,-0.056631461427021065,2.156924330529461,0.5704697986577181
3063327.004374041,0.25094631429599956,-0.13843038038012062,1.8286472669851954,0.5503355704697986
4358536.286175723,0.3423573132077564,-0.06109549972170149,2.1375074201473643,0.5167785234899329
2647188.0221573464,0.21494595045247378,-0.06210592253113244,1.684016612493649,0.5302013422818792
2695180.461544817,0.21931964205965393,-0.056181841325589094,1.8210524682752853,0.5436241610738255
2136570.8212594036,0.1639744801075651,-0.10498954896206242,1.3336294526269563,0.5033557046979866
2077127.8362592293,0.1574244308245989,-0.07188405440253277,1.3250548352330018,0.5167785234899329
3258798.803559747,0.2665184175807036,-0.04119807970686845,2.274772277227339,0.6040268456375839
3798948.017463922,0.3059684047486573,-0.0614313446839535,2.2614943314854177,0.5906040268456376
5068570.017848574,0.3834933948642183,-0.07773226330758114,2.342009561412626,0.5973154362416108
2794878.891716209,0.22820991425915804,-0.07769318337632844,1.9251264891301982,0.5570469798657718
2727878.23830854,0.22226393190846294,-0.08491723718576467,1.8332453328733376,0.5570469798657718
3283346.320573743,0.26842075210763694,-0.10055389878742763,2.0395435786699605,0.5369127516778524
2779235.4375079176,0.2268319220231576,-0.05035497496163611,1.840079970086548,0.5570469798657718
2360001.1774882693,0.18736008116191716,-0.06069916544028059,1.7241196126895268,0.5906040268456376
2457886.3385149715,0.19705018784949013,-0.08563953785702623,1.713520762832458,0.5302013422818792
5755569.664017146,0.4191152366495723,-0.05264647041765885,2.6065560449987357,0.6375838926174496
3845310.452322698,0.30914056976985416,-0.05414080408455765,2.4103768556973897,0.5906040268456376
3327456.8066105666,0.2718107318024501,-0.05741469524461735,2.169099046730093,0.5771812080536913
2202441.360716507,0.1710646483455296,-0.07285333723572845,1.666441749354797,0.5637583892617449
3103603.773555751,0.2542186496579706,-0.087881691970103,1.8235259958652514,0.5570469798657718
3977778.111793208,0.3180385440604838,-0.06880338878534464,2.053919706741589,0.5838926174496645
1906702.096399512,0.13777547655695566,-0.10554299572684683,1.1951263187750443,0.44966442953020136
2046009.0361904684,0.15393543403044596,-0.074209698813025,1.473097205912272,0.5100671140939598
2128872.319729889,0.163134460919661,-0.08176298685700459,1.3995073091374095,0.5033557046979866
2958317.904484037,0.24224989410878273,-0.06379188478025935,1.9795871099268376,0.5771812080536913
2184356.9431590997,0.1691351600158535,-0.0967728483242811,1.414108666259162,0.48322147651006714
4437151.995688158,0.34716521727806793,-0.04592123142077045,2.4427100775680577,0.6375838926174496
3628638.6927892803,0.29404311208456035,-0.07558720533521643,2.4147939868911883,0.6241610738255033
1957116.2141257643,0.1437295001640566,-0.07520616986284812,1.231431177812815,0.46308724832214765
2756549.6954889833,0.22482252686411064,-0.09708540305789391,1.8242117925732946,0.5302013422818792
2056151.6039437908,0.1550772402813838,-0.05494950522970466,1.5271645032899805,0.5771812080536913
3515524.3392525376,0.2858728355396529,-0.09480295537797377,2.0352809253062376,0.5503355704697986
4265788.712555633,0.3365951107568499,-0.04328197984879893,2.6152849641432954,0.6375838926174496
3376710.4980394715,0.27555375508348745,-0.061233673634136614,2.1072504445237925,0.5838926174496645
1976645.1858575502,0.14600297172655008,-0.11496858163960741,1.2553302941571411,0.4899328859060403
3860358.9364412082,0.3101636244503785,-0.06927128265027178,2.3995896736874402,0.6040268456375839
2617628.0953220003,0.21222040099600537,-0.07765398780481342,1.7645027267259512,0.5771812080536913
4544100.405617727,0.35359762528207006,-0.056915836670853516,2.338063804649409,0.5906040268456376
1941215.1565492188,0.14186492998407374,-0.07274742133904234,1.193943839866721,0.4563758389261745
1943433.4910039995,0.1421257852781539,-0.0995780865345008,1.2462960244824917,0.5436241610738255
2402924.4263961054,0.19164809329954036,-0.07194092071228841,1.5566482482752775,0.5167785234899329
2820537.022630498,0.23045677234237583,-0.06565567898735984,1.8866619692243918,0.5436241610738255
1883157.0302664682,0.1349515104747665,-0.09463540245566862,1.2248963941039475,0.5033557046979866
2603074.158795463,0.21086941098331358,-0.08707330256917721,1.5907409210228347,0.5234899328859061
2146025.0608517774,0.1650027696716183,-0.0676800355153624,1.438640642614689,0.4966442953020134
3283659.246280778,0.26844492904732187,-0.084102165938797,2.030934640892075,0.5570469798657718
3188567.057173189,0.26101168513200546,-0.09682852373804024,1.964869090409669,0.5369127516778524
2284621.9120686445,0.17967633572648367,-0.09842881318175482,1.547379903644752,0.5369127516778524
2526607.4361906783,0.20367032592348266,-0.07122410554542444,1.598728547561247,0.5234899328859061
3342266.530891644,0.27294082750536686,-0.07181348469314992,2.1575981057021236,0.5704697986577181
3567536.2465895745,0.2896553938136881,-0.06691217600737343,2.138068006578359,0.5503355704697986
2591194.8484149333,0.20976221062696343,-0.08773341400024022,1.7351429979803215,0.5704697986577181
3403261.2298910893,0.27755338571502874,-0.04971485688257503,2.3350953377571946,0.5973154362416108
3718068.4252412505,0.3003596220803251,-0.04640321548797554,2.1552567271862633,0.5906040268456376
2931347.2734131822,0.23997649962782708,-0.07456824748077942,1.9114183286810786,0.5302013422818792
2732733.3845021846,0.2226987056981582,-0.0959814006484628,1.8035007683160682,0.5302013422818792
2657699.05862397,0.2159092448379305,-0.0862556370470117,1.8903998286301926,0.5570469798657718
3827592.3702379502,0.30793191158036026,-0.0539988172495876,2.206200770471201,0.5973154362416108
2652662.8251704145,0.21544807526548837,-0.06286977377624339,1.839535431967602,0.5302013422818792
2248376.320939465,0.17590923351776477,-0.14214000987615008,1.7424675986672142,0.5302013422818792
2693257.8626630385,0.2191456328005843,-0.05436584261522155,1.7891756018513194,0.5906040268456376
4341361.55206348,0.34129773480267844,-0.0718384721043579,2.3127307142543705,0.5637583892617449
3208555.101398572,0.26258870656667654,-0.057657924002806074,1.9585249120606594,0.5704697986577181
2849845.857592269,0.23300339984227447,-0.11329659124092506,1.8152844562804682,0.5167785234899329
2139483.3357596193,0.16429164680436958,-0.07407785928941289,1.4481821910589525,0.5302013422818792
3940948.3393607023,0.3155887419203036,-0.0560249811663382,2.0828576629422413,0.5906040268456376
4500213.684660239,0.3509728684741136,-0.06431574263753106,2.4639832216659747,0.6375838926174496
2152004.1687673195,0.16565121758059465,-0.06854832442749363,1.4384593675179191,0.5369127516778524
3941273.345162644,0.3156104402443285,-0.046433029236874784,2.2826589981739875,0.610738255033557
2828390.625552919,0.2311412358891889,-0.09546099722473736,1.634146495932919,0.4899328859060403
2738856.4631251013,0.2232461414170277,-0.055252216136278065,1.8192625903758655,0.5234899328859061
3962616.3907159963,0.31703224003246033,-0.05818675528307484,2.3352473998234937,0.5973154362416108
2820663.4825058323,0.23046780574617398,-0.08123418592691134,1.7801674095147384,0.5302013422818792
2680994.9132714444,0.21803340179096486,-0.08667190972056907,1.7974606171225356,0.5570469798657718
2647610.9241500846,0.21498476675333955,-0.05031285720955835,1.8899715533444923,0.5771812080536913
2173263.896791891,0.16794527239986712,-0.08005086073055011,1.402369860549234,0.47651006711409394
2275365.320974083,0.1787188449486361,-0.07636641291978521,1.5485384390472519,0.5302013422818792
2439327.945216934,0.19523702598023585,-0.052879414092519415,1.7222112486003383,0.5704697986577181
2607315.6302628987,0.21126375425915755,-0.09079011082066368,1.884886287445351,0.5570469798657718
2550213.627972289,0.20591115479534716,-0.0898843521964469,1.672676495851367,0.5369127516778524
2492676.1028442364,0.2004198549085605,-0.08348138997558004,2.003383416193818,0.6040268456375839
3118197.9797012834,0.25539599022069015,-0.04819297635896199,2.009605841214423,0.5704697986577181
4402004.847398794,0.3450242153331957,-0.048032241991139986,2.2779629142997067,0.5906040268456376
3676984.3804051215,0.2974730834087873,-0.10644077822655831,1.9643752588800998,0.5503355704697986
2928310.5536095565,0.23971948316825253,-0.05409403216891733,1.90959636624764,0.5369127516778524
4354879.131539472,0.34213196889655806,-0.06469123625798867,2.5966196032522997,0.6308724832214765
4145782.2042808244,0.32898872546282965,-0.06647370986557312,2.1887535593037777,0.5637583892617449
2568863.2840489703,0.2076697783233914,-0.0851162130290856,1.4622620854875723,0.4966442953020134
2369013.9461137075,0.18826559695767298,-0.08470287457239016,1.6108644938665309,0.5436241610738255
3699115.698114203,0.29903120290891017,-0.08015410929047573,2.2450402427189102,0.5771812080536913
2548191.192872031,0.20571982564198676,-0.05707054993174204,1.7281704253330745,0.5637583892617449
3061274.490675509,0.2507786356341837,-0.05445032888261561,2.0310516289762317,0.5838926174496645
2570345.3415274913,0.20780909466113928,-0.07163663601020868,1.6511620643149354,0.5234899328859061
4761196.456917511,0.3662910402007824,-0.060086786536873084,2.571672840736096,0.6241610738255033
2535602.162123726,0.20452612173765994,-0.05619195090499947,1.7836909445892062,0.5570469798657718
3707790.255144601,0.299639887037187,-0.045103587607350365,2.189621913655357,0.5838926174496645
4346729.086310809,0.34162923926723066,-0.1035766989278472,2.2953612532901677,0.5771812080536913
2800508.7611811142,0.22870432543475494,-0.08979136429922357,1.8810003760658596,0.5570469798657718
3068349.581678702,0.25135625146728535,-0.05892107452801106,2.04956763662786,0.5637583892617449
3065364.6969140973,0.25111269326897934,-0.07363575914062367,2.0790900497081166,0.5637583892617449
3549669.5207799166,0.2883610429911512,-0.09115352421527004,2.1242885995703733,0.5906040268456376
3017853.080581407,0.2472100984447585,-0.04368932267472417,1.9440089896260269,0.5503355704697986
5464643.824331304,0.40446969339057204,-0.06475926671404522,2.7973960176762906,0.6308724832214765
3492949.598470049,0.284217145349432,-0.10412191250951006,2.1579273321278523,0.5973154362416108
2722974.5456298455,0.2218241819988902,-0.07363201568988108,1.7692543589955207,0.5570469798657718
2211011.0392114995,0.1719745535656272,-0.0774776290181816,1.4378670778314013,0.5100671140939598
2350047.7923930283,0.18635684096008065,-0.08034323340223444,1.488231060867812,0.4966442953020134
3120583.422506359,0.25558800877713983,-0.06803129620107193,2.0451230120423225,0.5570469798657718
2540986.3171629016,0.20503723140876207,-0.08384304374695999,1.6863973937997934,0.5503355704697986
3030257.6442557853,0.2482337216831232,-0.06249382081660523,1.8908115929149316,0.5570469798657718
2895526.559813928,0.23693110432889442,-0.09986115273818481,1.7883841455753262,0.5570469798657718
3156165.7966075963,0.2584383997994777,-0.08638682171111224,1.8915498716045143,0.5570469798657718
2242976.517834907,0.1753438666842777,-0.09701268810304078,1.3005666877012412,0.47651006711409394
3299451.904077765,0.2696626979139698,-0.10639460009445752,1.9813252794593383,0.5369127516778524
3836824.797981849,0.3085622688312599,-0.10588646487092235,2.2536765578026707,0.5838926174496645
3364434.276482583,0.2746249338560567,-0.06485224698806895,1.8419018665239422,0.5302013422818792
3665498.933960017,0.2966615101031693,-0.048080735663762024,2.3091956990495723,0.5973154362416108
2755377.0948508424,0.22471830439190676,-0.06785469086031144,1.8487809944483344,0.5704697986577181
3321260.5643107113,0.2713367167016225,-0.07195416473481571,2.031026435525272,0.5906040268456376
3467976.2408530484,0.282375531108805,-0.06708319115669426,2.283841663993712,0.6040268456375839
2759760.379417102,0.22510771578209998,-0.06941558639912603,1.8049920005015168,0.5771812080536913
2209383.6421332946,0.17180197824056131,-0.07859475357930698,1.3059153331584328,0.5167785234899329
2938999.582136787,0.24062321866003944,-0.08640279822438089,2.041116856079883,0.5704697986577181
2496384.6728151417,0.20077683622901255,-0.08846784631864925,1.7014010957098742,0.5436241610738255
3368583.888503475,0.27493919717728543,-0.05132699615446512,2.08229873310149,0.5570469798657718
3479561.8204264576,0.28323120306514604,-0.0650750406647763,2.1344264289469015,0.5771812080536913
3170383.7524616024,0.25957016972445346,-0.058516765446700154,1.9766953175490047,0.6040268456375839
1686699.8150104687,0.11021619821078366,-0.15259340356390758,0.9788629521548867,0.4429530201342282
3111674.00622777,0.2548702357251367,-0.059125604735760784,1.8095306826561646,0.5503355704697986
4468045.279463783,0.3490359187351997,-0.04859354712261962,2.5455294745333723,0.6241610738255033
3745637.3627075697,0.3022823234394594,-0.04824934630142117,2.086726586046383,0.5838926174496645
2466224.366122661,0.19786125231273655,-0.06975214722618037,1.4968927948939992,0.4966442953020134
2467938.2739516627,0.19802769729180314,-0.056258989497941135,1.6201465525673013,0.5167785234899329
3042971.817509536,0.24927942099458922,-0.05778304549953503,2.089020647263136,0.5838926174496645
4451108.685853418,0.3480116320999156,-0.04663782877592678,2.535695873433172,0.6510067114093959
2149325.453270244,0.16536088321601938,-0.08748103683808346,1.398668570771825,0.4966442953020134
3190477.458248891,0.26116275367801256,-0.05224632044975522,2.0459299423754467,0.5637583892617449
4302187.6876853,0.33886833573611974,-0.05265970480656017,2.56503613405841,0.6577181208053692
2721465.1238341867,0.22168869361415067,-0.09069190048563085,2.054302401332483,0.5704697986577181
4516460.317614013,0.35194691702616665,-0.11154820986521939,2.3811330470943823,0.5771812080536913
2160790.334246602,0.16660148708234268,-0.07292540897034447,1.436244629003266,0.5234899328859061
2352710.087529527,0.18662551649892278,-0.09873426775823894,1.5989837800058226,0.4899328859060403
2111651.239596098,0.1612465542771182,-0.06701073064185975,1.29916112029006,0.48322147651006714
4313973.292850548,0.3396010843930748,-0.06753421503793734,2.3441495170413424,0.5906040268456376
2834575.1376969377,0.2316791642158964,-0.06730209417040837,1.8458385756185556,0.5436241610738255
3636275.7544778194,0.29458735903285516,-0.06054463681645426,2.0450296284746736,0.5637583892617449
2142281.5894805663,0.16459604555840057,-0.06566214850845607,1.378775523570657,0.48322147651006714
2035081.9260031842,0.1527002290272843,-0.05547855265477087,1.427370844411095,0.5100671140939598
2826057.401078694,0.23093804774675641,-0.08069072898020323,1.8093591340019666,0.5704697986577181
3247097.158998005,0.2656075493806922,-0.06708035758373895,1.8690471677514446,0.5503355704697986
1650687.640070191,0.1054344117632453,-0.13890537172551706,0.9311638414200609,0.44966442953020136
2927851.0536483396,0.23968057426139922,-0.07247057248435486,1.8435662188952775,0.5704697986577181
5231053.438746172,0.39225193875911657,-0.04364507679739686,2.5706685927455375,0.6040268456375839
3933323.7848460497,0.3150792934900901,-0.054803434139934895,2.3424603152165013,0.610738255033557
3285056.9327637437,0.26855289314618425,-0.060749048898130376,1.898360602097774,0.5167785234899329
2540388.7001809627,0.20498054330562443,-0.07986777907467611,1.6569535055709486,0.5302013422818792
2732420.5218531797,0.22267070777654774,-0.07376025260366324,1.745052598622676,0.5436241610738255
3076865.7971866536,0.25205011034347,-0.10497990372367148,1.891501388756741,0.5436241610738255
2806755.7247185432,0.2292519996055138,-0.0825875394102512,1.6773417367788739,0.5167785234899329
2874072.8902070974,0.23509270230058998,-0.0644884423409184,2.0942037983166717,0.6241610738255033
3663983.9692344717,0.2965543093470506,-0.08332863989133689,2.0171618653847134,0.5436241610738255
2539914.5092073544,0.20493555542134856,-0.07572628740223353,1.7073611300837617,0.5369127516778524
3202413.170714756,0.2621049575484615,-0.07148611624223797,1.8557824462947898,0.5302013422818792
2790076.5360169387,0.22778754468655893,-0.08031200766088512,1.7580686373791465,0.5234899328859061
3711002.8837529575,0.29986502458156683,-0.048546376216909874,2.0490402858780365,0.5838926174496645
2185441.1635027756,0.16925119860845927,-0.07761969910919302,1.3943763070373472,0.4697986577181208
2176696.050443424,0.16831393796343042,-0.068863881911587,1.472086775233907,0.5369127516778524
3262443.612224757,0.2668015988238266,-0.07028862436398214,1.7980823613580883,0.5369127516778524
2785843.890446691,0.2274147989353581,-0.05419213232590857,1.9984060462562556,0.5838926174496645
3750210.444956636,0.30260016189026673,-0.05169837956636607,2.41210494445473,0.610738255033557
3595354.220969032,0.291660375540981,-0.05142854355987268,2.078314228307357,0.5704697986577181
3075835.988612804,0.2519662883846181,-0.0782432795692071,2.08671470979804,0.5570469798657718
3393912.2987341303,0.2768507123930546,-0.09002272120903257,2.067001071272942,0.5302013422818792
2109971.457120248,0.16106174510478288,-0.07946797283459446,1.3507715020056068,0.44966442953020136
2462476.718290155,0.19749697943059674,-0.09632927534737125,1.6899136207581542,0.5570469798657718
2192204.5567857125,0.1699740123386959,-0.05258277039738585,1.55194033328751,0.4966442953020134
3196621.9332430656,0.2616481493842475,-0.08198669368356286,1.9383438777749,0.5302013422818792
3476041.41910931,0.28297143943021363,-0.05431228759082072,2.190369186356145,0.5838926174496645
3093127.1313021462,0.25337074641819246,-0.09098618465307833,1.9548082472138752,0.5503355704697986
3007703.875261679,0.24637008048861841,-0.07399792751257707,1.7891217030832725,0.5369127516778524
2584687.6241902458,0.20915398823661957,-0.08291591145597749,1.7726496827305425,0.5503355704697986
2406859.5766401477,0.19203813848493922,-0.05527553726295419,1.6980599016281313,0.5369127516778524
3061879.117530478,0.25082803954196975,-0.0962252106579709,1.8783705635644519,0.5973154362416108
2905670.992598384,0.23779660608975983,-0.07327921126153603,1.8293214246469978,0.5570469798657718
3693476.3329114816,0.29863488209492517,-0.053551518277105005,2.3266637842072857,0.5771812080536913
3190619.4034142666,0.2611739753695792,-0.06082274244300595,1.8709839279020806,0.5570469798657718
2187494.1734640696,0.1694707957220558,-0.09464378284868681,1.3626148385635402,0.4697986577181208
3493876.313078006,0.2842852812601544,-0.1206989164872039,1.95176536694359,0.5436241610738255
2082671.3039420273,0.15804156245841838,-0.09693061505408428,1.359699379173394,0.48322147651006714
2921731.047490471,0.23916188639019476,-0.08736116790163148,1.9808638500223839,0.6040268456375839
1884373.4669437094,0.13509809836290754,-0.16220681961209096,1.2833928582485357,0.4966442953020134
3756414.418701761,0.3030308553176637,-0.04139228835377518,2.462594912075676,0.6174496644295302
3124727.431416842,0.25592130582794415,-0.07525543038226487,1.9821372323431503,0.5637583892617449
4029272.053552357,0.3214335176572196,-0.04816378607456328,2.389304565156759,0.5973154362416108
1992720.3667429683,0.14786092459588285,-0.10591727919265508,1.2996777675138382,0.5234899328859061
3149773.719047874,0.257928251674723,-0.06246265447477675,1.855373410361679,0.5302013422818792
3281102.573445858,0.26824734404064454,-0.06633223692821827,2.0226573763434095,0.5838926174496645
2768657.790786192,0.22589664351715788,-0.06478632318875022,2.0468694009228936,0.5436241610738255
2217752.9621665394,0.17268841182430594,-0.07474327780106915,1.3839395377445172,0.4697986577181208
2707305.121017472,0.22041473044798976,-0.042727027921648,1.8215494270270463,0.5369127516778524
2416017.869113027,0.1929439209225885,-0.08338839844357883,1.6042591082393343,0.5704697986577181
2309220.549199323,0.1822057918398019,-0.09577852615490315,1.5204236178786303,0.5369127516778524
2721672.4563766364,0.2217073077130205,-0.06892974325756586,1.857314245609929,0.5503355704697986
2619048.9668037845,0.2123519732041943,-0.09095383706078584,1.548235266615411,0.5167785234899329
3405637.6282845745,0.2777317515817672,-0.060936002503115594,2.0052917369645744,0.5838926174496645
4186807.893253761,0.3316086476180915,-0.04902980583143713,2.574118370463562,0.6241610738255033
2451959.519302093,0.1964723293070123,-0.05617543034336917,1.7825755817752806,0.5570469798657718
4625282.230069135,0.3583999209263158,-0.07580993966575454,2.2249488503212684,0.5838926174496645
2262008.4208448064,0.1773317156930534,-0.08918407849324676,1.6173190700378728,0.5302013422818792
2397232.5163716413,0.1910830160593211,-0.10729517842433654,1.5349609280243641,0.5302013422818792
2162633.320588605,0.1668004233164322,-0.060314585749112325,1.3455730106417143,0.5167785234899329
4027053.925128925,0.32128799485042614,-0.04962964411304821,2.249162763228024,0.5771812080536913
2788391.4464063593,0.2276392023734055,-0.12380485521967186,1.6324075411711227,0.5167785234899329
3303636.6333190743,0.2699845999334767,-0.04375178608836155,2.0922677373506344,0.5906040268456376
2647679.0420760796,0.21499101853225167,-0.053997690332296656,1.884182011112398,0.5369127516778524
2432228.3210711502,0.19454047101403615,-0.13125260785455609,1.5469484788943877,0.5369127516778524
2601547.556428903,0.21072735203442816,-0.09535645100169907,1.7414037956927602,0.5436241610738255
2056208.2373043397,0.15508360315705771,-0.09476434162153402,1.517443285929666,0.5369127516778524
2737672.8980841567,0.22314040081233744,-0.05990919268483823,1.7894703489502064,0.5570469798657718
2061710.9735193178,0.1557011794485379,-0.08089331705888246,1.4440563919738405,0.5369127516778524
1899275.0962700176,0.1368877179829353,-0.07527686481032732,1.214689519324785,0.4697986577181208
2380421.672734973,0.18940779153664544,-0.07622499338682795,1.6649377979634716,0.5302013422818792
2528277.6765134004,0.203829423636269,-0.110645068719408,1.6613887751328547,0.5436241610738255
2362742.154727001,0.18763576035036444,-0.0858515471975957,1.4109952896061242,0.5302013422818792
4286951.659919865,0.33791867964826605,-0.0718016911786574,2.320596116297696,0.5771812080536913
3428554.176714321,0.2794467141313033,-0.0698900031780843,2.02130437432347,0.5637583892617449
3030902.18306273,0.2482868172760908,-0.06831107484853993,2.0416667531802672,0.5771812080536913
2678104.083701024,0.21777061526883124,-0.06042197329239783,1.901742161391448,0.5704697986577181
2571839.2227918003,0.20794945743856985,-0.06940199374831037,1.6459520607979228,0.5973154362416108
2728283.1653438127,0.2223002163964618,-0.06479736528271303,1.9227030511379661,0.5503355704697986
3385131.725834147,0.27618934579619836,-0.041634357831535004,2.1318270169097744,0.5369127516778524
2231871.023525237,0.17417767501864878,-0.06551522426358806,1.4471335600447375,0.5302013422818792
1536103.2587580157,0.08964262078909901,-0.10642032893024886,0.8319934740523941,0.4563758389261745
2429002.9987942823,0.1942234922815569,-0.04784208498612825,1.518346978206005,0.4966442953020134
3086317.2556961947,0.2528183717481267,-0.06349429016755063,1.8287444292364823,0.5369127516778524
3462959.1529747467,0.2820042761403909,-0.05282005071154777,2.4195023215556515,0.5906040268456376
4547201.920483487,0.3537823508418356,-0.03809178809826178,2.5095549560987953,0.6174496644295302
2396085.11139095,0.19096897486359743,-0.06464859017554578,1.6171145002931058,0.5503355704697986
2976921.4816010743,0.24380837285184365,-0.07660928555412803,1.9855495632440905,0.5704697986577181
2183972.911608445,0.16909404802016548,-0.08464304806073862,1.5138042945699204,0.5503355704697986
2341438.2836409803,0.18548630970240798,-0.05169135915310851,1.7436205347492728,0.5503355704697986
2947618.4997041007,0.24135001754879415,-0.11666518801003509,1.9516419979032136,0.5771812080536913
2807838.145591942,0.2293467967983176,-0.06981498194897845,1.9855762142217517,0.5704697986577181
2645209.352134905,0.2147642711622102,-0.047480237184363276,1.8266611252805827,0.5503355704697986
3424966.216296299,0.27917881537553635,-0.12235336577816348,2.1330474088064526,0.5570469798657718
4436566.876310142,0.3471296857453976,-0.0581244887615373,2.1898682702031964,0.5570469798657718
3173201.5750279324,0.2597939902065436,-0.07466531703803377,1.8155081084927156,0.5369127516778524
2749956.151563533,0.22423602126616804,-0.0957071942614926,1.797571582687522,0.5302013422818792
3385344.0437692073,0.27620535410021585,-0.11086606834329561,2.0311864981057446,0.5503355704697986
2931207.946697238,0.23996471220572624,-0.10148171134714218,1.7227705414362304,0.5033557046979866
4370294.909186697,0.3430808252638291,-0.04477597178232423,2.493585381741042,0.6375838926174496
4035835.0763667813,0.3218637171190193,-0.07812075241889083,2.4448114872562394,0.610738255033557
2530862.3540173597,0.20407545984267017,-0.07212896999893711,1.6765705721661246,0.5167785234899329
4953486.84325495,0.37715303248729026,-0.05177539018191979,2.892169011465817,0.6577181208053692
2179442.4408519994,0.16860860731304395,-0.10873246833844238,1.4854161492931865,0.4966442953020134
2836118.175341045,0.2318132311238459,-0.09702871267199653,1.722548725203253,0.5234899328859061
4123525.4737694864,0.3275587098020114,-0.06290202053524023,2.2596944701330823,0.6040268456375839
2240767.9003859987,0.17511230759266772,-0.08779444081675773,1.5243266145445233,0.5436241610738255
2370612.7974535264,0.18842594614979302,-0.08601055499458063,1.4700841365917927,0.5100671140939598
2131427.840185642,0.163413574670225,-0.08754749078248165,1.481978396309924,0.4899328859060403
2632926.389208085,0.21363402444671054,-0.08596337602909232,1.6185497454786204,0.5167785234899329
1299967.779851125,0.05386872801374154,-0.16720137255684386,0.6144535661261443,0.46308724832214765
2989535.16676441,0.24486063331616892,-0.079478218075195,1.889733189510228,0.5637583892617449
2622359.345638927,0.21265829178127826,-0.060436080542324674,1.7327503065942678,0.5704697986577181
4300851.129142099,0.3387851362823546,-0.06844215585450196,2.362151155495237,0.6040268456375839
3432655.1994129918,0.2797526466657463,-0.06619798232563702,2.081970100959097,0.5906040268456376
2578304.7167458027,0.208556194288805,-0.08458838193486166,1.7806663484993999,0.5637583892617449
2869607.862074537,0.23470870690174683,-0.08677789132256752,1.8188365342553585,0.5704697986577181
2947082.6638629762,0.24130488225039448,-0.08084173463652865,1.8680206422250982,0.5704697986577181
3440917.1247947495,0.2803680918896112,-0.052895626267420025,2.2576868879017415,0.6442953020134228
2929043.9076758455,0.23978157099993758,-0.0666621580834307,1.7791172388366185,0.5302013422818792
2674928.871263549,0.2174817157075788,-0.0706966964399024,1.8953906079102247,0.5503355704697986
2479189.7650122284,0.1991180878701293,-0.07617869718832915,1.805711858235828,0.5503355704697986
1947151.2111325732,0.1425624206151388,-0.09762221136361679,1.399716537565259,0.5234899328859061
3790611.032201187,0.3053946980558786,-0.07331974218786345,2.0955909474477408,0.5637583892617449
1931034.2123602394,0.14066467887684242,-0.08249763351851065,1.2564988212891042,0.46308724832214765
4285853.388578986,0.33785012052002616,-0.037663087464130864,2.6574399882131883,0.6711409395973155
3037869.5824195277,0.24886019945386884,-0.05158384609864202,1.890003567856308,0.5234899328859061
3409916.739709722,0.27805267889437313,-0.053438687042017846,2.2901579231307725,0.5771812080536913
2946797.514428755,0.24128086045493702,-0.049396102045406315,2.3336141407989865,0.6174496644295302
2838205.2341216924,0.23199447252844285,-0.0664503680393644,1.8883232813174202,0.5704697986577181
3634061.3197576655,0.29442964394333115,-0.09493887286615466,2.16271461067299,0.6174496644295302
2878773.410707587,0.23549643487960004,-0.08518816559511404,1.7569719459371784,0.5234899328859061
2925599.1256905035,0.2394898179309688,-0.05640582795629379,1.7595149716644463,0.5033557046979866
3152317.981008392,0.2581314069291474,-0.04690721127366077,2.0844699256378023,0.5704697986577181
3768994.361470178,0.30390243856110755,-0.058501495353879475,2.230998846833692,0.5637583892617449
3449567.9352391264,0.28101124017484835,-0.08030032282492307,2.0229408520656227,0.5637583892617449
2031167.11726983,0.1522564063815628,-0.07055241077654305,1.353357113392416,0.5167785234899329
2061932.0705689732,0.15572596577059872,-0.09128807845904638,1.3468400273872734,0.5100671140939598
1853307.1545571662,0.13133046055040554,-0.07711000404536891,1.232473134948518,0.4899328859060403
3059992.1473656734,0.25067382984581643,-0.07987943564553873,1.9221988277482502,0.5570469798657718
2729077.082549732,0.22237134480801024,-0.06812926465642366,1.9981500657836002,0.5503355704697986
3396727.5870678164,0.2770624745396797,-0.054319431093847306,2.1626970243436787,0.5771812080536913
2955122.958801118,0.2419814553047066,-0.06856413613395346,1.9140179453297501,0.5369127516778524
2805109.14853265,0.22910773823060127,-0.08028559553075335,1.7323176235448685,0.5234899328859061
3225049.550814682,0.2638841814725663,-0.07081624995034547,2.0019293277487202,0.5637583892617449
3643784.8700858997,0.29512159718187525,-0.06872113244308159,2.272365025217827,0.6174496644295302
4330598.925380832,0.34063203474094705,-0.05961630651306454,2.0838895970124893,0.5771812080536913
3544077.076534227,0.28795482871383915,-0.06266235019472761,2.1714725691016414,0.610738255033557
2530691.4002777147,0.20405919291577024,-0.1260894100263102,1.7551863011425455,0.5637583892617449
3955225.9048484606,0.31654060638778003,-0.07228112199186586,2.3524682140376028,0.5973154362416108
2997790.750047022,0.2455474101445707,-0.07630663069849294,2.021079195558,0.5838926174496645
3350549.2033573757,0.2735711133375327,-0.058786250802627706,1.8956801658804592,0.5234899328859061
3467077.0331667033,0.28230902306667605,-0.07711018347019652,2.016569590780601,0.5369127516778524
2626186.2644318454,0.2130120219601881,-0.07872897427967568,1.557962634456746,0.4966442953020134
2229768.871125074,0.17395640498523557,-0.09552135129691282,1.401087442316262,0.4966442953020134
3226070.496007243,0.263964192219432,-0.0682498195506694,2.3487280365320715,0.6174496644295302
3015793.097838348,0.24703978312454833,-0.12584749391304365,1.761648745685838,0.5436241610738255
3254704.4394520875,0.2662000060490648,-0.10193329188167292,2.004643758467934,0.5503355704697986
2146315.033408424,0.1650342511841809,-0.07024437799602783,1.4530822020011047,0.5436241610738255
2671067.9162899223,0.21713005339421598,-0.09433379777667783,1.7909600081625656,0.5503355704697986
2917764.844939567,0.23882527512672236,-0.06488604643872277,1.9017980553454867,0.5637583892617449
3375196.525258476,0.2754393537986308,-0.08655341879108677,1.9941914285501192,0.6040268456375839
4272044.724357726,0.33698691890651045,-0.06274791277655101,2.4297614135647017,0.6174496644295302
2889498.1893438543,0.23641562665255078,-0.0780694018032792,1.8264485784827533,0.5637583892617449
3675361.485450595,0.2973585311481184,-0.06961138545368759,2.130738174753417,0.5704697986577181
2353522.2447284074,0.1867074299838556,-0.1307573540691475,1.487775974942011,0.4966442953020134
2711886.6052074903,0.2208275047445134,-0.06808482318803982,1.7596420102202202,0.4899328859060403
3267949.9187597223,0.26722892841614465,-0.1094901772105393,1.9368390261038766,0.5234899328859061
3382750.969529677,0.2760097869979814,-0.05412955716122669,2.024594608557989,0.5369127516778524
3028783.449885853,0.24811224704101287,-0.06549288782585475,1.957150494005593,0.5771812080536913
3105759.797624292,0.2543928583972932,-0.06228419736987549,1.8951291504342649,0.5369127516778524
2793014.565741103,0.22804601486028298,-0.05929435742957732,1.8255197123197788,0.5503355704697986
3885911.2063909424,0.3118934826422488,-0.07787141002131441,2.104600346135655,0.5570469798657718
2496524.122856097,0.20079025119982363,-0.08569662453327942,1.72444678129195,0.5570469798657718
2554493.749586526,0.20631566873610452,-0.06505159364168074,1.962552136742417,0.5570469798657718
3763813.614684823,0.30354378025722983,-0.07665467988751638,2.2148634648703593,0.6174496644295302
2543129.692759184,0.20524045771842436,-0.11644324348035419,1.6945221437115876,0.5033557046979866
2184755.223390795,0.1691777912778123,-0.1198212775889298,1.5809137804471731,0.5436241610738255
2828384.4972181474,0.23114070238068996,-0.06255949165354296,2.0473446469662218,0.5838926174496645
2425311.8934140177,0.19386032380778984,-0.0842554478422087,1.5870298902898972,0.5302013422818792
2145882.154894006,0.1649872535181116,-0.08618111055735185,1.4038302446196615,0.5100671140939598
3339146.786819405,0.2727031006134293,-0.07618101912453253,2.2085222199673122,0.6040268456375839
2244374.4096697546,0.17549033225324773,-0.08201082702636686,1.511718209285517,0.5369127516778524
3766936.982474125,0.30376005535916795,-0.06842051267197512,2.131776914818068,0.5436241610738255
3062219.9692599233,0.25085588701085126,-0.0774638516976345,2.0118018712046295,0.5637583892617449
3616261.5346583975,0.2931591181019877,-0.07985713887059613,1.9741082232632545,0.5637583892617449
3746686.207671872,0.3023552477063254,-0.09964002624630126,2.2237812397888623,0.5906040268456376
2270996.071792095,0.17826581205315906,-0.0906030286555083,1.4263580071599093,0.4899328859060403
2236795.1541634346,0.17469533114103775,-0.0745628053531724,1.5282552086648333,0.5100671140939598
3134383.06298068,0.25669652558282596,-0.06957489569871278,1.846262068995749,0.5369127516778524
2348112.5503167887,0.18616138584516206,-0.050969517751798206,1.6198557079778593,0.5570469798657718
4260892.628763893,0.3362881528377957,-0.05533196114778594,2.386077799236437,0.6174496644295302
2800269.637612648,0.2286833419475811,-0.05834066819163091,2.068709462205401,0.5771812080536913
1726944.1255761841,0.11546425342259403,-0.08661508003203156,1.0372584103338556,0.4563758389261745
5008363.5425195,0.3801909300447861,-0.050944985803763415,2.4869553395883384,0.6308724832214765
3085118.67268557,0.2527210492755745,-0.10210006019285552,1.93246259430495,0.5369127516778524
2100184.1730308374,0.15998260401312825,-0.136628132759837,1.4075278560515616,0.48322147651006714
3061353.7864954704,0.25078511532035264,-0.06417444120631946,1.9071645691302248,0.5570469798657718
4773512.194447696,0.3669971441642299,-0.03949960083864685,2.6501343846249448,0.6644295302013423
2627944.638194527,0.21317441390679792,-0.08118375964425953,1.877119750817742,0.5637583892617449
2295227.919960675,0.18076960088206628,-0.05238901581278325,1.542410686698642,0.5436241610738255
2511643.693402042,0.2022411973666114,-0.08057404688473653,1.7953229103634247,0.5704697986577181
2753747.9129060954,0.22457344138750246,-0.06982106299574961,1.7880319173007533,0.5704697986577181
2777138.127682878,0.22664670391275044,-0.08089741847881618,1.88078017573444,0.5637583892617449
2553707.9911566633,0.2062414474268408,-0.04830406263204067,1.7826765673996214,0.5570469798657718
2472618.467576928,0.1984817405100603,-0.08033754829622156,1.4987402585386083,0.4899328859060403
2911398.6979258433,0.23828421467837257,-0.10752850988545277,1.9547996408377555,0.5704697986577181
2946287.1984532024,0.24123786535033043,-0.08810295443995328,1.9120215768305542,0.5838926174496645
2807406.322196558,0.22930898170070413,-0.12361249222912812,1.9026608558080045,0.5771812080536913
2479724.678068135,0.19916982804582894,-0.08173513578465591,1.5682024917584252,0.5436241610738255
1820565.6665142302,0.12730457532180006,-0.09954249157814044,1.2114860033295716,0.4966442953020134
3482898.4752577404,0.2834772143975579,-0.055501682662336065,2.1196321233430457,0.5973154362416108
1834109.198825532,0.12897685293024974,-0.08999106968148383,1.215633355617957,0.5302013422818792
3669838.118478038,0.29696836007496774,-0.07824790706134072,2.1637406951072706,0.5704697986577181
1854530.6744613624,0.13147979790628694,-0.10039769463390066,1.2078183120707264,0.48322147651006714
3053423.2692381484,0.2501364044428651,-0.06537232926555905,1.9389601308288447,0.5838926174496645
2285124.2591773337,0.17972820906961795,-0.07340902116030049,1.6128395783440233,0.5436241610738255
2249288.238107487,0.17600460526491712,-0.06062803627205085,1.6226510022615668,0.5637583892617449
2202336.033678887,0.17105344739988637,-0.08742108721481069,1.3230723271117129,0.5302013422818792
2684715.7141597513,0.2183713021665592,-0.10212090960711451,1.633957685074675,0.4899328859060403
3957530.506534623,0.3166939930648667,-0.0542516939175465,2.077522390371929,0.5436241610738255
2234544.969775696,0.17445889059140374,-0.07059808539098131,1.7568734987751644,0.5503355704697986
2388108.8017382016,0.19017499540234706,-0.09016173533011748,1.5865173322060038,0.5436241610738255
2485318.4591264427,0.19971035974455664,-0.0518913753138286,1.7685852347989124,0.5234899328859061
2837016.347409789,0.23189124198546973,-0.05662980887228249,1.6886411665005148,0.5436241610738255
2053862.8058789934,0.15481997165572703,-0.046700638291095546,1.2833385722766046,0.5033557046979866
3229810.7383006797,0.26425713941050333,-0.06911593033919332,2.037617410767129,0.5704697986577181
2829047.032111987,0.23119837468508186,-0.06635856713140377,1.6382242550187467,0.4899328859060403
2308501.6137636947,0.1821321708510817,-0.12634254099308287,1.4791349679669,0.4697986577181208
2336156.490978095,0.1849509848603974,-0.07784349960778231,1.7327175004414204,0.5637583892617449
1849574.1553737763,0.1308743394538472,-0.08301887081077851,1.3073986187673403,0.48322147651006714
2109663.926679585,0.16102789795035122,-0.08363759995725549,1.3750067290782426,0.4966442953020134
2957238.296905651,0.24215921161551845,-0.08842138647354846,1.8687130207650906,0.5234899328859061
3164666.713852023,0.2591155742173543,-0.06026444424391451,1.935244210299722,0.5369127516778524
4442319.625378773,0.3474788603605554,-0.05527545247919909,2.629410772363816,0.610738255033557
2550153.5913547096,0.20590547687818672,-0.07841584333450902,1.6025317027384758,0.5100671140939598
4511888.304233953,0.3516730909172505,-0.04931117931792293,2.5905129085932805,0.6308724832214765
2829334.4782456486,0.2312233929209797,-0.047720142144066266,1.7641037034702722,0.5637583892617449
3389165.2854872392,0.27649333007676513,-0.07043968041583804,2.1451896572964926,0.5637583892617449
3499051.736814045,0.28466553431761965,-0.09588593823673258,2.147963664378431,0.6040268456375839
3729761.3477446716,0.30117649317179773,-0.08420647027944844,2.045726621855745,0.5369127516778524
2372792.6554293986,0.18864442530828307,-0.09284850010877706,1.4358677212750306,0.46308724832214765
2556981.868556801,0.20655057149878053,-0.05416035877746868,1.7350379767754591,0.5234899328859061
3939054.5095994924,0.31546227590478515,-0.05566639462141189,2.049047690010201,0.5369127516778524
2694476.4767157305,0.21925593781124442,-0.0629612403670552,1.943059015050321,0.5436241610738255
2426957.305940699,0.19402227080275525,-0.058441426490940085,1.6232208764586793,0.5234899328859061
4195781.94111036,0.33217899561387054,-0.09845572771060593,2.0914917718153045,0.5637583892617449
5581335.845238581,0.4104173158755393,-0.04990675107289983,2.8329020150274,0.6510067114093959
2525445.0535350586,0.20355955421974992,-0.10094119493824232,1.5755157210073631,0.5503355704697986
3472901.4368069186,0.2827395685441949,-0.054740549891288216,2.277333310343441,0.6241610738255033
2766127.969491832,0.2256725325004234,-0.10539696765156911,1.8035933177710959,0.5637583892617449
3053324.315546248,0.25012830158876875,-0.1319001432838598,1.8001014348874436,0.5167785234899329
3401811.1284655505,0.2774444961711855,-0.08027871551467103,1.9562971486785443,0.5570469798657718
2891589.3652217565,0.23659453760551696,-0.05175104630023922,2.0090176145820338,0.5637583892617449
2687525.0297171483,0.2186261788879258,-0.04809044237480542,1.7654060531210929,0.5302013422818792
2179696.08278096,0.1686358064111675,-0.06327920403114004,1.4307429900240385,0.5302013422818792
3001476.6492007268,0.2458535493174443,-0.06410904017473124,1.9898056016351662,0.5637583892617449
2229860.0212807623,0.17396600280147556,-0.11202621905945377,1.4400568534540208,0.5033557046979866
2419361.0763072236,0.19327388975696502,-0.07149742282409655,1.8923041480770508,0.5503355704697986
1941199.4961970793,0.14186308762625544,-0.06470513100582177,1.2642066490899213,0.5167785234899329
3101093.2412315872,0.2540156742778126,-0.10501075139081983,1.9707547953653466,0.5503355704697986
2410021.1792981285,0.19235114156334898,-0.11289296389954061,1.6528578273414685,0.5100671140939598
3614281.9254011656,0.29301750718880126,-0.10817761114271719,2.2463911962520955,0.6040268456375839
2121806.905960672,0.16236137953734153,-0.09177563856958308,1.358294338625658,0.4697986577181208
4451730.747336228,0.3480493080724274,-0.043386422686412095,2.5703659267354086,0.6241610738255033
2457056.1794995125,0.19696931541264373,-0.055530086060529504,1.7717671017324408,0.5973154362416108
2573308.421423802,0.2080874374709787,-0.09222354920511205,1.8190412311694153,0.5570469798657718
2405289.902902414,0.19188261638633963,-0.07348178993917633,1.626959619276394,0.5570469798657718
2676482.806350951,0.21762313614767437,-0.06097017969157975,1.790320518211204,0.5570469798657718
1997519.0924251133,0.14841323204415935,-0.11135016642200214,1.5583252875501228,0.5503355704697986
4502907.767517732,0.35113458353289206,-0.0401469427370114,2.6527632285525256,0.6308724832214765
3604991.785509558,0.2923521090034569,-0.06374668429017764,2.0574649196535577,0.5436241610738255
3072572.843615562,0.2517005341439349,-0.0731828968338593,2.026355634747576,0.5369127516778524
2859825.612768326,0.233865753285728,-0.06523621680445489,1.8878022292165924,0.5570469798657718
3351740.127665571,0.2736616364791402,-0.06952201690517892,2.0487562752357156,0.5570469798657718
2058489.3940196827,0.15533977937241694,-0.067358666169627,1.392286727727155,0.48322147651006714
3484970.234596419,0.28362987020804575,-0.03958190613831201,2.2241377861334235,0.5973154362416108
2523984.621935167,0.20342032148295375,-0.09457438522663945,1.7490770760649006,0.5436241610738255
1976393.3631622393,0.14597377030317116,-0.12868275349112243,1.3145344801545367,0.5234899328859061
1549270.524286884,0.0915043017450381,-0.0992961431939213,0.941598057934912,0.4697986577181208
2849199.6469271015,0.2329474773632585,-0.06650102675886223,1.8922168825923682,0.5570469798657718
3690334.2352299388,0.29841385309621926,-0.05537972537058988,2.4100918911311133,0.6510067114093959
2427641.338247389,0.19408956969936852,-0.07243094264400662,1.666836819201039,0.5167785234899329
3346545.677740336,0.2732666132094106,-0.06339226306161919,1.9535212449652177,0.5570469798657718
1975761.50681847,0.14590048697556535,-0.08337138730511809,1.2720066714057248,0.5167785234899329
2849930.870190445,0.23301075599956111,-0.05147950536255503,1.7895394806900087,0.5503355704697986
2926746.240681,0.23958700242847053,-0.09359149855033658,2.041920452408999,0.5637583892617449
3025052.4399414184,0.24780459774659103,-0.06742942404344879,1.7595370764438598,0.4966442953020134
2217977.6012006076,0.1727121674836518,-0.05675518616123933,1.5873671036153711,0.5234899328859061
2136297.1246739365,0.16394465735020103,-0.102844339870031,1.4429256577818066,0.5234899328859061
2646617.0952455336,0.21489353972972403,-0.08001701394828571,2.0183367391660907,0.5369127516778524
3458068.431398015,0.2816419576320117,-0.04737791421291859,2.443169378835406,0.6308724832214765
2990206.0768472548,0.24491650250927055,-0.05366811433076866,1.8612315511829607,0.5570469798657718
1900044.979477018,0.1369798719715727,-0.09619337220977435,1.2220575441926447,0.47651006711409394
3631706.4726026496,0.2942618441136373,-0.0775583402261273,2.4876747147493856,0.6241610738255033
2620795.432793796,0.21251361714288697,-0.06971277173406261,1.8017253388471752,0.5906040268456376
2285159.53338419,0.17973185121028212,-0.08245000962081123,1.5426830565186136,0.4966442953020134
2669294.306840234,0.2169683737199244,-0.08125293658307423,1.7942546973587503,0.5369127516778524
2727860.8162772097,0.2222623706675968,-0.07410935717983734,1.6921067184880245,0.5302013422818792
2763058.559523735,0.22540040030177533,-0.11017626509301398,1.6628642412285233,0.48322147651006714
4555040.969622804,0.3542487939923846,-0.07008642509478434,2.4376482356736826,0.5906040268456376
2994199.0487187556,0.24524880492649936,-0.06559539273430608,2.051783686385555,0.5838926174496645
3317021.004650245,0.27101198084112044,-0.05872853217324324,2.0884152694858895,0.5906040268456376
1723732.9276669018,0.11504911043905297,-0.07747805174627306,1.102953134618613,0.4966442953020134
2731516.860181537,0.2225898251424463,-0.07171663003594242,1.7137931430277122,0.5100671140939598
3070925.3722803476,0.25156627642089924,-0.06435198564533551,2.091298633074418,0.6174496644295302
2769894.024353113,0.2260060990074242,-0.03921153020541818,2.1422158931599298,0.5973154362416108
2956081.741997765,0.2420620364823265,-0.057945620830811104,1.9465960942819647,0.5771812080536913
3060460.0174159743,0.25071207288795816,-0.12626138002524206,1.6999320352730964,0.48322147651006714
2316401.552344578,0.18294014207923692,-0.08972003447736845,1.8551599998072332,0.5906040268456376
2157762.7017536755,0.16627438252501503,-0.05898057437742823,1.573184789391593,0.5100671140939598
2614984.6001975234,0.21197546215411922,-0.07683997580567055,1.7827696462060463,0.5369127516778524
3290369.0220858306,0.2689628898035257,-0.08290839871973571,1.893330020741749,0.5637583892617449
2857284.6986977807,0.23364642091474352,-0.08090314078411937,1.7746612323422528,0.5234899328859061
3871429.331705615,0.3109141981998007,-0.047604860804450505,2.2639256724699597,0.610738255033557
3715440.6705732015,0.3001757635773148,-0.06833917540418394,2.072622627505764,0.5436241610738255
6294791.981796677,0.44476188770703473,-0.04165290217086619,2.9250381919318427,0.6577181208053692
4342818.193743274,0.34138773090162355,-0.08656337104578384,2.6618232051908954,0.6308724832214765
3508705.2205615873,0.28537360242710297,-0.13685116266054112,2.0365123729322336,0.5302013422818792
2949309.3455044334,0.24149240029098595,-0.08818491607230254,1.8154229874993038,0.5100671140939598
2596285.6775019863,0.2102371929267337,-0.08593964281997368,1.632265438761491,0.4966442953020134
3108323.090456875,0.2545998489859238,-0.07915874991055345,2.07086780861011,0.5436241610738255
2592194.676234381,0.20985555499831743,-0.08287298261762062,1.9574559816337622,0.5637583892617449
1763375.50111293,0.12013137117252937,-0.1032628049173213,1.1754757061976844,0.4697986577181208
1748662.5216393678,0.11825590565635258,-0.10286842987907269,1.099154609925253,0.4966442953020134
3108056.44185827,0.25457832298867333,-0.08922202883211934,2.1104613417670497,0.5637583892617449
3075225.5969568035,0.2519165945487525,-0.06440720398073509,2.022248779768841,0.5906040268456376
3288339.6564141004,0.2688063222420116,-0.10756133610269558,2.109597986022299,0.5838926174496645
3805840.4560630447,0.30644194540609515,-0.07432668702652723,2.0370473032114456,0.5302013422818792
5530772.959649716,0.40785253177351155,-0.047327958242526606,2.88178609762724,0.6375838926174496
2936092.7052115845,0.24037770881747944,-0.07128458218431002,1.8456499288775572,0.5436241610738255
3231224.9240588215,0.2643678320506313,-0.045819018011155094,1.9552302583476815,0.5503355704697986
2335601.591115702,0.18489468797941244,-0.10259338496562011,1.6500571110313522,0.5033557046979866
2030207.2320094907,0.15214747954186403,-0.04991749252441054,1.5109311090392399,0.5503355704697986
3258059.538283023,0.2664609498991146,-0.06635035058330672,2.059748834608634,0.5838926174496645
2405682.612601008,0.19192153338318985,-0.06154308977986889,1.5721983772293626,0.5302013422818792
3597894.073162726,0.2918428165257283,-0.06764156965197837,2.273070473696076,0.6510067114093959
4044745.405270375,0.32244688528155074,-0.07123631954771516,2.189400152544748,0.5771812080536913
4197914.4614179,0.3323143849843768,-0.0633070511002298,2.5156794149482997,0.6308724832214765
2506697.8142953143,0.20176733805411962,-0.05686016829463155,1.7891179328898614,0.5436241610738255
1900381.4062070528,0.13702013242184097,-0.07351290317284044,1.4509802808576522,0.5771812080536913
1868855.0297002306,0.1332223276347353,-0.06719327914940429,1.2340417380091808,0.5033557046979866
1457355.1594234426,0.07823414456602329,-0.09919213425902239,0.8360959812241517,0.4966442953020134
2188861.3285973244,0.16961693996940252,-0.158182997522731,1.3630574095248909,0.48322147651006714
2578940.1356261717,0.20861575774746743,-0.08595086166303086,1.848190885060722,0.5234899328859061
3408597.6039957874,0.2779537799473202,-0.09280005206050694,2.030693569836451,0.5570469798657718
3427615.9600880663,0.27937668288583484,-0.049228343611231296,2.128704508249909,0.5771812080536913
4340458.416604374,0.34124192400025555,-0.038701610500000004,2.388354979881534,0.6040268456375839
2782867.5120381606,0.22715241430108324,-0.07154387609936881,1.7853746777258361,0.5570469798657718
3044821.9975725957,0.249431300806485,-0.09388775140707438,1.9874244980459288,0.5570469798657718
3187954.911781525,0.2609632632695975,-0.05980411412876428,1.8860862231248732,0.5570469798657718
4720807.388289083,0.36396509424174517,-0.05092580057507409,2.495447438468505,0.6308724832214765
2173390.862170406,0.16795891870841118,-0.09991349237723485,1.2608928222926388,0.4899328859060403
3509808.9416377572,0.28545445934558655,-0.061499769920960644,2.2201403434556797,0.5973154362416108
1896472.9773426545,0.1365520555729378,-0.1308323481148277,1.4574875812398507,0.5167785234899329
2105361.195113566,0.16055391991163903,-0.08697676206247111,1.416326006771993,0.5167785234899329
1782583.932795095,0.12256112316943035,-0.10167463170302975,1.2203867550544045,0.5100671140939598
3910519.4155542827,0.31355084848951775,-0.039740994321942176,2.4793939471219284,0.5973154362416108
3680698.0400231783,0.2977350604803537,-0.05151201981117723,2.203266048450617,0.5771812080536913
3287994.146552375,0.2687796581155171,-0.06325538201324853,2.171960651660098,0.5973154362416108
3853594.411690526,0.3097041411243857,-0.10632456715917993,2.105157779543976,0.5570469798657718
2219445.9685168946,0.17286740046702165,-0.0871752791833338,1.3711626961593983,0.5033557046979866
3899188.4046179634,0.3127887430851588,-0.07675486338861508,2.6399713906997406,0.610738255033557
2611845.4566435283,0.21168434050516471,-0.06976737501848725,1.7313755611818644,0.5704697986577181
3472392.287127598,0.28270195476476156,-0.06932134551994451,2.1742394171232164,0.5973154362416108
2074435.5308083084,0.1571242319708699,-0.07518807810250952,1.4829994462963465,0.5369127516778524
3068424.491584914,0.25136236146626345,-0.0721320340249951,1.9278008609930752,0.5302013422818792
2890047.373183932,0.23646262220823888,-0.08861671457174257,1.8651518813389796,0.5436241610738255
4820734.886439044,0.36969115004453257,-0.07103390062777568,2.5013719751571766,0.5973154362416108
2189635.663056352,0.16969968130698998,-0.0637323241271834,1.4946869502256472,0.5167785234899329
2636472.228975233,0.21396073585765518,-0.06790941608648478,1.9716509330641807,0.5838926174496645
3472649.355305027,0.2827209464029341,-0.09175580711562072,1.8811481008714996,0.5033557046979866
2405963.769086614,0.1919493924866742,-0.14631217834747662,1.5812091077334252,0.5570469798657718
2188225.8203681707,0.16954901538058742,-0.049827470668587545,1.6179575197569271,0.5771812080536913
2510565.1377908606,0.20213792580940826,-0.06481276835347494,1.6125761818070758,0.5570469798657718
3300557.8101643715,0.26974779929024284,-0.05316684346813513,1.9773948757642281,0.5369127516778524
2269885.9211012227,0.1781505931439542,-0.06583105417666145,1.6534032379493269,0.5369127516778524
3417201.2119114613,0.27859826371179675,-0.06629011083498661,2.0407513305809815,0.5771812080536913
2268071.8911153544,0.17796222385117821,-0.07877304854307686,1.590174719947043,0.5100671140939598
2013027.7861959403,0.15019097060907094,-0.08909754165990036,1.3009906255617154,0.5100671140939598
3010375.1640034504,0.24659139430978017,-0.09985496729198241,1.9590226094741903,0.5838926174496645
2740855.7320053168,0.22342467462668636,-0.048792899274549814,1.7889153246136245,0.5704697986577181
3332185.8244276703,0.2721720287190763,-0.1067973197927836,1.975019501845964,0.5906040268456376
4193989.9141071932,0.3320651808961539,-0.0715055252832036,2.402539897849529,0.6040268456375839
2790153.5711190156,0.22779432455034,-0.04714481887437636,1.8863948236744743,0.5704697986577181
3661676.6285820254,0.29639097095142497,-0.054203555233902585,2.603394893279792,0.6308724832214765
2565320.605778912,0.20733649880917193,-0.06101235447454727,1.7820559712771282,0.5436241610738255
2451438.282892948,0.1964214558752051,-0.055225040143367224,1.5760370573127649,0.48322147651006714
2125902.992576292,0.16280981437248387,-0.07514727016231783,1.2912430705598907,0.4697986577181208
3819002.792444259,0.30734435260761117,-0.09789792486831132,2.315448561104527,0.5838926174496645
3182978.00837955,0.260569304437434,-0.06317783629468601,1.8657732558951805,0.5302013422818792
4950661.635037544,0.37699590551304807,-0.0691192317101617,2.654645744191508,0.6442953020134228
3351040.6199096623,0.2736084694349299,-0.05088668474604814,2.109740956474479,0.5771812080536913
2442371.204035468,0.19553510822835918,-0.071181730403061,1.5278267402115284,0.5234899328859061
2451987.778070527,0.1964750871566716,-0.0807505950166326,1.5323417667822417,0.48322147651006714
3485331.4349075183,0.2836564775106343,-0.08113756629071037,2.113065369568361,0.5637583892617449
3177393.5951549057,0.2601266695637998,-0.0765797570279777,1.921640601758685,0.5704697986577181
2743949.9356246274,0.22370077940292643,-0.07962792543591371,1.8279508675072496,0.5771812080536913
2761392.9492450124,0.22525262697137083,-0.0753537010878776,1.6830511012676905,0.5302013422818792
1295176.8172186112,0.05309078482593277,-0.1468522522155185,0.573298326674757,0.42953020134228187
2903122.8072727346,0.237579427877175,-0.09363687338024163,1.9302483828301,0.610738255033557
2616766.427267507,0.2121405829990406,-0.09110540213707129,1.6898153875405162,0.5167785234899329
2740891.1381861577,0.22342783543306854,-0.07584681848355906,1.7399643635664654,0.5369127516778524
2178817.2940439633,0.16854155935972837,-0.10631767969052723,1.4583162748353358,0.5302013422818792
4281100.154711546,0.3375532397432244,-0.07693529794588655,2.382305400209191,0.5771812080536913
3146962.398416932,0.25770361948120457,-0.07140052493441779,1.8769704585417386,0.5570469798657718
3592615.5588499596,0.2914635382098074,-0.05213374806079282,2.4008023861445853,0.6174496644295302
2199178.693606232,0.17071748267528242,-0.09161101192467197,1.38598918706488,0.4899328859060403
4537662.543660741,0.3532138653971213,-0.05993234989797574,2.3687405606026806,0.5771812080536913
2190437.9668714525,0.169785386615809,-0.07218214586799564,1.515203902903622,0.5100671140939598
5462775.289350733,0.4043736337079309,-0.06725167871137842,2.4563616257622956,0.5704697986577181
2231225.1575936303,0.17410970969735495,-0.10865932588544587,1.4885157772056152,0.5436241610738255
2352098.857145984,0.18656385340171,-0.0850267298128583,1.7257543419295258,0.5302013422818792
2656741.6597578293,0.2158216293566686,-0.07478311553742753,2.0226472547347574,0.5838926174496645
3543670.8316046773,0.28792530062518984,-0.060554458761967835,2.130756881174958,0.5771812080536913
2848180.6782695437,0.23285927613112345,-0.11877041340288134,1.9312472616557028,0.5704697986577181
2734344.3841602905,0.2228428326653744,-0.05150636103537464,1.944521439083399,0.5637583892617449
2020252.5760915896,0.15101539877191383,-0.06882198439805462,1.5640655891343187,0.5771812080536913
1673720.6700777095,0.10850229327159977,-0.06254861152374562,1.0185298613820672,0.4563758389261745
2918258.078895449,0.23886715577242557,-0.07452227316194955,1.940096425486165,0.5838926174496645
3038479.32357124,0.24891032802635915,-0.06576358902254911,2.1261108609618176,0.5771812080536913
2659287.403517803,0.21605454509045252,-0.06728757398980416,1.7283123395852036,0.5503355704697986
2939889.383409439,0.24069833091685533,-0.07731125591833016,1.9796208588119744,0.5302013422818792
3214117.392569776,0.2630261633629789,-0.11111300196345793,2.0479209309431052,0.5906040268456376
2015508.6011334003,0.15047432540477357,-0.05344831649080357,1.4871659976084375,0.5369127516778524
4898439.612155208,0.37407852329396496,-0.04675585097683172,2.4865028791408825,0.5637583892617449
3684602.8328584135,0.298010292923526,-0.0720836892170285,2.0670184479029245,0.5704697986577181
2436423.5110386787,0.19495226379265151,-0.0708874547523668,1.7545814225684833,0.5570469798657718
2741849.8614970506,0.22351341086463838,-0.08497326699719647,1.7424857264323472,0.4966442953020134
4036568.98679301,0.321911789400803,-0.06128323996961868,2.148375408555954,0.5906040268456376
2928077.245374164,0.23969972802425898,-0.049788116118686075,2.1031476801893336,0.5838926174496645
2493786.136556029,0.20052674960004824,-0.05708692056920706,1.6163857590202557,0.5503355704697986
2865000.279238824,0.23431195025261964,-0.0964149393099509,1.8678713345727562,0.5234899328859061
3506520.221490386,0.2852134727037645,-0.059404677787613595,2.1597404908080233,0.5838926174496645
1911001.4923254705,0.13828812518567268,-0.1411930885367293,1.1623463206175855,0.46308724832214765
2230809.5556512405,0.17406596703564348,-0.0603482323938899,1.483926730907021,0.5302013422818792
2687395.2802390778,0.2186144119899469,-0.17955810071247955,1.6913999921076097,0.5167785234899329
2952215.3848309326,0.24173695955545127,-0.05623558820754289,2.151946436085258,0.5637583892617449
3220995.3581678295,0.26356625715074444,-0.058883737045831046,2.2220103212214704,0.6241610738255033
2617981.783225383,0.2122531577135962,-0.05645883205028843,1.5883189654947125,0.4899328859060403
1976296.7908098416,0.14596257095915766,-0.11828489129113332,1.4193714490907585,0.5100671140939598
3947088.3035282562,0.31599842191429994,-0.05655603985166071,2.173837476925506,0.5369127516778524
3957606.378463538,0.31669904163476614,-0.03725334458585601,2.2771812780753,0.6040268456375839
2783966.4773591086,0.22724932045739932,-0.07609820712550756,1.7990206000909947,0.5503355704697986
2233469.3040959025,0.17434579656428095,-0.07280217214063571,1.6018389180961168,0.5234899328859061
2883823.5055675586,0.23592960552096498,-0.06983283167080731,1.8380020921384401,0.5503355704697986
2729729.74015456,0.2224298051317375,-0.06356044723285076,1.7829930919825867,0.5570469798657718
2627745.8962500794,0.21315606375341423,-0.09192492360540873,1.8722004902214795,0.5302013422818792
3613477.7463359516,0.2929599626923851,-0.06518713828203382,2.0728411483748026,0.5838926174496645
3213743.143121551,0.2629967488267777,-0.10549932790340293,2.043964005602542,0.5906040268456376
2854396.622791791,0.23339693188872235,-0.058369011663311376,2.008105126785619,0.5906040268456376
3450949.0938170436,0.2811138035338625,-0.07831198025835567,2.224237257157155,0.5906040268456376
4197629.463252259,0.3322962942171124,-0.08044516403059297,2.644633410802532,0.6308724832214765
1956549.3046554555,0.1436632326404257,-0.08798473803082532,1.2503909862070732,0.4966442953020134
2991774.078739962,0.24504703679814144,-0.061582112021756404,2.0779952359438463,0.5503355704697986
2331734.9574820804,0.1845021047042752,-0.07656598948265896,1.7091072151386653,0.5503355704697986
1954466.3036414986,0.14341961324349417,-0.11315394219873184,1.3000867837000882,0.5167785234899329
2686261.212309077,0.21851154473625778,-0.05809249350058004,1.8289138366167863,0.5570469798657718
2258469.7295364877,0.17696312086605093,-0.07761965926222536,1.6624493282447015,0.5771812080536913
2707173.1827487596,0.22040283503625013,-0.05914456686146184,1.8657961178790332,0.5570469798657718
3698907.1268689595,0.2990165536419711,-0.05588754128019178,2.141566532759438,0.6174496644295302
2577465.694617899,0.20847752729506097,-0.1191211017686971,1.563239094555471,0.5100671140939598
1904632.6980984567,0.1375283972176251,-0.06802587860537512,1.2674544804303058,0.5234899328859061
4721053.277399951,0.36397930270861756,-0.08172871021122202,2.7378810223361505,0.6510067114093959
1966290.0657446177,0.1447997265329215,-0.1032886875987826,1.3129358739485906,0.48322147651006714
2006243.1671955825,0.14941461279982904,-0.05464830834675197,1.4311556167897346,0.5234899328859061
3348140.766193507,0.27338796734372206,-0.06179079440849947,2.07519586393742,0.5771812080536913
2661577.899921327,0.21626395528183973,-0.06832176956658371,1.7920131055428759,0.5436241610738255
3318616.9124067444,0.2711342609001339,-0.1274260086485611,2.0822591304329388,0.5570469798657718
3378167.0546131763,0.275663779068279,-0.053538955781169406,2.224117657649139,0.6241610738255033
2340658.626301109,0.1854073500099538,-0.055783857139585696,1.592421064890432,0.5436241610738255
3130498.8639979903,0.25638490567831074,-0.04160426253634752,2.0645870405911575,0.5771812080536913
1969479.734806859,0.14517089915548453,-0.08454257863481963,1.2664490743702657,0.5033557046979866
2860580.2355241175,0.233930862494504,-0.06175266508540236,1.6496676619662431,0.5167785234899329
3578400.271538838,0.29043990233345074,-0.06272684067805527,2.131982812556842,0.5906040268456376
2420379.992442366,0.19337438250785666,-0.07082586304616331,1.5417377655921258,0.5167785234899329
2678378.034937986,0.21779552812557057,-0.054653319174255095,1.8568990217287131,0.5838926174496645
3636641.3780793636,0.2946133918581211,-0.06914918270085611,2.0973329663913085,0.5637583892617449
2661273.713099094,0.2162361530986261,-0.14904255817777787,1.605385822919539,0.5167785234899329
3922812.39767764,0.3143756591782405,-0.0653866936216756,2.1607633954342966,0.5906040268456376
2260922.4571392015,0.17721864934932174,-0.11730593697239831,1.468678526079217,0.5436241610738255
4346639.775913782,0.34162372604464775,-0.032541025600000155,2.5581421947820338,0.6375838926174496
2251123.5370164905,0.17619645403268946,-0.09284474195304229,1.490584187778843,0.5100671140939598
1884920.5282228524,0.13516399783884658,-0.07404799592188285,1.1941727876772974,0.47651006711409394
3224970.3156939643,0.2638779710253598,-0.07461031403630058,1.9433912559200928,0.5704697986577181
2092469.5491690102,0.15912915436149278,-0.07237424740788365,1.4754590084972112,0.4899328859060403
2315242.592980801,0.18282174688899366,-0.13368855098601254,1.5217006190147064,0.4899328859060403
2994866.6814799597,0.24530433194687995,-0.06628083847079376,1.8868688429697285,0.5570469798657718
2475242.2537443787,0.19873598320701968,-0.0712744990139609,1.6790308838609003,0.5302013422818792
3685155.563035278,0.29804923369652836,-0.09204082906452034,1.991889731857682,0.5570469798657718
2755100.8865052294,0.22469374942393694,-0.05743186002749961,1.9148048675091962,0.5302013422818792
2245923.5554584805,0.17565256038500343,-0.07656198574127254,1.655224646720554,0.5637583892617449
4874241.7961961515,0.37271826993252666,-0.06786161609791089,2.3479769032765385,0.6174496644295302
2348414.4695420167,0.1861918874928763,-0.08910468336701907,1.7938565250097143,0.5637583892617449
1906700.1473056697,0.13777524394252838,-0.06233186911388901,1.3435622521425608,0.5302013422818792
4213897.245333087,0.3333273516692308,-0.07401232702398045,2.304356037391014,0.610738255033557
1658881.909519383,0.10652974852085673,-0.09536261937228961,1.0237776713382525,0.4563758389261745
3761895.954076009,0.30341092223500277,-0.06827392108672423,2.3533663890358816,0.5906040268456376
3155890.2235655794,0.2584164235261941,-0.06475635282809158,2.0205634027451493,0.5503355704697986
2022815.8977481595,0.15130733518217498,-0.05536863781387416,1.3948228925961592,0.4899328859060403
3034143.327124669,0.248553678273975,-0.12946628079176825,1.8602808713946954,0.5704697986577181
1944845.2596914594,0.14229167200480664,-0.13647825322565832,1.2691309860513311,0.4899328859060403
3784838.526155172,0.304996873377295,-0.07763610711068096,2.1961929907513045,0.6241610738255033
3810909.6888377457,0.30678978619297537,-0.06940898292188633,2.2827722956651253,0.5973154362416108
4213587.061196538,0.33330772189911073,-0.048018237168572474,2.2078103795841026,0.6040268456375839
2798379.6276067905,0.22851743999467655,-0.11315653252145626,1.7589840938162866,0.5167785234899329
2636146.385239732,0.21393072749624453,-0.12508790400608635,1.661857731876504,0.5167785234899329
4303704.621102225,0.3389627382997522,-0.07976115576149155,2.3014439103237088,0.5973154362416108
3647116.0333120176,0.29535831174160876,-0.05703442963763233,2.3150117260288603,0.5973154362416108
2011209.2684021909,0.1499830848575523,-0.09765203929512263,1.4925032012630084,0.5369127516778524
3449107.3864143314,0.28097703300796417,-0.07749689616693439,1.9690638249856154,0.5704697986577181
2200370.7392611676,0.1708443706096554,-0.1125165717496152,1.6815819364434508,0.5503355704697986
3893094.669536606,0.3123781554665497,-0.060785115380900125,2.2955890828654564,0.6241610738255033
3034830.0703945477,0.2486101922962518,-0.06342403287608832,1.800850499977029,0.5369127516778524
2650493.7029512413,0.21524923218808745,-0.07743780706223206,1.7049402699216893,0.5503355704697986
2905146.4243888003,0.2377519103451442,-0.09556368041474894,1.771913990708916,0.5167785234899329
3520272.178144095,0.286219971333318,-0.07786680539019608,1.9547846260498312,0.5369127516778524
3386144.3771858313,0.2762656902553977,-0.05530871117728112,2.272275759598527,0.5704697986577181
3713173.225787778,0.30001703157555815,-0.0686628507229987,2.1039154415123176,0.5704697986577181
4977258.259338935,0.37847227359465974,-0.042714285344730034,2.595286325111248,0.6174496644295302
1786487.3152575647,0.12305231490293722,-0.1394219198235455,1.1099937524767156,0.4697986577181208
2664103.902903591,0.21649472972024375,-0.10576442135994006,1.5839314533925606,0.5100671140939598
2765979.188179426,0.22565934720361347,-0.055855670003468375,1.7835213412578443,0.5570469798657718
3422517.917044278,0.27899588169269385,-0.03668598896185449,2.0788871726579607,0.5838926174496645
4141401.1416687574,0.32870772442529783,-0.04971462563342174,2.4608867198939737,0.610738255033557
2452037.0506214383,0.19647989573739233,-0.06120526125756181,1.6374106303343106,0.5100671140939598
2776021.815005094,0.22654807421378353,-0.08720659569068187,2.006713196845358,0.5704697986577181
3882533.285969636,0.3116653243947207,-0.07680451060002359,2.0335357055812677,0.5503355704697986
3357195.620733441,0.2740759843993392,-0.12673620740440977,2.1342501438535924,0.5771812080536913
3162343.710385641,0.2589306707632517,-0.06595817133849,2.030143597175239,0.5704697986577181
2507430.7443220783,0.20183760646577964,-0.06380824001139242,1.7411833862332013,0.5436241610738255
2711350.0850359537,0.22077919517130518,-0.0941761270818072,1.7834030638689105,0.5167785234899329
3451996.161679776,0.2811915357914938,-0.09959490195579425,2.001457070090579,0.5436241610738255
2328171.2774192235,0.18413981914940192,-0.07534566508417369,1.5899837912077046,0.5369127516778524
1903745.4663604123,0.13742239888990193,-0.09647415411898098,1.2361388016456165,0.5100671140939598
2777450.8693726645,0.22667432992673264,-0.07593932602605226,1.7544245392435132,0.5570469798657718
3080309.728248353,0.25233026848431894,-0.08603637718503436,1.8972844404114415,0.5503355704697986
1620282.7308566086,0.10133175276332573,-0.13493373257480348,1.0189180433007332,0.4899328859060403
3070646.992521789,0.25154358467103966,-0.11384956677155494,1.9565682004238627,0.5570469798657718
5476851.4268482225,0.40509662932186186,-0.05775512924606247,2.7176883349764682,0.6308724832214765
2944312.242115174,0.24107141530827314,-0.09389312988706149,1.8892379479207022,0.5704697986577181
2483908.8903323757,0.19957424374283628,-0.07673873522191982,1.635405938567172,0.5570469798657718
1716673.2887498394,0.11413426202267996,-0.09513791307533395,1.0251997251922838,0.46308724832214765
2521196.2239475055,0.20315430570637272,-0.1113695775666486,1.8198734724434869,0.5637583892617449
2912788.5562281176,0.23840241979072796,-0.07844231582195188,1.7508823958505788,0.5570469798657718
2598830.04557255,0.21047430724141503,-0.06351267532167683,1.6159693622184195,0.5436241610738255
2182190.8494854253,0.16890319596869308,-0.06019201344391217,1.4563305576839496,0.4966442953020134
2613271.813093157,0.2118166543338751,-0.08889189614824004,1.6649240993610162,0.5033557046979866
2170370.466608084,0.16763411191620525,-0.05272145622921836,1.6893394130634607,0.5838926174496645
2686460.3500966015,0.21852961032846463,-0.06506924854954971,1.7636626234893837,0.5167785234899329
2167487.8995703366,0.167323789491449,-0.08840457427948337,1.5443955678757744,0.5503355704697986
2769702.1012421525,0.22598910879594114,-0.07991834404448961,1.8773931287685663,0.5570469798657718
2555351.6908977414,0.20639668745360717,-0.1323801645999036,1.7856508814942365,0.5771812080536913
2751651.3906814433,0.22438692267066918,-0.07110988630930729,1.8563285847885846,0.5503355704697986
2924222.705296998,0.23937316625427973,-0.05589314509529459,1.9371250001200262,0.5369127516778524
2644063.665592396,0.214659025786907,-0.06280052175063988,1.7982748139394564,0.5503355704697986
1796379.5776230106,0.12429329802201572,-0.11105927542919927,1.1680954669112258,0.4563758389261745
2594290.8467557514,0.21005116095788723,-0.11183349005144683,1.8233796345079336,0.5704697986577181
2138709.8236823212,0.16420744667022436,-0.07018188396519023,1.4167266399044918,0.5033557046979866
2468098.1535696117,0.19804321917493573,-0.059508929044696034,1.5883999693466098,0.5100671140939598
3389709.589644608,0.27653432872615835,-0.08303513205085056,2.129580628215245,0.5234899328859061
2794508.123546095,0.22817732570514138,-0.06395885718523611,1.9240583083996157,0.5838926174496645
3600046.5962479664,0.29199735449794306,-0.057331669996448044,2.099876346955276,0.5906040268456376
3622883.1510164333,0.293632343765748,-0.07741208167868933,2.058010019463157,0.5637583892617449
2804218.144735205,0.2290296465220012,-0.08908633168704211,1.861007588604141,0.5369127516778524
2455700.963703955,0.1968372460085197,-0.06024691388309183,1.7488501880593892,0.5570469798657718
3142966.540577587,0.2573840631164659,-0.07642926656423439,1.809327827259916,0.5637583892617449
2895480.6301358184,0.2369271801923507,-0.05556653205767263,1.8180336715895107,0.5570469798657718
2926280.0793146375,0.23954751254163065,-0.09744245880937275,1.61761384086489,0.47651006711409394
2621214.3031285363,0.21255237282081318,-0.05851832908933417,1.6747933296275352,0.5637583892617449
1972033.6074728586,0.14546773946451097,-0.10458121398136712,1.422519576128866,0.5503355704697986
4849771.8246388715,0.3713372127210157,-0.0951675259724885,2.795580767005493,0.6174496644295302
2864178.4930885388,0.2342411330263101,-0.08257636394090552,1.7816137542451393,0.5771812080536913
3493068.8642379036,0.2842259150752908,-0.04093319514185286,2.2201245533653373,0.5771812080536913
3338265.8996498445,0.27263594416752746,-0.07635522803935917,1.9306004855199168,0.5704697986577181
2060471.608892934,0.15556219976483665,-0.09812836299687161,1.4741270331409912,0.5100671140939598
3758256.817174939,0.3031586490562137,-0.05375753518288211,2.174742168484039,0.5973154362416108
2541170.96070662,0.2050547439688375,-0.05488007101820341,1.7417348318671457,0.5436241610738255
2609310.374357341,0.21144903463961895,-0.10968989735374365,1.8100385882621737,0.5570469798657718
1768682.1472789417,0.12080473864209362,-0.08291461680136589,1.0499336192365194,0.4563758389261745
1685921.5137642527,0.11011372091469518,-0.1317817175668375,0.9585672926473754,0.4563758389261745
3216793.2826374145,0.2632363980128498,-0.06515226896215608,1.8596929669899889,0.5167785234899329
3117677.4039958674,0.2553540703487749,-0.05192970912901133,1.9818909111788847,0.5838926174496645
2368354.645788034,0.1881994503550195,-0.11424112772076714,1.4568629658697758,0.5302013422818792
3030533.5851419754,0.24825645415107545,-0.06378983462874245,1.9825902162830253,0.5973154362416108
3016501.290321409,0.24709834558084087,-0.06645859597319254,1.9801627708657217,0.5637583892617449
2794389.1289382325,0.22816686597755287,-0.05246144665584049,1.7414085347314783,0.5100671140939598
2807221.136468067,0.2292927634223323,-0.06551634748443287,1.9469800993124955,0.5704697986577181
2975834.7760896566,0.24371755078412183,-0.06564626321471947,1.992398957126892,0.5973154362416108
3050283.020108884,0.2498791616465259,-0.09845910534369237,1.8763727836727961,0.5369127516778524
2596774.560876147,0.21028276728614448,-0.07155040907215746,1.728869238121345,0.5570469798657718
3132437.1530817905,0.25654044857124636,-0.07392832148727431,1.9243136401354413,0.5436241610738255
2240333.2716016215,0.17506671810843688,-0.0794105884060408,1.4154391605447023,0.4899328859060403
4941891.512994006,0.37650768840108406,-0.10022491123699638,2.2512217209014866,0.5503355704697986
3452370.898992235,0.2812193509688037,-0.05315997662181185,2.0604671768640173,0.5906040268456376
3091992.3453443935,0.2532787672507568,-0.058919655195724015,1.826117159361672,0.4899328859060403
3648493.8393347897,0.29545616894336235,-0.04442711112245259,2.280098381842821,0.5838926174496645
1817499.2506327524,0.12692457079835018,-0.10277625356896208,1.2340387715885475,0.5100671140939598
2724347.5967375664,0.2219473773314622,-0.0579170377139532,1.8084804169275948,0.5771812080536913
2555357.3512789807,0.20639722191304388,-0.08309129267645472,1.6674475085410732,0.5503355704697986
3149907.6285132803,0.25793894740401857,-0.10027560564989547,1.757690473930384,0.4966442953020134
3154140.5534022357,0.25827685579966153,-0.059104084903230734,1.9343536336264207,0.5704697986577181
1951443.1823511983,0.1430656714179661,-0.13776017312921304,1.2583173826511505,0.5033557046979866
3230782.8920134883,0.26433323701642264,-0.07464933434930474,1.747553076935301,0.5234899328859061
2715190.0132104666,0.2211247832336367,-0.06724505415428778,2.0154110687223823,0.5704697986577181
3489938.6271996414,0.28399566635098616,-0.05756637729488457,2.091564549203598,0.5771812080536913
2056922.014663158,0.1551637855093866,-0.17045638657198411,1.3256983985670459,0.5100671140939598
3658090.352257902,0.29613693220463877,-0.07050581997581462,2.4920419706514374,0.6375838926174496
1867227.8081286384,0.13302491838075436,-0.09030092485363339,1.2372246054745066,0.4563758389261745
2586450.9579567933,0.20931892580476785,-0.059017652323088934,1.8283638925435286,0.5369127516778524
2376080.873280411,0.18897368771016976,-0.08593421976491211,1.5966629482143884,0.5100671140939598
2237081.1450914186,0.17472536831515706,-0.09364481115123627,1.6105525995459047,0.5570469798657718
3762696.287847063,0.3034663769860386,-0.05926532117568144,2.1421332673220306,0.5637583892617449
2127072.021196018,0.1629376714809856,-0.13343083387422225,1.3751130415397927,0.5167785234899329
2153994.0181490453,0.16586670163821293,-0.07350416558154986,1.4481592435994644,0.5302013422818792
2900537.0206326162,0.2373588890092464,-0.12710452780802908,1.9704817389455653,0.5906040268456376
2700161.038825789,0.21976995934047228,-0.0850120985108835,1.821404198677038,0.5503355704697986
2955437.11186194,0.2420078606821341,-0.06894014694301656,1.924643233715977,0.5302013422818792
3550130.700903427,0.2883945185372967,-0.04713471980901987,2.1197065127309336,0.5771812080536913
4799427.240106344,0.3684781967727553,-0.07236261254935188,2.7514133074305773,0.6375838926174496
3643831.5844608196,0.2951249179314672,-0.09089992908359687,2.138822752114933,0.5570469798657718
2661375.45884389,0.21624545277796714,-0.08120763340254883,1.6895130632267363,0.5033557046979866
2490279.5534698195,0.20018894063479054,-0.06678893597325508,1.7210830765716365,0.5570469798657718
4746571.953260032,0.3654506664116297,-0.05235557642676785,2.540474436774246,0.6241610738255033
3029639.872220271,0.2481828225934608,-0.07130358724682476,1.8999599863609375,0.5771812080536913
3066103.2681568447,0.25117297626338675,-0.08774142279107121,1.965330989674894,0.5704697986577181
2359237.8158755708,0.18728325896293851,-0.09691882517030845,1.6660679363120414,0.5369127516778524
3720955.958388218,0.30056153690232357,-0.039788437216227934,2.187046716116984,0.5771812080536913
3641649.5888987337,0.2949697716852313,-0.0719949649466795,2.3579502411030586,0.5838926174496645
4010010.505253206,0.3201676976666734,-0.05743339653991806,2.144024133365042,0.5973154362416108
2293003.2444902956,0.1805406172442705,-0.09847411201729657,1.432949265808762,0.5033557046979866
3159397.383195438,0.25869599641293983,-0.06661622858131794,2.0075837591919177,0.6040268456375839
2959101.678384084,0.24231571123255047,-0.05099794865242977,1.9030437776643545,0.5436241610738255
2400232.350290037,0.19138096496994406,-0.08311557543040453,1.55619476719691,0.5234899328859061
2677619.2671493776,0.2177265215302584,-0.076004357293221,1.719920170963582,0.5570469798657718
2651800.0365183963,0.21536899915695917,-0.05005106818484999,1.937439663282715,0.5503355704697986
2748462.424023824,0.22410299568973135,-0.07433869144419611,1.7923477273990929,0.5637583892617449
4013882.213089532,0.3204225264632159,-0.05681972483353027,2.327273565627353,0.5973154362416108
2757533.3100254405,0.22490992462260784,-0.07675069228356303,1.773688666748315,0.5771812080536913
2368350.054197394,0.18819898963603765,-0.06512651849911416,1.608139511096638,0.5369127516778524
3388323.1319536627,0.27642988612273167,-0.06327730188036067,2.096867466753102,0.5771812080536913
2198910.5712052607,0.17068893466394308,-0.08687986981373881,1.470091538335976,0.5100671140939598
3353380.7889438113,0.27378630236730706,-0.07297041023749044,2.0239991317358696,0.5838926174496645
3431458.1141800713,0.2796633754368254,-0.058375089911480015,1.9596168817747264,0.5637583892617449
2068172.7976395069,0.15642471373656353,-0.11449156842483704,1.415749881139501,0.5100671140939598
3762102.82781882,0.3034252573239129,-0.06779432229908436,2.1733421826573585,0.6040268456375839
3335912.178902797,0.27245643331540625,-0.05747231862935842,2.1229973714187698,0.5637583892617449
3241273.079184349,0.2651532178318843,-0.07510994046682501,2.040778028698699,0.5704697986577181
3247948.433803601,0.2656739019907388,-0.13635608733558086,1.9042633793361712,0.5033557046979866
4391878.919359258,0.3444048535700426,-0.06277734182876779,2.3382724161610957,0.5704697986577181
2494011.1328287977,0.2005484117861045,-0.07476830770543269,1.6201581323479861,0.5167785234899329
2276832.530760008,0.17887081895564205,-0.05229922071870258,1.5667862685024827,0.5369127516778524
3387446.8086834666,0.27636385458415913,-0.05710015606003869,2.1526819363565326,0.6174496644295302
2287109.4417502913,0.17993311367970533,-0.07237600435122118,1.656687014784818,0.5436241610738255
2254387.2902704836,0.176537314107176,-0.1104891752081874,1.5515635939592238,0.5503355704697986
1997248.9151183332,0.14838216430785267,-0.07615512834857854,1.3290108069177973,0.5503355704697986
2510531.1076673716,0.20213466685203207,-0.1690427225118471,1.7215524701230913,0.5704697986577181
2854476.8453053436,0.2334038647087071,-0.05472371267362706,1.8057278360351616,0.5436241610738255
2975973.851999596,0.2437291756174651,-0.08449334330885612,1.7565751274777095,0.5637583892617449
3926970.150732716,0.31465416008388525,-0.0634090271091534,2.2609301530392023,0.5906040268456376
2094151.511593009,0.15931544000018083,-0.06249782784541401,1.4115228201110392,0.5302013422818792
6077188.171592637,0.43463207620025424,-0.05416535707134252,2.7085317745965876,0.6510067114093959
4211995.945761785,0.33320701117574103,-0.04760820365495343,2.501632812967412,0.5973154362416108
3296622.757086953,0.26944488627983687,-0.08042318415086404,2.0491632320622895,0.5436241610738255
2830767.2585110203,0.23134806643483063,-0.06871339458300232,1.7073717437899107,0.5167785234899329
2612164.724767527,0.21171396195702963,-0.07281038971318096,1.7136591422328347,0.5771812080536913
2564108.9390825354,0.2072224260584945,-0.06530883349341815,1.709759004219623,0.5503355704697986
2106686.2606902793,0.16069996830030342,-0.09120084730201675,1.4542067055893526,0.5167785234899329
2206909.1796273785,0.17153938193407248,-0.08755530788820907,1.501265574091217,0.5369127516778524
2784413.1163049173,0.22728869608745383,-0.06207726127365404,1.8217291572235434,0.5570469798657718
3072964.632825215,0.2517324538266905,-0.06362677469509863,2.000661121615372,0.5838926174496645
2157890.076239153,0.16628815142478381,-0.09419422387787313,1.4700306428329675,0.5100671140939598
2594006.04536926,0.21002459189505918,-0.10124399169226508,1.630351191601955,0.5302013422818792
1450213.4556124662,0.0771752993522774,-0.11140531559364479,0.7069216732858911,0.40939597315436244
3374034.0663031456,0.27535148631082795,-0.10016586860687617,1.9074783811132456,0.5436241610738255
3343350.3190606656,0.2730233714489614,-0.06087841411438502,1.9240226169705774,0.5637583892617449
2717455.9430240337,0.22132853028927202,-0.08354971447403671,1.677461353981495,0.47651006711409394
2499379.076923945,0.2010647635827585,-0.1225597390558497,1.4615237787794269,0.4966442953020134
2348065.0180541463,0.1861565835718597,-0.07157378686265453,1.6634524577642162,0.5570469798657718
2086819.7666444432,0.15850253477698129,-0.07902748745698969,1.3764536768189117,0.5100671140939598
2628366.8422986167,0.21321339298542008,-0.064910044152258,1.7487682821124924,0.5436241610738255
1781555.4518398857,0.12243155852394083,-0.13982449091084415,1.0806140173932763,0.46308724832214765
3321184.915354361,0.27133092515529955,-0.11636347063476198,1.9593225076011935,0.5838926174496645
3771688.887938961,0.30408882224909206,-0.03877865092849606,2.16597883717503,0.5906040268456376
2685176.101850172,0.21841308570996998,-0.06430775215810897,1.7195321798813916,0.5436241610738255
2941762.7625966263,0.2408564121172725,-0.11184785517933735,1.719343697887717,0.5369127516778524
2811992.052415224,0.22971032009217618,-0.06616829139399724,1.7404214249562995,0.5234899328859061
2177650.292770298,0.16841635549345768,-0.06341589254683029,1.6249438449581461,0.5838926174496645
2100259.038199688,0.15999087386454303,-0.07565985650048264,1.4815618923918632,0.5302013422818792
4088882.0465585925,0.3253205025280608,-0.11615033942644253,2.253911596318505,0.5838926174496645
2261396.514447285,0.17726801170608586,-0.0654711414193678,1.5537693132604677,0.5302013422818792
3710107.799524328,0.2998023137194241,-0.06573276200756188,2.102959741921091,0.5637583892617449
2302688.267614671,0.18153619325206294,-0.06445966230644726,1.6044937967450181,0.5369127516778524
3275062.919814613,0.2677800974001845,-0.06559722435171121,2.1451032399104086,0.5771812080536913
4702921.905324053,0.3629300073756889,-0.05556899064031992,2.4024773568300906,0.5570469798657718
3610634.4375982373,0.29275642237716926,-0.06452029620104507,2.1755770442884206,0.5704697986577181
2012659.011989005,0.15014882595008672,-0.08015290023756866,1.3780363101147264,0.5302013422818792
2037267.5509253817,0.15294771672965868,-0.12912584124701126,1.3510032382762425,0.4899328859060403
2155474.320401692,0.16602690272171672,-0.14847370503796026,1.4352346514021415,0.5436241610738255
4108473.817092382,0.32658812299254514,-0.07222330837829621,2.2472497561264273,0.5503355704697986
4273730.188538012,0.3370923994511861,-0.051401660987620126,2.3344435810217927,0.5906040268456376
3035531.001657141,0.24866786333911994,-0.08723453295641789,1.8886397460664035,0.5234899328859061
2380956.247521388,0.18946120814897238,-0.08924608313246106,1.781775603349452,0.5369127516778524
3338058.7406803453,0.27262014887122543,-0.05963331656086643,2.2613692184822205,0.5771812080536913
1914738.1971505994,0.13873293109804696,-0.11792036423404152,1.1740235724922665,0.4966442953020134
2032721.038962346,0.15243265663055583,-0.07158350699499605,1.4453200703368663,0.5302013422818792
4282917.464293782,0.3376667776470106,-0.048454553906881574,2.2951524748523795,0.5570469798657718
3229898.1503799334,0.26426398254515626,-0.08437466210070849,2.0383258547023964,0.5906040268456376
3055795.8684110767,0.2503306225958877,-0.05115961847485068,1.8917547933319763,0.5570469798657718
2256879.99624032,0.1767973816955415,-0.08185537555685835,1.5073783987524398,0.5167785234899329
2567213.2310382123,0.20751459440564135,-0.0647319419225749,1.887044657635808,0.5838926174496645
2732771.888517841,0.22270215122599812,-0.07673378542890134,1.5805852715274435,0.5503355704697986
2700077.5462915963,0.21976241586856604,-0.06470784808835557,1.7236608521082346,0.5503355704697986
2812412.9959027595,0.22974713438955696,-0.1154571596923679,1.7805518134556446,0.5436241610738255
2783919.724522388,0.22724519844134816,-0.08668279343071808,1.8716128243916559,0.5436241610738255
3145131.600350931,0.25755724738771035,-0.06395146090790921,2.100123996364364,0.5704697986577181
2224079.3089417047,0.173356690300154,-0.07518041946576236,1.5512997659150654,0.5302013422818792
1896048.774089552,0.1365012062091011,-0.08845879479272135,1.2771299139355785,0.47651006711409394
3107956.133843804,0.25457022494492576,-0.0893687549461319,2.0187018653190423,0.5637583892617449
2806585.522670843,0.22923709084229693,-0.07332463723629455,1.6485433999256958,0.5100671140939598
3168366.4372835667,0.25940983601161327,-0.06704906484772227,1.8908216303637075,0.5436241610738255
2647889.5788413556,0.21501034052249035,-0.06991417654464739,1.7527566984970242,0.5503355704697986
1967417.9890996737,0.14493103474564983,-0.08140543227788827,1.3183278107705023,0.4966442953020134
2252213.984718203,0.176310382234101,-0.0802396134787891,1.4208449995914558,0.4899328859060403
3598479.921162569,0.29188488414783853,-0.049672444784714415,2.1526364472670543,0.6174496644295302
3028390.1677110866,0.24807983232375674,-0.0634695147384737,1.918207823908752,0.5436241610738255
2448573.3218355877,0.19614167690709272,-0.06741235986453847,1.695889699961264,0.5637583892617449
3192835.433664464,0.26134911525335336,-0.10195421623557842,1.9210758229061549,0.5570469798657718
2265362.297244023,0.17768063440193416,-0.0556748865485881,1.3734106524764322,0.5100671140939598
2207566.5634375243,0.17160916815659033,-0.10147590474115105,1.5194279299927693,0.5234899328859061
3107669.8547393954,0.25454711197558444,-0.07306394620285883,1.9484152455961123,0.5704697986577181
3813660.045124215,0.3069783553631624,-0.0799162228121891,2.189831467065011,0.5637583892617449
2885720.6754848603,0.2360921780007903,-0.10008014397575397,1.6379105853134628,0.4966442953020134
3173017.2539835363,0.2597793543925906,-0.07302572425445328,1.9793917316872676,0.5704697986577181
2396565.0945256427,0.1910166859586626,-0.045851551379838054,1.567003715339482,0.5436241610738255
3354738.4489417477,0.2738894274713426,-0.09650944550570527,2.0303114841332754,0.5167785234899329
2519174.268033198,0.2029612619664003,-0.07227071712236821,1.7926352420929432,0.5570469798657718
3771840.7395502403,0.3040993228394513,-0.06784506704980728,2.318251697818248,0.5973154362416108
3183735.6854666783,0.2606293119868317,-0.07592105285514945,2.0017850402068023,0.5503355704697986
2490064.7167648408,0.20016823183242538,-0.061950470634447447,1.6273471980029375,0.5167785234899329
2536696.103517798,0.20463003816959313,-0.058361991603703485,1.884705181240857,0.5302013422818792
1972656.2438309197,0.14554006275579168,-0.08800972399912678,1.4256694571875677,0.5302013422818792
2725749.2274967893,0.2220730857157407,-0.10491068555963474,1.7686063347278753,0.5570469798657718
2798296.555353871,0.22851014599336605,-0.10833484009308797,1.6825871550138813,0.5503355704697986
3058027.977544169,0.25051323029879935,-0.07300437272560006,1.9188155929971702,0.5704697986577181
2984482.296200496,0.24443953931955842,-0.04740643007198422,1.7838343523649443,0.5167785234899329
3343056.2232721015,0.27300097451472016,-0.05267911347007123,2.007197877348327,0.5704697986577181
2296936.6617255025,0.18094535944194967,-0.07844293609842343,1.6219868091109901,0.5637583892617449
3910335.5072883605,0.3135384932304033,-0.0787543677226186,2.070876477428111,0.5570469798657718
2670072.9896880025,0.2170393679028444,-0.07118788030262566,1.7157781180548597,0.5167785234899329
2140363.54299035,0.16438743154847968,-0.09324177561089127,1.3459996193132595,0.46308724832214765
2349814.9382386566,0.18633333002814711,-0.046536128073205674,1.7100837247095304,0.5503355704697986
2172264.641935983,0.1678378496711579,-0.0630839995211676,1.503726270369685,0.5100671140939598
4131646.1110339025,0.3280811821630978,-0.054651998037633466,2.5115665610311453,0.5973154362416108
2736670.810684822,0.2230508449648989,-0.06633096162410325,1.7857012888907213,0.5234899328859061
2912711.7264258005,0.23839588672352185,-0.050670380031115285,1.929222506345574,0.5637583892617449
2986827.4577111998,0.2446350502695327,-0.0940044510141988,1.967819025470967,0.5436241610738255
3368361.973124169,0.27492239866012236,-0.07156380986113257,1.9627087949394022,0.5637583892617449
2048912.5746102696,0.15426276353085422,-0.12535631070503486,1.2406808210192053,0.48322147651006714
2684538.7356036706,0.21835523854547634,-0.11975900666086862,1.5287220750533956,0.5100671140939598
2868528.775227095,0.23461583300097888,-0.04301252240446012,1.9924687877008238,0.5637583892617449
2832199.2821802334,0.23147262368121746,-0.07702572828835134,1.8235700065679739,0.5369127516778524
3080313.0000654915,0.2523305345221043,-0.06456573656571421,1.9163621793698855,0.5771812080536913
2496111.5108193196,0.20075055654878327,-0.07906444844106694,1.781589835720845,0.5570469798657718
2166749.347413825,0.16724422761417634,-0.09494818345695986,1.4795369302059451,0.4899328859060403
3057482.376344906,0.25046860479371236,-0.058280300050426094,2.071224141308694,0.5771812080536913
3232391.0211924277,0.2644590768852746,-0.06475169271669577,1.8283582499125008,0.5503355704697986
2347782.9177405476,0.18612808084955268,-0.10640991600365639,1.4796764587961402,0.47651006711409394
2739176.059382272,0.22327468812235862,-0.060984025392255725,1.863909074676135,0.5704697986577181
2332823.4115002397,0.184612669192318,-0.09232770330337027,1.628291238335781,0.5436241610738255
2791074.655223574,0.2278753776181126,-0.060835220694557414,1.9010378714485554,0.5436241610738255
2391098.9305081773,0.19047288764795622,-0.04510710795914181,1.7132458845244416,0.5302013422818792
2951745.757132162,0.24169745084048788,-0.11028621157913436,1.8227046796619755,0.5637583892617449
3093201.885843996,0.25337680463993273,-0.07014049121687867,1.9205843698101246,0.5637583892617449
3905365.0023988984,0.3132043903558155,-0.06972430832190088,2.196816607660968,0.5973154362416108
4182900.3996360195,0.33136000015375844,-0.0555957562438075,2.2007486240795826,0.5906040268456376
2275872.714775333,0.17877140980844475,-0.13137035177755887,1.564472300521679,0.5369127516778524
3942521.4414028144,0.3156937534452968,-0.07180518941747045,2.2916433883797414,0.5771812080536913
2796955.5973524353,0.22839238175061283,-0.12927975732857844,1.7775469308712466,0.5503355704697986
3428949.3900782107,0.27947620942876195,-0.06457468154869805,2.1570950930133117,0.5906040268456376
2740773.454648106,0.22341732937633263,-0.047228885603002584,1.8367554459510018,0.5503355704697986
2161141.8293288564,0.16663943875219034,-0.09320295588429976,1.4470090653125118,0.5302013422818792
2212796.2533814493,0.17216374757218333,-0.08854764362894774,1.3453393672456586,0.47651006711409394
4234846.0068839425,0.334650410928119,-0.06114851065951833,2.459338685174495,0.6442953020134228
2524282.581872401,0.20344873323392965,-0.0882770556048411,1.7555201888708416,0.5503355704697986
3997124.4598205197,0.3193181412953414,-0.07214203737401477,2.103454934216751,0.5637583892617449
1909744.9046603986,0.13813838849658988,-0.07992211252332411,1.2816463478392741,0.5100671140939598
2551685.263298333,0.20605030015484216,-0.053692906807527425,1.6720648757009478,0.5503355704697986
3506022.9477502094,0.28517701837715514,-0.05688501175432331,2.0691030632873324,0.5771812080536913
2812825.6712894524,0.2297832213079054,-0.06391738476559276,1.821661103511508,0.5436241610738255
4252559.83178064,0.3357650822253677,-0.07242530018891759,2.4433190308877766,0.5906040268456376
2244671.914166809,0.1755214941768064,-0.0712878658387191,1.2913816478394806,0.5033557046979866
2973968.297820124,0.2435614967977595,-0.058870056163479026,1.6895521685222818,0.5033557046979866
3194977.744238566,0.2615183364144229,-0.055780311775876466,1.8572075987503627,0.5704697986577181
4021600.1252305317,0.3209299193307438,-0.053794709041635594,2.282752171174447,0.5570469798657718
4078827.275477705,0.3246680542056293,-0.048590804816861656,2.420729997794281,0.6174496644295302
2571372.4189308453,0.20790560427631077,-0.07777408604878988,1.6738562427237487,0.5302013422818792
3074152.175463998,0.25182918490641604,-0.057646228490836955,2.191152574291499,0.6040268456375839
2718701.2083738446,0.22144044374310767,-0.06311999219271011,1.6854355010812578,0.5369127516778524
3759073.780107063,0.303215299775081,-0.07334172854317836,2.13885595170732,0.5838926174496645
2794195.9130458217,0.22814988137665648,-0.10473943833897835,2.000656487301365,0.610738255033557
3114426.8280586866,0.2550921877933854,-0.06921897454077741,1.843837587776684,0.5302013422818792
3133626.8206985807,0.2566358783191196,-0.10191234193384273,1.9069563021121974,0.4966442953020134
3185611.2695591734,0.2607778079393823,-0.058488476201660256,2.1087124455538633,0.5771812080536913
2723712.56863715,0.22189040638675306,-0.07362343372870221,1.8315818366542906,0.5838926174496645
3244020.944233406,0.2653676577707471,-0.041006358946212074,2.096987644463361,0.5570469798657718
4654745.609602721,0.36012614901787776,-0.06786101091846446,2.230964658747574,0.5838926174496645
1951052.5606400569,0.1430199061066484,-0.12452470182513342,1.3545127417563585,0.5033557046979866
5093428.185578048,0.3848477745741108,-0.05885097475823936,2.6690738905109854,0.6442953020134228
2715542.5445759357,0.22115649095426004,-0.08993825746693433,1.8461458575561445,0.5503355704697986
4129889.2935738247,0.3279682202545906,-0.0618513659464561,2.324162290387328,0.6040268456375839
3028364.5562679176,0.24807772128574257,-0.10454697903783192,2.0731212787944835,0.5838926174496645
3980671.2639707504,0.3182302177564833,-0.039647088174563305,2.2327278449112566,0.5704697986577181
2501945.6054111514,0.20131132894652404,-0.08385142746358405,1.5257181809717608,0.5234899328859061
3403544.497858941,0.2775746522519702,-0.060113978369918705,1.8304186757949348,0.5167785234899329
3726704.3121424937,0.3009631257602752,-0.04769225004716802,2.2353848427539056,0.5838926174496645
3361877.358006802,0.2744311358515632,-0.0844054770685583,2.1683049805038204,0.5973154362416108
4422014.872397769,0.34624480301689275,-0.06881134315669897,2.1433005091062833,0.5771812080536913
2454562.526587235,0.19672625719557568,-0.07526110137245504,1.5500064180871598,0.5100671140939598
4773153.887559425,0.36697662178239066,-0.05199597873847648,2.637686115603682,0.6442953020134228
2705330.1403245986,0.22023661981361564,-0.07270941062548171,1.628625301561435,0.48322147651006714
4045759.558236664,0.3225131949652278,-0.10379171071736916,2.129542567428475,0.5570469798657718
3700051.048376245,0.2990968903001663,-0.07156373055919178,2.2240372715978958,0.610738255033557
2531364.761464234,0.20412326081828924,-0.0892741845056134,1.7410414192901678,0.5637583892617449
2610171.4354445776,0.211528978671486,-0.0847523164881008,1.8595912217505128,0.5503355704697986
3906569.4051792216,0.3132853780200364,-0.08061122266628552,2.1929512145227634,0.5503355704697986
1718455.5372283736,0.114365504625904,-0.10764644813112242,1.0894897383611413,0.4966442953020134
1774630.5895227669,0.12155762589961161,-0.07420990317318067,1.134319306910831,0.5234899328859061
2412490.255537286,0.19259535519769022,-0.16766532183197663,1.5624187685186868,0.5100671140939598
3899004.7443899405,0.31277637581291273,-0.08439848720046249,2.1658679706880926,0.5570469798657718
3234980.2160341823,0.26466158223900926,-0.04848486630499363,2.1292654024204567,0.5906040268456376
2433391.4081740547,0.19465469457809847,-0.08265227236784733,1.645339904136934,0.5503355704697986
3679212.949137852,0.2976303213461837,-0.07253485844597994,2.150245954227165,0.5771812080536913
3775517.3901708117,0.3043534613104506,-0.052181404360042594,2.3960358111211213,0.610738255033557
3212913.1997789787,0.2629315087628772,-0.052970160090563156,1.9193919157944292,0.5503355704697986
4211109.236166835,0.33315087308707025,-0.07523501261432318,2.285989671786405,0.5771812080536913
3579051.738957179,0.29048688524617505,-0.06587193090709256,2.121664373702483,0.5838926174496645
3919964.8977325642,0.3141847873541166,-0.06237445205817602,2.2226016128425963,0.5771812080536913
3911230.0488827843,0.31359858563477583,-0.07576220961884134,2.24768187916969,0.5906040268456376
5248814.751841307,0.3931960968199628,-0.04508604393097613,2.725467118410727,0.610738255033557
3009961.54652381,0.246557136763635,-0.07091173552956326,1.9684912146180735,0.5503355704697986
3863686.552205353,0.31038941789359953,-0.0661222468623325,2.1129446139724046,0.5838926174496645
4793897.167019349,0.36816268934112784,-0.04019513570143565,3.061532471401387,0.6912751677852349
3016781.3318898226,0.24712149998224198,-0.04938909862209862,2.0285709588366063,0.5436241610738255
2620174.679202669,0.21245617324680088,-0.0679082995742995,1.814243594479367,0.5771812080536913
1762774.6237922604,0.12005502290809922,-0.08539432065041158,1.1758932783728535,0.5436241610738255
3070644.2849710463,0.25154336396061816,-0.08879016755898325,1.9854033908896513,0.5704697986577181
2525772.9017870827,0.2035908013385428,-0.07190302928728938,1.6866409133382683,0.5570469798657718
4435196.426497432,0.3470464501340993,-0.06313406574578889,2.5689992276825184,0.610738255033557
1940725.2283802277,0.14180728688590394,-0.11831113054046853,1.3523063494013776,0.5302013422818792
3225009.097913786,0.26388101079023984,-0.07557654534744124,2.098907503642621,0.5570469798657718
4536439.177356852,0.35314089149100925,-0.0512964980793398,2.35948376925762,0.5973154362416108
2334591.531237634,0.18479218576556944,-0.09556229628225135,1.5845803460253645,0.5302013422818792
3377926.9783509015,0.2756456470284292,-0.06702563897862479,2.2639084415475903,0.610738255033557
3749257.4511149605,0.3025339524787467,-0.07415645276577883,2.1882031079462667,0.5704697986577181
3029954.314387175,0.24820873095451734,-0.0880633217797307,2.1407839745383512,0.610738255033557
2757180.0430259765,0.22487853842479866,-0.14264156478068693,1.7318029692537855,0.5302013422818792
2752468.987091015,0.22445967428444158,-0.05972638787097994,1.8310250685277902,0.5167785234899329
2566472.3628881634,0.20744489140003708,-0.08012219119168215,1.6391518398375584,0.5637583892617449
3660469.2813641834,0.2963054691081308,-0.05281905918544318,2.4510829350842984,0.6241610738255033
2366678.86277113,0.18803125525299502,-0.08913812221328157,1.8354917603866063,0.5906040268456376
1625563.283676387,0.10204867380805216,-0.12768260136566367,0.998820807549712,0.4966442953020134
3326268.6743024443,0.27171989394168605,-0.07438594831602281,2.093898607504545,0.5771812080536913
2328342.5112516573,0.18415723701177056,-0.07335540678708603,1.4796807737439952,0.5234899328859061
2917703.6203618916,0.2388200761340049,-0.08869777398788012,1.8261393568979507,0.5436241610738255
2119380.9453314724,0.16209546151773013,-0.07047927406960089,1.428222047959413,0.5637583892617449
2986557.153098766,0.24461252183232296,-0.0657907463957443,1.8038535261266253,0.5436241610738255
3232710.918819174,0.2644841036498877,-0.05226104289787114,1.981784613935569,0.5503355704697986
4496939.058774615,0.3507762014158109,-0.07017602071442161,2.291567102099999,0.5771812080536913
2964110.4783331,0.24273599432810733,-0.056782283541956635,2.1190463615671726,0.5570469798657718
2121694.1383073106,0.1623490240726304,-0.06042062657078187,1.5313862536817333,0.5503355704697986
3118881.662718256,0.2554510359656552,-0.0887376993270209,1.7540371630958367,0.4899328859060403
2841520.195280795,0.23228212664847248,-0.08047061708866429,1.8915900108318617,0.5436241610738255
4013853.6847928325,0.3204206495016759,-0.0864403236857544,2.0047592213590995,0.5503355704697986
2109759.2831462435,0.161038393415059,-0.09668561114435205,1.4458024328036838,0.5369127516778524
3395877.3083073427,0.27699853253593854,-0.06969141948341145,2.166374978038038,0.5637583892617449
3750428.1239463803,0.3026152832872282,-0.055773520339992284,2.3710926725578556,0.610738255033557
2444964.4788540513,0.19578888088672075,-0.08684244005420147,1.4831832410198402,0.44966442953020136
3469642.14922667,0.28249871013983197,-0.06822219589409304,2.4950113092912045,0.6241610738255033
3608999.419499136,0.2926393203471842,-0.05242235027901387,2.107247958742593,0.5637583892617449
2160967.269412096,0.16662059176486932,-0.08956383289348988,1.6569487176112814,0.5436241610738255
4288026.230023472,0.3379857456383335,-0.0878411630712528,2.256759667458616,0.5906040268456376
3046756.855581781,0.24959005280670787,-0.0574182879991745,1.8969740875083616,0.5503355704697986
2812755.991805168,0.22977712839495856,-0.07631077404473666,1.6162636698651323,0.5234899328859061
2904820.5005034837,0.23772413680417448,-0.08126263312755636,1.9410552982990148,0.5973154362416108
1663696.7254450058,0.10717133275732516,-0.11589028647225055,1.014212108684341,0.5033557046979866
2084757.5363097545,0.15827347388272495,-0.05274979233913775,1.4809244003970674,0.5302013422818792
3114884.800065945,0.25512909752439006,-0.07431421211192993,1.9065109124862099,0.5436241610738255
2295459.3776194924,0.18079341439022656,-0.07499443888148416,1.7048016056427087,0.5704697986577181
2011426.847413886,0.15000796554602203,-0.09544846420065405,1.3627677406614986,0.5100671140939598
2519221.2140875664,0.20296574548820812,-0.0794902674584285,1.6598232300093907,0.5234899328859061
2545809.399397567,0.20549434413789736,-0.060746767944489334,1.740272436747528,0.5570469798657718
4273841.853234668,0.3370993865303973,-0.0447547564995999,2.5661957145206746,0.6174496644295302
2323448.677370434,0.183659033067477,-0.13882771843098016,1.3810918932090461,0.47651006711409394
2761842.5981559553,0.22529252695219038,-0.046046763205700315,2.007224981115742,0.5436241610738255
2803587.947855228,0.22897440115643408,-0.12154749750394539,1.7674564345142603,0.5167785234899329
3054212.211241072,0.25020099969307097,-0.062055475238480956,1.9519702404298385,0.5436241610738255
4025940.4085813593,0.3212149171698617,-0.07634234395526482,2.2345372506995775,0.5637583892617449
2862166.2313217907,0.23406765818871667,-0.0648337372257682,2.0465915456136043,0.5838926174496645
3812088.7137533794,0.3068706355023685,-0.06928068665991673,2.1032379941245267,0.5637583892617449
3429204.4383164574,0.27949524257316716,-0.04987702960140641,2.1650158618297892,0.5503355704697986
2618233.918120348,0.21227650696304123,-0.06725411910004012,1.7031814775315048,0.5369127516778524
4247107.005398412,0.33542235059828407,-0.05061619934179213,2.2458027873881643,0.6174496644295302
3048546.959952075,0.24973685619113217,-0.07245077376445527,1.8693463785807083,0.5771812080536913
2439090.1477545183,0.1952137215765788,-0.1267286686326083,1.4494751491626445,0.4899328859060403
4247787.509002498,0.3354651421495052,-0.09382880419829033,2.2412987035503313,0.5838926174496645
2205110.542732814,0.17134835810288673,-0.11103853864921853,1.5355675241714297,0.5302013422818792
2893279.926020002,0.2367390982097226,-0.053832331488062886,1.9338455208285654,0.5771812080536913
3872562.666205219,0.31099094144980977,-0.05710499068425967,2.137762599865073,0.5436241610738255
2763932.18688164,0.22547788023369963,-0.08110152307381345,1.8020265135767695,0.5570469798657718
2986701.8267295314,0.24462457980505148,-0.117114253020311,1.7915548496624913,0.5234899328859061
3389640.874067427,0.276529153149776,-0.06738901151448069,1.9641992202421428,0.5503355704697986
1764995.4366897133,0.12033709868201026,-0.10683960324364891,1.1054246819352127,0.5033557046979866
3799595.574925703,0.30601292401693136,-0.08226101625164375,2.365192328118862,0.6442953020134228
3247989.6902909926,0.2656771173739343,-0.09870208984527612,1.9542424836188848,0.5637583892617449
2155485.2760876976,0.1660280880384266,-0.09620434719603412,1.4068307633812172,0.5436241610738255
2108750.472537262,0.16092733885584565,-0.11932441802635023,1.4424329828227187,0.5234899328859061
3413061.1221015747,0.27828829783565934,-0.08177727067416025,2.1035351066381467,0.5906040268456376
2133730.34194744,0.16366482455990994,-0.08993193000704107,1.5091505176612343,0.5436241610738255
2491857.932473248,0.20034104186659563,-0.07559389072685399,1.5462825077319395,0.5302013422818792
2315065.2468413487,0.18280362565205133,-0.06923356150312307,1.5220072673561211,0.5302013422818792
3068918.555900852,0.25140265665196915,-0.09747144925710388,2.0219194943199823,0.5503355704697986
2810010.2872034684,0.22953694233204192,-0.07551614364832834,1.755582505506089,0.5503355704697986
4205647.27966734,0.33280486483068406,-0.07935098186223162,2.226561999509918,0.5771812080536913
3869575.826023017,0.3107886501316208,-0.07692922451826835,2.432049924759525,0.6040268456375839
3117054.382734484,0.255303893585761,-0.14209941209153815,1.8080197986251711,0.47651006711409394
2950923.5869241543,0.24162827141269738,-0.08426620736362019,1.7756720003095303,0.5369127516778524
2801613.684927449,0.22880126570495873,-0.05647685101627582,1.916485165861384,0.610738255033557
3973696.4567284463,0.3177679413262302,-0.07390971528408065,2.6660538198763186,0.6308724832214765
3582738.3206047737,0.290752627496184,-0.07536060089637531,2.1561576936369096,0.5369127516778524
3020849.6663699215,0.2474576842898355,-0.07317762043065831,2.039089412096415,0.5704697986577181
2186923.494361946,0.16940977044417438,-0.083434015381856,1.6134575215427538,0.5436241610738255
1861120.5632307392,0.13228277739132976,-0.15763400631148655,1.1942204572702404,0.48322147651006714
3605449.456604975,0.2923849214039709,-0.06700685224468914,2.1157886106365495,0.5302013422818792
1688321.2176652441,0.11042956347069555,-0.0942926863494808,1.096010737633624,0.4899328859060403
4022227.006381352,0.32097109768840926,-0.06346004663837253,2.328536091249638,0.610738255033557
2115004.825073207,0.16161516325648018,-0.07764078182933852,1.5244778568599817,0.5302013422818792
2670153.8857071362,0.21704674241636845,-0.0890854744178002,1.7938427077446881,0.5436241610738255
2805541.524718276,0.22914562653543724,-0.08294833996436554,1.763778680610983,0.4966442953020134
2336635.3584938175,0.18499955934733636,-0.07293774643502372,1.454246420332184,0.4966442953020134
3739463.7183922892,0.30185274989015687,-0.06306523693888781,2.433106668592861,0.6308724832214765
2852991.202842594,0.23327545037222697,-0.08551054218562056,1.8183364046997235,0.5838926174496645
2298818.799803537,0.18113883226166583,-0.11529257323455812,1.5758769072824412,0.5436241610738255
2274591.3010647018,0.17863864015569098,-0.08504934689623199,1.3927204286072254,0.5100671140939598
4041811.755662012,0.3222549957342482,-0.07302847706566447,2.124471609579193,0.5838926174496645
2718994.1343680276,0.22146676338692406,-0.07919292564918409,1.88767548374091,0.5570469798657718
3319102.58108976,0.27117146398702396,-0.0609685675838199,2.2456574834006333,0.6040268456375839
3768325.931758992,0.3038561859598965,-0.04178587922645506,2.150087002461572,0.5973154362416108
2869689.622260451,0.23471574262703054,-0.10301106499853031,1.8274249527070554,0.5570469798657718
2689052.614439104,0.21876468041736374,-0.08805002012909426,1.896914400468318,0.5771812080536913
3196441.2884834227,0.2616338896260766,-0.08819230811756977,1.785844864821856,0.4966442953020134
3206194.680420742,0.26240288346900575,-0.05898729914896636,1.960538543799529,0.5906040268456376
2814149.457996118,0.2298989529238349,-0.07474765417712939,1.979301944575973,0.5436241610738255
2787844.9706309917,0.2275910794540834,-0.09140316836405202,1.715355391021772,0.48322147651006714
3118111.3188341316,0.2553890121573794,-0.058332012418345354,1.9352650631490236,0.5704697986577181
2031482.2530991964,0.15229215870762225,-0.05727904211821,1.3938670146078234,0.5302013422818792
2696587.0541970464,0.21944688609025031,-0.09838423449057648,1.6470155862664186,0.5503355704697986
2895549.453339901,0.23693306028572803,-0.06885199069071073,2.223049429467106,0.6040268456375839
3262275.3278896622,0.26678852964692634,-0.10327410115438822,1.866009352532321,0.5167785234899329
3544803.381084068,0.28800761372720296,-0.07940887490976395,2.067976779056944,0.5436241610738255
3551693.642636338,0.2885079414625611,-0.04380861708812422,2.537491470804131,0.6174496644295302
3077267.139069248,0.2520827717570906,-0.09575486763960303,1.940125195961195,0.5771812080536913
2988868.3774495604,0.2448050973356659,-0.060822989461375064,1.9927449607634247,0.5436241610738255
3169577.391042151,0.25950609091154675,-0.06945631057993805,1.940276400866622,0.5771812080536913
4847320.80070214,0.37119857279552915,-0.050065932682555006,2.5548355317773273,0.6308724832214765
3018043.7577771735,0.24722585855684098,-0.08105661762402108,1.9477789786111466,0.5704697986577181
4600701.651668196,0.35695302705591536,-0.05133385058891162,2.4099665711077094,0.610738255033557
3053226.9091576505,0.25012032523090677,-0.059461654608285404,2.0116346447257545,0.5704697986577181
3412368.6219443404,0.27823642143102867,-0.06981769576842455,2.0738901550820534,0.5570469798657718
3403291.01316335,0.27755562178123405,-0.04543540353045477,2.021908201846673,0.5704697986577181
2947194.584140774,0.241314310223258,-0.052267831240013926,2.1203205821414306,0.5838926174496645
2356914.0357784904,0.18704927891744494,-0.06030441533828037,1.6358915477693556,0.5570469798657718
2330240.7696073134,0.18435025875731426,-0.053776371851922536,1.8327391043653045,0.5570469798657718
3259361.3328954824,0.2665621394929212,-0.08327199505658628,1.900846594133848,0.5503355704697986
2034885.8971965804,0.1526780214538006,-0.06641754365367139,1.2755441245373473,0.4563758389261745
2068223.89990936,0.15643042847604605,-0.10103374238275277,1.4543060710334617,0.5570469798657718
3177709.9964172808,0.26015176496208436,-0.08926188065508521,2.0419579809483723,0.5570469798657718
2997527.977526909,0.2455255735898898,-0.05432578735313545,1.8486651699892553,0.5436241610738255
4048548.9022851246,0.322695505720064,-0.07039175690920078,2.269096826378492,0.6241610738255033
2473152.710875446,0.1985335257342855,-0.0757096606460584,1.570035113888552,0.5503355704697986
2212461.424477015,0.17212827227165817,-0.11871022389049232,1.451509007281502,0.5167785234899329
2088559.0689537404,0.15869558591916055,-0.08655349628273147,1.4476819192679315,0.5033557046979866
3510380.3413934456,0.2854963112269555,-0.0666951209006321,1.9949457995072508,0.5033557046979866
3728373.2813276504,0.3010796296917906,-0.06132565093017705,2.319195220038615,0.6442953020134228
2451641.602078276,0.19644130115278746,-0.08254786964472001,1.6139216425884826,0.5167785234899329
3810718.818324901,0.30677669574191513,-0.05400615646287114,2.3029538977917134,0.610738255033557
2220113.788768433,0.17293797396674693,-0.06391639918014215,1.4106949166349596,0.5302013422818792
1866387.9877209666,0.13292298023699,-0.12471494919365483,1.1612168920529986,0.4966442953020134
3596149.3696212843,0.29171750321729273,-0.054846103562687945,2.2628034500751077,0.5973154362416108
3169697.282243533,0.25951561908487,-0.07379141491392714,2.0125256251848076,0.5906040268456376
3714564.0341692297,0.3001144040190764,-0.0797658519903482,2.1599852427068043,0.5973154362416108
3318780.199952418,0.2711467695032179,-0.04948433059360634,2.4096266581938774,0.6040268456375839
3542604.2628998607,0.2878477637267651,-0.08020002018851737,2.186370887548525,0.5704697986577181
2443213.381637269,0.19561754566000844,-0.10643459196039176,1.626226851658823,0.5436241610738255
3064761.3716597757,0.2510634405769432,-0.07572202966930563,1.7963258502220507,0.5436241610738255
2261697.1628527585,0.1772993131543117,-0.1250381853283461,1.4411761553062998,0.5100671140939598
2289312.598320118,0.18016035040572853,-0.05717494798381949,1.5483861274558128,0.5369127516778524
2055120.6702170689,0.15496138822288397,-0.10971609891138386,1.425471288107452,0.5302013422818792
2142153.6455954136,0.16458213454846304,-0.08503092302233575,1.5775648489238716,0.5503355704697986
3263330.40046838,0.26687045902655515,-0.05871657302499975,1.9637532724184434,0.5369127516778524
2773614.998531735,0.22633531648906557,-0.055957458762017985,1.799042181766637,0.5436241610738255
2712223.7340127886,0.2208578567255155,-0.060742492690012785,1.7632030528381337,0.5167785234899329
3220842.2640505508,0.2635542454452231,-0.06203475292921207,1.9885575386925958,0.5234899328859061
2434715.2311503245,0.1947846504321724,-0.0986191309774849,1.7472671581648733,0.5436241610738255
3384089.560379841,0.2761107571697068,-0.09744190456893488,2.0965384951759263,0.5369127516778524
4008883.0238359026,0.320093451877252,-0.05879872568286611,2.437272678950558,0.6241610738255033
3785078.2624753467,0.3050134049793567,-0.07167385946219754,2.282366817391669,0.5704697986577181
3133803.7014887948,0.25665006441985483,-0.056969945719075196,1.963224790212669,0.5771812080536913
2031585.8435312696,0.15230391012782474,-0.09143818031249919,1.3818554307571793,0.4966442953020134
2623373.3007447277,0.2127520539837744,-0.07030162475551444,1.8659520178660443,0.5973154362416108
2282363.007113358,0.17944296395987314,-0.08569814053597612,1.5904785223593054,0.5234899328859061
2418438.087443477,0.19318282880440596,-0.0874320794301311,1.6771430759481893,0.5503355704697986
2652913.532778201,0.21547104920376503,-0.0812121852192036,1.870923416746523,0.5302013422818792
3668296.461442207,0.296859373443882,-0.05618845081777575,2.0908805820188836,0.5637583892617449
4066080.804643255,0.3238390910004798,-0.057509191859762866,2.6386066425707044,0.6241610738255033
2196309.555324809,0.17041184997531844,-0.1075487844786884,1.5589662328758325,0.48322147651006714
2287601.5833057,0.1799838890498786,-0.13581491234697607,1.4869103114576463,0.48322147651006714
2814021.7872178974,0.2298877932460459,-0.06168472524200447,1.878983454418994,0.5503355704697986
2067310.1536534212,0.1563282276686735,-0.10950853495907904,1.3698958942037989,0.4899328859060403
2112369.488872521,0.16132553995681964,-0.07889628422917079,1.4913512252165597,0.5503355704697986
2412190.312757918,0.19256569885768804,-0.08443531626164569,1.7367252551562105,0.5637583892617449
2471003.151445558,0.1983251103631507,-0.09478737911250419,1.5639151603844867,0.5167785234899329
2959435.352744648,0.24234372718128294,-0.058571656569492196,1.9136757850069874,0.5637583892617449
1663360.9265505583,0.107126635076084,-0.06943774017353904,1.094851825931836,0.5302013422818792
2688145.7421142985,0.2186824646152843,-0.050163103297060085,1.7595482207149178,0.5436241610738255
2823026.6684791287,0.2306739168461054,-0.07672314274213879,2.0090699551978837,0.5838926174496645
3053620.0098821297,0.2501525139881764,-0.07327400358150114,1.855165104200407,0.5637583892617449
2775439.650122807,0.22649662554597327,-0.07472755669513484,1.812797262786126,0.5838926174496645
3253608.843753457,0.26611474914584576,-0.06933964326936556,2.305043425995269,0.610738255033557
2630071.97140864,0.2133707643867222,-0.05624090199766303,1.637732983204311,0.5436241610738255
3191445.0678387326,0.2612392416130527,-0.0820582175094985,1.7866520032557451,0.5100671140939598
2090453.4549798188,0.1589057040636419,-0.07838158918782659,1.444437555051896,0.4966442953020134
3050471.3078756155,0.24989459176523598,-0.057302860154064966,1.943725437726836,0.5704697986577181
2842546.434864506,0.23237112366122958,-0.07308389387353519,1.8684237861716657,0.5637583892617449
2510815.4239695403,0.20216189384000605,-0.0820849387949045,1.6593348573745896,0.5234899328859061
2491364.815107371,0.20029353066107625,-0.07362954057876969,1.9390369268564294,0.5704697986577181
3032231.330130269,0.2483962807758524,-0.057055438606587676,1.9131872034220812,0.5570469798657718
2866092.4841809915,0.2344060456071546,-0.05781714464192746,1.9657782380467195,0.5704697986577181
2359553.2344994885,0.187315004065002,-0.10577583307211376,1.6967905542989263,0.5503355704697986
3783326.528611484,0.3048925905959161,-0.06737016475962415,2.447950633579084,0.6241610738255033
3096506.074108893,0.2536444641503701,-0.042756379968141085,1.8854074686880549,0.5704697986577181
2854652.7437526495,0.23341906528583634,-0.06305103164765323,1.7985087236879747,0.5436241610738255
2767948.0861322577,0.22583378896164308,-0.06889796702881802,1.757346537467477,0.5436241610738255
3267385.333566907,0.2671851389974509,-0.08682320415083004,1.9621304569711226,0.5704697986577181
3659022.981739263,0.2962030154416502,-0.06734192902337906,2.2578732037290377,0.5906040268456376
2755235.0527014597,0.22470567706710742,-0.07431725838837905,1.6987181414407624,0.5503355704697986
3009165.092426021,0.24649116046300068,-0.05572345964891517,1.6992612929156343,0.5033557046979866
2005610.5774308206,0.14934211913059614,-0.06194726066302703,1.5659997989656056,0.5234899328859061
2854165.27455068,0.23337693792854242,-0.11918821408626828,1.7762652039709814,0.5704697986577181
2680196.9936646186,0.2179608907652204,-0.09838053293965769,2.161205208384655,0.5906040268456376
5905783.57463132,0.4264465584034913,-0.04436852159025853,2.676916872381442,0.6308724832214765
2476818.6415222115,0.19888863020950698,-0.0890230916012768,1.5393786310974966,0.5033557046979866
3650081.166055575,0.29556887048684244,-0.08540408353277769,2.2406795431665207,0.5771812080536913
2414285.9166688193,0.19277283652200072,-0.12426242966660567,1.4356580460272115,0.5033557046979866
2667964.3285458055,0.21684707842548767,-0.07197217954629652,1.6106017794471201,0.5302013422818792
4199291.237893324,0.3324017644930184,-0.06323259986151354,2.265664590915708,0.5973154362416108
1703026.2370460692,0.11235719367873087,-0.09380297134332181,0.995209979537228,0.436241610738255
3903072.1275579245,0.3130501553139067,-0.052171411651062066,2.3584192494935454,0.5771812080536913
2770208.247454299,0.22603391393141248,-0.07171110773998306,1.6382281055385333,0.5167785234899329
2506749.2840698026,0.20177227316720026,-0.0775401104306327,1.4817804938565682,0.48322147651006714
2721091.5377349523,0.22165515058083085,-0.07415208846093325,1.9638700496440726,0.5637583892617449
2299913.625805287,0.18125131570135355,-0.07518808764408132,1.718581561842361,0.5570469798657718
3252468.559208409,0.2660259902577913,-0.0639816769407132,2.092791997198088,0.6040268456375839
2587458.584122554,0.20941313610061085,-0.07166045511437422,1.604481387946074,0.5436241610738255
3076068.6702160663,0.25198522962269876,-0.05939580298908041,1.8434322142522486,0.5302013422818792
1985511.4247872643,0.14702921100888622,-0.08952579734684972,1.2684236139741896,0.47651006711409394
3108206.8029378047,0.2545904615134553,-0.10394118806645807,1.8579507634872636,0.5637583892617449
4673988.774781727,0.3612488723841707,-0.04634417417926804,2.4983967658952753,0.6375838926174496
3915437.925241012,0.31388110971145733,-0.042344183500000035,2.3159264403938047,0.6040268456375839
2709392.1471250188,0.22060283280532333,-0.08066841343988172,1.7570149656863443,0.5369127516778524
1982961.7039620238,0.1467344650148601,-0.09046402631396211,1.2922836933389072,0.5167785234899329
3602492.0588478916,0.29217283406379346,-0.05697471214369863,2.2948646008309663,0.5906040268456376
2632865.115832433,0.21362837566396986,-0.061978843442730115,1.6229603511055333,0.4966442953020134
2603637.8437915742,0.21092184819900583,-0.07171936288375617,1.5041501744456693,0.48322147651006714
2312300.4524028176,0.18252097511290533,-0.05565777374032893,1.5253056128768732,0.5100671140939598
4460558.433647134,0.3485835150679286,-0.05527545373475775,2.337740029150271,0.5973154362416108
2764057.393321373,0.22548898288975328,-0.08806900766844054,1.7331582646085668,0.5570469798657718
2616665.069690366,0.2121311926663807,-0.043764652232135055,1.9306674175810115,0.5704697986577181
3169862.561991936,0.25952875397216557,-0.06812730338035117,1.756809680445366,0.4966442953020134
2332479.328964597,0.18457772196235323,-0.09195275310002297,1.7520335642842664,0.5436241610738255
2483645.7310414156,0.19954882473592783,-0.10166659116784171,1.60386335117464,0.5033557046979866
2411048.161575484,0.19245274356022501,-0.09419105613180025,1.520376783267683,0.5234899328859061
3540155.9778212393,0.28766970881527465,-0.07214129176341394,2.0186948284616015,0.5704697986577181
2557451.986683109,0.20659493470609003,-0.08972745102237822,1.662579841076845,0.5100671140939598
2143873.0580676696,0.16476902632126045,-0.10037036238710396,1.3618319576547482,0.4966442953020134
2520259.4801986343,0.20306488665981015,-0.08334731891069407,1.8491787082242532,0.5503355704697986
2915171.590979273,0.23860498792428309,-0.060361060772092634,1.9654443250446323,0.5704697986577181
2842329.9991968847,0.23235235617953331,-0.09044257777893482,1.719992769705272,0.5234899328859061
2914000.855712121,0.23850548698628327,-0.05742895341878419,1.8504996091864323,0.5838926174496645
2464985.129905408,0.1977408470877673,-0.06972150145515237,1.6264815241016222,0.5570469798657718
1642147.5814228444,0.10428821402370025,-0.1061383622249386,0.9980206063131116,0.4899328859060403
2355979.9800054585,0.18695517739137357,-0.09817001715609674,1.6728698243578644,0.5503355704697986
3736342.6565804738,0.3016353647044627,-0.0878447278733873,2.2350349097380593,0.5973154362416108
3383911.500422383,0.2760973279146264,-0.08640504481658841,1.8648839606302599,0.5637583892617449
4278512.341703542,0.3373914974449146,-0.050355416152001814,2.441608973465106,0.5973154362416108
3804040.132136789,0.3063183215239107,-0.06104746777571272,2.1156687551580644,0.5771812080536913
2456215.1596140834,0.19688736263824835,-0.09778908529986333,1.4945530225609416,0.5100671140939598
1445637.4852753258,0.07649466088505119,-0.14501539481934275,0.7272846292445598,0.44966442953020136
2696781.8967050016,0.219464507863105,-0.07922866012325577,1.7025671061466412,0.5234899328859061
3935892.9291053484,0.31525104370518786,-0.0885688795881727,2.112434452231123,0.5838926174496645
3096492.586236157,0.25364337201452125,-0.08217301203249784,1.9333173679004287,0.5369127516778524
2880265.1631201473,0.23562445279709832,-0.10676154678910674,1.9173768574969339,0.5838926174496645
2839895.6537017655,0.23214119141825185,-0.09447953833745745,1.7010618998853957,0.5302013422818792
3076642.746962457,0.2520319569253755,-0.053002761512050564,1.87238071337407,0.5771812080536913
2580374.6485988777,0.20875018423758762,-0.04886032232029258,1.5606862831930282,0.4966442953020134
3277220.876534684,0.26794712282079036,-0.04767749762389957,2.158967703744277,0.5637583892617449
2168458.374799141,0.16742830273787113,-0.11474768563580397,1.4205733959844882,0.5234899328859061
3014599.98235558,0.24694109611697002,-0.0532950439506792,1.863193973080452,0.5570469798657718
2581322.209836988,0.2088389462798883,-0.062161402061626486,1.5866886850978756,0.5302013422818792
3485729.781631768,0.2836858185926585,-0.09133493213057042,1.9152085730083854,0.5369127516778524
2221252.951555599,0.17305831853128106,-0.08470381520904098,1.5323314047629168,0.5436241610738255
3048621.3066348755,0.2497429517431764,-0.057485407371366835,1.9147460907426643,0.5771812080536913
2012519.7943464331,0.15013291412024588,-0.0823197627321494,1.3453246296995196,0.48322147651006714
4669415.471749208,0.360982383017308,-0.05484731250314747,2.268980059173643,0.5973154362416108
2255793.109391664,0.17668401350047835,-0.11103715939702266,1.4009738884755216,0.5302013422818792
3531817.120905278,0.28706251382586023,-0.05580839797983486,2.2226880533155398,0.5973154362416108
3049072.9609476044,0.24977997952004127,-0.07692804395194289,1.8393798774861987,0.5570469798657718
1441163.9641414876,0.0758275927367138,-0.25866784057464726,0.7007623615105525,0.4429530201342282
3640871.6475622086,0.29491443980422827,-0.07752739474771107,2.0441639302403147,0.5234899328859061
3667241.606679533,0.29678477992720853,-0.05010586040329791,2.300427131212498,0.6174496644295302
3476702.355534433,0.28302022469879984,-0.05726056919712708,2.122638587196689,0.5570469798657718
4091002.876966407,0.3254579580482071,-0.09638560950282933,2.187771621958363,0.5771812080536913
4010993.7167632873,0.32023242950664965,-0.05547975051621783,2.055207227743167,0.5771812080536913
6143610.537281675,0.43775449920505816,-0.03936953007413204,2.605533354723955,0.6040268456375839
1811857.0837172891,0.12622402507488828,-0.08023385177357656,1.22420541764366,0.4697986577181208
3311134.131664914,0.2705605152994468,-0.09547249364423767,1.9783312667370496,0.5570469798657718
2890590.1988390773,0.23650906665192606,-0.05301943718201521,2.09325283862574,0.5906040268456376
3818974.432819563,0.30734241095386894,-0.05460482519098885,2.0797805920903483,0.5704697986577181
2328747.414012622,0.1841984195425781,-0.06928658547524351,1.5601692496956427,0.5503355704697986
4021870.55592614,0.32094768392084516,-0.055229713776409554,2.389534548188316,0.610738255033557
4183088.1656964053,0.3313719526130481,-0.03551226176571998,2.4957217983975903,0.6375838926174496
3650432.395052018,0.29559380274560465,-0.0482438568976972,2.167487680468983,0.5637583892617449
2870224.3336051907,0.2347617522935843,-0.058993954773692014,1.821200693652537,0.5771812080536913
4317276.508458208,0.3398061684880911,-0.07180583037163948,2.0928818322050757,0.5503355704697986
2928494.9805240734,0.23973509844370078,-0.11244337431228663,1.7183147732911188,0.48322147651006714
1407524.3382185532,0.07075764199628232,-0.12913258039079636,0.7750523443079312,0.4563758389261745
3177898.638241166,0.26016672615634295,-0.1263473346586945,1.9013495329427608,0.5570469798657718
3587064.21398709,0.2910641748635441,-0.03688386023886068,2.143368442340116,0.5771812080536913
3134250.3944597724,0.2566858870049138,-0.08783490311364223,1.966063182778252,0.5704697986577181
2706631.0126128383,0.22035394869335034,-0.08391008301997373,1.7968550474961797,0.5503355704697986
2900150.0912419218,0.23732587470419308,-0.09166732147232017,1.8082091037942098,0.5436241610738255
2830272.0806559017,0.23130498419549483,-0.08930026492088232,1.8178543748265206,0.5436241610738255
1851601.859822408,0.13112218829128697,-0.13310265881199104,1.1933708761091246,0.4966442953020134
2447035.746494326,0.19599141634004358,-0.06521941191776742,1.7733443522263883,0.5436241610738255
3226380.975069785,0.26398852022538155,-0.07831602787281919,2.022969014896414,0.5503355704697986
3640824.1143462136,0.2949110586485515,-0.07017255556978287,2.031307356816066,0.5906040268456376
2671281.707589934,0.21714953649940472,-0.0761377696761159,1.715955995985786,0.5704697986577181
2753223.5723734163,0.22452680368348532,-0.1073932644595584,1.9577940552703372,0.5771812080536913
1523283.986821781,0.08781783613022331,-0.08175615629741047,0.9847039857137388,0.48322147651006714
2598760.116221404,0.21046779287976047,-0.06700745924858909,1.7346161202015595,0.5570469798657718
2188867.2703932486,0.16961757496784036,-0.07023288971447507,1.5147290955435573,0.5302013422818792
2968820.0416902453,0.24313065085691887,-0.0549981516197334,2.0501787286982,0.5503355704697986
4234093.50714108,0.3346029761226361,-0.0646254127056911,2.2453236115889963,0.6174496644295302
2871059.5303594912,0.2348336037501102,-0.057545072677245894,1.8923098635318287,0.5637583892617449
2544706.5215094658,0.2053898788545523,-0.07317192078876449,1.5863007156616997,0.5302013422818792
2722041.7755839056,0.2217404619954162,-0.07700545886249756,1.929132646884583,0.5771812080536913
3216941.920740061,0.2632480718491568,-0.044126365082400996,2.2505083055496127,0.6040268456375839
1540466.1554204002,0.09026088734382154,-0.10916792040767194,0.9099734424764618,0.4697986577181208
1890757.8177948925,0.1358662118457299,-0.09746019216511322,1.1905569067727442,0.48322147651006714
1589196.502660727,0.09707298316070467,-0.09611381901483167,0.9888382638859882,0.47651006711409394
3232678.327755164,0.2644815540220622,-0.04072691791720047,2.0659681767473472,0.5704697986577181
3192805.3408077224,0.2613467375710634,-0.08361259804683226,2.124683611374616,0.5570469798657718
2950547.395081494,0.24159661256191578,-0.07928275526556472,1.9734820957039545,0.5771812080536913
3003321.432776163,0.24600665830993318,-0.07831534793655012,2.0683223415018577,0.5704697986577181
1915162.067754853,0.13878334349192234,-0.08933342793518988,1.163530981771401,0.48322147651006714
3127138.48041933,0.25611506056130073,-0.061904447628386185,1.9362107390076249,0.5570469798657718
2704624.6624098043,0.220172972144002,-0.061492348375167115,1.9843289346350084,0.5838926174496645
2730579.815333242,0.2225059319219329,-0.06196177738861128,1.8523844206409579,0.5906040268456376
3072427.073343204,0.25168865717959865,-0.056815609578012266,2.1050112314805647,0.5973154362416108
1577194.0528126466,0.09541081941823015,-0.07547375618099074,1.0716143720792293,0.5167785234899329
4745055.856576515,0.3653634278829303,-0.056367717559000004,2.3215413626343784,0.5906040268456376
3886649.55124417,0.3119433322728662,-0.04781939348279294,2.141762165047008,0.5637583892617449
3031070.6877547232,0.24830069680736422,-0.11635693775821697,1.8180607925572019,0.5234899328859061
1782658.4967784768,0.12257051416942133,-0.11147118853628193,1.0709001078390814,0.4228187919463087
3904314.7131039696,0.3131337494345605,-0.09321183097416429,2.121591613396935,0.5637583892617449
1785939.364847671,0.12298341405106328,-0.16363181521461936,1.1762310871833013,0.4697986577181208
4056700.793362629,0.3232277357155704,-0.053828153832574145,2.33254753026037,0.5704697986577181
2330637.8080897233,0.18439061515228583,-0.10405166645897505,1.5904310538959088,0.5167785234899329
2106416.3934603417,0.16067022956392774,-0.14423238367633617,1.3600047324814928,0.5302013422818792
2241197.742620309,0.17515738804444458,-0.07899446661636433,1.4715063551507248,0.5167785234899329
3450060.1638821904,0.2810477963145972,-0.0698585156548706,2.0429928839877216,0.5570469798657718
3633317.5786565305,0.2943766564307264,-0.09445720716923406,2.2115107927454623,0.6174496644295302
3416575.3158083134,0.278551422553863,-0.06925985998338541,2.055467322073161,0.5436241610738255
2672248.9048594483,0.21723766297785985,-0.07054902538206723,1.8473394694240306,0.5503355704697986
2996933.4385726876,0.24547616139191764,-0.06660131837826141,1.994363980729158,0.5704697986577181
1982079.301036328,0.14663238921532185,-0.10666677674043448,1.3016477853953612,0.5234899328859061
3108707.603604501,0.2546308873467493,-0.06231400906170569,1.8727998499286531,0.5838926174496645
3518256.5496666003,0.28607264547624034,-0.07998082310175021,1.9519903837469057,0.5637583892617449
4256049.612639638,0.3359842442452574,-0.07468427946808519,2.1326044948921896,0.5302013422818792
4168511.712830829,0.330442792797929,-0.04939783479389302,2.2379258530584853,0.5771812080536913
1772179.4481263035,0.12124763277364403,-0.19689881996965053,1.12676134296209,0.47651006711409394
3023841.5423833313,0.24770468506356758,-0.06190642796298541,2.132528789722055,0.5637583892617449
2232075.9683100935,0.17419923833929185,-0.11897260418181652,1.4279097223858648,0.48322147651006714
2602905.6180513366,0.2108537305912268,-0.07316164371765531,1.741555668900663,0.5637583892617449
2626834.5539460075,0.21307190387696107,-0.04677703312751504,1.866281431774853,0.5369127516778524
4346076.336097301,0.3415889422363203,-0.07367788050721248,2.395741429984885,0.610738255033557
2466191.311218799,0.19785804129906248,-0.10634795313123901,1.7997745513561525,0.5503355704697986
2812677.244895523,0.22977024246292665,-0.06642737576501151,1.6934728690035852,0.5167785234899329
4532274.152673432,0.35289232930783343,-0.10224328580328497,2.1779586290008885,0.5973154362416108
3667808.108038811,0.29682484191550196,-0.051335721926985815,2.3037199389894867,0.6040268456375839
1730076.879199827,0.11586866045968058,-0.1022270832891418,1.186898559479954,0.5033557046979866
2890388.533186898,0.23649181284911802,-0.05376639142412042,1.8619142370208586,0.5503355704697986
5761311.106942048,0.4193982501633231,-0.059888368970630886,2.60213544734946,0.6308724832214765
2685922.501005912,0.218480814705307,-0.0834996564466961,1.7096352921599867,0.5503355704697986
3320934.8603510954,0.27131178064867045,-0.04690837406232288,1.8950406001473692,0.5503355704697986
4469681.836980663,0.34913472934881074,-0.05016686339725107,2.2871091862283577,0.5704697986577181
2341052.9894138738,0.1854472917105663,-0.08098664771044109,1.3741647847749696,0.46308724832214765
3431679.8926332393,0.2796799161852692,-0.048074336030720005,2.0993631180748986,0.5704697986577181
2185034.6133420956,0.1692076930091011,-0.05474721902959384,1.5057875386361144,0.5100671140939598
2613677.9555409946,0.2118543189645803,-0.15752206600237686,1.7919830519916589,0.5704697986577181
2575182.9235554026,0.20826339017889883,-0.06944234888969203,1.8680761628612241,0.5167785234899329
3032956.912732055,0.24845602080452123,-0.05098845786138229,2.1991890873125657,0.5838926174496645
3006612.821354849,0.2462796424427225,-0.10068899272428306,2.0901058810194817,0.610738255033557
2199552.382961817,0.17075726615723652,-0.061438857892513146,1.710769763260043,0.5369127516778524
2412277.8166122404,0.1925743509595108,-0.08834129922704503,1.5541994559436565,0.5100671140939598
2707715.5286036567,0.22045172938774038,-0.06719300411712564,1.669358372180932,0.5234899328859061
2720697.96629976,0.22161980914642343,-0.09195428708402786,1.739047330371308,0.5503355704697986
3582196.871292344,0.29071361156413955,-0.054142666576699146,2.1378665069204255,0.6040268456375839
3266010.3000051547,0.2670784655995586,-0.06614360710304046,2.1006958900940926,0.5637583892617449
6097268.65220202,0.4355788989922915,-0.05639045188239588,2.6816893326222657,0.6308724832214765
2661254.556345758,0.2162344021172855,-0.08196733313879535,1.570002948871429,0.48322147651006714
3609134.7409147304,0.29264901384606823,-0.05464854026512016,2.36478470914526,0.5973154362416108
3095610.882819096,0.25357197074158044,-0.058432242365479586,1.9307199310204504,0.5570469798657718
1746266.1623758953,0.1179492469389285,-0.15449466557522282,1.0118040809301485,0.4228187919463087
2774039.7766841953,0.22637287675188,-0.07066111499390368,1.920496516040875,0.5436241610738255
2017287.551233449,0.15067734257153398,-0.12630179217954518,1.276944083838898,0.4899328859060403
2523116.3592972197,0.2033375136320954,-0.06442992755874848,1.9021124099036142,0.5906040268456376
2564578.51660635,0.2072666397022236,-0.06276606563453302,1.806896207418024,0.5234899328859061
2568646.0118164485,0.20764934889936115,-0.06409436006804219,1.5834791485678064,0.5234899328859061
2391630.8825953286,0.19052585226455432,-0.07476329772276027,1.526525327140317,0.5637583892617449
2823460.2888259063,0.23071172112703175,-0.06982650917009484,1.7276495921094261,0.5033557046979866
3218470.4722772837,0.26336809719836607,-0.07137729692559777,2.001412042787894,0.5906040268456376
2606149.2167928778,0.21115536022895598,-0.08104942512182185,1.6931288271366212,0.5436241610738255
3013858.1167478175,0.24687971790475083,-0.07451955994859323,1.9689607577025434,0.5436241610738255
2796409.5321468557,0.2283444128282981,-0.07381380080034197,1.6643043339163708,0.5167785234899329
3373768.538056369,0.2753314122690047,-0.038712739497329986,2.404188948388208,0.6174496644295302
1792425.3531377981,0.12379789852946521,-0.12204142491292685,1.1575501055750965,0.47651006711409394
2692548.581342721,0.21908141256075409,-0.0656375778544535,1.8525367543615183,0.5570469798657718
4265670.864780614,0.3365877256512497,-0.051902518837031765,2.2662280028942687,0.5771812080536913
2929421.3137331693,0.23981351841866694,-0.06668287897998357,1.8690932265766869,0.5771812080536913
2823737.2715709545,0.2307358668560573,-0.07947030355321347,1.6539488556512656,0.5302013422818792
1983022.6739667275,0.14674151664331236,-0.06646488408454258,1.2197213463029,0.46308724832214765
2136976.438020594,0.16401867164156325,-0.1033666000029953,1.3926615714216641,0.5100671140939598
1962944.731202692,0.14440992168378242,-0.09186613662822984,1.349339276430326,0.5302013422818792
3181080.1729421094,0.2604189468875633,-0.08783483479630907,1.9052792679275041,0.5637583892617449
4295317.579690646,0.33844045802661005,-0.04685198128564543,2.2863767620315683,0.5771812080536913
3376533.4620415946,0.27554037971903744,-0.07149226019837226,2.096688950491222,0.6040268456375839
1676385.607671891,0.10885506537441847,-0.07451286246052818,1.0481106248655572,0.4966442953020134
3566708.8175357226,0.28959556555797317,-0.10042175203497004,2.001201252219214,0.5167785234899329
2158824.006158342,0.16638908732445779,-0.0915010595114734,1.3693977619151123,0.5369127516778524
2800773.0428283825,0.22872751491737708,-0.06553763436349275,1.8236602285673578,0.5369127516778524
3250739.560166837,0.26589135877473,-0.052177266192529846,2.1886811893660347,0.5637583892617449
3372110.870521468,0.27520606335611975,-0.0596840671498404,2.0760575087577946,0.5637583892617449
2483242.1455525034,0.1995098375355222,-0.05802205493128779,1.5657385679138165,0.5167785234899329
1792639.1178266876,0.12382470208350993,-0.06964684192525963,1.3106792113590413,0.5033557046979866
2478979.2070140946,0.19909771891850592,-0.06023813580753727,1.6393745741322148,0.5234899328859061
4101049.3330406575,0.32610831662122575,-0.05360074210824995,2.4052013485471546,0.6040268456375839
3502240.311770839,0.2848995840179642,-0.08666929397076809,2.2885886723906443,0.5906040268456376
3543401.0956946323,0.28790569325772686,-0.06910160064558181,2.0392826729342652,0.5973154362416108
2596912.2980078706,0.21029560608568687,-0.08581335139260418,1.791825149983133,0.5503355704697986
3551323.246711955,0.28848106538325524,-0.04191928548507563,2.198578669925792,0.5838926174496645
2195781.3164129825,0.17035554492775207,-0.09151504157039876,1.5004115544664887,0.5570469798657718
2005410.9665073222,0.14931924027481847,-0.07592160300139675,1.3386441079639706,0.5100671140939598
2688365.52151703,0.21870239155161642,-0.06466561987873189,1.8211411874174428,0.5570469798657718
2243626.6176979817,0.17541199065357382,-0.07052160865190471,1.420302728196894,0.5503355704697986
3022285.786841415,0.24757627072339683,-0.05633148174584635,2.0715656988989815,0.5637583892617449
1848957.7726418274,0.1307989551444173,-0.08420157327482979,1.253271150047658,0.48322147651006714
2109175.5936984476,0.16097414334895355,-0.07758441741919356,1.6411591097454428,0.5436241610738255
2949041.1782638263,0.2414698228220593,-0.08419177461366381,1.8671201891443665,0.5503355704697986
2281997.458939801,0.1794051811143107,-0.08435834384807353,1.8665980444123766,0.5637583892617449
1838038.6647698928,0.12946019156666866,-0.10715311650068568,1.126817836785487,0.4563758389261745
2408883.574589147,0.19223855496308695,-0.10713947312552696,1.4909638583377698,0.5167785234899329
2853619.871394102,0.2333297970635957,-0.10445203470755188,1.7155091756552134,0.5234899328859061
2693009.6924596494,0.21912316434139534,-0.08659828362999049,1.6945336191383105,0.5234899328859061
2753569.5678547425,0.22455757920416874,-0.054759806446716616,1.9757223479420634,0.5570469798657718
2285530.2087193145,0.1797701215473939,-0.08807689507022222,1.3840239918507287,0.4899328859060403
3121545.363739312,0.2556654079564593,-0.07318486275811854,1.9223285414493863,0.5503355704697986
5420869.674748141,0.40221236752071987,-0.05837870671617132,2.5746666037379855,0.6241610738255033
1951475.7684982773,0.14306948888573934,-0.12681974392577686,1.2934901197267565,0.5167785234899329
2694498.9733579103,0.21925797375946598,-0.05131736440544549,1.8725758894434368,0.5704697986577181
2649127.699504572,0.215123944060732,-0.09476198554567986,1.7777721863673412,0.5369127516778524
2623831.151710468,0.21279438276250917,-0.06113139003442726,1.6849585206505953,0.5503355704697986
2285994.097588854,0.1798180087115253,-0.09511958787787082,1.7996193589295482,0.5704697986577181
2832055.8546122867,0.23146015063933012,-0.06851759462048566,2.0287693652733014,0.5570469798657718
2697455.05834863,0.2195253815126903,-0.08503893022491155,1.7151487992427346,0.5570469798657718
1816280.782680427,0.12677343017552567,-0.09969375006009104,1.3434606035031686,0.5302013422818792
3648292.1475439067,0.29544184584654487,-0.07618148455740505,2.1777235638897405,0.6040268456375839
3038887.156481794,0.24894385265073238,-0.10165990139659703,1.9361162788317765,0.5704697986577181
3417932.3822411667,0.2786529747488895,-0.08545124413277945,2.038313048378924,0.5436241610738255
1816245.78579702,0.12676908791053343,-0.0649885470248011,1.3325893656727292,0.5234899328859061
2334024.939845519,0.1847346717874767,-0.06106050786594626,1.4028903067439975,0.5302013422818792
2248698.015507486,0.1759428810848136,-0.09339267704252872,1.4568915089051695,0.5167785234899329
3427181.842147059,0.2793442738576819,-0.04923961875355831,1.8676348224921535,0.5369127516778524
3760337.585376359,0.303302916513305,-0.06597463165916301,2.081462409500765,0.5906040268456376
3117314.9134079474,0.25532487712952445,-0.08717838419635279,1.9897399575954697,0.5503355704697986
3082680.5051378612,0.2525229817048005,-0.09695464532813867,1.9998034847161066,0.5906040268456376
3249354.5429778793,0.265783470699543,-0.0943740814431721,1.786839402960541,0.5167785234899329
2463131.5324430745,0.19756065959223879,-0.0734196739634379,1.6419229714805696,0.5033557046979866
3199321.413332682,0.26186116451487074,-0.08130367299641489,1.7000157964179157,0.47651006711409394
2273339.5231578886,0.17850888333314585,-0.06122243196624258,1.658968593468619,0.5838926174496645
3443463.9245744273,0.28055756905968465,-0.07597745512163785,2.2134487797716353,0.5906040268456376
3012668.3995653475,0.24678126147737456,-0.05791417630879321,1.800127943395137,0.4899328859060403
2284600.5075630965,0.1796741252527796,-0.17600342472973518,1.4662879327612173,0.4697986577181208
3282508.218691643,0.26835599047270287,-0.06716133866033985,2.0269369087820417,0.5637583892617449
2993511.686046835,0.24519162662005356,-0.07921045160177265,1.8223456548571624,0.5302013422818792
2748363.2974232608,0.22409416581320052,-0.08157274276346155,1.7731208943309513,0.5570469798657718
2178135.5611812086,0.16846842492048641,-0.14387249464696483,1.3679966998151827,0.4966442953020134
2596342.3868007613,0.21024247979508792,-0.06404369168320286,1.713308018240566,0.5302013422818792
2596318.5975899734,0.2102402619967636,-0.06658958811679169,1.7274378717509387,0.4966442953020134
3247296.15752384,0.2656230615659181,-0.05952821100475964,2.1814965108679463,0.6241610738255033
4069307.5484513394,0.324049137700299,-0.0656039989501735,2.509116671288264,0.6241610738255033
3599864.7414848423,0.29198430129909125,-0.04708336395963176,1.9774498920747718,0.5369127516778524
4772700.0737484135,0.36695062737791106,-0.0465993743745669,2.4455462455406316,0.6241610738255033
3588757.2807774963,0.29118602633772683,-0.07300494149197827,2.086194354177763,0.5838926174496645
1897373.8176431635,0.13666000938274192,-0.07847128721124874,1.2460782187602688,0.47651006711409394
2826898.396143032,0.2310113010089394,-0.06404805454425089,1.8035155868978272,0.5436241610738255
1871828.9476140013,0.13358275870336622,-0.13439593289631002,1.1317103387355603,0.4697986577181208
4497658.350383624,0.35081941035491204,-0.07128989170611029,2.458445022047327,0.6040268456375839
3597211.9793070364,0.29179383093261024,-0.08958550757321372,2.1668792321181427,0.5838926174496645
3906009.6023990675,0.31324773768279757,-0.0868413654368679,2.066286633784426,0.5771812080536913
2157416.0607645656,0.16623690810891012,-0.07656357977163804,1.4133606955979743,0.5369127516778524
3502712.586659106,0.28493423572795984,-0.049963128656440134,2.1309416438229496,0.5838926174496645
2052466.1630394545,0.1546628715880085,-0.08537872841622508,1.3903572843762912,0.5302013422818792
4159623.607254986,0.32987495395507094,-0.0673183178189211,2.69225187532395,0.6241610738255033
3081250.650919674,0.25240676741430845,-0.0863493340217828,1.874644413290312,0.5369127516778524
3013904.749406797,0.24688357641132663,-0.06332569370821886,1.9818933686735558,0.5771812080536913
2125341.27275637,0.16274835885292083,-0.07417087802561559,1.500515224944241,0.5369127516778524
2105649.2106190408,0.16058567116035083,-0.09116335893711303,1.2976330479178861,0.44966442953020136
2561014.344136618,0.206930888583007,-0.09925512885355016,1.7736252499744638,0.5503355704697986
2320087.547349867,0.18331637553009128,-0.05742160215568002,1.5697934293752396,0.5369127516778524
4075101.143094043,0.3244259408321686,-0.08945177231102594,2.4703649601238404,0.6174496644295302
4045456.0048922393,0.3224933487362782,-0.04899099942508685,2.3944008121011375,0.6308724832214765
1935558.1946374944,0.1411986432911978,-0.06691646311116178,1.23738450812291,0.5033557046979866
2481690.1035459447,0.19935985979290094,-0.08195024571178655,1.6606395200158128,0.5234899328859061
2361755.1893079667,0.1875365238487523,-0.053279056717022336,1.7693180645833748,0.5771812080536913
2174637.9228840317,0.16809291959447892,-0.09637128149968985,1.4121775239865186,0.4966442953020134
4378313.913380676,0.3435733446411475,-0.04834390433757736,2.286234551687793,0.6040268456375839
2749455.4360061176,0.2241914359245274,-0.12368440959259873,1.7072696844114945,0.5503355704697986
3604890.8988680383,0.2923448755598752,-0.06906081978259726,2.169577673984575,0.5637583892617449
2514488.6103084637,0.2025134276771794,-0.06608450535964137,1.6951996716984548,0.5234899328859061
2472942.7084408547,0.19851317086444475,-0.10048725849813897,1.7024334402545491,0.5436241610738255
3045030.4876488955,0.24944841096221482,-0.08337858944328261,2.145204789041999,0.5973154362416108
3274176.416076086,0.26771145667293084,-0.09231471074556323,1.8745877399601145,0.5234899328859061
2814445.154373157,0.22992479813110522,-0.13477286819120463,1.6748272696762032,0.5100671140939598
3080859.808708027,0.2523749934157482,-0.1037596987141155,1.953644950477314,0.5637583892617449
4115762.389228914,0.32705847182511816,-0.06369752737000636,2.2489115867266114,0.6040268456375839
3063951.304157064,0.250997298200466,-0.04237429033979494,2.1564329384957435,0.5906040268456376
3623701.427921608,0.29369077534106913,-0.07992301770053327,2.25779086590992,0.5838926174496645
1799565.2002601589,0.1246917701891761,-0.14251289342712564,1.0913712616075089,0.46308724832214765
3922838.9207005124,0.31437743653172334,-0.04966057529343352,2.3618993977057317,0.6174496644295302
2819666.6180604566,0.23038082032221618,-0.05038967043189293,1.853866607268295,0.5234899328859061
2256088.1669833823,0.1767147939285476,-0.11019849301592358,1.7826313735828163,0.5704697986577181
2132078.613686097,0.16348460933167464,-0.09486936813579967,1.2933278974687301,0.5100671140939598
2652471.4999809973,0.21543054174857668,-0.08809325869207535,1.9195436991267576,0.5771812080536913
2437496.407604196,0.19505748641982312,-0.08289209710699395,1.6802586734763751,0.5838926174496645
2686424.9128875635,0.21852639557665476,-0.05945964185857306,1.7198863723444744,0.5637583892617449
2726570.7130189184,0.22214673844466848,-0.04518151581802663,2.0230486167832784,0.610738255033557
2293801.739933278,0.180622826026823,-0.0641002612354398,1.7393029762724723,0.5771812080536913
3013269.7716610106,0.2468310326105403,-0.11764010657334896,1.8292448345429146,0.5570469798657718
4343803.384965822,0.3414485855567375,-0.05380180198386069,2.448520202972437,0.5973154362416108
2808492.351931986,0.22940407727417633,-0.09335111468426555,1.8138157768430831,0.5436241610738255
3676594.2071703062,0.297445546671814,-0.07914077096593779,2.1000236335280635,0.5570469798657718
2507047.3636854813,0.2018008525534305,-0.07223568286391882,1.573712232801217,0.5100671140939598
3083131.960510788,0.2525596656950786,-0.0688073936190347,1.9805678078280138,0.5637583892617449
5048749.112268459,0.38240965380990577,-0.06399984087089998,2.5062054480975515,0.6040268456375839
2541575.696873205,0.2050931277041752,-0.1176140425324466,1.7342123273535945,0.5906040268456376
2898095.0993423527,0.23715047580700177,-0.059808768267886926,1.975601094606465,0.5704697986577181
2072921.7578604554,0.15695530554815806,-0.07366986294605589,1.2843071368724188,0.47651006711409394
3385623.2111954666,0.27622640148613486,-0.06372477529163756,2.111524171047752,0.5704697986577181
2864702.362841784,0.2342862792558209,-0.11302081451916861,1.8531383943853519,0.5637583892617449
3058917.908282769,0.2505860053452591,-0.07017209878272676,1.9512464940557195,0.5570469798657718
3379094.607888775,0.27573382392776447,-0.04852110580301054,2.061210320029114,0.5704697986577181
2852920.1823364226,0.23326931023980713,-0.06652599561796219,2.11833763635157,0.610738255033557
2479660.8127639703,0.19916365105888478,-0.08582519832426423,1.8465813044836594,0.5570469798657718
3197105.869846028,0.2616863472545443,-0.09202682411213749,1.8505130184536687,0.5234899328859061
2211919.2454175097,0.172070819002623,-0.10905046361508984,1.5190832186460872,0.5234899328859061
4454161.966858958,0.3481965176977033,-0.07692807043927352,2.298253317287136,0.6241610738255033
2686185.409880792,0.2185046677299447,-0.08773220739700967,2.019882289600392,0.5771812080536913
2396688.3642840106,0.19102893793703446,-0.06436280290820044,1.730206623689104,0.5906040268456376
4677297.70153498,0.3614415556814268,-0.06673732835308865,2.489928800541686,0.6308724832214765
2877163.723941109,0.23535823663062283,-0.0744088422200839,1.8317814931511542,0.5637583892617449
2322245.0744442563,0.18353637481520413,-0.07955239837493332,1.484760758643506,0.5167785234899329
2358315.2342488444,0.18719038684206146,-0.11553267048608205,1.698141514319507,0.5302013422818792
2446238.874831537,0.19591351181103156,-0.07211001039736285,1.6218245417686645,0.5503355704697986
2133909.00289697,0.16368431104286185,-0.056794752111880065,1.6754993449869169,0.5838926174496645
4183422.8802058925,0.33139325817631016,-0.06528007075974096,2.3178076175177784,0.610738255033557
3136153.3336755265,0.2568384476493162,-0.12358346914367276,1.8677809531402136,0.5436241610738255
2357560.9005593252,0.18711442987983817,-0.06334682224754921,1.5247378058299306,0.5234899328859061
2706566.6411603983,0.22034814393436197,-0.10580665914492092,1.7503001927918485,0.5570469798657718
2585787.4443618413,0.2092568730606137,-0.0609393708661615,1.9165369806108314,0.5906040268456376
2117775.574359555,0.16191935727978435,-0.10682295663260058,1.3537743269076399,0.48322147651006714
3233795.8321332885,0.26456896564655374,-0.07332187083647997,1.9771585554255773,0.5771812080536913
2981778.061004291,0.24421394055681778,-0.11168892286036626,1.7968351827638216,0.5503355704697986
2829295.297313484,0.2312199828789483,-0.057733410437381644,1.7846190926753138,0.5436241610738255
2620282.956969671,0.21246619394336363,-0.06580507791022049,1.7904880334782456,0.5167785234899329
1478109.0023896152,0.08128777378518603,-0.1521403187306842,0.8026128656584006,0.4429530201342282
2871893.7985458476,0.23490535863094686,-0.1098748874871983,1.8840920122011526,0.5234899328859061
2966139.659616429,0.2429060990786538,-0.05290104968062622,2.048722057086219,0.5838926174496645
2671128.3780694953,0.2171355634886809,-0.055711379985335444,1.8564149654127486,0.5369127516778524
3241763.6019179374,0.2651915082712353,-0.08867193793538057,2.0162530252650295,0.5704697986577181
3407634.510170719,0.27788155502294853,-0.04836615322645149,1.9924546365359646,0.5838926174496645
2546950.654868335,0.20560240646056993,-0.0874723742907643,1.820499974732217,0.5838926174496645
2635106.9308961337,0.21383497980628374,-0.05789093964752212,1.933142794011504,0.5838926174496645
3963496.8716322784,0.31709076291669436,-0.07978866136482879,2.194425030918094,0.5704697986577181
2722723.758950293,0.22180167510332205,-0.06657770222576964,1.9432696891160919,0.5369127516778524
2917275.7886061673,0.23878374361182386,-0.12291302180772656,1.9486748436925059,0.5503355704697986
4170259.6736037144,0.33055435164695113,-0.042148784649644985,2.426659261611856,0.6174496644295302
3696278.135112468,0.2988318463746744,-0.06800693900785486,1.9656908903414467,0.5436241610738255
2428776.1672006766,0.1942011870199103,-0.06211924295560481,1.5687662744638775,0.5100671140939598
3160411.9658227894,0.25877682746564856,-0.052570175834482806,1.9675282180273876,0.5637583892617449
2549432.2098631584,0.20583724441223827,-0.06591167945790133,1.7433886874586628,0.5436241610738255
3918941.3844077764,0.3141161527525127,-0.08530641587961384,2.1346584686798042,0.5637583892617449
4226489.214573623,0.33412325076741545,-0.0870386474256571,2.53710597974866,0.610738255033557
2908941.6126554934,0.23807513321233764,-0.06962642227644047,1.98374823348257,0.5570469798657718
3042122.3254230986,0.24920966211600715,-0.07711001560430736,1.906605632665755,0.5369127516778524
3631386.334442,0.29423902524212653,-0.08306067203424931,2.020499447756314,0.4966442953020134
3892823.2464647177,0.31235985539039235,-0.08444708535398084,2.2570972339130986,0.5704697986577181
2106804.3035228164,0.16071297538577123,-0.08668602941511314,1.4418680030366446,0.4899328859060403
3677100.289633476,0.29748126332972835,-0.08237667956410605,2.0237555806322307,0.5704697986577181
2039194.9785927779,0.1531657914582072,-0.09591330552226912,1.2436742502959433,0.5167785234899329
3069477.6440836187,0.2514482488334644,-0.06972621467373082,1.87557004854729,0.5637583892617449
2083456.9416836526,0.15812891795296258,-0.11043176818348643,1.553707658291091,0.5369127516778524
3197601.2797041717,0.2617254459357401,-0.10070218382385913,2.1295464664077812,0.5637583892617449
2296407.036746717,0.18089089421734772,-0.07649750460741454,1.401342809110075,0.46308724832214765
4779852.603952316,0.36736009370985245,-0.05541157300163092,2.1780616414163316,0.5436241610738255
3166304.4441226632,0.2592458669244282,-0.0696459374671303,1.9649964402361517,0.5503355704697986
4127732.01562628,0.32782945647088724,-0.12387166600842896,2.514517634085243,0.5704697986577181
2459033.510861264,0.1971619071387407,-0.11796443783327612,1.6372488463882984,0.5167785234899329
4240586.4887874955,0.335012047960598,-0.05586600466086518,2.301347806612431,0.610738255033557
1958786.2540247855,0.14392462626434788,-0.1103370476432878,1.3030367654114268,0.47651006711409394
2882013.0077126184,0.23577438034608011,-0.1118980570540505,1.8520240572357838,0.5436241610738255
3170506.237426734,0.25957990204938675,-0.056610390271772865,1.9823120219816286,0.5570469798657718
2250146.257903723,0.17609431198068237,-0.06700343690899561,1.5073502945801929,0.5234899328859061
3500817.5293521015,0.2847951691566972,-0.06227543447285327,2.1672338271149507,0.5838926174496645
2445418.1787095,0.1958332569078698,-0.08195757530022857,1.7163887740432007,0.5637583892617449
3126644.210809423,0.2560753502151587,-0.0923011745319147,1.8569105784204576,0.5436241610738255
3165102.6594822155,0.2591502619578978,-0.061467720853057774,1.8691417499379157,0.5167785234899329
2457286.5396226044,0.196991758827751,-0.05866101785741341,1.6794333711436753,0.5369127516778524
3744976.1316080815,0.3022363408575086,-0.07353972448684555,2.186171776117071,0.5906040268456376
2153169.1956527424,0.16577739958787663,-0.09923277717286681,1.4519508168163635,0.5302013422818792
2989634.0894719143,0.2448688716105889,-0.07045070023037255,1.7928612460298323,0.5369127516778524
2935563.372394404,0.2403329813482853,-0.10079927716719093,1.701793796479362,0.5436241610738255
2479320.4383404353,0.19913072824564093,-0.06277621618757559,1.6699232096773176,0.5302013422818792
2448914.949238563,0.19617505242153488,-0.09664730756567938,1.3946956062553089,0.46308724832214765
2446380.6510577006,0.19592737375850722,-0.08298790341821137,1.5259219127731438,0.5167785234899329
3010311.991272041,0.246586162321069,-0.05996850718113427,1.9740412791252298,0.5503355704697986
1674279.7988353786,0.10857634537807104,-0.12033447355157705,1.0389571049645192,0.4563758389261745
1974646.7024926124,0.14577114512638656,-0.0924693267767291,1.2791355474405592,0.5234899328859061
2553244.197007971,0.20619762970191302,-0.09831250901580975,1.8364820799050323,0.5906040268456376
3190678.869471594,0.2611786764307422,-0.1192299177875868,1.9373520318327764,0.5369127516778524
4836224.077531955,0.3705701941971662,-0.06167491945589775,2.380433848847582,0.6040268456375839
3035291.373548156,0.2486481484775489,-0.09965632989494341,2.087941885186599,0.5704697986577181
2767418.536088893,0.22578688128868651,-0.06087122629106348,1.7950962227283924,0.5570469798657718
3600828.4213863495,0.292053466453597,-0.04286547806840227,2.1851720315013283,0.6040268456375839
2402589.4190312796,0.19161486436003217,-0.07768251348442742,1.5937599352314458,0.5503355704697986
3338405.973498256,0.2726466239652301,-0.0994383654917768,1.953273630061076,0.5637583892617449
2301858.5223381105,0.1814510305814523,-0.09397212891239966,1.5893811499570045,0.5234899328859061
2287640.6637143795,0.17998792069051395,-0.06589527304150591,1.562561676428898,0.5503355704697986
2808946.6765384004,0.22944385038479287,-0.05989787409145407,1.828233126337708,0.5436241610738255
3036366.636969332,0.24873660360775607,-0.08310839900194152,1.9714675768499823,0.5436241610738255
3264119.1743880105,0.2669316957176573,-0.08384538854986567,2.025133393426225,0.5503355704697986
3398955.1913412395,0.2772299324114633,-0.06606981583094644,2.0410078979360002,0.5771812080536913
5376432.830669883,0.39990590315110874,-0.06684144020603294,2.491180675950638,0.5637583892617449
3236685.27706693,0.26479486717860734,-0.07749911099831171,2.0458676926979305,0.610738255033557
3756241.421827543,0.30301885321179656,-0.08073434363303801,2.4439458833011143,0.5704697986577181
3711487.942143672,0.2998990034004554,-0.046974050924475284,2.215601295910114,0.5906040268456376
4129549.3237009705,0.32794635603395417,-0.05710452784298132,2.2057613696738145,0.5570469798657718
3668497.09134792,0.29687355894303913,-0.05897059922364049,2.21781755738372,0.610738255033557
4116975.7953343247,0.3271367110837968,-0.062467967088229076,2.1940450608765962,0.5637583892617449
2162869.0800491692,0.16682586195563465,-0.08590867079235749,1.447085635617323,0.5234899328859061
2640188.8108837195,0.2143028022401372,-0.10476795231944605,1.8900252723806616,0.5369127516778524
3743867.4147704495,0.30215922515284044,-0.08009892040861236,2.0543796378187626,0.5503355704697986
2037918.2897716668,0.15302136164935232,-0.05751426669048735,1.560460442511803,0.5436241610738255
3092091.911150567,0.2532868385581626,-0.08632257105142628,1.8454602224506695,0.5369127516778524
2907232.462677456,0.23792961268564095,-0.08925627441895004,1.72244217360092,0.5167785234899329
4181433.87131935,0.3312666318768698,-0.08413450297911858,2.2049598355469926,0.5906040268456376
2964111.4915201166,0.2427360792860609,-0.0825870876952031,1.809438027213801,0.5302013422818792
3072767.2436892833,0.2517163726304783,-0.06680895225357246,1.8952191786928314,0.5570469798657718
2704258.3602155233,0.22013991940596056,-0.07380559159290571,1.8638719725340087,0.5570469798657718
2981831.4934096895,0.24421839969936898,-0.05901723449707102,1.895647739634511,0.5436241610738255
4270904.109105279,0.33691551747406967,-0.054721579165624326,2.7095814625692562,0.6375838926174496
3290728.6793472585,0.26899062965650233,-0.08383910727719336,1.9740457912693834,0.5771812080536913
3730650.5696506,0.3012385306164753,-0.06183545655333459,2.3601836072742137,0.6375838926174496
2145497.8419517907,0.16494552226507952,-0.06948292437275447,1.6947818844347884,0.5637583892617449
2743103.9697895087,0.22362531616470482,-0.0665724004475736,1.8886728381954467,0.5570469798657718
4144236.4800662817,0.32888960995767813,-0.060586936534661975,2.170554999362462,0.5973154362416108
2357019.554668589,0.18705990755111412,-0.09073135796610594,1.7200405707550825,0.5637583892617449
4093758.5138159594,0.32563647159107423,-0.05324599477179599,2.193224995074937,0.5637583892617449
3102434.696107462,0.25412414663342897,-0.1084343352512161,1.853910392501577,0.5503355704697986
3838913.199545138,0.3087046891311136,-0.060015706524047585,2.392722907680901,0.5973154362416108
3015054.4565615044,0.24697869104810444,-0.0886929932308423,1.9443120832865857,0.5503355704697986
2531634.5071979165,0.20414892233286075,-0.0716659656029623,1.7846619636784409,0.5570469798657718
3206873.829548339,0.2624563603952623,-0.09762033009835215,1.8429778033275646,0.5570469798657718
2176784.3087736666,0.16832341211716084,-0.062565173988787,1.600053298570446,0.5302013422818792
4272914.388697186,0.3370413488225368,-0.09854599961128357,2.1344038672953753,0.5637583892617449
3742492.9265176575,0.302063598611922,-0.06242651667322208,2.0575807708077227,0.5234899328859061
3131437.7226964,0.25646025637924685,-0.05344813659412254,2.021569145620458,0.5838926174496645
2784680.5201188833,0.22731226795400472,-0.06322275367246953,1.7602292318729644,0.5503355704697986
3104652.12813407,0.2543033697664687,-0.05675446278379812,2.013593710239692,0.5771812080536913
4418473.658533594,0.34602911542944037,-0.05913955089938543,2.603174579509989,0.5973154362416108
4479506.340575706,0.34972729683936965,-0.07640707470725747,2.4855637681479603,0.6308724832214765
2058140.8563257358,0.15530065293935458,-0.10685172460012672,1.3437118050745096,0.5100671140939598
3386867.926252123,0.27632022791402644,-0.07127535504132858,2.0645285975779646,0.5637583892617449
4787338.78547281,0.3677881361585218,-0.03777635799999996,2.428415825787755,0.6375838926174496
3757710.8162442083,0.3031207821821926,-0.12394008227640184,2.066561681957518,0.5302013422818792
1884572.8765549387,0.13512212119000733,-0.1391256386728251,1.2233669385111918,0.4966442953020134
6938177.243613443,0.47315715026325034,-0.042698171784044905,2.8518053987073984,0.6644295302013423
1940803.3163096905,0.14181647519660268,-0.08029463233367871,1.2878709269156345,0.5033557046979866
2582990.4921687185,0.20899515796901813,-0.09404810844759927,1.7008410549956292,0.5234899328859061
1967262.1985792331,0.14491290183716576,-0.08735965881119566,1.3844362043058263,0.5302013422818792
2870714.116822134,0.23480389006663405,-0.07562125180687032,1.7757753404314043,0.5637583892617449
3014311.942031426,0.24691726655101487,-0.0962620072125342,1.8574434643389985,0.5503355704697986
2810051.08103465,0.22954051222866667,-0.054309391886205045,1.7901585255044037,0.5167785234899329
1965007.718070059,0.14465036765624983,-0.09993816820244963,1.3961317209501363,0.5369127516778524
3593568.5430371123,0.2915320461669191,-0.07162059438123117,2.1735534047774383,0.5973154362416108
2257240.8234678013,0.17683500827601817,-0.08190988803339995,1.5124575909459719,0.4899328859060403
2864691.8553563356,0.23428537380300218,-0.09169294322543181,1.783628025069163,0.5369127516778524
2394283.785632541,0.19078985196882892,-0.133213760395953,1.5722895572530617,0.5234899328859061
3729132.036286359,0.30113258148575617,-0.03633740498453995,2.061153732670121,0.5570469798657718
2496581.511058132,0.200795771720077,-0.11248107706805398,1.64338640910151,0.5637583892617449
3307997.4827415156,0.2703197027506892,-0.05511595535933596,2.070325487844675,0.5973154362416108
2552997.3790433113,0.20617430856743946,-0.04875900329365239,1.8866084252873165,0.5704697986577181
2984167.076311302,0.24441325076238418,-0.06121515348930605,2.098186060451684,0.6040268456375839
4404174.005990185,0.3451567456702329,-0.06771560549902986,2.5014931651828287,0.6174496644295302
2139467.850729581,0.1642899614308011,-0.12131462999912541,1.438740037696844,0.5100671140939598
1985347.6377208873,0.14701028643897684,-0.10717972788540824,1.4838860942654726,0.5302013422818792
2414427.2663400634,0.19278680289598382,-0.1585682300786773,1.691321363164354,0.5436241610738255
1959809.9686113547,0.14404417045562967,-0.09454090039610342,1.4592927814278103,0.5436241610738255
2242799.4808029435,0.17532531223595482,-0.0704415589015374,1.650997923885822,0.5570469798657718
3029136.071200036,0.24814130758587027,-0.07136283361427088,1.9128551842218007,0.5369127516778524
4719535.7518757,0.3638916044993228,-0.05060036118675718,2.525495269701271,0.610738255033557
2874608.7822145084,0.23513875728762046,-0.057684643187874404,1.9741298278164092,0.5906040268456376
3117740.8989983704,0.25535918364628296,-0.0542441174301279,1.9483619457374017,0.5503355704697986
3537455.9942788007,0.2874732345265556,-0.05649331364823352,2.421406336456992,0.5973154362416108
3227632.0842421185,0.2640865335977487,-0.05547196066414927,2.0132552671260355,0.5838926174496645
3005856.746379878,0.24621695557865553,-0.10738597446337442,1.838068887667155,0.5436241610738255
3322683.584619386,0.2714456408860344,-0.15195370231479707,1.9339739765307573,0.5570469798657718
2519110.2655873965,0.2029551493884505,-0.10118681157313533,1.6846640854102852,0.5100671140939598
3255036.2638105224,0.26622582337774614,-0.08280172371061068,1.8142870995166076,0.5100671140939598
2946442.58075234,0.241250957239332,-0.08140497102797328,1.881949267968243,0.5637583892617449
2225333.9323449074,0.17348904067954285,-0.1295286347949723,1.4668281581186138,0.4966442953020134
3498057.2164631155,0.28459249902734385,-0.06163700880161234,1.9007632460906607,0.5302013422818792
2596129.1027147993,0.21022259536500565,-0.04347285973140829,1.780797280028611,0.5234899328859061
2952739.6570537435,0.24178105945142891,-0.05841848145283267,2.00422834235975,0.5704697986577181
2117942.376193284,0.16193765989655473,-0.14863790050444037,1.4264410492025812,0.5100671140939598
2331820.150496982,0.18451076004740452,-0.08426835732844272,1.6094250666480925,0.5167785234899329
3976917.5357842227,0.31798150867596164,-0.08601446673811611,2.075373025019997,0.5838926174496645
2947475.925043657,0.24133800863504717,-0.06283301629067732,1.8368793900871188,0.5234899328859061
2745342.994049535,0.22382500474588896,-0.08171123261728867,1.7296882000125762,0.5369127516778524
4734385.946739005,0.36474883339332975,-0.056370851150100494,2.6217847570997352,0.6510067114093959
3119541.826759518,0.2555041789544519,-0.05353806274738296,2.063424874553322,0.6040268456375839
3401863.263366567,0.27744841167569634,-0.10335288672765817,2.0978552774321275,0.5771812080536913
2692003.6106260014,0.21903206025052624,-0.13119570126368402,1.589832914096898,0.4697986577181208
3689271.999009757,0.2983390966669781,-0.0788851587179436,2.1817267182766105,0.5436241610738255
3473361.976177058,0.28277358740424496,-0.1036812249012481,1.9659857067063167,0.5570469798657718
2537247.049059839,0.20468236039278187,-0.07855545940858569,1.5928974826848954,0.48322147651006714
2708380.1614820543,0.22051163765411363,-0.07587620921338022,1.6191819805658456,0.5234899328859061
1790864.9324427722,0.12360216279504166,-0.06426976864783333,1.2184704987500834,0.5167785234899329
3159649.8194311983,0.25871610976281323,-0.05623142124089055,1.9582381554162422,0.5302013422818792
4388110.12319375,0.3441740399238571,-0.03702037540124995,2.363316558273506,0.6375838926174496
2516942.9591185586,0.20274808658502885,-0.13515208377624527,1.7391193521728812,0.5436241610738255
3188328.677562603,0.2609928297365456,-0.06255400681653081,2.1465425512452345,0.5838926174496645
2324034.4790664837,0.18371871327972822,-0.06723256532719173,1.6208820486934725,0.5234899328859061
2111472.978316621,0.16122694760315492,-0.09331527703447985,1.3547587667000043,0.5234899328859061
2855323.2831971506,0.23347700427260665,-0.05268116924489779,1.792426025737732,0.5436241610738255
5674619.77879922,0.41510072507235973,-0.04473188153074011,2.940700971266487,0.6711409395973155
4641927.572570361,0.359376231219501,-0.03678139627889059,2.4605465629236742,0.610738255033557
3310666.500124757,0.27052462501443797,-0.0506827105695792,1.9492798471392996,0.5637583892617449
3451934.0114580016,0.28118692240794396,-0.09703715321886676,2.0666146199878366,0.5704697986577181
1771220.388419245,0.12112624819459472,-0.1264876471644441,1.1439081350537366,0.5033557046979866
3231310.586214106,0.26437453584424486,-0.09251413572788955,1.974650678323254,0.5503355704697986
3063470.9649239923,0.25095807167834505,-0.07709527898494915,1.7656243187529148,0.5436241610738255
1905469.9660450798,0.13762839010752437,-0.07568765075552158,1.2907746804430749,0.4899328859060403
2319254.740892687,0.1832314119220415,-0.07593484881446795,1.5648041914817543,0.5570469798657718
2946264.250259606,0.24123593178081348,-0.05570698979285743,1.8591372890584292,0.5704697986577181
1963687.979277318,0.14449657228186896,-0.08511734660069863,1.2324638496516995,0.48322147651006714
3089174.5143863303,0.25305025337512954,-0.11770680225995553,2.0206806287997545,0.5637583892617449
4031447.516265653,0.32157617909408964,-0.0842977050503249,2.1447116642897184,0.5369127516778524
1636578.3303967966,0.10353816958353979,-0.16084905959940385,0.8995833364101684,0.4899328859060403
2682178.750324631,0.21814095130150024,-0.06153740468452084,1.9766974603441718,0.5771812080536913
2062540.4794930213,0.15579416113211697,-0.05539958982449961,1.3797517469656837,0.5033557046979866
1722416.7926394227,0.11487878200975143,-0.11470561299736355,1.113175079696314,0.5033557046979866
3559378.9125473117,0.28906508250295215,-0.11551987688058736,2.203584527357484,0.6040268456375839
1796646.6628462826,0.12432672795781685,-0.09601351739630726,1.1405737369937834,0.5100671140939598
2272796.218092564,0.17845254761582696,-0.10940643260459275,1.4960886204100063,0.4966442953020134
2400249.9772763043,0.19138271483338665,-0.058543011390187895,1.6014961697686285,0.5167785234899329
2395990.346285573,0.19095955415601162,-0.07065723776041283,1.6160466584804274,0.5436241610738255
2167505.085447425,0.1673256406131598,-0.07594773569458647,1.562456152096446,0.5369127516778524
3264039.8972253418,0.26692554154738724,-0.09035003425703052,2.0389617532067095,0.5838926174496645
3031692.4641016787,0.24835190644566318,-0.0748928152261566,1.9693141169828607,0.5436241610738255
4515673.583661608,0.3518998139151246,-0.09743940908489222,2.0441449154360587,0.5369127516778524
2730765.314256645,0.22252254138860805,-0.05659918069127734,1.6748402419052535,0.5033557046979866
2047663.3237207753,0.15412197513364378,-0.14176488359701683,1.4450872797811347,0.5100671140939598
2941501.9383435417,0.2408344078326512,-0.052571596702748656,1.924298260793049,0.5637583892617449
1961206.122352989,0.14420712570316896,-0.13756549815906344,1.155682885426727,0.47651006711409394
2162155.7538427473,0.16674888667335241,-0.07993219449813962,1.4368320952204954,0.5100671140939598
3781213.3449973864,0.304746788011663,-0.04263240529020003,2.6126563784609447,0.6241610738255033
2236404.779021401,0.17465432569876338,-0.06621895843059059,1.42892776101779,0.5302013422818792
3322470.1238738955,0.2714293040485307,-0.05888393429655249,1.9539929032823988,0.5369127516778524
3782172.9417645293,0.3048130050488218,-0.08651103921891033,1.933773468757551,0.5369127516778524
2555868.621453645,0.20644549270078327,-0.07962803232714172,1.7335501101077924,0.5704697986577181
2618064.0795269487,0.21226077905746288,-0.0978514387873722,1.722438940823673,0.5436241610738255
2719000.266903677,0.2214673143761019,-0.09645810530687965,1.7807155507781542,0.5503355704697986
2341241.735032388,0.18546640625157385,-0.10404012107525053,1.5797025263140128,0.5100671140939598
2881857.639011016,0.23576105599252228,-0.10498945922485514,1.8787125520416483,0.5838926174496645
2120360.5410913182,0.1622028677279499,-0.07557305646378125,1.3918886516277502,0.48322147651006714
3139224.07309694,0.2570844759696882,-0.09432718328927979,2.1869160375646555,0.5838926174496645
3381431.602751347,0.2759102356182306,-0.055657325034492146,2.3294661035440445,0.5838926174496645
3044376.1852437854,0.24939471117966838,-0.05198504476522673,2.092445700237224,0.5637583892617449
2957360.4112703237,0.24216947003654088,-0.08879218115189637,1.7319844917955745,0.5234899328859061
2367369.9876559568,0.1881006336620965,-0.13886642302205005,1.572202930949996,0.5302013422818792
3108771.489490389,0.254636043994273,-0.07068623474680345,1.8355959753174318,0.5570469798657718
3177438.6009779307,0.2601302393271836,-0.0824492520256945,2.1571085247576387,0.6241610738255033
2924262.172659665,0.2393765117262967,-0.10771584510937587,1.931492928542981,0.5704697986577181
3169908.2158017824,0.2595323820130562,-0.0575301798194565,2.110125404708229,0.6577181208053692
2335496.0007650517,0.18488397419084257,-0.08076599527269161,1.6454968892377193,0.5637583892617449
2881261.096833622,0.23570989145009347,-0.06949734186293859,1.819569904967587,0.5436241610738255
3503329.171057728,0.28497947007726965,-0.07977487889096702,2.112843475745247,0.5570469798657718
3183054.9315380966,0.2605753972244318,-0.07527457488196351,1.8677122785945237,0.5637583892617449
2478331.8038238995,0.19903508178193063,-0.10674725112423193,1.5773102799240482,0.5704697986577181
3423467.719439495,0.2790668620968355,-0.055306022857243606,2.05451998858718,0.5637583892617449
3386166.3381745955,0.2762673457065925,-0.04280761777765711,2.142786380194729,0.5570469798657718
2929594.234198439,0.23982815503427202,-0.07038269411325308,1.6782011156361687,0.4966442953020134
1990752.5769070259,0.1476341349445789,-0.09029977640058977,1.3035972156944113,0.5369127516778524
2229050.663096375,0.17388076902331728,-0.1479898715642628,1.628152617408763,0.5369127516778524
2357615.8349005105,0.18711996210098136,-0.06659223233543554,1.5873875201350112,0.5503355704697986
2974232.186629296,0.24358356497621836,-0.0864598742643906,1.8411095211823536,0.5637583892617449
3391607.0536851087,0.2766772103363042,-0.07407071968132631,2.357414678498348,0.6308724832214765
1514989.5535522765,0.08663059211416346,-0.12429775381983219,0.9217054372404431,0.4697986577181208
4332389.0386833,0.3407428501994456,-0.07296173239333627,2.515328222089003,0.6375838926174496
3706776.4373923256,0.29956880738974934,-0.06798628855440812,2.1156901433303097,0.5704697986577181
3450273.715017565,0.2810636547301202,-0.062355634548677,2.1987460286003295,0.610738255033557
2779400.674148737,0.22684650968724185,-0.05323733563436851,1.8763520872092565,0.5570469798657718
2985896.5015803482,0.24455745321144673,-0.06329224951305489,1.7440760015858339,0.5167785234899329
2310055.428242048,0.18229126276934826,-0.12561753343904247,1.4091905709887547,0.4966442953020134
2475183.0460919864,0.19873024841299003,-0.09835957369894874,1.5880885697712,0.5167785234899329
3191918.9028090253,0.26127669071573467,-0.09510427700282581,1.8483428407188678,0.5637583892617449
2323342.5094045456,0.18364821561581346,-0.07739373688741119,1.5155619714919752,0.5100671140939598
4235402.93633923,0.3346855133628719,-0.08575037565222143,2.384713104819389,0.5973154362416108
3156496.8117280826,0.258464795413083,-0.08060847198765665,1.9967173647061216,0.5436241610738255
4144052.7761866846,0.3288778284627403,-0.07366521161960515,2.190474980018195,0.5973154362416108
1983152.6572661148,0.14675654958668938,-0.10602970467776222,1.1771475522056865,0.5167785234899329
3480731.272377919,0.28331744815039683,-0.05819440909273079,1.9698245758416397,0.5637583892617449
3153444.346060726,0.25822130349150707,-0.06054109026691837,1.8872138881347398,0.5436241610738255
3191742.6290238206,0.26126275960190215,-0.05597025210971504,1.8871204626801446,0.5570469798657718
3002800.097733587,0.24596339740315254,-0.06118158146637381,2.0208816089584065,0.5771812080536913
2073670.0638561812,0.1570388235684208,-0.08263318288955133,1.362841900565078,0.4899328859060403
2546782.0005826233,0.20558643949252575,-0.06909533004935314,1.7007600519831194,0.5234899328859061
2802680.186242726,0.22889480598616574,-0.06600257848139797,1.7572445490028035,0.5637583892617449
2778077.045201736,0.22672963564356285,-0.06984433602531583,1.7854758528498496,0.5503355704697986
3747739.895769338,0.30242849226442114,-0.05973436516494523,2.466390048087961,0.6308724832214765
3579921.395819648,0.2905495930131674,-0.07562840085216249,2.103805521501702,0.5570469798657718
2206021.715907564,0.17144514461925686,-0.10902119848951938,1.6595572497053586,0.5704697986577181
3233456.1747435573,0.26454240007079854,-0.07432865484601145,2.0345884101932508,0.5637583892617449
2157151.4378795917,0.1662082972050265,-0.05458129503968591,1.4482537029382316,0.5234899328859061
5004171.822624082,0.3799598241548654,-0.09842479773491043,2.3945066409716445,0.5771812080536913
1699972.1673565817,0.11195794487587318,-0.09338859897283802,1.090457027216766,0.5033557046979866
2737594.9417374036,0.22313343484913783,-0.08618214561867586,1.84039450388337,0.5369127516778524
3275636.7797078746,0.26782452263311907,-0.0689737954258919,2.1429799377526417,0.5704697986577181
4501591.801671783,0.35105560102000255,-0.08213307264302948,2.2739948351943093,0.5838926174496645
3665316.052495064,0.2966485710684863,-0.07430028647956975,1.9748096160016195,0.5771812080536913
3507244.6172053064,0.28526656957191143,-0.04580664170340659,2.114991554016171,0.6040268456375839
2437088.503129715,0.19501748620254444,-0.07661679271599589,1.5887574640886815,0.5503355704697986
3405107.3204217455,0.2776919567781668,-0.06549037425389292,1.8905774243122626,0.5704697986577181
3189794.7842090987,0.26110877826012957,-0.05842131665611431,2.054100516913656,0.5637583892617449
3317683.846479216,0.27106277416269786,-0.06293478997711972,1.7990537108677431,0.5436241610738255
3137483.317791673,0.2569450299182747,-0.05897792859329462,2.001519817908358,0.5771812080536913
2078520.3072541521,0.157579572739053,-0.09574958333005303,1.5878763865035888,0.5234899328859061
2716996.2206842233,0.22128720413570835,-0.07712707068338732,1.9335929173982083,0.5570469798657718
2355966.387355813,0.18695380777845294,-0.07270314961627687,1.6128010409139915,0.5369127516778524
2537007.7017376684,0.2046596311612945,-0.06434979321860994,1.8473975507950737,0.5771812080536913
3039016.627348001,0.24895449464423103,-0.08325784198616588,1.7121630004600463,0.5033557046979866
2708255.5564371315,0.22050040697767992,-0.07435785563784465,1.5653052598751425,0.48322147651006714
3754290.856286303,0.3028834970679235,-0.0640852381736233,2.257284626906477,0.5906040268456376
4026941.664236999,0.3212806281438687,-0.09152948479346612,2.284863605146395,0.5838926174496645
3351784.753974736,0.2736650280616073,-0.06398049862744144,2.1929247900211566,0.610738255033557
3415758.238465017,0.2784902633373123,-0.048987831972695565,2.041111487114803,0.5704697986577181
2066798.737082236,0.15627101090877815,-0.11811962153170524,1.3124170607091394,0.4697986577181208
3978399.888352074,0.31807974667215877,-0.056717142744643775,2.3964964422848705,0.5973154362416108
3161361.7508686925,0.2588524773319443,-0.08125145961708502,2.0716934869257217,0.5838926174496645
2801718.1860553985,0.22881043250787036,-0.05449240616695708,2.0439530252898894,0.5838926174496645
3297362.8089042758,0.26950187615809473,-0.04589152534958357,2.1290039925776827,0.5704697986577181
2952328.573052526,0.24174648107230468,-0.08599928806406797,1.9590578812796615,0.6174496644295302
4121372.403306232,0.3274200457081917,-0.05163255175113665,2.262071207732924,0.5637583892617449
2963487.8971782736,0.24268378513902378,-0.06700040882451958,1.8909877432813684,0.5771812080536913
3065153.216148868,0.25109542983719946,-0.08834194860421664,1.874934483584788,0.5436241610738255
2797274.0824791538,0.22842035551506457,-0.07115312311428981,1.8377743429986113,0.5570469798657718
3112306.019336896,0.2549212070036979,-0.056414682597562445,1.9791759660729762,0.5637583892617449
1843395.8419786522,0.13011781391321775,-0.16000426721099556,1.201649515824116,0.5234899328859061
3536857.853086101,0.28742969233873317,-0.0562413282339119,1.9323051518588208,0.5302013422818792
2513969.8288379805,0.2024638038155533,-0.07222219898247445,1.8935122854512931,0.5503355704697986
4532785.173365511,0.35292283605886765,-0.059428264578295184,2.5868295377702997,0.6241610738255033
2903907.947248551,0.23764636049073062,-0.0690343139054675,1.8232797535496374,0.5906040268456376
2172950.7139959754,0.16791160861399446,-0.07482811914701051,1.6073039484442637,0.5369127516778524
2074610.8565393374,0.15714379071739737,-0.06811230416602314,1.4607440413440838,0.4899328859060403
3156640.519137957,0.2584762541557062,-0.0581647162991447,2.157072076152401,0.5906040268456376
2358972.4626850844,0.18725655003401465,-0.06510709111227607,1.6245449561946579,0.5167785234899329
1666646.7295634588,0.10756369343587147,-0.11397788273950316,1.185137453311695,0.48322147651006714
1319287.2379179387,0.05698268332067968,-0.14525664378071873,0.6519372801326467,0.436241610738255
3801612.6984610413,0.3061515614122232,-0.07961269771615437,2.2479608047850475,0.5503355704697986
2403647.5121995527,0.19171980259774335,-0.07966303102637429,1.7761881370499135,0.5570469798657718
3078016.3377999943,0.25214373282686675,-0.08561997265108667,1.9241754802827695,0.5771812080536913
2621064.6163066966,0.21253852372370674,-0.06605280244088077,1.7381342107538225,0.5100671140939598
3157070.556918934,0.258510541420514,-0.07619944214798562,1.9470347359519344,0.5436241610738255
1812970.7915021142,0.12636244395979523,-0.08504197357901702,1.2357248188766745,0.5234899328859061
2912268.299715363,0.23835817813380467,-0.06905730451819911,1.8050822033543168,0.5570469798657718
2616897.449912333,0.21215272123825768,-0.07230359922609986,1.8693269409582738,0.5570469798657718
4724743.566744398,0.36419247146263367,-0.04608414242484315,2.474581578807453,0.6308724832214765
2599811.2468817513,0.21056569756884058,-0.0597522223062216,1.901850770304416,0.5436241610738255
4327782.353530439,0.34045760301717465,-0.09872528963047006,2.280487850855771,0.5906040268456376
2573799.8453593757,0.20813357556566658,-0.06805066232525697,1.775178700372856,0.5167785234899329
2201336.912694036,0.17094717511147972,-0.1117627580791322,1.520680875687602,0.5503355704697986
3477248.4063230767,0.28306052439224083,-0.07617480348250312,2.123825905179562,0.5369127516778524
3187899.450191507,0.26095887578507226,-0.0655020661970761,2.076359855637403,0.5838926174496645
2321105.0327672064,0.1834201471316339,-0.05318495311375007,1.5606894213960196,0.5167785234899329
2330491.8234401476,0.184375777395811,-0.060905636667891935,1.6017341613969085,0.5100671140939598
2453855.1160546644,0.19665726939340766,-0.07994297099326109,1.5926521730690446,0.5302013422818792
2522942.040872496,0.20332088580625873,-0.07798680881341921,1.7696413851043347,0.5503355704697986
4008900.0127795613,0.32009457074029335,-0.04521984201080474,2.217405076817603,0.5637583892617449
2675064.158096602,0.2174940304958608,-0.06231643589563629,1.89597227402657,0.5503355704697986
3397739.7423163992,0.2771385731619673,-0.07504105907743251,1.8794672391546876,0.5302013422818792
3842058.7814952903,0.30891908779230426,-0.05085873406749234,2.1006276255894347,0.5838926174496645
2293124.381361884,0.1805530903164858,-0.06675435607217459,1.6300086980480955,0.5100671140939598
1823372.5256548116,0.12765196576844984,-0.08217139869255534,1.1032044017131897,0.4899328859060403
1955313.841473286,0.14351876290152887,-0.0768509432523317,1.4314344648385449,0.5369127516778524
2884481.3131246488,0.2359859841213765,-0.0641680325517603,1.9208150986003025,0.5503355704697986
3930977.071945034,0.31492233461889163,-0.0723650255750711,2.377004094637074,0.5704697986577181
3578269.178588038,0.29043044726745504,-0.06973274255007263,2.1779874099382353,0.5906040268456376
2923044.5913462136,0.23927328616142796,-0.08897366198636177,1.8633370815473211,0.5637583892617449
3374630.1656815964,0.2753965470597053,-0.06159706885555006,2.1628570320302853,0.5704697986577181
3761059.598471372,0.3033529614620727,-0.050529326307760275,2.1973612908437405,0.5973154362416108
1416655.1138226432,0.07214327723760494,-0.18685690081740305,0.8376776159900307,0.4966442953020134
3561538.1957385554,0.28922144581520426,-0.05875066559592094,2.2263379814887676,0.5637583892617449
3563620.9357603854,0.28937219445737083,-0.06668378523719551,2.0664699131059443,0.5503355704697986
2282229.565531745,0.17942917207708264,-0.05813515604417815,1.529717551023232,0.5167785234899329
2031993.3649499523,0.15235013518415852,-0.09893925876646857,1.3040255039290871,0.5100671140939598
3598461.554948679,0.2918835654197609,-0.0700780837398132,2.2320640378670316,0.5637583892617449
2838256.9866493465,0.23199896539331455,-0.06290023778456602,1.7120112144389519,0.5167785234899329
1973109.9158900585,0.14559274823701096,-0.06385089797515413,1.5379268427363693,0.5302013422818792
3470492.7055572104,0.2825615829319785,-0.10398176954432038,2.0832259092662686,0.5704697986577181
3384115.316349977,0.2761126996342844,-0.07155181762947432,1.9162347853826809,0.5771812080536913
3458749.064909177,0.2816924054361978,-0.0662525187312145,2.2307421972017307,0.5771812080536913
2198360.0326370634,0.1706303079990803,-0.07967085823263859,1.4786714678901263,0.4966442953020134
3321888.689730545,0.27138480076429117,-0.07288377818781469,2.032509743730214,0.5570469798657718
2884829.676555464,0.23601583708087048,-0.05342598562658873,1.7906328369704867,0.5436241610738255
4335622.616253532,0.34094292928836056,-0.08099991042622007,2.318713209696933,0.5704697986577181
3396189.1239903634,0.27702198294414515,-0.055469789990461774,2.1504151621747303,0.610738255033557
2536882.914663411,0.20464778027818942,-0.06545519678637764,1.6897046793769008,0.5436241610738255
2077713.5356522277,0.15748969655613987,-0.06427905052974953,1.4285161184192783,0.5100671140939598
2052575.6504149218,0.154675190262215,-0.0820078854028672,1.2924475024131994,0.5100671140939598
2206898.6329331724,0.17153826218783697,-0.07377090708657688,1.5785507769029357,0.5369127516778524
4538485.759919528,0.3532629614598837,-0.04679645183913612,2.593969187400345,0.5906040268456376
1411434.842564096,0.07135195596201305,-0.14243609521764183,0.7409828584280244,0.436241610738255
5292330.2643385315,0.3954985438136558,-0.05457945513337637,2.4830016218682043,0.6174496644295302
4885500.227416301,0.37335182058027727,-0.034623515897947994,2.6207973201012873,0.5906040268456376
3160253.361977245,0.25876419298283615,-0.12842750086432722,1.9555075072386523,0.5637583892617449
3562892.146749446,0.2893194527555141,-0.06737539155742205,2.1487896530729986,0.5637583892617449
1655803.1199883665,0.10611871213359625,-0.08225741125938084,1.0328209130144737,0.4697986577181208
2130006.997822962,0.16325842344148422,-0.08834522534230285,1.355041430159318,0.5033557046979866
3293538.992174247,0.2692073016077463,-0.06801355366169107,1.9791428339893669,0.5906040268456376
4725187.592662645,0.3642181115439187,-0.06229427591048716,2.90557598441046,0.6577181208053692
2143776.056087294,0.16475848587002284,-0.12488707368980315,1.4312562749415403,0.5167785234899329
2723362.6013014386,0.22185900485675591,-0.03767896300000001,1.8292767539743564,0.5838926174496645
3165330.5387777607,0.25916839255538515,-0.09447634720363673,1.8929582415135906,0.6040268456375839
2325099.7109789588,0.18382720597564606,-0.07502280951536937,1.5350002057330383,0.5033557046979866
3886419.0714202416,0.3119277721542133,-0.05145645936044653,2.380404069834633,0.5906040268456376
2177067.920294292,0.16835385451891605,-0.12328912783863391,1.440444305904451,0.5302013422818792
2604168.6113841375,0.21097121494740212,-0.0856243152192459,1.720029847891899,0.5234899328859061
2497133.3978893016,0.2008488558897772,-0.07580594688354854,1.5079556841068587,0.5167785234899329
2780193.3595666518,0.2269164810607862,-0.0893206745512244,1.8880877203339372,0.5570469798657718
1837034.3771865019,0.12933673923038524,-0.08273615873104488,1.1739015387023597,0.46308724832214765
3344746.3486259645,0.2731296649175732,-0.09778775328161703,2.138958644636098,0.5973154362416108
3096881.0826928136,0.2536748277053804,-0.08430836066377903,2.0282297116519246,0.5704697986577181
2391788.151522849,0.19054150917889712,-0.10694576834894336,1.5377805030027725,0.5033557046979866
1902413.4551469316,0.13726318815328709,-0.09768515860831499,1.1251846982949392,0.4563758389261745
2109399.525367346,0.16099879448166532,-0.11447072528765717,1.2842861690902923,0.5100671140939598
2596758.387866049,0.21028125972638367,-0.07823153071820271,1.6394643107645686,0.5100671140939598
3070712.3399080727,0.25154891152274805,-0.062714741249976,1.901534770947791,0.5771812080536913
2601345.819890704,0.21070857432494416,-0.08373074768264029,1.796519877181234,0.5436241610738255
2478414.861679084,0.19904311847395206,-0.07970231533244121,1.692093388917143,0.5637583892617449
4314000.147513348,0.339602752203392,-0.0648251961642025,2.458034363264677,0.5973154362416108
3100130.9270282374,0.2539378367657945,-0.06471846611633866,1.867188213591138,0.5234899328859061
2790918.6331448383,0.227861649575956,-0.062382030634402154,1.675549278694561,0.5234899328859061
2933488.8477567043,0.24015762632018522,-0.05237244686530375,1.8899856719546675,0.5771812080536913
2467013.3108569407,0.19793788162801995,-0.10420533008538509,1.537658400920005,0.5234899328859061
3185059.1111144787,0.2607340990669089,-0.08903249978644458,2.076828831666207,0.5637583892617449
2382572.556205642,0.18962265711725235,-0.12684531922202408,1.5174488157342507,0.4899328859060403
3949192.6802794836,0.3161387160182294,-0.07616830133749833,2.1215772418323575,0.5704697986577181
2639409.765293954,0.2142311324479249,-0.10008467331152686,1.5913924274674343,0.48322147651006714
3265590.771596384,0.26704591195283434,-0.07149206665186605,2.069582838138555,0.5771812080536913
2344291.992662554,0.1857751394298588,-0.08794984433460067,1.680381390893856,0.5369127516778524
3392107.4629360824,0.2767148811735145,-0.07676680031916501,1.8995718413435652,0.5436241610738255
1748300.2670846242,0.11820957002987775,-0.08167803057527738,1.1696222307009776,0.4899328859060403
2544153.214552923,0.20533745562896843,-0.07671809151613875,1.60029005010198,0.5234899328859061
4274818.146076238,0.33716046886995543,-0.057512672691415155,2.555436808084951,0.6375838926174496
1862755.3635923418,0.13248162600856173,-0.0683735115513957,1.176824347486648,0.4966442953020134
3890992.631330279,0.3122364037108005,-0.04386474807095073,2.228603590412148,0.6174496644295302
2116577.3944807416,0.16178785103488313,-0.09172118062211611,1.349629210147501,0.5100671140939598
2705927.3021407686,0.2202904849131584,-0.07786139762962115,1.7994997047500991,0.5167785234899329
2940174.340302989,0.24072238160649362,-0.07955647672838444,1.8277297703240285,0.5100671140939598
4105119.744419595,0.32637145242996835,-0.043793061127547384,2.532482941650659,0.610738255033557
3146359.7471002378,0.2576554451013897,-0.06373332110802424,1.9281734627566807,0.5704697986577181
3513669.242327819,0.28573709917864853,-0.15977509530964631,2.150328254802835,0.5838926174496645
2033339.2293277434,0.15250274358322247,-0.07641517546449385,1.3134335910837311,0.5100671140939598
2816204.112216069,0.23007849416205373,-0.047702581602833125,1.95506846534645,0.5838926174496645
1793936.8559654774,0.12398736818041911,-0.09984693641927252,1.225157030102856,0.5234899328859061
3078343.0666207797,0.25217031449705685,-0.05523451910995012,1.8989989057919525,0.5704697986577181
2851966.5276877186,0.23318684944704815,-0.09274454287502908,1.6888550794788098,0.4697986577181208
2933411.646269339,0.2401510987329898,-0.06543480790946668,1.9915037176464472,0.5503355704697986
2557075.00486804,0.2065593609261689,-0.054449712021286976,1.5396208627616397,0.5167785234899329
2907957.4972506505,0.2379913519691783,-0.07193135303389228,1.9205347713765448,0.5838926174496645
3352854.1452771174,0.27374629058956335,-0.06105866855498828,2.238069908793046,0.5906040268456376
2008997.7992071505,0.1497300757354345,-0.14612109509003918,1.1548622510608473,0.4697986577181208
2193689.259462181,0.17013244583456433,-0.06093198777570734,1.681685681042787,0.5637583892617449
3023392.037488455,0.24766758770199515,-0.07884658351750588,1.9998290386885527,0.5838926174496645
3282113.3035989064,0.2683254700903168,-0.08482585684688287,1.9640482821946128,0.5637583892617449
2335759.7070776904,0.1849107305862545,-0.13455422472525794,1.4642999124383798,0.5033557046979866
2520609.442391316,0.20309829622302855,-0.1210442947336543,1.7181428857192187,0.5302013422818792
4552889.735701736,0.35412085413534444,-0.0797754299867901,2.408266812444093,0.5503355704697986
2229552.8127949503,0.17393365348885625,-0.12377287942938683,1.5115032713049967,0.5234899328859061
3697290.821422858,0.2989030079627051,-0.07438750934687577,1.9719485351460841,0.5302013422818792
2938979.560570163,0.24062152833736894,-0.09200368630628944,1.73504948657317,0.5234899328859061
2368305.9104265044,0.18819456022536496,-0.0692559407972785,1.6843557241747371,0.5570469798657718
1717536.7086292526,0.11424631272007568,-0.10874951503914922,1.0882367261454802,0.4563758389261745
3024769.172744399,0.24778122788058488,-0.06911604420953783,1.8922361802340517,0.5637583892617449
2361434.3761111,0.18750425987047725,-0.06882008876250739,1.7252141569041537,0.5436241610738255
2129957.4229674507,0.16325300853860258,-0.06752901135718455,1.407640750856735,0.5033557046979866
3363616.6925487593,0.2745629790610844,-0.0709625308777138,2.0362309463985926,0.5570469798657718
2435701.6242183265,0.19488144502583182,-0.08178475052433837,1.6452278390600594,0.5369127516778524
3250173.8336351616,0.2658472950672337,-0.06820545461542074,1.8919220079088357,0.5234899328859061
3778816.8787379,0.3045813609727497,-0.06408258646973462,2.3132577272501287,0.5838926174496645
2265616.653738724,0.1777070793785991,-0.12517085629518102,1.416774698015428,0.4899328859060403
2794615.696037788,0.22818678111232282,-0.07354500406683184,1.9346068800273888,0.5503355704697986
2638372.163919708,0.21413565003597101,-0.0907131107249378,1.6986815372497723,0.5503355704697986
3277032.3211398106,0.2679325321794037,-0.07662001534682386,1.8438251891949131,0.5503355704697986
2553120.288594642,0.2061859221702962,-0.0617048757335109,1.6813240994174732,0.5167785234899329
2863389.2055729926,0.23417310105698208,-0.11102910927911566,1.890766720698104,0.5570469798657718
2283791.868951668,0.17959060385547265,-0.07180212172767904,1.3723337519866459,0.4899328859060403
2680460.47506634,0.2179848365740693,-0.09480309926389457,1.7569695385604638,0.5100671140939598
2209835.856371939,0.17184994294442357,-0.058431661415297154,1.3934240502165505,0.5234899328859061
2257764.26699714,0.17688958371450103,-0.05007209379448478,1.6567979671837987,0.5436241610738255
2292390.499964462,0.18047751684216995,-0.09413718557597171,1.446623481760546,0.4899328859060403
3021542.803156802,0.24751492510343165,-0.06675870790284061,2.0635250799371794,0.5637583892617449
2637671.5761252595,0.21407116338084475,-0.0503173517171163,1.724185208967986,0.5369127516778524
3313009.8727588565,0.27070443593941973,-0.08990086591902108,1.9188712140934707,0.5704697986577181
3049584.6338619473,0.24982192247463053,-0.059731233585200126,1.8489308319380862,0.5234899328859061
2992051.2683556066,0.24507010681019503,-0.0916186489369759,1.862172834716423,0.5436241610738255
2565903.2211817317,0.20739133397841192,-0.08777115917714222,1.6693050156877125,0.5302013422818792
2701705.6378884376,0.2199094787657887,-0.10958443383487555,1.817991520669174,0.5234899328859061
2546104.3400231497,0.205522274962616,-0.06933391334480798,1.884098337298301,0.5771812080536913
1538378.707116825,0.08996524984182774,-0.08872937787220976,0.9333559237274245,0.47651006711409394
2420183.242514316,0.19335498026857767,-0.06891885485857932,1.6343032340923738,0.5436241610738255
3543900.978750882,0.28794202930268487,-0.049208761400199495,2.2635279514459086,0.5771812080536913
2407135.9697850007,0.19206551490856727,-0.1089505953822198,1.598205085511082,0.5302013422818792
3114458.9921526625,0.2550947801635739,-0.09761891910535184,1.8464433129309392,0.5302013422818792
1993003.868183667,0.14789358363967353,-0.12816185197097363,1.3058085536759823,0.4899328859060403
2352968.5086944806,0.18665158309148255,-0.05508588858218096,1.6112686596797707,0.5100671140939598
2784587.5589158623,0.22730407355269922,-0.11211264406884225,1.7688990390838228,0.5302013422818792
3290188.1016802336,0.26894893475296877,-0.05248471115565992,2.168740208802214,0.5503355704697986
2575015.461144417,0.2082476752592355,-0.08259960945482259,1.6970964560816444,0.5033557046979866
4713928.636248794,0.36356737198094957,-0.05628848609790428,2.634904133435751,0.6644295302013423
1779965.280091276,0.1222311160912446,-0.11456553915439513,1.0582533892885704,0.44966442953020136
2810307.4259257354,0.22956294420012702,-0.0943819097111074,1.695657780314928,0.5302013422818792
2278716.258130541,0.1790658211490468,-0.05767280268584794,1.6307953091195468,0.5369127516778524
3880136.004764952,0.31150330607831567,-0.061101868030844456,2.168409633301269,0.5838926174496645
2921859.324350202,0.23917276713188063,-0.07454394828266712,1.9295745390865553,0.5570469798657718
2708367.5659334958,0.22051050243370285,-0.06170354503186143,1.7127218885650743,0.4899328859060403
4064020.714807976,0.32370491854023387,-0.0630013854774835,2.3352782298849903,0.6040268456375839
5348119.48025115,0.3984283515898219,-0.07255807350234894,2.485339207429047,0.5637583892617449
2733879.0823788955,0.22280121174259682,-0.06635065404143466,1.7975654958925658,0.5302013422818792
4983129.955788365,0.37879735835559014,-0.08882793169881882,2.3319048704492276,0.6040268456375839
3222447.8747070013,0.2636801983217041,-0.07987475125536063,2.209853014924472,0.5838926174496645
2830068.497029444,0.2312872699447388,-0.058396736155421965,2.0122393916124444,0.5436241610738255
2480685.0762975016,0.19926270143719238,-0.09411574265994739,1.659051493817535,0.5234899328859061
1989897.7784571864,0.1475355627338344,-0.13640726139656917,1.333419996788268,0.48322147651006714
2703464.4843770554,0.22006827289619157,-0.06191552506190905,1.6773717229337024,0.5302013422818792
2689087.164338912,0.2187678122252701,-0.06845012135406443,1.8077390607948531,0.5503355704697986
2777330.7474960787,0.22666371926403728,-0.11719998548257386,1.8153088214858637,0.5637583892617449
3349755.771049655,0.27351078960334463,-0.0710664970137712,2.058398397501583,0.5704697986577181
2013423.0165604802,0.1502361319032064,-0.08801511521920352,1.232011087748682,0.4697986577181208
2019797.2496733277,0.1509635107080911,-0.10186905714464756,1.4120381392965768,0.5503355704697986
2078408.0910306738,0.15756707326883945,-0.07211235354341566,1.3723515132020605,0.4899328859060403
2242083.751573628,0.1752502879559763,-0.0854607315003669,1.4777378930773293,0.5100671140939598
1449096.6862647207,0.07700934763413536,-0.08643592221108001,0.7593801404537459,0.436241610738255
2503335.473973401,0.20144476861523364,-0.058355132457055384,1.5825806172230055,0.4429530201342282
2748336.591329807,0.22409178687732378,-0.09453158846924323,1.9143697765954384,0.5503355704697986
2714446.6194022773,0.2210579093845786,-0.06615599922219105,1.8801866505326872,0.5838926174496645
2221506.1339399805,0.17308505876920766,-0.10194035843140768,1.5007836382038695,0.5167785234899329
3051771.569778144,0.2500011269941933,-0.051923495995599984,2.129016888051696,0.6040268456375839
1404352.6624275104,0.0702746434134418,-0.15153682405895552,0.6961187174626522,0.436241610738255
2393170.151563317,0.1906790588418521,-0.06798391912602875,1.6793354416604136,0.5167785234899329
1535040.7770233308,0.08949184370878949,-0.19577781135546515,0.9085088610725696,0.4899328859060403
2876908.6096653896,0.23533632833964835,-0.0820147450227212,1.5799209463043096,0.5167785234899329
3721574.8648732323,0.3006047984958693,-0.05049765283286291,2.1584192896059484,0.5771812080536913
1915736.876484897,0.1388516932203514,-0.06477756661938446,1.3588668777345114,0.5100671140939598
3324660.0031991294,0.27159686269453376,-0.09805240361414037,1.827684975015172,0.5167785234899329
2301752.747214911,0.18144017236195853,-0.10338638251643427,1.639122508600889,0.5436241610738255
2675281.671880683,0.21751382913284334,-0.09882129640957171,1.5337682772998464,0.5100671140939598
3900274.2958750986,0.312861855071356,-0.08059824580448778,2.1073634291269205,0.5369127516778524
2055168.3284568274,0.15496674488314954,-0.10863601637790594,1.3601323875052365,0.5100671140939598
3355226.755942694,0.27392651011852687,-0.09058234828303229,2.201008873796464,0.6040268456375839
2094565.7138359537,0.1593612965742235,-0.10734734717818643,1.4952381907137384,0.5234899328859061
4185785.3471426894,0.33154359737843175,-0.05206669584961554,2.2838425911859055,0.5436241610738255
2655905.775962105,0.21574511356000348,-0.09127352310021822,1.7146672262279368,0.5503355704697986
1738221.15479706,0.11691727023182108,-0.08563267453824168,1.1178840862932824,0.4899328859060403
3286783.940954012,0.2686862449102676,-0.06168582701026208,2.105513050251892,0.5436241610738255
4174304.5474685933,0.33081236136888603,-0.09791339228385425,2.406202484984897,0.610738255033557
3212938.30469933,0.26293348240448333,-0.06523718442080735,1.8381285973077106,0.5503355704697986
2450531.007759641,0.19633288385822056,-0.09909947302559585,1.5949477615262349,0.5302013422818792
2954276.347749083,0.2419102842734897,-0.08619301827754594,1.7669768547989686,0.5234899328859061
1779109.1801538547,0.12212314467343743,-0.14372124801221675,1.0392072002328752,0.46308724832214765
4333120.044446135,0.3407880919632611,-0.067561059477546,2.286255579076026,0.5771812080536913
3016560.620715508,0.2471032512809943,-0.07863279989081627,1.7253043481934263,0.5234899328859061
3256068.9778003087,0.2663061593923608,-0.09814724139951202,1.923734181819297,0.5838926174496645
3415787.0351890624,0.27849241900551736,-0.06865027238000279,1.988779291338017,0.5503355704697986
4152863.9949695542,0.32944244904794173,-0.05133037687337874,2.241001941532777,0.6241610738255033
4243089.569334235,0.33516961361760234,-0.06308201792109835,2.3584484362217273,0.6375838926174496
2457288.913731943,0.19699199012256896,-0.08392396597514953,1.6175124545020958,0.5100671140939598
2509259.2354330546,0.20201283831686045,-0.10645491381649687,1.5632055382905092,0.5570469798657718
3005752.374656925,0.2462083010333198,-0.06671642308403739,1.9384776971862063,0.5704697986577181
2389142.215387345,0.19027798319290867,-0.08390098877107902,1.5993512217200692,0.5436241610738255
3115139.510631533,0.2551496237529032,-0.07984248448428156,2.140617612361277,0.5771812080536913
3704767.9688336244,0.2994279459687055,-0.06817050914543195,2.0744422764668773,0.5570469798657718
3495351.2262359904,0.28439369319697394,-0.0721856115530974,2.02643121904411,0.5906040268456376
3963616.224808117,0.3170986951581998,-0.051375790249650354,2.4059146859407465,0.5906040268456376
3868809.8670855453,0.3107367534984302,-0.08949039241445218,2.083197318457114,0.5771812080536913
2424622.646915418,0.19379245974414583,-0.0838293050941953,1.8288151396450543,0.5503355704697986
2248158.1999181584,0.17588641701019858,-0.10643452708842895,1.4916377473326394,0.5033557046979866
3309290.170314699,0.27041896944485644,-0.12929318974514506,1.90418500238768,0.5302013422818792
3165512.9595821197,0.25918290561891966,-0.11261426495312586,2.0695460814285602,0.6040268456375839
2716676.4341284726,0.22125845403191025,-0.07880289586930951,2.010407054131549,0.5771812080536913
3983518.368298814,0.31841873197550563,-0.06972096119163952,2.242191242304981,0.5637583892617449
2145928.593055261,0.1649922956773484,-0.07451778250906993,1.481333534686473,0.5167785234899329
3055091.230373512,0.2502729543596329,-0.06368752889969072,2.003964853021253,0.5503355704697986
4388421.587630548,0.34419312105502886,-0.07915901348132987,2.284224857874675,0.5906040268456376
3649055.742913442,0.295496069058353,-0.07713267927198927,2.1170016890583385,0.5570469798657718
3132291.281997607,0.25652874545811644,-0.06276582678087674,1.8932134562145722,0.5704697986577181
4945094.882019123,0.3766860945529358,-0.08143210741356713,2.2928555742403764,0.5838926174496645
1711403.4561052755,0.11344938809547478,-0.10511828583677076,1.0060253832471517,0.48322147651006714
3360198.2705501164,0.2743038076512878,-0.061740110895680315,2.128425866209235,0.5906040268456376
2134573.997979723,0.16375683033958244,-0.0854009798333085,1.3201228833704648,0.48322147651006714
2459339.381082613,0.1971916877788451,-0.13632986549791082,1.7670627530589817,0.5436241610738255
3217198.3117461707,0.26326820743923474,-0.08962030514180493,1.9526009000272306,0.5570469798657718
3136630.210720585,0.25687666778014306,-0.07868213663281547,1.838263878188948,0.5302013422818792
3011499.6553270686,0.24668451039862727,-0.06731348019517044,2.0230158109297234,0.6040268456375839
4330429.675286957,0.3406215555601746,-0.0775608003662892,2.269009987473925,0.5637583892617449
2329845.92020815,0.18431011941263908,-0.10199076222659821,1.5269184773713043,0.5436241610738255
3266996.0519677945,0.2671549426589579,-0.11126708610634506,1.8666895425602836,0.5503355704697986
3011652.5998903047,0.24669717317574102,-0.06016318157889512,2.047498478533761,0.5973154362416108
2272336.504445344,0.1784048711412487,-0.11792682006352616,1.603066969397717,0.5234899328859061
3688484.953885972,0.2982836961074895,-0.06436616507637506,2.2559389929040496,0.610738255033557
2776356.869848758,0.22657768068387152,-0.07564668716200772,1.850424829593767,0.5302013422818792
3240462.04611241,0.2650898980319347,-0.04308562397481995,2.134407831466292,0.5570469798657718
2196274.07426621,0.17040806838454192,-0.09086086530414644,1.5434844983650775,0.5234899328859061
2293153.032861297,0.1805560403917108,-0.08216131657269755,1.5564908532346216,0.5302013422818792
3320344.151159396,0.2712665506743799,-0.05771232428597321,2.0272700725617376,0.5570469798657718
2445026.06132392,0.19579490460538462,-0.11473676142196135,1.4428701830801924,0.48322147651006714
3348334.1546087735,0.273402677166807,-0.07094296460229997,2.3110436387208937,0.6040268456375839
2925373.813333124,0.2394707257064781,-0.058407181965304054,2.0470466897983743,0.5838926174496645
3656996.417331926,0.2960594021844274,-0.055181246255519005,2.2626183221951837,0.5838926174496645
2413745.122455456,0.19271939608675304,-0.06559527297597516,1.575875216856075,0.5234899328859061
2697236.0411861194,0.21950557724103548,-0.13347266553687354,1.6158874706187465,0.48322147651006714
3237971.874060805,0.2648954035271083,-0.07525750854137614,2.0900372517875914,0.5771812080536913
2556392.3616781067,0.20649493282007647,-0.07802908800904718,1.7956714089448518,0.5436241610738255
3219017.7918860004,0.2634110628932975,-0.09829879060140886,2.1799267722100995,0.6308724832214765
2627927.4760264964,0.21317282934088078,-0.09359460979204731,1.7680213279365815,0.4966442953020134
1974335.1309145414,0.14573498551802033,-0.14044338896261122,1.204029588856015,0.48322147651006714
2183846.9204816152,0.16908055894484364,-0.07022043486211288,1.5904207489431246,0.5570469798657718
3120873.3632728155,0.2556113398387607,-0.07687779424941324,2.091043479861212,0.5838926174496645
3091229.826008401,0.2532169466852394,-0.04529415376663873,2.0423656280507276,0.5704697986577181
3884792.9515030477,0.31181796881197443,-0.06445289764019821,2.057137280368663,0.5436241610738255
2165809.150761704,0.1671429118208756,-0.08766798376386084,1.5497921460285096,0.5436241610738255
1753291.6774231738,0.11884734144546893,-0.1096434752088077,1.0283167212817113,0.47651006711409394
2513478.811889805,0.20241682821275142,-0.13129683731615846,1.598708012307073,0.5436241610738255
2333331.9327455326,0.18466431032278874,-0.14633225022894228,1.3838187139524618,0.4899328859060403
4353615.239329309,0.34205405596038707,-0.047885633865638016,2.8463722856971954,0.6711409395973155
2724239.8184435773,0.2219377088524508,-0.07437822863709236,1.8133019789596396,0.5704697986577181
4524573.976304494,0.3524323131652598,-0.051844320830347464,2.47740604588131,0.6375838926174496
4433211.620661481,0.3469258645221316,-0.06609983833257117,2.5529597465600644,0.610738255033557
3731697.574647881,0.3013115607918533,-0.10054934018716796,2.1966341848228024,0.5771812080536913
2250854.7577957176,0.1761683656349886,-0.067222212808389,1.4574173666971777,0.4966442953020134
3554852.2696836484,0.28873704168442327,-0.06077162421227976,2.2609266925424985,0.5973154362416108
5415672.749634694,0.4019434074028052,-0.10314854083542002,2.6314942505031964,0.6241610738255033
3806951.555160299,0.3065182185446449,-0.06573381726367611,2.074597875011688,0.5771812080536913
3789332.6743408637,0.3053066390745758,-0.049067822516134924,2.0930603385858495,0.5771812080536913
2619373.921977123,0.21238205591742432,-0.087587828315273,1.6234231353528232,0.5570469798657718
2421454.9502058313,0.19348036580191041,-0.05816509373624509,1.663539260332796,0.5369127516778524
3607716.769996508,0.2925474256837266,-0.07377158221213459,2.139278717815322,0.5838926174496645
2131804.9435912184,0.16345473920484888,-0.0559569659968822,1.5347739438433596,0.5369127516778524
2719964.7002683384,0.22155395333256078,-0.061782033917890306,1.8687499383495074,0.5369127516778524
2346065.2534099203,0.18595447311371305,-0.0959273242508918,1.6758559727708577,0.5302013422818792
2680327.2989896573,0.2179727334546817,-0.07549351162065902,1.891652904030564,0.5704697986577181
3250436.153546404,0.2658677275885415,-0.06192528337779962,1.9789232384778113,0.5369127516778524
3264954.0192491477,0.2669964962453244,-0.07795052161387893,2.1319158057458707,0.5704697986577181
2295339.001591142,0.18078102974908905,-0.09182945391536114,1.5137284300276845,0.4899328859060403
2662653.8228508187,0.2163622725042238,-0.06694969972439771,1.7558534668297134,0.5570469798657718
3196303.509753348,0.2616230131984154,-0.1383410652583339,1.9327952323649045,0.5234899328859061
3172136.187420568,0.2597093848538514,-0.09433311845785815,2.129840452881951,0.5637583892617449
2049756.3228561599,0.15435781363797707,-0.1088922376236782,1.4119546563261252,0.5234899328859061
2703839.369659771,0.22010210801954422,-0.05891519203648759,1.9137358146255525,0.5570469798657718
2990820.197092986,0.2449676338099125,-0.07026490798415289,2.008803444397023,0.5838926174496645
2873988.645993829,0.23508546166077582,-0.07408148749788934,1.8345979620780049,0.5570469798657718
3865590.8819827074,0.31051856510704035,-0.08157384497508058,2.320864154668238,0.5771812080536913
4478577.053112091,0.34967129117017604,-0.0406144223536941,2.3709901182965023,0.6174496644295302
3801994.42770206,0.3061777911341248,-0.054303055177071145,2.2704526004243815,0.610738255033557
3577652.401986277,0.2903859585972415,-0.12613597169856716,2.103296133914891,0.5704697986577181
3021335.1941192816,0.2474977813786361,-0.05153598085106973,1.9939290329986799,0.610738255033557
2105508.946518627,0.16057020867571503,-0.07416676117988567,1.5209134481779565,0.4899328859060403
2466122.3452887665,0.1978513417119232,-0.06062586144438467,1.8598208492110433,0.5771812080536913
2158253.9932303047,0.16632748646331463,-0.19711291429539876,1.3328335859745732,0.4899328859060403
3563550.978391751,0.28936713208986076,-0.09536965583379317,2.0602030206733075,0.5704697986577181
2999695.1455129096,0.2457056208085795,-0.06364631088855015,1.762464803105145,0.5503355704697986
2994775.6531880596,0.24529676170643122,-0.1272796906045549,1.650630970104639,0.47651006711409394
3894863.758890624,0.31249740724563835,-0.07259836331192217,2.497750411487774,0.6040268456375839
2676617.5996434237,0.21763540031203976,-0.054709932487316974,1.8040544690353024,0.5704697986577181
3433965.2403100682,0.27985031289401063,-0.08224015617121427,2.0010007045582388,0.5637583892617449
2697016.855915295,0.21948575648044089,-0.09183835539963944,1.6097686107753983,0.5234899328859061
4039765.3150531547,0.322121072401349,-0.047678822219637845,2.1974724700217334,0.5838926174496645
3434986.1918966374,0.2799264062583895,-0.0946977124711949,2.0112378194496543,0.5637583892617449
3509501.373354002,0.28543192940804785,-0.06539127822915407,2.1707883978211386,0.5637583892617449
3245967.747061303,0.26551949589078316,-0.08492151317535626,2.139214593770038,0.5570469798657718
4105641.8110695616,0.3264051868456035,-0.06875458403334173,2.0187148215740356,0.5302013422818792
2811075.5249578045,0.22963014844014817,-0.09956979305452333,1.7114187633929958,0.5100671140939598
2521612.6905789366,0.20319405195945284,-0.09667836298553727,1.500713629575623,0.5100671140939598
2641612.505330474,0.21443373404134358,-0.11874117906307341,1.5461264414028477,0.4899328859060403
3925599.2108274633,0.31456235579129377,-0.06206466612734046,2.1860778368044547,0.6174496644295302
1956621.1064173344,0.1436716265847553,-0.12939729742027756,1.3513416259430604,0.4966442953020134
1831073.09346657,0.12860283326399702,-0.0915814715803344,1.2552816237682456,0.5100671140939598
3127522.52646099,0.25614591191782354,-0.05537845354962279,2.035066727487682,0.5704697986577181
3917781.501034523,0.31403835613310616,-0.1051586864495497,2.232340082949645,0.5570469798657718
2366912.450801159,0.18805470574554795,-0.09229712072824957,1.5748573081154806,0.5302013422818792
2935004.907342558,0.2402857852736937,-0.05271701474565997,2.0315466231999446,0.5771812080536913
3410070.296488175,0.27806418944621525,-0.03800321157071849,2.008148695709433,0.5704697986577181
2425301.388229605,0.193859289570121,-0.1106882641476956,1.5762598176340699,0.5369127516778524
3606244.695694938,0.2924419275752168,-0.08567016656452965,1.9417938183747572,0.5637583892617449
3012094.0727694123,0.24673372126375126,-0.08065955561831264,1.802659367221076,0.5503355704697986
3380080.6317524756,0.2758082673715041,-0.07967623337262711,2.0393296464035395,0.5906040268456376
2794300.0750742485,0.2281590378337799,-0.06911034838243729,1.9525602699762419,0.5771812080536913
2968395.0580747677,0.24309505823732458,-0.05720012882237188,1.9906365238674628,0.5771812080536913
2403526.5778630837,0.19170781059447561,-0.12037369779730182,1.640009384515064,0.5033557046979866
2691473.8175099087,0.21898407475466453,-0.07187748058021308,1.7580943766488761,0.5302013422818792
2594140.94537401,0.21003717697966717,-0.0812450796595565,1.5669540433254985,0.5503355704697986
2048169.8346631394,0.15417906631369305,-0.05562551655263716,1.5246868076586502,0.5369127516778524
3461239.0607288103,0.28187689353029133,-0.06879408866158505,2.0192249098715997,0.5302013422818792
2789387.197093918,0.22772686926143537,-0.13877804255162937,1.7483032017922733,0.5302013422818792
3289335.291382445,0.2688831461170762,-0.05923050865997337,2.0573876003248563,0.5637583892617449
4054285.0923365257,0.3230701059358372,-0.056642032908554754,2.3775943638185844,0.610738255033557
2784247.9485377828,0.22727413550789688,-0.10873176098223139,1.7388810350575434,0.5436241610738255
3294494.8753044214,0.2692809654102022,-0.06889771753636677,2.0014068115817465,0.5771812080536913
2588685.477384459,0.2095278076539111,-0.09100307986834588,1.7985367423505023,0.5838926174496645
2092941.5841590338,0.15918144665446077,-0.11580019802464668,1.2678108661027832,0.47651006711409394
2654385.3634584867,0.21560588742484454,-0.08635802311865658,1.7209830234743284,0.5369127516778524
3231829.321335422,0.2644151282508662,-0.0535928194517843,2.088934434560842,0.5704697986577181
3269105.5830762885,0.2673185432618541,-0.08547014846947784,2.073020415784432,0.5302013422818792
4588162.524758438,0.35621254929700474,-0.06557805937376494,2.287326180014724,0.6174496644295302
2257414.9449895932,0.17685316371410886,-0.06827505299139097,1.4039017467541752,0.5033557046979866
2390882.824448866,0.19045136802763496,-0.05581494283232352,1.5463721251801081,0.5167785234899329
3820659.2053119675,0.30745773961081846,-0.05523350505828307,2.304909034366938,0.6040268456375839
2290834.8338140277,0.18031725377933916,-0.07937221067936355,1.3472386048799068,0.46308724832214765
3124181.7043180643,0.25587743395806894,-0.09842528178419571,2.0240103659921904,0.5771812080536913
2497174.458756085,0.20085280502366265,-0.07970933673152145,1.5729629200782416,0.5167785234899329
3612784.051256958,0.2929103158475108,-0.07449719464167442,2.2085131919799794,0.5704697986577181
2891424.257933362,0.23658041558412934,-0.058058940541226824,1.7964160731314218,0.5033557046979866
3139109.998192918,0.25707533970721985,-0.09682078756040566,2.027301975796625,0.5906040268456376
4360351.810633008,0.34246912489923487,-0.06461365919077552,2.5839593261031366,0.610738255033557
2225510.420650608,0.1735076536633915,-0.12950949743531248,1.6557881825934013,0.5369127516778524
2496123.0097261444,0.20075166285299018,-0.061960738493777284,1.7123997905867328,0.5302013422818792
2294055.5352557627,0.18064895062907937,-0.11122386381514994,1.4349316084539956,0.4966442953020134
3426136.28715014,0.27926620457969564,-0.06308648053547927,1.9477316535001585,0.5234899328859061
2972962.0820786236,0.24347733581095943,-0.06436402877442275,1.8154681350109922,0.5436241610738255
3620469.679738319,0.29345994092163297,-0.06027494217794861,2.3215613838260856,0.6308724832214765
4686934.726680442,0.362002112122229,-0.07036951940329786,2.4895930257128254,0.5906040268456376
2088657.8184439507,0.15870654260563466,-0.07571274336851581,1.4483587570410514,0.5369127516778524
3316693.3146727313,0.27098686708114017,-0.10526158284654719,1.710151100821825,0.5167785234899329
2892047.715679658,0.23663373803594,-0.061501462140262565,1.7475342686864543,0.5167785234899329
3536303.803136027,0.2873893545538353,-0.04621137841291819,2.23817205538184,0.6308724832214765
3862051.691212059,0.31027850479534047,-0.06200978662210365,2.0900834899548855,0.5436241610738255
2629747.7736190013,0.21334084950064613,-0.07015976212005556,1.9122956462998142,0.5906040268456376
2839236.46885089,0.23208398620174409,-0.061208251881042355,1.781063976794771,0.5167785234899329
2574445.8243879904,0.20819421358436419,-0.06175536397320057,1.5803498912880456,0.5167785234899329
3055293.4733449556,0.25028950720228393,-0.062067464409899666,1.9183148015949458,0.5704697986577181
2416681.706136687,0.19300946955362686,-0.100403869925407,1.7276410634839021,0.5570469798657718
2700782.9871915146,0.21982614591858995,-0.06102270742062039,1.827382199142232,0.5503355704697986
3723010.6166644427,0.30070513545756805,-0.06286636581418077,2.177685676494815,0.5704697986577181
4577365.26355717,0.3555736362426527,-0.06323047421150893,2.436509954476323,0.6040268456375839
2414780.239479019,0.1928216763493884,-0.07787869409075353,1.7630605340992105,0.5771812080536913
3266631.962619275,0.26712669786294807,-0.09463667464642836,1.9564177502843894,0.5771812080536913
4430533.941099469,0.3467631153527604,-0.06281991747813107,2.4146477147397003,0.6241610738255033
3435241.245322258,0.27994541302586295,-0.12915205877410693,2.041610979661958,0.5704697986577181
3799826.49668768,0.30602879831030183,-0.06168738738905451,2.184199826657558,0.5973154362416108
2092735.9544500066,0.15915866804339096,-0.06602048744972101,1.5685839171750688,0.5100671140939598
3068016.208338759,0.2513290585459387,-0.0697098996503476,1.788506183904477,0.5369127516778524
3711646.258194906,0.29991009282707837,-0.05907015864016874,2.0539296471810955,0.5838926174496645
2871016.5826510005,0.23482990939334614,-0.05038450681699357,2.0068140725875976,0.5838926174496645
3037084.8300113757,0.24879567085541843,-0.056728471537442954,2.039535369014441,0.5570469798657718
3199372.669429941,0.26186520772627353,-0.08527899579050034,1.8328775830824606,0.5369127516778524
2235020.6439290335,0.1745088884372854,-0.0740612947554119,1.4508207040650625,0.5033557046979866
2610725.7966602365,0.21158043641241253,-0.13095127481386165,1.731160058814341,0.5436241610738255
3380646.577172695,0.2758509876241615,-0.07623418860862095,1.9863844218364304,0.5503355704697986
2179561.420277688,0.16862136629600832,-0.06376157961178645,1.4305640035959295,0.4697986577181208
2775496.313699754,0.22650163355386654,-0.09292479814438025,1.8035903028065325,0.5570469798657718
3227095.5021583075,0.2640445008456782,-0.05441357843078073,2.068102714441509,0.5704697986577181
4709146.706127637,0.3632906121136865,-0.08530513166108812,2.188975294030814,0.5436241610738255
1914435.612790334,0.13869693823401708,-0.11861600120044542,1.3194909039864466,0.5100671140939598
2862757.840773311,0.23411867030159872,-0.06158714806542972,1.9350128826934998,0.5503355704697986
3227138.550948576,0.2640478732464153,-0.055292581791225114,2.025815213585968,0.5570469798657718
3431952.004375004,0.27970020973814935,-0.051285330634715826,2.207262796689755,0.5570469798657718
3220206.46085586,0.2635043556833101,-0.06839415777178495,1.9415434865612347,0.5503355704697986
2584515.5193773233,0.2091378851871144,-0.10548499574608915,1.511580414443181,0.4966442953020134
3296956.2500109416,0.2694705691552153,-0.0583635246529694,2.002671441427917,0.5503355704697986
3564887.0673096245,0.2894638025652021,-0.08089589472852336,1.9631239765196862,0.5234899328859061
2987303.050946836,0.24467468445134122,-0.08934977802895264,1.8415692080720785,0.5167785234899329
3092016.140907227,0.25328069625823924,-0.05378165966504919,2.012696980821167,0.5637583892617449
2162894.863008728,0.16682864382355622,-0.10728858199230484,1.3880175240585502,0.5167785234899329
2308373.4571486507,0.1821190453309669,-0.10148407203306611,1.5070030218192645,0.5167785234899329
3673808.2154576425,0.2972488554699466,-0.12486031635269272,2.109035874070454,0.5704697986577181
2646950.8081430863,0.21492417545693465,-0.06533760852756619,1.9412229704801451,0.5771812080536913
3649066.4844209305,0.29549683175233876,-0.07010404194146,2.407201919319341,0.6308724832214765
3722663.294956756,0.30068086585243403,-0.05786246450576464,1.9912738479092744,0.5771812080536913
2102523.6517279553,0.1602409190932832,-0.06467346258588577,1.4209258689645419,0.5302013422818792
3417728.209913135,0.2786376981568688,-0.06101669606263506,2.2502847119820846,0.6308724832214765
3267253.9483346045,0.2671749478461287,-0.11181419074025929,2.007072778450889,0.5973154362416108
1752757.1688645477,0.1187791147576398,-0.07801903720531721,1.1818356093637874,0.5100671140939598
3085335.8612560723,0.2527386867839865,-0.10588617600641159,1.8498832487052932,0.5369127516778524
3578315.5809263447,0.2904337940631594,-0.06228287606864184,2.1300151557777904,0.5637583892617449
4474321.554683364,0.3494147048387857,-0.06084033691148868,2.3273622189114374,0.5637583892617449
3268117.55298829,0.2672419290183856,-0.10286750412187422,1.9853811022111751,0.5369127516778524
2459506.2312285528,0.19720793166847206,-0.0786208891771645,1.5090039710857879,0.4966442953020134
2615593.755907248,0.21203192237111934,-0.10562149039669252,1.7601801194302986,0.5704697986577181
2793254.6015023263,0.22806712214921543,-0.06445638715853869,1.8139470787851784,0.5704697986577181
3276540.312178089,0.2678944567760779,-0.10322744541625622,1.9643834730810228,0.5436241610738255
2934688.8376998003,0.24025907093521792,-0.061843943978198014,1.7403282549873296,0.5167785234899329
4292290.79729484,0.33825177300767817,-0.07964818130748529,2.178145088064651,0.5906040268456376
2625017.1362782805,0.21290400074870974,-0.1032299646822126,1.5731696598650733,0.4966442953020134
3374866.057764394,0.2754143770156612,-0.071539258310824,2.119946465771188,0.5704697986577181
3922899.7533802274,0.31438151299814354,-0.04590206507455481,2.4006266543775294,0.6040268456375839
2762469.5541987037,0.22534815175926437,-0.043672949996249995,1.7548411568173414,0.5302013422818792
3147939.079360403,0.257781677146774,-0.05241437265590755,1.855137459629539,0.5704697986577181
3836198.4326935853,0.30851954123467684,-0.07758787382446691,2.079147921801474,0.5771812080536913
2688375.455213417,0.21870329218819684,-0.07976368799153291,1.7724731372136011,0.5838926174496645
3051409.838093859,0.24997149263640694,-0.06784552394541848,1.864472424005539,0.5503355704697986
2055518.9527074145,0.1550061510681502,-0.11622613110984605,1.299753668744712,0.4697986577181208
3970253.8774753897,0.3175395346769978,-0.06364074030049502,2.3233811562364997,0.5704697986577181
2059843.1100887803,0.15549169570291355,-0.10271755739441142,1.3585666072928098,0.5167785234899329
2779161.523143644,0.2268253963819653,-0.057933212481940034,1.9271234603680256,0.6375838926174496
2046316.5903714665,0.1539701236455775,-0.08696305302227599,1.512063523924166,0.5167785234899329
1861696.5536323064,0.1323528538068861,-0.1159743666675239,1.1677982715976556,0.4899328859060403
2615932.653195888,0.21206332885729196,-0.07930431369391365,1.801869576449682,0.5503355704697986
2971284.169601342,0.24333694267661476,-0.08146259088420382,1.9242657683943707,0.5503355704697986
1942549.6796324668,0.14202188592343012,-0.07059239794766149,1.4279811110055824,0.5436241610738255
1969111.511903899,0.1451280746791006,-0.10603801971411524,1.1727022437705599,0.47651006711409394
2153800.4810703686,0.16584575018304903,-0.11805081406647684,1.4623498578144958,0.5234899328859061
3304036.0412771557,0.2700153065446338,-0.06648902117857632,2.0043046725153046,0.5973154362416108
2998996.317960083,0.24564757394037584,-0.060676448319770974,1.8896520178279128,0.5436241610738255
3045662.202591004,0.24950024819299532,-0.0802889839496039,1.8986380770056193,0.5637583892617449
5594410.015830149,0.41107747262573935,-0.0512128488724607,2.7304070567876835,0.6375838926174496
3143788.9394017532,0.2574498584691878,-0.12169074964686553,2.0490988175998677,0.5704697986577181
2562347.478409632,0.20705651583810436,-0.06886885098769634,1.7149440289221343,0.5369127516778524
4030609.8725123596,0.32152125579209456,-0.07259373449907801,2.2770840433106034,0.5838926174496645
2183833.113931225,0.16907908072672195,-0.12542786035845072,1.35936230077787,0.47651006711409394
2534221.3645434855,0.2043949048467384,-0.07464453180695771,1.7530657430430856,0.5704697986577181
3902783.1058239043,0.3130307085160202,-0.04373990052990908,2.49948079765318,0.5704697986577181
2922569.2441738322,0.23923297727412574,-0.08125421368099209,1.7915839762795507,0.48322147651006714
3471549.503386681,0.2826396838443439,-0.06950060265668583,2.0310941142890893,0.5033557046979866
1933534.4858411283,0.14095990903886668,-0.08328509545111389,1.4455216985398707,0.5167785234899329
2645434.9682247764,0.21478499247221117,-0.10710103906097301,1.8033007658445752,0.5570469798657718
2042566.9289275322,0.15354690738470533,-0.08344557162977725,1.3937055646394303,0.5234899328859061
2806099.3691549744,0.22919450248437112,-0.06627696716582612,1.8223111482457148,0.4966442953020134
2945868.5467204726,0.24120258868609734,-0.08109120998474631,1.8453250925037699,0.5637583892617449
3167847.316980586,0.25936856376103745,-0.05196253516434983,2.126622093339924,0.5637583892617449
2247142.634378333,0.1757801606476339,-0.08161808294832218,1.8681257958150652,0.5637583892617449
2824027.5118424525,0.23076116626547627,-0.06164021893968075,1.9259421192520807,0.5436241610738255
2818763.7564253113,0.23030201625796143,-0.10165039332860347,1.9864533359468666,0.5704697986577181
3052058.683392218,0.2500246463715614,-0.1084704679813251,1.7077918386784992,0.4966442953020134
2332930.0479404624,0.18462349903634045,-0.08645010538545146,1.5928844089471468,0.5369127516778524
1758097.9039920415,0.11946008000941011,-0.06940029973673065,1.0774890774077925,0.46308724832214765
1546087.5433795718,0.09105543294450436,-0.09035815632647139,0.9879385334034784,0.46308724832214765
2627929.361410088,0.21317300341687861,-0.06040072246521323,1.695187964438492,0.5369127516778524
2376136.2524422193,0.18897922992492644,-0.07515615674344052,1.5869401558972789,0.5033557046979866
3100475.137207226,0.2539656806865511,-0.051987388547997046,1.7921352987485306,0.5436241610738255
4152167.169877545,0.32939783159640923,-0.06272060402721709,2.34821288474511,0.6040268456375839
2754472.115659793,0.22463784424570554,-0.07434834489426105,1.787451527576195,0.5637583892617449
3073406.5989321065,0.25176845759253963,-0.08439092976798064,1.7164939798297343,0.5234899328859061
1867684.4724383492,0.1330803333044639,-0.07766070369702148,1.2141704520561614,0.47651006711409394
3267808.1199091217,0.2672179310184595,-0.08255595590089895,1.855755597716526,0.5570469798657718
3489280.6959638717,0.28394725033815904,-0.06419526640914333,1.9387777292545247,0.5704697986577181
2004743.728980387,0.14924275011680588,-0.08848461361078773,1.3420693262341379,0.4966442953020134
3367749.7712953365,0.27487605170692975,-0.04779415911889131,2.455833772140934,0.6174496644295302
2301878.528468224,0.18145308424206075,-0.07132408081851219,1.502493392977164,0.5234899328859061
1685658.7014276641,0.11007910841675383,-0.13080785151345145,0.9464767554978485,0.436241610738255
2814914.8074253756,0.22996584347758753,-0.08830096911316987,1.8246300705850629,0.5570469798657718
4129584.204567859,0.32794859936657716,-0.06618949179278524,2.2889975784710423,0.5704697986577181
2886095.219803103,0.23612426338395687,-0.07985421365457687,1.9518603615418209,0.5570469798657718
3025734.62848281,0.24786087189321715,-0.06288266123607497,1.9393611358229275,0.5637583892617449
2320392.364434046,0.18334746712348093,-0.16867489907549418,1.5849935442287855,0.5167785234899329
2525209.1895886,0.20353707209039174,-0.06889238928087608,1.6554162953757223,0.5302013422818792
3374894.0090435687,0.2754164896532949,-0.055907711054958606,2.3073390703737897,0.610738255033557
2462948.815441637,0.19754289186989782,-0.0675048020113218,1.6049045746266515,0.5302013422818792
2856528.2267200546,0.23358109191251808,-0.07960074483202584,2.0974424898528157,0.6241610738255033
2244781.359379556,0.1755329571162323,-0.08441569327765933,1.4598933233415492,0.5302013422818792
3041237.969339658,0.24913702370571955,-0.08499835307050743,1.9290934909360853,0.5503355704697986
3301827.261342189,0.2698454576259621,-0.047106772405355414,1.9865907061119605,0.5369127516778524
4000471.4879073827,0.31953901590754064,-0.07180809903551415,2.354053657500958,0.6241610738255033
2583356.404980111,0.20902940987608787,-0.06621872396936825,1.7166545247639051,0.5100671140939598
4019894.0947952433,0.3208178281695444,-0.06343019278960141,2.467985775128489,0.6308724832214765
2545647.0083955126,0.20547896463386905,-0.09296892737511815,1.6069559855823172,0.5167785234899329
4029162.9960314846,0.3214263643142943,-0.11986390992208243,2.2159021677611968,0.5570469798657718
2691119.1068853433,0.21895194296164777,-0.10679609272986947,1.799982354042463,0.5503355704697986
4066247.3894453733,0.3238499381955888,-0.040117192366275284,2.5441186836193146,0.6308724832214765
4067859.239210042,0.3239548756844761,-0.0741854401907262,2.157338247987335,0.5302013422818792
2738126.3179818136,0.2231809140130181,-0.09106026175662611,1.880145706974665,0.5637583892617449
3023673.1726829894,0.2476907901328964,-0.11442707268825178,1.7356324860312242,0.5302013422818792
2503897.026086102,0.2014986657717046,-0.06517790689137695,1.8649538735463163,0.5436241610738255
2047413.866540558,0.15409385351415383,-0.09167145640392128,1.3944086922821648,0.4966442953020134
2913798.771102751,0.23848830855339864,-0.059167256302499485,1.7954823239591395,0.5637583892617449
1985611.3478575207,0.14704075588058352,-0.146031626456268,1.3338279455291775,0.5234899328859061
2230823.1237109387,0.17406739519506087,-0.06818640396683406,1.4971092985634757,0.5369127516778524
2368166.4885789203,0.1881805701254169,-0.09747492198222787,1.6591815987060643,0.5436241610738255
3642349.0583223337,0.2950195140974954,-0.05393464582402361,2.198825346319779,0.5838926174496645
2919486.467062605,0.23897143397860376,-0.06446710069229333,1.9534294365232654,0.5771812080536913
1952178.0145606261,0.14315174463713265,-0.06994286815913409,1.327237724286768,0.48322147651006714
4556918.065407894,0.354360390608071,-0.04879107219133581,2.196221318874194,0.5637583892617449
3534182.2928298227,0.28723485055314946,-0.06885108183178053,2.0593665047843785,0.5906040268456376
4482447.134667133,0.3499044694043174,-0.06462321110109764,2.2703217592083527,0.5838926174496645
2407645.3157150582,0.19211595845157858,-0.10445825568756463,1.59787127859667,0.5234899328859061
3808264.445031074,0.30660832097633794,-0.04689998675043127,2.150313678108152,0.5771812080536913
2997459.506184857,0.24551988332861674,-0.09572598564955367,1.8584715767827016,0.5503355704697986
3696919.487242012,0.2988769160761986,-0.06921046748672269,1.9491873461951188,0.5234899328859061
3050324.3167945826,0.24988254596116422,-0.07417669218331707,2.0864298412005153,0.5637583892617449
3791072.8474373445,0.30542650410399697,-0.06579844963922281,2.1684717103854867,0.5570469798657718
3406164.7382154344,0.27777130149727336,-0.09838727745047812,2.0439300244903533,0.5704697986577181
2712477.771654643,0.22088072594740193,-0.09406922440892497,1.9075459993044086,0.5570469798657718
3789846.040034614,0.3053420048445279,-0.08379493310675053,2.1789600474401287,0.5704697986577181
4079925.441729465,0.32473937613300907,-0.07379764063219513,2.2077798262071124,0.6040268456375839
2562983.5908652367,0.20711644115706385,-0.12264046786966305,1.6864982564344049,0.5704697986577181
2442571.1736251074,0.19555468451843327,-0.16419051177925595,1.511530410799403,0.4697986577181208
3027719.127389667,0.24802451672129178,-0.05812331509481281,1.95854645775354,0.6174496644295302
5587657.678800309,0.41073667979678574,-0.05472526469822682,2.76939491923022,0.6510067114093959
2666110.5337369954,0.21667792983577883,-0.06481802803190596,1.6035264500904538,0.5302013422818792
3589762.94682492,0.2912583832189788,-0.06639861650617081,2.1477240092345937,0.610738255033557
3084580.4959433414,0.2526773405918974,-0.0504093564967039,2.006522284959985,0.5503355704697986
3018954.459946425,0.24730112017082195,-0.08394973675606016,2.0859948239921033,0.5771812080536913
3636685.1666735657,0.2946165095165061,-0.0824967057665611,2.229879978076648,0.5906040268456376
2830797.504114148,0.23135069771478833,-0.05023742338421681,1.8687933685117586,0.5637583892617449
2678893.594595711,0.21784240708750424,-0.0748773897946722,1.6466978908382262,0.5369127516778524
4490534.153408136,0.35039120500980436,-0.06267952319855626,2.591985414594584,0.5973154362416108
3811974.4180234545,0.30686279877369627,-0.05494589917436298,2.326797106828568,0.6241610738255033
3509847.700392726,0.28545729838299105,-0.048197770704707085,2.1567074822512233,0.5570469798657718
2619600.22503334,0.2124030041509788,-0.07025563959359805,1.8466001582337592,0.5906040268456376
3381902.5720071243,0.2759457756550612,-0.0886514869498634,2.071978130824608,0.5838926174496645
2165073.5765452683,0.16706362164998811,-0.05746082198381772,1.6864909253968006,0.5704697986577181
2726061.8599397065,0.2221011178005179,-0.06438071419284289,1.6330657527999801,0.5234899328859061
2990260.204204858,0.24492100945970074,-0.05912510063323116,2.147339990838492,0.5771812080536913
4326058.065117734,0.34035077213855724,-0.05645470398356576,2.3008839480727756,0.5570469798657718
1655737.4749123657,0.10610994147752528,-0.1470129475717223,1.0588086795671392,0.5033557046979866
2398786.86899015,0.19123743437406016,-0.07429379605999868,1.7325197151677754,0.5637583892617449
2686943.162923572,0.21857340620559262,-0.09121475495329666,1.746647120947804,0.5033557046979866
3103866.452933545,0.2542398795729608,-0.04367861105665592,2.1587813583951796,0.610738255033557
4040693.1206737603,0.3221817966559035,-0.07511554208725402,2.04134230504148,0.5369127516778524
2546435.824957374,0.2055536634376811,-0.04365786224823643,1.9257114180635275,0.5973154362416108
1625894.0942610183,0.10209352468487176,-0.09454560781842553,1.0873226720272862,0.5234899328859061
2856671.3242155667,0.23359345088912975,-0.0554857259263957,2.1605144671600147,0.5838926174496645
3340086.463226371,0.2727747233695528,-0.08070543535183568,1.8198838546678262,0.5100671140939598
4494942.637286526,0.35065624436898224,-0.0762989607173192,2.3170573067763236,0.6174496644295302
2545163.2198265586,0.20543314199782414,-0.08234291618511722,1.5843239016116901,0.5302013422818792
1904122.8683970522,0.1374674922600121,-0.10380051353983019,1.2373498590189003,0.5167785234899329
3052294.6409533513,0.2500439738928646,-0.05122657491318245,1.983791341937344,0.5704697986577181
3099678.4419831177,0.25390123048944324,-0.06224232148005145,2.0336463434916663,0.5906040268456376
2143899.55330547,0.16477190528647356,-0.11528457844347587,1.6136165873756845,0.5302013422818792
2644560.83146209,0.21470470105593575,-0.06812717151629805,2.0335156325935912,0.5838926174496645
5950277.236983466,0.4285894553221339,-0.05501988164838592,2.8825237142721014,0.6510067114093959
3161938.2333611655,0.2588983849845945,-0.045477287521812904,1.9688112451494661,0.5771812080536913
3026074.932913804,0.24788894001769757,-0.0810823475122205,1.7140849750731788,0.5503355704697986
1657051.3692155483,0.1062854343304509,-0.09007699328062221,1.0779006753794556,0.44966442953020136
2096953.5885393757,0.1596255182145514,-0.07386040848050696,1.6280769988788515,0.5637583892617449
2012760.782369978,0.15016045720168814,-0.06843618095268975,1.4372252647850667,0.5234899328859061
2522901.9279801236,0.20331705940142042,-0.0655995979700721,1.6398939748776158,0.5167785234899329
2167610.6387424874,0.1673370096907727,-0.05877398595981485,1.4402496066048245,0.5302013422818792
2407478.160873774,0.19209940505921952,-0.08142448188049245,1.4693506075998073,0.4966442953020134
2621278.9485251494,0.21255835364853115,-0.0712591796333802,1.8504533523358098,0.5570469798657718
3062929.037035275,0.2509138096598855,-0.07386273952825495,2.04508050458947,0.6040268456375839
2532855.748359995,0.20426507437243102,-0.05398597191667091,1.864063393575083,0.5637583892617449
2821677.0727806296,0.23055622543744825,-0.0877810082717944,1.9326313808401288,0.5838926174496645
3482687.212867115,0.2834616436282307,-0.07530945224750639,2.0568906208073052,0.610738255033557
1754137.8029250957,0.11895531008390314,-0.11893793576667007,1.1380272482071978,0.4966442953020134
1801695.6815238965,0.12495794569068819,-0.11009932880171197,1.1645848003168355,0.5033557046979866
4261977.041562447,0.33635616396151913,-0.09754292870792275,2.062900760478993,0.5637583892617449
5662271.484207958,0.414484320413145,-0.05331892496884866,2.6615326790103797,0.610738255033557
2479856.326498413,0.19918256054589278,-0.08478664672370183,1.8216012316105608,0.5704697986577181
2377070.977088253,0.1890727593556496,-0.07647885262803723,1.3944845868439095,0.4563758389261745
2267462.034226427,0.17789886909961616,-0.07094217807260625,1.6114162236423535,0.5570469798657718
2631082.1009820704,0.21346395373315796,-0.09105130336136556,1.8016584405344271,0.5369127516778524
2860399.464413774,0.23391526672914642,-0.13675407080635144,1.9126324593778363,0.5570469798657718
3217375.849332859,0.2632821495476605,-0.10065126616572682,1.8598728428504325,0.5436241610738255
4045843.7995219612,0.32251870242467295,-0.04412716390468902,2.57137149857309,0.6174496644295302
1808095.0058844315,0.12575594557294711,-0.09604080357630414,1.1050434332154984,0.4697986577181208
2591481.278609041,0.20978895482218873,-0.12857023512555235,1.681537752077587,0.5302013422818792
2572528.329921692,0.20801418289850693,-0.08187066759377054,1.8551822138357987,0.5906040268456376
2230209.1337960074,0.17400276031593176,-0.11769494579240658,1.4914387035170755,0.5033557046979866
4029143.25556506,0.32142506947345884,-0.07661886475218337,2.409728816084289,0.6174496644295302
2163449.373007455,0.1668884665934578,-0.06724684037242393,1.376878482593323,0.47651006711409394
3570835.640276482,0.2898938501229762,-0.07437430148116872,2.3305603518510125,0.5704697986577181
1629008.6406956802,0.10251543338944069,-0.08242207548489713,0.8978952202691703,0.42953020134228187
2164383.914191631,0.16698926090520616,-0.09160865999441795,1.296154960484935,0.44966442953020136
2804019.8339910815,0.22901226294725996,-0.05773473370400267,1.6910008442748201,0.5637583892617449
3015396.9993617157,0.24700702381415285,-0.08392837651000021,1.8805242798416755,0.5771812080536913
2203020.3719890267,0.17112621532770933,-0.08424677676342125,1.5487732390766136,0.4966442953020134
1787320.590956751,0.12315706097602708,-0.1569511379678888,1.1578938672320345,0.5033557046979866
3111038.864014641,0.25481900374267585,-0.04105588986750108,2.0287195778442846,0.5234899328859061
2676038.7440380356,0.21758272965359882,-0.08761998886531217,2.0151982580881103,0.6040268456375839
2757198.1598954448,0.22488014810613444,-0.05722803610919457,1.923816234669379,0.5570469798657718
2419200.317056325,0.1932580314448411,-0.07221275871768024,1.829331698869582,0.5570469798657718
1575400.0371048409,0.09516150590333639,-0.20657341117322017,0.8568095872423591,0.4429530201342282
3497523.424194516,0.2845532916982316,-0.0665717177670937,2.245319920928506,0.610738255033557
2583846.061096089,0.20907523891961888,-0.08148150601443296,1.6790128081016709,0.5100671140939598
3417213.636151669,0.2785991934544645,-0.07744836020550255,2.2005135969984715,0.610738255033557
2886241.1394625963,0.2361367627070985,-0.05611232356325138,1.9123771437989576,0.5503355704697986
1972755.0858940734,0.1455515422291458,-0.06280709358785581,1.3214332758410234,0.47651006711409394
2292798.7681901064,0.18051956178444462,-0.0781156419823759,1.6819445176059873,0.5302013422818792
3551262.836521419,0.2884766817825024,-0.04820823661002405,2.2453003226682027,0.6040268456375839
2939956.3507825136,0.24070398320781794,-0.0937393789361823,1.8813052335977665,0.5369127516778524
3891959.325185549,0.3123016006897483,-0.06746047526850016,2.1395264469958466,0.5838926174496645
2083574.295658751,0.1581419643440276,-0.08850419590010809,1.329537717520162,0.4899328859060403
3949638.9258903707,0.3161684585316267,-0.07866265784164106,2.332392823751409,0.5906040268456376
3372458.4892397947,0.2752323535486323,-0.051332191476325166,1.962572225268081,0.5704697986577181
4231797.929052956,0.33445822967484085,-0.04993983883913605,2.1462982372586046,0.5704697986577181
3056122.768365816,0.2503573727816095,-0.08874151445162991,1.8691036341421197,0.5704697986577181
1771025.0101494724,0.12110151345537479,-0.08639740093486882,1.0958102578790476,0.5033557046979866
2046595.2207355476,0.15400154728808912,-0.09820936578706745,1.3654067581155696,0.47651006711409394
3221673.5627830722,0.26361946333117414,-0.08267220959685204,1.7692431245733544,0.5234899328859061
3098209.46313096,0.2537823598585207,-0.06181364155427451,1.8529943389883163,0.5503355704697986
3228427.744907759,0.2641488507853784,-0.08889400680977902,2.145559194109336,0.5906040268456376
2637180.735391409,0.2140259750451643,-0.10400309340359624,1.6865977377522907,0.5302013422818792
3316581.234625799,0.2709782769475477,-0.1097094427893351,1.9669726464341812,0.5704697986577181
2646509.2154742437,0.2148836354202257,-0.0605080362361201,1.7868208684340214,0.5436241610738255
3911827.29830765,0.31363870079414613,-0.056691325126268836,2.4205759591470204,0.6241610738255033
1934920.6846258757,0.1411234586307084,-0.07682169685833182,1.3150062762403751,0.5033557046979866
2772539.4599917117,0.22624019329931055,-0.0516396390457401,2.174844386629023,0.6040268456375839
2211879.7939550425,0.17206663799665578,-0.08425111556405995,1.4693335514686487,0.5302013422818792
1285226.3940371308,0.05146767826076215,-0.11605371736428642,0.5873290662440399,0.4697986577181208
2672755.335809824,0.21728379641253692,-0.0824354600495107,1.8574967627518322,0.5302013422818792
3819205.713827324,0.3073582453696946,-0.06126312022181326,2.197035115456684,0.5838926174496645
3843752.6620009546,0.3090344822595916,-0.061555054508279236,2.302537361047641,0.5973154362416108
3193637.3479165,0.261412469112311,-0.039193292350752834,2.308288553742541,0.6442953020134228
2235706.4642502163,0.17458095964750453,-0.07011696712526183,1.4075951522207215,0.48322147651006714
2110609.1052644765,0.16113191282059547,-0.09571355290600302,1.3820942988862712,0.47651006711409394
3180830.4457680816,0.26039915670755964,-0.09329879687119942,1.918221605037261,0.4899328859060403
3176807.329469574,0.2600801645568498,-0.04708889394816253,2.0582463101654302,0.5704697986577181
3802382.3925163844,0.3062044471616949,-0.04730765260052843,2.204721583599988,0.6174496644295302
2004341.6327220728,0.14919664514270892,-0.10049495933506376,1.3784513442955293,0.5033557046979866
2117991.0942626963,0.16194300535253747,-0.12395795913236352,1.344298261983079,0.5234899328859061
4100717.004473124,0.32608682368480224,-0.04455019043150996,2.5979290431069035,0.6442953020134228
4070055.5206920845,0.32409780834918345,-0.06443753250467496,2.2308970262769567,0.6174496644295302
4001688.5491134836,0.31961929466241346,-0.09239310440652221,2.1799855356147946,0.5838926174496645
2356757.5047157505,0.18703351126375423,-0.055712472706806716,1.6078787657780693,0.5369127516778524
2329659.249936039,0.18429114111233003,-0.06864738088168308,1.719610967062081,0.5503355704697986
2848682.5419020467,0.23290272025915115,-0.047558212923039016,1.9594246510538875,0.5503355704697986
1763839.9395245516,0.12019036907009739,-0.13301493594911962,1.2514853568477122,0.5234899328859061
3271397.3827037513,0.26749618365756933,-0.07018649978352781,2.0759580547082677,0.5436241610738255
2670925.270841545,0.21711705321776886,-0.08620460394028803,1.745532748912151,0.5704697986577181
2128144.7142247446,0.16305494288068978,-0.09355448309775591,1.5130957047729374,0.5167785234899329
3197793.647165897,0.26174062663275177,-0.07583512408647171,1.9172938909043966,0.5436241610738255
2433698.7702475684,0.1946848724600636,-0.10598644703115166,1.7441230505425582,0.5369127516778524
2826339.161123252,0.23096259185744739,-0.07118052259913854,1.8911577149625913,0.5906040268456376
3411277.989442586,0.27815470315254087,-0.06625657370837355,2.1839448377514894,0.610738255033557
2615230.322420434,0.21199823843445254,-0.06934469923753678,1.7380550815246334,0.5302013422818792
2871324.8240821674,0.23485642330453693,-0.06458766850270001,1.7826408112118939,0.5234899328859061
3776360.166936739,0.30441168806658636,-0.07240814636655961,1.9968609357162364,0.5704697986577181
3096820.760180039,0.25366994373321483,-0.08896518680426328,1.8324671717779804,0.5302013422818792
3399487.2897635195,0.277269919374574,-0.07912567155434953,2.2543513954556977,0.5771812080536913
3115073.588562591,0.2551443114540386,-0.11960007989803481,1.8466494151136479,0.5637583892617449
1904092.112812526,0.1374638177383507,-0.15732547145391462,1.1740239795703615,0.47651006711409394
4612750.864444665,0.35766305415190836,-0.054382819942124634,2.4668875007865783,0.5973154362416108
3071686.5964603247,0.2516283181800616,-0.0640042285972654,1.9591219355874836,0.5436241610738255
2548149.054021677,0.20571583787344538,-0.11195808092754087,1.7349941154092057,0.5369127516778524
4139561.107525256,0.3285896338508265,-0.05586719465421153,2.2916055511770903,0.5771812080536913
4482133.814488981,0.34988559738542824,-0.05425645472652521,2.3168555650052043,0.5906040268456376
1960184.5626505842,0.14408790116140824,-0.08304888720788367,1.427898704064598,0.5234899328859061
3034009.98874529,0.24854270429993308,-0.09070227821191856,1.7665388210374278,0.5033557046979866
2696837.9166392125,0.21946957417966262,-0.06452639297254437,2.047538119274938,0.6241610738255033
2650634.3182621878,0.21526212631587094,-0.05484010386903875,2.0091318366471955,0.5906040268456376
2318702.697760531,0.18317507856951876,-0.11577165136990443,1.514208646502565,0.5033557046979866
2175894.6850724355,0.16822790075701688,-0.11494866245454091,1.4214830100956033,0.5100671140939598
2466467.9518008493,0.19788491360833071,-0.06317242118928418,1.5773268802914555,0.5302013422818792
2898368.404888223,0.23717380888066897,-0.06574474707134192,1.8611185736650562,0.5369127516778524
3738437.022556793,0.3017812554882062,-0.048075391241416215,2.4020762198238907,0.6241610738255033
3449634.321832098,0.2810161707237604,-0.05074663138401091,1.9968287824743185,0.5570469798657718
2650493.3929649843,0.2152492037623961,-0.11603669459231275,1.823789874084239,0.5637583892617449
3133940.695092045,0.2566610510690883,-0.0811799972554854,2.177569366332646,0.5704697986577181
2224141.392919217,0.17336324095117672,-0.07507738219652312,1.4298759918193815,0.5167785234899329
1731607.4191574408,0.11606602481401573,-0.09735482416733829,1.0175750148362097,0.4563758389261745
2390878.0665147956,0.19045089421992056,-0.11458567282630333,1.4535702458758968,0.5033557046979866
3426330.548459044,0.27928071108325936,-0.044486549079410305,1.9935601878837559,0.5570469798657718
2346021.9526130483,0.185950095302585,-0.0632955677115288,1.7988612618249564,0.5771812080536913
2831439.0918089934,0.23140650868978896,-0.06118213236588246,1.8471886900221344,0.5570469798657718
3187181.7946382826,0.26090209760547434,-0.054020961442457945,2.3129962526966046,0.6174496644295302
3019726.3574689766,0.24736489656789296,-0.06124571574971309,2.2071485033243907,0.6040268456375839
2924871.0601894585,0.2394281198252779,-0.06487360699695596,1.6924041452845235,0.5436241610738255
2238701.385716223,0.17489548164338187,-0.0721804309011703,1.5360778098706465,0.5436241610738255
3213637.640427381,0.26298845623439626,-0.11291717745322687,1.9245882656881605,0.5369127516778524
2792508.078981405,0.2280014727246209,-0.0894705471080771,1.8129161552223032,0.5167785234899329
3035587.0351030263,0.24867247318474495,-0.07680260909359422,1.8195759062922265,0.5436241610738255
2754973.0797627764,0.22468238671675822,-0.08158335191252858,1.705396342733279,0.5033557046979866
3387614.316286869,0.2763764774493207,-0.052560593198410936,2.169146021969113,0.5570469798657718
2319217.576813344,0.18322761984287417,-0.06598499882529371,1.5601288903871056,0.5100671140939598
3097728.4129313887,0.2537434231937308,-0.10175970920788868,1.8529667277997677,0.5369127516778524
2316804.0305712484,0.1829812467455536,-0.082903537480904,1.6955498146207135,0.5637583892617449
2667928.843634923,0.21684384150515879,-0.11648462818929337,1.8488164414049253,0.5637583892617449
3612497.779270844,0.29288982551481824,-0.10118885464036567,2.0135834540568056,0.5503355704697986
2586396.8354103775,0.20931386466356683,-0.08078016222023242,1.8041247355549581,0.5570469798657718
1713220.2296026489,0.11368568853126093,-0.15719369681764497,1.0028703547584534,0.46308724832214765
2645170.8258886044,0.214760732646053,-0.08263891989796122,1.8326642022646595,0.5637583892617449
3691443.6303861095,0.29849191002905884,-0.06800565360494462,2.39975744558615,0.610738255033557
2862714.112764242,0.23411490009921798,-0.07333924955841607,1.7802188078710237,0.5838926174496645
2626545.429512414,0.21304519917499243,-0.07327514472724785,1.6435095841767484,0.4899328859060403
3091954.8736157697,0.25327572954921895,-0.05181006241632977,2.091517039826791,0.5906040268456376
2882337.781944405,0.2358022309896428,-0.06710070516071376,1.9567463348185787,0.5906040268456376
3269219.9259573547,0.2673274084895103,-0.04417346018117631,2.007092092976131,0.5704697986577181
2642144.5197626622,0.2144826469102472,-0.0942250893409026,1.8524078138466098,0.5570469798657718
2632889.1500349436,0.2136305913858061,-0.07451471901761406,1.7112724976140656,0.5436241610738255
1975917.8242307932,0.14591861856987043,-0.1080307147680985,1.307499538441542,0.5167785234899329
2788049.362345725,0.22760907917002782,-0.08520835614156602,1.6650664973819547,0.5234899328859061
3570645.906366065,0.2898801423060622,-0.06122770843850783,2.225535980403344,0.5838926174496645
4022556.1068810117,0.32099271347589675,-0.07363487875443218,2.3044391310104513,0.5973154362416108
3188923.7430551853,0.26103989623326185,-0.11848682316109369,2.2749466066529345,0.610738255033557
3241549.284494633,0.2651747791208017,-0.04491779427448016,2.1644031474241214,0.610738255033557
4033566.758049959,0.3217150944945668,-0.05422444619570812,2.562870316386083,0.6241610738255033
2603472.654481349,0.21090648228151077,-0.06692221729525528,1.6346274742646514,0.48322147651006714
4201031.964190139,0.332512209907704,-0.04480868107815995,2.4269438189141175,0.610738255033557
3919602.9720358015,0.3141605190341581,-0.04000670350000002,2.4925785878644446,0.6241610738255033
2784310.231287707,0.2272796262059622,-0.12818598206689108,1.7974969876991962,0.5167785234899329
3221140.336793223,0.2635776316968448,-0.08222768201934043,2.129888458483431,0.5704697986577181
3617199.3491409733,0.2932261828071052,-0.04961956537176262,2.044541075067744,0.5167785234899329
3204910.8749635974,0.2623017704978956,-0.10604666122278979,1.9279861025265301,0.5906040268456376
2354401.5580225685,0.18679609128385666,-0.07062598058392636,1.7358170771939339,0.5369127516778524
2100273.277977253,0.15999244681025337,-0.11080244460404069,1.4278259518486565,0.5100671140939598
4833877.595084069,0.37043717127741727,-0.055825875883505675,2.674695793542101,0.6577181208053692
3683280.215958473,0.2979170933587454,-0.08124835628465658,2.105381265553415,0.5838926174496645
3166019.1071141413,0.25922317028185193,-0.05991400212647187,2.0875763235543205,0.5704697986577181
2877567.969558801,0.23539294859961823,-0.10714040098988739,1.9548088913210848,0.5973154362416108
3785287.0580125623,0.3050278023018924,-0.10322592983280358,2.1015664050806935,0.5570469798657718
2269090.5828937655,0.17806801987199217,-0.11455417776132702,1.6664803116347038,0.5771812080536913
2629790.010410479,0.213344747007147,-0.1279244842063132,1.4795455658380479,0.5167785234899329
4102460.464219999,0.32619956425731944,-0.0411874927290041,2.3148957069059164,0.6040268456375839
3662684.88294591,0.29646235616892747,-0.06744904333558512,2.249280123534167,0.5838926174496645
1752774.1332958282,0.11878128041735247,-0.10279738922632814,1.142881600491592,0.5167785234899329
2320909.564725041,0.18340021450398725,-0.06638717996116994,1.4428823048665578,0.5167785234899329
3954668.4126887424,0.31650349081116724,-0.0526918666895933,2.569323688766741,0.6174496644295302
2855001.1314252876,0.23344916961450046,-0.06100375181384206,1.936853772672906,0.5906040268456376
3147910.457362138,0.2577793899134444,-0.06964915510962742,1.9952137021072325,0.5570469798657718
1611346.4478334049,0.10011423729495816,-0.08761165655531833,0.9504291071757188,0.4563758389261745
3418302.071040369,0.27868063376492347,-0.04859834249216003,2.0407350005100144,0.5838926174496645
2551028.3084482327,0.20598819200896323,-0.12342870670347857,1.5863400720982577,0.5436241610738255
2407397.2506919936,0.1920913921702314,-0.06036002796244963,1.7203949561819778,0.5503355704697986
2551079.788735158,0.20599305938866275,-0.09772953301227284,1.7004051539634681,0.5167785234899329
2913311.8439743663,0.23844691284163289,-0.06599719826087888,1.7339881969612458,0.5302013422818792
3176839.8120559426,0.26008274138894105,-0.0574069978329168,2.0061115647863588,0.5570469798657718
4533707.78755919,0.3529779070207333,-0.0459412770605181,2.698133157049271,0.6510067114093959
3186482.9986417815,0.26084680169334407,-0.08047307572418894,1.8800287720355442,0.5771812080536913
3468446.760881737,0.2824103266544875,-0.04042292814452812,1.9889493215058227,0.5234899328859061
2849578.2998623652,0.23298024687212404,-0.07794777536666014,1.8473489863983226,0.5704697986577181
2819741.56656629,0.23038736111133362,-0.1844768121679017,1.9704293338346581,0.5906040268456376
1968942.8778869065,0.14510846033410885,-0.07345300672352181,1.2196082125153163,0.5100671140939598
2241267.9985535345,0.17516475559994338,-0.10297944136327754,1.3864058765119855,0.4899328859060403
3952864.230245758,0.31638334693062586,-0.055135513360180397,2.4561371798706726,0.6174496644295302
2656448.114493763,0.21579476077088988,-0.06585771334555872,1.576190096253999,0.4899328859060403
3581322.268995686,0.2906505792188263,-0.07274276552647185,2.2498507419959317,0.5906040268456376
1850466.0131895214,0.13098337910909463,-0.08736545278140831,1.2176687352137996,0.46308724832214765
3436812.6947307163,0.2800624936836418,-0.125093846418728,1.9625198985896393,0.5369127516778524
2941096.400506402,0.2408001917712561,-0.06497828244596013,1.9524740394615634,0.5771812080536913
4007448.0230155457,0.3199989314600533,-0.05987414670642108,2.519393061297827,0.6040268456375839
2851818.142578475,0.23317401687191364,-0.08299731622141956,1.715911278607912,0.4966442953020134
2613279.839413718,0.21181739872004512,-0.12695090503930104,1.7722442181858515,0.5637583892617449
3080914.496152354,0.2523794394928627,-0.0675532600859316,1.9439395426981363,0.5570469798657718
2354970.4446039316,0.1868534380966238,-0.07849055015750458,1.4977775133833713,0.5436241610738255
3889562.675756894,0.3121399390891766,-0.060563489142557374,2.2605578055519686,0.6040268456375839
4722169.436887762,0.36404379147405863,-0.0665788421775083,2.1802746540154727,0.5570469798657718
3236673.385872272,0.2647939378362225,-0.05128784755844316,2.239149133313996,0.5906040268456376
2172689.583944821,0.16788353697139446,-0.07029973856565758,1.5010689910847854,0.5234899328859061
3084789.217098023,0.25269429286043543,-0.06509162106022752,1.9110424377088968,0.5369127516778524
1922353.9922807307,0.13963734633126368,-0.0797049569939092,1.3486546211041792,0.5033557046979866
2516731.2188068,0.2027278494299447,-0.07660859333127852,1.6175906542413963,0.5503355704697986
2340438.2943104957,0.18538503210395385,-0.10205989832296256,1.6754997947230075,0.5704697986577181
3712481.833326072,0.2999686153626444,-0.06445704032410936,2.307571303364022,0.5771812080536913
3850530.438309109,0.3094958070310476,-0.11972750712835427,2.15958865537324,0.5906040268456376
2300451.281820959,0.1813065392966191,-0.08978425860407557,1.5709461964100908,0.5302013422818792
2162956.521008268,0.16683529634290495,-0.07299233222157228,1.4648228789780702,0.5302013422818792
1648347.975934449,0.10512086814972332,-0.0928885189607652,1.0654997451143218,0.5234899328859061
4209801.1543027805,0.3330680404128923,-0.07402184535234939,2.374985738174738,0.5906040268456376
2672605.514822253,0.21727014916638443,-0.1000175664917804,1.6544040884852713,0.5302013422818792
4749541.942027133,0.3656214995334379,-0.08021078557060918,2.866484072126012,0.6845637583892618
2467419.2897427045,0.197977306261375,-0.07735714223742109,1.6408599300897235,0.5167785234899329
3214585.955415176,0.2630629866991272,-0.07451467805692613,2.1643608722539738,0.5838926174496645
2335128.130573979,0.18484664499316428,-0.11733306121725254,1.4527109686465511,0.4899328859060403
3342916.5361199,0.2729903360545125,-0.0780022958241255,2.021050815729198,0.5838926174496645
2905854.8175352747,0.2378122673346701,-0.11319440364920388,1.944827035580625,0.5704697986577181
1657946.8070222174,0.10640497145142169,-0.08693083512625706,0.9155587222553694,0.4563758389261745
2026923.3583565303,0.15177451691913002,-0.06888897075790532,1.3700253826865096,0.5167785234899329
3768947.7797332276,0.30389921550822674,-0.05242701890425937,2.090488093128321,0.5704697986577181
3980030.0638718563,0.3181877473410304,-0.06934651043475945,2.351043443605455,0.5906040268456376
2355454.2312670527,0.18690219766294702,-0.0992634000107698,1.5276187793665739,0.5436241610738255
2783842.0929801045,0.22723835384741875,-0.058299150754384264,1.895553600803682,0.5906040268456376
2168753.3857658925,0.16746006589419982,-0.056709193351423284,1.3532197609219827,0.5100671140939598
2276608.4932280583,0.17884761815355388,-0.0870047432309481,1.3247364124465377,0.47651006711409394
2284212.7557580015,0.17963407870396075,-0.11805858619020372,1.651148827069963,0.5302013422818792
1884305.0690942314,0.13508985802228635,-0.08902203464354201,1.194461016906482,0.46308724832214765
3827438.6770480555,0.3079214076689194,-0.0518569717041883,2.364092408202933,0.5906040268456376
2601160.422739348,0.2106913164641635,-0.09715995700589235,1.560006362655273,0.4966442953020134
2112498.6616613045,0.16133974277410923,-0.08522690348333035,1.4767146793058645,0.4966442953020134
2718619.489599551,0.22143310083865453,-0.06525131714679504,1.9526350187545551,0.5771812080536913
3841168.2951418436,0.30885840768685235,-0.0620596258516232,2.0654393720001827,0.5302013422818792
2415077.715729201,0.19285106358968762,-0.0906395871538299,1.4876146811478572,0.5436241610738255
3061091.058259976,0.250763645874434,-0.06071155417680374,1.9674402848499823,0.5704697986577181
3166485.2019675206,0.25926024415034155,-0.05284696662282559,1.8751944740899016,0.5369127516778524
2170606.163751266,0.16765947127993552,-0.06528455500638373,1.526605827858197,0.5234899328859061
4189521.4214354465,0.33178120968932356,-0.08437556963234173,2.1774311368105286,0.5369127516778524
3977229.9316048827,0.3180022141079921,-0.06215575420802896,2.31843094374785,0.610738255033557
2307962.4368688446,0.18207694559981724,-0.10296071511113934,1.5681686588673722,0.5503355704697986
4325655.032329194,0.3403257967252189,-0.049124718489176405,2.3314796748701556,0.5771812080536913
2454473.255868969,0.19671755224994114,-0.10862323200554175,1.5926754959937848,0.4899328859060403
1654193.8280412394,0.10590361888430722,-0.10705278533593679,1.048342394717094,0.4899328859060403
2670600.106472703,0.21708741686840516,-0.10129836808199505,1.5816291212818832,0.4966442953020134
2244798.4932762757,0.175534751624967,-0.09571056463227344,1.434143541919844,0.5167785234899329
2594706.7442809856,0.21008995576114442,-0.07294427711333015,1.7982395769400947,0.5637583892617449
3484708.530392968,0.2836105907651083,-0.09237624756390352,2.239092503351707,0.6040268456375839
3370129.2409687755,0.27505615249473925,-0.11225378046073343,1.7716265797363775,0.5033557046979866
3621458.037281316,0.2935305539319917,-0.10019727547532287,2.261046783708286,0.5973154362416108
3033171.107487884,0.2484736541034056,-0.07658494096260943,1.952521634994529,0.5771812080536913
2503448.8493010737,0.2014556510341634,-0.13623351822173457,1.6419027015097907,0.5302013422818792
1775755.3265844835,0.12169975550785606,-0.07779064484845441,1.1385692342673206,0.47651006711409394
3932842.2347028633,0.31504709132869224,-0.08105623079218517,2.435428706752274,0.5838926174496645
2550114.8608843074,0.2059018139168438,-0.15284476150465512,1.6959381733775472,0.5570469798657718
2501445.822881076,0.20126333090906323,-0.05318429139515752,1.4090347229382394,0.44966442953020136
3009029.7589910636,0.24647994838523335,-0.08918239498377763,1.8846635272147905,0.5436241610738255
2896164.2632609946,0.2369855832454575,-0.09126880496929514,1.8657950193609931,0.5570469798657718
3861397.9590849127,0.31023414344415046,-0.061723868740624445,2.2215445747308005,0.5771812080536913
3458387.2018651515,0.28166558553586407,-0.08949868780832189,1.9092126428214262,0.5570469798657718
2365606.20149247,0.18792354429642266,-0.1073169671323697,1.5940690620167006,0.5302013422818792
2404535.5170688657,0.1918078435132453,-0.0712981062866428,1.481641517743154,0.5167785234899329
4021344.91415122,0.3209131536405907,-0.10004171781939512,2.112699174134105,0.5704697986577181
2925084.0290211113,0.23944616861208723,-0.07209301811567301,1.7269426705400912,0.5436241610738255
3339625.300468701,0.27273957525427583,-0.07268171405254985,2.0176954968056076,0.5771812080536913
2739619.2483190307,0.22331426985886615,-0.0831661251154159,1.8639026674578603,0.5570469798657718
4275356.224787949,0.33719412931280135,-0.044710937564302465,2.3304262552075925,0.610738255033557
2838813.2547828625,0.23204725334244714,-0.04770363282436818,1.9116540625301734,0.5436241610738255
3015679.1265543564,0.24703035748630464,-0.04771680264617916,2.025252783572031,0.5704697986577181
4383201.224157441,0.34387316464689865,-0.06228395216384552,2.3013342104401846,0.5838926174496645
2783609.9030456822,0.22721788128535603,-0.0807712410957302,1.8678195921639116,0.5503355704697986
2499640.6121632336,0.20108989843454794,-0.10581015730164545,1.565348092813246,0.5369127516778524
2651678.161393783,0.21535782742686482,-0.12211322276274572,1.5547874841666882,0.46308724832214765
2859724.2312243483,0.23385700499083795,-0.0644016653309594,1.9201261006233614,0.5503355704697986
2939177.3487024,0.24063822621529884,-0.11313149468019014,1.6931565050035864,0.5369127516778524
5031733.618724096,0.38147658477772195,-0.08723931471678659,2.603805553387622,0.6174496644295302
2687640.130280432,0.21863661690470693,-0.06314800485925705,1.8373219825593818,0.5503355704697986
2275997.6047104215,0.17878434668778453,-0.12560006050827344,1.709317797914032,0.5503355704697986
2677777.1201260583,0.21774087885326732,-0.0730064525156344,2.1082601102451086,0.5838926174496645
2327062.766614566,0.18402703691031475,-0.07504793835307687,1.6232515838571453,0.5436241610738255
2972973.500532154,0.24347829099074092,-0.09487132675394389,1.8724386693624502,0.5838926174496645
3160130.041989536,0.2587543688839389,-0.05679431665065649,2.1395067220413932,0.5906040268456376
3641503.0281019164,0.2949593481201762,-0.04823450729489606,2.425502243651419,0.6040268456375839
3443901.9394988324,0.2805901452563342,-0.11512929243259548,2.02320556093136,0.5570469798657718
2089195.4627362625,0.1587661893145853,-0.07338912182666277,1.502026791524968,0.5570469798657718
3020898.934367854,0.2474617533001111,-0.05287153522494929,1.9479179521257228,0.5771812080536913
2679656.6980085336,0.21791178153561797,-0.11030987438185974,1.7067735567999813,0.5167785234899329
3126580.4441820746,0.2560702267449593,-0.07946324759557159,1.9129095783458248,0.5704697986577181
4671746.9684270825,0.3611182669351687,-0.03685371840208013,2.4350046484644388,0.5906040268456376
2889819.7696271613,0.23644314625369423,-0.0828231514207121,1.9041122836163835,0.5838926174496645
2419598.4402083466,0.19329730329647465,-0.06550514864967344,1.7087513246101609,0.5234899328859061
3251072.1225600373,0.2659172587661407,-0.0720961516255155,2.0166324234158894,0.5637583892617449
2520370.9816095717,0.20307553167946124,-0.12874875798732596,1.816921638054447,0.5704697986577181
3371438.219015911,0.27515518497394775,-0.0716730651647796,2.0013660387355516,0.5704697986577181
3481307.710513632,0.28335995094998734,-0.06318989818153534,2.0088526257388812,0.5637583892617449
3924925.841443844,0.3145172545602528,-0.05062451114876629,2.2841173607887897,0.5637583892617449
2403242.004634827,0.19167959004522706,-0.10244800746963961,1.728864552091981,0.5771812080536913
2624996.0184658584,0.21290204922151834,-0.06849289382687375,1.6695574240536581,0.5302013422818792
2907896.6581445527,0.2379861717753411,-0.04735175627245907,1.9564753621819677,0.5302013422818792
3556086.5912030004,0.2888265247265487,-0.06053418781866817,2.000482296888861,0.5302013422818792
3321393.998410519,0.27134693191605486,-0.07019250651795335,1.9520632096537327,0.5436241610738255
2337246.5457147644,0.18506154427108967,-0.06670634245031308,1.5439114994832979,0.5167785234899329
2697882.0012807758,0.21956398343712302,-0.038109458396008065,2.1542200927938966,0.6308724832214765
4367079.722354054,0.3428831485762651,-0.05689785068137815,2.3070511939374363,0.5973154362416108
3330663.018060267,0.27205573112958636,-0.05298851323027769,2.0767272167782727,0.5973154362416108
1676694.4904827604,0.10889592483148314,-0.14148661061391382,1.0082122268012936,0.44966442953020136
2265401.7101492723,0.1776847322446764,-0.10425175382532163,1.5427590807031095,0.5302013422818792
3831271.8694195896,0.3081832802981579,-0.058656443622438166,1.9943618944511825,0.5369127516778524
3297624.8960658894,0.26952205650128525,-0.09111882703374961,1.942676465053506,0.5369127516778524
1798689.8737780522,0.1245823366338561,-0.14108944525220024,1.177695330598889,0.4966442953020134
2753498.4133711043,0.22455125042541568,-0.11599892483652482,1.71914860707258,0.5503355704697986
3629233.2252878034,0.2940855136755238,-0.054386320969894236,2.170505314608374,0.5838926174496645
1791825.1249082272,0.12372262336194284,-0.07219169552696869,1.3243179315674982,0.5302013422818792
2477793.9653612003,0.1989830352261126,-0.08650486744735947,1.584079512192524,0.5302013422818792
2879618.2145342957,0.23556894003850593,-0.058196779200895714,2.0313618196676924,0.5771812080536913
3596651.9874553257,0.2917536087231216,-0.06454197927116632,1.98128687359841,0.5570469798657718
2859486.950325178,0.23383652886144435,-0.05511189405797131,1.8469368919949325,0.5369127516778524
2636355.9291471373,0.21395002564310728,-0.0820885963119577,1.6706424735799204,0.5369127516778524
4323862.115296263,0.34021466944161904,-0.0593100544459863,2.331223210849874,0.5973154362416108
2527423.3400805066,0.20374805485409864,-0.07889866597592654,1.7092681716525466,0.5302013422818792
3799877.9023265173,0.30603233199171975,-0.07419733671781649,2.0125348773146645,0.5637583892617449
2108296.821361239,0.1608773849722891,-0.0869490558407204,1.3842244648972728,0.5033557046979866
2319984.429706502,0.1833058567058763,-0.06260481052128648,1.709326503699232,0.5906040268456376
3576731.841685893,0.29031954631167034,-0.05528295273260466,2.074423070453854,0.5838926174496645
4118430.6365726083,0.32723049353257627,-0.04802693718552501,2.1800186715208394,0.5704697986577181
3446380.9350227364,0.28077445152500724,-0.05483673396516841,2.0498323008064836,0.5906040268456376
2944798.399583693,0.24111239712283572,-0.05068807466594028,2.2542080829027906,0.610738255033557
4138661.9426420443,0.3285319115503138,-0.07442292208959832,2.114508052699238,0.5436241610738255
1722655.414706164,0.11490967115795403,-0.1524967565614738,0.9439464792422583,0.4228187919463087
4223335.1047290955,0.33392406758041226,-0.053321050004548454,2.621875473891865,0.6442953020134228
2811842.323284546,0.22969722422451455,-0.05269438015991516,2.0635544414248312,0.5704697986577181
2422173.720205131,0.19355121048523571,-0.0724151776457166,1.5403464893153453,0.5167785234899329
2089634.94983504,0.15881493726118978,-0.13189116033052448,1.3633160975435055,0.4899328859060403
2616623.478204266,0.2121273393143588,-0.10904201168849646,1.8418943065197995,0.5436241610738255
2133019.57237765,0.1635872882603413,-0.07331488143280708,1.3531740356287305,0.5100671140939598
4441743.585539862,0.3474439127730531,-0.055605224727517714,2.2729123903961774,0.5838926174496645
1795729.9488727346,0.1242119701186295,-0.12308487067516675,1.220681390619274,0.4966442953020134
2639038.7382181105,0.21419699315160856,-0.09957046680196126,1.846159284461261,0.5704697986577181
2383324.351060321,0.189697722141436,-0.08724825940795823,1.7055105945602644,0.5570469798657718
2089225.4637760909,0.15876951729337252,-0.08269208648301293,1.4962010484548949,0.5369127516778524
3809591.422585405,0.3066993649849348,-0.061062667121338024,2.3111916582844065,0.5906040268456376
4681139.818766101,0.36166515060825155,-0.05598370976046705,2.5530409066655118,0.5906040268456376
2627708.877620508,0.21315264564300507,-0.1265682835823874,1.7003363318523426,0.5436241610738255
2863378.286492954,0.23417215979091877,-0.05501368369033078,1.9373163185262956,0.5637583892617449
3410569.2944823997,0.2781015912641138,-0.04637844168385723,2.0774089345291515,0.5973154362416108
3174228.672283486,0.2598755333058249,-0.1265035293419645,1.8606522691892353,0.5570469798657718
2775852.392552302,0.22653310243976876,-0.05106453458049958,1.9253156844836137,0.5704697986577181
2706035.17296598,0.22030021404686706,-0.12324719450734554,1.6103805926402082,0.5167785234899329
2373162.61117058,0.1886814886737318,-0.08149047778061569,1.6535504656176483,0.5704697986577181
4167664.575395766,0.33038871308784246,-0.068907523567157,2.2483994823946234,0.6040268456375839
2101444.4121494247,0.16012178273072686,-0.0673048167875562,1.5498234193706968,0.5570469798657718
2565225.9787944537,0.2073275916731534,-0.09608614856886874,1.788746871658956,0.5771812080536913
2833030.70445011,0.2315449175740989,-0.04898193256600825,1.9307544033666302,0.5503355704697986
1586459.6505621343,0.09669485535026312,-0.17217489146305007,0.8777445360599768,0.4429530201342282
4252637.1444317205,0.33576993910182873,-0.09519100515353984,2.3528396766049706,0.6308724832214765
2922979.2955455366,0.2392677494641935,-0.04666766803907476,1.8525050740968685,0.5570469798657718
2696917.0705939694,0.2194767325413638,-0.06685180683394046,1.7468755826296312,0.5369127516778524
3717246.924273328,0.3003021545466791,-0.060226976421938166,2.390196708464502,0.6040268456375839
3168274.899184815,0.2594025587400903,-0.06277149825398655,2.2688964014602817,0.6040268456375839
4108553.3886322295,0.3265932615353049,-0.06604038324094036,2.4896888375992257,0.6241610738255033
3777216.4398305295,0.30447083661341257,-0.09082743893935886,2.4528426979551834,0.6241610738255033
2054946.0964916302,0.15494176574850038,-0.05950989602842011,1.4540679051585956,0.5570469798657718
3871240.7833957723,0.3109014289897487,-0.08707394831832006,2.205630154493594,0.5570469798657718
3779888.407447152,0.30465533851109394,-0.07671420039703881,2.1682988264091048,0.5771812080536913
3583295.9267764036,0.2907928027344633,-0.057322935775797355,2.0689668453734735,0.5436241610738255
3555898.9943565074,0.28881292635724054,-0.061285779188949244,2.159416391708355,0.5838926174496645
2628437.71423108,0.2132199355919464,-0.05633322176218251,1.790078031041675,0.5369127516778524
5401646.979975018,0.4012164898821491,-0.06802263590747487,2.5479658903137055,0.6174496644295302
2925935.115014016,0.23951828637095596,-0.11583968101780154,1.7219702927323446,0.5436241610738255
2975431.122929548,0.24368380846987692,-0.07100766433696645,2.030516207282783,0.5906040268456376
3020329.5554444348,0.24741472544509913,-0.05533862438477111,2.132036868895565,0.5637583892617449
4270247.893039066,0.33687443205782985,-0.04548182371024028,2.307312161501103,0.5973154362416108
3602424.8250110634,0.29216801082562216,-0.06390706314754643,2.0768545856117475,0.5503355704697986
4728162.956355522,0.364389872896558,-0.06956379646685237,2.497859463653185,0.6241610738255033
4072465.852452024,0.3242546002766096,-0.08399841567246,2.2735985773416285,0.5704697986577181
2169893.2633644817,0.16758276143890138,-0.11773442395391659,1.415691466928197,0.5100671140939598
2480398.3390998845,0.19923497610199048,-0.05471886646146413,1.7331156104682293,0.5570469798657718
2376399.2300885934,0.18900554669173775,-0.0807374147207485,1.6114425980583027,0.5369127516778524
2717555.2298446023,0.22133745481699374,-0.05075964016934651,1.9502220752680488,0.610738255033557
3644948.300174669,0.29520429092390454,-0.0626009558423021,2.125942365637707,0.5637583892617449
5143817.150458688,0.38757703806250343,-0.046492683284206346,2.4767210526764267,0.6040268456375839
3183527.6005214117,0.26061283292792226,-0.07741959772065458,2.144706485003848,0.5973154362416108
2549702.4593273476,0.20586280799075962,-0.07260833272073877,1.8901102933768208,0.5436241610738255
2639870.5241886387,0.21427352288988288,-0.06144791676630686,1.695916455667865,0.5369127516778524
1796060.1610040183,0.1242533127635208,-0.10492859553635649,1.151541799043162,0.4966442953020134
3196036.094311357,0.2616019020138376,-0.057664084639743686,1.7607998532526432,0.5234899328859061
2641219.141165803,0.21439756346994931,-0.09067497108926349,1.5298598800692482,0.4697986577181208
3421377.941603337,0.27891066851196844,-0.09834794476926062,2.0019357599379095,0.5436241610738255
2544153.889109453,0.20533751954557222,-0.13211376256862792,1.7587132561673737,0.5704697986577181
2681995.0465823836,0.21812426462972612,-0.06711242707798509,1.7052807237167003,0.5167785234899329
4213749.287772618,0.3333179884303328,-0.0605378599097015,2.275708855088332,0.5771812080536913
3275497.833260727,0.2678137666968601,-0.10424384208241418,1.8439013706784175,0.5436241610738255
2196991.926061392,0.17048456791794275,-0.059698019625065726,1.4766949459927512,0.5436241610738255
3632234.7873941157,0.29429949792164534,-0.06423963667125536,2.0955504582469775,0.5973154362416108
1631320.3537685492,0.10282817007749467,-0.09441892415152672,1.0480034281057014,0.5369127516778524
3785135.3215253884,0.3050173395017637,-0.0912448450271934,2.2204634057049377,0.5973154362416108
3468934.8123378446,0.282446414681536,-0.08109039055470907,2.072165807280238,0.5704697986577181
2775787.166403287,0.22652733824401516,-0.09302930953873588,1.7696891542081477,0.4966442953020134
3542575.8951162794,0.2878457012043407,-0.04979939217493012,2.176840980112416,0.5704697986577181
2528695.8747920725,0.20386924569312015,-0.059086508048221804,1.7360686529138278,0.5436241610738255
3147301.037698145,0.2577306861864559,-0.0674295859197459,2.1137719220689193,0.610738255033557
2440662.877246984,0.19536781700704764,-0.08079119139269503,1.6646647431414259,0.5302013422818792
2275817.9318182147,0.17876573486845726,-0.09358303632314957,1.3547703488453022,0.47651006711409394
4631732.440079978,0.35877858241343663,-0.045126409025906034,2.611024442786182,0.6375838926174496
5036908.019493483,0.38176059722592903,-0.06958334571328773,2.5681917020552065,0.5906040268456376
2523909.4450242072,0.20341315261992343,-0.1035886273987058,1.4645941974088539,0.4697986577181208
1526815.9611423255,0.08832182438162861,-0.12911477392119913,0.9179079077518876,0.5100671140939598
2395112.3117628642,0.19087225356046167,-0.07927304939983672,1.6710360815520326,0.5369127516778524
3660220.699432762,0.29628786224703907,-0.048703527903271565,2.2861209434733816,0.5838926174496645
5465209.228756153,0.4044987551388628,-0.10641462699064103,2.4412831819939855,0.5906040268456376
3123346.961244335,0.25581031577176927,-0.07295713345205489,1.834575326507672,0.5302013422818792
2972252.16483119,0.24341794384335924,-0.0682681508349118,1.7847829768299266,0.5302013422818792
2695058.122323932,0.21930857242437907,-0.08546705697402603,1.6903812875529733,0.5167785234899329
4193168.518041873,0.33201299961545927,-0.07314065701144723,2.3597694070512385,0.5570469798657718
3014973.4965651203,0.24697199422215133,-0.07090079196628767,1.834834953984233,0.5570469798657718
2976038.458091728,0.24373457565039258,-0.05973537536436119,1.8894446911577487,0.5637583892617449
1877562.5402618826,0.13427636406119792,-0.10847890671695345,1.1860612565887572,0.47651006711409394
4632800.286710041,0.3588412299587873,-0.05255656156663514,2.452339321733787,0.6375838926174496
3522561.210570383,0.28638719895626297,-0.07337774811390306,2.0813530796897286,0.5570469798657718
3267128.190757009,0.26716519290770746,-0.06473051441512843,1.9015479610912438,0.5503355704697986
2183087.565070731,0.16899924636393404,-0.11760692448218335,1.5330441726300212,0.5436241610738255
2600363.679280457,0.2106171396786276,-0.06055714506374634,1.689831448272071,0.5570469798657718
2376212.564860774,0.18898686692090827,-0.12676041137844446,1.6648139656217096,0.5570469798657718
2198280.3343120953,0.17062181997834758,-0.10151757974389568,1.352737495937446,0.48322147651006714
3578255.7526753335,0.29042947890919746,-0.08549175055283932,2.001384040237178,0.5436241610738255
3033885.0710647157,0.24853242301358613,-0.11479889235511437,1.765645305553853,0.4966442953020134
2597417.477608455,0.21034269039277942,-0.047975664892433816,1.8484621747832675,0.5369127516778524
3092557.0449212776,0.2533245418979475,-0.08620627385531789,1.776619896111407,0.5637583892617449
1964806.4356476378,0.1446269166094709,-0.08196923819059715,1.2614928790435609,0.5100671140939598
3008738.4628736055,0.24645581377311943,-0.06471887105297909,2.2478898504466094,0.6442953020134228
3966071.326379261,0.31726181943756093,-0.06147025958966366,2.330201337770389,0.6040268456375839
4297991.184440408,0.33860703803249503,-0.06424494004545443,2.3894125440948075,0.6241610738255033
1512188.2786953181,0.08622845009226321,-0.09913425900582287,0.8712077397297647,0.4563758389261745
5113619.386194837,0.3859439913218914,-0.033381331133333435,2.482789908179234,0.6241610738255033
3057164.1333941994,0.2504425723042829,-0.09456283888167046,1.763536371455554,0.4899328859060403
1806920.0081721863,0.12560959213123946,-0.1153246770728929,1.1071161622493029,0.5167785234899329
2283877.9693487887,0.17959949798363284,-0.10551840089293593,1.5980084848161693,0.5369127516778524
1854806.52209528,0.13151345574339457,-0.07456150959187428,1.1962981075775263,0.4899328859060403
2310436.632851242,0.18233028045929656,-0.060452723707239725,1.8363312533081226,0.5973154362416108
2314535.4022730296,0.18274947949284326,-0.09832406037102989,1.7210138102321606,0.5503355704697986
3061499.4341817447,0.2507970166231106,-0.07384931588608418,1.9003014603866233,0.5436241610738255
2026874.61206818,0.1517689769688806,-0.08539908352251402,1.2962704239954885,0.5033557046979866
3155233.809262835,0.25836406991343397,-0.06910916569270631,1.8960367798557436,0.5436241610738255
2313918.312223425,0.18268640499558608,-0.08368558552976738,1.6494717421328764,0.5503355704697986
3700398.3986260686,0.299121280487217,-0.08575580356696792,2.3742281212772474,0.6644295302013423
2196404.356376881,0.17042195368395086,-0.07359200557617242,1.692983340904887,0.5704697986577181
1671573.867930777,0.10821778259601667,-0.1534004450878914,1.1043556929955758,0.4899328859060403
2227036.0764125357,0.17366850467155626,-0.13514986223297296,1.4821057906926045,0.5234899328859061
1944322.9203134368,0.1422303069138049,-0.06249237726492209,1.3022100732424018,0.5167785234899329
4595306.982415491,0.3566346517648509,-0.04153220863509891,2.518206667133871,0.610738255033557
3795254.80588925,0.30571438209342694,-0.07467211417687851,2.173063481048208,0.5838926174496645
2632657.7837480605,0.21360926097210275,-0.06711085226062537,1.6580709572101733,0.5234899328859061
2223599.146252126,0.17330602207424417,-0.0803731866496601,1.394662068111886,0.4899328859060403
3461947.8914155504,0.28192939260590855,-0.05766988253099471,2.0747313063032538,0.5302013422818792
3249936.3175151376,0.2658287934151704,-0.09615818103039332,2.21109785515741,0.5838926174496645
3347336.332870169,0.2733267719373167,-0.06677837381655981,2.0775150618724725,0.5838926174496645
1796752.3236950217,0.12433995198503389,-0.14739849530058194,1.113248786378277,0.47651006711409394
4462855.951852482,0.34872241054746667,-0.05187669028777046,2.584584542057783,0.6308724832214765
2529761.081039165,0.2039706539352728,-0.0671114326849682,1.6689670509714885,0.5436241610738255
2139089.3375256048,0.16424876143669076,-0.08577909577644814,1.3603157126852479,0.4563758389261745
2687490.801056855,0.21862307475653786,-0.08007106105590969,1.7388933612918265,0.5436241610738255
3055357.7904821285,0.2502947711394685,-0.08126730400483187,2.0378284349154723,0.5637583892617449
3394725.783974711,0.2769119160745719,-0.10804375195070001,2.198415812662767,0.5704697986577181
3665336.942792387,0.29665004910268755,-0.056807214717198046,2.1427397650690145,0.5704697986577181
1958239.092823111,0.14386071105975695,-0.12904548384656506,1.2317577619371953,0.4899328859060403
2332602.044207891,0.1845901861829342,-0.08292385664510452,1.5487952335922304,0.5302013422818792
3898392.6223621704,0.3127351535083709,-0.04433342573243345,2.479048550051003,0.6308724832214765
2860039.5782114314,0.23388421572140428,-0.09209186811490873,1.9616979739471132,0.5973154362416108
3573643.554440391,0.29009664705247684,-0.11442598197524659,1.984457446175635,0.5503355704697986
3236941.1365432846,0.26481486291453327,-0.11718769009797277,1.9438191341113376,0.5234899328859061
3275112.087467731,0.267783903946762,-0.0641414292137397,2.0465289293570166,0.5973154362416108
4562879.910160609,0.3547145889511394,-0.06312544236691987,2.6641367840475763,0.610738255033557
1856454.2077347739,0.13171441647187088,-0.09118711755989005,1.239033653167559,0.4966442953020134
4311780.4374333,0.33946486894816075,-0.09377165067544181,2.609031452167862,0.610738255033557
2686822.6970580416,0.2185624793549792,-0.08574753376998366,1.7040269057293458,0.5302013422818792
3702970.89268644,0.2993018584939757,-0.05580465376472824,2.247122448236818,0.610738255033557
2748724.4162329948,0.22412633188073916,-0.07676890767603037,1.928792710770951,0.5704697986577181
3894030.0967081115,0.31244121667196345,-0.04832214450278647,2.2889108139486876,0.6241610738255033
2741473.4518532953,0.22347981547741225,-0.09066496634430213,1.652961190013082,0.5033557046979866
3055096.0600088937,0.2502733496577254,-0.06034195385712147,1.9894386880269315,0.5838926174496645
2084945.7742036576,0.1582943898004079,-0.08003210953701861,1.347876614489191,0.4563758389261745
6706916.452903454,0.46320298781823155,-0.047078287591102226,2.934853021897836,0.6845637583892618
2945908.388958646,0.24120594606751777,-0.07250505719259029,1.9151417855256052,0.5570469798657718
3115560.9913644055,0.2551835864536429,-0.07401242783256527,1.8925859670432619,0.5302013422818792
2005716.4692136396,0.14935425541639313,-0.12241459607096884,1.3558408740600683,0.5033557046979866
2680752.6225745883,0.21801138542463994,-0.060629328128535935,1.8601680316123643,0.5973154362416108
2773417.490490154,0.22631785061970677,-0.0687575334091683,1.8318922911541309,0.5637583892617449
2517306.5834153756,0.20278283692803845,-0.055383061794602555,1.8136046859866273,0.5570469798657718
2861517.6195118222,0.23401172129626158,-0.08108048366306089,1.9467261953700867,0.5570469798657718
2550325.863845867,0.2059217691303843,-0.13617790859928222,1.6944016982832877,0.5302013422818792
3723661.0720236255,0.3007505820916625,-0.04529732710908489,2.180980051657,0.6241610738255033
3801614.0470042205,0.30615165407823985,-0.07841270072310853,2.2690074617609324,0.5771812080536913
2842046.0777579555,0.23232773516540184,-0.08636316893423725,1.7384531639856213,0.5436241610738255
2569157.2658550767,0.20769741830671662,-0.09159004703530634,1.6941602750223594,0.5302013422818792
4540934.545702851,0.35340896328952964,-0.03551746806813937,2.3956827723058614,0.5838926174496645
4025820.2739408775,0.32120703202713563,-0.05450106806287125,1.9947083099698286,0.5570469798657718
4917468.224368794,0.37514442491308375,-0.05509403352983503,2.776024819754606,0.6308724832214765
2276964.2582595726,0.1788844594943788,-0.07922951992067123,1.6318259828295811,0.5570469798657718
3934663.2593120486,0.3151688500752867,-0.06357326297052558,2.404647530012872,0.610738255033557
5338610.222079963,0.39793070062184754,-0.048211635144606274,2.7064054497470416,0.6241610738255033
2876391.5360937356,0.23529191916428438,-0.05974526363114323,2.1584044302692855,0.6241610738255033
3088900.546670787,0.25302802688758885,-0.1350524692361971,2.1439980830765264,0.5906040268456376
3406501.6226297054,0.2777965759182588,-0.06106174511240643,1.9692526657770484,0.5570469798657718
2641130.986795186,0.21438945691941869,-0.06978132195343094,1.7138943286738042,0.5100671140939598
2917388.505507253,0.23879331622112376,-0.09099815094620228,2.004742478500084,0.5771812080536913
1890064.6948693732,0.1357829213921502,-0.07903191753829782,1.1930397644491026,0.5100671140939598
1995058.9852145636,0.14813021973073215,-0.11452066601136006,1.515930181992658,0.5503355704697986
2486433.3427025233,0.19981797552591551,-0.05651077305497139,1.8386882720607112,0.5637583892617449
3285067.5327448137,0.2685537117998378,-0.0538363297794256,2.0723832307073207,0.5704697986577181
2905296.7183393105,0.23776471677537292,-0.05464764562398272,1.8217509600716122,0.5302013422818792
2613401.6586523405,0.2118286963941871,-0.06553193902848578,1.973987405962637,0.5838926174496645
3366203.1787159643,0.27475893634694826,-0.08038269796328976,1.978430330076716,0.5838926174496645
3709124.6590454536,0.29973341956266863,-0.06687118580049141,2.014230472873826,0.5704697986577181
3415689.254857908,0.27848509929604615,-0.08602959734092365,1.8415802900137856,0.5167785234899329
2365064.863210583,0.18786917114155766,-0.06407407315725083,1.7878618974159508,0.5369127516778524
1933312.1169113927,0.14093366428264353,-0.12908412116127926,1.2855852980332358,0.46308724832214765
3255441.552646401,0.26625735369514913,-0.06287804427705564,1.9676497248784863,0.5436241610738255
2537011.6111625866,0.2046600024272922,-0.08789734857814271,1.4704719917646174,0.4966442953020134
2250718.4207748775,0.17615411689897154,-0.10204412245230378,1.4479841491242302,0.5167785234899329
2242309.8851150675,0.17527399383122177,-0.09360206901663749,1.4546521066997327,0.5033557046979866
2199010.523402738,0.17069957727993934,-0.06804071002729022,1.7069422847742615,0.5637583892617449
2900995.015561226,0.23739796234651833,-0.07002318520181648,1.7398290651527992,0.5033557046979866
3666827.5714523387,0.29675549694629333,-0.057184815445004464,2.0012994253461405,0.5570469798657718
4860269.421793875,0.3719303663024036,-0.07157858118778418,2.4968245044826176,0.610738255033557
2151946.683137749,0.16564498999878308,-0.12512997802539674,1.3867915232196086,0.5033557046979866
3025215.1014501085,0.24781801671482362,-0.04719627619086034,2.0382091965604014,0.5503355704697986
2327356.474855353,0.1840569235938676,-0.07844147458043718,1.6444183231157974,0.5369127516778524
2278666.7991325986,0.17906070283560083,-0.12372930346552748,1.3592694537536356,0.48322147651006714
2406973.639583685,0.19204943659329898,-0.1026547554677712,1.6439781829358833,0.5503355704697986
2550219.278224931,0.20591168915816072,-0.09982644290953027,1.550972790894016,0.5234899328859061
2094392.7944304529,0.15934215344728453,-0.09462150428540259,1.5022121978481244,0.5302013422818792
2288936.688630336,0.18012159092372282,-0.06716077229105193,1.3997784775294677,0.4899328859060403
2722817.5436208523,0.22181009201954183,-0.08708427993346354,1.73316919947084,0.5570469798657718
2537393.510203573,0.20469626799256457,-0.08832913613130393,1.6626169454020423,0.5436241610738255
2210345.3206741367,0.1719039705468819,-0.10821163391755502,1.534351740996506,0.5570469798657718
2854180.491248392,0.23337825305098292,-0.08046801467449761,1.8428277964841846,0.5369127516778524
3556918.6891988083,0.2888868342594286,-0.06340031619431781,1.9069086216162714,0.5100671140939598
3811339.158995215,0.3068192385790882,-0.09368772780899595,2.0284121382936924,0.5570469798657718
2349381.513360508,0.18628956280957643,-0.0631882513451327,1.509346694272868,0.5436241610738255
2936274.0909061455,0.24039303402927215,-0.0762541921123371,1.788888631505681,0.5302013422818792
4164342.9021602287,0.33017657864139127,-0.04685194540182218,2.6896564082184535,0.6577181208053692
3142869.1615383793,0.25737627147325903,-0.049716022913996884,2.09336960129778,0.5838926174496645
3156033.1339271097,0.2584278204681565,-0.11188897802240358,1.9019908760797681,0.5570469798657718
2949391.79739044,0.24149934172935095,-0.07228914206870024,1.9130720980870168,0.5570469798657718
3286073.211613497,0.26863137239313506,-0.09216641750986661,1.9483529791528174,0.5570469798657718
2939877.6022324045,0.24069733653181502,-0.09393623517559677,1.8343520515566303,0.5369127516778524
2116494.277933872,0.16177872636866875,-0.08954245925091973,1.4549204041338297,0.5436241610738255
2833300.8222310436,0.23156840122313027,-0.06467343367793502,1.7377623611629662,0.5302013422818792
2607787.1674316362,0.21130756288450026,-0.09708115752766631,1.6523566016847737,0.5234899328859061
3100720.0926021407,0.2539854941627602,-0.08765561156513982,1.94777419947167,0.5637583892617449
2354249.550051465,0.18678076618993056,-0.12447877654622685,1.7298906052778598,0.5906040268456376
2537790.1015916355,0.20473392413820557,-0.09176595510770769,1.6188748282587326,0.5167785234899329
3276523.5813196287,0.26789316193432366,-0.05366756118151965,2.0359606156931123,0.5503355704697986
2579265.569718684,0.2086462590309266,-0.11411052862114648,1.6383143919403307,0.5436241610738255
3595254.2082070364,0.291653189380664,-0.056739906169151526,2.0332562941760446,0.5838926174496645
2099823.9696544013,0.15994281147267042,-0.06790835068691033,1.3600280632775745,0.5033557046979866
4080109.8085855185,0.3247513485880329,-0.05660770246445262,2.259449367128092,0.5704697986577181
3171810.9785683607,0.2596835545981653,-0.0513680495960977,1.8694178074274626,0.5302013422818792
2130405.5573730245,0.1633019531629596,-0.08287550356762668,1.3630196384850517,0.4899328859060403
3032235.784778907,0.24839664757923363,-0.057242730805938016,1.9512693029213788,0.5570469798657718
3023638.873976042,0.24768795951116562,-0.05062909055557308,1.8707260861475492,0.5369127516778524
3132864.2539246427,0.2565747120020101,-0.0959552896851265,2.101128438741254,0.610738255033557
2981094.9448038144,0.24415692621298146,-0.08586503917169662,1.8649601983302364,0.5704697986577181
2285808.259989114,0.17979882566314553,-0.046314983823380076,1.7041838606683386,0.5704697986577181
2228173.0329727517,0.17378831752091561,-0.07750470515369018,1.3875618261495124,0.5033557046979866
4301724.192537147,0.33883948596169233,-0.053370553935612006,2.473542759217613,0.610738255033557
2472494.5916101886,0.1984697316974262,-0.07153791373197091,1.8709405873747662,0.5637583892617449
3162674.820034501,0.25895703264377623,-0.06531099997772742,1.9041651572326168,0.5100671140939598
3583787.775809667,0.29082823605341934,-0.061218562885029346,2.125920203915445,0.5704697986577181
2816164.75180157,0.2300750557273279,-0.06467983750454107,1.757915235620233,0.5369127516778524
2759960.787043513,0.22512550818175092,-0.061612539961813755,1.898080338002637,0.5570469798657718
2348770.1599067673,0.1862278173912426,-0.06183990560469287,1.4811738743890703,0.5100671140939598
2836919.4225978,0.23188282451837505,-0.07860093700297714,2.0110942165425585,0.5637583892617449
2316907.1672573956,0.1829917790643374,-0.05608072034247772,1.761788410454621,0.5436241610738255
2918817.2908555926,0.23891463178143768,-0.056228882663987734,1.9434370735413538,0.5838926174496645
2435654.5112301195,0.19487682254905336,-0.09278665839242894,1.5795933563740303,0.5302013422818792
2408444.734999838,0.19219511246438725,-0.07082532614155669,1.5440396842270467,0.5234899328859061
2372420.1964642145,0.1886071064914081,-0.08932119495942568,1.534307692001973,0.5100671140939598
3946829.0387117793,0.3159811331673579,-0.07498075188548366,2.3131777336313686,0.6174496644295302
2800553.13033731,0.2287082187436711,-0.08359951508845863,1.9550926360930792,0.5838926174496645
2113318.8836683915,0.16142991168417264,-0.1400164068752746,1.4347519571422271,0.5100671140939598
2640401.6189779607,0.21432237698667933,-0.08594460595834136,1.6261173331691785,0.5234899328859061
2018289.442108013,0.15079161722411483,-0.1026507698740819,1.2990301835534128,0.5302013422818792
3007835.168732039,0.246380961705837,-0.05619193121349998,2.138528815746885,0.6040268456375839
5496097.394053466,0.40608276204732574,-0.0301742301142013,2.657159483453478,0.610738255033557
2082860.0006858525,0.158062546158791,-0.09869473604374202,1.5317128755654066,0.5436241610738255
2072781.4595576008,0.15693964424692464,-0.0641528257800322,1.4087916733819357,0.5167785234899329
2583206.6417684527,0.2090153914986015,-0.06828494562641968,1.7256131624318969,0.5302013422818792
3655520.6884577186,0.29595478402979025,-0.058230929630639666,2.0928787498046457,0.5838926174496645
2622189.768924156,0.21264260789501654,-0.10230886165769809,1.5857775921860995,0.5302013422818792
3903202.7871638485,0.31305894635404075,-0.0854733338612694,2.063529139245171,0.5436241610738255
1742375.4782060022,0.1174506437961671,-0.08392092304168064,1.2131185762525913,0.5234899328859061
3544195.902726373,0.2879634651352372,-0.0701068557420804,1.9925320011884915,0.5369127516778524
3112565.9039688604,0.25494216405877834,-0.045157024223918624,2.040946469898808,0.5906040268456376
3460887.1727843555,0.2818508279877576,-0.06637914667437184,2.008986985773877,0.5838926174496645
2080172.4665882871,0.15776353996801729,-0.09313617939940087,1.3515164968010935,0.5369127516778524
3127300.1375231273,0.2561280472406733,-0.07790061855264686,1.957463799733752,0.5503355704697986
2772303.126935852,0.2262192874851341,-0.05096749704358559,1.936060347551726,0.5570469798657718
3389889.697175698,0.2765478938150796,-0.0460569482374808,2.1887234364323453,0.5973154362416108
2558759.0296192197,0.2067182409573256,-0.0618880416488038,1.8554074909974427,0.5771812080536913
3114165.9654626017,0.25507116192927515,-0.04923756302225695,1.93654592389902,0.5436241610738255
1939152.6061382978,0.1416221794001269,-0.10808506655953262,1.3093297030696467,0.4697986577181208
3517440.3103416814,0.2860129658887349,-0.05967185430369794,2.2077729495165146,0.6040268456375839
2008453.784823811,0.14966780215230502,-0.07501392866582815,1.5249750819050247,0.5436241610738255
2583183.004578975,0.20901317891289284,-0.09213039134064939,1.653509037516538,0.5436241610738255
4275678.007950049,0.3372142573947243,-0.06590218582519594,2.448165521780542,0.610738255033557
2304874.805736524,0.1817604957127692,-0.11749771990429764,1.4023989969776052,0.5167785234899329
3384995.301758471,0.2761790592979074,-0.056257539903599586,1.9675323846443495,0.5369127516778524
2417052.5751879355,0.193046083654006,-0.06230402644546387,1.805652336073797,0.5436241610738255
3477308.880444065,0.2830649871978015,-0.056275028298570756,2.169881464664986,0.5704697986577181
2858168.3218349186,0.2337227131863655,-0.10179994610759345,1.9707204772330502,0.5503355704697986
2278718.520506416,0.17906605527113184,-0.05324828738081409,1.6077075429801488,0.5167785234899329
3356002.390340714,0.27398540389458503,-0.07067828160284285,2.107641193460666,0.5838926174496645
2205764.5116650146,0.1714178271444009,-0.07386378094310944,1.5559876634908136,0.5369127516778524
2337850.531304729,0.1851227860876834,-0.08222309657690637,1.4969053515417805,0.5100671140939598
2204769.6283001537,0.17131213731029105,-0.06572653041244741,1.6045984159804225,0.5302013422818792
2002118.374685378,0.14894158931820423,-0.060665977404865,1.3700411850435514,0.5570469798657718
2292953.4644801375,0.18053549140466352,-0.12961110388950034,1.6753720273346584,0.5637583892617449
1913214.3366380099,0.13855161933162963,-0.11852522260966135,1.1491717116288112,0.4899328859060403
1680203.9989295157,0.10935974521559655,-0.10233445181577698,1.031309469026006,0.48322147651006714
3634411.0188218043,0.29445455510320273,-0.06186027296491209,2.079147102450714,0.5838926174496645
3949282.5546853305,0.3161447064126177,-0.05780218718315974,2.4320519664549223,0.5973154362416108
4053982.8395554833,0.3230503779919085,-0.05119610454379968,2.4105859343844505,0.6375838926174496
3649355.7515286133,0.29551737030602454,-0.05609271736409377,2.2865150679454613,0.6174496644295302
3621961.4108629567,0.2935665114332018,-0.06678312818529111,2.130926175628538,0.5503355704697986
2549821.317874339,0.2058740504342227,-0.08428708562341249,1.7612987352012448,0.5369127516778524
2052306.3553602048,0.1546448903180293,-0.08504804987911932,1.2624381344219278,0.4429530201342282
3023817.7409584904,0.24770272085728418,-0.0764283713943971,1.9194436038490594,0.5637583892617449
3885698.4907837855,0.3118791196620163,-0.12039194585872406,2.041057698802935,0.5503355704697986
2187351.3164177863,0.16945552057206914,-0.08204195593317305,1.4607397562677578,0.5100671140939598
3410786.255753442,0.27811785197990746,-0.10370366304253927,1.9956360518316416,0.5704697986577181
2655427.024553182,0.21570128055485593,-0.047439522374812734,1.9031869433275668,0.5704697986577181
3520963.1206934936,0.28627045801713424,-0.040237415577374896,2.2332689920161783,0.5838926174496645
3330724.7298626928,0.27206044492198966,-0.06406424636606488,2.041777917073299,0.5838926174496645
2426645.37022295,0.19399157579684245,-0.08373428646660148,1.6013336962290559,0.5302013422818792
3467164.324200132,0.28231547997267925,-0.044119657937090766,2.119204121198587,0.5838926174496645
2679881.917831474,0.21793225346060652,-0.07039009732513649,1.9816714663321289,0.5771812080536913
1962554.7599164161,0.14436444689570282,-0.08300846190287046,1.1974755679032028,0.5100671140939598
4751822.394882782,0.36575261270388504,-0.051266266328945584,2.3298454299430187,0.5771812080536913
1888544.287296576,0.13560013305962215,-0.07535286732645749,1.2949971618466052,0.5369127516778524
3586380.613274786,0.29101496249249625,-0.08533746536963924,2.0862442099600407,0.5570469798657718
2679755.337660918,0.2179207478055143,-0.07457130554172597,2.001966409394719,0.5973154362416108
2407404.2102102735,0.19209208141021783,-0.0943183520483636,1.5963023183590859,0.4966442953020134
1703808.6262465084,0.1124593807561809,-0.1214807779946989,1.163051815964774,0.5503355704697986
4728515.632249199,0.3644102263854725,-0.07081602923470676,2.4883967768239184,0.6241610738255033
2256917.8100630837,0.176801325096118,-0.08773288593617296,1.516084216279047,0.5436241610738255
3699509.073154638,0.29905883030736313,-0.0374076961876961,2.217728147001566,0.6174496644295302
2574496.070984126,0.20819892971955656,-0.10364099180214753,1.6594739684319157,0.5637583892617449
1914286.239265867,0.13867916835106975,-0.06423231326473972,1.3541609178962293,0.5234899328859061
3039493.902336311,0.24899372162927125,-0.05155297999349452,1.9696339940492518,0.5838926174496645
3972335.2135857325,0.31767764512769747,-0.07083555574835161,2.268726498217831,0.6040268456375839
3067025.5830699354,0.2512482403082019,-0.060002115233086725,2.010775306054172,0.5369127516778524
4139094.7246539327,0.32855969544149755,-0.048324929076289505,2.470157083307862,0.610738255033557
2046527.2716861698,0.1539938843805726,-0.11849997360206808,1.4604582274802689,0.5302013422818792
1690612.4414831172,0.110730793194312,-0.08707473497423443,1.0391158446942188,0.4899328859060403
3360994.4330903315,0.2743641884225141,-0.07816590200701261,1.8989507760788893,0.5436241610738255
2774951.5538301757,0.22645348351099925,-0.05681861558598861,1.983554740341124,0.5906040268456376
3681259.0120561887,0.29777461540663186,-0.06938019726309431,2.2940939961293525,0.6174496644295302
1744809.0730789423,0.11776262065360243,-0.07315993464334758,1.1035418190756983,0.4697986577181208
2708905.1717990576,0.2205589523945901,-0.13428617961115888,1.9256016650758943,0.5637583892617449
2818684.4676962714,0.2302950947711515,-0.07295773915936976,1.6602122216297235,0.5234899328859061
1497147.1950831122,0.08405895217341008,-0.16872849502173062,0.8494915692120584,0.4697986577181208
3381718.2106248736,0.27593186394403535,-0.04558364963290566,2.1578849821849846,0.6040268456375839
2192519.7689885646,0.1700076559943846,-0.08405875709070426,1.453434031511572,0.5167785234899329
3539744.7911330597,0.287639795034796,-0.06344624651115037,2.2270914939710265,0.5973154362416108
2691775.6827303534,0.21901141682926895,-0.09255394796788431,1.6968749267138035,0.5771812080536913
1948442.374941223,0.14271390798807881,-0.0881788048863319,1.201239408330644,0.47651006711409394
2469144.3969685864,0.1981447736714217,-0.05866825818178907,1.9653880083225894,0.6040268456375839
3273834.5609594653,0.26768498334387014,-0.10740806499126913,1.903476570575736,0.5100671140939598
2932282.49758853,0.2400556105572187,-0.06950660901492786,1.9640608325895905,0.5436241610738255
3176395.9552052664,0.260047528557948,-0.10111646040702645,1.8309380250812148,0.5704697986577181
2254983.1057428783,0.1765994973037468,-0.06149726143275095,1.4856302381921387,0.5167785234899329
2359794.1817535535,0.18733925175741817,-0.08522634990986697,1.522828586051449,0.5167785234899329
3086343.707643885,0.25282051925077664,-0.04943534408919341,1.9703241163814533,0.5436241610738255
3040616.636785967,0.24908597916803243,-0.0615265022836338,1.9792428089256269,0.5503355704697986
3219535.3300176244,0.2634516853065485,-0.10988824602235242,1.9016567776988755,0.5369127516778524
3318865.1765533816,0.2711532789204736,-0.08789235514228277,2.2227569437569556,0.5906040268456376
1494468.3606237324,0.08367073447865114,-0.1558103381113469,0.777028072280502,0.47651006711409394
3000786.2101097065,0.24579622652255928,-0.07037162595290394,2.0986541064241706,0.5704697986577181
2330442.4463649173,0.18437075858330942,-0.09823618550724116,1.5154820674682545,0.5100671140939598
2782474.3465608708,0.22711773775032373,-0.09388667709350546,1.8915128711474352,0.5369127516778524
2150287.5090512387,0.16546518956886502,-0.18581159320177942,1.4982743340157694,0.5100671140939598
3368546.369751853,0.27493635715062936,-0.09016314830726117,1.9915973102283457,0.5838926174496645
3019927.1228320845,0.24738148224335976,-0.05229152209987476,1.9864917114157856,0.5436241610738255
3971796.115064513,0.31764187792292375,-0.08038920752314013,2.3149753456842554,0.5973154362416108
5259996.961567153,0.3937892117479851,-0.040235432347343995,2.731723801348529,0.6040268456375839
2546266.196921925,0.20553760168213442,-0.05699569939234055,1.7501788559624025,0.5436241610738255
2460013.656147034,0.19725732719367506,-0.06033880751727992,1.638755759515326,0.5503355704697986
2948775.490831773,0.24144745251276278,-0.0739915071444034,1.9085288218977838,0.610738255033557
2889797.695079755,0.23644125727732757,-0.08771518740687974,1.8723151568686824,0.5838926174496645
3893507.3443881758,0.3124059771633918,-0.06966206063352028,2.2333050761252426,0.5906040268456376
1786448.0891051358,0.12304738305619756,-0.08797516247013636,1.124142211715946,0.47651006711409394
2900905.046754415,0.2373902871455138,-0.06769338404873926,1.817649255352374,0.5100671140939598
1936739.9176095638,0.1413379572560658,-0.06856712280691167,1.290953851325019,0.4966442953020134
4509345.5372449495,0.351520703954624,-0.06260982106008849,2.4795744070003196,0.6375838926174496
1821995.4860102462,0.12748159018814031,-0.1170772556855455,1.1230484251504946,0.4697986577181208
2037212.0382331319,0.1529414334185284,-0.08855641911042961,1.5213215291081086,0.5234899328859061
5044598.282779887,0.38218226937834854,-0.07462349778469571,2.662112878441151,0.6711409395973155
2447388.8529668627,0.19602593058341822,-0.04812655778241581,1.626284896857873,0.5503355704697986
2488880.3239518614,0.20005403872384409,-0.0748378209122922,1.746252943958711,0.5369127516778524
2596006.1764897113,0.21021113438544625,-0.06799935942162476,1.8984836006241397,0.5436241610738255
4603064.440536597,0.35709237689031537,-0.04052890436653304,2.255447059117753,0.5838926174496645
2561130.017039891,0.206941791034845,-0.06873816590389467,1.6328446524441362,0.5100671140939598
2731480.6927964003,0.22258658751928473,-0.06004499472924236,1.8588370074110832,0.5570469798657718
2324045.7290291027,0.18371985928385248,-0.06039222502175447,1.443158394921707,0.5167785234899329
2176337.463885066,0.1682754420711685,-0.1187766436617095,1.6780404838836407,0.5570469798657718
2517084.8135618996,0.20276164361169724,-0.07289631825784373,1.8919658845951401,0.5838926174496645
4008998.8203698006,0.3201010779655715,-0.08988119161283666,2.4252486044835395,0.5771812080536913
3528931.9615770066,0.286852163500378,-0.04933629102287394,2.0237414300663406,0.5637583892617449
3643044.0210520164,0.2950689284508399,-0.04683731944194489,2.119459394659606,0.5637583892617449
2664503.8003138173,0.2165312481071655,-0.09973478786077036,1.8060505743365876,0.5838926174496645
2940709.721924047,0.24076756338864924,-0.09125091457671679,1.9754620875703894,0.5570469798657718
2652888.8412627964,0.21546878663972024,-0.08489122017894518,1.9025724748335424,0.5838926174496645
1696008.0698351702,0.11143887438383615,-0.16407370451682154,1.0638853562820014,0.46308724832214765
2673086.6077794055,0.21731396991959873,-0.09860881127569483,1.847001882496478,0.5503355704697986
2332413.7754296884,0.18457106345703966,-0.09517850723133152,1.446976106708437,0.5100671140939598
2396674.246022068,0.19102753472597045,-0.05179077872437439,1.4946627944050104,0.5167785234899329
3019566.440438317,0.24735168483329173,-0.11287042894441922,1.9051757935266131,0.5771812080536913
1945786.2199438189,0.1424021839439995,-0.15952629415455624,1.372787046114891,0.5033557046979866
1860491.8012084847,0.1322062608398662,-0.08822116467455243,1.1906752038994581,0.4966442953020134
2177640.622187932,0.16841531774311602,-0.13714635393758356,1.5991551975410025,0.5503355704697986
3045183.3140409435,0.24946095237092614,-0.04111350997739201,1.819352997846626,0.5369127516778524
2315095.531512227,0.18280672021978583,-0.10985481264729288,1.6241104250845921,0.5637583892617449
3940414.6587407948,0.31555310875846776,-0.06728253195926392,2.1919453414073518,0.5637583892617449
4687670.724467246,0.3620448849637188,-0.047437944369079076,2.595221354398206,0.6375838926174496
2113970.519321602,0.16150152755017944,-0.10513742192330282,1.3038233806580317,0.4697986577181208
2804846.031567149,0.2290846795034185,-0.07746948449764803,1.820369285118537,0.5838926174496645
3815918.8842120403,0.307133143915842,-0.05137645537524508,2.2284493283419073,0.6040268456375839
1772446.2617866097,0.12128139303087693,-0.08865074460806151,1.0719934936423168,0.4563758389261745
2105475.831426537,0.16056655800197306,-0.0740594072671844,1.3796977861311368,0.5369127516778524
3915654.732104422,0.3138956599170093,-0.07070880818004553,2.1743829664782948,0.5973154362416108
2492814.460271326,0.20043318061220772,-0.07825516848223736,1.6425562601582604,0.5436241610738255
2055515.165325168,0.15500572543811542,-0.12220218226528841,1.4594182799377247,0.5302013422818792
4099403.7155264686,0.3260018747207398,-0.05133174079677235,2.4152610965995174,0.5838926174496645
3193151.7757039457,0.26137410883333456,-0.07508640486984705,1.9073929935041143,0.5369127516778524
3542359.867427376,0.28782999415245913,-0.11292520524241258,1.961657304333399,0.5503355704697986
3351132.1320647546,0.2736154254462644,-0.052259039182019885,2.142062023984908,0.6040268456375839
3216801.0309643555,0.2632370065666687,-0.06068916973401968,2.140144916872244,0.5906040268456376
3117878.823698175,0.2553702905329909,-0.06178674866812695,2.060586073265679,0.6040268456375839
2262094.3125740276,0.17734065655464493,-0.06649884081713978,1.4316122359088317,0.5234899328859061
2774299.370392948,0.2263958286049843,-0.05079719729770474,1.8681336994754874,0.5369127516778524
2749462.264033691,0.2241920439579923,-0.09670150722644269,1.7369918912827884,0.5302013422818792
2217362.9333389485,0.17264716156127724,-0.07556426704349391,1.5313027422638148,0.5100671140939598
3923269.343093365,0.3144062785344075,-0.07420603553479273,2.3117187860388406,0.5906040268456376
2737972.9896304826,0.22316721468054146,-0.0946469024973102,1.6509321860047401,0.5436241610738255
3324040.989897233,0.2715495078371555,-0.07641068820897745,2.0135392232091927,0.5704697986577181
5382269.339883849,0.4002097112101741,-0.05002998379449199,2.582834927802439,0.5906040268456376
4128019.675587201,0.32784796313367504,-0.04038350478886197,2.2562273591364783,0.6040268456375839
1529152.4515450087,0.08865471301469507,-0.12213602908995358,0.793972258335427,0.48322147651006714
2239931.351123153,0.17502455319675514,-0.07929431896605349,1.6524828419201543,0.5234899328859061
2738157.459551673,0.22318369632443624,-0.08735000532015089,1.765213957897116,0.5637583892617449
2653434.917741436,0.21551882147428536,-0.07115036026467672,1.6825382570872895,0.5369127516778524
1550857.847542763,0.09172787284137884,-0.12229734607498165,0.8834062480127007,0.47651006711409394
1844345.9085906793,0.13023428004597637,-0.09218262213146435,1.0992725736183528,0.4966442953020134
3527848.2857001307,0.2867731196430159,-0.07639135277938984,2.0570887196198484,0.5436241610738255
2263312.1817661705,0.17746740089271174,-0.13297076628644336,1.4838188247329989,0.5234899328859061
1678525.304387086,0.10913798394865792,-0.085940212202644,1.1281115518264089,0.5033557046979866
5816387.563943713,0.42210173882274815,-0.03490971309753054,2.9145968936868307,0.6442953020134228
1859295.6553238863,0.13206063995930295,-0.0670146555838357,1.215759401238867,0.4966442953020134
3606932.1767580383,0.29249120108152105,-0.057269437298910805,2.0713179252776355,0.5704697986577181
2651370.932091266,0.21532966331184134,-0.053768688432353426,1.6940806849390653,0.5503355704697986
2328723.5427114163,0.18419599175904966,-0.07081793429311986,1.5770115161777567,0.5234899328859061
1866902.768776365,0.13298546916840204,-0.11850755778410113,1.166731556465,0.5167785234899329
5049660.699439148,0.38245957096255667,-0.07338061459435023,2.4553887989145258,0.6174496644295302
2772097.2242324147,0.226201072350934,-0.049831404038504244,1.8092441227580283,0.5436241610738255
3365190.052147645,0.27468219423802975,-0.06810925356855992,2.1184480805290304,0.6040268456375839
5659559.88239794,0.41434881814410085,-0.10567217142194295,2.6560006132157135,0.6510067114093959
2684776.0000825613,0.21837677388024246,-0.057936579032270355,1.8918878764717797,0.5167785234899329
2676122.8267787877,0.2175903809932176,-0.08691447265320383,1.8420355789600606,0.5503355704697986
3970474.219288231,0.3175541585581947,-0.031991281057169765,2.349596097742105,0.6442953020134228
2746653.903703827,0.22394185846342296,-0.09724607815395757,1.9663629968262653,0.5234899328859061
2827350.536692735,0.2310506766385405,-0.10030106247259546,1.9303790218479941,0.5838926174496645
3358233.5760694854,0.2741547567201521,-0.089154486578758,2.169306385570062,0.5973154362416108
3529520.1518143523,0.2868950582588399,-0.05663060248928307,2.227354304747145,0.5906040268456376
1964166.6256790422,0.14455236075423206,-0.1135848850890196,1.2748330148369453,0.4429530201342282
2593689.547132316,0.20999506310172755,-0.11429167921369379,1.567769481104106,0.5503355704697986
2355983.380156957,0.18695551999403803,-0.09845111997600563,1.599528638313332,0.5503355704697986
4535022.083057945,0.3530563420101447,-0.05523581647753954,2.4078876238603395,0.5973154362416108
5252292.153448482,0.3933806496844223,-0.04490635482750284,2.791371547105054,0.6375838926174496
4389958.170942585,0.34428724033927427,-0.08245960071290248,2.3155642332525925,0.5838926174496645
3662262.3107427424,0.29643243963195753,-0.0844417515732518,2.2571475307094415,0.610738255033557
2818204.6801697635,0.23025320853368725,-0.06766294206212764,1.8123646461299636,0.5570469798657718
2649583.9810330602,0.21516579937909208,-0.09317388926068196,1.6117602531917503,0.47651006711409394
2871001.7685843483,0.234828635078844,-0.07773763489868078,1.8279679705712253,0.5771812080536913
3621336.7352652424,0.2935218883633315,-0.05864738080000627,2.0922955229566282,0.5436241610738255
2552849.833296443,0.20616036652387137,-0.16949824481896722,1.573284270478463,0.5302013422818792
2596700.8838622714,0.21027589945606096,-0.07565765174878278,1.7555929033010385,0.5503355704697986
3417150.1460829535,0.2785944422763058,-0.06626329587508473,1.8926083194657282,0.5234899328859061
4085641.8254784667,0.3251103867438254,-0.07755618348176849,2.681879622861204,0.6510067114093959
2267130.452762307,0.17786441716404955,-0.07570095940411757,1.7024725521985455,0.5637583892617449
1961004.667195653,0.14418361813855962,-0.12347027384554826,1.3064956539287362,0.47651006711409394
3861470.7611436895,0.3102390839876932,-0.06435744731291089,2.186690566637237,0.5973154362416108
2888754.8043820225,0.23635200125295608,-0.07578859359380871,1.9679354665971303,0.5771812080536913
2269137.186148604,0.1780728589342606,-0.17373475126608434,1.5466923827048822,0.4899328859060403
2571238.196223112,0.20789299375400971,-0.06973715091566914,1.7183153948236274,0.5302013422818792
2863256.0508593842,0.23416162242023986,-0.06606671683386865,1.7248245896551986,0.5234899328859061
2365168.659872288,0.18787959746787175,-0.11986133575708412,1.5082265065229132,0.5100671140939598
1975487.2795928556,0.1458686759945691,-0.16584103045142562,1.1981480460332536,0.48322147651006714
3080553.7357486775,0.2523501085863371,-0.07941743411593792,1.8553020286350004,0.5436241610738255
3147384.6568476837,0.25773736932552627,-0.04286253602101196,2.1469462255058898,0.5906040268456376
4019556.584922292,0.32079564828027474,-0.051837780693641686,2.574419588310199,0.6174496644295302
2733943.91279003,0.22280701111784018,-0.09856393432714594,1.8763436488399907,0.5503355704697986
4299731.027458306,0.3387153951226225,-0.077672893420181,2.145509041193298,0.5637583892617449
2502998.4300797125,0.2014124148666505,-0.08886062525876003,1.7474999332934857,0.5369127516778524
3238287.068058719,0.26492002831891104,-0.06751358306902928,2.0762540191720937,0.5771812080536913
2970884.8550819,0.24330352216502882,-0.06479300472269937,2.0423557991354597,0.5838926174496645
2813274.7190556093,0.22982248404313,-0.13171067382484147,1.8523316149736555,0.5704697986577181
4941256.88945546,0.37647233315083417,-0.11069430160279461,2.3243901417260013,0.5973154362416108
1924598.9530899376,0.1399034000246111,-0.18963210381821818,1.1768387448737063,0.4966442953020134
3141049.2084024656,0.25723061500409283,-0.0856464999348219,1.980607201931857,0.5436241610738255
2782147.050736234,0.22708886780506288,-0.0506328398351901,1.7521143384245619,0.5369127516778524
3859040.6034965464,0.31007412666588063,-0.06784081598507594,2.2481596494343425,0.6174496644295302
2784693.416652991,0.22731340474833983,-0.05900979447720807,2.020116018820173,0.5838926174496645
3994990.5054474133,0.3191772416983292,-0.04803780513153889,2.4592797578712453,0.6174496644295302
2803819.476547344,0.22899469896353986,-0.07993425059343902,1.8235650681189255,0.5369127516778524
2596550.665456774,0.21026189630890846,-0.07692277864940618,1.701954093834417,0.4966442953020134
3092301.503390936,0.2533038284848561,-0.06666679847317866,1.744300108797505,0.5570469798657718
3687861.9070883235,0.29823983277774446,-0.06392572141486483,2.041098337376004,0.6040268456375839
2577728.321842154,0.20850215351332357,-0.13330297802840532,1.8071558931998817,0.5637583892617449
2214938.87983352,0.17239065837483047,-0.08111284785862513,1.6321402014609308,0.5637583892617449
2929642.4929898563,0.23983223971012158,-0.08882176286899757,1.7883554741412402,0.5637583892617449
4557532.730950659,0.3543969255529751,-0.07364178037912779,2.3046389764124338,0.6040268456375839
2605761.5927271354,0.21111932998976957,-0.062368001836754956,1.8792247985929498,0.5973154362416108
1803065.4399318376,0.125128945958223,-0.07436598144167464,1.2525921903899087,0.5234899328859061
3268203.9229086475,0.2672486270900243,-0.08842486998848664,1.9960518551369004,0.5704697986577181
2215879.2712934394,0.17249019330874216,-0.11271266659915441,1.5433228489603283,0.5100671140939598
3533423.9442873397,0.2871796040272092,-0.05582272318804334,2.18175843830776,0.5838926174496645
2513764.6746988418,0.20244417760710687,-0.06741296112427,1.6874323050998865,0.5302013422818792
2578479.5815121555,0.2085725870884767,-0.11752356430267524,1.6432885993259065,0.5704697986577181
3633879.132461617,0.29441666489067964,-0.053306934156158996,2.0383260420756275,0.5436241610738255
2186203.339343444,0.16933274285103117,-0.06784934549544014,1.5238428288260466,0.5302013422818792
2949343.733770949,0.24149529538047454,-0.061922473040601826,1.8691134191501193,0.5637583892617449
2209208.88789803,0.17178344059650086,-0.0720374319090877,1.3366050303066856,0.48322147651006714
2668418.7339187744,0.21688852606988251,-0.0785835341469456,1.6679374226787964,0.5033557046979866
2670417.135754143,0.2170707391590152,-0.04070578227143151,2.1093508041694102,0.5704697986577181
1754961.7219213548,0.11906040506232207,-0.07677309103156311,1.0859766450687893,0.4899328859060403
2868621.058541996,0.23462377665324818,-0.07032284404205341,1.981478868501981,0.5704697986577181
2375649.0574692227,0.18893046906643107,-0.11105650632983556,1.4283267264560087,0.5167785234899329
3407563.6934767608,0.27787624364938424,-0.06311231084610316,2.1703358416613034,0.6040268456375839
4760809.962963774,0.3662688575255628,-0.07426085936053693,2.581439746552457,0.6375838926174496
4054202.6455937526,0.3230647247795775,-0.0618984525589186,2.3761435620057636,0.5906040268456376
2951066.3331757113,0.2416402835402236,-0.07454739184786693,1.9279305525892576,0.5637583892617449
3765057.4829909243,0.30362992812005296,-0.07860216736060095,2.118647442817051,0.5704697986577181
3784742.1128236437,0.3049902247249221,-0.06870787983771726,2.076581746469483,0.5771812080536913
2816408.231136356,0.23009632490194454,-0.09147402215856164,1.819827174386476,0.5369127516778524
2242098.4942695587,0.17525183351037898,-0.07465647661046566,1.54313130994087,0.5100671140939598
2001710.4574275073,0.14889476778070887,-0.07173209854143044,1.2311998412852438,0.5302013422818792
2672009.9757410213,0.21721589525081342,-0.06575913942385624,1.8455774457914433,0.5570469798657718
3030703.358372018,0.2482704395286044,-0.0812247605032817,1.7714008799254808,0.5503355704697986
3139480.858695029,0.25710504096409936,-0.06079404135859905,1.8836459080151544,0.5704697986577181
3890481.6922685495,0.31220193908339144,-0.039342056906441755,2.5826009604604723,0.6442953020134228
2139974.080104416,0.16434505382239428,-0.13080190151523374,1.3484823515811908,0.5100671140939598
2580207.730510292,0.2087345456177272,-0.12016592937830095,1.515316831635709,0.5167785234899329
2628654.7495886497,0.21323997052940524,-0.0881864980261764,1.7123974299613214,0.5234899328859061
3334102.249523802,0.2723183267862772,-0.056512835537273126,2.0882814055216454,0.5570469798657718
1911901.5432004728,0.13839532806011134,-0.09189381268275786,1.2758139990875768,0.5033557046979866
2491780.880940201,0.20033361854922171,-0.0716021090405346,1.7204516749006136,0.5637583892617449
2784249.4327842486,0.22727426635665338,-0.1009726503262477,1.7705632192498189,0.5503355704697986
2962555.48113954,0.24260557701489827,-0.06207712623075049,1.6704106182469838,0.5033557046979866
3221528.5240893285,0.2636080855790066,-0.07388872672146068,2.018228417261466,0.5436241610738255
2567638.6323194425,0.20755461010866272,-0.07834661145513178,1.5426142377286722,0.5033557046979866
2614048.4138817466,0.21188867025782665,-0.10159917194931414,1.6765422147579798,0.5302013422818792
2045428.9752687602,0.15386999651189992,-0.09539914820518719,1.3278912453225444,0.5033557046979866
3034592.918795092,0.24859067758515674,-0.10095863536936842,1.760449064415577,0.5302013422818792
2977451.527329208,0.24385266211978163,-0.11784255818574671,1.9085661279285657,0.5771812080536913
1786111.8218958473,0.12300510111709917,-0.15069732837562466,1.0323520470625385,0.4697986577181208
2783930.4260983733,0.22724614196263104,-0.06504001680276053,1.7980863336977824,0.5704697986577181
2644898.669408115,0.21473573474350838,-0.07971966325489473,1.8811127235740226,0.5704697986577181
3629798.9022798403,0.29412585215584186,-0.11272670462320862,1.8447783518655496,0.4899328859060403
2340974.2839979976,0.18543932073534775,-0.055910619883829636,1.5880855593944383,0.5771812080536913
3440966.100336767,0.28037173663675286,-0.07129585311026276,2.178578642735411,0.5771812080536913
2201033.979186831,0.17091494572762467,-0.07944550460707829,1.4046087160252854,0.5033557046979866
2348110.6062578177,0.18616118943477744,-0.09326974538162142,1.4458948895328732,0.4697986577181208
4082542.9809408667,0.3249093139315222,-0.07664517311829831,2.2408914260660264,0.5973154362416108
2753852.81965335,0.22458277151233608,-0.05951198666208231,1.732623831961591,0.5302013422818792
3062996.3541470636,0.2509193081329788,-0.06599482293781994,1.9187580361726484,0.5369127516778524
1502162.1273554044,0.08478422657573326,-0.12024600788548646,0.825378186388944,0.48322147651006714
3761510.5168581232,0.30338421210392297,-0.08066249801046527,2.2432739198506138,0.6174496644295302
2949131.7582520517,0.24147744909335023,-0.05311191475054766,1.9238247050570312,0.5570469798657718
3011135.7561443704,0.24665437993501937,-0.10020810898829591,2.017742533682131,0.5570469798657718
2160028.709594265,0.16651923590453843,-0.06380458997019799,1.5469554054091021,0.5503355704697986
2930175.4878025763,0.23987734938267002,-0.08047061858458542,1.8428292613829549,0.5302013422818792
3173768.956870923,0.25983903828193133,-0.052823151698531766,2.1912592521276077,0.5771812080536913
2578445.716041824,0.20856941241962068,-0.06596381548517341,1.7885548383098009,0.5302013422818792
2855200.9131360115,0.233466431512253,-0.05786793072814398,2.046063156726653,0.5771812080536913
1901212.4649340028,0.13711956143671467,-0.10746216987302715,1.2223213918068665,0.4966442953020134
2264236.7887957892,0.17756358884125922,-0.1406536968081532,1.4685548836584055,0.5033557046979866
3790282.992199048,0.3053721034662453,-0.06002866729255237,2.2935099667749297,0.610738255033557
4914386.3299975945,0.3749720145383264,-0.050293015789497054,2.5619309474638055,0.6375838926174496
4062135.156977735,0.3235820655488193,-0.08581284422261241,2.1804916947860487,0.5838926174496645
2101793.2241509897,0.16016029315087899,-0.08644992997742934,1.3540088149720102,0.4899328859060403
3258406.276802919,0.26648790533670175,-0.07770382251745489,2.0608280886391657,0.5906040268456376
3465004.688427882,0.2821556937976537,-0.06434299057059724,2.186209347808043,0.5838926174496645
5893632.33254618,0.42585908749071244,-0.07582008092925646,2.5239721250588905,0.610738255033557
3413116.3489860506,0.27829243461614483,-0.08882872501944195,2.0031533937095793,0.5436241610738255
2565308.8196001165,0.2073353894032004,-0.05965937558818706,1.9209044976225567,0.5973154362416108
2560086.739018482,0.20684344530027188,-0.07146797103367973,1.6418445071297372,0.5033557046979866
3871743.0836354657,0.3109354455734048,-0.07276145465503421,2.1805778764345383,0.5637583892617449
3043993.412255568,0.24936329202701635,-0.04578444195219989,1.962303602221325,0.5771812080536913
2502428.458473142,0.2013576938298538,-0.07016405796726584,1.5375945305661969,0.5100671140939598
2175973.9627736784,0.16823641339996964,-0.06363590460914165,1.6342580657697123,0.5503355704697986
2826534.4490476293,0.23097960223533165,-0.07751377952269489,2.0905982547810034,0.5973154362416108
3014554.9236280764,0.24693736853020476,-0.07252677888450607,1.931631385854722,0.5906040268456376
4020391.4795542574,0.3208505117243783,-0.05347832985537089,2.297758178920215,0.610738255033557
3355999.992706771,0.27398522185946317,-0.09082980988311526,1.825011875780668,0.5234899328859061
2746425.5609293315,0.22392150733191496,-0.0839014782308019,1.688237092008089,0.5302013422818792
3055938.7036430375,0.2503423110681009,-0.0875918568537982,1.869275532617813,0.5369127516778524
2534407.2512479164,0.20441257295059012,-0.06529869506799033,1.882238661468852,0.5570469798657718
3374899.3887675363,0.2754168962666146,-0.08150792411875332,2.305099756056713,0.6241610738255033
1809437.8951108267,0.12592311782937893,-0.1237348529644867,1.2891956393936903,0.5436241610738255
2648727.75499665,0.2150872518696738,-0.06816595674352365,1.757116857553304,0.5570469798657718
2074652.1447369482,0.15714839649693602,-0.09677442014538867,1.4195366584550857,0.5302013422818792
2970061.971903128,0.24323463986397265,-0.08311955794759918,1.9953240759660864,0.5771812080536913
4205161.079203253,0.33277404720531023,-0.09352872781799418,2.212042446602684,0.5704697986577181
2975183.4992490034,0.24366310721336815,-0.12168625070197027,2.0614431162901687,0.5503355704697986
2891303.771446663,0.23657010967949765,-0.07406708698939667,2.139187099838558,0.5503355704697986
2426543.0629592496,0.19398150790043234,-0.08509299100783378,1.4905098310498275,0.5570469798657718
3003343.1263240357,0.246008458332182,-0.1008005614585292,1.7987146007195043,0.5369127516778524
2397427.085339476,0.19110235004282017,-0.10957357132960258,1.5714107853405603,0.5234899328859061
3559642.8048775783,0.28908419619155246,-0.05091226620401758,2.130255359437629,0.5637583892617449
2004304.5379044407,0.14919239142120122,-0.05290748379505306,1.4064186861469736,0.5436241610738255
3400895.074390408,0.2773756896290167,-0.0960002577613525,1.822184845194632,0.5302013422818792
2812806.8879291285,0.22978157886533945,-0.06153977671142604,1.9814046322407821,0.5838926174496645
2151591.1707422384,0.1656064733725917,-0.07344558048282797,1.5006386461308014,0.5100671140939598
3532652.24249179,0.2871233749635467,-0.10532383604387922,1.9940876233587395,0.5704697986577181
2783916.3556440114,0.22724490141828557,-0.056183564905585494,1.8859631469213451,0.5369127516778524
2196576.0573775074,0.1704402523488866,-0.05175834981520653,1.5928876632854632,0.5704697986577181
3006183.4868488326,0.24624404747578743,-0.07190353976805396,1.945073587888624,0.5503355704697986
3303318.211757094,0.26996011745451876,-0.05502172330250604,1.9927640706712737,0.5369127516778524
2110439.4751969175,0.16111324814065942,-0.06311792783704448,1.4175754511812717,0.48322147651006714
4605967.594885018,0.35726351744750096,-0.06336450775073646,2.286536857469199,0.5838926174496645
2194597.5499193985,0.17022932775622834,-0.08022891710554432,1.3193240050207706,0.48322147651006714
3175095.4301228467,0.25994433034936515,-0.0772736051472386,2.106734619720281,0.5906040268456376
3786047.185173187,0.3050802108717865,-0.07202456674332786,2.076615521063801,0.5302013422818792
4764148.283520193,0.366460411680805,-0.06737964748445088,2.367132753645879,0.5838926174496645
2365015.846689459,0.18786424732759177,-0.04365750545497914,1.808573007893534,0.5302013422818792
2429632.676300969,0.1942854022675724,-0.061053955910760634,1.5537502944051107,0.4966442953020134
3084718.2381684356,0.2526885280763864,-0.048537518004357544,1.9961965020825934,0.5302013422818792
3625122.8246599077,0.2937922494518752,-0.06115585151666806,2.5278908760018584,0.610738255033557
3071252.714068079,0.25159295713929297,-0.04120524719279177,1.9236123769487203,0.5637583892617449
3052534.1721410924,0.2500635929109758,-0.08940860441811742,2.001704493674622,0.5436241610738255
4427117.856575149,0.346555371714812,-0.053321189584966705,2.4000304299485378,0.6308724832214765
3199749.688718671,0.2618949463749829,-0.06310836202004194,1.9376667641657725,0.5436241610738255
2446798.5207254197,0.195968226569613,-0.13512345712619359,1.61485503814162,0.4966442953020134
2331866.628870139,0.1845154819976944,-0.14457054301065625,1.4606628730508633,0.4966442953020134
3342496.488159478,0.2729583433998295,-0.0901004895258379,2.1830675705935407,0.610738255033557
2884427.174325297,0.23598134444496277,-0.09557603992818606,1.677516633144785,0.5436241610738255
3016575.736551321,0.24710450111300997,-0.0832825408449364,1.8811016260049276,0.5436241610738255
2961462.4673787393,0.24251387338369002,-0.07422633522528267,2.0254491950433926,0.5771812080536913
3048522.2217491535,0.2497348279235867,-0.07130078834895066,1.8652157403972822,0.5771812080536913
3007674.8853139603,0.24636767783567937,-0.04938725369264507,1.938823942676576,0.5637583892617449
1945457.2245763475,0.14236354964344522,-0.08469530853637917,1.3840525468348324,0.5234899328859061
1892588.325627028,0.1360860609731167,-0.11451346568910291,1.313082678852026,0.4966442953020134
1904588.3028032288,0.1375230942130159,-0.10040732382960424,1.3317589889973467,0.4966442953020134
3558865.981083435,0.2890279276974155,-0.0735374148797764,2.1821330213538896,0.6040268456375839
3322132.98240696,0.2714034998170767,-0.05912882717725492,1.9506958225522222,0.5704697986577181
2811546.263157332,0.22967132806045232,-0.07749609135898602,1.8901791308469311,0.5503355704697986
2272761.155639809,0.17844891159325504,-0.07954860340660408,1.4333481121294147,0.5100671140939598
2011185.49060142,0.14998036567776096,-0.059720779208236686,1.5160376881552968,0.5167785234899329
2632438.371517371,0.21358903125639706,-0.09582943067509579,1.6363480521802498,0.5503355704697986
2868895.288624333,0.23464738088868287,-0.05441919807853244,1.8649844003051925,0.5234899328859061
2595192.2442203723,0.21013523676527068,-0.06097991472974331,1.945650498376155,0.5838926174496645
2999152.4527904307,0.24566054394113057,-0.05513030353414634,1.9485102387233084,0.5436241610738255
3393045.9798739133,0.27678552079612206,-0.05096747469083678,2.013920927338934,0.5704697986577181
2867738.5351036405,0.2345478015763014,-0.08791601401259616,1.8067221814435421,0.5369127516778524
3248044.345740207,0.2656813769740183,-0.09942096527519333,2.161998339404417,0.5906040268456376
3146494.827965388,0.25766624375646296,-0.09734295890472201,1.9298381578619053,0.5570469798657718
2763530.540797069,0.22544226163150416,-0.12405322595868674,1.6826038121808813,0.4899328859060403
2616870.484786228,0.21215022316667986,-0.06752507572339937,1.6318280877145697,0.5100671140939598
1925164.8533323219,0.13997042653454006,-0.08877207995550687,1.2962289290956832,0.5033557046979866
4105501.2371632317,0.32639610370972383,-0.0607853151862169,2.234972943744767,0.5771812080536913
3070517.5681038504,0.2515330342540525,-0.04936006274036605,1.9616402639122317,0.5570469798657718
2424035.3434628993,0.19373462093980742,-0.05901825070679842,1.6239911658368482,0.5167785234899329
3306348.9436565395,0.27019306485159733,-0.05500702461745003,1.9718377344686178,0.5436241610738255
4865023.777531361,0.37219866806666535,-0.0628993835281457,2.5293183893366527,0.6040268456375839
3547118.360506895,0.2881757997848713,-0.05020913114438546,2.1862770189446272,0.5838926174496645
3645613.1178978537,0.29525153504819235,-0.05730176993878391,2.4248300223916956,0.6174496644295302
2478311.78598433,0.19903314482018764,-0.054734732913956675,1.780818611016319,0.5838926174496645
4902706.5704127345,0.3743178278201531,-0.07098718497696847,2.454904372762736,0.6241610738255033
5266906.134165322,0.3941551767702616,-0.05710715534532907,2.6509085233508167,0.6308724832214765
2508606.828030774,0.20195032714766592,-0.07241985527188671,1.7696293149558264,0.5704697986577181
2510400.0510206465,0.202122115641036,-0.06941705897094119,1.7448241897494603,0.5369127516778524
3629840.0559468693,0.29412878663151476,-0.07345687094168596,2.1916005348977547,0.5838926174496645
2364747.1382373227,0.18783725354055703,-0.0793924828007751,1.5366943069258794,0.5167785234899329
2962632.327770523,0.24261202341308907,-0.11043403362576548,1.8217668904978828,0.5234899328859061
2598119.236849223,0.21040808437723468,-0.0819271766796902,1.775092684011899,0.5570469798657718
3126653.4029028895,0.2560760887672717,-0.06382352071301298,2.2361536800650477,0.6040268456375839
3065447.016068523,0.2511194128239358,-0.06792851600261753,1.851074558573173,0.5503355704697986
3831667.070654062,0.308210267384154,-0.06939001667424415,2.2761197022232618,0.5637583892617449
2505901.7822672133,0.20169100122350492,-0.11537468346889312,1.6618590269247024,0.5369127516778524
1817499.6302365297,0.12692461787234888,-0.11746291786741699,1.127950266095286,0.46308724832214765
3090324.0838022996,0.2531434986012233,-0.07081527363913678,1.80802536871828,0.5570469798657718
1718137.4478197487,0.11432424733356616,-0.11002565711460643,1.1509365908095512,0.4966442953020134
1816838.6173270198,0.1268426348997469,-0.13165161987107366,1.119081585290131,0.44966442953020136
1488185.4413211718,0.08275802269328625,-0.15009355725057139,0.8285767322673293,0.4563758389261745
3107268.9229577286,0.25451473956852544,-0.0867254279490613,1.9426507678129266,0.6040268456375839
2636707.988194804,0.213982446095748,-0.07889190227552596,1.8579398350674017,0.5302013422818792
3403961.811123282,0.2776059797520387,-0.09069218241293556,1.996007985839487,0.5570469798657718
3416238.3946556253,0.27852620502038494,-0.09061060593881314,1.9668198982597438,0.5302013422818792
1864462.2110099497,0.13268908913448096,-0.09186643545408804,1.2782030355609244,0.5302013422818792
3139659.823259888,0.257119372768436,-0.061187268783453354,1.930939971816603,0.5503355704697986
2672833.977226299,0.21729095964173895,-0.04495682339814354,1.829159558436446,0.5637583892617449
2150552.8459441997,0.16549395089947283,-0.06726282306912577,1.4936992924769434,0.5033557046979866
3196582.206646237,0.26164501349657776,-0.06293033875789845,2.2117048480340546,0.5771812080536913
2120770.0936430246,0.16224776069499192,-0.1006715385196695,1.4072377572465524,0.4899328859060403
3906331.8209545165,0.3132694037240973,-0.04225896317285249,2.372257881495514,0.6308724832214765
2388328.3925563046,0.1901968823355198,-0.08757855682319067,1.6374543741588168,0.5570469798657718
4516948.239002275,0.3519761264187913,-0.06081106224767211,2.476384509528772,0.6241610738255033
1659617.1012439795,0.1066278106352645,-0.10376931712020995,1.0387660113355475,0.4697986577181208
1852363.3281509622,0.1312152074321924,-0.08082821896618095,1.1758083109877624,0.48322147651006714
3678453.7637420376,0.29757676514684017,-0.09187430658634817,2.2260820680275684,0.6174496644295302
3010578.9146758216,0.24660826841648098,-0.055695317244180406,1.9747729659559907,0.5637583892617449
2919205.333169231,0.23894757154359825,-0.04633141611198006,1.9023085801209556,0.5570469798657718
4467518.7770351535,0.34900412388425184,-0.05824263382357982,2.314421588738287,0.6241610738255033
3052213.053254981,0.2500372910975801,-0.09301421683910045,1.885961855342235,0.5906040268456376
2432926.5385112585,0.19460904625651554,-0.14447576845676233,1.4764693308439347,0.48322147651006714
2932572.2668971624,0.24008011814503938,-0.0751290020062717,1.8080711125173252,0.5503355704697986
2186384.125015093,0.16935208154741788,-0.09131650642066481,1.3579967072120336,0.4966442953020134
3723453.883919276,0.30073610676534135,-0.09126453035322499,2.312293551754549,0.5838926174496645
3052441.074443292,0.25005596780633743,-0.08775727553849347,1.9575835518955351,0.5436241610738255
4093781.3291074666,0.3256379491924035,-0.07009602037146953,2.4122302549124908,0.6174496644295302
3651949.993802969,0.29570150859755207,-0.059747497112028994,2.3618085477624455,0.5838926174496645
1925503.0668540322,0.14001047778741205,-0.08381268464253698,1.3399683726942908,0.5167785234899329
2759128.6893073884,0.2250516269058347,-0.09428967600010045,1.715048926794734,0.5369127516778524
4423635.516869122,0.34634346683804806,-0.05390061872627124,2.4135346161601836,0.610738255033557
3784682.5589771518,0.30498611783074714,-0.06103224850906467,2.1774097462451563,0.6174496644295302
4743363.871972151,0.36526604216006553,-0.04497900193382152,2.304075324997297,0.5906040268456376
3069029.4402066944,0.251411699505794,-0.048086676550410594,2.058530437624009,0.5771812080536913
2135149.078198944,0.16381952963446578,-0.10540869692902197,1.3665220493510968,0.5033557046979866
2958640.7092456184,0.24227700320877332,-0.0940940039884934,1.799526208833195,0.5100671140939598
3116941.87644518,0.25529483172127465,-0.07396617880860495,1.9485720800727835,0.5637583892617449
3693691.8827387393,0.29865003930537326,-0.058127954407251596,2.1675534496499274,0.5973154362416108
2476717.1190950046,0.19887880178870332,-0.07996925610811723,1.8014190341678835,0.5771812080536913
2315190.8790485226,0.1828164628716369,-0.11003229620052755,1.4599324607250093,0.5100671140939598
4477076.727014238,0.3495808509059757,-0.06542893264516718,2.1942579163704656,0.5838926174496645
2162397.419514314,0.16677496717634166,-0.06268007919658838,1.6412241783056178,0.5704697986577181
2787756.9681012705,0.22758332920357183,-0.11057869959277741,1.9607241487540403,0.5771812080536913
3628264.9552175743,0.29401645456930026,-0.0756680993426712,2.0828192954498075,0.5503355704697986
3089993.428620789,0.25311668095265816,-0.050709771103639396,1.9290632559458472,0.5570469798657718
3571891.4694233118,0.2899701205880898,-0.06716437128991899,2.4428289263137333,0.6241610738255033
2700492.043824947,0.2197998634944982,-0.08019884898833782,1.7175524559734352,0.5503355704697986
2696982.227606741,0.21948262495044402,-0.09015730789031291,1.8589211696251424,0.5704697986577181
3766072.6210178006,0.3037002177036474,-0.07723595275805904,2.07796685620505,0.5369127516778524
3397082.8757847073,0.2770891888930753,-0.053071442483537595,2.052611827371972,0.5838926174496645
2370425.320848398,0.18840714855362717,-0.10160603543013842,1.6783439588256173,0.5302013422818792
3495177.4547268176,0.28438092220747935,-0.059708612427769134,2.2591171733976,0.6040268456375839
1906085.763885839,0.13770191092670547,-0.06477763904577309,1.2875471438571238,0.4966442953020134
4556217.538895547,0.3543187473880951,-0.0641303824062832,2.4788103251129168,0.5838926174496645
2217484.8692769073,0.17266005838427834,-0.08964591813725177,1.3722226060837455,0.5033557046979866
4110391.5113083967,0.3267119410153849,-0.05333101853205774,2.354025630980327,0.5704697986577181
2662014.2278934447,0.21630383051442004,-0.06716049579103105,1.816096669546701,0.5436241610738255
3054432.6592617612,0.25021904666296435,-0.06587688900392827,2.2399143135378954,0.610738255033557
1747517.5591894204,0.11810942839485405,-0.09081176708372116,1.1717631844178757,0.5234899328859061
3642338.0193958213,0.2950187291292041,-0.07993198130301828,1.8846584839207317,0.5167785234899329
1486600.7593855301,0.08252733123071021,-0.07216766858674797,0.7939636991783368,0.44966442953020136
2618161.8742330093,0.21226983543741662,-0.05661533951411053,1.9131157935912508,0.5369127516778524
4650638.020427028,0.3598860150553511,-0.04181588325555565,2.389102378524119,0.5771812080536913
2970661.4762728713,0.24328482497366455,-0.07154078491416035,2.086793707873374,0.5973154362416108
2284952.7734453445,0.1797105021438148,-0.1017649333027788,1.4901562004483535,0.5302013422818792
3613627.8487209664,0.2929707043193215,-0.07101745324555836,2.184961045299282,0.5771812080536913
2770602.74243278,0.22606883092182772,-0.05810054998003095,1.7209390764669996,0.5369127516778524
3826654.954703422,0.3078678401901842,-0.09367278696687151,2.2144492205679014,0.5637583892617449
3071199.0917310654,0.251588586687604,-0.046476522829508385,1.9904483647644031,0.5704697986577181
2348298.5209479528,0.18618017405815102,-0.0806219714336842,1.638489976282233,0.5704697986577181
2272491.9012510465,0.17842098806261797,-0.1399506930040003,1.4191845647761574,0.5302013422818792
3737749.187792901,0.301733349034093,-0.08510640864831547,2.2260890263541593,0.5637583892617449
2435309.8587290663,0.19484300489595174,-0.07083032677741745,1.4847133399635313,0.4966442953020134
2004913.4897239718,0.14926221292325548,-0.09327476210303202,1.2857009531212207,0.47651006711409394
3250247.07890704,0.2658530003924413,-0.0800077495063547,2.0480843744038775,0.6040268456375839
3435941.8116402416,0.27999761393076517,-0.058814186532354304,1.9197295748802055,0.5369127516778524
2950990.183575323,0.24163387559294813,-0.03993852700000016,1.8317906721689123,0.5167785234899329
2850081.628078291,0.23302380067836892,-0.06697348841585808,1.7797570296526757,0.5369127516778524
2676819.578371495,0.21765377641674655,-0.07175113484329633,1.80928874548652,0.5704697986577181
2359358.750559821,0.18729543075682198,-0.06827117550825251,1.5034129004380368,0.5167785234899329
2066789.162020846,0.15626993955275004,-0.08575063214449678,1.4245557196788907,0.5570469798657718
2158264.227432548,0.16632859258046073,-0.0831382172198423,1.5911544843533347,0.5503355704697986
3771813.2158133546,0.30409741958881686,-0.06475834656721866,2.211002944205366,0.5570469798657718
2650784.316337352,0.21527588022016775,-0.06647605584026442,2.0709220272670255,0.610738255033557
2193494.4129380053,0.17011165853848564,-0.07755438960913952,1.5377673698668197,0.5234899328859061
2268493.0422909604,0.17800596702649174,-0.08257985258011535,1.3850678571568948,0.5100671140939598
2754510.055891412,0.2246412178712509,-0.06766312466950695,1.7254649235539747,0.5369127516778524
1911738.9048106035,0.13837595958540394,-0.13836243341485593,1.247358708542729,0.5100671140939598
2029992.5257881652,0.15212310925168193,-0.05970804558675243,1.3637962792860994,0.4899328859060403
2750407.244371874,0.22427618247622316,-0.05488068068247335,1.845398577422394,0.6040268456375839
5707328.440084199,0.41672831254343445,-0.04776492210086262,2.6184125255182984,0.6241610738255033
4345665.977746309,0.3415636066012673,-0.10364576350478538,2.4312547374589375,0.5771812080536913
2939738.6637531323,0.2406856092503924,-0.08812061176928011,1.719888951737167,0.5234899328859061
2602052.916730044,0.2107743860393474,-0.046358611477025434,1.7499305197503312,0.5503355704697986
3199116.9369889046,0.2618450343847285,-0.07042308105654436,2.111910514482179,0.5704697986577181
2302096.6370387855,0.18147547250227913,-0.07998321566246802,1.4640531891760677,0.5100671140939598
1680636.928487844,0.1094169079330427,-0.11572800284015505,1.0828981599945902,0.4899328859060403
2210952.7466407074,0.17196837375658092,-0.06653414255073485,1.6206177679788174,0.5503355704697986
3752780.242541944,0.30277863196076105,-0.07628197041367543,2.208745646824969,0.5704697986577181
2018131.098796294,0.15077355976708096,-0.0844176396697683,1.4189748457571691,0.5369127516778524
3773761.6790831923,0.30423212726840165,-0.07271289177826626,2.2552151220781633,0.5906040268456376
2956495.3625087338,0.24209679286783392,-0.09330899408889567,1.6938104276849526,0.5302013422818792
5189721.616158386,0.39004484810635054,-0.07976543887438863,2.563286046284786,0.6040268456375839
3649406.1747052376,0.29552095032094217,-0.09004015797350162,2.0128594609128627,0.5704697986577181
3080376.265539265,0.2523356787158073,-0.07639285515587821,1.7670049533480674,0.5167785234899329
4258597.813972506,0.33614418325563666,-0.06978663310064534,2.326087577684489,0.5973154362416108
3011791.181343881,0.24670864634011136,-0.06649925651778897,1.819218268631149,0.5570469798657718
2236952.9829935557,0.17471190803293313,-0.09510476228840106,1.5398351713953062,0.5637583892617449
2110553.8574154032,0.16112583393917612,-0.0722081027184591,1.4890923426163483,0.5436241610738255
2768994.0521471626,0.2259264197972306,-0.05941303990546064,1.7203785607823625,0.5369127516778524
2995470.079583416,0.24535450805167125,-0.07239328703079773,1.7052966693171727,0.5234899328859061
2881434.5488563883,0.23572476904792206,-0.0571103018635758,1.8520912687074058,0.5369127516778524
2767556.9413633365,0.22579914195498296,-0.05682972346774614,1.734861224761138,0.5369127516778524
1939968.5438478715,0.14171823536242045,-0.13303930624406826,1.1836592056224957,0.4899328859060403
3366711.627669816,0.27479744327340283,-0.07545382109374398,2.40467894656839,0.6375838926174496
3006295.3756428002,0.24625332426598656,-0.04398298926360963,2.088316017180338,0.5637583892617449
2043080.2706025029,0.15360488386251037,-0.07610142490633993,1.4203968835030163,0.5302013422818792
2230949.5739912065,0.17408070488184046,-0.056715507904334946,1.5741165180120626,0.5436241610738255
3363770.408879819,0.27457462828163703,-0.06453761205430968,2.1529427549847813,0.6174496644295302
3220596.368392586,0.26353495161051965,-0.043539433213591945,2.2614316686175635,0.6577181208053692
2064246.9788583047,0.15598535345932096,-0.10773060905758948,1.3747109361117147,0.5302013422818792
3281147.971477614,0.26825085356911904,-0.06988472594819842,1.9116033258225171,0.5570469798657718
2741548.781746188,0.22348653913110406,-0.09059043802143693,1.8104846136595847,0.5503355704697986
5087791.209170391,0.3845411122629514,-0.04355241017442228,2.865187629476922,0.6442953020134228
4491001.744802497,0.35041932660900077,-0.04694934899277998,2.53925796663227,0.5973154362416108
2157739.9754428337,0.1662719257927907,-0.08935630450991408,1.4537067617715569,0.5100671140939598
2739679.2164415293,0.22331962529048144,-0.06087862494397547,1.8178712359768296,0.5570469798657718
2892728.1285210936,0.23669192119090976,-0.06017403737825081,2.0913792171696857,0.5436241610738255
2935592.2276535854,0.2403354197210532,-0.07319414073750978,1.9382005317663267,0.5771812080536913
2200528.097247944,0.1708611165551963,-0.09610139629063799,1.5863167322845062,0.5369127516778524
2317652.932151282,0.18306792541873618,-0.0975640849592457,1.529761879926578,0.5302013422818792
3831741.0896605686,0.30821532166858345,-0.09201208783472134,2.2439172931547255,0.5838926174496645
2662749.6940537076,0.21637103161768656,-0.05996140247424617,1.9576471040668588,0.5771812080536913
1856623.7921815144,0.13173509181630783,-0.1584771214421215,1.1484012882465948,0.4697986577181208
2149081.768937647,0.16533445696509963,-0.06247915100361098,1.3611207135467709,0.5369127516778524
3630370.279288199,0.29416659199976114,-0.09844370199965626,2.205754951581502,0.5570469798657718
3498090.0480338437,0.2845949103676133,-0.07652496404747236,1.9702599888297074,0.5704697986577181
3166540.596751471,0.259264650042464,-0.08180407592360756,1.9101103236524468,0.5369127516778524
2324524.8284457284,0.1837686597638355,-0.05168366420616957,1.580536943337016,0.5302013422818792
3208970.641383299,0.2626214084463756,-0.04435686127366079,1.9883282498412589,0.5436241610738255
4657259.37422728,0.3602730227228197,-0.05255442017629545,2.5341711787161145,0.6375838926174496
2814651.921778998,0.22994286925155794,-0.09067469827101461,1.859295881914307,0.5973154362416108
2025856.8538485856,0.1516532857612043,-0.10635373894866797,1.237446718695151,0.5033557046979866
2752634.91030852,0.22447443640464093,-0.0969526945500932,1.7344086256681757,0.5369127516778524
2261918.356185571,0.17732234016044046,-0.07777603197141189,1.4750840165573935,0.5100671140939598
2848978.5548516368,0.2329283419279078,-0.060759288255379754,1.9742236085231635,0.5369127516778524
3259540.7752646334,0.26657608516404774,-0.07515063992194543,1.9850215859267875,0.5570469798657718
3246222.586443885,0.26553936633342,-0.1152914777759855,2.2159027303915733,0.5973154362416108
2762241.1030625333,0.22532788428247286,-0.04508905830865977,1.791893996693483,0.5234899328859061
4143812.807050578,0.32886243787442826,-0.05239518492912868,2.030374134117575,0.5906040268456376
2337242.433673212,0.18506112728249668,-0.08696490288440868,1.4691580231406192,0.5167785234899329
2029820.686212069,0.1521036030664944,-0.0992324657636187,1.401066858611229,0.5167785234899329
2697436.7982272967,0.2195237304199935,-0.09585107253087578,1.7276819901310916,0.5369127516778524
2911075.394759744,0.23825671181582475,-0.05975047583245666,1.9472137514110555,0.5771812080536913
2939257.440095875,0.24064498751953534,-0.060407808001835366,2.1552007617998705,0.5838926174496645
4614585.544196037,0.3577710366028537,-0.052926763390214626,2.4699182437453397,0.6174496644295302
2368476.647573867,0.18821169171998742,-0.08897221191975255,1.5294604412011505,0.5436241610738255
3114708.52174321,0.25511489108819996,-0.058194623125465375,2.0605307157573356,0.5570469798657718
3356230.967228119,0.2740027576179225,-0.08659706793859988,2.036114779241049,0.5771812080536913
6039496.252583043,0.43284807060348407,-0.05167467876874643,2.589557504534732,0.6040268456375839
3560101.6393356198,0.28911742681535535,-0.07065585033593862,2.067190751013475,0.5838926174496645
2132262.390054305,0.1635046661534807,-0.0550137755131203,1.4820258993396254,0.5302013422818792
3015641.505336171,0.2470272460786711,-0.06319547181786349,2.1616185867189457,0.610738255033557
1956597.8964392,0.14366891326235365,-0.05426174776399659,1.3309745172322505,0.5167785234899329
3094354.4404781926,0.2534701945989375,-0.08987739105388304,1.9523017522659214,0.5637583892617449
4948016.024454642,0.3768487020005291,-0.0504868937980591,2.5039568782596495,0.610738255033557
3485572.3497837796,0.2836742229329601,-0.0709062655995078,2.299475346147177,0.610738255033557
3599991.900949543,0.29199342862596134,-0.053520315292185094,2.406945989964779,0.6040268456375839
3096667.2974407724,0.2536575183813916,-0.0838863046814355,2.0964659092941975,0.5637583892617449
2404939.1472430313,0.19184785267986437,-0.05211340018808644,1.6387941558502543,0.5503355704697986
2892119.9426565273,0.2366399147960021,-0.07879489664142537,1.8828141935693965,0.5570469798657718
1757152.5061934292,0.11933965863702056,-0.11972056327373334,1.1357778406635142,0.5302013422818792
2887946.87813606,0.23628283698916697,-0.13043390303983296,1.6499379982288442,0.47651006711409394
2593465.457701162,0.20997415416320053,-0.10387098319107002,1.7229611662009663,0.5234899328859061
4103894.2024658145,0.3262922480164201,-0.0848188195598632,2.21388920225936,0.5771812080536913
2808820.5958416522,0.22943281337069088,-0.09673740084195852,1.7388429494011601,0.5771812080536913
2315206.0559778865,0.18281801362712735,-0.08258499597370202,1.5311217865031386,0.5503355704697986
3474175.47194676,0.2828336694311471,-0.05858031688339863,2.215988084970284,0.6040268456375839
2577655.1942148064,0.2084952966310647,-0.17722678191629562,1.5675206459556619,0.4899328859060403
2308601.151189871,0.18214236485429436,-0.12136036156846239,1.6026226317175394,0.5704697986577181
2412054.239328467,0.1925522438524665,-0.1404562806685807,1.61049215998622,0.5369127516778524
2424745.029485903,0.19380451081035077,-0.061498598837789055,1.8367066448951246,0.5503355704697986
2306708.24542014,0.18194844496765583,-0.10512351325400825,1.6788162340214163,0.5704697986577181
2025753.273108707,0.15164150886404193,-0.09130993732676088,1.2098076616947766,0.4563758389261745
3245184.214871074,0.265458394173538,-0.06715172475489321,1.9983127067834945,0.5771812080536913
4167119.1740063867,0.3303538910034629,-0.04191777626328899,2.3854053775307063,0.5973154362416108
2882460.923722252,0.23581279021585178,-0.060076649811352294,1.7154513522078403,0.5302013422818792
4774867.889496143,0.36707478178995157,-0.06012163987287654,2.384784250952254,0.5973154362416108
3595632.131754543,0.29168034326761916,-0.060142701942247384,2.210064018150536,0.5906040268456376
1732377.9396989336,0.11616533124647765,-0.15064606149662998,1.039990612175435,0.4563758389261745
3279163.6084119906,0.2680974146383288,-0.09746635276146616,1.90016633600005,0.5369127516778524
3747010.603492845,0.3023777990461225,-0.06410522649966022,2.178483213462497,0.5637583892617449
2114341.489673825,0.16154228993400954,-0.0902725494438776,1.5531993156808273,0.5503355704697986
2467066.2735896613,0.19794302513646667,-0.12986990722427155,1.5885040075544385,0.5167785234899329
1818087.0786343592,0.12699745689552433,-0.12659644320136848,1.2468402215978978,0.5033557046979866
4182156.5800322243,0.3313126472636716,-0.04929064838501453,2.1743962427514387,0.5436241610738255
2392680.2274927474,0.19063030425539562,-0.10934593498754934,1.5581121853494737,0.5637583892617449
3210314.848312718,0.2627271707189025,-0.0771932086678533,2.2000325096069537,0.6241610738255033
2460388.894103284,0.19729384967256736,-0.06669167356995553,1.6170529571992474,0.5570469798657718
3354234.425563723,0.2738511467736293,-0.051589201120956434,1.942971935659737,0.5906040268456376
3220316.53365846,0.2635129933632654,-0.07204908470240043,1.914534489497087,0.5637583892617449
4579947.233937111,0.35572653037837987,-0.0472804388317991,2.5404336930290126,0.610738255033557
3896790.9640442696,0.3126272680796254,-0.049844317180921034,2.32690343154868,0.5973154362416108
2359516.966480481,0.18731135406658184,-0.05723384997421942,1.6017888619578313,0.5167785234899329
4650568.26642612,0.35988193569853943,-0.04984841669138035,2.834677610964502,0.6442953020134228
3608831.638801953,0.29262730128404035,-0.04650241567169147,2.1970382580528134,0.5838926174496645
2981592.680352709,0.24419846932304412,-0.0831939774115229,2.137959974949966,0.5704697986577181
4279063.236812635,0.33742593579325586,-0.0864449056983649,2.1863037323405465,0.5771812080536913
3292889.648386874,0.26915725107664823,-0.07980334408918215,1.9492598356654245,0.5369127516778524
4069985.6833475283,0.324093264327163,-0.0812496533619854,2.2199818111741605,0.5771812080536913
5263075.235411612,0.3939523092138857,-0.08104035016402959,2.390436619831871,0.5771812080536913
1609393.6287665942,0.0998474583839748,-0.09744994688017304,1.0631714665367415,0.4697986577181208
2624779.0597135792,0.2128819990261155,-0.073755109626525,1.6743046015344538,0.5234899328859061
2182314.650176608,0.1689164585795062,-0.07164538110297564,1.457250365111938,0.47651006711409394
4467027.43032272,0.34897444934068367,-0.08531842607536018,2.1827175503607807,0.5570469798657718
2777497.286837759,0.2266784299979807,-0.06169356852463767,1.851430942740336,0.5436241610738255
2110112.523673403,0.161077269731704,-0.08326641775069414,1.4859460323482627,0.5637583892617449
3336762.3190479283,0.2725212825070338,-0.07766833241152313,2.4240806548835496,0.6308724832214765
1971000.272319372,0.14534767049135766,-0.059884848408674335,1.4324373464745281,0.5503355704697986
3892716.791539811,0.3123526776333132,-0.052796346742982087,2.236348242286265,0.5973154362416108
3168264.8094434817,0.25940175659617015,-0.08038825500668376,1.9972444180957838,0.6040268456375839
3298740.8118275437,0.26960796608739734,-0.05120143529435596,2.0969380516590563,0.6040268456375839
2401738.5944191827,0.191530455522541,-0.15288150354811758,1.5816648472999026,0.5302013422818792
3131984.503540478,0.2565041314604035,-0.06004854971632242,2.1234318527334866,0.5771812080536913
2900009.296154497,0.23731386065096882,-0.08008469801243955,1.8898657781780708,0.5570469798657718
2842346.033138825,0.23235374654740393,-0.08665595513907495,1.6153018690836394,0.4899328859060403
3057948.9299365445,0.2505067652761128,-0.07197506147226244,1.8752246110920467,0.5369127516778524
3900946.3248365307,0.31290709396074945,-0.043789321731504176,2.394015959246609,0.6241610738255033
1944242.3312280125,0.142220838031758,-0.09902709158655973,1.445585462617488,0.5033557046979866
2406709.5895378864,0.19202328138195623,-0.06277894707801435,1.5837323337062417,0.5302013422818792
2548495.3079696842,0.20574860371015302,-0.09115626157806418,1.6554326298866,0.5302013422818792
2921806.4846859095,0.2391682851949084,-0.05535632535688007,1.9151137767123179,0.5771812080536913
1899942.8000087324,0.13696764294550623,-0.05811354976302697,1.4069258475720448,0.5100671140939598
3136909.021552511,0.25689901140031934,-0.10193770686662212,1.948451247266354,0.5436241610738255
2330076.323435822,0.1843335422560577,-0.11346614679988974,1.4512244736956996,0.4966442953020134
1826191.8829309435,0.1280004726376074,-0.10250313194627791,1.1953820203113394,0.4966442953020134
3266361.8112269924,0.26710573882195665,-0.16764317808660673,1.8593837501708557,0.5704697986577181
3212383.9574124203,0.26288989911682936,-0.06562681065451163,2.0051963771971866,0.5369127516778524
2672345.732716708,0.21724648407279767,-0.09027966435650414,1.6742296100318492,0.5436241610738255
3525275.6812973805,0.2865853947779242,-0.06710587391680095,2.0888946790120433,0.5436241610738255
3307163.6466896525,0.2702556552302955,-0.06190324591211486,2.167037176477034,0.6040268456375839
3122414.374109681,0.25573531338109845,-0.05789021688114319,2.1248115657716986,0.610738255033557
2433531.5328828082,0.1946684528896354,-0.06501170291587825,1.5791036801644418,0.5167785234899329
2454266.493694144,0.19669738953184446,-0.08893647339542551,1.7602742290380695,0.5234899328859061
2656179.4507410335,0.21577016754084832,-0.06379071933009181,1.8599259117948705,0.5436241610738255
3056774.9411726105,0.25041073316937434,-0.08070648454165393,1.839172205187196,0.5234899328859061
2718301.1691619125,0.2214044962228201,-0.08158226276976754,1.9343360774824792,0.5503355704697986
2528463.839152343,0.20384715123510722,-0.08196262942925117,1.735905663073796,0.5369127516778524
2132243.1661588806,0.16350256817784747,-0.07202366768573322,1.553486685185075,0.5369127516778524
2681061.280366784,0.2180394321297825,-0.09116695503882648,1.7293095402518257,0.5369127516778524
2502757.5332828043,0.20138928840029502,-0.09381188967881014,1.5809807357654584,0.5033557046979866
3626604.3001894923,0.29389797874191625,-0.052914109422709,2.4935038754507763,0.610738255033557
5212356.152764588,0.3912552511756622,-0.05716931847784019,2.474177172242242,0.6308724832214765
3191807.04754668,0.26126785074097114,-0.046678382743750066,2.130573630948247,0.5704697986577181
3460466.2744408706,0.28181964782433977,-0.06600810109987529,1.9931420857784943,0.5637583892617449
3073520.141390659,0.2517777064025093,-0.06616060101132851,1.873830009869378,0.5436241610738255
3720880.5051841163,0.3005562623259963,-0.06563128432349923,2.229813978978481,0.6241610738255033
3086278.64432615,0.25281523705575304,-0.08541517387265676,1.915169980819043,0.5906040268456376
2882343.184486007,0.2358026942572029,-0.12626410434434895,1.7880726874951725,0.5503355704697986
1748464.1326770238,0.11823053086911983,-0.10496681085410979,1.1896636937870337,0.48322147651006714
3357052.397410279,0.2740651133908516,-0.058769775518422135,2.1359961402161254,0.6174496644295302
2527871.7363020848,0.20379076378784,-0.06674870678123121,1.745995755832688,0.5167785234899329
3832092.219707869,0.30823929702915187,-0.061102026427506256,2.3994967143784276,0.6308724832214765
1598193.498426459,0.09831236227717444,-0.1666712894389638,1.0206546869434268,0.48322147651006714
3212923.9999892404,0.2629323578307887,-0.06329607889686983,2.043329608926067,0.5704697986577181
1848127.7301647102,0.1306974082328134,-0.07946409978184187,1.2233731967732187,0.47651006711409394
3490190.838751087,0.28401422422335965,-0.08152129767063954,2.263159410836106,0.5704697986577181
3710738.3205068693,0.29984649016764475,-0.09929295289257221,1.9972421527133224,0.5570469798657718
2390152.104090575,0.19037859211361163,-0.08178566607435143,1.5594029884616782,0.5167785234899329
3009126.690239251,0.2464879789671881,-0.0678483848088017,1.9939168641896574,0.5771812080536913
1971401.1959156336,0.1453942620170623,-0.07388738995741231,1.3179486704087813,0.4563758389261745
1466682.2971732551,0.07961077414961415,-0.1059268298731137,0.8002780049308499,0.4429530201342282
4081231.649281861,0.32482418959585213,-0.09085069821550418,2.4387616573039383,0.6174496644295302
1602728.1788825572,0.09893492175970575,-0.12313451105819258,0.9479597499076357,0.46308724832214765
2459349.137919372,0.1971926376912827,-0.07051061230686477,1.8044613042103639,0.5503355704697986
1480913.533796589,0.08169778503735681,-0.08658320021756978,0.8371371314035431,0.42953020134228187
3570378.2556733033,0.289860804198919,-0.05869750654045111,2.247587522186538,0.610738255033557
2649527.932375223,0.21516065827098618,-0.06543781808594429,1.8621685992948418,0.5771812080536913
2334881.742355568,0.18482164040587334,-0.10317144019809517,1.5023268475664167,0.5369127516778524
2021765.8203111272,0.1511877777897077,-0.08481781059025159,1.4676489495001535,0.5369127516778524
2524185.397099531,0.20343946654613365,-0.06909966372664186,1.7757154100780501,0.5771812080536913
2491639.5479416996,0.2003200017340463,-0.10655092056902449,1.5628474818145328,0.5167785234899329
3058692.993597191,0.2505676143037492,-0.09136917771130991,2.0774669862018547,0.5838926174496645
2554612.65029159,0.20632689828898054,-0.10647528842915936,1.6784507275054268,0.5167785234899329
2001965.139657787,0.14892400159826136,-0.10202173761766418,1.2807072089096907,0.4899328859060403
2640246.688449382,0.2143081261225519,-0.12418151098028658,1.594073341793819,0.5436241610738255
1453862.0054943077,0.07771676153193563,-0.09372097970721051,0.8064807417890199,0.46308724832214765
2289717.9841541555,0.1802021434229779,-0.047224933703770816,1.7513276996373137,0.5771812080536913
2871312.714858491,0.2348553817520287,-0.07536831325013273,1.7641697528598859,0.5637583892617449
2267571.8191429535,0.17791027507005253,-0.08597798119893735,1.4487510630242812,0.5302013422818792
3089009.956038748,0.25303690325379646,-0.05969658305009375,1.958242801076525,0.5704697986577181
3077772.9556947937,0.25212393052671844,-0.06140489918343698,2.123468115037981,0.5906040268456376
4124734.1762645454,0.32763652842721336,-0.04856558978657543,2.3345596157114232,0.6040268456375839
2057049.7853410414,0.1551781363104099,-0.0700287834601711,1.491772389992234,0.5234899328859061
3744849.667531758,0.3022275456964836,-0.045091131162803985,2.4148366712248843,0.610738255033557
4604276.648037763,0.3571638468563154,-0.05699878764510274,2.471301003264647,0.6174496644295302
5329507.8268019045,0.3974536774135542,-0.05385852606731034,2.5322212641286876,0.6510067114093959
2793962.65333499,0.22812937548074497,-0.06496041164939585,1.8739803823389898,0.5570469798657718
2153736.325663396,0.16583880467436174,-0.08977797649877635,1.3852979723559933,0.5100671140939598
3105235.07690613,0.25435046938779493,-0.052668267222948796,2.1142527194217844,0.5906040268456376
3169837.2005081438,0.2595267385144171,-0.06036140089334936,2.0060623246018325,0.5704697986577181
2616783.076852741,0.21214212548188338,-0.07647880145772079,1.7637841832707664,0.5637583892617449
2292581.4992460324,0.18049718738640208,-0.08966004767605473,1.4659523686022855,0.5167785234899329
2865926.1608032347,0.23439171841079842,-0.050632913000094905,2.0086464297170723,0.5771812080536913
2697611.857800196,0.21953955905862488,-0.06450610962786821,1.61917678529781,0.5234899328859061
2587179.4432878513,0.2093870401341984,-0.08225927863678897,1.7977473494513216,0.5234899328859061
3373332.44784021,0.2752984409313046,-0.05763426265408658,1.9477715103687225,0.5704697986577181
2426014.597769325,0.19392949706673268,-0.10156020632930843,1.516261850922008,0.5302013422818792
3352374.9735094444,0.27370988112294437,-0.06940966417421061,2.0646397888601777,0.5436241610738255
2905636.062333437,0.23779363006312648,-0.05422898049321649,1.934034763876691,0.5167785234899329
2237801.816458624,0.17480104566545407,-0.07050897036042252,1.4912636737491114,0.5033557046979866
3247966.46275349,0.2656753071066853,-0.08098490416422065,2.165394365557444,0.6174496644295302
2511356.7957283673,0.20221373041623192,-0.056729382338482494,1.831633117238439,0.5369127516778524
2232762.9620360415,0.1742715090172,-0.06516650717500391,1.498581241858069,0.5167785234899329
3818666.2084737527,0.30732130749921827,-0.07844250825705015,2.325075537716311,0.6040268456375839
2599806.718529234,0.21056527585576057,-0.05183505307530882,1.9028509159942204,0.5570469798657718
3577344.5749978824,0.29036375245475465,-0.08274168779012388,2.1629568813990643,0.5436241610738255
3029683.533530164,0.24818642018163417,-0.08933864061890524,2.080156216641885,0.5838926174496645
1668295.764214155,0.10778277867577901,-0.06840931487280294,1.1242639888128236,0.5100671140939598
2449071.0566695975,0.19619030220008793,-0.05350745163681381,1.6545542821481134,0.5637583892617449
3543293.529027251,0.2878978737982967,-0.08879378801412904,2.0628682526767648,0.5771812080536913
1967558.7613901545,0.1449474186510895,-0.07089188152172601,1.2857676926659227,0.4697986577181208
3377818.2818505354,0.27563743725934997,-0.07421632313956411,2.064891493281048,0.5570469798657718
2529046.251453834,0.20390260552221995,-0.09558247579405654,1.6134403521752188,0.5100671140939598
2908462.2062536823,0.23803432247393363,-0.0767199599043158,1.7615561312863606,0.5369127516778524
2432192.372909729,0.19453693994853727,-0.09435034777703076,1.6303233371528445,0.5234899328859061
2218660.5113095525,0.172784373657334,-0.08378619216592226,1.505845333984749,0.5100671140939598
2652701.9036119063,0.21545165638677943,-0.10756526775837781,1.7208805109300847,0.5302013422818792
3952173.627951472,0.3163373468231405,-0.05130892278243067,2.2587567414835985,0.5838926174496645
3295350.337680863,0.26934687593002704,-0.05614925214639474,2.105862408920975,0.5906040268456376
2198597.502876773,0.1706555975644788,-0.12664143442348721,1.4668881327097194,0.5302013422818792
2574035.6144006634,0.20815570860441013,-0.0583893031201532,1.5073288602169512,0.5033557046979866
2319016.179595773,0.1832070692028136,-0.09788611653276277,1.5457284695169677,0.5167785234899329
3051448.0229637823,0.24997462101066503,-0.03583900293936408,2.291380161212513,0.6040268456375839
3090802.3600088954,0.25318228492929573,-0.09344718454563102,2.1444292804287346,0.5973154362416108
1750518.240312245,0.11849314846501091,-0.10679056188592582,1.1813890348032436,0.5033557046979866
3314394.725016161,0.27081065015649974,-0.08786959639515482,1.9464264014584967,0.5637583892617449
4187435.7500338675,0.3316485830244078,-0.04411571878931195,2.5600526017645726,0.6711409395973155
2299769.093214732,0.18123646874339538,-0.15920749972240733,1.5729776597890408,0.5369127516778524
3767825.1247332636,0.30382152786156547,-0.05834233925134473,2.162535310401704,0.5503355704697986
2151561.6158661484,0.1656032711337423,-0.0829069213103894,1.4106861719314174,0.5234899328859061
2738023.33129532,0.22317171259351087,-0.10174202410599245,1.8427766148678217,0.5570469798657718
5474858.818671661,0.4049943729574803,-0.05771256401752426,2.8309770162067336,0.6442953020134228
3193980.9439708022,0.26143961043420316,-0.07098579316058046,2.053141574267362,0.5570469798657718
2600130.8211923847,0.2105954571660733,-0.07123795683199016,1.6283742538673267,0.5234899328859061
3218921.35320061,0.2634034926858604,-0.04834529213005931,2.1647235699149037,0.6174496644295302
3075664.0788051207,0.2519522934839513,-0.08997957898932718,1.9298086909398473,0.5302013422818792
3673525.384030633,0.29722888088104504,-0.07711680550501618,2.1405905082801313,0.6040268456375839
3838013.3767073518,0.30864333255797693,-0.06547616009221069,2.1510086144071883,0.5906040268456376
2681899.332567216,0.21811557011488159,-0.05549365720791695,1.8396815610379154,0.5503355704697986
2937118.8834123397,0.24046440026655502,-0.07100531028886206,2.0147631284904852,0.5906040268456376
3824191.8453671113,0.30769942933205763,-0.05690229128396987,2.199789538282045,0.6040268456375839
2939522.5197793636,0.24066736445821357,-0.06791331195612163,1.8687471630387962,0.5503355704697986
2558200.1183996284,0.20666551951761725,-0.07958593975073726,1.901250366648652,0.5838926174496645
2949434.6197621436,0.24150294678701556,-0.09349533379188896,1.9629456094751871,0.5369127516778524
3168007.3081644825,0.2593812843107992,-0.07464097069198655,1.997249776565088,0.5906040268456376
3104493.6588622723,0.2542905649437832,-0.06752973411075454,1.9552244398455236,0.5704697986577181
4447739.422533149,0.34780749500691055,-0.06926416833228348,2.404278672404764,0.610738255033557
2721761.4628975573,0.22171529827737912,-0.13909529754039374,1.7601140458064115,0.5503355704697986
2075188.3587799652,0.15720820556748483,-0.09473405329235302,1.4891596495432298,0.5503355704697986
3454617.834432727,0.28138608091095674,-0.11128709508125709,1.981455888418907,0.5503355704697986
2640717.7432914544,0.21435145274866607,-0.10745901207816758,1.7547511335179276,0.5503355704697986
3628901.6219560956,0.29406186467168904,-0.07430960949936016,1.9011126896099277,0.5302013422818792
3059812.2696311325,0.2506591256469619,-0.0826930740777556,1.7449152323995396,0.5234899328859061
5047770.917189365,0.3823560812871525,-0.04380967066928807,2.6659286777176203,0.5973154362416108
2948693.4878323018,0.24144054771125822,-0.058378169744199016,1.7345904461542354,0.4966442953020134
2220006.891817616,0.17292667851797594,-0.0903294043489076,1.6403582529556233,0.5637583892617449
4067564.046457827,0.32393566001326457,-0.05936127510005523,2.3209232672254774,0.5704697986577181
2692149.3912662985,0.21904526286468728,-0.08732109426532947,1.6624189532723384,0.5436241610738255
3104578.761495494,0.254297441573031,-0.1096201086695728,1.7247247891993163,0.5100671140939598
3151291.9382677292,0.2580494948437422,-0.07326686225168537,1.9076051882412197,0.5838926174496645
3050424.433601173,0.24989075050555387,-0.07180113209854055,1.9281449612090675,0.5503355704697986
3661479.863486976,0.29637703799111237,-0.07928290157822594,2.2024118979545597,0.5570469798657718
2888101.3407583795,0.23629606129083958,-0.11860827384704145,1.8254166135370467,0.5033557046979866
2240786.144098363,0.17511422107430175,-0.09828983442873455,1.5068489901928277,0.4899328859060403
3184908.873663342,0.2607222052184852,-0.057513474627848414,2.139450978539816,0.5704697986577181
4430390.799026219,0.34675441297248577,-0.04313743869727094,2.5613854962676257,0.6442953020134228
3328506.6548552364,0.2718909756562289,-0.06074363003553181,2.0656946333962307,0.5302013422818792
3487822.632283661,0.28383992794090207,-0.04949411152385613,2.054613637300986,0.5771812080536913
2985553.375009327,0.24452884804298414,-0.10468257451217554,2.0414812995295595,0.5704697986577181
1870114.0848644862,0.13337497779357843,-0.08132896409657991,1.1630450935878418,0.48322147651006714
2305245.217225878,0.1817984769105112,-0.11210958972345512,1.5298039233005578,0.5234899328859061
2211909.680556779,0.1720698053387142,-0.12703945469974576,1.5303446612077887,0.5234899328859061
2977224.6156550325,0.24383370273174498,-0.09461311667606985,1.930207709073854,0.5503355704697986
1730632.3587046452,0.11594030612908557,-0.08307110906203159,1.277868064821306,0.5100671140939598
2394502.0092276577,0.19081155774746983,-0.08501921627513419,1.7228655523475702,0.5503355704697986
2625473.0966115175,0.21294613363113646,-0.07312693623641076,1.789362448292682,0.5570469798657718
3360400.8194520227,0.2743191699955889,-0.07336459746353807,2.0439387241927562,0.5637583892617449
3190200.454623388,0.26114085358357775,-0.13628315474723376,1.96076532054374,0.5570469798657718
3007011.0479710805,0.24631265470351904,-0.07214795510899842,1.8906548383124102,0.5771812080536913
3614336.13556718,0.2930213859273523,-0.07878660489712697,2.364675351813253,0.5838926174496645
2540381.5222099023,0.20497986236059873,-0.08098198861933735,1.732851222759836,0.5302013422818792
3311171.5296886414,0.27056338538780556,-0.0746318266974281,1.9643911816502064,0.5637583892617449
2640200.741514347,0.21430389968983166,-0.08046824131371824,1.6668516917930272,0.5369127516778524
2472509.3553524464,0.19847116295280864,-0.06721625797547294,1.4090524049828212,0.48322147651006714
2957878.2667858894,0.24221296958820115,-0.054766198400331,1.9167753073538911,0.5637583892617449
2079435.04657384,0.15768144301610176,-0.07508267922394937,1.3829576681297915,0.4697986577181208
1830419.8061006851,0.1285222895414544,-0.08852459345492368,1.2930105140843517,0.5100671140939598
2884351.8740581404,0.23597489112222725,-0.04380570860357033,1.8919657510017664,0.5906040268456376
2710587.102143229,0.2207104811746905,-0.0810634490668397,1.7495459324615557,0.5436241610738255
3834985.688165885,0.3084367978288398,-0.04613107626448556,2.2481369237129463,0.5771812080536913
2883724.6426065066,0.23592113140070192,-0.1014702286042687,1.876251170607017,0.5637583892617449
2666723.6345390095,0.2167338823253142,-0.08242004838029014,1.6823765363509433,0.5637583892617449
2897807.0798427123,0.23712588464525197,-0.06150770767281005,1.8611643772413444,0.5503355704697986
2794515.0430358984,0.22817793392323837,-0.04998712960741415,1.8973947880431048,0.5771812080536913
2993290.784739345,0.24517324870095525,-0.05494620561471119,2.088111229732909,0.5704697986577181
2007387.563581004,0.14954571215256074,-0.053790648120311424,1.2204342974966416,0.4563758389261745
2581837.027543025,0.20888716048963274,-0.0747041615469954,1.7036824511640778,0.5369127516778524
2190298.4496123423,0.16977048462711286,-0.09850337620285406,1.4985239948424383,0.5167785234899329
2754049.4648647406,0.2246002598442003,-0.05751875034038091,1.982042793102386,0.5771812080536913
2595061.824000873,0.21012307356031035,-0.07412863656306937,1.8027142770264928,0.5704697986577181
3845427.610554576,0.3091485470048343,-0.07609419411030888,2.170707879130669,0.5637583892617449
3276258.485018553,0.2678726447820883,-0.05786722877996124,2.1093936154074315,0.6241610738255033
2793913.88238135,0.22812508784583407,-0.09474534085534199,1.893651560103681,0.5369127516778524
1680774.3576715367,0.109435051206072,-0.09819807160094264,1.025713815753875,0.48322147651006714
3559523.471403903,0.28907555302333154,-0.061324690821061394,2.26978672696359,0.5906040268456376
1944905.7812469199,0.1422987813013339,-0.14794295237495445,1.336381052872731,0.5302013422818792
2295697.5756171145,0.18081791937217662,-0.0854723872960922,1.3754900033150508,0.5369127516778524
2319908.9240386765,0.18329815428675933,-0.08447282639186474,1.5187250643648142,0.5369127516778524
3762137.3868028084,0.303427651989298,-0.06753708214001572,2.4967242887332843,0.610738255033557
3222062.382183235,0.26364996276168595,-0.07411079511844855,2.110472347543072,0.5704697986577181
2285416.2997629107,0.17975836155734948,-0.09900917964801292,1.6319728364265402,0.5234899328859061
3140617.0818561595,0.25719602066401004,-0.061534146979773045,2.082092200599086,0.5973154362416108
2763835.1677869665,0.22546927680815587,-0.0539083653665686,1.7191662943749717,0.5369127516778524
2251143.634200321,0.17619855415305663,-0.09448357469851804,1.414048744234205,0.5234899328859061
1850439.7095767735,0.13098016379816602,-0.08720899174417439,1.2500903530242078,0.5234899328859061
2274113.9556120583,0.17858916621026322,-0.11991800234938593,1.699458507400737,0.5637583892617449
5886433.086568345,0.42551057136162695,-0.03969503950000002,2.749406852173251,0.697986577181208
2267401.8392237783,0.17789261502546583,-0.08812199360312385,1.4912788617191757,0.4966442953020134
2943193.21060344,0.2409770632769892,-0.06463275732516253,2.1385169822808625,0.610738255033557
4070465.1465726355,0.32412445972502724,-0.04913414244001948,2.6524610844530843,0.6442953020134228
3977334.316948621,0.31800913242411655,-0.05806842417912647,2.1323683346411526,0.5973154362416108
3396238.6668654312,0.2770257087067032,-0.09241295465634658,2.0989781217043553,0.6040268456375839
2164026.8485982497,0.16695075394624093,-0.08854827093471421,1.5624283831701433,0.5838926174496645
2687468.472182511,0.21862104977681107,-0.06526361410581774,1.7621897893654606,0.5302013422818792
2181135.20971462,0.16879008216472413,-0.1256103347382284,1.3276609800273198,0.5234899328859061
2161011.042664712,0.16662531801545422,-0.048482489290245775,1.502600257214416,0.5033557046979866
2407095.23114289,0.1920614799508622,-0.08860164189695156,1.5989275105121958,0.5234899328859061
2573466.428587478,0.2081022729862012,-0.07232418313378884,1.9406603373357667,0.5033557046979866
2777446.6631216146,0.2266739583843682,-0.11419772035950759,1.8128107429577531,0.5234899328859061
1905651.7003364644,0.13765008955239666,-0.0897187113605532,1.3594468455891209,0.5033557046979866
1960483.538010957,0.14412279922482307,-0.07045590970528946,1.4936319727078844,0.5302013422818792
2521708.5452851574,0.20320319928482844,-0.08450829237990205,1.8182879757355659,0.5369127516778524
3529672.3022742528,0.2869061531550512,-0.04443178503054341,2.099490916686862,0.5637583892617449
3917697.094865405,0.3140326940562639,-0.15972715714127697,2.0906150522379643,0.5838926174496645
2357095.5415601307,0.1870675612703303,-0.07434310516748839,1.6189503569505157,0.5234899328859061
1953651.5531244453,0.14332426679526367,-0.06230872826279476,1.3443675611799888,0.5033557046979866
3552572.5554222544,0.2885717067607947,-0.07044799637836863,2.050000434150551,0.5570469798657718
3090242.7916704547,0.2531369056500852,-0.08960876214531314,1.871299521144008,0.5838926174496645
3945019.8637397806,0.31586046532160506,-0.07020068245834946,2.207565949750692,0.6040268456375839
3041269.1364313937,0.2491395839663113,-0.0658377130605326,1.8575817598553994,0.5637583892617449
2536427.4854464186,0.20460452473862611,-0.07523949246542415,1.6613474125221401,0.5369127516778524
2972772.786211333,0.24346150035060088,-0.05453377388096319,1.9205409217006726,0.5369127516778524
3563046.5448725536,0.2893306271074072,-0.13723171498624853,2.0059922623634288,0.5637583892617449
2793134.45694004,0.2280565575465221,-0.07122577042324398,1.7495959399154117,0.5234899328859061
2879023.1115470957,0.2355178671877287,-0.11035902170988683,1.6163206060622215,0.48322147651006714
3570200.4103610218,0.2898479540048031,-0.060745499715607165,1.9415775987054682,0.5302013422818792
2358860.5277385875,0.18724528258405693,-0.0906216699433748,1.607020689074992,0.5436241610738255
2359601.4294938226,0.18731985431983356,-0.111667754294294,1.4678872428905467,0.5234899328859061
2863575.95670427,0.2341891992674332,-0.05164518875602382,1.965427239679559,0.5704697986577181
3485048.9796689097,0.28363567103885945,-0.06168250075798476,1.9691337543966376,0.5570469798657718
5445878.99074457,0.40350381473627706,-0.06008642025274484,2.4349187400073133,0.5637583892617449
2732935.733685362,0.22271681245955,-0.11732540500820642,1.7428769720879413,0.5436241610738255
2581496.2266466804,0.20885524433240343,-0.06990989957552272,1.6165200540783202,0.4966442953020134
2328740.4587845057,0.18419771217689873,-0.08894075530630309,1.7176244029823804,0.5838926174496645
3883069.643668852,0.31170156274073646,-0.087074335620632,2.1392532089805036,0.5234899328859061
3024664.800557778,0.24777261661504335,-0.046780891150897445,2.2312839718050244,0.5771812080536913
2926587.9520534943,0.23957359390213906,-0.057581832560104795,1.9496990636872167,0.5771812080536913
4958435.135253577,0.3774280643674395,-0.05247223390661403,2.405670278722203,0.5906040268456376
3994764.8883986864,0.3191623412574256,-0.04663310969330308,2.2466099546065537,0.5838926174496645
2908937.6282159053,0.23807479404854992,-0.047146004994424465,1.9017020763519696,0.5503355704697986
2307177.440494796,0.18199652380685039,-0.09595138231766401,1.6656045536546173,0.5570469798657718
4214031.337621845,0.3333358372411448,-0.07182330573590191,2.363419398881776,0.6375838926174496
2669332.609307228,0.2169718662252884,-0.05120501621278611,2.0518656570590936,0.5503355704697986
3006435.877924939,0.24626497303239026,-0.06689287569427904,1.7609035881039394,0.5100671140939598
4519677.991752676,0.35213949639970754,-0.05858340671068565,2.3886686988045804,0.6375838926174496
2795909.0463705105,0.2283004412343026,-0.06056614192453029,1.8910270431279068,0.5436241610738255
2338378.093107361,0.18517626847049784,-0.0866303226117364,1.5343072170776704,0.5436241610738255
3358677.370584239,0.2741884311499323,-0.08190143271339635,1.9315797027708959,0.5436241610738255
1758537.4587486482,0.11951605127238385,-0.08210062890035151,1.1238860191137952,0.5100671140939598
2193332.6709970296,0.17009440189884972,-0.05898112244759472,1.4908327202547673,0.5234899328859061
4353638.290252568,0.34205547710202855,-0.06462812492078522,2.499914125465142,0.6174496644295302
1857272.9657517402,0.13181422360163264,-0.14290780256299654,1.2651436803463063,0.5302013422818792
2630874.548373152,0.2134448083361511,-0.06153250928957846,1.9767410305540594,0.5973154362416108
2604286.214231069,0.2109821521109443,-0.10306300679628819,1.7855809018768665,0.5570469798657718
2830258.2134705866,0.23130377761412224,-0.0871080681267853,1.8362336638804988,0.5570469798657718
2757017.1867160145,0.22486406828436767,-0.06347872343200153,1.8460009398457562,0.5302013422818792
5493522.322420548,0.4059509797175769,-0.056001076850506606,2.621914526626263,0.5973154362416108
3767527.5737220226,0.30380093424818155,-0.06888399766151992,2.168741998793196,0.5906040268456376
2217344.9565919642,0.17264526016305592,-0.14140472452034097,1.5174335368923477,0.5100671140939598
2520731.6602246086,0.2031099630217621,-0.09198716800372038,1.6402409439321604,0.5436241610738255
3207530.909597155,0.26250809095602357,-0.06585375208711648,1.8879568618853342,0.5369127516778524
2024512.960556039,0.15150045068149676,-0.0720067899550505,1.3843359623844156,0.5167785234899329
2892810.092759007,0.2366989293408306,-0.05943655516386644,1.874076822855776,0.5369127516778524
2337442.2636568444,0.18508139070437513,-0.09404042293073794,1.6032864479900852,0.5369127516778524
2795640.3615394435,0.22827683257050824,-0.09040499344893885,1.841284574697409,0.5570469798657718
2845153.552982137,0.232597101253732,-0.05675537156988924,2.090701948505661,0.5771812080536913
5565610.6910416065,0.4096216616421666,-0.06365875912728514,2.684431223497846,0.6241610738255033
3317851.7683019913,0.2710756406603321,-0.13536157774464472,1.8974820438514604,0.5234899328859061
1893813.4261420981,0.13623310397885935,-0.13337112906148887,1.3510625939078944,0.5369127516778524
2903701.456447481,0.2376287587029069,-0.05255263848267152,1.9080073018842538,0.5503355704697986
3282418.4345214353,0.26834905190448,-0.04662727204652809,2.239252279552824,0.6174496644295302
3502401.283850004,0.28491139526657183,-0.06130353029400267,1.9462803780438311,0.5570469798657718
2953892.395904822,0.2418780016784654,-0.06276088451498515,2.0527998481895593,0.5906040268456376
3843486.8414798714,0.3090163761073548,-0.08034125417915577,2.098835964105651,0.5704697986577181
3226219.255660619,0.2639758487165449,-0.14949809587565532,1.9034486436656988,0.5570469798657718
3542542.084522483,0.28784324293694463,-0.054739824823458225,2.225220131737576,0.5771812080536913
2757838.53292714,0.22493703972640167,-0.0774073131890994,1.7092010728314921,0.5234899328859061
2640802.0883625452,0.21435920997689029,-0.09193238733280983,1.5880396184471721,0.5234899328859061
3875601.251497025,0.31119660929578763,-0.04915561199018397,2.2054638606186194,0.5838926174496645
3071305.3205774026,0.2515972447373249,-0.07326131988585506,1.9712606479550459,0.5436241610738255
1867107.045860717,0.13301026240808933,-0.13667738725753467,1.3119068279643809,0.5167785234899329
3838404.688729445,0.30867001651841797,-0.048995102711116095,2.6016261482563046,0.6040268456375839
3674316.2130676955,0.29728472902856584,-0.05426737446189888,2.141731153519523,0.5838926174496645
3641979.6146331,0.29499324224976253,-0.08012529854483834,2.044841415752926,0.5234899328859061
4209849.594330136,0.333071108185111,-0.08582380204816274,2.2458372947542258,0.6241610738255033
2135669.456491795,0.16387625329779687,-0.07602557397129678,1.4330976026417899,0.48322147651006714
3493952.399936582,0.2842908748400419,-0.07121528250927682,2.126934176530382,0.5503355704697986
3901632.886660151,0.3129533047189996,-0.08805495824366202,2.1029141540717458,0.5503355704697986
2293649.8790778345,0.18060719301570938,-0.1811794457483318,1.4736143638155264,0.48322147651006714
3074146.2383492286,0.25182870137412094,-0.03937235604726283,2.0129856871105236,0.5637583892617449
2416099.305793733,0.1929519629229901,-0.08175742620975945,1.6939781135927032,0.5570469798657718
3342214.6460080664,0.2729368752893393,-0.10232728861646205,1.9751995995982157,0.5637583892617449
2767142.798968808,0.22576245358383495,-0.06359566886922695,1.7997585503149809,0.5369127516778524
3403232.5995275993,0.2775512361920609,-0.08936476044370122,2.071533639221337,0.5570469798657718
3826543.2537241983,0.30786020470561803,-0.04767782874773508,2.565225028810772,0.610738255033557
3129569.6746889926,0.2563103132186213,-0.10548640769288478,1.8902242388414505,0.5637583892617449
1986680.6942063528,0.14716427649818953,-0.07133041546907565,1.407829836079427,0.5167785234899329
2764675.247250556,0.22554376507288243,-0.11257220589115874,1.797671435769029,0.5369127516778524
2509209.725289226,0.20200809490116511,-0.14253749286016917,1.5721950061850234,0.5167785234899329
3243567.9124689023,0.26533231374693056,-0.05188936561774781,2.0458251447970444,0.5838926174496645
2457378.0598199777,0.19700067494626294,-0.055900010054473225,1.7083891442652697,0.5369127516778524
2114666.4047205113,0.16157798704092108,-0.06693226668351517,1.4879919524212115,0.5234899328859061
3560304.879063855,0.28913214515316676,-0.07807152787457676,2.016108216476495,0.5637583892617449
2757688.1705451454,0.22492368227520587,-0.04370271317957422,1.9403543417017866,0.5906040268456376
3050619.1581647834,0.24990670751231714,-0.08916154881970163,1.9697694641340342,0.6241610738255033
1898843.8730969273,0.13683608808896208,-0.0797009531119907,1.3480217926986267,0.48322147651006714
2289881.857323204,0.18021903615214785,-0.10147897798833418,1.5376566805042056,0.5570469798657718
2844619.615311914,0.23255083454641778,-0.16335605258724142,1.6768142066306784,0.5167785234899329
3278135.1826978107,0.268017863400245,-0.07173700274705183,2.0184877714736005,0.5771812080536913
2921645.9563834243,0.23915466855368872,-0.07473225404670766,2.0237274615264136,0.5771812080536913
2808507.129352255,0.22940537102044423,-0.10908346209143242,1.6081983118451104,0.5033557046979866
4705808.961425919,0.36309730292550624,-0.061423021418631846,2.4410330225857444,0.6241610738255033
3317832.5513499845,0.27107416824638,-0.08959685050654348,1.845959212563034,0.5637583892617449
2275882.7441976904,0.17877244873961318,-0.08738295564391325,1.584587078152926,0.5167785234899329
2065844.9107786273,0.15616426753482604,-0.13643421210750087,1.4411584092794287,0.5302013422818792
3210351.9006610485,0.2627300854978689,-0.05373235347313702,2.0640469116328073,0.5570469798657718
3694694.928643549,0.2987205630077132,-0.07332266566443736,2.230092979702343,0.5838926174496645
2557873.3620840977,0.2066346927091418,-0.06488537613697797,1.812889541869608,0.5704697986577181
4128777.5130987284,0.32789671382711383,-0.05325235461687001,2.456290202150152,0.610738255033557
1975077.752580456,0.14582116335327155,-0.11205732670679214,1.1245662096685944,0.44966442953020136
2696997.8685755674,0.21948403940881733,-0.058685734720118045,1.7766746483898685,0.5570469798657718
3350323.1785158906,0.2735539300962593,-0.06962529535399349,1.9771714649733538,0.5771812080536913
6081189.268363963,0.4348209329720567,-0.04788999481500152,2.884337028619346,0.6644295302013423
2608995.7192578907,0.21141981565452084,-0.06534784290776155,1.958180802944018,0.5838926174496645
4078730.753411627,0.32466178471201657,-0.05842022867296638,2.532868880754451,0.6040268456375839
1741433.4757496763,0.11732978936732397,-0.07511161800712875,1.134725396076584,0.5100671140939598
2699593.689114625,0.21971869615320894,-0.059136458525847,1.8265285720977862,0.5704697986577181
2433879.4686832004,0.19470261264048494,-0.0931292361816618,1.6204635035234873,0.5570469798657718
1866548.529188241,0.13294246973875645,-0.09933964528606988,1.280845985828381,0.5167785234899329
3622958.631739254,0.2936377341405718,-0.05243455404660786,2.3324899311840634,0.6040268456375839
2546159.0082334727,0.2055274517480472,-0.08037655069180318,1.7051130535606616,0.5637583892617449
3333288.4799616896,0.2722562126129049,-0.10217838853388281,2.0800643093158153,0.5503355704697986
2102195.9959098776,0.1602047546119043,-0.13521537266430825,1.3392215034017834,0.5033557046979866
1368772.2268726307,0.06479557316028739,-0.12916805214660285,0.7762568468165639,0.48322147651006714
3921202.6220991523,0.31426776733869355,-0.06494805466960618,2.2523747411193074,0.5771812080536913
1727297.0912987054,0.11550984707622147,-0.11596091416233119,1.0785942314875783,0.48322147651006714
3059639.2248111754,0.2506449793556149,-0.06723932825706021,2.153132959477743,0.5570469798657718
3060500.0829401794,0.2507153475703354,-0.07256696428243672,1.8481404085355264,0.5503355704697986
2833204.0060898145,0.23155998437384162,-0.08748398719826456,1.8325782095577445,0.5503355704697986
2880253.993753822,0.23562349447119568,-0.0827109317768519,1.892791291693084,0.5637583892617449
3677332.2900893064,0.29749763539599017,-0.11003978212822234,2.0484204512413595,0.5503355704697986
3551355.089439573,0.2884833759926595,-0.05027559298313962,2.14423274952966,0.5973154362416108
2757290.1349673932,0.22488831994798364,-0.05611194284773136,1.6194955264504363,0.4899328859060403
2196304.308283153,0.17041129074580685,-0.06573544861172503,1.339924939704102,0.4966442953020134
3989592.6171727697,0.31882056385336277,-0.06675740309975421,2.202960294339096,0.6040268456375839
3540419.982724973,0.28768891367401217,-0.07052320885298495,1.9819165207521374,0.5704697986577181
2539012.77792418,0.20484998699682055,-0.07657075121339568,1.5545496976235982,0.5167785234899329
3601708.479828065,0.29211661700010105,-0.07837476436922122,2.057507723019654,0.5704697986577181
4929629.642599258,0.37582392852859403,-0.09632547230917074,2.6642099096526297,0.6174496644295302
2144701.692329523,0.16485905201877094,-0.09426406956137179,1.4797726040067032,0.5302013422818792
2128894.325757013,0.16313686556012952,-0.07304034785153146,1.4647538691735298,0.5436241610738255
2058384.6535018252,0.15532802188169192,-0.0992065152797927,1.3794095303865395,0.5302013422818792
2053843.0696313423,0.15481775223771188,-0.10527420419724082,1.346537883240975,0.5100671140939598
5263108.600632528,0.39395407659917736,-0.07137333065512458,2.756008437511594,0.6644295302013423
2220696.310459494,0.1729995194709586,-0.08938750649714625,1.4429543718672295,0.4966442953020134
2708777.433702266,0.2205474411154129,-0.07278371312069831,1.8049005100116566,0.5637583892617449
3855943.9226634214,0.3098638057774814,-0.11616515614448392,2.275173814567583,0.5771812080536913
3349388.4267343148,0.27348285697163655,-0.06289690890021984,2.115832174306916,0.5704697986577181
3233527.673723393,0.26454799239597593,-0.04811234723506631,2.1341769418749936,0.5771812080536913
4439797.011686378,0.3473257898355411,-0.07144667090362232,2.4380344121884754,0.610738255033557
1928135.0257067897,0.14032196225505067,-0.09776064452245735,1.3334578731179307,0.4966442953020134
2969042.042555057,0.24314924193494591,-0.05482786937260259,2.01047434768169,0.5771812080536913
2625060.15820518,0.21290797642753145,-0.07738469758989676,1.7438007992016027,0.5973154362416108
2638587.37685603,0.21415545688328907,-0.0567515028213971,1.765498715515411,0.5234899328859061
3048925.256756687,0.24976787083519802,-0.05462120193673719,2.010643687055315,0.5436241610738255
2224795.272447661,0.1734322246944151,-0.09104142347205335,1.471504995584298,0.4966442953020134
2345876.9169250987,0.18593543138681157,-0.06789199351072232,1.518256572124305,0.5033557046979866
4525874.321259564,0.35251004098716576,-0.07023814064460868,2.3378951641163455,0.5771812080536913
2745351.9412380094,0.22382580244429873,-0.05447130936284385,2.1298055030576166,0.6174496644295302
3091967.092300139,0.25327672007831703,-0.04798672493040998,1.9378737157532318,0.5771812080536913
3358903.739006382,0.27420560625889023,-0.06569413310858313,2.244527088412357,0.5704697986577181
2504724.315018418,0.20157805044276644,-0.060424083997746424,1.7049588020936939,0.5369127516778524
2816927.7289819866,0.23014170079880625,-0.06256896847196493,1.7746699635096475,0.5033557046979866
2148071.0758232316,0.16522482715447917,-0.07095090095099965,1.2768557951282946,0.4697986577181208
2580826.7985291453,0.2087925422733703,-0.05120498751883611,1.808056775451959,0.5838926174496645
1759522.906836793,0.11964149389405843,-0.0711811795158122,1.257146144460737,0.5100671140939598
2314374.80315654,0.18273306550380108,-0.051375397065626126,1.89743766852922,0.5704697986577181
2436633.411331504,0.19497285234681772,-0.05599905051849838,1.7488412056838494,0.5771812080536913
3084496.6607109946,0.25267053126156713,-0.08321730885331059,1.9316876847167868,0.5637583892617449
4029844.986946321,0.3214710951810251,-0.08138538009524078,2.1146339475224893,0.5704697986577181
3075314.6464109,0.2519238448264667,-0.0907742549184436,1.9682226245353758,0.5637583892617449
2737257.490395288,0.223103279301621,-0.07733331419885679,1.8281682983178307,0.5637583892617449
4848187.723144158,0.3712476158786686,-0.06456729265488678,2.394971127783145,0.6040268456375839
2972074.7771535353,0.24340310174552537,-0.07190798848704347,1.9871337488657699,0.6040268456375839
3255811.0878766063,0.2662860997469676,-0.07366061682217423,1.988831118980241,0.5637583892617449
2186131.085282766,0.1693250134551052,-0.07407613640044151,1.4796961270283018,0.48322147651006714
2458594.732762216,0.19711918092785052,-0.1022998865526469,1.501450761952773,0.4966442953020134
3868422.0887047043,0.31071047690315456,-0.0938003064479661,2.162179253986283,0.5838926174496645
2668319.8594873655,0.2168795079241983,-0.06722838039073611,1.7240213204833545,0.5369127516778524
1069347.6516771973,0.013500072296883214,-0.28151812336619075,0.18227632869094684,0.37583892617449666
2595744.4132226123,0.21018672754071877,-0.07518711049899772,1.785031523666527,0.5704697986577181
2690568.3008412574,0.21890204096579735,-0.08033329832829575,1.7579802286950703,0.5570469798657718
3404404.5308450693,0.2776392111436743,-0.06721533605542684,2.1211090379396134,0.5771812080536913
2922150.8362461408,0.2391974924281728,-0.07954214186801901,1.8472601357497613,0.5369127516778524
1549906.7818570083,0.0915939392625913,-0.11974251829482709,0.9235670946178579,0.4899328859060403
2408333.3559845765,0.192184085599453,-0.09633913512330462,1.5292077749116408,0.5167785234899329
2703432.2328837775,0.22006536187504078,-0.0818613621236804,1.660525767829921,0.5570469798657718
3414485.8725814153,0.2783950019216721,-0.06353798648061705,2.249077503134641,0.5973154362416108
3053524.791423194,0.2501447174005067,-0.0535152721846025,2.082647076701066,0.5704697986577181
2824620.838932295,0.23081287840894205,-0.07383054780238296,1.8989200490105744,0.5838926174496645
3921591.00829382,0.31429380135345997,-0.06924033273857706,2.4091167541641414,0.6375838926174496
4190073.995234275,0.33181633869364235,-0.039189838656082054,2.3933647281190713,0.5973154362416108
2717412.250550067,0.22132460285056954,-0.05753367969466753,1.7148564317383603,0.5503355704697986
2492922.101305982,0.20044354749990578,-0.10896305719890054,1.6807012916971258,0.5704697986577181
4197751.08740665,0.33230401464758996,-0.08812668357924597,2.2870354790066507,0.5637583892617449
2866780.045647217,0.23446526551053015,-0.05884251739803667,1.9261908584120195,0.5704697986577181
3856232.951044072,0.3098834417717644,-0.049038876862117414,2.633224114674237,0.6241610738255033
4976213.809156971,0.3784144157779161,-0.04426147336864802,2.432562337347605,0.610738255033557
3389204.943426991,0.2764963174116617,-0.06529463972904101,2.311380691100639,0.610738255033557
2447887.5049950606,0.196074664331221,-0.06975037960903614,1.7422310905871443,0.5704697986577181
1891238.3361810388,0.13592393992892116,-0.07563821433623175,1.381243340825554,0.5033557046979866
2508065.4877751265,0.20189844813171742,-0.056508027595775986,1.861913745525091,0.5369127516778524
3365475.725383048,0.27470383522808395,-0.06847333823163497,2.2224620338524272,0.5704697986577181
1679223.4146790823,0.10923022823680206,-0.1036930833073836,1.0850166967048869,0.5167785234899329
2882455.6797326277,0.2358123405588166,-0.07314213724252912,1.8589507481820815,0.5369127516778524
2791170.908908953,0.22788384646359883,-0.04667357355892884,1.812441644869101,0.5838926174496645
1935138.3783835326,0.1411491345436191,-0.05444711797311605,1.3716548521096514,0.5302013422818792
2051203.8848098072,0.154520811805128,-0.07983720988841078,1.4164124374298737,0.5100671140939598
3321582.1375710615,0.27136133458705936,-0.04929821467627594,2.1845473784737446,0.5906040268456376
2772064.0313321017,0.2261981358475138,-0.07642893166381691,1.8981147005287153,0.5503355704697986
2625883.022375332,0.21298400770577763,-0.09710500055871425,1.808008058251377,0.5771812080536913
3122016.6899527465,0.25570332457864464,-0.17209286622189024,1.7010534722239197,0.5033557046979866
1811034.8382960358,0.12612178735420865,-0.0792751501787252,1.2252842314676418,0.5100671140939598
3053327.5433567977,0.25012856590236265,-0.07682061522390503,1.666379561100975,0.5302013422818792
2925923.064162927,0.23951726534524553,-0.08772863922465901,1.776262375624593,0.5637583892617449
2889456.0538504696,0.23641202067788503,-0.048627216317062454,2.0119519421931815,0.5838926174496645
2850284.501580442,0.23304135391138137,-0.07467827689049002,1.7690117339775977,0.5369127516778524
3552064.334538664,0.2885348367732894,-0.05593075706368329,2.2161029360449676,0.5771812080536913
4029163.2100900323,0.3214263783550566,-0.0911459920513722,2.303116712563965,0.6174496644295302
4065831.2224000613,0.32382283874881623,-0.049926429733464894,2.328095618389716,0.5973154362416108
3214100.5362881343,0.26302483858439807,-0.1034841126529145,2.0526704243780043,0.5838926174496645
2658305.3680560263,0.2159647176332411,-0.05908550779817992,1.8092467856211067,0.5906040268456376
3150414.791381181,0.25797945264514044,-0.07154296299894304,1.880640112549359,0.5369127516778524
2844268.558758405,0.23252041104747723,-0.11431922130246835,1.9628467733265096,0.5771812080536913
2088311.5170934778,0.15866811713915285,-0.04663664637390398,1.5662489091169909,0.5369127516778524
3933989.315893153,0.31512379360839615,-0.07288697483626794,1.8908216100729067,0.5100671140939598
3507009.541021363,0.28524933988341283,-0.06668769297085483,2.1689485300165,0.5637583892617449
2799921.198870776,0.22865276330742645,-0.07996433027549207,1.622818580597916,0.47651006711409394
2672132.5385864084,0.21722706157936722,-0.07656405255285105,1.895000103509296,0.5771812080536913
3027936.4011661755,0.2480424282385243,-0.05571859306976577,1.7639712125332192,0.5302013422818792
2781011.779145536,0.2269887072784742,-0.10002381522754754,1.8012212660446756,0.5771812080536913
2258673.219795663,0.17698432919983098,-0.06138589990770334,1.6937204328855107,0.5973154362416108
2506018.112243423,0.20170215809252823,-0.0902310102709554,1.8878979073796438,0.5838926174496645
6574483.34904599,0.4573783914694558,-0.05137531952318908,2.8703201957553413,0.6577181208053692
4400186.738705715,0.34491309304227236,-0.04557557123318925,2.193814344717198,0.5637583892617449
2762641.1905380446,0.22536337792124717,-0.05777513642622768,1.8100069267612087,0.5302013422818792
3374039.8029789086,0.27535191999186637,-0.06871430150021507,1.9842281658268859,0.5503355704697986
2662864.452137416,0.21638151596795585,-0.060455694599808346,1.9227979873283774,0.5302013422818792
2812380.860606833,0.22974432410040269,-0.09948853516091465,1.906749623697302,0.5302013422818792
3191329.063331456,0.26123007262778275,-0.07371559877382364,1.926707356631265,0.5369127516778524
2965309.715524001,0.2428365367407379,-0.07555016296747073,1.8241785226941036,0.5436241610738255
2387007.587666272,0.19006521152102174,-0.09598156408179284,1.605320876669911,0.5369127516778524
2856399.661822442,0.23356998765802106,-0.09771065740327822,1.9745120530018756,0.5838926174496645
2372213.0511279884,0.18858634937437535,-0.0932362513912463,1.732572370021797,0.5637583892617449
2089555.6811332223,0.1588061453763121,-0.0911389823787414,1.5358473749257,0.5436241610738255
3549052.692344827,0.2883162640073529,-0.10887128732748391,2.0884903092662777,0.5436241610738255
2478120.5602366542,0.19901464084599962,-0.07611629849647131,1.6437041945787332,0.5033557046979866
1738771.8314938731,0.11698803020209203,-0.06468304864593304,1.2007987941529075,0.5369127516778524
4284115.694435627,0.3377416169744849,-0.06594320095474313,2.516401625485012,0.5906040268456376
2874204.1033284967,0.2351039794960874,-0.07438086479182926,1.852401798056473,0.5906040268456376
2624988.0356028667,0.21290131151048253,-0.1167207178060481,1.7092848483982601,0.5637583892617449
2286538.6957317498,0.1798742175598005,-0.11118308449333941,1.5572576345997202,0.5436241610738255
2003571.3072153889,0.14910829776754775,-0.08516495178154526,1.285938645485303,0.4966442953020134
2652569.0252560363,0.21543947933411567,-0.12006735729312164,1.4962551190886793,0.5167785234899329
1493191.3270395256,0.08348547031158637,-0.10090810502477095,0.7989207333377281,0.4563758389261745
3027268.8482432556,0.24798739353892052,-0.07315496413323248,2.0348005950646373,0.5771812080536913
2508508.3985330653,0.20194089488251454,-0.12587342642754362,1.7357001974207291,0.5570469798657718
4128758.4765085275,0.3278954893158821,-0.0461677364988542,2.30475946197549,0.5906040268456376
2001576.5561896474,0.14887939667171746,-0.10280633860124926,1.4023084403408483,0.5436241610738255
2298106.7885608063,0.18106565656481122,-0.08721857417288903,1.4882301455753875,0.5436241610738255
3020537.015512284,0.24743186143167661,-0.07563042036949888,2.0964416231154352,0.6040268456375839
2607700.7844760506,0.21129953786503775,-0.06682842151597763,1.7562559838881397,0.5436241610738255
2708541.7971284385,0.22052620528985645,-0.08443379561812696,1.7079890844835395,0.5503355704697986
2577546.2470056717,0.2084850808026555,-0.09713900625896163,1.7830563387614893,0.5033557046979866
2534001.4283397677,0.20437399907718823,-0.08166818986355244,1.6023716256644922,0.5234899328859061
3945809.1097198175,0.3159131116716818,-0.03852723222973977,2.5327715400109962,0.6174496644295302
2447490.3796137,0.19603585352535258,-0.07812472962410554,1.4773588085339406,0.4966442953020134
3536972.417622567,0.28743803261595513,-0.07986067099656122,2.009744341116618,0.5503355704697986
2565562.104657889,0.2073592296469171,-0.09599933582459702,1.7040954225384175,0.5436241610738255
1984569.5255745987,0.1469203633876941,-0.0851765658501195,1.2984109543738573,0.5234899328859061
4313081.225264225,0.33954567776526967,-0.05307938361090766,2.4025770212072013,0.5570469798657718
3174410.4327944242,0.25988996140155707,-0.051221289229486947,2.1332747634051827,0.5973154362416108
3525111.278656422,0.2865733944692026,-0.06872711581400875,2.2756366777030266,0.610738255033557
3168465.1456320686,0.2594176831289412,-0.09169003760519509,1.9110333610859465,0.5637583892617449
2487854.7606115,0.19995512401749682,-0.0665382556797336,1.684008377147971,0.5167785234899329
3660951.3271226357,0.29633960930118297,-0.09964323753643,1.979417984206982,0.5369127516778524
2309246.4826858914,0.18220844715830853,-0.08412890334422315,1.5419532699481509,0.5167785234899329
2878089.1031279215,0.23543769180712504,-0.08961883099015885,1.8763764574874688,0.5637583892617449
5187951.280095245,0.3899499997674296,-0.07055293472820595,2.369335554149388,0.5906040268456376
3026618.237323491,0.24793374623656894,-0.10662676685153202,2.067125334765355,0.6040268456375839
3316638.408171685,0.2709826589197435,-0.07297158456427891,1.9047690739165413,0.5570469798657718
3723867.476583862,0.3007650020345125,-0.0978536535135251,2.1649799622566652,0.5704697986577181
4395579.04198661,0.3446313073215814,-0.058510755401192285,2.415676260665767,0.5838926174496645
1842847.8461220486,0.13005061472359958,-0.06174012201506103,1.2631210200123226,0.5704697986577181
2777685.623705166,0.22669506529825045,-0.08891531628176884,1.9578910870467277,0.5704697986577181
2201524.52830816,0.1709671339358696,-0.0810742843362047,1.4002965485559726,0.4899328859060403
1985277.1495688006,0.14700214158996205,-0.11642747074978456,1.4491921329485666,0.5570469798657718
2402683.4390069447,0.19162419045178947,-0.09483937050170958,1.4854616918483554,0.5302013422818792
2030749.8830615205,0.15220906411290858,-0.0794026401941152,1.3484064813880543,0.48322147651006714
3435995.2049289276,0.2800015920457075,-0.060407431056433966,1.953158747905306,0.5503355704697986
3120793.9099237835,0.25560494652955756,-0.08410710148822724,1.8512331599194243,0.5906040268456376
5471074.824168973,0.40480010451752846,-0.06869137442020408,2.942000080638835,0.6711409395973155
3881017.0282405023,0.31156285864399114,-0.1011435318146566,2.0487206667332196,0.5704697986577181
4421983.411001425,0.34624288738055564,-0.09023504436486524,2.3400200620987466,0.6040268456375839
3176147.8972580126,0.2600278474746047,-0.09909632930686141,1.9212227074918489,0.5771812080536913
3834403.184960276,0.3083970472272908,-0.05206485076380435,2.1219996313010037,0.5503355704697986
2738981.097433081,0.2232572742137513,-0.08156333693820268,1.9661319978979184,0.5570469798657718
2741407.994827248,0.22347397291745819,-0.06867080825370817,1.7693616687141533,0.5637583892617449
3085737.3258681856,0.2527712864165108,-0.06986625569245129,1.8674489914021222,0.5436241610738255
2649643.340618713,0.21517124408984523,-0.04938667423405016,1.7368694857775901,0.5369127516778524
4126670.6170559186,0.32776116224714946,-0.0722621888612272,2.357457530665647,0.6040268456375839
5010065.137096275,0.38028470144462223,-0.047788519111557896,2.565734666274021,0.6510067114093959
2747026.6194117754,0.2239750739767743,-0.09496150660877534,1.7368467146449806,0.5302013422818792
2458818.664890226,0.19714098717969275,-0.08317484106911764,1.7709435663513435,0.5436241610738255
2272499.591325024,0.17842178561285804,-0.14551941040621016,1.5491950670932577,0.5234899328859061
2303791.9399352954,0.1816494329706575,-0.08251313186975873,1.3458471275819228,0.4966442953020134
2004066.3877926501,0.1491650808703704,-0.09970002051950506,1.3082429648356064,0.5033557046979866
3497714.4405455743,0.2845673225018943,-0.09939075600427598,2.017045042589855,0.5771812080536913
3755404.802812568,0.302960804361315,-0.057283110292025215,2.1865322708057535,0.5570469798657718
3335114.916482401,0.27239560565344667,-0.05202074028343994,2.321067068613872,0.6174496644295302
2905065.131759107,0.23774498324273696,-0.056596874750888614,1.9347196763619918,0.5570469798657718
3212614.7622066583,0.2629080459305697,-0.07934864329710303,2.1790848332745356,0.5906040268456376
2062004.9126356833,0.15573413134302605,-0.11742225573983447,1.4149945224322618,0.5033557046979866
3246381.9446791722,0.2655517912460532,-0.08054392003425405,1.8966512652719985,0.5503355704697986
3394410.6797832143,0.276888210169443,-0.0588648190295796,2.0243154307219924,0.5771812080536913
3953558.4387359098,0.31642958076274974,-0.06592538785280681,2.375982177892501,0.6174496644295302
2229874.9069536026,0.17396757018481024,-0.12077603745578247,1.4491815432858306,0.5436241610738255
2871092.2814043984,0.23483642096137647,-0.07429598986369847,1.829564579509575,0.5436241610738255
2427679.9978184886,0.19409337278970495,-0.06647250304703164,1.610012752491414,0.4966442953020134
2300225.069833399,0.18128330592377395,-0.11668041314559827,1.5900783672717371,0.5369127516778524
2869215.410592798,0.2346749329650406,-0.06188698428211552,1.80292466584298,0.5436241610738255
1999945.8732305293,0.14869213739662168,-0.12499716302920236,1.2387930426113036,0.44966442953020136
2699782.8119245525,0.21973578540365613,-0.07384997308443843,1.7063840422565044,0.5302013422818792
4105289.628615293,0.3263824302250897,-0.07416229757035722,2.4603154422007893,0.6174496644295302
1880455.8893106175,0.1346257357899714,-0.09484398267484291,1.2325749115907738,0.5167785234899329
2485653.869472887,0.19974273978384738,-0.12182965883003513,1.6019590220408884,0.5503355704697986
1825777.6819367262,0.12794929933916066,-0.07337758572243534,1.1259150295993685,0.4563758389261745
2357300.497826033,0.18708820434302154,-0.13895246379532047,1.4896867089089951,0.5167785234899329
4547025.714903959,0.3537718587763674,-0.0404832020386578,2.5507268421526743,0.6375838926174496
3584585.0126300207,0.2908856615653923,-0.06169797805738397,2.169710251578499,0.5771812080536913
2339974.1351974923,0.18533801091832713,-0.10822772983937419,1.383911576689975,0.5033557046979866
3547869.9094106103,0.28823038184123617,-0.07837909523197663,1.9828722290932153,0.5436241610738255
2539516.53963831,0.20489779369834915,-0.09108287785802745,1.5272437265425347,0.5167785234899329
5301937.916949438,0.3960048515922501,-0.08209229117944208,2.4402638939493975,0.610738255033557
2283365.7412603656,0.1795465811275223,-0.06056761405437844,1.604991548442325,0.5838926174496645
2464138.1617571265,0.19765852709407006,-0.06913866378783576,1.5548497969201809,0.5167785234899329
3082074.0639323625,0.25247369723796775,-0.08078447144433365,1.9493880897968712,0.5167785234899329
3131159.284937622,0.25643791147238204,-0.054039491228793764,2.060475086769415,0.6040268456375839
3536558.992642178,0.2874079343359641,-0.044087164841187985,2.1830270961901097,0.5973154362416108
3021002.3598903636,0.24747029497062756,-0.07194481235880774,1.7634081040422125,0.5503355704697986
2564101.8227716996,0.20722175596375414,-0.06844257485430419,1.705548821402934,0.5570469798657718
2888845.224318219,0.23635974088314393,-0.05986320185570098,2.0008946371310508,0.5771812080536913
2507403.445886537,0.20183498956962964,-0.09510177716201312,1.6209855382406224,0.5234899328859061
2818299.654537849,0.23026150040452742,-0.11690411917559151,1.714133657080719,0.5369127516778524
2642347.5596290254,0.21450131211292933,-0.13959738054523732,1.8314937911939995,0.5570469798657718
2748537.011859172,0.22410963956456054,-0.13239007393494945,1.7612676739950754,0.5234899328859061
1689225.4264862316,0.11054847984376881,-0.10665658119877297,1.0321882911176539,0.46308724832214765
2447673.50555924,0.19605375093108224,-0.1299103556673955,1.4556855807772044,0.4899328859060403
1958351.6648945617,0.14387386203905628,-0.13360068109317483,1.289773182141613,0.5302013422818792
3101192.451660624,0.25402369788957424,-0.07447785178057212,2.0156389033596454,0.5906040268456376
2602131.843576926,0.21078173112018872,-0.05470597580218684,1.8609863744427135,0.5503355704697986
2636219.8065634505,0.2139374894430377,-0.05607418992753011,1.6630757018584503,0.5302013422818792
4546155.007837591,0.35372000822199,-0.10368687535441154,2.300187811146007,0.5771812080536913
3755577.11437246,0.3029727610530675,-0.07816249147410553,2.2888185464675623,0.5838926174496645
2763620.1003578026,0.22545020427200435,-0.05905050141134252,1.991587377116605,0.5771812080536913
3061210.607775069,0.25077341532256003,-0.05105575014122285,2.081518726533246,0.5771812080536913
2024739.0080552264,0.1515261637470855,-0.05466571221591995,1.4926917134593982,0.5436241610738255
2567318.220620494,0.20752447082552794,-0.11064537213475095,1.6629388945476093,0.5369127516778524
2992699.862031248,0.24512408145918263,-0.1412525177351538,1.9556560865118362,0.5637583892617449
2237936.254633255,0.17481516079502413,-0.08671704257184122,1.5468873122976239,0.5369127516778524
3338086.029392268,0.2726222296045957,-0.07514357298729467,2.067611109282487,0.5704697986577181
2427440.5926369,0.1940698208044218,-0.12793077045520418,1.613022434344929,0.5369127516778524
4473415.938964927,0.3493600753221915,-0.03895607386051448,2.4684532060133146,0.5771812080536913
2939082.7062643925,0.24063023632392055,-0.14403833255968201,1.9486543620555585,0.5503355704697986
3524002.409578325,0.28649244264202367,-0.054600226237056654,2.1885256199512275,0.5906040268456376
3910839.5348579334,0.31357235352095336,-0.08201339462781136,2.0913868081612907,0.5436241610738255
2648344.008091474,0.2150520415317263,-0.10714897740711944,1.5714409546805506,0.5100671140939598
1958507.5415694925,0.14389207098290857,-0.08297884796569026,1.3543906156478622,0.5302013422818792
2837694.442848485,0.23195012497218004,-0.08336926925507372,1.8463107998670425,0.5503355704697986
2673679.255852219,0.21736794309090035,-0.08421925831406946,2.0489060204407084,0.5637583892617449
3509180.7507096548,0.2854084415331475,-0.08098582140146025,2.0404827785630495,0.5503355704697986
3339440.1422917005,0.27272546209218484,-0.053115376019825696,2.0642183557033777,0.5570469798657718
2447034.7561318423,0.19599131953187698,-0.08067507940859023,1.6166321833061812,0.5302013422818792
2295235.0827059993,0.18077033784952,-0.05994501003225817,1.737515404961418,0.5637583892617449
3107280.3861238477,0.25451566518455637,-0.08181486729342573,1.950369296382582,0.5771812080536913
3503674.37265365,0.2850047922471244,-0.05547227207236741,2.089781758152927,0.5570469798657718
2288274.3221148374,0.1800532829163375,-0.07772197793019071,1.6993940960626182,0.5503355704697986
2557717.2382462844,0.20661996257892024,-0.08644988831616138,1.7081480345117106,0.5503355704697986
3628493.3766228273,0.2940327474044404,-0.07795185036399883,2.015682700104278,0.5302013422818792
2823778.783571525,0.23073948546520273,-0.14493788476471373,1.712923814343388,0.5033557046979866
2978250.1334954477,0.24391937970294397,-0.06734384195168933,2.160844851901902,0.610738255033557
2510846.5138240657,0.2021648709487911,-0.059896120122565795,1.6978600774899,0.5436241610738255
2816633.0599595862,0.2301159635520238,-0.09061140586834386,1.6707499967639998,0.5369127516778524
2737612.5243244506,0.2231350059942705,-0.06590274016229207,1.885821727120328,0.5570469798657718
2062637.4076765678,0.15580502413566655,-0.13492698996618419,1.3302448017906512,0.5100671140939598
4389907.37035439,0.34428412910695916,-0.05059141727162884,2.395258187917658,0.6174496644295302
2772550.784371335,0.22624119500817508,-0.07897203207414943,1.6898746927424368,0.5302013422818792
2372201.1421432886,0.18858515598366643,-0.093990637078969,1.5233497858489806,0.5369127516778524
2754860.923794611,0.2246724151002255,-0.09160085910897517,1.9105712112365592,0.5704697986577181
3674196.21819019,0.2972762556394146,-0.056368078798506555,2.1180321349395284,0.5704697986577181
3317363.902055486,0.27103825795479053,-0.05343251578946581,2.3011360693090124,0.5838926174496645
3340000.9800718226,0.2727682084536416,-0.05519158224425653,1.8898493850345293,0.5302013422818792
3748594.77667017,0.3024879051210494,-0.04343207739427536,2.3852826312591544,0.6040268456375839
2862638.253400174,0.23410835944163444,-0.05625790375740266,1.7974628838729938,0.5436241610738255
2908862.8481112146,0.2380684285415109,-0.05390226962881534,1.9030891662685123,0.5973154362416108
2816297.5082610855,0.23008665287057517,-0.05846706921544009,1.7415399963987694,0.5167785234899329
3244846.378157218,0.2654320452157739,-0.08559122686294927,2.05204512573984,0.5906040268456376
2198777.860087278,0.17067480337637142,-0.05887994580649488,1.5503700400907063,0.5033557046979866
3914917.0065160533,0.31384614750741324,-0.07109419439085679,2.356443568411363,0.6040268456375839
2358095.032156177,0.18716821579654686,-0.07382989537386288,1.5470880642956315,0.5167785234899329
2903107.692255315,0.23757813919083226,-0.07081084924622505,1.86084412148676,0.5704697986577181
3637174.3523424226,0.2946513364944434,-0.06369304789537127,2.3281193460793803,0.610738255033557
2516590.971282539,0.2027144444733846,-0.10588817325874353,1.6512013102416379,0.5167785234899329
3983900.973647529,0.3184440570591833,-0.09573031394259052,2.1783947751523076,0.5906040268456376
4204984.550094203,0.33276285727173005,-0.05657272361792224,2.2018234495419993,0.5771812080536913
2212827.307987641,0.17216703760660712,-0.07633005656942772,1.5138684633977482,0.5436241610738255
4315068.763399747,0.33966911191199056,-0.07406486302281517,2.2395774618872344,0.5771812080536913
2518648.3267325372,0.20291102805752215,-0.07187157463917296,1.7036036119944598,0.5369127516778524
2882315.9560266803,0.23580035941167,-0.05504316579092404,1.7733963282291847,0.5436241610738255
2482942.7990116593,0.19948091676061486,-0.09083807096016076,1.6525957598578673,0.5234899328859061
3975147.7134174914,0.31786418119976667,-0.0839901919886333,2.366816523156841,0.610738255033557
4487543.474523761,0.3502112859788853,-0.04110569954197796,2.2893694674329157,0.5906040268456376
2705693.160537409,0.22026936604124625,-0.07051597049877614,1.6419392983006662,0.5503355704697986
2234073.9379975796,0.17440937231198883,-0.10153770077861377,1.6166890498903865,0.5771812080536913
3719634.7759868684,0.3004691669239543,-0.0844296452985588,2.1131262453989232,0.6174496644295302
4645729.147806195,0.35959881456999043,-0.08168884035102202,2.494527184464282,0.5906040268456376
2876303.885766839,0.23528439063008233,-0.08852944360012177,1.9541692655721865,0.5771812080536913
5047189.433632973,0.38232423141184113,-0.04460798240882685,2.7138463481774258,0.6375838926174496
2872878.849877541,0.23499006080956564,-0.04664982407184996,1.8026286587954772,0.5436241610738255
1848541.1290680496,0.1307479877727189,-0.057281570234122586,1.3265008379521082,0.5369127516778524
2229128.55940385,0.17388897338588905,-0.06537458616426338,1.544074728451292,0.4899328859060403
2640359.6719850423,0.21431851867243878,-0.07629887452975503,1.7162157514115386,0.5033557046979866
2044343.786409671,0.15374753489662352,-0.11489232627199397,1.3608703283608203,0.4429530201342282
4059043.7582827685,0.3233805475861522,-0.05909579749459513,2.3057205272578685,0.5906040268456376
4967933.700839811,0.37795539109824894,-0.06285383837162514,2.5359835633408236,0.5973154362416108
3256237.949848711,0.26631930198274834,-0.0780491760041642,1.8285412047446143,0.5167785234899329
2092163.3318913234,0.15909522639790152,-0.09693207637655535,1.4128308679757098,0.47651006711409394
2772618.061147643,0.2262471459724873,-0.0933862326517566,1.8020854678738807,0.5234899328859061
3472311.9534117635,0.28269601965378355,-0.06977870998837969,2.0986704246546353,0.5838926174496645
3051999.7619610094,0.25001981987131217,-0.07959511400495305,1.941162358159409,0.5637583892617449
3119730.676549909,0.2555193796456412,-0.05031978820808159,1.7808824737246365,0.5302013422818792
3176953.80620155,0.26009178433742597,-0.09195227204460882,2.044399183983053,0.5704697986577181
2707225.347771043,0.22040753823372605,-0.059710546397026845,1.8818678450944952,0.5704697986577181
2218167.8702919236,0.1727322870035468,-0.06184839114406232,1.4644850441467938,0.5167785234899329
2634951.20060432,0.21382063235479154,-0.1333156461887498,1.8680088578227512,0.5436241610738255
2371554.4770800425,0.1885203469499419,-0.06415269611141373,1.7161332186822242,0.5771812080536913
1565678.2316182882,0.09380650710023297,-0.08938678522724021,0.8974019056285543,0.47651006711409394
2907707.5585616366,0.23797007018811533,-0.050479655818708065,2.1467752405033824,0.6241610738255033
2208455.861168871,0.1717035473289945,-0.09851313561289418,1.3839057217351318,0.4899328859060403
3218222.7059088177,0.26334864511592704,-0.0598957317722557,2.138824437196789,0.5771812080536913
4386641.763915053,0.34408406977256245,-0.06326154899909232,2.454610067586466,0.6174496644295302
2582157.991088863,0.20891721578844358,-0.08708993046108357,1.7388850087552654,0.5369127516778524
4028782.4604989574,0.32140140286778407,-0.06900121040907808,2.28138884834604,0.5838926174496645
3096635.863123868,0.2536549731917441,-0.10148447429000795,1.9545613608066534,0.5302013422818792
2939883.4245943767,0.24069782796610228,-0.11291147436671593,1.966150414951169,0.5838926174496645
1774968.0566853085,0.12160027816600305,-0.09623864668412178,1.2613571803520458,0.5033557046979866
2586117.529015571,0.20928774464343713,-0.10911621262649558,1.7115033925756613,0.5637583892617449
3131110.6173537127,0.2564340056872023,-0.07786748305812217,1.9149560893873374,0.5302013422818792
3914932.539253154,0.31384719006307304,-0.04849773191473129,2.391481086061622,0.6040268456375839
2357345.679310641,0.18709275480201404,-0.11449686430883166,1.5452360398330347,0.5436241610738255
3544273.5898223286,0.2879691113955889,-0.09724591961630925,1.9715239805827904,0.5637583892617449
4841694.673188633,0.37088012380336344,-0.04361067351633107,2.6426414552051987,0.6442953020134228
1694440.008125128,0.11123327988673659,-0.07347942541111624,0.9993517265172034,0.47651006711409394
2174936.2786259837,0.16812496981321368,-0.0819724469523378,1.5154757907486682,0.5234899328859061
2779556.136782057,0.22686023383458864,-0.050861147846325616,1.9693562703290568,0.6040268456375839
1809070.7665353375,0.1258774249539112,-0.12082520958604656,1.1732542104075678,0.4899328859060403
2788977.130503978,0.2276907696207282,-0.056370286683882345,1.8781282176883636,0.5704697986577181
1696305.2591809852,0.11147782285920393,-0.08247590842946868,1.1517263219146776,0.4899328859060403
3377377.452588244,0.2756041395730062,-0.07854653296364453,2.0718392047571146,0.5503355704697986
2433854.935026892,0.1947002040954564,-0.11864726431613033,1.522559243105213,0.5302013422818792
2189483.8437544494,0.1696834605340669,-0.07514367032744929,1.424477483732507,0.5436241610738255
2869936.813826332,0.23473701327593988,-0.09150049387643594,2.0532674459526676,0.6040268456375839
2346726.964184697,0.1860213655695122,-0.08211439253448014,1.4488134006403497,0.47651006711409394
3796323.0288490895,0.30578787581897315,-0.054728136956799976,2.305208298164254,0.6241610738255033
2003813.629339597,0.1491360922256295,-0.11544758313217772,1.472500474729541,0.5369127516778524
2283621.121135228,0.17957296489753105,-0.13843653355342464,1.4301909621539268,0.5167785234899329
4280323.349761741,0.3375046964548276,-0.10354852842537066,2.242263193619769,0.610738255033557
3523057.505646669,0.2864234448363818,-0.06538096952624964,2.097791647878544,0.5637583892617449
2584602.047835318,0.20914598136102658,-0.06767027684858562,1.6100127978919612,0.47651006711409394
1899385.2174499477,0.13690090117200926,-0.10427306347956806,1.20661709137845,0.5100671140939598
3204968.83867986,0.26230633643905277,-0.05660932669753083,2.0453993280492697,0.5771812080536913
2587571.3457584875,0.20942367717959431,-0.05823332100878714,1.655354539113532,0.5503355704697986
4941304.984175739,0.37647501266317596,-0.07295948644122312,2.5264523133038197,0.6174496644295302
3431250.0050620935,0.2796478534011111,-0.08357909135129846,1.9916256975224347,0.5570469798657718
4122958.7529253373,0.3275222169241985,-0.0726424173977997,2.2185612332294227,0.5838926174496645
3068494.3546528085,0.2513680597141863,-0.0962091971213518,1.9041047004974776,0.5704697986577181
3485241.123610097,0.2836498250653401,-0.06568517889240258,1.9797293846083066,0.5503355704697986
3286170.448119294,0.2686388801882327,-0.06827172734178652,1.8805550339594337,0.5369127516778524
3548810.455571527,0.2882986769990781,-0.0735461126816034,2.169430955102387,0.5570469798657718
3113640.4731688784,0.25502880228937075,-0.08183195577138676,2.182086011026957,0.5906040268456376
2367409.1156873326,0.18810456103566087,-0.12895059143110596,1.601643109903055,0.5234899328859061
2753974.1227165735,0.2245935595270827,-0.10692766742305529,1.7011311441924715,0.5302013422818792
3882520.104298482,0.3116644337409553,-0.05434351091587342,2.344398434469231,0.5973154362416108
2458677.1913767224,0.19712721083725215,-0.06335906106300047,1.422376865375728,0.5033557046979866
2226508.788580093,0.17361292229936365,-0.08907179731034638,1.4400057953200278,0.5033557046979866
2954748.25645304,0.24194995766625715,-0.06534739117260448,1.797184062799652,0.5503355704697986
3125083.7492720047,0.25594994747974686,-0.06446692406121537,1.8655332437008108,0.5302013422818792
2612443.19014603,0.21173979539676058,-0.076284612176503,1.7075422623404193,0.5436241610738255
2891594.618075714,0.23659498688409486,-0.10148243143628138,1.730142266302589,0.5302013422818792
2078949.8060871884,0.15762740849844348,-0.08960975829255527,1.3897475076691452,0.5033557046979866
2583690.137760821,0.20906064613118258,-0.07351880549341748,1.6706672698292169,0.5503355704697986
2802628.1900990983,0.22889024618905918,-0.057458134513097066,1.9061567229722434,0.5906040268456376
3373068.1667825873,0.275278457855908,-0.0559079837398581,2.098832785496152,0.5704697986577181
3421032.7133834367,0.27888485821668496,-0.0715802764408365,1.9531199586302281,0.5436241610738255
4899790.14987321,0.3741542837563441,-0.0725582362043243,2.4834827103355823,0.6174496644295302
2174253.9109341553,0.16805166276525507,-0.09366545912660304,1.4028111295705559,0.5167785234899329
3038613.2034409787,0.2489213335977256,-0.05285089530986388,2.01421235750883,0.5570469798657718
2991595.5629083375,0.24503217832913005,-0.06027437925961918,1.9008695434610912,0.5369127516778524
2132476.764086845,0.16352806056856006,-0.1205993473795477,1.4710749087132093,0.5234899328859061
3042176.552520696,0.24921411562076612,-0.051308970705910596,2.079520936251311,0.5704697986577181
3335881.645247376,0.27245410394422165,-0.07580079548233154,2.0897108210291817,0.5973154362416108
2605696.72684721,0.21111330018999697,-0.08311272533451244,1.6395174865607949,0.5570469798657718
2190728.13012213,0.16981637683343132,-0.13995489397992142,1.3861517204414662,0.5302013422818792
3633369.9171323003,0.2943803855465801,-0.11203957002543298,1.9824937376334562,0.5838926174496645
2678938.8552067284,0.21784652221317202,-0.07121822517418845,1.7242041751310464,0.5100671140939598
4772844.54360384,0.36695890280965315,-0.051446534373535885,2.4005038219667325,0.6174496644295302
2234756.580751553,0.1744811339547374,-0.10607105870129734,1.3499651215289985,0.5033557046979866
3095512.9390747813,0.2535640381498474,-0.07713435572674672,1.797724448537382,0.5436241610738255
2789908.725186908,0.22777277512727556,-0.05295909778783797,1.7722257637009098,0.5369127516778524
3362421.0126185054,0.27447235124868197,-0.038062153385330616,2.2560062006527084,0.610738255033557
2621275.8002577587,0.21255806238157082,-0.10315461574398777,1.6441235933000975,0.5302013422818792
2234938.8464876204,0.17450029135978617,-0.09588600014095496,1.3761269470170239,0.4899328859060403
2265564.5382148144,0.1777016612169613,-0.0927230390625392,1.4719057517735439,0.5033557046979866
3478132.5497955186,0.28312576530091693,-0.07045320150033031,2.1836028931785547,0.5973154362416108
2991403.1169384723,0.24501615961365952,-0.08376068644473929,2.1927299309233947,0.5771812080536913
2695241.8644962036,0.21932519783920146,-0.06193332448622854,1.8653653375490231,0.5637583892617449
2400262.851581356,0.19138399288290175,-0.11171908095883737,1.4528705026412068,0.4697986577181208
1527989.1438682268,0.08848902306806039,-0.13375207375317003,0.8926135344579478,0.4563758389261745
1909696.8488367114,0.13813266053490003,-0.08894102722727006,1.3226382611880132,0.5234899328859061
2545929.0945925233,0.2055056795636372,-0.06790628248965976,1.6405860213274184,0.5033557046979866
1919637.9073699878,0.1393151265257344,-0.12511311617862714,1.267778853535757,0.48322147651006714
3611244.6262017507,0.29280011397382677,-0.0504494230318433,2.042032934182698,0.5637583892617449
3185676.552745374,0.2607829753569195,-0.10707510703305015,2.041563649268086,0.5570469798657718
1844197.2596338259,0.13021606073444736,-0.1701646862197495,1.1416663093098935,0.46308724832214765
2276674.243855768,0.17885442732392187,-0.12209255374940434,1.538356073437389,0.5570469798657718
2749247.628239216,0.2241729301377715,-0.0924393460717342,1.7976815157053,0.5167785234899329
2906035.867904554,0.23782769142136173,-0.08014859443554967,1.8413095181512287,0.5436241610738255
2648878.739730515,0.21510110421384643,-0.05658084740174963,1.8776228847955467,0.5436241610738255
3628757.164536851,0.2940515618399535,-0.06806151043747308,1.9265837005386195,0.5369127516778524
2745612.078333359,0.2238489944014923,-0.07014486201278687,1.7999673010089918,0.5570469798657718
1725714.6894599681,0.11530538519848732,-0.06930080490609565,1.1025693729674648,0.5100671140939598
3425039.1867197487,0.27918426602342383,-0.04307168214374966,2.0373809884224507,0.5771812080536913
2344597.7044358356,0.1858060644608639,-0.10742451282758908,1.6893572807814092,0.5234899328859061
3449134.6846318142,0.28097906067918554,-0.05984479824589131,2.0061110365584116,0.5503355704697986
1952192.8755667966,0.14315348508634118,-0.05705796132074476,1.3917809914876018,0.5570469798657718
3247841.6347229355,0.2656655783002708,-0.08325748801490634,1.9167757948979094,0.5369127516778524
2240142.2610111022,0.17504668021089698,-0.10710993070726169,1.61403302834776,0.5503355704697986
2711956.308429249,0.22083378042988033,-0.10517999354399601,1.7117550292616002,0.5436241610738255
2541806.512823378,0.20511501527666365,-0.09242601943785093,1.7065190923913764,0.5234899328859061
2935824.9612255194,0.2403550858406267,-0.1106719205486217,1.6950368559059588,0.4966442953020134
2420124.823341977,0.1933492190946171,-0.1416731178229963,1.399009036370924,0.5033557046979866
4155690.6615602463,0.32962337805725905,-0.04895019277242845,2.2652907503545303,0.5906040268456376
2424238.047102307,0.1937545848614901,-0.06591933033600769,1.5616455487013794,0.5436241610738255
2429950.0567551726,0.1943166022957148,-0.10735837434646611,1.5987039371447682,0.5637583892617449
1937288.0620812597,0.14140255522008705,-0.08766975630751768,1.258556139888641,0.5033557046979866
3329620.9614788312,0.27197612415885963,-0.0718499403005328,1.8836488059389327,0.5570469798657718
3822109.35974455,0.3075569752527574,-0.06787217111080607,2.3436412484856572,0.6241610738255033
2558703.438509141,0.20671299752574246,-0.08743298492061562,1.6256062676967804,0.5503355704697986
2576751.3159123845,0.208410530761179,-0.1062630776649727,1.7236167028197347,0.5436241610738255
3146395.9450980686,0.25765833888361644,-0.08532431116644919,2.0129729827710223,0.5637583892617449
2860305.642343631,0.23390717205530298,-0.048822775629504135,1.9368168299449748,0.6040268456375839
3189609.5036566462,0.2610941275144856,-0.05787957301744569,2.244875305458563,0.6040268456375839
3574099.4352697683,0.29012956025785086,-0.11645654865724536,1.8181800915365245,0.5234899328859061
2363335.026408251,0.18769535593061226,-0.05402834927514577,1.5356196752673994,0.4899328859060403
4155292.3521344084,0.3295978890652802,-0.047755767735706514,2.34451975607604,0.6375838926174496
2859527.675112148,0.23384004329913322,-0.04943413416514812,1.9825038437582125,0.5906040268456376
3411693.5843945355,0.2781858450741237,-0.10397551342622033,2.201086099212245,0.5771812080536913
2903977.9226570954,0.23765232514088686,-0.09368702033787131,1.9576323320720483,0.5771812080536913
3867283.6042560674,0.3106333188703867,-0.07133249607937683,2.391324237295222,0.610738255033557
1966569.8102921743,0.14483229886431603,-0.1440571227793818,1.2776344622921,0.4899328859060403
3292931.9359119255,0.26916051078159375,-0.07917973944560798,1.8373654536308628,0.5436241610738255
2568392.7500503142,0.20762553374781922,-0.1276506055941049,1.8611982812041972,0.6040268456375839
2761407.41959085,0.22525391109082893,-0.06853383891477283,1.7925671357500805,0.5100671140939598
3677238.7417249084,0.2974910338703647,-0.055809086745302744,2.009661369605283,0.5771812080536913
3305390.758703752,0.27011943553951956,-0.054165871965555154,2.1669517814477737,0.5838926174496645
2358887.8454755163,0.18724803244600774,-0.09924575374716388,1.453089849839732,0.5234899328859061
3652016.750624594,0.29570624558914194,-0.09073405573071765,2.107670201015092,0.5704697986577181
2483157.5026705433,0.19950166021346094,-0.070238728852066,1.659609128271745,0.5167785234899329
2565035.7049601837,0.20730968060659616,-0.0948941403389162,1.6186391481544455,0.5100671140939598
3423777.3827304803,0.2790900003739556,-0.05706460875042551,2.152763486216431,0.5973154362416108
2492145.092345141,0.20036870587486022,-0.09556544328817698,1.6954693161668215,0.5167785234899329
2320955.488147989,0.1834048976126501,-0.06051420135129431,1.5305572186552823,0.5570469798657718
4268282.224056269,0.33675133210377983,-0.05198264159392838,2.5100948877142564,0.6711409395973155
3816462.0443044375,0.30717035341428733,-0.07018657690456068,2.0545939534193174,0.5234899328859061
4333946.234190195,0.34083921729022904,-0.06506432644325671,2.335153475650804,0.5637583892617449
2299465.8034421913,0.18120531119449113,-0.09088854460694189,1.5526739022735045,0.5503355704697986
2257762.2672826117,0.1768893752388805,-0.12776981163822843,1.384221406537004,0.48322147651006714
2076363.4801274566,0.15733923484435675,-0.09686486296264253,1.417076682503174,0.5167785234899329
3748512.1504895464,0.3024821632067487,-0.06054806327993238,2.2434967874875986,0.5906040268456376
2760706.84358267,0.22519173478096377,-0.07783827567101904,1.7762436996823994,0.5436241610738255
1173623.1759780732,0.03253726693298953,-0.19166390482291967,0.3914629570640819,0.436241610738255
1900767.1215337696,0.1370662842615642,-0.1867401789899499,1.2389777499488328,0.5033557046979866
2356962.973819979,0.18705420836192244,-0.07452555840405076,1.3876100640454272,0.4697986577181208
2835429.5935181556,0.23175341086714396,-0.0823874454616997,1.7333234661390517,0.5234899328859061
2097977.9343069955,0.1597387897206437,-0.09910765620095822,1.4603098729213764,0.48322147651006714
2455887.096922358,0.19685538864217134,-0.0624745763790166,1.6763208938786418,0.5503355704697986
3301729.9127970617,0.2698379697075499,-0.06335959012714534,2.1174186400078185,0.5973154362416108
3386949.0883767037,0.27632634494431296,-0.08608505256547985,2.1137082636363385,0.5771812080536913
4907586.427806072,0.37459130151972486,-0.05641542786700487,2.2413497717056003,0.5704697986577181
2751720.303712017,0.2243930553783573,-0.059884777762717126,1.9585074078598954,0.5436241610738255
2348273.234735717,0.18617761951642198,-0.0903985431046201,1.4875676513575777,0.4697986577181208
2270781.8777800393,0.17824358506592275,-0.08430135191845833,1.597989155596135,0.5570469798657718
1972663.6416104778,0.14554092194655777,-0.19113169917230327,1.3268231651300946,0.5100671140939598
1789665.8544152398,0.12345166036268629,-0.08173015223560659,1.1309508433564732,0.4697986577181208
4022712.817652819,0.32100300596437026,-0.06980126243537203,2.140083988905794,0.5503355704697986
2323036.053124074,0.18361698857390918,-0.10411887210481778,1.514244219958212,0.5167785234899329
3267216.0058535542,0.2671720047027093,-0.08328413869468272,2.1148308078833633,0.5704697986577181
1922647.3155582957,0.13967212262764117,-0.10704297344190052,1.1929296910575653,0.4697986577181208
2744837.785804352,0.22377995886264745,-0.058144664228646545,2.057733286594779,0.5704697986577181
1804534.0794437167,0.12531217510586434,-0.13998680589123233,1.2303384602562377,0.5033557046979866
3975894.5838704472,0.3179136988491795,-0.07778193428084053,2.174681526719142,0.6040268456375839
3932908.813995789,0.31505154379880906,-0.08054240020660897,2.2003185780048957,0.5838926174496645
2754184.367532071,0.2246122566225306,-0.1602646914630454,1.7835713355368727,0.5570469798657718
2477890.6990892296,0.19899239680252423,-0.11384627206913348,1.5990615609128735,0.5234899328859061
2757180.3753644344,0.22487856795310068,-0.08096938711229919,1.7894097563381601,0.5570469798657718
3588219.952943203,0.29114735937354785,-0.0856091936738253,2.078627237161207,0.5771812080536913
3254235.1510547786,0.2661634898457157,-0.056290036073684456,2.163093471870126,0.5838926174496645
4003563.5570029123,0.31974293411869303,-0.09356282840228215,2.2242835850693123,0.5704697986577181
3691174.821745375,0.298472998402733,-0.08913014454231921,2.0793089219999104,0.5570469798657718
2564756.5839886307,0.2072834041598941,-0.06641228823676272,1.6863627059659656,0.5033557046979866
2868959.875810931,0.23465293994014091,-0.048708444627941494,1.8905769616494277,0.5637583892617449
1854982.5469902232,0.13153493151182705,-0.12071308342250706,1.2619655156958984,0.4966442953020134
3762196.134144887,0.30343172267699425,-0.06100553084718177,2.0997240420051586,0.5771812080536913
3102884.045416453,0.25416047340436876,-0.07290697153874397,1.782837773359537,0.5369127516778524
3030787.2326475177,0.2482773485927643,-0.09372950620427453,1.8580955771184529,0.5503355704697986
3093730.9185378645,0.2534196749066573,-0.10832407835778057,1.8385966471920712,0.5436241610738255
3281621.8304902352,0.2682874832724318,-0.05508360879319439,2.191707286689096,0.5838926174496645
3226919.03005111,0.26403067581471595,-0.03717923057676533,2.1203292796332085,0.5838926174496645
3398089.4304497526,0.27716486015587694,-0.0733459171126066,1.9495918473368057,0.5570469798657718
4821626.9107652,0.3697418355699491,-0.06916431204768525,2.299050327509892,0.6040268456375839
2020464.4321265325,0.15103953826154481,-0.07442420989234347,1.3621476338566518,0.4899328859060403
1568140.851669429,0.09415037555031014,-0.10692859575702329,0.933732621490336,0.46308724832214765
2566879.358985507,0.20748318475524008,-0.07264561761982492,1.843277976804355,0.5637583892617449
2283432.6099595167,0.17955348968536877,-0.12032967210775435,1.5153477151535246,0.5570469798657718
3541475.9130280516,0.2877657151589865,-0.055552574753428056,2.046039612156103,0.5906040268456376
3614952.767253826,0.2930655026626239,-0.08297184532502838,2.088048390925438,0.5637583892617449
2527179.9433641797,0.20372486921629718,-0.07143916595280239,1.6933233156183127,0.5234899328859061
2013123.0263454043,0.15020185394487617,-0.07923991309709912,1.45014727069245,0.5302013422818792
3557079.3109403616,0.28889847464408236,-0.056344081320848984,2.0715361824450333,0.5771812080536913
2794044.2643955965,0.22813655007699318,-0.11768742798665406,1.6909590036065743,0.5302013422818792
2849826.158849469,0.23300169528103054,-0.05096640014192906,1.821802723864407,0.5369127516778524
2726801.791083479,0.22216745323693665,-0.07818864078177201,1.8523126162332524,0.5369127516778524
1794697.4531284356,0.12408266213151542,-0.06679071008471676,1.2586221847497843,0.5033557046979866
2199390.9831540287,0.17074008397547358,-0.07418644865176482,1.4497587839004964,0.4899328859060403
3390825.622351654,0.27661837524636157,-0.05355517371288239,1.9487332304152687,0.5302013422818792
3568650.6557522183,0.2897359549709251,-0.06520077247797144,2.1858857853973475,0.5771812080536913
2229485.9780515996,0.1739266152617469,-0.10173069472115212,1.5489598199804393,0.5369127516778524
2832197.7031872026,0.23147248636834283,-0.08441018565168244,1.7793308799856096,0.5302013422818792
5150646.788509367,0.38794531009340605,-0.05031398423099944,2.5676222464246092,0.5906040268456376
2750348.0335625596,0.22427091118354658,-0.07254178476726719,1.8159205183734803,0.5838926174496645
4936675.905149335,0.37621701601438007,-0.05664315055148937,2.7756043157205985,0.610738255033557
2466780.96314685,0.19791531599298673,-0.0770931572924125,1.6708803156064334,0.5234899328859061
2423393.935257747,0.19367144098368283,-0.1022626094901909,1.5730757439177825,0.5033557046979866
2787762.5202588127,0.22758381817952555,-0.07294984661942504,1.9343223573060317,0.5704697986577181
3214535.3945886125,0.2630590134402828,-0.08410869603535505,1.8701778578223254,0.5302013422818792
5045842.527432961,0.3822504454016873,-0.061328704646893516,2.446976395482249,0.5704697986577181
1711019.8002629955,0.11339946185838512,-0.08702151516628731,1.0979196670881306,0.4966442953020134
3256269.4033325813,0.2663217483641527,-0.06286861863198939,2.011104006294302,0.5637583892617449
3249645.134447561,0.26580610982475683,-0.05359325560250343,1.9411418047376945,0.5436241610738255
2654586.251164422,0.21562428662860533,-0.13024144725812534,1.8245918234449021,0.5369127516778524
2367024.2723794975,0.18806593114104975,-0.09104616644251005,1.728420700553243,0.5503355704697986
2256244.7998013482,0.1767311325662435,-0.09663039773269019,1.3426468716741529,0.5033557046979866
2583409.273915672,0.20903435844412832,-0.09928239083352187,1.6618787784015145,0.5167785234899329
2965929.216425452,0.2428884621108196,-0.058548653223038115,2.142673740065954,0.6040268456375839
2140838.659474511,0.16443912094953483,-0.11634776677032671,1.2198192488581654,0.46308724832214765
2224404.1173818377,0.17339096011177157,-0.1433329684813435,1.5309156731387676,0.5167785234899329
2334188.6346872263,0.18475128939176177,-0.11939689715655313,1.465072213628112,0.5234899328859061
2937045.811953905,0.24045822799716454,-0.08046974239311534,2.0387788970328917,0.5771812080536913
3584474.7877651895,0.29087772260190237,-0.05169796734757784,2.2158841106804177,0.5771812080536913
3150516.428255508,0.25798756938265544,-0.04999280854235917,2.164479010747901,0.5973154362416108
4029003.6776994457,0.3214159139664492,-0.05849022653764364,2.1536319436280142,0.5838926174496645
1689883.718242223,0.1106350225828947,-0.08662580954296975,1.1127032897905504,0.4563758389261745
3581014.4892952563,0.2906283946917203,-0.05482533462228326,1.9371524316335453,0.5570469798657718
2768636.7278690385,0.2258947782784777,-0.0560670511125545,1.8708271105130474,0.5637583892617449
2193509.655246853,0.1701132847248672,-0.09479107794035153,1.486049708327176,0.5167785234899329
2278207.8113348796,0.17901319978829489,-0.07183243248924766,1.5686779907062145,0.5637583892617449
2028384.550520789,0.15194052998598995,-0.1613237821692867,1.295468990040618,0.5033557046979866
2535547.3270897823,0.20452091186655874,-0.07993153189526721,1.7052364990100706,0.5637583892617449
1934976.1983683077,0.14113000642435058,-0.08955627391023403,1.2917688189457504,0.5100671140939598
3400955.913900321,0.2773802598585082,-0.05354253651071162,1.912570220982234,0.5369127516778524
3560239.8788770735,0.28912743800335794,-0.042811803550305706,2.002816711811227,0.5838926174496645
2209042.9525454,0.17176583735929007,-0.06733171147714907,1.4008905554371145,0.5100671140939598
1871632.2759117996,0.13355893675944053,-0.11232728136270943,1.0617994452328596,0.4563758389261745
3967660.4045686573,0.31736735947750905,-0.059023922708351,2.4364742610913654,0.6174496644295302
2415878.4650196633,0.19293015404559477,-0.09188885692681328,1.6139145030539825,0.5369127516778524
1845776.043842246,0.13040950604483448,-0.11134761451674421,1.3615713758610253,0.5167785234899329
2906304.560519252,0.23785058053037678,-0.10183350762642111,1.9577248971562233,0.5503355704697986
2165208.8328444045,0.1670782030262179,-0.0724413078013218,1.4686847039472342,0.5302013422818792
3565357.9606378376,0.2894978663551713,-0.07789459609299117,2.113834486859754,0.5906040268456376
5038371.123221662,0.38184086171424325,-0.07422759777986115,2.700819281402814,0.6174496644295302
3657521.321661793,0.29609660583784914,-0.05539511439859987,2.120797851206759,0.5503355704697986
2159003.731096885,0.16640850736296264,-0.07628665226065143,1.4316430271377016,0.5167785234899329
2571539.676644563,0.20792131777404688,-0.09918277460846417,1.7809614470667985,0.5570469798657718
3103865.536432132,0.2542398055032302,-0.04718407451483626,1.8545210500562703,0.5369127516778524
1730259.577752932,0.11589222692441226,-0.10462303269580656,1.2054041593169988,0.5436241610738255
3643783.0905558486,0.2951214706810892,-0.10127342896563275,1.9833410355395653,0.5369127516778524
1939528.4179696557,0.14166642572352672,-0.07243736775337407,1.2733351578588001,0.5167785234899329
2170174.821167393,0.16761306016200805,-0.05597980545887917,1.6740076533473534,0.5369127516778524
1792200.7208414194,0.1237697295507334,-0.09217869863352772,1.2609454692874351,0.5100671140939598
2351554.3640389172,0.18650891220140364,-0.05190097333558404,1.5025856646469213,0.4966442953020134
2882876.330178318,0.2358484080461869,-0.09187657477824089,1.897072725134109,0.5570469798657718
4425276.80604251,0.3464433580280444,-0.056565620451942536,2.3565693688944016,0.6308724832214765
2916389.974597128,0.23870850456159398,-0.08400000759075629,2.038396916004539,0.5704697986577181
4730560.930624201,0.3645282398819685,-0.1067549066808169,2.2607902744188944,0.5570469798657718
3012572.3383159777,0.24677331046004602,-0.09517159221084394,1.967735145305244,0.5637583892617449
2642947.3942383653,0.21455644746227143,-0.16456506538104795,1.8609622225549785,0.5570469798657718
3296732.480111051,0.26945333647191294,-0.07658172840429378,1.9321059366966324,0.5503355704697986
2381178.706760536,0.189483434239605,-0.11131334275465078,1.6480605104909543,0.5503355704697986
2904383.2032789593,0.23768686868897593,-0.05739377461780921,1.595207230141549,0.48322147651006714
2018062.407936419,0.1507657259150954,-0.13325384234077095,1.3524257088503944,0.5369127516778524
2354790.3623511186,0.18683528604047317,-0.07055008364957555,1.516599742890618,0.5100671140939598
2925816.378027972,0.23950822606211353,-0.12269489937046917,1.9584670738448964,0.5906040268456376
2663198.3896865565,0.216412022596848,-0.08957354099956959,1.6530123879180905,0.5167785234899329
2962897.0545310373,0.24263422940170432,-0.0735024273249666,1.9589460966569168,0.5503355704697986
3277412.276339963,0.2679619328792111,-0.0834639441653248,1.9663709829290705,0.5302013422818792
2265778.7396501447,0.17772392991354224,-0.10772338556704815,1.525123551175345,0.5033557046979866
2558568.482587158,0.20670026791443963,-0.09200606308338317,1.6094196816998436,0.4899328859060403
3020314.2071357616,0.24741345765330247,-0.06696211701773422,1.9569758816205056,0.5436241610738255
3188252.685470796,0.2609868186626465,-0.10313204046220914,1.8418937788033043,0.5436241610738255
2294181.7588761067,0.18066194268640667,-0.08155512049604033,1.4942119853454092,0.5167785234899329
2964545.323884148,0.24277245494681,-0.07105545572519542,2.1859188288162903,0.5771812080536913
4540020.373523411,0.35335446576469454,-0.04250464971833554,2.4918630854998125,0.6040268456375839
2984211.765664796,0.244416977878803,-0.05446384523492169,1.8768569194732667,0.5369127516778524
3982313.88962612,0.3183389934531331,-0.10642790217546502,2.1981889168197783,0.5570469798657718
1947081.188012745,0.14255420276993802,-0.08964247498857549,1.2225850185907097,0.5033557046979866
1870008.686405804,0.13336220224476958,-0.09697217147719962,1.2828676010110394,0.4966442953020134
2843350.9908222533,0.23244087796894486,-0.05533114626052278,1.9370364677549412,0.5234899328859061
2545450.4179780036,0.20546034516831835,-0.06693381281345977,1.6462455911631853,0.5302013422818792
4075896.7545128795,0.324477652241715,-0.05951041939412209,2.3145901049503275,0.6174496644295302
3090252.2866556277,0.25313767571913925,-0.04122837385232016,2.1826364358255765,0.5906040268456376
1748459.5008551395,0.11822993841199869,-0.08354875638510167,1.149297767884445,0.5033557046979866
2086837.2924326926,0.1585044806663416,-0.05840107448739689,1.4052533222640644,0.5302013422818792
4179756.9466005648,0.33115983635189683,-0.06994992535644388,2.4088018014755814,0.6174496644295302
3732524.4296440287,0.30136922358958773,-0.06271465989677028,1.9795289452687255,0.5503355704697986
3031466.5824484923,0.2483333037542712,-0.058538119918173266,2.0447195538138776,0.5771812080536913
3209873.867573848,0.2626924782363691,-0.075481068251239,2.0145203829119604,0.5838926174496645
3179300.737766369,0.2602779044934036,-0.06314570084092352,1.815152624968396,0.5369127516778524
2929448.2013993817,0.23981579433367495,-0.12779016983305616,1.8584822552181406,0.5838926174496645
3618799.808265714,0.29334060223661673,-0.05970038463653991,2.2209352324362026,0.5838926174496645
1693399.4477414545,0.11109676405101876,-0.07829001147870689,1.0239910331793811,0.5234899328859061
2256326.0867821467,0.1767396113928814,-0.08251781190623822,1.5857055058434375,0.5100671140939598
2707177.801312363,0.22040325144878725,-0.05658151381009252,1.6305153107329933,0.4966442953020134
2672882.8494070065,0.21729541118860984,-0.09731392404656573,1.7650162260673834,0.5503355704697986
3674217.193378605,0.29727773680972436,-0.07011486915525156,2.2022691578171174,0.5973154362416108
2471479.2440287815,0.19837128349193245,-0.08492843267870816,1.6020557677346168,0.5234899328859061
3046172.777048899,0.24954213859938434,-0.057965342259714205,2.0112000566185735,0.5704697986577181
4122155.043407689,0.32747045674379804,-0.07162897995641347,2.1936283273137906,0.6040268456375839
1821448.2223185655,0.12741385084530377,-0.08589909697830135,1.3692305826720217,0.5167785234899329
2350740.248395677,0.186426746185973,-0.08013542126174189,1.722122313379956,0.5033557046979866
2268712.479615152,0.17802875647049277,-0.06717254707857605,1.3724791622925558,0.47651006711409394
4005606.0881156432,0.3198775674789893,-0.05450345203809804,2.2745286793738413,0.5906040268456376
1917988.6932157204,0.13911929577344995,-0.09150293651557334,1.1608545933478347,0.46308724832214765
4215303.5795322815,0.3334163359741429,-0.06852349256842252,2.484379858565336,0.6174496644295302
5732085.34842659,0.417955265392542,-0.0631670314316818,2.520611737244603,0.5838926174496645
2872287.3308616825,0.23493920030928517,-0.06150160753336933,2.0851970725264453,0.5973154362416108
2535248.3067329465,0.20449250038627165,-0.0745187245758801,1.6236465605365715,0.5503355704697986
2126619.185198873,0.16288815130623102,-0.05666780385035053,1.5735306929605102,0.5167785234899329
2885688.5840228028,0.23608942872695926,-0.06517522372112232,1.9796584719595791,0.5369127516778524
3858308.513914656,0.31002441667289093,-0.04646497558016992,2.3924090403511853,0.5906040268456376
2021877.0326802172,0.15120044231315322,-0.10000103252723658,1.2709076921168394,0.4966442953020134
2003389.0064271684,0.14908738601139726,-0.0696653274322405,1.3124847941779005,0.5369127516778524
3923743.5959495855,0.31443805462410435,-0.06274264391992651,2.156692458262308,0.5704697986577181
2150451.735159531,0.16548299127814414,-0.10312868902492439,1.3086822701253533,0.4899328859060403
2326457.6939674513,0.18396545740263792,-0.08070349554226633,1.5881085766342586,0.5369127516778524
2219568.825697083,0.17288038496794278,-0.07531615272155844,1.4330441021933122,0.5302013422818792
2073075.4954342858,0.15697246608252646,-0.08845387172314596,1.3883015737788875,0.5100671140939598
2883355.7556826193,0.23588950990205348,-0.07300371260203964,1.8556319327321364,0.5503355704697986
3093445.1009682384,0.25339651435299126,-0.08710937809138447,1.919595374237136,0.5637583892617449
2065836.985511836,0.156163380447486,-0.10925631543630257,1.3587115061363089,0.5302013422818792
4109226.375849766,0.32663671828193497,-0.05325278999272103,2.216429870416616,0.5771812080536913
3423852.784366995,0.2790956341882431,-0.07298507980500085,2.1446400434099417,0.6040268456375839
2865185.5252241893,0.23432791153692922,-0.06605710009939009,1.792182239598219,0.5436241610738255
2366713.095755094,0.18803469210454615,-0.11620539365447527,1.8149873561740937,0.5704697986577181
3668001.345740141,0.2968385062165362,-0.0668899377299765,2.0817490173548063,0.5704697986577181
3403105.821374534,0.27754171771250236,-0.08388709504466378,2.2217919623266376,0.610738255033557
3039611.825520274,0.24900341291574857,-0.06761270054528988,1.8733957933317609,0.5704697986577181
2619155.096621818,0.21236179849653847,-0.0705884350658907,1.7620345247279205,0.5906040268456376
3658626.912708963,0.2961749528629849,-0.09133514171777678,2.0016591551895715,0.5637583892617449
2564141.5323951,0.20722549513073285,-0.09507644509703349,1.6410041831919464,0.5302013422818792
2741614.111020558,0.22349237004875766,-0.1457570761437747,1.7688525118831993,0.5436241610738255
2723548.0944923777,0.22187564901210322,-0.08693341970163702,1.7880988620413378,0.5771812080536913
3343178.1963425768,0.27301026359400504,-0.06569216144878838,2.248658862509928,0.5503355704697986
2829955.493752957,0.2312774368457653,-0.06393474816223274,1.880853981409198,0.5906040268456376
3072003.4951778008,0.2516541426272636,-0.07340855504134387,1.6323496784133062,0.4966442953020134
2639551.648174243,0.21424418649572163,-0.1188652524016842,1.5943719611850515,0.5033557046979866
3242484.1915382845,0.2652477494368819,-0.06383367597003446,1.893572335559765,0.5234899328859061
2828026.0457679913,0.2311094954112356,-0.10207527461896324,1.9165901349120051,0.5771812080536913
2819632.4604717917,0.23037783932826894,-0.0953119397750293,1.9381187106296616,0.5570469798657718
1937446.5008346634,0.14142122425396186,-0.10421284756471817,1.2941523637771524,0.48322147651006714
3738439.7203951688,0.3017814433739132,-0.051396734200629624,2.117346755965041,0.5436241610738255
1690501.1167469248,0.1107161647594852,-0.11736002561552601,1.1564793831205977,0.5234899328859061
3911016.57457982,0.31358424612207814,-0.10673016567343088,1.9936590874034688,0.5369127516778524
3073783.7613050924,0.25179917899391313,-0.07719805736760975,1.9267784951865563,0.5302013422818792
4037336.870344634,0.321962079490836,-0.04276156962284807,2.3640289127076293,0.5973154362416108
2587727.295142289,0.20943825489014167,-0.12472822740105308,1.5427447986997924,0.5302013422818792
3133262.9238107353,0.25660669123628477,-0.1013488453761058,1.83836081425203,0.5302013422818792
3670697.8258374482,0.29702912072653964,-0.053792690379105404,2.1083594148833376,0.5369127516778524
2761868.2583198524,0.22529480377203792,-0.08641552945594572,1.8529747295281256,0.5637583892617449
3182372.544589312,0.26052134387057513,-0.1037953425884192,1.873840128504515,0.5704697986577181
3198829.9182151766,0.2618223914979796,-0.0732911823825834,2.0031667872552976,0.5973154362416108
1818016.9711534586,0.12698876510376778,-0.15966481166102442,1.1953713762678964,0.47651006711409394
3240297.4463652764,0.2650770456852396,-0.08171625801569497,2.0834488408571215,0.5906040268456376
3066064.5555979367,0.2511698167904053,-0.07512836320742405,1.8910749956416923,0.5637583892617449
2899917.733472528,0.23730604735143968,-0.08252480211765312,1.8247872802074374,0.5302013422818792
3711980.7344504814,0.29993352034999243,-0.08126101015819889,2.243477981089908,0.5771812080536913
2795933.0900087,0.2283025538001493,-0.05579751464515357,1.9319283086179628,0.5906040268456376
3558125.66671577,0.2889742945842664,-0.07587144504084425,2.1404871222857276,0.5771812080536913
2532296.0067047435,0.20421184300141482,-0.08450012726437783,1.73369113004792,0.5704697986577181
2185095.6110803327,0.16921422088998672,-0.07114643256997669,1.3890804109849937,0.4899328859060403
3639194.238442342,0.2947951001569791,-0.0686318675846476,2.2649665235802834,0.5906040268456376
3014921.9219821393,0.24696772801545186,-0.05041724616902735,2.1141799118250906,0.5906040268456376
2279968.3180275606,0.17919536221627075,-0.0722545011637017,1.5668471712591432,0.5369127516778524
2308992.7737676552,0.1821824689865903,-0.06979896885067888,1.5969854875951919,0.5771812080536913
3473004.5079808612,0.28274718246045816,-0.08912711642573358,2.3915049809072024,0.6241610738255033
2989773.5571166747,0.24488048612157565,-0.06980254617210072,1.7455563057206909,0.5167785234899329
2453931.1737017636,0.19666468741962362,-0.09518821849468846,1.6366949516211635,0.4966442953020134
1968300.8525955644,0.14503377208277657,-0.08394036675561152,1.2947882622807165,0.4966442953020134
2951631.948339188,0.24168787560743898,-0.08799557460641104,1.7637272070494039,0.5302013422818792
4621510.554800893,0.3581783078394096,-0.09126114197036905,2.4164709953972916,0.5906040268456376
2009745.9019597154,0.14981568938305823,-0.06672147671445941,1.3545275646998958,0.48322147651006714
3228601.0507681402,0.26416242269823575,-0.07000396468030014,1.941336200409241,0.5503355704697986
3321863.8010464082,0.27138289563184936,-0.043297183653883714,2.093405449555742,0.5771812080536913
3038535.902734802,0.24891497915397176,-0.054468326175314496,1.9659900627836016,0.5637583892617449
2438813.185864658,0.19518657672603368,-0.13832841634724558,1.5129260039542058,0.4966442953020134
2115984.245217881,0.16172272789135356,-0.11818866150807901,1.3744711978677797,0.48322147651006714
2902208.9456827203,0.23750150359964395,-0.06645370226289633,1.8848005024298138,0.5704697986577181
2598700.88491693,0.21046227499916692,-0.038681986868424986,1.8818206564126838,0.5637583892617449
2571556.1151344436,0.20792286209022182,-0.06517670374738713,1.6778478338966445,0.5100671140939598
3228551.6330483467,0.2641585527616357,-0.08294808283239163,1.9751503657415548,0.5570469798657718
3029691.017539843,0.24818703684208177,-0.06894701011892962,1.9768313230988506,0.5838926174496645
2817554.782661814,0.23019646231778257,-0.060102916446118634,1.9237769734690504,0.5570469798657718
2953009.793667015,0.24180377992757962,-0.05580451130217099,1.8522368378896288,0.5100671140939598
2787281.155293526,0.22754142169449465,-0.07292216356493118,1.9623965037088325,0.610738255033557
2260345.687877235,0.17715858069686052,-0.06155538857741308,1.5201431315305995,0.5100671140939598
1636264.5361201388,0.1034958482944659,-0.11709541670712664,0.9478323294703979,0.46308724832214765
2204014.163583107,0.17123185624252146,-0.06241438078998556,1.4260493874347808,0.5033557046979866
4466197.081703498,0.34892429507666844,-0.0670036472012744,2.420360599112256,0.5906040268456376
2893919.695095507,0.23679378752259672,-0.0624962642374488,2.010420483934123,0.5302013422818792
1825531.2910084992,0.12791885406853565,-0.1878601850831847,1.1325731165599353,0.4899328859060403
2284754.1150936843,0.17968998815357318,-0.059646227448001674,1.544575809743567,0.5033557046979866
2280113.060839765,0.17921033397859398,-0.10843548085730519,1.5754715442835676,0.4966442953020134
2753665.171053689,0.22456608234840658,-0.08652207670811848,1.7476603039226852,0.5704697986577181
3201516.937231807,0.2620343066169173,-0.057413268693639455,2.116955462968752,0.5771812080536913
2378797.7233835342,0.18924546186740443,-0.06816378057831529,1.6461665473589886,0.5167785234899329
1909781.4802504443,0.13814274800702586,-0.13795742830407184,1.1147655604688962,0.48322147651006714
3244483.1430781246,0.26540371291041986,-0.06989450373185362,2.048509864463792,0.5302013422818792
3499857.3578787055,0.28472468510425997,-0.05744295394606311,2.2201638778081914,0.5838926174496645
3999050.1147823273,0.31944523576625294,-0.05142139750000005,2.31701203991079,0.5973154362416108
2654035.8766779974,0.2155738754517602,-0.04695552428732803,1.7765686174378186,0.5570469798657718
3150507.2160093724,0.2579868336997957,-0.10302932144425199,1.9737253354726523,0.5973154362416108
2906221.0252482444,0.23784346459531713,-0.10822217457810497,1.7304256073185602,0.5033557046979866
3007276.851750788,0.24633468740619202,-0.0533160159469595,1.945539290844531,0.5771812080536913
3801359.6176968007,0.30613417033825496,-0.059853294300693013,2.5230851140229724,0.6375838926174496
4196366.249262779,0.33221609762258963,-0.040514866328380056,2.3457104636059807,0.6040268456375839
3097088.8966955296,0.25369165264532945,-0.09501488400374539,1.9965953340108347,0.5704697986577181
3553653.2283784985,0.28865009250327045,-0.07310328472686178,2.227965316310726,0.6040268456375839
3299096.8376406967,0.26963537010133143,-0.04681303133125008,2.05266958577456,0.5906040268456376
3059283.2619242463,0.25061587762933857,-0.056816034385891036,2.0648008143615217,0.5838926174496645
2954261.9907531976,0.24190907720052812,-0.05937291664148373,2.1173195059910688,0.5906040268456376
3207424.0240107356,0.262499676651051,-0.06700233894769743,1.9437991937571022,0.5570469798657718
2978948.6979661053,0.24397772781529614,-0.06709974142339913,1.9595650590500526,0.5503355704697986
2506703.242144056,0.20176785850023382,-0.10052522449020178,1.9032631356408318,0.5436241610738255
2554513.4032597737,0.20631752495211808,-0.1078955074014897,1.645943589348519,0.5234899328859061
2534921.2577411346,0.2044614226898398,-0.0720085436606533,1.6739734845004917,0.5100671140939598
3373684.2013998623,0.2753250361195132,-0.03996327053714819,2.4255210666121245,0.6241610738255033
1153268.312494923,0.028930573263870718,-0.13481857535446645,0.34842905375401867,0.4563758389261745
3222380.092770466,0.2636748821512016,-0.052311189048574847,2.0508039059700187,0.5503355704697986
2202691.6786232363,0.171091266545762,-0.09209321542144155,1.57023753253026,0.5302013422818792
2664478.5703519834,0.2165289442520757,-0.07725267342444947,1.6383545232616583,0.5302013422818792
4949439.069915506,0.3769278890090406,-0.06055879712983003,2.5518241731232547,0.5906040268456376
2586245.9615064333,0.20929975560197311,-0.07179849279454285,1.6688069848254365,0.4966442953020134
2977976.3165721945,0.24389650595569456,-0.062307132804369406,2.2165935794817324,0.5973154362416108
2103627.059543686,0.16036267279982686,-0.12032784546827302,1.3898393149612456,0.5234899328859061
3771000.6538498015,0.30404122638813913,-0.07346469510414372,2.111863739605643,0.5771812080536913
3411208.601671866,0.2781495033988204,-0.06668883634158054,2.2752351272348514,0.5838926174496645
1615916.07966417,0.10073749545876876,-0.1643351468388091,1.026829311328932,0.48322147651006714
2058248.3956571338,0.15531272574407273,-0.08144547280689587,1.4044967502436876,0.5302013422818792
2374734.433675154,0.18883890742815912,-0.1268592959178787,1.575658532766135,0.5234899328859061
3855013.0253353054,0.30980055452134336,-0.05088632791689088,2.4072356958324503,0.6174496644295302
2492786.301957479,0.20043046863123015,-0.06484890147243864,1.6325979390305327,0.5436241610738255
2521638.844605587,0.20319654784146213,-0.09951471700001445,1.7552228370328493,0.5637583892617449
2289204.906094953,0.18014924694298462,-0.08168467621957141,1.4091309881986371,0.5100671140939598
2850642.9048853596,0.23307236161395473,-0.09601710771230046,1.8681285504927074,0.5906040268456376
2109905.0845264667,0.161054440394667,-0.08611705408782448,1.4168530619481694,0.5100671140939598
1769075.824649693,0.12085462846362804,-0.09253224555350945,1.0106592159180428,0.44966442953020136
1773046.4403282246,0.12135731949623918,-0.1455062173300523,1.2558844040839008,0.5234899328859061
2178320.7880668454,0.16848829736639592,-0.1132274675536662,1.5228736656117585,0.5369127516778524
3298094.0646787165,0.2695581786211265,-0.05999799922404981,1.875398636925326,0.5637583892617449
2067250.9314052768,0.15632160252422378,-0.07712145900590471,1.324485318352347,0.5167785234899329
3614527.226456536,0.2930350581134533,-0.08191855282752775,2.413677968803047,0.610738255033557
2153347.9606082975,0.1657967564711995,-0.07825095354242272,1.325913585769545,0.4966442953020134
2434936.097823284,0.19480632676887755,-0.07282563949827484,1.8107395261747063,0.5637583892617449
2317092.829944774,0.18301073799339007,-0.10791196339553721,1.4561497315938934,0.5100671140939598
3353289.7395180995,0.27377938524227896,-0.08245888996345957,1.8204149483615062,0.5436241610738255
3410252.9956442188,0.2780778839583269,-0.060706652988936134,1.947859946974594,0.5570469798657718
2367342.4286030266,0.18809786746324408,-0.09841083134311708,1.7585940657637944,0.5302013422818792
3698762.234218555,0.2990063765332134,-0.062469357349241764,2.15733375149116,0.5973154362416108
2209472.482185596,0.17181140179857857,-0.08146257648998638,1.4403054167211362,0.4966442953020134
1403757.7660565095,0.07018395245938724,-0.15940126809910066,0.7260406460836333,0.4429530201342282
2450764.617473505,0.1963556923291554,-0.06197984404071673,1.6375910168876644,0.5234899328859061
3963009.607532466,0.31705837724175745,-0.061038575680704074,2.1605943725666252,0.5503355704697986
2670741.509505404,0.21710030507331202,-0.06203310576565014,1.7531586706198965,0.5369127516778524
3649615.511195489,0.29553581266146645,-0.09107009250872371,2.056887735435294,0.5838926174496645
1321906.5247598758,0.057402052920868085,-0.08164519891039981,0.6927287623869766,0.47651006711409394
3168260.7879988095,0.25940143688696904,-0.10506287521676363,1.8919190523900333,0.5973154362416108
2633371.969669864,0.21367509927570816,-0.07117713619134869,1.7961750899730513,0.5973154362416108
3242049.9573511737,0.26521385917072005,-0.052697220735608515,1.991471848293323,0.5369127516778524
1670778.140998858,0.1081122525066529,-0.10168806352500027,1.088231798869045,0.5167785234899329
2934236.178661548,0.24022080799488688,-0.15860391930229603,1.8807216277414955,0.5167785234899329
2083935.7933684872,0.15818214881130133,-0.1586976680406339,1.3991703734116974,0.4899328859060403
3071714.5162888253,0.2516305934851646,-0.05814200433346298,2.0051988524750026,0.5704697986577181
2673197.461626982,0.21732406624034417,-0.11692241151262182,1.7840618173334548,0.5369127516778524
2570372.581534609,0.2078116546742499,-0.0868901655118795,1.665844682429556,0.5167785234899329
3053728.8208034155,0.25016142330285907,-0.09235539272084081,1.9787165149063424,0.5503355704697986
2781707.561652416,0.22705009729926684,-0.09480677084570222,1.706453420823658,0.5436241610738255
2061995.16520896,0.1557330386729756,-0.08009666619541644,1.4256390327876358,0.5234899328859061
3369979.790609146,0.2750448436714177,-0.10238478493687804,1.9839533029327878,0.5503355704697986
2785439.727334076,0.22737918282796765,-0.09372271802369166,1.8586275578697908,0.5369127516778524
2303775.2992899967,0.18164772591842304,-0.09112485313371785,1.5764324663721758,0.5436241610738255
4457875.812075051,0.34842126588347466,-0.08723643187894499,2.399187011751218,0.5906040268456376
3343535.613677617,0.273037481794955,-0.05775257219170606,2.119908771266158,0.5704697986577181
3282564.338616105,0.2683603273730768,-0.05589065353646255,2.154773180721583,0.5838926174496645
2524859.332955719,0.20350372128793404,-0.11833834468970367,1.5776853962068773,0.5302013422818792
2778688.665949842,0.2267836461854047,-0.09457596464383335,1.7610980454634588,0.5570469798657718
2527036.0213813735,0.20371115856486854,-0.08240354626592077,1.7876981190884202,0.5771812080536913
2571781.640880726,0.20794404833985491,-0.06817795189959554,1.7715860395459686,0.5302013422818792
4174787.359773788,0.3308431450767755,-0.06780312438755308,2.2718829279097075,0.5436241610738255
2899581.7588413516,0.23727737600643928,-0.04922578170637867,2.1188804885053547,0.6040268456375839
3118462.960636273,0.2554173259215353,-0.05827995253915008,2.172531209540313,0.5838926174496645
2360527.623544401,0.18741304937825265,-0.06577651314034645,1.6266928828235585,0.5369127516778524
2879168.3147647926,0.23553032957818298,-0.055304597184245914,2.0545502976890604,0.5906040268456376
3066527.60386334,0.25120760575457823,-0.0816362863408435,1.6638700658956609,0.48322147651006714
3172150.1751443096,0.25971049580462724,-0.06503876760865689,2.131030426738821,0.5838926174496645
1911144.947600448,0.13830521450073885,-0.09558330299465496,1.4032862451503838,0.4966442953020134
2649674.9646084625,0.21517414473529572,-0.08559148440232796,1.6899590416394978,0.5503355704697986
2416506.712477989,0.19299219171860882,-0.08617376321519706,1.6047985686470234,0.5033557046979866
4036568.016455468,0.3219117258467914,-0.06734302643960402,2.3504916246594543,0.5838926174496645
2056580.2047411788,0.1551253909870165,-0.07967911717141735,1.4485814117668847,0.5234899328859061
3560807.6618758817,0.28916855309560363,-0.0642422873249769,2.2202097839010766,0.5973154362416108
3726718.299203172,0.3009641023133547,-0.04290963485936449,2.464211091185816,0.6040268456375839
3283740.1421802854,0.2684511788421182,-0.051749572163698986,2.2433288739533523,0.6040268456375839
4672029.474220298,0.36113472820747483,-0.05784132014594663,2.3756716095055146,0.5838926174496645
3604327.9628784736,0.292304510793852,-0.05711401319505494,2.435494047435338,0.6308724832214765
3501364.948870354,0.28483534708426217,-0.05792989273046221,2.272831418001509,0.5704697986577181
3195039.6225783285,0.2615232228369122,-0.04441420823256599,2.0811216349385435,0.5838926174496645
2279690.232452555,0.17916659574462934,-0.0762723405496194,1.5918552257211938,0.5100671140939598
3122106.7542701317,0.2557105694315074,-0.05290358501083539,2.154190560194599,0.610738255033557
2169138.3732843013,0.16750151142190894,-0.10298010297120651,1.5534241768454173,0.5302013422818792
2934592.5381579613,0.24025093120016483,-0.06315297111407893,1.977238146515031,0.5771812080536913
3499532.36992367,0.2847008249571563,-0.06261139488654255,2.2848780734421084,0.6040268456375839
4503844.078907664,0.3511907684496802,-0.05266434215163522,2.410946776348433,0.6040268456375839
1859690.2143602113,0.13210868254405495,-0.08876704325500676,1.1662218155557413,0.5100671140939598
4953016.948043274,0.37712690373426416,-0.05396289956949391,2.6278684239117447,0.5973154362416108
2180957.5499766828,0.1687710412813821,-0.07485642297288486,1.484399879074896,0.5369127516778524
3676428.810870558,0.29743387301178803,-0.07496830609018904,2.0984029173716316,0.5906040268456376
3127157.140644424,0.25611655965281677,-0.09592832125862477,1.9332347848403146,0.5637583892617449
3451698.38270549,0.28116943118602356,-0.07215700112061713,2.1378408667729345,0.5771812080536913
2437574.3885976463,0.19506513283744953,-0.11769520288073307,1.5376830520709435,0.47651006711409394
3115911.1465551145,0.25521179898372814,-0.047260968853633165,2.14049222393648,0.5906040268456376
3063159.992785062,0.2509326737615294,-0.07206306177544221,1.9517978259480042,0.5436241610738255
1916530.2799120825,0.13894600880192498,-0.08448609133084554,1.281142088060302,0.4966442953020134
1606548.3333257844,0.09945829239361337,-0.15396479630919746,0.9568471912359254,0.4966442953020134
1916526.975321777,0.13894561603458144,-0.06311437412846037,1.2336872394023446,0.5100671140939598
5229588.792933744,0.3921739665337509,-0.06401223967119661,2.485693505650261,0.6174496644295302
4291924.547300776,0.3382289343205205,-0.05073308675170969,2.21383744246816,0.5637583892617449
2838104.5681925416,0.23198573308801507,-0.0594566668056772,1.9673923919003489,0.5838926174496645
3234121.576140348,0.2645944409200065,-0.0473546536400415,2.165645929321399,0.5838926174496645
1932065.726882495,0.14078651626807304,-0.06692189694557826,1.2995944050553088,0.4966442953020134
3150632.793269907,0.25799686205465333,-0.06583859257380355,1.879419144216154,0.5838926174496645
2542904.623238533,0.20521912396606523,-0.06246523249124261,1.8361398134473017,0.5369127516778524
2339281.4874718925,0.18526782903952999,-0.10294712830086025,1.5499104868145313,0.5100671140939598
4043895.6369410395,0.3223913135301584,-0.06662568380860995,2.387993911767661,0.5973154362416108
2001569.7937137813,0.1488786203557011,-0.08281016527107607,1.27032756706838,0.5100671140939598
2560247.9873444205,0.20685864764319395,-0.10829967969851785,1.62281141102833,0.5033557046979866
2547225.400005754,0.20562841553198852,-0.0874487725269857,1.5453724399690643,0.5100671140939598
1547863.0426977838,0.0913059076287508,-0.15094318652063243,0.8984884657651421,0.5033557046979866
1937060.0326327046,0.14137568408456014,-0.09727665771891486,1.2075825756621388,0.5033557046979866
2570296.583442325,0.20780451232703778,-0.07784173488528583,1.6347281562663933,0.5033557046979866
3974668.3135903627,0.31783239298028576,-0.08874758308257007,2.088089082238657,0.5838926174496645
2883977.548768421,0.23594280899783104,-0.09902699113490161,2.047587233471393,0.5906040268456376
2324284.084058201,0.18374413884117002,-0.0991106093916475,1.5087161368965525,0.5167785234899329
2996805.972130695,0.24546556662102192,-0.061370999467824934,1.9296861700788523,0.5704697986577181
3244082.4707043073,0.26537245755577255,-0.08118980178096169,2.0980561401644846,0.5906040268456376
3168744.4044824606,0.2594398825926951,-0.06659612889855827,1.9499528842767293,0.5704697986577181
2047820.6198610316,0.1541397059150753,-0.09333389134844021,1.2215995260917438,0.4563758389261745
3111824.702695112,0.25488239000916124,-0.08252133869868142,1.7983432802157302,0.5234899328859061
4032412.015129674,0.3216394088275356,-0.059379115216768384,2.3513675064200585,0.6174496644295302
4578899.451653214,0.3556644931462134,-0.12447998295233532,2.5506774881202663,0.6442953020134228
2963943.806705159,0.24272201823027428,-0.06050208240611103,1.775074017238477,0.5637583892617449
5378965.689736852,0.400037778559605,-0.04490727726508981,2.4313638616389968,0.6241610738255033
2113682.7329969173,0.1614699015216945,-0.10499043654018078,1.4452300225424872,0.5234899328859061
2551623.352988886,0.20604444773463815,-0.08295133855012927,1.5241525753177132,0.4966442953020134
2535466.1428176966,0.20451319839145787,-0.10038267995712424,1.5475198906903094,0.5167785234899329
3303622.840191121,0.2699835394603507,-0.052910157484113964,2.0632328819679855,0.5838926174496645
5537920.61800755,0.40821622962029536,-0.04479587689599994,2.7220854075877567,0.6241610738255033
3886259.1844993164,0.31191697745914815,-0.07490102867149691,2.3058453020027283,0.5637583892617449
2707412.793874804,0.22042443777279197,-0.061703073460701516,1.9090346748679012,0.5704697986577181
3505703.587057744,0.2851536043844951,-0.05983073150511993,2.2277275259737577,0.5704697986577181
2923827.2916619503,0.23933964681290698,-0.08301031080555074,1.8286871132666398,0.5503355704697986
6566934.728998862,0.45704357423332076,-0.07319132500405165,2.7521804882272183,0.6308724832214765
3686460.4847649364,0.2981411490989814,-0.050390896147117455,2.1288222783345616,0.5503355704697986
3103962.369252362,0.25424763123283234,-0.0957003641767164,1.8536790147418696,0.5302013422818792
3252934.54002609,0.2660622648602873,-0.04247041417572038,1.946276167809201,0.5234899328859061
3056922.949986736,0.2504228418936989,-0.0720053564869406,1.98788637271331,0.5838926174496645
4448583.308218405,0.3478586360038278,-0.043683324296314024,2.7606189556047647,0.697986577181208
3878793.072506601,0.3114125100867773,-0.05435050820910455,2.4090921092843796,0.6241610738255033
2336073.585051548,0.18494257439181294,-0.08508248108799518,1.4760444484661328,0.5302013422818792
3117566.602553326,0.2553451472306152,-0.07207502747317798,2.2038237307536557,0.5973154362416108
2971251.3402579506,0.24333419516991328,-0.048871890565288484,2.2708066318587075,0.6040268456375839
2798712.7296504853,0.2285466856468985,-0.0654892024478223,1.8297429231851836,0.5302013422818792
2266663.5339132654,0.1778158965851362,-0.09139009689343114,1.552229895709159,0.5302013422818792
2481462.071814428,0.1993378181884553,-0.07539036578827957,1.7412533878600231,0.5033557046979866
3674142.459245812,0.2972724594017566,-0.062490531091563904,2.1950440446249226,0.5704697986577181
3904171.4140583584,0.31312411017187314,-0.059024006543456714,2.2472777270755433,0.5771812080536913
3105545.142234168,0.25437551838065997,-0.0993429943661779,2.1101102714695914,0.6040268456375839
2892122.6510518943,0.23664014641216102,-0.056936247377236224,1.8728970029741892,0.5100671140939598
1850659.986364934,0.13100708894627822,-0.07435108722091963,1.2803252846896191,0.5302013422818792
1987916.279198474,0.14730693319008514,-0.14575559128153362,1.3531437994556,0.5167785234899329
2306534.6656596,0.18193065611168602,-0.07393966325907511,1.6036769578721182,0.5369127516778524
2962124.050024612,0.2425693832663558,-0.06382180294761818,1.8604421700419096,0.5570469798657718
2967561.313483792,0.2430252198080074,-0.08383901287637116,1.9820538940610304,0.5570469798657718
1825899.7064197566,0.12796437606532374,-0.07462294671468435,1.1987783064636963,0.4899328859060403
3924570.765037805,0.3144934696036681,-0.06311274683403703,2.1847654941516548,0.5637583892617449
2816449.38185065,0.23009991948358377,-0.0795516672561156,1.9926927025381544,0.5906040268456376
2306407.040837477,0.18191757614105386,-0.09542397105975092,1.5120294496881308,0.5369127516778524
4550788.991585463,0.3539958703668582,-0.07699028369762208,2.382315207367955,0.610738255033557
2189111.880985226,0.16964371525173738,-0.0792376674898192,1.4962802311800287,0.5234899328859061
3231096.751411134,0.2643578011832124,-0.06439509558604672,1.9353578490172536,0.5570469798657718
3335251.0848408355,0.27240599553179967,-0.06675558851677198,1.997909789553819,0.5704697986577181
2338942.9881744017,0.18523352486928246,-0.051009705491999215,1.7037161644104821,0.5570469798657718
2937756.6142956866,0.2405182635108849,-0.158745540172066,1.6691413784263536,0.5234899328859061
3991620.5304488833,0.31895460812212795,-0.06351328600151408,2.460028377504517,0.6174496644295302
2943668.5935242604,0.24101714907141925,-0.09597473186366894,1.80982269351816,0.5234899328859061
5642631.8780450355,0.4135017275668851,-0.049970247185504434,3.0033629456861446,0.6577181208053692
3646919.2427206677,0.2953443324863352,-0.06110499343067435,2.1994549857430092,0.5570469798657718
2914297.033866913,0.23853066222648311,-0.047145446518747816,1.8881111207536498,0.5570469798657718
3083957.5673666527,0.25262674106588845,-0.07495738477833243,2.0273784144931772,0.5771812080536913
3764013.509109587,0.3035576260862445,-0.04110726699999998,2.407711218177392,0.6241610738255033
1775906.247626556,0.12171882146121682,-0.12304716769687869,1.1709724770201928,0.4899328859060403
3712447.3215293437,0.2999661984123967,-0.07059673073936823,2.3328916019633295,0.5973154362416108
2094854.5535551282,0.15939326989635805,-0.08755950851637999,1.3958394447285978,0.48322147651006714
3783075.1582175177,0.3048752502960559,-0.049134003750138364,2.134943265386771,0.5771812080536913
2304827.205025447,0.18175561448412458,-0.09648512755264688,1.5773373640632886,0.5100671140939598
2818512.270517864,0.23028006233147913,-0.10122621067903037,1.7102497219099044,0.5234899328859061
1720490.3528912768,0.11462928278112994,-0.14935732684759684,1.0832196496213844,0.4899328859060403
3381373.606863628,0.27590585888889674,-0.06194628356637289,2.1317033004609987,0.6040268456375839
1898353.208883919,0.13677732997236536,-0.08774447013008373,1.3681285620008932,0.5369127516778524
2461597.4823136344,0.19741145311275243,-0.06879622254368419,1.7094546242105253,0.5436241610738255
2851047.4846305274,0.23310736058082204,-0.10999405974190685,1.7646400280746517,0.5369127516778524
4130528.396080215,0.3280093184646069,-0.07724000141815611,2.3153041197959667,0.6174496644295302
3581800.3445151593,0.29068503551486624,-0.05999356262150142,2.2737898225503277,0.5973154362416108
2974603.2738263975,0.2436145951635944,-0.0533454749444976,1.8721448539074168,0.5302013422818792
2308593.9192754095,0.18214162421850522,-0.06067861977608591,1.5845805399746422,0.4966442953020134
3504935.033181487,0.2850972507091103,-0.08170190070236827,2.1889009611142605,0.6040268456375839
2136454.7154268916,0.16396182925954284,-0.12006381127339531,1.3718036978651693,0.5369127516778524
3790955.924944893,0.30541845173414117,-0.05301712133131824,2.229624042221488,0.5906040268456376
3484473.1981944502,0.28359325312782535,-0.07159579900202942,2.115876760817045,0.5771812080536913
2049598.181035691,0.15434000099576006,-0.07758382468713594,1.403735997772383,0.5234899328859061
3344495.565080359,0.2731105729139254,-0.09359165155586331,1.995112757282422,0.5704697986577181
3330828.7685934682,0.2720683916549902,-0.06128818732431329,2.0729038304727663,0.5906040268456376
3630177.403374217,0.2941528402967737,-0.12165117124771628,1.843682800235135,0.5033557046979866
3073506.937432459,0.2517766308638334,-0.09595373430150955,1.860771456981632,0.5369127516778524
2615499.3972311276,0.21202317732975295,-0.13010215309897707,1.575870764064471,0.4899328859060403
3527322.7041579788,0.2867347764688213,-0.06178884738100811,2.3771343853880067,0.6174496644295302
3012603.451723282,0.24677588574795406,-0.06225990821716814,2.006057430154534,0.5704697986577181
2687152.2797310706,0.2185923732050743,-0.05531075760713095,1.917426391247205,0.5637583892617449
2265922.225111863,0.17773884593146527,-0.09846005201265222,1.5119316227356623,0.5771812080536913
4725002.79497416,0.3642074407168847,-0.05464611895284595,2.362066294619414,0.5570469798657718
2834633.696253869,0.23168425314492147,-0.056360964958652573,1.9556218305993365,0.5302013422818792
4022824.1975403507,0.321010321004912,-0.06014573678683875,2.2778977984752538,0.5838926174496645
2340761.683056071,0.1854177882756607,-0.09198331493448031,1.4150190143538066,0.4966442953020134
3087061.3894716557,0.2528787786661708,-0.055091507511603396,2.0236679392106725,0.5436241610738255
3553576.2247953773,0.28864450774143613,-0.1353885606445554,1.9828176594877494,0.5503355704697986
2002114.2424250836,0.14894111504758256,-0.06904209714265418,1.3283876356784212,0.5167785234899329
4199076.6833029585,0.33238814892118906,-0.048800821582116155,2.3210416372744183,0.5838926174496645
2561136.3508274863,0.20694238799832076,-0.07173634930080895,1.531655890375631,0.48322147651006714
3231212.888120661,0.26436689012451553,-0.05374298208971079,2.1206176477549414,0.5771812080536913
3180952.3261506646,0.26040881554223305,-0.09329465781606522,1.8557630641323286,0.5570469798657718
2763667.9242964773,0.22545444548082672,-0.0862229715909284,1.6964261007515955,0.5100671140939598
3177295.3804616397,0.2601188792488214,-0.08982613902260939,1.9876920884463274,0.5704697986577181
3341281.1793086235,0.2728657621454893,-0.08781296583090827,2.2038382262858796,0.5637583892617449
4026618.316962303,0.32125940875463854,-0.09487039954439183,2.1199554356563315,0.5838926174496645
3073216.5393609405,0.2517529753285588,-0.04825457222289316,2.17083973325957,0.5973154362416108
2470590.9713495667,0.1982851299432069,-0.09379946485680682,1.5049418182623657,0.4966442953020134
2594789.424503715,0.21009766755609527,-0.06524910956534807,1.6135270834397086,0.5167785234899329
3330914.3251510113,0.2720749265255533,-0.08343129241626267,2.0196658837433166,0.5503355704697986
2458421.1907748,0.1971022805168141,-0.05247761175684071,1.632008425910914,0.5503355704697986
2510433.891248516,0.202125356548154,-0.07391395577317446,1.6480427713712422,0.5436241610738255
3293899.70266593,0.2692351012686023,-0.08791043087256249,2.0144532321471766,0.5637583892617449
3346591.0090562953,0.27327006264915954,-0.06516833041034174,1.9295664413548241,0.5637583892617449
3036542.6335235443,0.248751079346053,-0.10032463007828679,1.7252532542561985,0.5100671140939598
2663646.4925857345,0.21645295391269603,-0.059877717470987905,1.826438348090755,0.5369127516778524
3394700.6704072445,0.27691002679629206,-0.06143480480190142,1.8781787634819174,0.5570469798657718
3272186.8344717207,0.2675573520459802,-0.06019054904389104,2.1200945680609546,0.5704697986577181
2665925.104578256,0.216661005268036,-0.09782827529881619,1.5898290760042286,0.5167785234899329
3618121.541161123,0.293292116760399,-0.07729168786904347,1.9795321085512618,0.5570469798657718
3465491.659850724,0.2821917305792385,-0.06218433619186166,2.0405809605707548,0.5503355704697986
2140847.6269050147,0.16444009645596558,-0.0718888695921484,1.4480923541824073,0.5637583892617449
2364556.2515224596,0.18781807604212353,-0.07931892443684162,1.6895356614791817,0.5100671140939598
3708482.5201651007,0.2996884134093616,-0.06390237590056407,2.262885166578181,0.5771812080536913
2365409.8248238447,0.18790382096169367,-0.10606192740596515,1.543101339838211,0.5100671140939598
1735386.9809790158,0.11655280518497668,-0.08165302772558776,1.0530224178790548,0.48322147651006714
3069689.504600659,0.25146552376973297,-0.07810615284225507,1.9816309478302476,0.5973154362416108
2365629.4642886827,0.18792588063749327,-0.05838744704108259,1.7938222722311539,0.5906040268456376
3159475.915478911,0.25870225376369405,-0.08354567773810204,2.055470025972608,0.5771812080536913
2867782.761643056,0.23455160941579045,-0.0786878406679119,1.7726482219586177,0.5302013422818792
3221968.292317805,0.26364258251700634,-0.09741427580188582,2.0075905240101886,0.610738255033557
2718271.7551311916,0.22140185291123404,-0.045939365363677286,1.865074230936434,0.5167785234899329
2817514.153338319,0.23019291439469414,-0.0702301492321912,1.762064084881946,0.5234899328859061
3139507.170998027,0.2571071481416449,-0.07329986617100626,1.90476087225318,0.5369127516778524
3635359.4912026944,0.29452211082239343,-0.05161834546872316,2.284878268549362,0.6040268456375839
1498961.7815624597,0.08432160713940329,-0.11419110286628902,0.8624160932986042,0.46308724832214765
3021670.984946953,0.24752550949646035,-0.07020579121639058,1.6761633026624132,0.5033557046979866
3925696.3337449785,0.314568860422098,-0.06235906161971217,2.1643950758621,0.6375838926174496
2998233.5434537865,0.24558420307941065,-0.10197149152500945,2.311211407575404,0.6174496644295302
3211810.6964815785,0.26284482249262164,-0.08049653606615155,1.7831373953275258,0.5167785234899329
3036457.7424163404,0.2487440971258108,-0.07830276896978076,1.8934825379103128,0.5838926174496645
1862911.182819569,0.1325005717607668,-0.06822906695118468,1.1082687648079186,0.46308724832214765
3671278.882302343,0.29707018100860805,-0.05681439483287522,2.2156623261615214,0.6174496644295302
2188236.112371911,0.1695501155394541,-0.07220629562395145,1.4704433455296564,0.5570469798657718
3455099.319321054,0.28142179737342676,-0.09736891447546986,2.477286323301076,0.5973154362416108
2156657.0940899663,0.1661548414603382,-0.07609962383957848,1.464604528753818,0.5234899328859061
4572503.788821945,0.3552855714700509,-0.06319182297233035,2.376646958944957,0.5838926174496645
1994462.2646517365,0.14806153054435733,-0.07280892354458048,1.3163028326651964,0.4697986577181208
2533691.7509829407,0.20434456060996453,-0.07068215805892306,1.8191920318398762,0.5838926174496645
2388559.285604233,0.19021989404198125,-0.07808290377723705,1.5431627090483964,0.5234899328859061
2372762.4638014627,0.1886414004090946,-0.06958749953318659,1.6144749640795513,0.5302013422818792
2498570.6440161997,0.20098705580810727,-0.09575747520395587,1.5814075867817787,0.5234899328859061
3001590.875126202,0.24586303175725943,-0.0692152377840157,1.8527419906591291,0.5369127516778524
3056295.8009058204,0.25037153108799215,-0.06741749807462889,2.1301809378354446,0.610738255033557
2695148.3737591268,0.21931673869535273,-0.06707499657725417,1.7889649078277576,0.5637583892617449
3764440.110611761,0.30358717297448967,-0.11347961486678172,2.3467228029688036,0.6040268456375839
2921698.396569564,0.23915911680210167,-0.10964619823539433,1.85780446485686,0.5771812080536913
3059854.6280996115,0.2506625883242204,-0.06699317675546029,2.138768911957089,0.5771812080536913
2204949.066990664,0.1713312025107041,-0.1177283338834542,1.4400680786773283,0.4899328859060403
2866128.41047871,0.23440914023281567,-0.1151228566534411,1.8706573873664558,0.5436241610738255
3249122.1178401476,0.26576536197600475,-0.0605240678267705,2.0668924313119206,0.5637583892617449
3479212.755815397,0.2832054556521497,-0.05793251874114097,2.0844392574734845,0.5503355704697986
3136073.803693452,0.2568320731298004,-0.09495750397922924,1.9404574816197107,0.5637583892617449
3033155.8929592664,0.24847240162040496,-0.0730042092642673,1.8933188989698908,0.5503355704697986
2844732.519849336,0.2325606185169553,-0.1741015805069767,1.68039261410209,0.4966442953020134
2962895.3464258816,0.2426340861263636,-0.06640991433374867,1.8539199405513158,0.5302013422818792
2972087.8507557106,0.24340419564323068,-0.05719791193595486,1.8856828890014712,0.5503355704697986
1884948.635019524,0.1351673831946636,-0.12264500868835895,1.206003599996498,0.5234899328859061
2575716.5084662363,0.2083134571220815,-0.1384984512910109,1.615866041681487,0.5436241610738255
4029391.650100174,0.3214413621019956,-0.05974002638254027,2.365667077752366,0.5906040268456376
2417197.2681237473,0.1930603672661002,-0.05863132858054013,1.9561762266109426,0.5906040268456376
2565098.212460793,0.2073155647488596,-0.07336800318749417,1.518157060666791,0.5167785234899329
2778104.1578311333,0.22673203008659693,-0.04906127285232441,1.866576476063525,0.5838926174496645
3539318.2525742543,0.2876087614699765,-0.08442520092727207,2.135146633453166,0.6375838926174496
2252333.4089364014,0.17632285680083504,-0.07789150645389747,1.4646815650549139,0.5100671140939598
2013285.4551788697,0.1502204141534289,-0.1035441770227342,1.336952495314436,0.5100671140939598
1964997.7673793177,0.14464920836463158,-0.06335883807024524,1.2641865606072908,0.5234899328859061
2479675.1998573737,0.19916504257496026,-0.0768841684878374,1.723892331965586,0.5570469798657718
2419094.2846995867,0.19324757127925407,-0.07706791816843407,1.3934777414637112,0.4228187919463087
3769927.450540396,0.3039669935342524,-0.06422598177755111,2.148664513032906,0.5637583892617449
3921062.9064285965,0.31425840151717277,-0.049086664535176475,2.2736145882563075,0.5637583892617449
1719864.111373572,0.11454812815160786,-0.10997579740482427,1.0839535044520328,0.5100671140939598
1643508.2848211473,0.10447115871856916,-0.12592160236929786,1.0774624517870628,0.5033557046979866
2520944.9991842606,0.20313032707265744,-0.1035525026196369,1.6789585994911427,0.5503355704697986
2779792.551503992,0.22688110320647947,-0.051807425771951444,1.8642540368122367,0.5637583892617449
3256610.091426499,0.2663482451084591,-0.07668451580286553,2.1370555839473577,0.5637583892617449
1901556.3386428151,0.13716069279275245,-0.08867311215840155,1.0920061371657135,0.46308724832214765
2104617.42373708,0.1604719093956979,-0.06012285027608383,1.47917367923245,0.5234899328859061
3356138.4372251094,0.2739957327867848,-0.07835554992040054,1.9813971040112897,0.5570469798657718
2873097.942933418,0.2350088969322801,-0.06381357832843447,1.929926336497516,0.5704697986577181
3418384.3096774337,0.2786867862896816,-0.05226136447936426,2.22511539747116,0.5973154362416108
3022680.177898003,0.24760882934142958,-0.06412257287949677,1.7439103951237107,0.5234899328859061
4097126.7361533795,0.32585453866096725,-0.05354761634529107,2.3858311410055513,0.5838926174496645
4513597.680593393,0.35177549451439116,-0.05638955330444146,2.361344488204283,0.5771812080536913
1464629.0281756725,0.07930832641469587,-0.1137297427313863,0.7315655738490179,0.4228187919463087
2489948.543805669,0.20015703295103937,-0.056137034721657764,1.6646890901074,0.5033557046979866
2932538.5433027185,0.24007726603109014,-0.1450959539198595,1.8925277738952113,0.5771812080536913
2966782.5172996786,0.2429599699389262,-0.06968631999366978,1.9406076868409776,0.5704697986577181
3801654.110835441,0.3061544070783173,-0.04985571374286814,2.29792141763739,0.610738255033557
2594186.924387433,0.2100414663318908,-0.08740749425692401,1.6986334972441575,0.5302013422818792
1907650.8082210545,0.13788867790889814,-0.12719246593680913,1.1375331669745266,0.47651006711409394
2394008.5917061097,0.19076247733563823,-0.05641117669622011,1.909553076225697,0.5704697986577181
4379005.405478472,0.34361578160118356,-0.13137912220929188,2.305312240721222,0.5704697986577181
3513346.963878924,0.28571351240751386,-0.044666719260986,2.289733800986131,0.6308724832214765
2091962.5294132028,0.15907297592382386,-0.08953513137621145,1.3474695139183577,0.5302013422818792
2219502.1263577593,0.1728733357351151,-0.07589918132014425,1.6272676514788156,0.5369127516778524
2489278.482668952,0.20009243200452054,-0.0829788719904465,1.5664959865123078,0.4899328859060403
3296183.46420695,0.26941105239176677,-0.07284599670838271,2.2250358665132404,0.5704697986577181
2949979.76210511,0.24154883665278915,-0.1055916529568721,1.8909184959698293,0.5369127516778524
3107619.805699541,0.2545430710519452,-0.09268038931230725,2.228716125955668,0.5906040268456376
2308712.5113016916,0.18215376924659532,-0.08099782353380006,1.6039749754882904,0.5637583892617449
2534120.290432267,0.20438529754972934,-0.08033684712781533,1.701823748562582,0.5704697986577181
4498966.761430498,0.35089799442122427,-0.055153003895442976,2.353560185233351,0.610738255033557
1904676.8576183144,0.137533671960838,-0.08595700201170799,1.3139839042493606,0.5100671140939598
2549469.853276944,0.20584080532765192,-0.06853074939520568,1.8794192725908845,0.5906040268456376
2628472.9833259126,0.21322319143773405,-0.06542694246485482,1.6217270040492728,0.5302013422818792
2259281.758315629,0.1770477436963831,-0.10854470257006438,1.6094153854708644,0.5637583892617449
6193169.923116022,0.4400666711162404,-0.07151270148948183,2.6845297744636136,0.6442953020134228
2623776.691683749,0.21278934818832806,-0.06332554193676337,1.688283638620313,0.5369127516778524
4680827.293012533,0.361646968421488,-0.05576211347629175,2.526399463732228,0.6308724832214765
2498548.5820176685,0.20098493489403135,-0.07864587790312697,1.5544135900342975,0.5369127516778524
2473695.8034466454,0.19858615956346437,-0.06128639727623702,1.6364107939125963,0.5100671140939598
3290036.6645857384,0.26893725338571417,-0.07660855627374327,2.1541268314877,0.5906040268456376
2499332.2890976705,0.20106026681547662,-0.08155492899097165,1.601480002537757,0.4966442953020134
2544663.1422144305,0.2053857692003116,-0.057198866630797505,1.7715543564302798,0.5369127516778524
2880079.0947631476,0.2356084878397069,-0.06387081878615032,1.9656986765634095,0.5771812080536913
3296942.875542159,0.26946953920390504,-0.06147893267736285,2.1400512482516687,0.5838926174496645
3559167.445403988,0.2890497651458759,-0.08819062008023945,2.1222102686372004,0.5637583892617449
2358532.6356493207,0.18721227427529707,-0.058198958305821794,1.763041475475742,0.5302013422818792
2257215.7595834816,0.17683239480321444,-0.09571468373561476,1.6131415714688213,0.5302013422818792
2155748.9764851755,0.16605661683683248,-0.08389330362015297,1.3045814609329804,0.5100671140939598
3881142.9032785236,0.3115713662532966,-0.05264074126731167,2.467388857589616,0.6040268456375839
4082808.5555188693,0.32492655088791467,-0.09858512364388099,2.08929130856102,0.5838926174496645
3941704.5575135234,0.31563922701424896,-0.08564774668743522,2.247042725742983,0.5906040268456376
2905780.389726129,0.23780592643983112,-0.07941695895644342,1.785255081514513,0.5838926174496645
2226181.9850569116,0.1735784680578154,-0.054329460238425685,1.6461821893068669,0.5570469798657718
2474266.906960633,0.19864149810278198,-0.08410229240720588,1.7553719705556357,0.5771812080536913
4870442.585378825,0.372504211086806,-0.05371723647051416,2.766169464198006,0.6577181208053692
3156352.309735859,0.25845327289232567,-0.08970712127341245,1.942059011267872,0.5436241610738255
2370326.0604019817,0.1883971955887358,-0.10300591728637072,1.5322516956115442,0.5167785234899329
2359373.968602428,0.18729696238195803,-0.12292744650744405,1.4387625541948263,0.5100671140939598
2646405.3989328514,0.214874103845911,-0.1293394443895274,1.8789283440385867,0.5906040268456376
3044848.3735696254,0.24943346545729983,-0.05082232627822774,1.9113073007875911,0.5503355704697986
3721871.5103833345,0.3006255319910749,-0.13812352351563686,2.165174097936583,0.5771812080536913
3036859.7858737577,0.24877716347148815,-0.07358244225413806,1.949240836062984,0.5637583892617449
3091704.2780362405,0.2532554138879115,-0.07762809455806355,2.0810078803274203,0.5637583892617449
2223196.1458788877,0.17326348949384185,-0.05787108797635719,1.5460708748494738,0.5369127516778524
2943719.5107640647,0.24102144226738043,-0.05780657640172867,1.86319348563492,0.5570469798657718
2428175.124700629,0.19414207603746236,-0.07097905317753354,1.608700427553887,0.5436241610738255
2831065.73353403,0.23137403191409,-0.135956705159763,1.848493512280067,0.5570469798657718
2758379.0069276737,0.22498504795617946,-0.09244233463305576,1.8576287215861904,0.5234899328859061
2006656.457548034,0.14946196526828137,-0.10542297346596831,1.3039167670315162,0.5167785234899329
3494056.0607725894,0.28429849538380614,-0.07621787353724396,2.0747352260440293,0.5771812080536913
3816858.7167106615,0.3071975250118253,-0.05097814029770991,2.336655606880223,0.6040268456375839
4091708.921812923,0.32550370566516995,-0.05382622120899109,2.357813187481119,0.5973154362416108
2710410.628631829,0.22069458582307955,-0.0764508003778385,1.8817179052848374,0.5570469798657718
2732032.520618974,0.22263598217792446,-0.08314614897814668,1.8433967848988169,0.5436241610738255
1964084.31873456,0.1445427682700251,-0.1386458546370863,1.2314021840524274,0.48322147651006714
2304011.1663167938,0.18167192101440333,-0.07064401515062597,1.5521259487854813,0.5234899328859061
3478273.565288334,0.2831361696012269,-0.08055830914924907,2.175017759657881,0.5637583892617449
2374345.7467729063,0.18879998801371234,-0.05189483224951049,1.6903458126948019,0.5503355704697986
2971042.9821905117,0.24331675699674715,-0.050882540027887474,1.9432222140286823,0.5570469798657718
2128092.2282885364,0.16304920599359307,-0.06285361867917272,1.4977073897943203,0.5704697986577181
3399534.139317792,0.27727343985819064,-0.05180662211321249,2.0641685680461777,0.5704697986577181
3698474.3921793527,0.2989861578621862,-0.056769953030705304,2.3197535660953035,0.5838926174496645
2394244.5861180616,0.19078595279112776,-0.062318254692946,1.6082391461172545,0.5100671140939598
2616018.5783610283,0.21207129124678525,-0.07420405849912075,1.950920825828588,0.5637583892617449
2568831.320493886,0.2076667729776538,-0.0945474963658546,1.819651384569685,0.5436241610738255
2161753.7917372594,0.16670550185080812,-0.10444807499052366,1.4980560715362075,0.5302013422818792
2485036.924893778,0.19968317813008252,-0.1030986777161708,1.545365956580127,0.5167785234899329
2953253.6503735115,0.2418242886423374,-0.061226485883323016,2.10825920094624,0.5771812080536913
2488797.768850176,0.20004607756181314,-0.06535624870108224,1.7048816370680298,0.5167785234899329
2582183.317291027,0.2089195872282852,-0.06790593382346338,1.8147877966849417,0.5503355704697986
2470390.463153389,0.19826567922935912,-0.05902089654480918,1.5765185440691671,0.5503355704697986
3753222.669351066,0.30280934822854766,-0.06895692818364692,2.266743764884559,0.5771812080536913
3781972.683116782,0.3047991872976885,-0.05189829069299254,1.9983757903458426,0.5234899328859061
3303478.5475789458,0.26997244543098997,-0.08051292322393891,2.033951326735092,0.5302013422818792
3688611.370074137,0.2982925952532416,-0.07541452849914226,2.3846802824607884,0.6308724832214765
3885342.616677484,0.3118550889290843,-0.06070523360921841,2.2657238367552353,0.5838926174496645
2570873.5164939896,0.20785872862192467,-0.06655623175574822,1.7291029952316699,0.5234899328859061
2938890.6902434803,0.24061402534037035,-0.11667141961682413,1.7914070547084282,0.5436241610738255
2545203.8461436257,0.20543699023796602,-0.06573293791724355,1.7141830193287386,0.5167785234899329
3620341.5503866733,0.2934507856161388,-0.08147311823449856,2.014304554335212,0.5570469798657718
2598157.0950741884,0.21041161182384482,-0.0688321646733895,1.7135639910089662,0.5637583892617449
2503110.1455535823,0.20142313912117005,-0.09839004392426606,1.555100678792384,0.5369127516778524
1470504.6937175132,0.08017291433387208,-0.12197381081742141,0.82381407679724,0.46308724832214765
3140220.617851155,0.2571642779760772,-0.054974416650928594,2.073248530924363,0.5906040268456376
2370128.573416688,0.18837739233843154,-0.09100094618241425,1.5633634887868373,0.4899328859060403
2431422.7054947624,0.19446132812044503,-0.06145929920797321,1.5115209248429686,0.5234899328859061
2624147.8517968887,0.21282365854443142,-0.05748468806922322,1.6501640089468077,0.4899328859060403
2984366.2215747847,0.24442985924196692,-0.06749673394875892,2.1348514347667504,0.5906040268456376
2336265.8528032964,0.18496207880692817,-0.09423601431130696,1.4824311846985625,0.5234899328859061
3035128.6413769913,0.248634759345703,-0.08153266469130345,2.0005012458093567,0.5637583892617449
2380854.10734546,0.18945100268115,-0.1204479170837503,1.559390803400415,0.4899328859060403
3046495.7317598797,0.24956863272413177,-0.07451840961241922,1.9288327932970273,0.5369127516778524
4172950.670736448,0.3307260241280092,-0.05592424616785478,2.2717750749899523,0.5906040268456376
4104005.709225854,0.3262994552657712,-0.06675146658581008,2.35791681963472,0.5973154362416108
2480536.0602309336,0.19924829302183333,-0.10128379007136945,1.6495455058924964,0.5369127516778524
3145460.7078816188,0.2575835645210456,-0.06922933314003073,2.0881556018077796,0.5906040268456376
4096538.2999051926,0.32581645218013167,-0.09067499123283555,2.187111844015016,0.5838926174496645
3109664.984782152,0.2547081549582191,-0.06391468651786635,1.8094552474307695,0.5570469798657718
2197431.408952423,0.17053139255849836,-0.06217876281841466,1.3134092771820258,0.4966442953020134
2388078.6448610113,0.19017198949721892,-0.11157746002924106,1.6566908530239897,0.4966442953020134
2627912.9769185195,0.2131714906462001,-0.08698068114336123,2.0338355619513107,0.5906040268456376
2049610.4081571538,0.15434137826295835,-0.09948323215004842,1.218879265013588,0.48322147651006714
3716747.6643265006,0.3002672241975606,-0.055801991887281056,2.4328866903633983,0.6442953020134228
2573452.6710931505,0.20810098130463706,-0.06794852685878684,1.8406961422776829,0.5503355704697986
1790873.7684150273,0.12360327154397788,-0.10501455592875182,1.235085466765238,0.5234899328859061
2583211.9042837014,0.20901588410005623,-0.06777307585650838,1.80098329688101,0.5234899328859061
2473879.7112072264,0.19860398089309572,-0.09949431078882608,1.5227910545986685,0.5167785234899329
2898917.141221225,0.23722065115315982,-0.07575636169663788,1.8482355762354807,0.5234899328859061
3608038.6940954933,0.29257049220146425,-0.07053725212668348,2.1338415501132304,0.5771812080536913
3372914.916602731,0.2752668695810667,-0.0876257372843056,2.160075599413248,0.6241610738255033
3417456.3086358025,0.2786173528124736,-0.04911354536277636,2.199014581563026,0.5973154362416108
2615915.144797286,0.2120617063885577,-0.06301581985803942,1.7705714334667448,0.5503355704697986
4063741.686500734,0.32368674140420817,-0.09969378885983593,2.3939191813651846,0.5637583892617449
2645389.927173394,0.2147808558696065,-0.0547059637045185,1.6959701147833262,0.5033557046979866
3987088.3182497686,0.31865495544143774,-0.05178756968309496,2.3545445098813893,0.6040268456375839
2863068.851819429,0.23414548415604153,-0.09111301102668212,1.9353615850788686,0.5570469798657718
3267913.156517714,0.26722607730842696,-0.062307132804369385,1.8408193488583282,0.5167785234899329
2470006.3809848437,0.19822841701418858,-0.0823035577447045,1.6963760902022575,0.5637583892617449
2892701.7370946608,0.23668966462330188,-0.07663595311701674,1.7979515057215156,0.5436241610738255
3873262.5324980207,0.31103832361656636,-0.07109429755121109,2.270672886132173,0.5704697986577181
2528230.628920132,0.2038249432978001,-0.0903517094546212,1.6624690059626726,0.5302013422818792
2635479.0411122665,0.21386925962091818,-0.0988787582472953,1.674861032515265,0.5234899328859061
3198268.8169582863,0.26177812157244373,-0.06219209178189875,1.955674277369441,0.5570469798657718
4646170.41218669,0.3596246412902815,-0.06756152980055165,2.3460697068458503,0.5838926174496645
3004317.648717776,0.24608930860627898,-0.08017606443660392,1.9287443164420248,0.5436241610738255
3009180.8696269016,0.24649246754317655,-0.10833691534815795,1.7474222843909837,0.5167785234899329
4056410.9963226058,0.32320882978888066,-0.07318725703013872,2.236634423927658,0.5436241610738255
4692602.623394835,0.3623313659435474,-0.07785767610257256,2.4185764779932204,0.6174496644295302
3166001.038305788,0.2592217329744124,-0.07085018140702247,1.9654341309417684,0.5771812080536913
3731784.313618008,0.3013176102303676,-0.09084462561378026,2.3861390137088185,0.5838926174496645
2469679.2757094754,0.19819667882894954,-0.133044004363203,1.645600537384852,0.5436241610738255
2380993.962189714,0.18946497637031334,-0.05721070117027367,1.6304321732254266,0.5369127516778524
2646824.02942142,0.21491253719872394,-0.09490655395255597,1.9117949557965632,0.5503355704697986
3553170.1040067286,0.28861505182342384,-0.09807970214952832,1.9507830996549007,0.5704697986577181
3378507.087936758,0.2756894587178662,-0.05699215067498645,2.0446461203873723,0.5906040268456376
2266830.5442139725,0.17783325263175986,-0.08120469078530514,1.48302872456366,0.4899328859060403
3553037.28046638,0.28860541755500146,-0.09474115394201645,2.4113750448860385,0.6442953020134228
1950923.6839020895,0.1430048052762305,-0.11305174100566083,1.2047004580274205,0.4697986577181208
2581150.6539387763,0.20882287785078857,-0.11395255794241761,1.5641636571226767,0.4966442953020134
2616917.6506861383,0.21215459264115366,-0.07992891792235733,1.595529512722832,0.5369127516778524
2436286.761031653,0.19493884958953323,-0.12385102884978332,1.6172158699217705,0.5234899328859061
4693397.055447651,0.36237748987554563,-0.03451463139840008,2.5461858962105746,0.6241610738255033
3522643.7162445504,0.28639322486993235,-0.060313121730830935,2.091222460248723,0.5838926174496645
2593550.6385693573,0.20998210223859148,-0.11063906108273139,1.6248761573317219,0.5369127516778524
2527800.296204829,0.2037839596529476,-0.07457453416848452,1.7049123628920793,0.5637583892617449
2553133.7627573526,0.20618719530350016,-0.10416879834607896,1.712694563619499,0.5771812080536913
2653168.320768106,0.21549439527405512,-0.07545311514958267,1.652362399395406,0.5503355704697986
2704801.569603912,0.22018893382123061,-0.07956423025432556,1.7705464300676457,0.5167785234899329
3336176.515823527,0.27247659850781347,-0.11378149579333599,1.9164477209392659,0.5838926174496645
2835961.2294095787,0.23179959753437474,-0.08265669929900699,1.833883192222812,0.5302013422818792
1671635.5921743137,0.10822596684623642,-0.10548216763903959,1.0599594362608096,0.44966442953020136
1938223.1400271638,0.1415127189457832,-0.08502926684695712,1.2791533581712324,0.5167785234899329
2128704.5988822877,0.16311613309005213,-0.0763527659558217,1.4377310227200397,0.48322147651006714
2019417.7288383006,0.15092025414186794,-0.10136357397664973,1.4190118056111238,0.4899328859060403
3244628.76928981,0.26541507204729875,-0.06114091641758601,2.2278835762187708,0.5906040268456376
2481378.3593827076,0.1993297261171576,-0.08426081083726128,1.69603279990601,0.5503355704697986
2976818.3935040557,0.243799758340838,-0.05733236954762891,1.8464714969803626,0.5503355704697986
5081946.212426342,0.384222846070595,-0.06508214446786104,2.404351007282515,0.5838926174496645
1862133.2870805361,0.13240597631677242,-0.08787597907167512,1.2886694564758012,0.5369127516778524
2720109.635967359,0.2215669713693451,-0.09919549643859316,1.5825440317596016,0.4966442953020134
2012304.201306182,0.15010827125429893,-0.12364048013095637,1.3552828112348982,0.5100671140939598
3908954.805139878,0.3134457205454344,-0.07366281559419402,2.378048326873038,0.6040268456375839
2302343.5539858984,0.18150081581732036,-0.07987188805369577,1.542838053051865,0.5436241610738255
2482785.57347276,0.1994657256083623,-0.06720214076479653,1.6082481336822625,0.5570469798657718
3686578.269707265,0.2981494442930801,-0.0547826418176216,2.3794113199681055,0.6241610738255033
2254519.572553316,0.1765511210860944,-0.16781230934106128,1.4503515249009327,0.5369127516778524
4095357.481362072,0.325740010605585,-0.06212562308705235,2.3659457424865553,0.6241610738255033
3222177.9198768553,0.2636590251007007,-0.07336427995360752,2.2959436516995315,0.6241610738255033
3980836.5739339674,0.3182411663103617,-0.061988593153085234,2.4168803652422635,0.6308724832214765
1721413.963305368,0.11474893032463229,-0.09579565721943281,1.1073005458563723,0.47651006711409394
2727215.584572948,0.2222045438859186,-0.05885972652883897,1.7934907631218329,0.5369127516778524
2547852.667347212,0.20568778812223432,-0.07601081917159896,1.6436859985922985,0.5436241610738255
3342010.710513316,0.27292134047932737,-0.058746104523822874,2.245063067391922,0.5771812080536913
2173378.753650656,0.16795761730557612,-0.0815682254409541,1.4892792492093119,0.5167785234899329
4216801.55086393,0.3335110924035247,-0.05597297620359509,2.395809507460127,0.6241610738255033
3093523.0395258814,0.25340283009022424,-0.0639479048852092,1.8967477252855636,0.5637583892617449
3822572.500494137,0.3075886621308863,-0.06316161971701116,2.2192741975210866,0.5906040268456376
2290290.548327355,0.18026116151072724,-0.062015296066169574,1.5598733566810783,0.4966442953020134
3633506.16989149,0.2943900933526984,-0.058418756097492835,2.268369151605178,0.6174496644295302
3130327.217488106,0.2563711277583425,-0.0731285481062741,2.0004402850054026,0.6040268456375839
2662332.524404582,0.21633291576472824,-0.056078490024944416,1.9223265183048324,0.5637583892617449
2909980.092455164,0.23816351810476566,-0.1047899827644983,1.9009654623156216,0.5503355704697986
4378044.19591454,0.3435567905915662,-0.061842186833059976,2.5571495721994673,0.610738255033557
3499329.1707800715,0.28468590546831374,-0.04953472292864795,2.1816669116571115,0.6510067114093959
3306029.6950045205,0.2701685348885907,-0.06729111751982503,1.8524066783155972,0.5436241610738255
2658928.0811294196,0.21602168070419436,-0.06110969928313791,1.6334364466322708,0.5167785234899329
2605472.9133413783,0.21109249402138608,-0.09905481550727711,1.8130125783237532,0.5704697986577181
4470252.613221037,0.34916918436129074,-0.04687291984785882,2.351523790939203,0.5973154362416108
3061784.409902847,0.25082030152114254,-0.07286849910887892,1.8940696207803658,0.5302013422818792
2815226.1254418725,0.22999304810825927,-0.0664727191436533,1.9739198834003313,0.5906040268456376
5126302.227444004,0.38663079625011165,-0.05611643132404436,2.370090934466533,0.5570469798657718
3471839.7794354972,0.28266113289048533,-0.04798575337321748,2.131726455013186,0.5771812080536913
2623974.818793646,0.21280766370974713,-0.09776814351523631,1.838169709060691,0.5771812080536913
2791453.643529202,0.22790872141526863,-0.08356450095201835,1.9040064070626572,0.5838926174496645
3356873.052060425,0.27405150010696677,-0.08579829485225238,2.1338732546103225,0.5838926174496645
3533229.0799389845,0.28716540641311106,-0.0717486321797589,2.2408538610205415,0.6040268456375839
3383792.311030017,0.2760883383528112,-0.053401613961375265,2.100605486576729,0.6174496644295302
3366411.924188735,0.2747747460614771,-0.07630281693980594,2.018044320749535,0.5838926174496645
2552835.513859846,0.20615901340271092,-0.06289384346591523,1.609115005432871,0.5369127516778524
2308407.69885442,0.18212255234862362,-0.07709518957734122,1.3995344421725804,0.48322147651006714
2521944.2875785525,0.20322569476917574,-0.08246080675619775,1.6225838032409707,0.5234899328859061
2992210.1165159857,0.24508332669704913,-0.05923669147357683,1.669580984073639,0.5234899328859061
4021232.066085851,0.3209057399931503,-0.07128982856207458,2.3325567197903054,0.5906040268456376
3131581.521370349,0.25647179574333956,-0.06587115254384511,1.9137719189768454,0.5167785234899329
2805870.1968049733,0.22917442432187207,-0.08977943116956084,1.7332052378628129,0.5369127516778524
2962565.483538766,0.24260641608916056,-0.0722171756365186,1.979003722366774,0.5838926174496645
3235736.9524647365,0.2647207434018648,-0.05767025641705885,2.0305038212040403,0.5771812080536913
3195766.925504907,0.26158065098233596,-0.05496898357731896,1.9722758130002715,0.5436241610738255
2283252.2574392753,0.17953485614523146,-0.10714623308362467,1.6715525936112003,0.5369127516778524
2646561.8540272024,0.2148884681415657,-0.12880065289596113,1.7384133011348528,0.5570469798657718
3071795.244897718,0.25163717230841987,-0.08939878798720709,2.072504721905944,0.5637583892617449
3645943.437702768,0.29527500609215207,-0.11862744019438846,2.277117499682682,0.5838926174496645
2154459.1666657957,0.1659170503694698,-0.11411115345736038,1.4457907132121093,0.5100671140939598
3465687.583369899,0.28220622813745,-0.04356455887243745,2.192515524717293,0.5637583892617449
4595161.876898729,0.35662608399519224,-0.07379503195159194,2.4624347281792116,0.5838926174496645
2468620.331265272,0.19809390909669045,-0.06543708512480804,1.6721972864246384,0.5369127516778524
3968023.1603936846,0.31739144748700654,-0.05487273763467223,2.293820639036686,0.5637583892617449
2708533.764703709,0.22052548137291228,-0.08727342729970376,1.685746635236341,0.5234899328859061
2538359.8282957673,0.20478801115357048,-0.08046565000870816,1.7254387588085929,0.5503355704697986
4097057.5065135974,0.3258500580061858,-0.08227335567886762,2.4037125922668716,0.6241610738255033
2196575.460002612,0.17044018868692512,-0.10689099887563284,1.7138071142091138,0.5771812080536913
5732809.264293222,0.41799107883221986,-0.07526009994624143,2.5035899863488944,0.6174496644295302
3520891.097852975,0.2862651957291238,-0.049416550496734366,2.08088253292153,0.5906040268456376
2824315.0553580523,0.23078622855530329,-0.047109836530367453,1.8635679074646965,0.5771812080536913
2233202.2359865815,0.17431771063419244,-0.10350481366374704,1.483159360651139,0.5167785234899329
2932561.7296245717,0.24007922697647954,-0.06548699556217247,2.2519817628202223,0.5973154362416108
3813624.591515285,0.3069759252948685,-0.06570718672416723,2.1452231479662744,0.5973154362416108
3321575.0709782476,0.2713607936279534,-0.092275547021802,2.0005176395436775,0.5369127516778524
4163966.6692246506,0.3301525424686982,-0.10614662828755447,2.4195297682178096,0.6308724832214765
3436251.6633696207,0.28002069902302607,-0.041875264095824066,2.1792849767216516,0.6040268456375839
2427128.919638626,0.19403915653710535,-0.10837164943999919,1.6748297178240776,0.5838926174496645
2966130.6155674956,0.2429053411293609,-0.06346269491900136,2.0227690516001076,0.5771812080536913
2394958.2351567657,0.1908569315001285,-0.07346154211224742,1.5779159185696217,0.5167785234899329
2677537.824641575,0.21771911376250208,-0.1367972932459995,1.7601810414386168,0.5838926174496645
2629455.9002105575,0.21331391477661588,-0.10668631377071021,1.695914326535363,0.4966442953020134
1829362.4083782455,0.1283918743516681,-0.10874323354093701,1.3014546757084269,0.5033557046979866
1821985.5889789066,0.1274803652954375,-0.13750270277039375,1.121781430105727,0.47651006711409394
2539998.4408718143,0.20494351875315542,-0.0796334875237725,1.8255807486264304,0.5234899328859061
3516598.839910546,0.28595142992191147,-0.06499569547323136,2.1880922301380825,0.5906040268456376
3516159.8984489655,0.28591932585714996,-0.058228249213778595,2.04523540790898,0.5771812080536913
1962964.650667442,0.14441224431061972,-0.10709919236533925,1.2084329639319826,0.4899328859060403
3553548.681004825,0.2886425100769867,-0.0683321418084644,2.331482602265232,0.6040268456375839
3096111.7224491257,0.2536125312589381,-0.07735644863655856,1.9256433660546644,0.5436241610738255
3208044.7109569833,0.26254853557417634,-0.05929567314252547,2.062855693544475,0.5436241610738255
2798628.046580439,0.22853925091712912,-0.06755225592003923,1.706881410106911,0.5503355704697986
2642371.784837068,0.21450353902959307,-0.08748002757391653,1.8814521933745576,0.5436241610738255
3527859.230285511,0.28677391804360775,-0.046336707417886674,2.399547431976071,0.5906040268456376
3691721.2106729313,0.298511437615127,-0.07905056310004613,2.281635385669744,0.5906040268456376
2740531.0114623457,0.22339568441404078,-0.05098450093997869,1.9135130012199617,0.5637583892617449
2230112.573490179,0.17399259409186008,-0.06817791978117166,1.5000862612442194,0.5369127516778524
2916072.154842975,0.23868150520978948,-0.05729968809797055,2.0079784387726205,0.5637583892617449
2467060.157390972,0.19794243116257126,-0.06137600796604249,1.485206295162923,0.5033557046979866
4012586.417235038,0.3203372614289397,-0.06388711512543824,2.232146214028506,0.5771812080536913
2666977.4611005047,0.21675704390199835,-0.09167030808542449,1.7537894645679586,0.5302013422818792
3430577.496165047,0.27959768847342614,-0.061948480710325826,2.0211455015309965,0.5570469798657718
2072410.6660598544,0.15689824901013671,-0.06319690173690463,1.3910024044134623,0.5100671140939598
2142071.143780736,0.16457316398560673,-0.09576030651678966,1.444792152107042,0.5167785234899329
2620851.2718452103,0.21251878389740364,-0.08920563914322341,1.8871026240189561,0.5704697986577181
2834248.4165473105,0.23165076954172736,-0.06729111417532097,1.8961726725026153,0.5637583892617449
3114465.63860412,0.2550953158533633,-0.06281769055261682,2.065079985553861,0.5704697986577181
4524804.655382893,0.35244610325816694,-0.044282557863750856,2.5616260868776437,0.6241610738255033
1989341.166848417,0.14747135811984124,-0.14492969839287673,1.396683715480084,0.5167785234899329
1869104.8774174808,0.133252626172349,-0.1351061504399474,1.2076564979386208,0.4966442953020134
2583143.2862003897,0.20900946099291495,-0.07110233727997067,1.6351187766657704,0.5033557046979866
2926603.7014176263,0.23957492804648695,-0.05098545104063209,2.114340817420352,0.5973154362416108
2407466.6905013043,0.19209826911119898,-0.12548914245942094,1.6781079003649504,0.5436241610738255
2070717.0088238108,0.15670909442280134,-0.06283797527717261,1.3868092328790553,0.5033557046979866
2256859.582124066,0.17679525279497832,-0.07758053670792264,1.6372087524164836,0.5369127516778524
3288648.6931439154,0.2688301697187536,-0.07819329910567889,1.8876457753498392,0.5906040268456376
2310251.6772343097,0.18231135021676548,-0.10770476224521226,1.443922580644458,0.5100671140939598
3988758.2264164914,0.3187653951250402,-0.04950160757839793,2.498259958447324,0.6241610738255033
4047963.773008357,0.3226572701630728,-0.08018442153117579,2.4428628397789924,0.5838926174496645
1963308.09102135,0.14445228678847344,-0.08987929367151191,1.1558474644806822,0.4563758389261745
5570500.569927114,0.4098692699805171,-0.047451127966939156,2.9256816651867226,0.6308724832214765
3739883.0520835286,0.301881945853804,-0.055460023759701604,2.144702343107499,0.5771812080536913
2575757.3682297906,0.20831729070304572,-0.10439455875296931,1.7513948070676209,0.5503355704697986
2032616.3683021315,0.1524207879708297,-0.08790648989139335,1.3520137530164869,0.5234899328859061
2119920.3182568317,0.16215460511174484,-0.10623193120970949,1.4197513479834603,0.5100671140939598
2114820.4476841376,0.16159490958735057,-0.10466466542450732,1.31438475419607,0.5167785234899329
2138115.0573316915,0.16414268721155034,-0.1146013873022086,1.3288395262584545,0.4966442953020134
2183103.9276788817,0.1690009987278387,-0.08782884795237247,1.4383055782957863,0.5234899328859061
1742504.7085928572,0.11746721936173543,-0.17549442952389838,0.9614421396920704,0.44966442953020136
3403254.101505795,0.27755285052834844,-0.048863559019122725,2.0531314615933414,0.5973154362416108
2525902.0046271747,0.2036031052011551,-0.07927868426041018,1.5967528737838612,0.5100671140939598
1955915.4336466556,0.14358911961628062,-0.07815609317153878,1.1824722892508757,0.47651006711409394
3566183.753053171,0.28955759437844697,-0.07091335547394335,2.1372515825854776,0.5973154362416108
2445617.993481457,0.195852798542288,-0.06895553295987802,1.8086432586974526,0.5302013422818792
5140712.6686683055,0.38740950691426157,-0.09620598236675557,2.5756111288230543,0.6375838926174496
1996705.8268612698,0.1483197043200568,-0.09009546796336577,1.1746266247757038,0.4697986577181208
3054859.7331689433,0.25025400608967097,-0.07211629089811196,1.8568018427675668,0.5436241610738255
3036230.1635740115,0.24872537819208662,-0.0701877898625565,2.1523763172415085,0.5973154362416108
2745245.546294565,0.22381631652785905,-0.0917152459432175,1.6791589630190964,0.48322147651006714
1848899.8894915485,0.13079187493669386,-0.09613049272789509,1.2170815903978007,0.4697986577181208
2634773.148912534,0.21380422759868578,-0.07012698152779553,1.7852983745578215,0.5369127516778524
3080029.4481892157,0.2523074775309011,-0.06130433859828528,2.1315344630454423,0.5570469798657718
2444454.888453928,0.1957390304002764,-0.05517937841252056,1.8519894409010793,0.5302013422818792
2610830.2814543145,0.2115901340762627,-0.04870557548646725,1.789394801650332,0.5570469798657718
4145701.4918757356,0.32898355072347196,-0.06888116759227508,2.098488948752776,0.5704697986577181
2593858.481337209,0.2100108247590038,-0.06460181964181781,1.7318347239351704,0.5503355704697986
3886304.3883388448,0.31192002941249397,-0.057246009480489544,2.2231441690415905,0.5704697986577181
1974931.5996693776,0.14580420502791247,-0.07699049939321989,1.2520553712078923,0.48322147651006714
3292337.576397756,0.26911469191214854,-0.08545981374347872,2.1599818578456587,0.5838926174496645
3720563.8714673747,0.30053412702869786,-0.07777770498352639,2.085462731803682,0.5570469798657718
3838907.1004063743,0.3087042732854741,-0.0595705391157413,2.307149005813162,0.610738255033557
4216916.7554384535,0.3335183787269309,-0.07275303821241356,2.483217545176428,0.6040268456375839
2587403.1094038067,0.20940795012937485,-0.08220941221158563,2.045438113628686,0.5906040268456376
2342989.6621958287,0.18564336281097726,-0.10280789519086271,1.5812632835316753,0.5503355704697986
2586585.902231128,0.2093315444286621,-0.059888558891626656,1.9292458257972378,0.5637583892617449
2673349.2814448643,0.21733789310666096,-0.0658604311190271,1.8230319077493569,0.5436241610738255
2930906.372028199,0.23993919662685737,-0.07166680034386318,2.0289744955525424,0.5570469798657718
2965802.607443467,0.24287785069574874,-0.0838616042005143,1.9074585874507357,0.5503355704697986
2119250.4221450957,0.16208114751349134,-0.08142151872943658,1.4281079636370277,0.5570469798657718
3252305.8377931956,0.26601332211604745,-0.09486373226938502,2.2138415383285253,0.5704697986577181
3347910.624540845,0.2733704610505454,-0.07464805054461453,1.9986894741209853,0.5637583892617449
3147410.7803349723,0.2577394571781837,-0.06257403014977335,2.036553399899776,0.5704697986577181
3749011.15477867,0.3025168388089199,-0.057619381778413574,2.2203767457180534,0.5771812080536913
2693475.3026727014,0.21916531769458736,-0.09280395470529015,1.6829154061168885,0.5704697986577181
2924418.4029615317,0.23938975431655551,-0.10595895671346721,1.6123863823489017,0.5302013422818792
2626032.245276293,0.2129977936114411,-0.05194036701420581,1.8478359909121294,0.5637583892617449
3938861.000915195,0.3154493510581844,-0.053735181495605154,2.113545816587648,0.5771812080536913
3995529.0717561254,0.3192128075455334,-0.0903955751317871,2.267232555194243,0.5771812080536913
3893613.1354639228,0.31241310900206076,-0.0866900032632881,2.516686649068139,0.6442953020134228
2046191.6362257218,0.15395603033530758,-0.10671801925155479,1.232969561846194,0.5033557046979866
2527178.716521086,0.2037247523443797,-0.09492324415884092,1.5489541017983464,0.5100671140939598
2294582.349366659,0.1807031712346323,-0.08500004612348243,1.5580482820814723,0.5100671140939598
3190081.560825852,0.2611314532927351,-0.1227088140341836,1.9394368545090057,0.5570469798657718
1726363.7480508958,0.11538926808649452,-0.10351823091508106,1.1480920582459113,0.5100671140939598
1777755.9061624317,0.12195238479833415,-0.11976979466018403,0.9952109248522928,0.4563758389261745
5443911.982868646,0.4034024132175815,-0.04319847425628616,2.874872635358129,0.6577181208053692
3575222.83983235,0.29021065230767507,-0.06624213782584484,2.1932469951502394,0.5906040268456376
2633597.852324484,0.21369591963459977,-0.12689141640757884,2.0135391193087964,0.5637583892617449
3138072.885991234,0.2569922651733161,-0.0594774255030219,1.9234993949020158,0.5570469798657718
2746708.560969186,0.22394672961099404,-0.09671294795009057,1.655007747976342,0.5167785234899329
3910464.5202103253,0.31354716057889154,-0.07814497160903627,2.5339129996620757,0.6510067114093959
2462818.376231957,0.19753020708679436,-0.10646311125866577,1.6056617646495175,0.5302013422818792
2283527.560242831,0.17956329922165382,-0.09438031194935062,1.5321132343497013,0.5100671140939598
3641832.950400863,0.2949828120843463,-0.10606450631746274,2.1162661957488997,0.5906040268456376
5684326.716559248,0.41558452507923227,-0.055457814071072135,2.621826488863642,0.5973154362416108
3076565.3061249307,0.2520256539914607,-0.07493250234962723,1.990404707130013,0.5503355704697986
3143146.8278054344,0.2573984880289144,-0.06500526414114255,1.9017432483595806,0.5637583892617449
2195886.7095872373,0.17036677966382152,-0.07500583710921209,1.5634514831796211,0.5637583892617449
3771171.9823323097,0.30405307551598626,-0.07764130894490497,2.1751078605485694,0.5771812080536913
2411913.9354146402,0.19253836989907747,-0.08828896948387917,1.5262290358318382,0.5100671140939598
2748014.09614286,0.22406305806432947,-0.07960106756613711,1.88591628648854,0.5771812080536913
8107511.850058516,0.5197687789317078,-0.0558913371372222,3.2792483738567886,0.6644295302013423
2678959.280112395,0.2178483792413326,-0.058396220864874816,1.8106183702664804,0.5302013422818792
3188796.532454745,0.26102983514588085,-0.07222503101712718,1.9540451750066037,0.5906040268456376
3025478.585572518,0.2478397519482174,-0.10154355025893713,1.817842226891523,0.5637583892617449
3042901.1608293317,0.2492736193794789,-0.08745161392017006,1.929622135306538,0.5369127516778524
4463535.481153973,0.34876348023884884,-0.12399894571035741,2.285918555759103,0.5838926174496645
3074584.9304015874,0.2518644274531707,-0.07079889985154156,2.051428452445618,0.5838926174496645
2186666.9994799015,0.16938233814535608,-0.06962632744725833,1.4332701939723977,0.5167785234899329
2442468.940413743,0.19554467642184914,-0.07083159114179309,1.6509560419153015,0.5503355704697986
4329644.960149735,0.34057296535696024,-0.05193929541250009,2.458596212800851,0.610738255033557
3903075.795890097,0.3130504021298588,-0.044747379547912275,2.483110697723922,0.610738255033557
2721696.283786724,0.22170944684030758,-0.0671961350703585,1.7428389259714365,0.5503355704697986
3466056.6837899163,0.28223353831391607,-0.09134748411025706,2.1509433652483496,0.5838926174496645
2154969.1644364074,0.16597224369235364,-0.11670450970523397,1.4106657585284514,0.5100671140939598
1788183.1302674722,0.12326544446023413,-0.09824307667590136,1.1914831065899074,0.4697986577181208
2982628.212296723,0.24428488141518745,-0.08578063713714662,1.8380973023334992,0.5637583892617449
3703244.3916784027,0.29932105104291673,-0.051078792509620816,2.192081601839103,0.5771812080536913
2682286.9065795667,0.218150775213366,-0.06565001411899785,1.7445848003306965,0.5436241610738255
2801264.051724133,0.22877059401219113,-0.057053001604008675,1.7604402841497444,0.5637583892617449
3938973.2764366562,0.3154568502351227,-0.06667220796480129,2.173899555413683,0.5570469798657718
2081185.1715311054,0.1578762464501735,-0.08612160692525483,1.2657462628702192,0.5033557046979866
2219715.0460174195,0.17289583791759777,-0.10445638539538503,1.384358389218586,0.5100671140939598
2903629.3203675747,0.23762260940859758,-0.060453162995100285,1.8466907840968612,0.5771812080536913
2323951.916106802,0.183710302672218,-0.1303879877129989,1.433361263149158,0.5033557046979866
2926444.6104964274,0.2395614510317965,-0.09259175911367663,2.146504749782346,0.6174496644295302
1874065.667606394,0.13385354158456964,-0.06418355045823443,1.3222584972072384,0.5100671140939598
2014304.798568059,0.1503368638294429,-0.061716366939978264,1.4104528384096278,0.5436241610738255
2644918.0657447055,0.21473751638863048,-0.06277804947118718,1.9413181681420113,0.5771812080536913
4677372.300804259,0.3614458984410187,-0.060228798806947696,2.4354725298144344,0.5973154362416108
4177618.1848908565,0.33102357883126743,-0.09479876208361776,2.2111977327678067,0.6241610738255033
2978678.9213606925,0.24395519582296754,-0.08651943401519506,2.0545441072016906,0.6040268456375839
4909374.476605114,0.3746914516950217,-0.04894135944707937,2.5549494205897827,0.6442953020134228
3279609.914483804,0.2681319312916124,-0.07678317134571624,2.1501903927080233,0.5838926174496645
1555596.1204850106,0.09239416142307189,-0.13329037814322578,0.8370816474400654,0.44966442953020136
2024097.7635017594,0.15145321573366766,-0.09828181029284196,1.3980974823945647,0.5033557046979866
3267234.4556947523,0.26717343583364195,-0.08530535838689932,1.91180573681327,0.5302013422818792
3552260.706047564,0.28854908347104646,-0.07001107645050984,2.3026844850460684,0.6040268456375839
3634563.8765270608,0.2944654434712555,-0.06606540871492546,2.0176815464408326,0.5570469798657718
2276874.887683574,0.17887520513415378,-0.05632913208040408,1.55524511757233,0.5100671140939598
4233887.2959289905,0.33458997615187824,-0.05466308887544012,2.1344913169908653,0.5570469798657718
2900747.613592353,0.2373768561306071,-0.06667207431741606,1.9371233964907966,0.5637583892617449
2489095.876378768,0.200074824423929,-0.07846591202408745,1.9306164655089832,0.5771812080536913
2886245.5953506324,0.23613714438578315,-0.09320213945628701,1.89310846977005,0.5503355704697986
3189582.9847853584,0.2610920305239901,-0.09003109264107077,1.8552572469247641,0.5033557046979866
2253492.6027207086,0.17644391396848014,-0.07618422016644688,1.4218338428701771,0.48322147651006714
2495275.31016063,0.20067009516116463,-0.06822985054775142,1.6307693708252644,0.5369127516778524
4634220.734149618,0.3589245456965575,-0.04265255545747597,2.4187136125634505,0.6308724832214765
2506233.2647435167,0.20172279165011098,-0.06521326681809368,1.7003963198958059,0.5302013422818792
2248035.4378176765,0.17587357472537968,-0.11079245430006669,1.4624965753117611,0.5503355704697986
2207980.837027093,0.1716531378664139,-0.11156138186823619,1.4755310500177157,0.5234899328859061
3790614.8391338163,0.3053949602588655,-0.056234486268144965,2.137932672584335,0.5369127516778524
2368335.442587755,0.18819752350626318,-0.09083838998604263,1.6104058932380843,0.5234899328859061
3360028.5691717714,0.27429093606075217,-0.08693537257899243,2.0445208362202454,0.5704697986577181
3249071.8149089557,0.26576144263410817,-0.09278561796510605,1.9253296908950428,0.5503355704697986
2735806.9298712197,0.2229736194841765,-0.09107063903866329,1.571146762616664,0.47651006711409394
2570438.5368640865,0.20781785305954048,-0.05710507263709829,1.8044934882396466,0.5503355704697986
3361498.3247363553,0.2744023975285377,-0.049761247807129025,2.112874565227897,0.5637583892617449
3035585.881549373,0.24867237828310684,-0.08549239087209048,1.8523001110376427,0.5167785234899329
1694111.2034433538,0.11119014975913166,-0.09521502645916191,1.018050387130701,0.4697986577181208
2167556.6608024896,0.1673311958168615,-0.12338349244062552,1.5553574145030866,0.5570469798657718
2429622.316581784,0.19428438380230273,-0.060837606309765875,1.6670911149065109,0.5704697986577181
3903625.8704517814,0.31308741063025525,-0.05444755473313632,2.276892989626996,0.5704697986577181
2870662.809718029,0.2347994762056862,-0.07947995537647014,1.8641499063275648,0.5503355704697986
2813189.554827741,0.22981503804791092,-0.06550383100137783,1.734415801690165,0.5100671140939598
1575856.7083811702,0.09522499083551628,-0.08253014165010374,0.8517966726668833,0.436241610738255
2569637.5503447563,0.20774256890744502,-0.09122846271458739,1.6867026346680134,0.5503355704697986
2150479.895131561,0.16548604364114206,-0.09531632064539293,1.3021743583676977,0.5234899328859061
2483182.473665655,0.19950407267659132,-0.09590922695473866,1.6845480443154994,0.5369127516778524
2904508.9482446075,0.23769758560797172,-0.0555196287518544,2.1762376335302758,0.5637583892617449
3561186.7796539525,0.28919600337938633,-0.08631994480956211,2.2635879559667207,0.5771812080536913
2576107.1639549015,0.20835010755686212,-0.10506100746434986,1.7026943243758133,0.5436241610738255
2319662.25334398,0.1832729897305383,-0.08961606670285517,1.4325806413313102,0.5033557046979866
3773618.368504626,0.3042222213381438,-0.057257307535101686,2.6057578980044402,0.6375838926174496
2285451.611210642,0.1797620071704713,-0.1076007109499741,1.3262892670817887,0.46308724832214765
2342472.195821381,0.1855909865849521,-0.09352844929179359,1.651515783745826,0.5436241610738255
2985354.7752469955,0.24451229032793487,-0.06045262952872,1.8847120703081797,0.5167785234899329
2500679.1032333598,0.2011896818911485,-0.0827063204724088,1.7697755173314422,0.5503355704697986
2616320.3139956268,0.21209925039287958,-0.07678083303970529,1.803094979908262,0.5570469798657718
2868740.0770271467,0.23463402133946065,-0.0982917673825124,1.807967936772917,0.5503355704697986
3587481.5479067625,0.29109421501713695,-0.10983832318778011,2.006400816993925,0.5570469798657718
2508225.357690649,0.20191377010040812,-0.08104373890536477,1.7010586202705897,0.5503355704697986
2931266.6930252924,0.2399696823607702,-0.05420799127164902,1.7426374557100364,0.5570469798657718
2866570.8641350195,0.23444724983830678,-0.07167344697222114,1.865488129636847,0.5704697986577181
2490842.6967792343,0.20024321705070336,-0.08365636141329931,1.9769496746751665,0.5973154362416108
2169301.304673495,0.16751904989989952,-0.06381999561568248,1.4404679113414567,0.4899328859060403
2000957.411166118,0.14880831160747054,-0.11599266836546926,1.2403765601199221,0.46308724832214765
2442395.1772533394,0.19553745518618837,-0.11246048354442846,1.4831465949409488,0.48322147651006714
2483346.1161815817,0.1995198817999544,-0.11313173714997693,1.536448740048146,0.5302013422818792
2654134.9835143876,0.2155829536924001,-0.09301735125541426,1.5896616661530862,0.5436241610738255
1975637.985519962,0.14588615866160937,-0.08687226389230066,1.3280643227791402,0.5369127516778524
1869153.4091669132,0.1332585111456268,-0.11459603726105741,1.2009536085574082,0.4899328859060403
1828421.3280293366,0.1282757545503017,-0.11793055535961865,1.1566570611877445,0.5033557046979866
3931125.2627748773,0.3149322485151118,-0.06118830390530933,2.31522627355277,0.6241610738255033
3150047.1230206504,0.2579500888396511,-0.04785914238889193,2.00795794511725,0.5704697986577181
1597933.1548358526,0.09827657722139604,-0.0974695188386134,0.9811117527257474,0.48322147651006714
3025227.640073483,0.24781905108055868,-0.08350337717789527,2.0604127149412452,0.5771812080536913
2604232.4325765274,0.2109771504209299,-0.11940575902161903,1.657309975401323,0.4899328859060403
2132714.7708139466,0.16355403179111905,-0.1011967711238469,1.5401749116922172,0.5436241610738255
2399075.8174845655,0.19126613135286274,-0.08247127247010713,1.7116962281389028,0.5503355704697986
1719116.3124645264,0.11445118992701153,-0.09339373003848161,1.1475447750881669,0.5100671140939598
2522227.4653944545,0.20325271451925642,-0.09883497829565864,1.5231109642513967,0.5167785234899329
3826524.940607318,0.30785895286859155,-0.051075203015290636,2.455248813127595,0.6040268456375839
3369059.846605452,0.2749752231969853,-0.05812938592105523,2.1180297765138665,0.5771812080536913
3229892.1841413733,0.26426351547741933,-0.07443454563053983,2.0215794812264694,0.5704697986577181
2584126.8698002216,0.20910151789170972,-0.08330792772925041,1.571996274318784,0.4697986577181208
3980129.9868755164,0.31819436618331265,-0.05186094506554887,2.1825762522248735,0.5503355704697986
3004524.8046988347,0.24610649239068816,-0.09754509488993471,1.767739676788229,0.5234899328859061
2003409.0239499612,0.14908968229943076,-0.09373602964522666,1.211614460202388,0.5369127516778524
2565760.7216434707,0.20737792298704383,-0.08240576332164341,1.5439188804727815,0.48322147651006714
4420372.285953476,0.3461447738598027,-0.10521987158428134,2.325329803166022,0.5838926174496645
1512007.433291152,0.08620246803387288,-0.07224038852332608,0.9213022752836374,0.48322147651006714
2326213.558617762,0.1839406076101493,-0.05256005451838534,1.6882115257745574,0.5100671140939598
2412430.2536326605,0.19258942284588043,-0.08463684959592815,1.7130580548043979,0.5302013422818792
2477835.784575816,0.19898708238992624,-0.08853287496691668,1.5546988559148245,0.5100671140939598
1988626.8065041008,0.14738893627944605,-0.1271557759106307,1.3032266431823067,0.5167785234899329
3245954.8095157496,0.26551848708579784,-0.07892341544037511,1.919873332440882,0.5704697986577181
3700948.1240181206,0.299159877278389,-0.07969187326047923,2.023500574841695,0.5570469798657718
2596288.0607827026,0.21023741511598892,-0.08120070380656727,1.7154275076421817,0.5436241610738255
2787932.6045311256,0.22759879704545294,-0.058065445116463374,1.6925123496734804,0.5100671140939598
1867368.082210814,0.13304194139788295,-0.13943834078421752,1.169991178521383,0.47651006711409394
2946029.9422404347,0.2412161887598323,-0.09205397910670282,1.8929776090730026,0.5100671140939598
2129772.3946838635,0.1632327976006236,-0.07798806536830205,1.672665835814729,0.5436241610738255
3516855.300399685,0.2859701858919581,-0.0728673735876931,2.4254422821992576,0.6308724832214765
2161092.3901349027,0.16663410099596399,-0.09191179599571332,1.4111469306446964,0.5369127516778524
2674612.528714986,0.21745291797069366,-0.0412886285880402,1.8633233316206834,0.5637583892617449
4504613.186933099,0.35123691306160487,-0.053695054528199726,2.51097908746491,0.6174496644295302
2741380.217128711,0.2234714935033033,-0.07384830907733644,1.7770511833591127,0.5436241610738255
2681741.6714381315,0.21810124787765361,-0.05746044218834153,1.8550075162357074,0.5570469798657718
3500255.4602473243,0.284753910790839,-0.05476280719108152,2.3837335910779327,0.5838926174496645
4665764.22537638,0.3607694725560353,-0.06736742527179823,2.3018381863952797,0.6040268456375839
1956080.916494669,0.14360846993961562,-0.07665977517948672,1.355982849457067,0.5369127516778524
2438881.1268019886,0.1951932358003683,-0.09058408321210747,1.5996900468660502,0.5704697986577181
3335963.7650016155,0.27246036871021095,-0.07324495810193969,1.8597583383017335,0.5302013422818792
4911913.702874093,0.3748336258441938,-0.054754654462454734,2.5135745821653472,0.5973154362416108
2932361.326711008,0.24006227781690748,-0.08658692747307804,1.9121598380697202,0.5436241610738255
4346512.888307691,0.34161589298649253,-0.06668043555717174,2.493468270685439,0.6510067114093959
2259249.677845783,0.17704440100050367,-0.07222637871261982,1.4664363684454007,0.5234899328859061
2317403.7899516197,0.1830424889251112,-0.11448881235191619,1.4810893117930528,0.5436241610738255
1596139.9322277538,0.09802996627430738,-0.14613939059799397,1.0480769410207098,0.5033557046979866
2098681.989604946,0.159816618056418,-0.08511029476793604,1.418135790420314,0.5436241610738255
4049323.250455837,0.32274609908174634,-0.047719318580932236,2.334045994335747,0.5838926174496645
3291031.051487404,0.26901394931289047,-0.07886643664486298,2.0566271384962036,0.5771812080536913
2343152.6816853913,0.1856598611848188,-0.05888226403956887,1.691479356842406,0.5100671140939598
3127384.4681224287,0.2561348217032309,-0.06199130465258444,1.9631111183464762,0.5436241610738255
2401820.4272236396,0.19153857505312755,-0.07870686614656124,1.9035939213126642,0.5503355704697986
2307097.807889185,0.18198836433364374,-0.08717460961308776,1.4773446424569214,0.5234899328859061
3246248.671263584,0.26554140015945693,-0.06309431958243061,1.944406652160829,0.5503355704697986
4070921.1988726016,0.32415412920615494,-0.08282283612147436,2.1890503311615404,0.5704697986577181
2504873.3456853665,0.2015923488400333,-0.08197683198646541,1.9004455275377443,0.5838926174496645
2520637.3998462795,0.20310096505514852,-0.0934953811878219,1.6928189466816423,0.5503355704697986
2950855.5144107994,0.2416225429324772,-0.11310745882088012,1.6771341098341033,0.5033557046979866
1953693.2966345842,0.14332915261639645,-0.05539736646452116,1.3997444328012552,0.4899328859060403
2721506.4685496525,0.22169240559003023,-0.06333023909943468,1.7228286872566967,0.5704697986577181
3495828.072001579,0.28442873541366454,-0.05817257316401808,2.0702074974548337,0.5503355704697986
2178374.664149145,0.1684940773184782,-0.07115439326912404,1.695918996453718,0.5234899328859061
3213791.2691239594,0.263000531495011,-0.0858424078709714,1.9815936221323234,0.5503355704697986
3019706.388404372,0.2473632468305893,-0.1362473865891292,1.8185518656789719,0.5369127516778524
2572687.758707945,0.2080291555196938,-0.05407908648793391,2.0199975337152534,0.5973154362416108
3473992.4048616043,0.28282014970120906,-0.09170936358221653,2.012762958616582,0.5436241610738255
1988451.947937411,0.14736875774810176,-0.09926256912653966,1.3796929373361222,0.5234899328859061
3697014.5459495992,0.2988835955990552,-0.06316802291904401,2.1586530495640224,0.5637583892617449
2225413.452197178,0.17349742722683947,-0.13274044945568658,1.4134552080721006,0.5100671140939598
3828155.1349082612,0.3079703699382561,-0.03810588414618165,2.090607200010622,0.5570469798657718
2317704.101333259,0.18307314933147345,-0.07991841223075415,1.5714481589329081,0.4966442953020134
2375446.0477438853,0.1889101484977933,-0.06769453009403688,1.6184090841662353,0.5369127516778524
2173946.641587142,0.1680186466800475,-0.1055754964586502,1.6075256352461464,0.5436241610738255
3293076.3058812628,0.2691716391896146,-0.055574864422010144,1.885100535022591,0.5570469798657718
1882198.3890991886,0.1348359351046302,-0.10334049943618588,1.163944024552293,0.47651006711409394
2534065.5650889957,0.20438009566815807,-0.0870684747274524,1.8149783310384877,0.5570469798657718
2295614.121879997,0.1808093341733057,-0.10288629056969185,1.3832606837924437,0.48322147651006714
1925072.755413397,0.1399595193218075,-0.09065097960754365,1.2466911679655674,0.4899328859060403
3162605.7649662043,0.2589515348845617,-0.04497008139416034,2.2046605430327735,0.5838926174496645
2213674.1362966322,0.17225673934830255,-0.12427820516897789,1.4185656428661506,0.48322147651006714
3474231.3732910743,0.282837797700757,-0.06258701808441862,2.018108290851052,0.5704697986577181
2193832.4315302335,0.17014771927477823,-0.11496776487950577,1.4462067774230665,0.5234899328859061
3184687.6903454377,0.2607046939817206,-0.11932532111619532,1.9163260999178047,0.5771812080536913
3101924.090644064,0.254082862618463,-0.04541739610375005,1.974864058247047,0.5637583892617449
2086800.545961028,0.15850040068827354,-0.1137061794323636,1.2518580407460962,0.4429530201342282
3835173.23878336,0.30844959544264916,-0.06917694328146512,2.2700650149125687,0.5637583892617449
2541561.1647027847,0.20509174960957188,-0.10033929936585405,1.6374954850397023,0.5033557046979866
2961088.158574039,0.2424824627274309,-0.061017462586395094,1.9266307302876613,0.5838926174496645
3002441.1963505694,0.24593361191277152,-0.06144834209055995,1.8934621511142535,0.5570469798657718
2054787.8408634833,0.15492397631202137,-0.15339428273652342,1.2788670609833626,0.46308724832214765
2823810.1382811586,0.2307422186331145,-0.054523395127282555,1.9723288612215493,0.5570469798657718
1801973.1402292908,0.12499259195789203,-0.0834016855188152,1.170324235533969,0.47651006711409394
2691629.3909538914,0.21899816645155545,-0.1082340874666544,1.725011190394675,0.5369127516778524
2562860.4600266838,0.20710484247835992,-0.05592000526872229,1.747463872051245,0.5637583892617449
2636338.029906349,0.2139483772433155,-0.07981140044618391,1.6614996597035876,0.5167785234899329
1827865.57420784,0.12820715768991175,-0.15690341867549437,1.051288499574802,0.4563758389261745
2546386.7976655895,0.20554902122476282,-0.13986270319301086,1.5305822097211639,0.5369127516778524
2965193.346223033,0.24282678192230667,-0.0727268338582422,2.0458379524732706,0.5838926174496645
4639512.134615165,0.35923473083911506,-0.06249493702682146,2.2557796455778147,0.5704697986577181
2649517.335442475,0.21515968624904858,-0.08602963340720457,1.7793789952136034,0.5369127516778524
2982613.3140277416,0.2442836383686815,-0.09477110987640298,2.096979031737387,0.5838926174496645
1979879.763549777,0.14637778979816507,-0.09707849773540474,1.3816191921429117,0.4966442953020134
2488993.3202072466,0.2000649351216217,-0.08894582102962921,1.5114714634202697,0.4899328859060403
3602032.389441853,0.29213985674545206,-0.05229746757676028,2.1465955501532865,0.5570469798657718
2129022.039863202,0.16315082073102372,-0.11779527503070096,1.395570372880797,0.4899328859060403
2029018.2634792952,0.15201249941909056,-0.05730975096759022,1.3509946980529266,0.5369127516778524
2844987.5727404305,0.23258271949645848,-0.07055761402315079,1.7538493436794913,0.5906040268456376
2306201.6271441244,0.1818965225542586,-0.06250189782680352,1.5896460729394193,0.5234899328859061
3267782.33970979,0.2672159315599385,-0.11967258499472344,1.9823702746841338,0.5637583892617449
2773112.52109286,0.22629087986121466,-0.1064047212069825,1.7978960429171347,0.5369127516778524
2765607.2978430944,0.22562638705810079,-0.07598457838421177,1.739966632029646,0.5503355704697986
5860171.864918394,0.4242363656491912,-0.09485393464055476,2.748953901622297,0.6375838926174496
2512711.1676484942,0.2023433729577191,-0.05999897114336183,1.765147971526163,0.5436241610738255
3408217.2119685607,0.27792525530539325,-0.0662905637416629,2.005575795495583,0.5369127516778524
2944892.2343315464,0.24112030652570104,-0.04872931194094928,1.934078737431252,0.5637583892617449
3199965.0329842293,0.2619119311114053,-0.06264647023163848,2.1023456378214718,0.5704697986577181
2155692.6900983313,0.1660505276492681,-0.07398725236765379,1.3726768306173145,0.5033557046979866
2528312.217755506,0.20383271295347694,-0.07429771327897941,1.812641097240699,0.5436241610738255
3110771.217475885,0.2547974122720602,-0.08093646641340922,1.720128632938187,0.5234899328859061
3602043.282406087,0.29214063826070213,-0.07890929393211256,2.1307898500117086,0.5771812080536913
3034064.9799587796,0.24854723021651792,-0.060990369664976805,1.989556576124315,0.5771812080536913
1975855.3075553097,0.14591136726334453,-0.065340534406547,1.4233154872218252,0.5302013422818792
2588214.166355524,0.20948376172243677,-0.10381934515573339,1.8247824111603828,0.5704697986577181
4365218.935664892,0.34276869016247113,-0.05425839351502272,2.418101472626487,0.6040268456375839
4848545.834533995,0.3712678727214056,-0.059053036617067484,2.5560407652874533,0.6308724832214765
2784892.1174595994,0.22733091915059855,-0.08046734161189352,1.9500044940557284,0.5838926174496645
4930399.7249602815,0.37586691072476097,-0.05608133237955629,2.4215618856579155,0.5973154362416108
2304462.704032366,0.18171823395117492,-0.100744458154998,1.5331047562999383,0.5234899328859061
2010583.6252614195,0.14991152904456673,-0.11893011344216281,1.1844949998924053,0.44966442953020136
2110108.6566115,0.16107684416568135,-0.12079093575877839,1.3481222463972793,0.48322147651006714
5055090.360215226,0.38275674182504504,-0.04434032973670234,2.6672118794268407,0.6174496644295302
2417607.9674620875,0.19310090643203526,-0.0780248563667018,1.536645938504993,0.5234899328859061
2415772.529546384,0.19291969194338865,-0.06920873054610042,1.5346744463861304,0.5302013422818792
2895240.231924236,0.23690664025472685,-0.09447306639869318,1.8561263539234547,0.5973154362416108
2080735.672824923,0.15782622602412077,-0.12003689915099873,1.3388921033046182,0.5100671140939598
2543894.657627822,0.20531295545232076,-0.06649935866395151,1.6996379565913162,0.5570469798657718
3123498.6209838935,0.25582251116144117,-0.06863399672340899,1.9970171214976313,0.6040268456375839
3279098.565515524,0.2680923840028915,-0.06627942141068131,2.054558635061399,0.5637583892617449
2078506.6187311327,0.15757804803936026,-0.09025207956465033,1.2727315742700727,0.4966442953020134
1970241.9488476727,0.14525952461634684,-0.06468134618942196,1.3395819036267205,0.5100671140939598
2340454.75665923,0.18538669966912136,-0.06823040061295672,1.6351212599825438,0.5704697986577181
2278972.4995907014,0.17909233712775863,-0.07678700173412496,1.558934541083442,0.5234899328859061
3153985.986436138,0.258264523321432,-0.0694038202353397,2.0628713156411376,0.5838926174496645
2587798.5164019046,0.20944491221974681,-0.0474834055502915,1.7831014141885386,0.5771812080536913
2454997.024358473,0.19676862222577407,-0.05046865031692449,1.814786507411801,0.5503355704697986
2311388.1870458866,0.18242765305341946,-0.06849240764636337,1.539950380418751,0.4966442953020134
3160773.9395018728,0.25880566061848453,-0.04903991598686843,1.9541922296262715,0.5503355704697986
2534450.1552239214,0.20441665072760862,-0.13138325300118472,1.624063391706618,0.5167785234899329
2895281.770431639,0.236910189456635,-0.08910230601179397,1.6679324462061695,0.4966442953020134
4359688.463122392,0.3424282760050892,-0.062112144084480514,2.3954149856778733,0.5906040268456376
3025578.9236116377,0.24784802859796984,-0.10674531826717189,1.9577366826331801,0.5234899328859061
2370740.80982269,0.18843878080040777,-0.08406219735398128,1.570810232058473,0.5033557046979866
3169697.5532622635,0.2595156406233503,-0.05722045146046336,2.108925443325239,0.6040268456375839
3863051.162488427,0.31034631591185424,-0.061233842228907195,2.1369894897982507,0.5973154362416108
2729198.1669891113,0.2223821915168287,-0.0765746979189595,1.6908212750298612,0.5503355704697986
1986490.0405956737,0.1471422579213748,-0.06923867092517956,1.4453209209395936,0.5302013422818792
3217853.874026074,0.26331968598758126,-0.0736326911504819,1.9973990951381315,0.5704697986577181
2254820.7356309453,0.17658255260076472,-0.06653759314002618,1.6531030820143255,0.5771812080536913
2590745.419488936,0.20972024235459008,-0.034067028388110904,1.960720603304591,0.5637583892617449
2001372.0559700737,0.14885591960905087,-0.1006948638198038,1.451280622265484,0.5436241610738255
2909010.099100051,0.23808096286289504,-0.11790144410313806,1.9215439627066313,0.5436241610738255
2368134.808263205,0.1881773911143807,-0.12083717265818467,1.616204484372495,0.5704697986577181
3028776.961761447,0.2481117123105112,-0.1420016213796225,1.7829234169157122,0.5436241610738255
2892369.7718731402,0.2366612789242326,-0.06812430280331298,1.8554338798804741,0.5436241610738255
5375250.508264801,0.39984432753853105,-0.06186614504770404,2.502455783327095,0.6174496644295302
2512983.4750801455,0.20236943188946532,-0.08468426327056333,1.512826907665306,0.5234899328859061
3943441.8191017415,0.31575517718878054,-0.05371087642633639,2.378248673256649,0.5973154362416108
3624067.0480313706,0.29371688015594866,-0.10799359311874059,2.0565394816912477,0.5503355704697986
3515167.7570381584,0.2858467490761174,-0.05458000355226978,2.004235013418769,0.5436241610738255
2147794.587047303,0.16519482924813755,-0.0841725292292873,1.4774619096716537,0.5234899328859061
3158584.4910328984,0.25863121890596186,-0.09546835476755787,2.072319006250209,0.5436241610738255
5735228.8451993605,0.4181107536689097,-0.05320760319755502,2.796961120454111,0.6510067114093959
3009748.317002867,0.24653947472315796,-0.08214435998566387,1.8888100615798151,0.5704697986577181
2020024.9079714036,0.15098945534993846,-0.07889801897896034,1.2669013604306227,0.5369127516778524
1575820.7531667405,0.09521999299420458,-0.16630758404960613,0.9088610563198231,0.47651006711409394
2538673.898519643,0.20481782326377163,-0.06745847390912188,1.767741893560231,0.5838926174496645
3030860.961985383,0.2482834218509491,-0.06275796171686049,1.880939028986259,0.5771812080536913
3111817.995582607,0.25488184906322564,-0.05693207593191493,1.9319512459236428,0.5637583892617449
1951827.762566479,0.1431107217475278,-0.0844965553231994,1.37622335050004,0.5302013422818792
4478538.498146446,0.349668967364698,-0.069440123004936,2.5050890250123543,0.610738255033557
2264930.3811137658,0.17763572343471878,-0.06502457667042315,1.7159062119843906,0.5570469798657718
3801447.1107870205,0.30614018274824595,-0.06275503600436128,2.4470398139308593,0.5838926174496645
2128895.1440454675,0.16313695497568292,-0.08415361945845598,1.2779891877346514,0.4966442953020134
4253398.065921458,0.33581773736340836,-0.05774621860502865,2.2549009546558527,0.5771812080536913
4781198.155421383,0.367437068729763,-0.07366583525678505,2.339745721532483,0.610738255033557
2078075.146084007,0.15752998422870879,-0.059218136396876536,1.2708635727875706,0.48322147651006714
3426213.6363441455,0.27927198072565096,-0.05923058855943813,1.9546892565501977,0.5637583892617449
1984036.4033336567,0.14685873647472203,-0.07413137734617514,1.4037924073834958,0.5302013422818792
2243710.8910140926,0.17542082049872176,-0.07775559996355826,1.6090615775150885,0.5100671140939598
2927448.4985266747,0.23964648323675064,-0.06867609693811953,1.9468380066917788,0.5369127516778524
3046205.4144935315,0.24954481616829272,-0.10717987142574728,1.934511458374152,0.5838926174496645
2930859.060699854,0.2399351935273517,-0.10984347756787016,1.7601155370995318,0.5369127516778524
2486990.674968021,0.19987175837316573,-0.09879898946674355,1.7638912250094745,0.5234899328859061
2680864.5736500886,0.2180215583444165,-0.07108730579909883,1.8778406624617823,0.5838926174496645
4270418.017703243,0.3368850839775881,-0.05672419007594815,2.2373831367586177,0.5771812080536913
1616400.501300894,0.10080348367900505,-0.13692490877348995,0.8623584019692506,0.4228187919463087
2080908.7628285114,0.15784548858399616,-0.0935121664135051,1.4413499466670412,0.5369127516778524
2739471.0008954965,0.22330103027352588,-0.06901754489673279,1.9114709668902552,0.5369127516778524
2411455.5314369495,0.1924930361176158,-0.08292972009807095,1.5314699623168158,0.4966442953020134
2366612.087946707,0.18802455121933392,-0.07413143815389427,1.7291034024102567,0.5704697986577181
3889878.1771719605,0.3121612252136421,-0.0676200546889516,2.186631896297668,0.5838926174496645
1875648.5388573224,0.13404501173013839,-0.07210415027844001,1.2196753038838526,0.4899328859060403
1664958.3976717067,0.10733920755778126,-0.10893581597094561,1.105902470009807,0.4966442953020134
3169707.074553108,0.2595163973012433,-0.06345286827253177,2.0844141208388427,0.6040268456375839
2534323.6325798295,0.20440462531673775,-0.11386698749636254,1.6470970462398353,0.5503355704697986
4177901.255953264,0.3310416160970182,-0.04961894592247248,2.404716089390585,0.6174496644295302
3157578.6414073883,0.2585510465986116,-0.09042434488371098,1.8992462196212758,0.5637583892617449
3144320.0383993634,0.25749234129793996,-0.07428963834343616,2.0832005141013346,0.5436241610738255
2929808.038004575,0.23984625120864722,-0.0630060767255836,1.9082660692952966,0.5637583892617449
3355940.6537113236,0.27398071664265067,-0.07006392607609431,1.8948314971618028,0.5637583892617449
4332229.257213276,0.3407329605509397,-0.06706908691843348,2.3334680813100825,0.5637583892617449
3442526.5465534073,0.2804878429192166,-0.08385300808831125,2.2265997488994183,0.6040268456375839
3424959.7883117907,0.27917833522202473,-0.056904088851515315,1.9935769376625336,0.5369127516778524
4390508.73853517,0.34432095746525393,-0.07228371758200024,2.491970457705268,0.6308724832214765
3210145.0248798244,0.26271381095758795,-0.07109671145047007,2.07423853520455,0.5973154362416108
2902995.1432563867,0.23756854324362853,-0.14917272476214397,1.8824605712444262,0.5369127516778524
2088140.2954942468,0.1586491165721311,-0.09149989250839012,1.4579623721101351,0.5234899328859061
2278223.1145471246,0.17901478372112734,-0.0823477626648915,1.659804833171933,0.5503355704697986
2858731.964761813,0.23377136841982615,-0.06834745026175974,2.014721240917654,0.5503355704697986
2427887.4825109234,0.19411378302721038,-0.1213377594956449,1.6613797821705703,0.5771812080536913
1859264.4728089725,0.1320568427434592,-0.10389632561786312,1.1963744739863862,0.4899328859060403
2969801.754486812,0.24321285428191453,-0.06151478501486895,2.059179857895845,0.6040268456375839
2909255.3180522094,0.2381018353019444,-0.0627124165231646,2.2533470452788498,0.6040268456375839
4456667.721003542,0.34834817312021116,-0.04915259199036572,2.5888305953841653,0.5906040268456376
3313250.616545205,0.27072290285123257,-0.05307859974538026,2.080097629522138,0.5838926174496645
2324060.1263472387,0.18372132589433732,-0.07534027629532042,1.6504726368223868,0.5704697986577181
3083272.8190940246,0.25257111058670145,-0.06522660109567154,1.9681012548055101,0.5704697986577181
2019375.5875845365,0.15091545061591538,-0.12936399870170606,1.2452677022272967,0.4697986577181208
3118705.090730969,0.25543682045326865,-0.05366670316970944,2.0948386058655704,0.5771812080536913
2276855.160345493,0.17887316232095807,-0.1124666059537063,1.5597595680780996,0.5302013422818792
3261293.675452949,0.2667122825109669,-0.0644710200199929,2.026566405880514,0.6040268456375839
3206059.7293910794,0.26239225620183704,-0.08034748745227037,2.1594172321986185,0.5906040268456376
2212691.1142752394,0.17215260849049963,-0.09084986824710435,1.460738523903944,0.4966442953020134
1534562.778599282,0.08942398358804149,-0.16661235095026056,0.8661908681827565,0.4697986577181208
3246161.956804367,0.265534639007011,-0.06539664614468778,2.0689092805746245,0.5570469798657718
2207915.9341902486,0.17164624971726905,-0.08024689774913495,1.4529290344588792,0.5100671140939598
2667375.276842805,0.21679334088879432,-0.07875822699318084,1.987617077829376,0.5570469798657718
2868557.9982543266,0.234618348511048,-0.06743193458372032,1.7974567302904252,0.5570469798657718
7737828.03080606,0.5056492588590431,-0.04202795192991049,3.270656265084776,0.6644295302013423
3561709.6163098193,0.2892338558925325,-0.07903880805970796,2.0336689181563483,0.5637583892617449
2514906.9946155865,0.2025534421169719,-0.1148983574776032,1.414967679548874,0.4697986577181208
2890971.8171054265,0.23654171393133572,-0.12854474397455432,1.8218874042896034,0.5436241610738255
2758081.9247186715,0.22495866021597988,-0.0718938199886049,1.6664596181859097,0.4899328859060403
2412470.8351411344,0.1925934351278562,-0.11244263510229807,1.5058683197498475,0.5234899328859061
1893101.5553823572,0.1361476707724245,-0.07726716390856281,1.266231376457662,0.4899328859060403
2897873.1811927822,0.23713152856444952,-0.14082554745039108,1.8125167590804876,0.5570469798657718
2351887.696789479,0.18654254781385227,-0.06514981896184278,1.6759984563780517,0.5503355704697986
2207676.314484558,0.17162081743394708,-0.1403920754032665,1.5489165507848806,0.5369127516778524
1860389.94280241,0.1321938633382369,-0.10079345593184261,1.1429160153504585,0.5167785234899329
2909345.5638307007,0.23810951644817546,-0.051576697303882126,1.9720649288225056,0.5771812080536913
5705568.203602839,0.4166409131728812,-0.036113093052720036,3.1423029121376262,0.6778523489932886
3698168.0717781703,0.2989646398468184,-0.052265013212792026,2.1634338896761864,0.5906040268456376
3161204.73952194,0.2588399727174664,-0.058206644136952854,2.107774389578937,0.5838926174496645
2831817.3946928605,0.2314394120808998,-0.06601923744849846,1.991871236526111,0.5503355704697986
3967507.2712404053,0.31735719046392563,-0.05336903283907226,2.3982627282302884,0.6174496644295302
2613771.7328924504,0.21186301497528626,-0.06688028662102509,1.6531385215821495,0.5570469798657718
3344158.9636881994,0.2730849458478739,-0.11098513696846951,1.8244599868110933,0.5234899328859061
4026101.756269488,0.32122550707102704,-0.09021021769942857,2.3147505493479072,0.5973154362416108
2628256.6824795874,0.21320322320194185,-0.044490231311994144,1.8217164971768562,0.5637583892617449
2740208.500079966,0.22336688870940913,-0.0690923761801067,1.7504975074557017,0.5369127516778524
2573328.068680502,0.2080892822192657,-0.08604392092311201,1.774210182450769,0.5436241610738255
1649262.160155889,0.10524342237077033,-0.09384028183259553,1.1699293825630186,0.4966442953020134
2736270.7694036434,0.2230150862294431,-0.06713616894065545,1.9421259993769544,0.5973154362416108
3085072.4182000407,0.2527172929004531,-0.06432250031804296,1.7138218620596626,0.5033557046979866
2170573.034382136,0.16765590692464527,-0.09317530723103054,1.5159909327218402,0.5570469798657718
3609118.373310923,0.2926478413985527,-0.057656605494897366,2.391751226020683,0.6308724832214765
2620382.420339795,0.21247539860902398,-0.06426371324595558,1.7238381558898455,0.5503355704697986
3273636.2439260343,0.26766962461926713,-0.05116449181929372,1.9559957652777928,0.5838926174496645
2496614.793754856,0.20079897333862662,-0.0734792946772073,1.6094150713356519,0.5369127516778524
3319509.217440027,0.27120260970685073,-0.10312702801174987,2.055069110014041,0.5503355704697986
2258452.916402461,0.17696136848501487,-0.07134572457414921,1.54423207270599,0.5234899328859061
3016669.6498462097,0.24711226609188253,-0.04845426063564158,2.2760298656799782,0.610738255033557
2942380.6136537776,0.24090853053114447,-0.10184095983243692,1.767740404517368,0.4966442953020134
3241460.2714049374,0.2651678306931693,-0.05763851274558867,2.0133384563260033,0.5637583892617449
3627045.9348674165,0.2939294904447196,-0.06390199366762767,2.3033441831717982,0.6375838926174496
2460185.5566281234,0.19727405908113105,-0.05618034940911339,1.77263246291314,0.5503355704697986
3434917.882189441,0.27992131557745803,-0.09059529262316755,2.2876712955146004,0.6040268456375839
1763150.1045853253,0.12010273443226205,-0.09887978464135141,1.1111172796296154,0.48322147651006714
2533691.342880557,0.20434452181314433,-0.10640645199386256,1.568725192166252,0.5033557046979866
2057676.173100143,0.15524847989955992,-0.11868236176287962,1.3063162006994464,0.5033557046979866
2524007.5910270414,0.20342251177928672,-0.07836706379158231,1.7070285932692246,0.5234899328859061
3381437.9989439957,0.2759107183109155,-0.1033333547551302,1.950115834011299,0.5302013422818792
3747803.5259187655,0.3024329148315721,-0.07005792935252818,2.3590744593164996,0.6375838926174496
2424456.179483629,0.1937760668408659,-0.08670048608609726,1.6539144134487256,0.5436241610738255
3149455.7783918427,0.2579028553943168,-0.1088249453705976,1.7945329731950486,0.5302013422818792
1736268.8097731983,0.11666625634670091,-0.05598065130902309,1.089423606716816,0.4966442953020134
2504500.6394389546,0.2015565891373443,-0.07563204392221828,1.7040620719298898,0.5302013422818792
2725887.107165577,0.22208544896774818,-0.06664776945239084,1.7871682222501915,0.5704697986577181
2722385.1476068897,0.22177128373604105,-0.09248133395290813,1.6365711484025114,0.5100671140939598
2294414.1449077805,0.1806858604275774,-0.08947985693598853,1.5318856876145732,0.5033557046979866
2502069.145321397,0.20132319227099238,-0.05249223334758571,1.6142414047695126,0.4899328859060403
2115579.538366313,0.1616782858666057,-0.159378698020605,1.2602112176148532,0.4697986577181208
2931493.6351243304,0.23998888174709454,-0.0759749025838004,1.8302266260544438,0.5503355704697986
2764836.5948626725,0.22555806938904777,-0.049559137891574574,1.954449010486648,0.5570469798657718
2342209.9899035087,0.1855644434402126,-0.054248382870466044,1.7311957984363362,0.5570469798657718
2407948.223231292,0.1921459531281957,-0.05376395805724682,1.8037331849084233,0.5503355704697986
2786901.482425503,0.22750797766481146,-0.06492115595657234,1.7949347559063051,0.5369127516778524
3539547.3774193,0.2876254322239258,-0.12805348571754419,2.086988756342494,0.5906040268456376
3622261.5024706493,0.29358794598457294,-0.04092221397223569,2.1937732534730716,0.5771812080536913
3820502.009143576,0.30744698069626986,-0.05016442754531489,2.4368826420056293,0.5771812080536913
2412639.69522964,0.19261012969610203,-0.07479419272188359,1.5549405074215144,0.5302013422818792
2995517.518535544,0.24535845253698252,-0.07979453489377515,1.7202005924224124,0.5369127516778524
2362841.453326345,0.18764574269946221,-0.07291499874891821,1.483620472741603,0.5234899328859061
2598684.60293521,0.21046075818173393,-0.07833820050150987,1.9056974864533525,0.5906040268456376
3338873.447747785,0.2726822635015824,-0.06288126275108286,2.1101174453362903,0.5771812080536913
2746200.2003693352,0.22390142066407726,-0.07592645941455235,1.812212789678064,0.5503355704697986
3288673.5960631343,0.26883209132744224,-0.05670872372057279,2.100683031878712,0.5906040268456376
2003733.8009850373,0.14912693617399864,-0.07578364604089391,1.3765690104117279,0.5302013422818792
3010950.7885897364,0.24663906370241584,-0.0742471444014135,1.8273626844071265,0.5234899328859061
2723352.0397058367,0.22185805714595852,-0.06168657331441508,1.8030081037375438,0.5436241610738255
2204230.046433184,0.17125479973983504,-0.08280602889691747,1.4344870173487303,0.5033557046979866
3486384.9514557603,0.28373407069710965,-0.0583032248088886,1.9098423935207984,0.5570469798657718
3513520.8876260226,0.285726241676002,-0.058061476484075863,2.066379567859555,0.5906040268456376
3649781.334356886,0.2955475851859539,-0.053816521902795976,2.341031880704589,0.5838926174496645
3564370.9230260756,0.28942646124660754,-0.058182109488133515,2.3053003887153145,0.5973154362416108
1598389.7037123046,0.0983393282371452,-0.17317280428534784,0.9592025080499369,0.46308724832214765
2579652.5421202006,0.20868252398050813,-0.07471529724252887,1.7123350175893046,0.5570469798657718
2946173.390270121,0.24122827597906915,-0.06523366891445145,1.9121626043386122,0.5906040268456376
4691470.166013552,0.3622656057979199,-0.057660084832072724,2.521993689844859,0.5973154362416108
1982013.2139194724,0.14662474283716542,-0.09776526334597149,1.1335700003543348,0.47651006711409394
3269748.3368900525,0.2673683740030741,-0.07758401191238953,1.9625988771852265,0.5369127516778524
2659537.1617232817,0.21607738641186391,-0.09170227574672303,2.158620867826982,0.5906040268456376
2445595.595065706,0.1958506080688489,-0.07434378840790037,1.5987622437071727,0.5234899328859061
2664279.8602945227,0.21651079858179956,-0.08547315545245283,1.8401875137287158,0.5570469798657718
2441721.5734881205,0.19547150292792503,-0.08361472590585818,1.5899663259652113,0.5302013422818792
3564411.881708074,0.28942942462874566,-0.05474830086522223,2.0198036400906276,0.5033557046979866
2685077.906168458,0.2184041742159617,-0.07010784732737566,1.6385371855841355,0.5302013422818792
3145860.506032069,0.2576155314772286,-0.04733855146736246,2.14185814884139,0.6241610738255033
2962671.855382114,0.24261533919566736,-0.06215634883706407,2.0760046543370603,0.6040268456375839
2359747.077769175,0.18733451161045456,-0.07726662901100033,1.6226648255556528,0.5234899328859061
1765350.4031765286,0.12038215830399857,-0.08395925182641592,1.1038956951406689,0.5033557046979866
1339382.1931783343,0.06018316626148179,-0.10893812206415317,0.5961342765063522,0.40268456375838924
2178359.3342289524,0.16849243270043623,-0.08764275260993769,1.5192867078581433,0.5436241610738255
4017741.292030587,0.32067632844282024,-0.07000063032152117,2.2098422814866985,0.5906040268456376
2866097.974493913,0.23440651853468975,-0.052240468099661486,1.9026696547217898,0.5637583892617449
2845545.167431609,0.23263103096980786,-0.057260010592078414,1.817612177586581,0.5637583892617449
2636172.081423163,0.21393309407688643,-0.09105093113847812,1.7474631203130524,0.5302013422818792
2114910.202352867,0.16160476922309797,-0.06456878686025054,1.4822147340326166,0.5436241610738255
3194660.9022226706,0.2614933147772833,-0.0703013076694253,2.072642488972661,0.5771812080536913
2760623.5727257472,0.22518434363062645,-0.07189533350448873,1.9725040392759765,0.5704697986577181
4141610.912153867,0.32872118450836574,-0.0781523229834443,2.150706469413721,0.5570469798657718
3726692.5568610565,0.30096230502400534,-0.057533610249943704,2.3710106181294757,0.6308724832214765
2814945.0486691627,0.22996848622450017,-0.106554130649585,1.6874570551165469,0.5503355704697986
4275117.392034628,0.33717918913587486,-0.040281067670319366,2.414727110449675,0.6241610738255033
2855993.097278986,0.2335348697169437,-0.07476242224169664,1.7592360799561069,0.5234899328859061
3620930.756925128,0.2934928844093767,-0.08862876184290344,2.1514338450632597,0.5637583892617449
2282676.973516625,0.17947541147937796,-0.05478605826593826,1.5035698299844735,0.5637583892617449
1852517.8358426867,0.13123407798708775,-0.10140197833644873,1.1733314437938318,0.47651006711409394
2535436.0167556405,0.20451033600562551,-0.05689802960943084,1.6128333310010394,0.5100671140939598
3142325.5116498666,0.2573327685632103,-0.10024376115553743,1.9163130151665355,0.5234899328859061
3247479.6610217714,0.26563736522028836,-0.057782680680489,2.131909145176682,0.5838926174496645
3324714.9623475703,0.2716010667586224,-0.04172669372373905,2.303057753836291,0.6308724832214765
2122544.646348183,0.1624421976075383,-0.1010748422718937,1.4588571276659472,0.5302013422818792
2923417.3074599593,0.23930488838656938,-0.10115508929504331,2.060009722865931,0.5838926174496645
2279108.0889717517,0.1791063670114592,-0.08250671500031384,1.644080601616835,0.5570469798657718
2341897.6899721604,0.18553282616895506,-0.09425473649286806,1.4272425201492187,0.5436241610738255
3237453.61082512,0.2648549096139743,-0.07394125422801115,2.0502997191169037,0.5973154362416108
3014017.5192858684,0.2468929070848147,-0.07050519681905199,1.9332070181834828,0.5838926174496645
3182959.8144071237,0.26056786334575555,-0.06916628383065954,1.8524157052681811,0.5637583892617449
2637724.3651356436,0.21407602290185368,-0.05848804908554733,1.7903625315904188,0.5436241610738255
4326629.211483411,0.3403861621419295,-0.049370272866896846,2.7182252896521475,0.6375838926174496
2571497.234654992,0.20791733051902672,-0.085737351900169,1.5637979499918715,0.5100671140939598
3119509.3816026957,0.25550156734020146,-0.07393858608938837,2.096379652197151,0.5503355704697986
2577043.467488865,0.2084379313899869,-0.11385323222276597,1.8670249559940133,0.5838926174496645
2767026.2298174505,0.2257521260722375,-0.0691811178052361,2.0359126044783387,0.5973154362416108
2828513.390780217,0.2311519231477499,-0.10373249100966556,1.9381435462539973,0.5436241610738255
2349705.936300444,0.18632232362677525,-0.07681491885322309,1.5667985606743884,0.5436241610738255
2458488.1524853185,0.197108801705562,-0.06630261547518346,1.6109972875537983,0.5302013422818792
2067198.0157356088,0.15631568276310337,-0.0839726142745784,1.6827807138475104,0.5503355704697986
3395796.6744986773,0.2769924681099307,-0.08896638599791609,2.1456241248780024,0.5906040268456376
2774385.980302547,0.22640348579631775,-0.12751719981405363,1.7806783894684612,0.5167785234899329
2997579.4886844223,0.2455298543187756,-0.07167289112597311,2.1283253313733335,0.5906040268456376
2882806.2712240517,0.23584240133075163,-0.0896774868141176,1.889110364958294,0.5704697986577181
3389289.411980509,0.2765026801264816,-0.06288640159833848,2.1362704390250835,0.6040268456375839
4500829.586803469,0.3510098454532653,-0.06274441430956977,2.465685466777308,0.6040268456375839
3187063.6800235556,0.2608927518459401,-0.08618828679078937,2.0605716841457147,0.5906040268456376
3574856.346606908,0.2901841995311869,-0.04186735190454022,2.2421564744594433,0.6040268456375839
2541429.7059668517,0.20507928301085232,-0.07228380530002763,1.5580779192123981,0.5302013422818792
4155639.3311078628,0.32962009338030573,-0.07159131292105364,2.2789527250290766,0.5771812080536913
1822496.2573644887,0.12754356053050442,-0.11114590245136925,1.1822846655622123,0.5100671140939598
2056678.7932033413,0.15513646566837247,-0.10660571969668176,1.4525090676923917,0.5369127516778524
3247859.9030187563,0.26566700210744965,-0.10520802072049638,2.081799634949979,0.5570469798657718
2603902.3387500863,0.2109464499085696,-0.09156501110789717,1.65947708407865,0.5369127516778524
2414279.038362164,0.19277215687866334,-0.07023066202728291,1.4758122367214588,0.4899328859060403
2041642.736944933,0.1534425003476565,-0.0773203936420715,1.4759565678539326,0.5100671140939598
3050650.8886461738,0.24990930763868224,-0.04925993574957951,1.940672149861051,0.5771812080536913
3136169.106480912,0.2568397118622703,-0.05825752749133011,2.0318701231790963,0.5570469798657718
3053921.6040811324,0.2501772075551749,-0.12050244455889325,1.8829101556280243,0.5570469798657718
2578383.2297854978,0.20856355464959386,-0.10144251814555835,1.6030685435325907,0.5167785234899329
2344208.605615228,0.18576670364670056,-0.05280502331322957,1.6951600401651,0.5570469798657718
2179209.6756467745,0.16858364468606024,-0.050932863657613035,1.5664924276761543,0.5771812080536913
2853133.4447084847,0.23328774763432203,-0.12037423401705809,1.6830749372703173,0.5234899328859061
2730037.2624669187,0.22245734686935537,-0.10046610460421729,1.770939200577756,0.5436241610738255
3821702.7328639715,0.3075291523732151,-0.051116590553617544,2.5282130380495733,0.5973154362416108
1980864.128968694,0.14649175937560588,-0.12102945000702538,1.2383692213582342,0.44966442953020136
2852142.0402607247,0.23320202735794449,-0.08842454319791153,1.9700611999722932,0.5771812080536913
3135677.86486582,0.25680033575488714,-0.07064866929209958,1.8628457785155699,0.5503355704697986
1744056.2390892932,0.11766614763829764,-0.12513690489605525,1.0759422035938966,0.48322147651006714
2929859.445314538,0.23985060212258968,-0.08670649353603033,1.7735459858999283,0.5302013422818792
3306457.5417666356,0.2702014087231248,-0.07755519846914753,2.0967752588335933,0.5838926174496645
1706187.0910128048,0.11276979932937392,-0.09548872780338949,1.1086944020426306,0.46308724832214765
3845441.1255794456,0.30914946722240644,-0.06160791982883168,2.3293232332015807,0.6040268456375839
2560407.6776434896,0.20687370234189562,-0.07622824895318081,1.6411720035551658,0.5302013422818792
2257416.287256338,0.17685330366626895,-0.0844607543876268,1.4791258461803092,0.48322147651006714
1883525.346548128,0.1349959027812968,-0.08876749441819569,1.1586623208612066,0.4966442953020134
2901614.784915461,0.23745082943549578,-0.07450557502454555,1.7340591548382245,0.5436241610738255
4185489.2705626013,0.3315247598128741,-0.054577872748461195,2.150386836654792,0.5838926174496645
2914500.9542942652,0.23854799433987806,-0.04894219365248417,1.9262648626384415,0.5771812080536913
3569957.843639585,0.2898304265465843,-0.054037832238824024,2.34348002964061,0.610738255033557
1477214.4490311244,0.08115686275627954,-0.11849763255536731,0.8010736198525034,0.48322147651006714
2278094.437847043,0.1790014649940539,-0.061368757208146295,1.7088668800516238,0.5436241610738255
2970021.1150550875,0.24323121940145453,-0.06675737584416797,2.0613527799552864,0.5436241610738255
4379949.627176471,0.34367371995241713,-0.052271757530380006,2.560279855193204,0.6241610738255033
2879185.9623570126,0.2355318441879306,-0.048450195035417434,1.826467254673204,0.5100671140939598
3054664.654952317,0.25023803785719356,-0.1251031240800715,1.833528804137268,0.5369127516778524
2309214.0224957773,0.18220512356968288,-0.08315549948561549,1.4441200963299103,0.5503355704697986
2865649.706767317,0.2343679030211976,-0.08918448141121768,1.79456883778395,0.5167785234899329
1967693.1080012158,0.14496305382372587,-0.09692792499553672,1.3756861179006257,0.5436241610738255
2958165.5450911922,0.242237098165619,-0.06889530321747743,1.9215048616182966,0.5771812080536913
3005668.3252882375,0.2462013314510334,-0.06688411171803053,1.9814489632374317,0.5436241610738255
3244722.882247163,0.2654224128299558,-0.05459777886906163,2.1014241267785243,0.5906040268456376
3137494.427582737,0.2569459200824904,-0.06933241302493814,1.8877119914787381,0.5503355704697986
2272036.592881981,0.17837376343285238,-0.06145756431410526,1.5703391526300556,0.5033557046979866
2729017.1722094994,0.22236597791480728,-0.06394744972200435,1.7536451513773978,0.5302013422818792
3700715.541406578,0.29914354797125675,-0.1016829080182573,2.1726475901340048,0.5637583892617449
2066627.8388399319,0.15625188846439708,-0.08049099747092998,1.4274640596185824,0.48322147651006714
2475879.7105580606,0.19879771968671345,-0.06558762599931656,1.5742394553529788,0.5100671140939598
1771699.153749545,0.12118685029208698,-0.10173724551467142,1.1073217958528905,0.4697986577181208
2841129.0439710817,0.2322481986608229,-0.08950367284266336,1.7929573073479912,0.5503355704697986
3022091.918198803,0.24756026481651805,-0.07061081840219981,1.845207481427036,0.5436241610738255
3309133.0997650395,0.27040690950546664,-0.09467427144067098,1.8918633502419488,0.5302013422818792
2366327.3659589235,0.1879959641101383,-0.0973039787548539,1.5385350721282773,0.5100671140939598
1895179.1103558436,0.13639693090971017,-0.08862737041989353,1.12259013671401,0.4429530201342282
3464885.6357178325,0.2821468830616418,-0.06076744626533558,2.1170813619193645,0.5771812080536913
2515635.0357636884,0.20262305956427018,-0.06711869885917213,1.7477873106580333,0.5234899328859061
2733064.7312705247,0.2227283549584329,-0.05246308353390769,1.7792966462891828,0.5369127516778524
2870469.629099987,0.23478285664685794,-0.0625461723951416,1.892793708005742,0.5503355704697986
3752374.6187664755,0.3027504682633759,-0.0702724270117632,2.1903705082692353,0.5838926174496645
3009627.4191754004,0.24652946017576305,-0.07523970962153569,1.980127954007207,0.5771812080536913
3909086.8525851,0.31345459426319233,-0.06387157212897351,2.3482319819729502,0.5771812080536913
2290678.0608489104,0.18030109836748176,-0.1082752990441929,1.5899143141113066,0.5167785234899329
1840707.9685218884,0.12978805436542817,-0.130780017963002,1.272226365960363,0.5369127516778524
3039028.447303855,0.24895546617981856,-0.05699653601088143,1.9613166301132852,0.5704697986577181
3808617.969724744,0.3066325788062194,-0.05779257089744601,2.1803544471896754,0.5704697986577181
2316149.166557961,0.18291436327670874,-0.060137179526046636,1.6181687776611715,0.5503355704697986
2826865.6322969254,0.2310084475033547,-0.045231785599999755,1.9645879341569845,0.5704697986577181
2344428.868643533,0.18578898585730852,-0.11340023624645885,1.7846024042976754,0.5570469798657718
2644909.863620267,0.21473676298603883,-0.06420480960677288,1.6686981156393967,0.5167785234899329
2875073.576046399,0.23517869647890732,-0.06271753076611596,1.778732930442005,0.5167785234899329
1845628.386072116,0.13039141944230304,-0.08854092797499197,1.236344229702784,0.5100671140939598
2387855.0817790823,0.19014970476360293,-0.10367648617964993,1.634946454428456,0.5570469798657718
1811584.3017827235,0.12619011157546134,-0.09328031937987236,1.0838854051292406,0.46308724832214765
2880254.337070035,0.23562352392759478,-0.18161556790714267,1.820988936292984,0.5503355704697986
2905809.8121090345,0.23780843310224498,-0.059197051304384116,1.8896056200644862,0.610738255033557
3158252.4622084885,0.25860475645620773,-0.04941979197050072,2.101001471417716,0.5503355704697986
2512979.273782887,0.20236902985619887,-0.09723512284119654,1.7526324655445749,0.5503355704697986
2973437.743155101,0.2435171234639555,-0.08603388366607831,1.9905114945100975,0.610738255033557
2976337.935919468,0.24375960596787638,-0.06299199524202112,2.0217889710401487,0.5704697986577181
3374841.9004255584,0.2754125511236136,-0.0399021866459826,2.06790026256339,0.5637583892617449
2380034.405145278,0.18936908838822464,-0.0844093700000358,1.5545725376542041,0.5167785234899329
3660759.3845742177,0.2963260156789558,-0.0876576515675536,2.0993449305056138,0.5906040268456376
3459934.59972846,0.28178025700668363,-0.08119555937529738,2.0459078227627177,0.5838926174496645
4179491.2536723074,0.33114291246121863,-0.03959799273643205,2.719139130471015,0.6778523489932886
2627139.6500403136,0.21310008123637836,-0.07332205888341137,1.676322822551843,0.5033557046979866
2304068.4299274134,0.1816777947817747,-0.070825084089706,1.4406212284393014,0.5570469798657718
2534341.0649284744,0.20440628221195833,-0.06988441792887909,1.8664977444006672,0.5704697986577181
3401605.4358303715,0.27742904750162545,-0.06957541739971486,2.079228665142535,0.5503355704697986
2819853.022805955,0.23039708768926315,-0.07880262645828287,1.8421526638084023,0.5033557046979866
2061956.3614099496,0.15572868879176505,-0.12412486370678316,1.2081668920859547,0.4429530201342282
3407803.424735051,0.2778942235486215,-0.06171875706997117,2.19701706819784,0.5906040268456376
2611565.8527023443,0.21165839668643582,-0.06524514026571013,1.701553846688764,0.5436241610738255
3610474.196631618,0.2927449475951165,-0.05175788240772784,2.2655847080662928,0.5838926174496645
3974904.1819205084,0.3178480334072771,-0.09663028730847795,2.154296205457029,0.5704697986577181
2495892.555261599,0.20072949016356612,-0.05862589561996453,1.8410431934110463,0.5436241610738255
3265730.1021583206,0.26705672379169876,-0.07226526834370571,2.009182986178475,0.5771812080536913
2915087.642958095,0.23859785423542546,-0.06565618184934961,1.671574926651838,0.5100671140939598
2666052.0100972154,0.21667258834335357,-0.06466886472550719,1.7389183023050148,0.5771812080536913
3195154.023856077,0.2615322567030731,-0.07357014122199282,1.80483178132294,0.5369127516778524
2171971.443884995,0.16780632254848005,-0.08998023302828466,1.459455127303671,0.5436241610738255
3317402.9957934925,0.2710412536709008,-0.050699704572872865,2.1496069619436007,0.5704697986577181
3359085.692853742,0.27421941085746515,-0.0536747990932673,2.0813025730887094,0.5637583892617449
2616126.751156035,0.21208131495012128,-0.12045359535518452,1.6749483128560247,0.47651006711409394
2960612.5674680155,0.24244254824031097,-0.10521211509663166,1.7986663121706872,0.5771812080536913
4158261.640787364,0.32978785557646084,-0.08837744725449598,2.093552315374062,0.5369127516778524
4415364.497779532,0.34583962920975675,-0.04874744101527931,2.457276719531876,0.5973154362416108
4975472.491371987,0.3783733442300832,-0.052471024652907344,2.815258801007099,0.6375838926174496
2965040.79763621,0.2428139938610403,-0.09061577887839517,2.088455257515722,0.5771812080536913
3055472.168122682,0.2503041319825774,-0.10099398116230558,1.6782921814299538,0.5369127516778524
3521758.848662522,0.2863285914784308,-0.06665428531595749,2.3302080258455757,0.5973154362416108
2815740.345839579,0.23003797816218619,-0.06836200603423306,1.9372123685630283,0.5704697986577181
2482016.824398192,0.19939143788889924,-0.05502452492515584,1.653820004205881,0.5369127516778524
1752084.4376807073,0.11869322115101988,-0.12998075066350376,1.0705217768515747,0.4899328859060403
3569862.6314557157,0.2898235464159349,-0.06798822147463701,2.191843996040288,0.5704697986577181
1908618.6133126307,0.13800411109409083,-0.13692007189073974,1.126858453037238,0.40939597315436244
3050155.711817702,0.2498687283434049,-0.1088983307074287,1.9155718382526639,0.5234899328859061
2974601.3985220655,0.2436144383590586,-0.10811165275745754,1.7222680561125898,0.5436241610738255
3407507.2297778106,0.2778720087118014,-0.10680833220869689,2.3099563486771273,0.5704697986577181
2426454.4089702885,0.19397278332661494,-0.1031902610555397,1.6760092530205166,0.5771812080536913
3535809.3437581514,0.2873533510100026,-0.10479468302472882,2.186284317408977,0.5906040268456376
2357444.4041151693,0.1871026976405219,-0.11087211083072179,1.7332929530983658,0.5570469798657718
2809522.762575086,0.2294942755028615,-0.11315460023838765,1.8115289547790394,0.5369127516778524
2895677.123305725,0.23694396781253602,-0.08773937361773128,1.859717761441133,0.5771812080536913
2551139.1980426544,0.20599867634705227,-0.08857375232949759,1.5944777394122778,0.5302013422818792
2719981.014367436,0.2215554186827864,-0.06676685826372704,1.688176244227,0.4899328859060403
2788832.903746745,0.2276780718098057,-0.05963552997151053,1.6973138205980975,0.5100671140939598
1837491.5707186807,0.12939294656831368,-0.15105981698375273,1.122868760009396,0.4899328859060403
2248342.9713902487,0.17590574510924828,-0.10172518872166085,1.6029493139018212,0.5838926174496645
2888703.0692043137,0.2363475728155815,-0.1155869581152745,1.8403864402305419,0.5234899328859061
3883554.271756212,0.3117343025958179,-0.05624085875341681,2.2832905888591495,0.5906040268456376
3383379.2136735674,0.27605717955731945,-0.041668736136916046,2.195380971678463,0.5906040268456376
2484060.8772059176,0.1995889234339805,-0.10253129282711376,1.5784145235640266,0.5302013422818792
2375481.2222543634,0.1889136694436655,-0.06714448435558232,1.509510770390828,0.5234899328859061
2399929.78787417,0.191350927437965,-0.06109706489509681,1.809419087907184,0.5436241610738255
2679408.2190239364,0.21788919381321414,-0.053059688445275976,1.883241668880495,0.5906040268456376
3008504.4231446856,0.2464364216417283,-0.05562730794798327,1.8892163527422419,0.5234899328859061
3138093.00732991,0.2569938771372908,-0.0945934288577687,2.1237687966030894,0.5906040268456376
3617065.0821893364,0.29321658200279543,-0.07919411427121947,2.087475753077254,0.5973154362416108
3290100.8379513114,0.26894220356391685,-0.06405540672069154,2.0768151594231843,0.5771812080536913
2626505.4394442854,0.21304150534544375,-0.1054414604001627,1.7121990984853563,0.5637583892617449
3480146.569221942,0.2832743301888283,-0.05022433744469413,2.2503132743182,0.6308724832214765
2418912.5659356336,0.19322964374408103,-0.05450555212548428,1.6784946640132818,0.5369127516778524
2262626.226981137,0.17739601990173992,-0.07755465104921468,1.504035375643684,0.5033557046979866
3000371.592055348,0.24576179833465872,-0.10121227748663202,2.0341012343016667,0.5704697986577181
3023536.0046371864,0.24767946970219468,-0.07958654698650464,1.8491688275917137,0.5302013422818792
6105532.216117786,0.43596781320193156,-0.061983387798555244,2.670824048396185,0.5973154362416108
2593464.4654918737,0.2099740615806851,-0.04981906492962288,1.8091632773329454,0.5838926174496645
2216722.0282101356,0.17257936548914543,-0.14174128514646103,1.439997346894831,0.5100671140939598
2756350.958739133,0.2248048653455379,-0.04639007745757473,1.7735088307175555,0.5369127516778524
3433358.8001489053,0.2798051052457615,-0.10082271705504256,2.0446504468469913,0.5570469798657718
2787342.6391641065,0.2275468372466234,-0.06107544785895276,1.8649645635931618,0.5369127516778524
3406741.9355288944,0.2778146039346312,-0.07833379126344213,2.2563995507990504,0.5973154362416108
3938011.2093926044,0.3153925857045321,-0.06662739140249285,2.4005145039253892,0.5838926174496645
3806708.7154233465,0.30650154995133017,-0.09223359453350496,2.4228719530700693,0.6241610738255033
3939579.6901418944,0.3154973512432502,-0.07773912594055483,2.122019725033102,0.5570469798657718
2104546.2976987944,0.1604640656057219,-0.100780732290693,1.41338717383567,0.5503355704697986
3183490.782838576,0.2606099171022098,-0.08377350012433775,2.0368904663790297,0.5771812080536913
4766116.847140187,0.3665733183160935,-0.047997934017654446,2.454223855303929,0.5906040268456376
2476708.8749825493,0.19887800365921593,-0.10181083786595264,1.3897030047791832,0.4697986577181208
2685064.455709772,0.21840295353422223,-0.08224541348408017,1.6912869698248687,0.5503355704697986
2867902.1216719416,0.2345618859028764,-0.1554171547184037,1.9385179768631642,0.5570469798657718
4328758.906042408,0.3405180916923014,-0.046120414219024033,2.232912886832829,0.6174496644295302
2596036.7379083796,0.2102139838081729,-0.08263617097913457,1.62455067792014,0.5369127516778524
3226577.852127091,0.26400394582257136,-0.07994096394652717,2.1042325913943953,0.5704697986577181
2629260.287414348,0.21329586185620752,-0.0946323439411627,1.689437629491074,0.5167785234899329
2424370.5939418655,0.19376763844236589,-0.09738662086192097,1.6936543714356995,0.5234899328859061
3091795.8113918123,0.25326283460507115,-0.073246006616483,1.9796700106252965,0.5704697986577181
2505477.594397926,0.2016503150906921,-0.13565907487906714,1.7176455214227269,0.5436241610738255
2773825.3897269657,0.22635392053649017,-0.08667179185217887,1.7409813782736319,0.5167785234899329
3413599.3686706545,0.2783286130171543,-0.11660615660355027,1.9691712101331218,0.5637583892617449
2419258.780103425,0.19326379870815225,-0.07813726761220723,1.44766047424568,0.44966442953020136
1677120.0923846045,0.1089522141920014,-0.10345913617525995,1.0859189267841647,0.4899328859060403
2460242.693375019,0.19727962026404278,-0.08031807816683834,1.6216756928629334,0.5570469798657718
3316194.6833659033,0.27094864877771596,-0.062233082934050485,1.97490966842834,0.5570469798657718
3965231.2618251606,0.3172060121340934,-0.04780985981614419,2.282355491214564,0.5771812080536913
3097769.4879791015,0.2537467480363851,-0.06154208735695639,1.9598217345354771,0.5838926174496645
3262841.5021489915,0.2668324973198182,-0.05749359951755875,2.2425101071782816,0.6174496644295302
3488528.501037628,0.2838918886759403,-0.06478382749985045,2.3089716699227507,0.5838926174496645
3137880.0605625636,0.2569768170917188,-0.06702626256373898,1.9849527248750392,0.5838926174496645
4395319.190301497,0.3446154089395814,-0.06907704090874886,2.365463468238996,0.6040268456375839
2790731.124817884,0.22784515031521146,-0.04294922270643188,1.9322289100171506,0.5973154362416108
2980993.2723563598,0.24414843951881138,-0.06342467722445422,1.9410888350371316,0.5704697986577181
2881814.6076493617,0.23575736553968296,-0.09308763707753191,1.7493283805053685,0.5771812080536913
2363358.604974379,0.1876977258055068,-0.059150552745732006,1.6021915843026675,0.5436241610738255
2741313.423929954,0.2234655315159384,-0.053814342527615786,1.8075271788804212,0.5369127516778524
2787231.1591622457,0.22753701792185765,-0.0662352891454802,2.1688813995262164,0.610738255033557
3394769.3862749026,0.27691519622231753,-0.07025900044288623,2.1580031601863774,0.5838926174496645
2347512.0524202203,0.1861007107049173,-0.07507055501251027,1.5528694481059406,0.4966442953020134
1977825.0806837955,0.14613975300124316,-0.08385934635353329,1.3504165099457774,0.5100671140939598
3158825.256049203,0.2586504063063708,-0.0785242461782298,2.0035083293756744,0.5302013422818792
1874436.518281031,0.13389841269858183,-0.057754722893700455,1.2840146502603336,0.4899328859060403
3253972.2601351114,0.26614303197310374,-0.06638633034824798,2.066367875244762,0.5838926174496645
3212983.6811099835,0.26293704967276876,-0.09446066949503767,2.012321220234641,0.5436241610738255
3327546.970035502,0.2718176241274446,-0.052878462921413176,2.022987801810863,0.5771812080536913
2629942.0572557314,0.21335877709881523,-0.12743044788423363,1.6605434285451866,0.5234899328859061
2821808.781725298,0.23056771309047175,-0.047437619523557996,2.0104282720173194,0.6040268456375839
3066289.067357802,0.2511881395690112,-0.07378138914549057,1.8685864563356098,0.5436241610738255
2050545.8012725299,0.1544467217874148,-0.10469450498761183,1.2237605747801212,0.4966442953020134
2255046.2700701337,0.17660608877512596,-0.07954812611076577,1.5164581305745561,0.4966442953020134
2755900.0887217154,0.22476479324042198,-0.11265010483045385,1.896543850785878,0.5771812080536913
2140279.077889028,0.1643782413662589,-0.0767750384600872,1.4768140985712896,0.5369127516778524
3189550.9447491905,0.2610894969265376,-0.07271381830522534,1.9043353621253873,0.5302013422818792
1893428.1382603045,0.1361868679062177,-0.07753640344358297,1.246519635058038,0.47651006711409394
3544525.7290881034,0.2879874360726913,-0.06889343415236361,2.286588883578391,0.5771812080536913
2349474.9973467086,0.18629900336330696,-0.05754715698452143,1.5368080527727335,0.5302013422818792
2504020.5361478687,0.20151051883474658,-0.10478781034279402,1.4507646120336752,0.5033557046979866
3206657.603299172,0.26243933549309184,-0.0799769898989618,1.7994644997770282,0.5436241610738255
2245600.491060149,0.17561873614004275,-0.06471913781669053,1.49038000585846,0.5503355704697986
2876141.7471127347,0.23527046359922887,-0.06140312909857944,1.7203187767726547,0.5234899328859061
2893943.4298835746,0.23679581625491974,-0.08314429805433758,1.7728576355254704,0.5436241610738255
3035153.10351528,0.24863677205628587,-0.08346980186950145,1.8360771883336358,0.5302013422818792
3326093.1149622384,0.27170646946874055,-0.05467610079592853,2.2439403536439952,0.5973154362416108
2397432.6584591977,0.1911029038156431,-0.07403226072946367,1.640906940237812,0.5503355704697986
3022097.1784516852,0.2475606991168695,-0.07355447839066905,2.043771596058257,0.5771812080536913
2514868.4317385647,0.20254975417105303,-0.10718057542654533,1.6105543029295222,0.5369127516778524
3216484.144759531,0.2632121173583306,-0.07484648455312237,1.951369157642407,0.5503355704697986
2637153.449812141,0.21402346285184937,-0.10097774707577291,1.6925504002315686,0.5637583892617449
2469771.50833053,0.19820562826383914,-0.10269720332741436,1.8300767866600354,0.5570469798657718
2471973.419300798,0.1984192028177556,-0.07118552492253354,1.6202990932713999,0.4899328859060403
2467415.906534868,0.19797697773930745,-0.07416018019359198,1.5755574925918743,0.5167785234899329
3303781.2659526533,0.2699957196794507,-0.0654457603523814,2.0076825726157432,0.5503355704697986
2575395.33745892,0.20828332223679524,-0.08385816357995696,1.6186250896422616,0.5234899328859061
3070667.517036751,0.2515452577553383,-0.05999330825059935,2.1116900840577877,0.5906040268456376
2383346.630374616,0.18969994639180676,-0.07467400543771677,1.5044437543655693,0.4966442953020134
2002267.1590008351,0.14895866517234602,-0.07494644008748692,1.353503184342475,0.4899328859060403
2477472.2767107817,0.19895190113898864,-0.06517516011958885,1.5685060296971807,0.5503355704697986
4323441.331724054,0.34018858339841596,-0.06899482284019622,2.279035701366916,0.610738255033557
3031963.182134033,0.2483742002175655,-0.07232964518844526,1.821028412076115,0.5503355704697986
3527006.5793349626,0.2867117117582454,-0.09258938638146415,2.2109538591192552,0.610738255033557
2584097.709321203,0.20909878906759483,-0.08478361239004101,1.8370420333209487,0.5503355704697986
2606005.3204323705,0.21114198534646977,-0.10745905925036685,1.5327392126403079,0.5100671140939598
1720590.4434945583,0.11464225133060557,-0.11387580471259517,1.0528831507456793,0.4697986577181208
3259452.0170632605,0.2665691872451399,-0.050592658214894864,1.9306110246195511,0.5503355704697986
3076661.6715013967,0.2520334971802036,-0.0880229667223488,1.756227505401865,0.5167785234899329
2458283.402222978,0.1970888612794346,-0.09017687204706602,1.6937833882153128,0.5503355704697986
1860032.7893790447,0.13215038879988827,-0.14533422812210178,1.1540448221842508,0.48322147651006714
2614865.430421604,0.21196441555161916,-0.06256477799765464,1.5440362325514865,0.4966442953020134
3156098.5940074497,0.25843304069869943,-0.08803660541429173,2.0739377742120033,0.5704697986577181
2972467.1024256945,0.24343592680824067,-0.07358595450309417,1.85175598573793,0.5436241610738255
3899076.6928556967,0.31278122071847947,-0.08059020958435226,2.3750248423213387,0.5973154362416108
2337448.767521812,0.18508205019452673,-0.10075185701372567,1.5383661971303806,0.5234899328859061
2267609.2383612394,0.1779141625932963,-0.09163938508572389,1.4348511247258893,0.5369127516778524
2391321.8296594406,0.1904950820874094,-0.06260359979575131,1.5948764020080632,0.4966442953020134
2124378.6663319534,0.16264301371284806,-0.07949274145698522,1.5354374386329854,0.5704697986577181
2943947.287488246,0.24104064702171035,-0.08522825612478224,1.8894840403788382,0.5637583892617449
3377059.5687952833,0.27558012631686113,-0.0476625530534053,2.0370613297929,0.5637583892617449
3343879.4874157873,0.2730636664210653,-0.07101311785122323,2.0696352542749183,0.5637583892617449
2418089.406631317,0.19314842114640252,-0.057909812047829815,1.6340157915276436,0.5570469798657718
2843778.581740446,0.23247794330710958,-0.07196734353838402,1.7472406690269953,0.5100671140939598
2488085.6595933996,0.1999773968716425,-0.09281272849401996,1.7462632982492938,0.5302013422818792
2733160.544732757,0.22273692791266408,-0.06672398778265534,1.883845903480192,0.5838926174496645
2681712.91120671,0.21809863517081163,-0.07684854835257265,1.8353551263297958,0.5503355704697986
1720936.9994243078,0.11468714926261159,-0.10627014687841202,1.1457331484701299,0.48322147651006714
4462618.623939128,0.3487080656397299,-0.06588903147578656,2.339217434639382,0.610738255033557
2180147.8193016434,0.16868424176131436,-0.07319249278266472,1.4501573872613676,0.5637583892617449
4151605.8192495494,0.32936188416768575,-0.07048962039987411,2.222785254510594,0.5906040268456376
3515695.385127441,0.2858853479811885,-0.055365685605841986,2.123841160351607,0.6040268456375839
2370708.474037411,0.18843553883395248,-0.09101801104457964,1.738730313839976,0.5771812080536913
2502323.1282346467,0.2013475803400946,-0.05514433349738184,1.601517447444889,0.5302013422818792
3367338.879740049,0.2748449412381633,-0.08226646526072268,2.0897542677497594,0.5838926174496645
3847004.7287296387,0.3092559131313637,-0.11365183388399071,1.9794109158743716,0.5369127516778524
3329692.38249864,0.27198158093928937,-0.062147101903676505,2.3636984706445476,0.610738255033557
2968637.949342199,0.24311540101827656,-0.048394444429414187,2.1413695043463745,0.610738255033557
2401906.786959234,0.1915471435102194,-0.05551313575812278,1.4879341774244945,0.4966442953020134
4295696.786601566,0.33846408971110553,-0.08005139665224326,2.22026602288381,0.5436241610738255
3735086.884503588,0.30154785789432603,-0.06733673738249558,2.327627365875944,0.5973154362416108
2519760.2419504607,0.2030172198534954,-0.1113560455610106,1.8367811058527077,0.5637583892617449
4365522.747215311,0.3427873805093744,-0.05533391388316163,2.0705387460088134,0.5369127516778524
2493193.751925309,0.2004697085275582,-0.0831035883709544,1.6133746713602741,0.4899328859060403
1777146.958582909,0.12187551217303083,-0.08520347435503227,1.2702442029139387,0.5100671140939598
2072937.970298834,0.15695711526508016,-0.06535486547038215,1.4100175780084725,0.5234899328859061
3579817.3034049263,0.29054208793296854,-0.05678251615041758,2.1575128828503503,0.6040268456375839
2682958.5506753526,0.21821177404529823,-0.09632291038688141,1.7898382804440844,0.5637583892617449
3334724.1321674287,0.2723657862580715,-0.06257362397702744,1.98379024589738,0.5503355704697986
2713980.606600768,0.22101598056614735,-0.09582686021630317,1.8144012764835338,0.5234899328859061
2319539.4263022835,0.18326045850975237,-0.08009429197287071,1.5374202754531412,0.5369127516778524
2223698.868846172,0.17331654582547307,-0.07863066836274171,1.6112967559378775,0.5704697986577181
2931685.9307439313,0.2400051490977213,-0.10273626216935694,2.0076804561524866,0.5838926174496645
3167352.1349642575,0.2593291896625909,-0.05274444622131356,2.148647670849554,0.5302013422818792
2173255.6388333454,0.16794438480786167,-0.08579606252463833,1.562561475121673,0.5234899328859061
2075623.5161983338,0.1572567337408528,-0.11856391421314008,1.2548793601180201,0.48322147651006714
1915294.2061579644,0.1387990573432234,-0.07419316565341556,1.144272603508967,0.5033557046979866
2193254.7592898505,0.1700860889466942,-0.085772203547843,1.5435452640735627,0.5167785234899329
3796657.945956657,0.30581091470492594,-0.04094837428161434,2.326698300917546,0.6174496644295302
2588553.9978466984,0.20951552100191195,-0.11693477160862113,1.7506172668657314,0.5369127516778524
2642337.9898564657,0.21450043240139216,-0.09352971946410098,1.7653888367943942,0.5570469798657718
2112506.769803005,0.16134063425801037,-0.08939345866565596,1.4672832418774335,0.48322147651006714
2952271.4536635615,0.24174167616340636,-0.10954044869315499,1.8442349634478132,0.5234899328859061
2987900.7074643616,0.24472448377877942,-0.047539749584417916,1.920270342599646,0.5637583892617449
2689731.193157401,0.21882618492666284,-0.08124636810114332,1.7788417304353978,0.5503355704697986
4235028.608133624,0.33466192042004694,-0.05468548323995657,2.322699389114292,0.5973154362416108
2433178.1346185207,0.19463375284334217,-0.15292877534047716,1.6089754933557916,0.5234899328859061
2501428.984266654,0.20126171363122114,-0.05252696780917762,1.8826469246143083,0.5503355704697986
2392290.9448219123,0.19059155926089244,-0.0898922230443188,1.4945995782759476,0.5234899328859061
5124779.654662021,0.3865484172920959,-0.04099776444078415,2.64067485288513,0.6308724832214765
1849838.6686432296,0.13090668356479807,-0.12945511733831552,1.2076117083691016,0.5033557046979866
2858646.1239957176,0.23376395890030177,-0.060591926081178624,1.8288191074629918,0.5369127516778524
2563575.736423451,0.20717221385832985,-0.08783603855630608,1.6801193014534725,0.5234899328859061
1677279.778005995,0.10897333098384632,-0.11759248612340611,1.1085572682119305,0.4899328859060403
3152458.6396169323,0.258142634467464,-0.09569441311318441,1.9339102688312653,0.5570469798657718
3524309.896237159,0.28651489242559647,-0.06731343893723979,2.0722406903042074,0.5570469798657718
2762111.9525251156,0.2253164258537106,-0.064133946713912,1.7590153151989554,0.5302013422818792
3625614.2931149015,0.29382732818599955,-0.11284548098457695,2.1375429061785174,0.5503355704697986
3177948.4643774494,0.26017067775155733,-0.07268781941231178,2.139707278459535,0.5771812080536913
2667474.408897168,0.2168023850927756,-0.08236429871352936,1.6990711052268386,0.5436241610738255
3302116.6971887364,0.26986771959664213,-0.07835019821574554,2.0890874615610877,0.5637583892617449
2866825.7722197613,0.23446920355282663,-0.05384643951180131,1.8367813661920893,0.5570469798657718
4800621.515628424,0.36854629562212504,-0.05021709911601086,2.3886160079411476,0.6040268456375839
3247862.6081778915,0.26566721294348405,-0.0958801380189119,2.0457200773643773,0.5369127516778524
3555664.2335652933,0.2887959083973264,-0.06437427553561927,2.141497034721625,0.5704697986577181
3769637.52738489,0.3039469368164298,-0.06815221238814127,2.0887578203006005,0.5234899328859061
3117992.3615587885,0.25537943328606394,-0.1140273394295797,1.8917064465267908,0.5570469798657718
4735235.634284722,0.36479781659250143,-0.05657750285352401,2.606857224590332,0.6308724832214765
2369954.8605155866,0.18835997197237075,-0.08293493613976954,1.6190085238234941,0.5369127516778524
3390340.048243068,0.27658181020824424,-0.11412165063030577,1.9257178335801783,0.5503355704697986
3085880.767587517,0.252782933313638,-0.10468402256209224,1.7453378098869767,0.5100671140939598
2808969.496974273,0.229445848027084,-0.0696877324152951,1.916850213376543,0.5771812080536913
2885667.040659404,0.2360875830944522,-0.06873690654727481,1.877036391092187,0.5704697986577181
2752226.7995365397,0.22443812567966148,-0.07836205192750866,1.8162779445831343,0.5302013422818792
2553566.7892645006,0.20622810781694256,-0.08273133556685584,1.7253768141526609,0.5503355704697986
3012827.0106763667,0.24679438932089748,-0.09577292900421411,1.6970740161732427,0.5369127516778524
3833478.0515215686,0.3083339052656231,-0.06813084485627825,2.4675689091468542,0.610738255033557
1560163.582713247,0.09303489578555513,-0.17171038552588777,0.9488542433601945,0.47651006711409394
2768299.796402076,0.2258649395763097,-0.07513050473557481,1.8773868641648286,0.5906040268456376
1948767.1037110682,0.1427519945490794,-0.08099834954000791,1.4208254732342187,0.5302013422818792
3062214.9865371576,0.2508554799419782,-0.09833879696942863,1.9277545989964533,0.5570469798657718
2938668.4668886582,0.24059526303998013,-0.06335461744053009,1.7729357507214585,0.5637583892617449
2614794.359069052,0.2119578273053766,-0.073216078695092,1.6511615796436656,0.5436241610738255
2771114.0009286306,0.2261140768052401,-0.1354297252170595,1.8000862478471584,0.5503355704697986
2966282.353999134,0.24291805753821016,-0.07111057169869754,1.862567910404414,0.5704697986577181
2226478.187172866,0.17360969622591704,-0.08914480051660072,1.5012045208041875,0.5100671140939598
2828587.6503834873,0.2311583875960772,-0.08170861975387128,1.8689848089204666,0.5436241610738255
3667684.5175954658,0.29681610223704946,-0.06804156026968433,2.0670317077494094,0.5771812080536913
3489302.1916134083,0.2839488322809438,-0.07195010676051312,2.1938037316304975,0.5838926174496645
2875161.281743968,0.2351862323477789,-0.07707120959316273,1.778772635800776,0.5436241610738255
3727012.7260115677,0.30098465801805885,-0.049382663422868636,2.18822366533454,0.5771812080536913
4397382.156036858,0.34474160568505297,-0.0593091909392687,2.355745027151858,0.5704697986577181
2488469.809418761,0.20001444886296094,-0.07487466576754943,1.980911791668218,0.5906040268456376
2321122.5818798007,0.18342193661641004,-0.07594602225650787,1.625514436336149,0.5436241610738255
2827204.2568170964,0.23103793809308093,-0.05412114474146474,1.954023859654609,0.610738255033557
4041309.1743067014,0.32222211079038954,-0.06865903743843349,2.2858142709429234,0.5906040268456376
1496718.6815172986,0.08399688918302606,-0.0802559291420268,0.8375862799889093,0.4697986577181208
1993894.1858363806,0.1479961230645339,-0.08723394184942337,1.263604109833083,0.4899328859060403
3897154.082773133,0.31265173035047167,-0.05410014750060624,2.0285064208902948,0.5100671140939598
2993440.7096375953,0.2451857218447966,-0.053187302167906556,1.8699097884812586,0.5637583892617449
4895339.734270826,0.37390456772518443,-0.07614348337723016,2.396818986865719,0.6308724832214765
2491562.4872020967,0.20031257700911076,-0.05793114529308851,1.6996326528528978,0.5436241610738255
2356900.8979209815,0.18704795554978548,-0.0846922964550778,1.549076074867935,0.5167785234899329
3716997.3310172744,0.3002846924102003,-0.09783392697548385,2.219700476836647,0.5637583892617449
4146911.1413241085,0.32906109690598084,-0.06029975279312446,2.482562898079175,0.6241610738255033
2111975.7518125754,0.16128224345946984,-0.13156541430327942,1.3130847330383357,0.5033557046979866
1845617.034598054,0.130390028952154,-0.11922773376602147,1.1820556635370087,0.5302013422818792
1585956.4783729527,0.09662527950284217,-0.0807591763642796,1.008714176205141,0.5033557046979866
2358611.3783269436,0.18722020149441265,-0.08071033984029291,1.6393751061159807,0.5100671140939598
5510849.055280002,0.40683674517369983,-0.053751480190474835,2.709855245575199,0.6174496644295302
2265341.7369296136,0.17767849668011793,-0.08499462119884742,1.6212078247425568,0.5033557046979866
3566878.655452379,0.28960784679895957,-0.0705495569753099,2.174584763854418,0.5973154362416108
2827567.8206910803,0.23106959748952405,-0.07046525899881173,1.7353857535222794,0.5234899328859061
1736463.4681785032,0.11669129379760856,-0.08152084615732556,1.1218930729576,0.47651006711409394
3132302.649128563,0.2565296574490379,-0.06844741946458911,2.0980196901530714,0.5704697986577181
3156604.6824764404,0.25847339670063163,-0.1231153078542081,2.0482006231377725,0.5838926174496645
3497299.8040962433,0.2845368652589977,-0.052441477314896595,2.20692109013336,0.5704697986577181
4482383.362711195,0.3499006283534065,-0.05868576734418116,2.444485616413219,0.5838926174496645
4200208.368961911,0.33245995909040893,-0.06929710383358124,2.1801759157524065,0.5838926174496645
2664658.801608819,0.21654540155151736,-0.06599405520472353,1.7783641714771412,0.5637583892617449
2803881.5308738607,0.22900013895451132,-0.07393679787373185,1.9942723928353558,0.5973154362416108
3173338.133447907,0.2598048330421716,-0.08979832391977564,1.834099462486964,0.5234899328859061
2202588.288208884,0.17108027255274538,-0.08457199930196006,1.4584176494766157,0.4966442953020134
3106888.7579353624,0.254484040843852,-0.06492752842970684,1.9414390255149907,0.5503355704697986
3547255.903175988,0.2881857896623836,-0.042651505805331516,2.166048674555849,0.6040268456375839
2577278.1787495906,0.2084599429440357,-0.0841952292442631,1.9420221227354544,0.5704697986577181
3060304.1198504465,0.25069933055907523,-0.06311286345961926,1.9423512995817453,0.5704697986577181
2547829.1359494603,0.20568556102142255,-0.07150415121140295,1.6874148817966128,0.5704697986577181
3219404.2580029657,0.26344139774404707,-0.04771995779527788,2.105153793210074,0.6040268456375839
2947141.823349315,0.2413098657800714,-0.06685735481520355,1.8930415262872389,0.5369127516778524
2761301.172186049,0.22524448241681938,-0.06386437040810447,1.7565015187171757,0.5570469798657718
3475901.4672198906,0.28296110830079857,-0.05911932091376717,1.8305618059474,0.5167785234899329
3922921.4764591763,0.31438296867388993,-0.06146745253260196,2.2821196715759795,0.6040268456375839
2932697.2722907267,0.2400906900284272,-0.063044975737874,1.7637123969841793,0.5234899328859061
2344320.044583404,0.18577797722576905,-0.06806681856767618,1.6759957333209736,0.5503355704697986
2487615.9279184495,0.19993208412594732,-0.07682965982252303,1.8916602037403707,0.5838926174496645
2819065.683357332,0.23032837145697616,-0.09115683183651348,1.8994617411316497,0.5637583892617449
2806614.9755891645,0.2292396708076938,-0.07374295639020881,1.741258077974541,0.5302013422818792
1632334.6556362396,0.1029652765103326,-0.0905880218164537,1.0105194088325553,0.5302013422818792
3501418.9360405514,0.2848393092074779,-0.05332466489505717,2.0329798927109133,0.5570469798657718
4423058.139554425,0.34630831978491217,-0.05441944624782683,2.3487020000997907,0.6040268456375839
3282284.053447807,0.2683386665802483,-0.05546132271880752,2.0461838385146627,0.5771812080536913
3870406.2127361586,0.3108449027085938,-0.051102570237419015,2.2243489362339632,0.6040268456375839
2467045.114939309,0.19794097031168656,-0.11445921186211609,1.50019424131616,0.5369127516778524
1820849.0976493794,0.1273396735691268,-0.08669059802712961,1.1683007261661,0.4899328859060403
2281223.0741199735,0.17932512515616272,-0.09627142458214867,1.5842143869756373,0.4899328859060403
2000423.2351151505,0.1487469678303326,-0.06724438677696226,1.3619905210871488,0.5302013422818792
2496592.49646517,0.20079682846162905,-0.061445964556416564,1.6567877516083949,0.5369127516778524
1946107.631900147,0.1424399226697175,-0.12670552658657325,1.505146800966571,0.5771812080536913
3851310.219309006,0.3095488406200715,-0.06709132931196551,2.2340096370323486,0.5570469798657718
5283348.985240332,0.39502457950000625,-0.04983368331132785,2.5636097008465892,0.5838926174496645
2901019.4278542935,0.23740004491610955,-0.06721951022532961,1.8913163406462783,0.5369127516778524
1912288.5316160668,0.1384414088995598,-0.06692469024122323,1.3213373024529689,0.4899328859060403
3416529.6958096125,0.2785480081508205,-0.09216620250450773,2.1164176829957477,0.5637583892617449
2104569.4130784287,0.16046661479645308,-0.10998417402400247,1.4245760637365927,0.4899328859060403
2021949.6894617637,0.15120871594359064,-0.06071617555739473,1.4294051881429728,0.5369127516778524
2425798.597197238,0.19390823597130336,-0.06714888097249988,1.7503814913684417,0.5503355704697986
2284752.133866095,0.17968978355955167,-0.09900079675951609,1.6671984889497182,0.5637583892617449
2267774.7022294607,0.17793135219916345,-0.06329481978714062,1.4631713800014925,0.5369127516778524
3630221.3653315497,0.29415597475605937,-0.07336272197559383,1.9092608753853904,0.5302013422818792
2982117.360931709,0.24424225537281652,-0.05265400226893197,2.10564508280263,0.5906040268456376
2843151.574458822,0.23242359021419068,-0.08504016302508556,1.8262412159041712,0.5302013422818792
2777286.955605256,0.226659850926604,-0.047871165716491394,1.9358671399372018,0.5771812080536913
2230670.2061539516,0.17405129885476422,-0.0955152218232708,1.490787982855838,0.5436241610738255
3339231.879960683,0.27270958713275584,-0.07864246334061037,1.8879361461942596,0.5234899328859061
3890067.108980237,0.31217397132884117,-0.11463314557493924,2.1651799949877963,0.6040268456375839
2647099.2580158385,0.21493780255516848,-0.058390052969422845,1.691641792361238,0.5369127516778524
2252658.5472581103,0.17635681674257464,-0.13783697179167612,1.436244125988376,0.5570469798657718
2977537.9440029417,0.24385988227841815,-0.07281973984718776,1.9821032914292824,0.5369127516778524
2166956.4089654093,0.1672665358855916,-0.09915713029801802,1.6199885860666985,0.5704697986577181
3242446.19569216,0.26524478415586317,-0.06274818635525768,2.066333156032074,0.5838926174496645
2581320.27510626,0.20883876507209131,-0.05938472150815067,1.9504947690142749,0.5704697986577181
2010098.1935975365,0.14985599717050668,-0.08216454229652918,1.2324200224949613,0.4899328859060403
2995130.0308222454,0.2453262319896612,-0.07703552781667514,1.691331244234916,0.5503355704697986
2033152.8988351594,0.15248162027307366,-0.09353114336587408,1.3638080612237427,0.4899328859060403
2586546.708360807,0.20932787946853249,-0.08541750150355745,1.6346797753530804,0.4899328859060403
2866548.151442736,0.2344452936536725,-0.08637207571452472,1.7688429954380946,0.5369127516778524
2102374.852549427,0.16022449618331835,-0.055067952891029795,1.5400898186724319,0.5369127516778524
3263605.0934153376,0.2668917862365172,-0.0396950395,2.1439311986110567,0.5771812080536913
3308771.7477727057,0.2703791630167689,-0.11691149166850277,2.0483938155605235,0.5906040268456376
3961709.385274766,0.31697194326516365,-0.04372672436937251,2.4188382267579334,0.6040268456375839
2535213.2756972727,0.20448917172983583,-0.08589408257434263,1.717024872156856,0.5704697986577181
1688922.6370710896,0.11050866438377294,-0.11694415478193725,1.1704531805460705,0.5167785234899329
1606189.135786819,0.0994091238714303,-0.09031020984472654,0.9058677975248732,0.4563758389261745
2822729.739305258,0.2306480270187985,-0.05673689512534574,1.9302489233026978,0.6040268456375839
1945454.8376452723,0.1423632693243142,-0.08991425965023446,1.2136179292215725,0.4966442953020134
4160859.8047547806,0.32995398960120603,-0.0596770034475701,2.2882862205116976,0.5838926174496645
1825810.1714428826,0.12795331365648122,-0.09927239478686667,1.2684660012085252,0.5369127516778524
3128043.0024583754,0.25618771818933483,-0.08495494794906248,2.0888773235458946,0.6040268456375839
2797638.9163582306,0.22845239713637877,-0.06238636903818289,1.6743724169718044,0.5503355704697986
2860724.634457302,0.23394331973659543,-0.08357361217854872,1.7159879335291464,0.5234899328859061
3466246.272577713,0.2822475653080314,-0.0729668651758852,2.3028528217798754,0.5973154362416108
1892654.643154275,0.13609402270058668,-0.10197959832969926,1.1631693550986721,0.47651006711409394
3010520.5613997905,0.24660343584158784,-0.06286435744149492,1.841022803487683,0.5369127516778524
2962507.273499545,0.24260153297436626,-0.07605040172029062,2.115766991967381,0.5704697986577181
4231288.340710658,0.3344260893351554,-0.0564273794129235,2.0926967904107463,0.5570469798657718
4684821.000274577,0.36187924208151734,-0.046430982466914295,2.356626267180169,0.5838926174496645
2202972.929066919,0.17112117115025716,-0.06757141762978416,1.3774522869316959,0.4966442953020134
2182169.3391363933,0.168900891530942,-0.11605297063428882,1.3786483101943674,0.5033557046979866
2841774.3738499396,0.23230417178485085,-0.09807307696562144,1.7254546340802024,0.5167785234899329
2377361.8586288462,0.1891018592345033,-0.07887498761475396,1.5752926129573348,0.5033557046979866
3314577.1162215276,0.27082463639553445,-0.08113735225930539,1.9569534408989695,0.5436241610738255
5096901.966164078,0.38503661970177405,-0.057636702219300576,2.7878539150102255,0.6174496644295302
3063987.4687593835,0.25100025135485393,-0.060440550733592696,1.9727894763534553,0.5838926174496645
2270439.9302872857,0.17820809757906608,-0.10151506231923878,1.4716775427723254,0.5033557046979866
3330864.6634921813,0.2720711333491703,-0.03873150845866352,2.1442530039423495,0.5838926174496645
2312331.7994809346,0.18252418130320236,-0.08731878221442943,1.4804431464193626,0.5234899328859061
2664990.1668838444,0.21657565689607994,-0.06204457628825249,1.8289024770827014,0.5570469798657718
3511354.9086259655,0.28556768033003643,-0.09100603961268168,2.0247079367271144,0.5436241610738255
3109260.2643976505,0.2546754934073654,-0.05820187631935789,2.039559277561054,0.5704697986577181
3059435.619831418,0.2506283339732511,-0.12960928682900347,1.9302504057235914,0.5637583892617449
3045928.5115310135,0.24952209838037032,-0.05102303639608938,2.001393618913726,0.5570469798657718
3536424.444907755,0.28739813834741823,-0.12204133834959022,2.0670679172148776,0.5637583892617449
2260779.2807749687,0.17720373913820664,-0.0898650698559439,1.4799594573573678,0.5234899328859061
2983690.6514686258,0.24437351389534379,-0.08364266968511673,1.7859916223047385,0.5570469798657718
2930763.5659074434,0.23992711337783312,-0.05415154210080943,2.0766047805475782,0.5369127516778524
3306155.2196776005,0.2701781799966767,-0.06514805595259046,2.0807065056748897,0.5973154362416108
2881627.7575580813,0.23574134040297823,-0.05753891140603083,2.0161379081570665,0.5771812080536913
3543945.123963611,0.2879452379810261,-0.06314668541138825,2.2379414876789623,0.6174496644295302
2828049.720831828,0.2311115566721873,-0.07042218793748505,1.7326058348043445,0.5369127516778524
3689798.7614513524,0.2983761704970278,-0.09449128540031981,2.222786095591815,0.5906040268456376
4254864.0074388785,0.33590980308325125,-0.1042901837133983,2.328197892746055,0.6241610738255033
3105536.782358116,0.25437484304446834,-0.09245717446156873,1.7628973115120976,0.5100671140939598
3030187.2466112413,0.24822792194324994,-0.09765682989610218,1.8916773995115301,0.5503355704697986
2121772.99844451,0.16235766449248157,-0.10427199279005915,1.3690811514086436,0.5100671140939598
2599816.1773466286,0.21056615672887635,-0.09674957716650504,1.7291092036752915,0.5302013422818792
3654147.5928717027,0.2958574114599657,-0.09446910424710284,2.322424453064588,0.6174496644295302
2675681.321240933,0.2175502028392411,-0.09801181581788145,1.895723225189429,0.5838926174496645
2935889.9308492397,0.24036057558820634,-0.0821339549552611,1.9458547736709582,0.5771812080536913
3264698.0668779835,0.2669766306714143,-0.08523566034454137,2.1419898168087945,0.5570469798657718
3005741.5744527597,0.24620740546231135,-0.0823908482962937,1.7473441975113932,0.5234899328859061
3536126.428888955,0.2873764396963041,-0.05488530634166736,2.0657865896197456,0.5771812080536913
2355725.055509784,0.18692948981765722,-0.0529170060540574,1.5575276197694268,0.5369127516778524
3243557.21382599,0.2653314790268435,-0.06598273683750787,2.113506005799285,0.5771812080536913
1876862.6358280922,0.13419178595087233,-0.07230970240544875,1.2387992943789297,0.4966442953020134
1731541.2059021464,0.11605748945038474,-0.1511676813532314,1.1697275120160124,0.5302013422818792
1966067.5685799862,0.14477381720983384,-0.1370570366962701,1.3133635617387294,0.48322147651006714
2384525.413355382,0.18981760621248078,-0.08660575031265788,1.7880515378426083,0.5302013422818792
1803534.3687059167,0.1251874630200902,-0.08001188231408865,1.3100891549219909,0.5369127516778524
3090387.00553258,0.25314860158155206,-0.04379281830327688,2.0337802572372374,0.5704697986577181
1961603.383771078,0.14425347600926686,-0.09522333090130355,1.3740231479493956,0.5369127516778524
2779487.5075839055,0.22685417536614794,-0.06843500149083788,2.051123366330292,0.5771812080536913
4204505.030373573,0.3327324592895782,-0.063469450274778,2.402324430335974,0.5906040268456376
3045981.7355771014,0.24952646513794008,-0.05780904841658613,2.0120337406382793,0.5704697986577181
2136622.9449550016,0.16398015930704135,-0.10038000666392523,1.2453349005342413,0.46308724832214765
2500596.5191535596,0.20118174800992006,-0.0745821069674058,1.7750282559387844,0.5503355704697986
3852752.7397243404,0.3096469250574969,-0.05924745786675322,2.379298171291569,0.610738255033557
2181550.9296509493,0.1688346325710266,-0.07849156106843556,1.7136086977136882,0.5570469798657718
2684193.6674645804,0.21832391568267395,-0.06941893610959927,1.9005253498154826,0.5436241610738255
3265339.09899633,0.2670263816079743,-0.06623239503831925,2.165853579666945,0.610738255033557
2703395.418080109,0.2200620389353436,-0.0951791183060301,1.8033010620908034,0.5771812080536913
2183927.8162946133,0.16908922002086602,-0.06684373983502889,1.6230733632102672,0.5369127516778524
1603962.1539948746,0.09910408842573437,-0.11750549954079526,0.8837004801610668,0.46308724832214765
3841676.3102128976,0.3088930265617884,-0.0722177100752462,2.3952072343107655,0.5570469798657718
3611763.153513143,0.292837237665986,-0.07630401321309466,2.0846323398499655,0.5503355704697986
3882426.0004910715,0.31165807530310286,-0.06895586683582097,2.267691787457492,0.5906040268456376
3164716.68184463,0.2591195503125352,-0.055731393883723196,1.9520104958078819,0.5503355704697986
1777440.8760715798,0.1219126185046,-0.09638010806545662,1.0917957205363793,0.5167785234899329
3589801.080492859,0.29126112658726844,-0.06384236540163801,2.31861995609695,0.6040268456375839
2397845.5085135056,0.19114392378154443,-0.09863206851806827,1.6126486633140853,0.5436241610738255
3663807.788891563,0.2965418403090647,-0.060634056144806374,2.1004332766138543,0.5637583892617449
2263594.7935405793,0.17749680466077056,-0.0716834638141833,1.5739100227220053,0.5503355704697986
2818312.2557166466,0.23026260055137548,-0.05284571711820893,2.079908053631255,0.5637583892617449
2013100.6718413457,0.15019929947543886,-0.07631205706308924,1.2226499403538995,0.48322147651006714
3086908.259886073,0.2528663489415419,-0.07940201644849358,2.126302042020789,0.5838926174496645
2339676.434118835,0.18530784867351957,-0.0769996492835618,1.5718732497568342,0.5570469798657718
2717527.9115871685,0.2213349993051572,-0.06479063798700445,1.7686567726196012,0.5436241610738255
4845241.10807471,0.3710808928977922,-0.040365370618841,2.6670281184581923,0.6510067114093959
2865280.4980597347,0.23433609432763824,-0.05404350167954036,1.7715220838961987,0.5167785234899329
2152388.9576946744,0.16569289943343746,-0.09578041865136641,1.4746678769687425,0.5167785234899329
3828418.8548383256,0.30798839054283866,-0.08802861895152242,2.084261145421618,0.5503355704697986
3852215.29434059,0.3096103847955256,-0.05331051520882668,2.451387549930345,0.6174496644295302
2809129.2094893767,0.22945982848668844,-0.0865697310204513,1.7509026959054945,0.5838926174496645
4946434.137373471,0.3767606546804192,-0.05538498077792538,2.3528473355148054,0.6040268456375839
2017863.0737494947,0.15074299163165272,-0.11762408981785143,1.3851143868756135,0.4966442953020134
2590050.9762791204,0.20965538286750585,-0.07580683405127979,1.762645838549386,0.5570469798657718
2474943.089959909,0.19870700537816877,-0.07807716218954523,1.5355066616153292,0.5167785234899329
1473927.9731139818,0.08067536702592504,-0.15663362365563657,0.7398611639957837,0.436241610738255
1943999.715633944,0.14219232981381147,-0.059890833767851856,1.385620846120678,0.5033557046979866
2296081.8523119655,0.18085744813529847,-0.0779495409129328,1.5526360796023004,0.5771812080536913
3188974.718664714,0.26104392780450714,-0.10601040747649969,2.0280061797728797,0.5704697986577181
6170487.451393626,0.4390102741334436,-0.05651099966122405,2.967885119243034,0.6510067114093959
4147142.7740542325,0.32907594396500084,-0.06157046952391575,2.5789769989723577,0.5973154362416108
2277069.769416119,0.17889538484437795,-0.06516675241365215,1.486086772645792,0.5302013422818792
2112060.8829282457,0.16129160527709097,-0.05834643721802888,1.4900736677203077,0.5637583892617449
3289778.3766060597,0.2689173288945548,-0.11143575100418604,1.961292613385799,0.5570469798657718
2911218.4322483237,0.23826888007842562,-0.10734024675338873,1.7133122912850862,0.5436241610738255
2047521.2813074007,0.15410596285099087,-0.0923850999078739,1.336646322146466,0.5167785234899329
2189446.128546642,0.16967943080268766,-0.10899502093202368,1.4245370567551958,0.4899328859060403
3133661.484199618,0.25663865843358935,-0.06975434256382024,1.9589650884547969,0.5570469798657718
2811327.3382397755,0.2296521774540501,-0.07500943926398404,1.7985303514519477,0.5771812080536913
3898921.137637273,0.3127707457653297,-0.05208435856616077,2.2864253469338585,0.5771812080536913
2869875.5827051,0.234731744520432,-0.07081756539220542,1.9677972032573363,0.5570469798657718
2150889.0435428866,0.1655303891361044,-0.07451891016203976,1.6260058933589123,0.5302013422818792
3935158.1228026766,0.3152019302280482,-0.06299606215902567,2.285781236435776,0.6040268456375839
3785595.7922101244,0.3050490896474023,-0.046824934090281545,2.3985915304748207,0.6174496644295302
2801396.9021418644,0.2287822487214266,-0.058849514465920114,1.8648445678904593,0.5570469798657718
2225670.303190852,0.17352451433423322,-0.08749842873519244,1.4437081539617138,0.5234899328859061
2282735.223359159,0.1794814310394397,-0.06724770395909545,1.5792028916031173,0.5302013422818792
3488330.691559627,0.28387732828208545,-0.05275156670527938,2.0203836644136786,0.5302013422818792
2623798.1039668703,0.21279132766350228,-0.06923747926520626,1.6112359673643097,0.5100671140939598
4462173.186422246,0.3486811402306802,-0.07433899841815124,2.183589959241807,0.5302013422818792
2489171.0980248167,0.20008207770117958,-0.08482175130151855,1.7732455044781752,0.5570469798657718
2887276.1823906465,0.23622540887770604,-0.06538675476742457,1.994178110895856,0.5973154362416108
4462929.484909887,0.3487268550121718,-0.07713453964999044,2.20340393819852,0.5838926174496645
2164226.2585309134,0.1669722595014731,-0.08847073063823882,1.3397748046019247,0.48322147651006714
3587651.833233976,0.29110647153880853,-0.08610285879100071,2.244900409299635,0.6174496644295302
2028800.5492576782,0.15198777610589187,-0.06841210240122304,1.427668772011946,0.5369127516778524
2275298.4346809858,0.17871191497915273,-0.10108290793576222,1.6032102906990164,0.5436241610738255
3985283.16177878,0.31853552945736086,-0.07997661029222906,2.331311089374955,0.610738255033557
2028658.0965625374,0.15197159823441364,-0.06893895148021201,1.4172804162863353,0.5302013422818792
2768968.658700326,0.22592417128307885,-0.08225873257975129,1.8764898890839636,0.5234899328859061
3859534.203812131,0.3101076386180277,-0.055696397340509615,2.2598483500451674,0.5973154362416108
3408502.0122565227,0.2779466120026626,-0.08650542021551991,2.0415366285159564,0.5503355704697986
3309590.5269999728,0.2704420296758181,-0.06448477839102072,2.257921926029205,0.610738255033557
2875873.3819449116,0.23524741077584266,-0.060481533680420634,1.8387741562699065,0.5704697986577181
2588325.767591534,0.2094941918913522,-0.0747383812427582,1.7072112027293,0.5302013422818792
1990522.3442244239,0.147607588691417,-0.07363808642285354,1.2957253111234155,0.44966442953020136
2985555.938923385,0.2445290617965845,-0.07143490537367816,1.9766670892296532,0.5503355704697986
1838366.220262123,0.12950044474814204,-0.07323816779745193,1.375626974132131,0.5302013422818792
2435465.019978862,0.19485822994903224,-0.07819525443272,1.577127499083108,0.5369127516778524
4108863.6685682684,0.32661329792280247,-0.11612369456584841,2.391933828162795,0.6040268456375839
2555424.2061694115,0.20640353435384728,-0.08541205874700576,1.650260329260785,0.5838926174496645
2476668.5276104654,0.198874097516464,-0.07123235150288897,1.600581248233828,0.5033557046979866
2539966.031881,0.20494044385341437,-0.0938356284035647,1.5984014826203088,0.5100671140939598
2534419.4509540736,0.2044137324683577,-0.09979793028498672,1.8351991509870331,0.5704697986577181
2178617.498970676,0.16852012778663283,-0.10102995187858736,1.609522515741105,0.5570469798657718
2041432.4976637682,0.15341874409422873,-0.09937704423008667,1.2863492105991854,0.5302013422818792
3367709.5580245187,0.2748730071113228,-0.07522827791643169,2.225532813277697,0.5637583892617449
2489470.8599644084,0.20011098062424448,-0.09243196662002029,1.5218753162162026,0.4899328859060403
2346392.5743499086,0.1859875639299493,-0.13267012024764463,1.5302647763774353,0.5302013422818792
2364139.970266453,0.1877762499088369,-0.07540591397017582,1.5790301475261654,0.5167785234899329
4811889.767611385,0.3691881569282982,-0.07872104154013439,2.434369732782502,0.5973154362416108
1994589.4268346482,0.14807616970699078,-0.08700386900035903,1.2264914276068295,0.48322147651006714
2201099.4537953255,0.17092191193406792,-0.09033188379622789,1.5738489443593873,0.5234899328859061
1792936.3309358645,0.12386196482996414,-0.09984276033459451,1.0794121674212758,0.5033557046979866
2371719.8958664844,0.18853692663303567,-0.08101057971151196,1.6484125874099702,0.5033557046979866
3874286.307421646,0.31110762262548675,-0.07122086154174771,2.2633910221527467,0.610738255033557
2441755.3286340213,0.19547480822630958,-0.08451738165227844,1.5204763945747717,0.47651006711409394
2335873.871988103,0.18492231333445708,-0.05804954675848841,1.79626388377593,0.5436241610738255
3107993.706284021,0.2545732582590916,-0.05729517242886663,2.2266609046348624,0.5906040268456376
2946785.7132526156,0.24127986625038322,-0.06831333778375177,1.8218956222793257,0.5436241610738255
2527539.5115116904,0.20375912055576295,-0.07726010933042161,1.7369027522366778,0.5637583892617449
2503699.9485443593,0.20147975158663778,-0.11009245965789947,1.7674103412321172,0.5436241610738255
2962531.967046853,0.24260360447222928,-0.062043235691741826,2.0250894661927963,0.5503355704697986
2242382.377968854,0.17528159294716938,-0.07618948840743377,1.350541161659332,0.5033557046979866
2240023.600421833,0.17503423147598407,-0.1247541011635959,1.3756420608913633,0.5234899328859061
3091894.6645551384,0.2532708485502888,-0.07113508339770089,2.1601965164703043,0.6040268456375839
2998678.3607493667,0.24562115980820387,-0.07794002977608366,1.9621891373094473,0.5436241610738255
2167025.201528575,0.16727394703949483,-0.09543945343222983,1.4580482059834496,0.5302013422818792
3850099.391384361,0.3094664874644881,-0.06852141900813856,2.171432311293068,0.5503355704697986
3959403.6879682876,0.3168186131990387,-0.03712017628406173,2.3701096497758622,0.5838926174496645
3262130.8952637445,0.26677731239419744,-0.07308199976165608,2.01978466065155,0.5771812080536913
2335863.3666645484,0.18492124752222883,-0.08081937700366237,1.472726773776511,0.5033557046979866
2647938.782935208,0.21501485604601833,-0.05778800647723044,1.9343735557227353,0.5973154362416108
2502803.9324071473,0.20139374292670165,-0.06402308795209136,1.9457712040127293,0.5637583892617449
3411161.653620783,0.2781459851760708,-0.07355833920306341,2.127289459384172,0.5704697986577181
4928681.251026373,0.3757709866105434,-0.07502357415365346,2.520008731735557,0.6241610738255033
2589790.0392434513,0.20963100831940795,-0.06229119824453448,1.8259719095516234,0.5838926174496645
2423625.761703477,0.19369427788323224,-0.08164933158451512,1.737732537509766,0.5167785234899329
4454476.360387179,0.3482155494390877,-0.04161563033158008,2.749213702548737,0.6510067114093959
3370013.1899676053,0.27504737101660126,-0.05716049431333059,1.9383884515486105,0.5637583892617449
2250529.719673768,0.17613439439451906,-0.0646801565494024,1.4626017216899365,0.5369127516778524
2759946.2579389433,0.22512421830733054,-0.06359088667854887,1.8637770145193713,0.5771812080536913
2863029.6612267024,0.23414210546273262,-0.07044050408600615,1.901357943464904,0.5369127516778524
2584313.384211482,0.20911897124122536,-0.07771379050153135,1.6247337774001125,0.5503355704697986
3350988.6703293277,0.27360452058182516,-0.05832277439855333,1.9862569372328993,0.5369127516778524
3621148.218853853,0.29350842067445915,-0.06774130152922025,2.0929087072182875,0.5771812080536913
4254373.783626305,0.33587901831648437,-0.06289330483176976,2.2346776877449206,0.5906040268456376
2507674.8388046883,0.20186100495897685,-0.07565850619634498,1.6503424656530004,0.5302013422818792
3260033.853401451,0.26661440241384526,-0.060491498445048426,1.9792693071607543,0.5637583892617449
2355245.3636964406,0.1868811474409675,-0.09073436044391454,1.5379969127948658,0.47651006711409394
3372817.7623958075,0.2752595228811392,-0.09095276341132129,2.1220136074173794,0.6241610738255033
3028538.4263253673,0.24809205234514065,-0.10494101651752223,1.8736628791405283,0.5570469798657718
2952909.3535890696,0.24179533237243267,-0.08548980987809453,2.0029661099329896,0.5436241610738255
3836859.607545274,0.3085646432068643,-0.061392056653592916,2.4210244279403095,0.5906040268456376
3362459.0875845742,0.27447523757799974,-0.06766106317480006,2.0055978667270247,0.5906040268456376
2277154.858664767,0.17890419527474277,-0.0796412306469919,1.409433806629745,0.5100671140939598
3200877.4708956764,0.2619838872091458,-0.10771457570777487,2.221776468221635,0.5838926174496645
3794329.042952459,0.3056506762290452,-0.08813766743013983,2.4238607372227805,0.6241610738255033
4343324.672425686,0.3414190171571996,-0.08878690016074949,2.3011243691507635,0.6040268456375839
2553258.3008983033,0.20619896228432077,-0.08514207776209928,1.7704038861327467,0.5503355704697986
3390725.427547034,0.27661083065075,-0.05827994009012223,1.9653242353903864,0.5704697986577181
3541834.598909142,0.2877917994628054,-0.055028753911540475,2.0230623592510946,0.5570469798657718
4277285.997233321,0.3373148216936741,-0.08942658259549899,2.2567430682031975,0.610738255033557
2263622.0454925327,0.1774996398795039,-0.05270619239353587,1.6272824638015067,0.5167785234899329
1586903.349659995,0.09675619294431392,-0.13468508067591028,0.8604073127685834,0.44966442953020136
2652233.0126533373,0.21540868475917807,-0.10405596065857732,1.7133472429440204,0.5570469798657718
3085826.7408648334,0.2527785466094703,-0.06859848194358863,2.1562288376002945,0.5838926174496645
3810009.98224334,0.30672807712456374,-0.10033102727757802,2.288174988649006,0.5838926174496645
3098919.947745385,0.25383985831931355,-0.09373216317214426,2.0403339453499743,0.5436241610738255
3658096.299126942,0.29613735362405924,-0.060056051458008124,2.1877737095136576,0.5973154362416108
3768403.1021826323,0.3038615261725983,-0.05532728628142411,2.378905214207334,0.6040268456375839
3243816.2195808473,0.2653516863267813,-0.09679845634826906,1.8930118404149667,0.5302013422818792
1953240.3733238543,0.14327613626497038,-0.08934928275077941,1.2776577635123165,0.48322147651006714
3349113.783958796,0.27346197170579023,-0.05440564503207244,2.1164521640955924,0.6174496644295302
2689845.1324992273,0.21883651085816314,-0.10792752804648818,1.749099063366047,0.5100671140939598
2237569.577043673,0.17477666044669382,-0.05990648932792225,1.6899577028838875,0.5570469798657718
3066641.4408932603,0.25121689519599877,-0.07657737654370603,1.9158159606243175,0.5436241610738255
2682232.705920636,0.21814585216742355,-0.07471483504007419,1.7884162819219571,0.5570469798657718
2135994.808361133,0.1639117125530456,-0.07198670047427642,1.3231140742153953,0.5167785234899329
2896864.726493597,0.23704541266319823,-0.05958696385619195,2.005301626050194,0.5503355704697986
2077868.440074255,0.1575069554248434,-0.09397663498088649,1.445518184148931,0.5302013422818792
3006908.0215571546,0.246304114336944,-0.06570014720102169,1.8763248258504224,0.5503355704697986
2215333.066538164,0.1724323848458873,-0.09983079360989983,1.500676151376581,0.5167785234899329
2611142.304659745,0.21161909238650534,-0.07820408943156325,2.037032688472753,0.6308724832214765
2662281.802193756,0.21632828106457813,-0.04781702776816918,1.7426053374122004,0.5436241610738255
3030017.45537701,0.2482139331767077,-0.07591498220799327,1.883729684332406,0.5838926174496645
1588217.0666385826,0.09693772263281342,-0.23132422812339898,0.8504606345490376,0.4563758389261745
2544389.855573014,0.20535987736613537,-0.07882030332234397,1.8002095134557912,0.5637583892617449
3822378.233524265,0.3075753712671445,-0.07991518798528785,2.1904396073221633,0.5771812080536913
2813236.207999077,0.22981911700455226,-0.049602078642811916,1.8848102754179996,0.5637583892617449
2911765.3273503697,0.2383154002774326,-0.06180649508689786,1.947222385355055,0.5503355704697986
3301359.1521695135,0.26980944968418963,-0.057051378036130584,1.9030874405021467,0.5637583892617449
4260267.864861993,0.336248963229274,-0.07742601123442912,2.4253639156726634,0.6510067114093959
4033993.9787551016,0.3217430915585646,-0.05502854551046031,2.2976665482081224,0.5906040268456376
3104591.8423640365,0.2542984985455581,-0.06580563543177184,1.953278371232337,0.5436241610738255
2182938.3929191562,0.16898327019311754,-0.12452012681146504,1.4702476438036116,0.5100671140939598
3260364.4009151096,0.2666400867644292,-0.08564498769678072,1.948902036057727,0.5436241610738255
3904076.052923446,0.3131176953803285,-0.061362579778698606,2.2794234217419533,0.5838926174496645
1802819.69256859,0.12509827457593237,-0.0761395716589681,1.1381078814666652,0.5302013422818792
3784201.459746621,0.3049529388397516,-0.11977716306748137,2.187169751050376,0.5570469798657718
2506302.038167774,0.20172938686097242,-0.09034269326270813,1.4308655788878606,0.48322147651006714
2551671.8840729347,0.20604903541793407,-0.081309967881134,1.656282892290011,0.5167785234899329
2339388.686547405,0.1852786919722056,-0.07664706892512484,1.6835063110311537,0.5503355704697986
2356451.918811134,0.1870027266349743,-0.09331052042223306,1.7184292430057393,0.5906040268456376
2415543.27124005,0.1928970493206219,-0.0643759743756603,1.6325779592063976,0.5234899328859061
2240244.3795551173,0.1750573930901882,-0.0650144139565852,1.5381304354691734,0.5369127516778524
4082559.800393909,0.324910405614494,-0.06893869105022542,2.2027992570907413,0.5973154362416108
3929448.018761839,0.3148200242240451,-0.07619975571264667,2.2168141973701974,0.5704697986577181
2784398.5517279473,0.22728741215598736,-0.06315487616238466,1.828140215539205,0.5503355704697986
2275059.2728940467,0.17868713451985974,-0.08776458453035911,1.5913449788856149,0.5234899328859061
3813539.3437742214,0.3069700821533208,-0.06696955094163703,2.235658671584444,0.5704697986577181
3435834.260297854,0.27998960057123323,-0.07720342010833627,1.9835829808866843,0.5570469798657718
8126505.005187645,0.5204801733547857,-0.038991581512061294,3.045805794019432,0.6644295302013423
3685981.5586048905,0.2981074177694971,-0.05226681137192814,2.1629666975662976,0.5973154362416108
2723978.1868852503,0.2219142373690095,-0.14361831511595397,1.6713632309246973,0.5637583892617449
3033903.315803685,0.24853392465869306,-0.051154623894345844,2.0847423864363868,0.5704697986577181
2539845.5365912043,0.2049290112278339,-0.06720697437838255,1.812553624571493,0.5436241610738255
2844437.5123644616,0.232535053393373,-0.0787002816279398,1.7350827479868933,0.5436241610738255
2089440.5521194364,0.1587933756616544,-0.05486612257143363,1.359211515411301,0.5033557046979866
4238083.596493589,0.33485441973997165,-0.08515938093435443,2.1983300060573003,0.5771812080536913
2951371.6577531346,0.2416659751082113,-0.05284284950215542,1.9243552894628,0.5771812080536913
2860895.0740632024,0.23395802285053113,-0.07242298008743125,1.7832685573249654,0.5100671140939598
2100453.5985109727,0.1600123645301319,-0.1674280908174527,1.432972837729966,0.5167785234899329
3048462.5791235054,0.2497299378132709,-0.09644401228046595,1.8472682088591483,0.5302013422818792
4083327.279807063,0.324960215785397,-0.07433203123217111,2.4170199846886398,0.610738255033557
4563054.136708519,0.35472493433151464,-0.08703125553322887,2.4421595982299604,0.6308724832214765
1770571.7927342036,0.12104412807165144,-0.14202522340563323,1.1250774423958796,0.4966442953020134
2543084.230432964,0.2052361485849321,-0.07277975174447535,1.6125541495217868,0.5234899328859061
4200037.067491984,0.332449090292803,-0.05591575519431815,2.3194760791042026,0.5838926174496645
2602954.927059452,0.21085831819852197,-0.0988704862292829,1.7003041872483624,0.5369127516778524
3658657.7083121417,0.29617713490319053,-0.06669980795934428,2.141219762986486,0.5838926174496645
2554596.7848263467,0.2063253999025212,-0.1016605690694976,1.8277994468928207,0.5973154362416108
2645149.0590669867,0.21475873341281249,-0.08583422727310694,1.6584398559956308,0.5100671140939598
2475929.669791451,0.19880255760605303,-0.09097967307893103,1.7615001476935634,0.5838926174496645
3382592.94484351,0.27599786505540225,-0.06986694265663515,2.1834219135624813,0.5570469798657718
1916724.493115921,0.1389690910761896,-0.11524864261199685,1.2276350416874307,0.5033557046979866
2633403.5276698414,0.2136780081678511,-0.062471351736116794,1.6997546445658331,0.5369127516778524
3201953.0966376076,0.2620686914507535,-0.0826239343227047,1.9417199979122461,0.5637583892617449
2534173.17726679,0.20439032458766815,-0.06787366324662542,1.6559515312200002,0.5302013422818792
1608675.0475411515,0.0997492262413251,-0.1155607956835473,0.9736073011873069,0.5033557046979866
3635076.814045268,0.2945019783863283,-0.08132127196273778,2.3624821744357667,0.5973154362416108
2261375.6595583223,0.17726584031472892,-0.14786781808968583,1.3647955111994554,0.48322147651006714
3369744.963890165,0.27502707365725376,-0.042069449435824115,2.3372479095618646,0.6040268456375839
4073991.589776938,0.32435381102646565,-0.09716877117580773,2.2164854508030345,0.5906040268456376
4214978.878365264,0.33339579296113686,-0.049966639352269054,2.352297806278451,0.5704697986577181
2900567.1170927435,0.23736145680739118,-0.0538104913855101,1.8219706226932342,0.5436241610738255
1843154.6962293983,0.13008824485788506,-0.0713392616828883,1.246843961353544,0.5167785234899329
3723611.518473684,0.30074712006057025,-0.06280082474961814,2.16944228893555,0.5973154362416108
4585042.841981388,0.35602807003763504,-0.03527887980429999,2.5745075714328536,0.6241610738255033
3936415.7322630156,0.3152859827078329,-0.08259898438602557,2.213635091272994,0.5838926174496645
2487256.251085902,0.19989738321175876,-0.16126656883050614,1.7892572935582487,0.5838926174496645
3614831.423822977,0.29305682165784797,-0.05411982490295701,2.069686432363797,0.5704697986577181
2678203.894840623,0.21777969223202098,-0.12625501012572513,1.8564860385781965,0.5838926174496645
3286885.0952730244,0.2686940538515088,-0.0673431270298708,2.2362965882537162,0.5973154362416108
2292430.7309635403,0.18048166024238976,-0.07566277350912597,1.5526271680071968,0.5369127516778524
2889068.5143088535,0.2363788528949422,-0.04846324051598127,1.845642875687741,0.5570469798657718
3276969.7421370926,0.267927689593082,-0.0770266814157093,2.049365898277975,0.5637583892617449
3015717.3396673123,0.24703351781393756,-0.06639039596121493,1.8787987276785105,0.5771812080536913
4028537.043740886,0.3213853036142882,-0.08547085720549515,2.308388135365062,0.5906040268456376
2692671.2773171156,0.21909252275252467,-0.09598943737739209,1.6440672399912482,0.5234899328859061
2903668.98488356,0.23762599065517764,-0.1227294551566569,1.9352229604491076,0.5771812080536913
2837079.8067458617,0.2318967530077063,-0.06643338975756277,1.9807560829347115,0.5906040268456376
3434687.099680373,0.2799041162497615,-0.06262519698277816,2.368755602535234,0.6442953020134228
2157533.4645180455,0.16624960084932594,-0.09264564259389521,1.3462380335769466,0.5033557046979866
3309576.42510435,0.27044094702397437,-0.10139137439065245,1.9801988812072544,0.5771812080536913
2070522.2542108982,0.15668733549519898,-0.08402324302743937,1.4568101446004875,0.5369127516778524
3922909.297815978,0.314382152576949,-0.053696520947543736,2.328599888134676,0.5973154362416108
2243961.3014589516,0.1754470560099668,-0.06293920588517828,1.6712648337002836,0.5570469798657718
2776860.686846988,0.22662219411370277,-0.08457001013301177,1.5199533273588026,0.48322147651006714
2030986.9296156182,0.15223596200306422,-0.08123764930999361,1.3629122203628545,0.5234899328859061
1961313.082282788,0.14421960594608718,-0.11178761231552806,1.3339973068384636,0.5302013422818792
2040576.8633360825,0.1533220404145701,-0.10953774132102519,1.2994065966180768,0.5033557046979866
2450216.5940137575,0.19630218334408966,-0.07447841071298864,1.8033409225581067,0.5637583892617449
2491690.357450856,0.2003248970787772,-0.08228139098112909,1.7470522055027202,0.5234899328859061
2399028.3125123843,0.19126141357677118,-0.07805723001436206,1.7211428318071489,0.5436241610738255
1912459.8467628076,0.13846180595421687,-0.0715914854649805,1.4381970828620367,0.5570469798657718
2221986.472670806,0.1731357837662193,-0.12666386476495267,1.5191517347236063,0.5033557046979866
3561363.657566939,0.2892088095466787,-0.054429657382715255,2.151314121339199,0.5704697986577181
4032464.786748934,0.32164286803191877,-0.03831149779985627,2.326160730821643,0.610738255033557
2114937.533177194,0.16160777147366567,-0.11659763406946291,1.2664136909998256,0.47651006711409394
2829163.8274569074,0.23120854036013894,-0.06307311356424856,1.7278104818477882,0.5033557046979866
3798382.381457891,0.3059295125738759,-0.08342627681146333,2.177910494419323,0.5906040268456376
2523458.550243756,0.2033701517516131,-0.0502365513183057,1.8790196607084757,0.5503355704697986
3582248.9980416032,0.29071736793575154,-0.09030028869040599,2.095058962842507,0.5906040268456376
2733242.728776098,0.22274428117672596,-0.11577196762184619,1.634115986049378,0.5100671140939598
1915015.8831998268,0.13876595826671112,-0.08325476754236112,1.2334943641973073,0.47651006711409394
2273350.8703898867,0.1785100598214684,-0.06235290610426008,1.7258495137768428,0.5503355704697986
2476037.7798851137,0.1988130264327579,-0.0954288186691331,1.678776067781828,0.5503355704697986
2809568.4476693026,0.22949827398952416,-0.0821199372704965,1.9051324602310156,0.6040268456375839
1903842.0009143373,0.13743393387068736,-0.0664992900499858,1.2620770926146578,0.5100671140939598
2060627.191759524,0.15557965016297892,-0.08418681469119314,1.5157003414466057,0.5503355704697986
3361618.6553251897,0.2744115212811251,-0.08317065652368602,2.0759756175436292,0.5973154362416108
3397824.617823774,0.27714495368016556,-0.045910895473225126,2.1428664010010685,0.5906040268456376
5569067.000885681,0.4097966965016553,-0.05980929864320058,2.539421314037414,0.6040268456375839
3098119.401126493,0.2537750705214483,-0.07086830783875771,1.8389388181113617,0.5436241610738255
2070240.0068856953,0.1566557985524013,-0.06316663110392845,1.5908265521973066,0.5637583892617449
3780922.9663596014,0.304726747765367,-0.07516350492435236,2.17203678527818,0.5771812080536913
3217364.628956312,0.263281268424544,-0.08356541086057703,1.8376017428335136,0.5369127516778524
2949453.5891116904,0.24150454373326546,-0.06960379520428399,1.9256850037864297,0.5570469798657718
3003625.2673923224,0.24603186804151633,-0.06619979884285919,1.9512783447577053,0.5570469798657718
2771285.148189668,0.22612922168069094,-0.07097496402965235,1.8640839501219408,0.5436241610738255
3484373.9363924945,0.28358593992873393,-0.08873229232549933,2.0858161562996522,0.5838926174496645
2378045.262548045,0.18917021596722616,-0.08940483271322512,1.6201106099815066,0.5503355704697986
2420869.2443956356,0.19342262398620957,-0.07316774177493078,1.5095661141799088,0.5369127516778524
3282425.7708940827,0.2683496188689398,-0.11400202151459791,1.902631533386491,0.5838926174496645
3622175.01426318,0.29358176856358176,-0.0796652711063273,1.9861226489647306,0.5167785234899329
5055014.898610701,0.3827526134847765,-0.06351086485222289,2.6718689463661573,0.6308724832214765
2539943.0691520995,0.20493826517697045,-0.08350650311161635,1.6573177697072783,0.5436241610738255
3975063.4516221243,0.31785859415991213,-0.08570621379692717,2.4428213403922396,0.5973154362416108
2075024.5477965476,0.15718993547656535,-0.1930603967483723,1.3107992363851257,0.46308724832214765
3406921.8057410344,0.2778280969396374,-0.053829868801548574,2.0917350024663066,0.5973154362416108
4219226.611528861,0.33366443619298103,-0.07176570522576209,2.2704004420901422,0.5704697986577181
2265774.4797505853,0.17772348706452656,-0.07356394810801987,1.7075392858141285,0.5503355704697986
3900819.529280363,0.3128985589574078,-0.07841350836957148,2.43098366458819,0.6174496644295302
2731595.3411086802,0.22259685046099298,-0.08153387784485777,1.7690940096765932,0.5302013422818792
2164248.5811011638,0.16697466680178819,-0.08954190373119171,1.4643492548224954,0.5570469798657718
4915101.195387746,0.37501201394630557,-0.08572713580277425,2.4081484163651505,0.5838926174496645
3656163.6814364833,0.29600037158215553,-0.10100421691175125,2.1996623513471967,0.5771812080536913
3730569.518738352,0.3012328765095289,-0.08986413458326836,2.3435782876639286,0.610738255033557
2707786.4353683335,0.22045812129827946,-0.07684938191249618,1.8046346889265024,0.5436241610738255
1983740.82020354,0.1468245624749227,-0.16578577515649867,1.335831920156626,0.5234899328859061
2712719.073797497,0.22090244709519413,-0.0673474128917806,1.8435843839612975,0.5771812080536913
3210592.897464972,0.26274904321882153,-0.05392942240309981,2.1811915610680743,0.5771812080536913
2733345.1595830237,0.2227534457346052,-0.04203693318817437,1.8125559420119046,0.5234899328859061
3529777.1935845125,0.28691380166497016,-0.08307324294563652,1.886625322151296,0.5369127516778524
1947639.4323591369,0.14261971121332784,-0.10515594225805044,1.3643459581297934,0.5436241610738255
3468709.5428019464,0.2824297580633617,-0.05936045542713631,1.9309160971234507,0.5570469798657718
4034672.729531028,0.32178756727071867,-0.06247039413606681,2.2052837179330695,0.5906040268456376
4279898.1832549935,0.3374781244064742,-0.10677793108936795,2.320720976954914,0.6040268456375839
3635042.957793038,0.2944995670398278,-0.05612307197087057,2.1065714285668458,0.5906040268456376
1965863.0674508347,0.14475000141805738,-0.09919197692780816,1.2709688124710745,0.4899328859060403
2902950.0355952466,0.23756469727305696,-0.06438026227879569,1.9347457577837728,0.5771812080536913
2610103.6610895176,0.21152268701976684,-0.0638552335259814,1.5913182322129138,0.4966442953020134
3127777.570285595,0.256166398536553,-0.06049533447092055,1.8337834107914874,0.5503355704697986
2131238.080763447,0.16339285836485384,-0.09662700079797905,1.2811773280016925,0.5234899328859061
2665412.1565644345,0.21661418235599217,-0.04530801228504411,1.8238552966290376,0.5302013422818792
2295894.9578271927,0.18083822382671477,-0.06884463505898444,1.6230515214969037,0.5838926174496645
2912322.239546208,0.2383627653715803,-0.08194973066478271,1.858941378250647,0.5369127516778524
3220050.1529465746,0.26349208941645563,-0.07341486686609998,2.1128738425272027,0.5704697986577181
2911237.9696480404,0.23827054209655918,-0.13973088204669393,1.75962011491914,0.5503355704697986
3536950.8678611997,0.28743646381378674,-0.055945807801778324,2.1187835754207733,0.5973154362416108
3112264.1683141985,0.2549178320130583,-0.0611105069113978,1.828962238375487,0.5167785234899329
2561708.62434128,0.2069963202644296,-0.08748251131093324,1.6853245736621352,0.5302013422818792
2278424.170522999,0.17903559288586046,-0.06441424844401329,1.546768494313638,0.5369127516778524
3041679.2990937037,0.2491732753469309,-0.06929456351532044,1.8698145887359472,0.5302013422818792
3226355.3104172456,0.26398650930790746,-0.1217892038281176,2.0755987495118413,0.5503355704697986
1821319.9867291956,0.12739797571369937,-0.11082555892397472,1.0859554473437434,0.4899328859060403
2216655.4480367433,0.17257232162216996,-0.09393949680741326,1.533672454459265,0.5167785234899329
1734094.869147148,0.11638648597475232,-0.07746401486804226,1.0672639096207357,0.5167785234899329
2915999.7605613894,0.23867535485798563,-0.11761649736856268,1.6534529078183131,0.4697986577181208
2219131.3054736867,0.17283414181041268,-0.08787720611727183,1.3883809186591387,0.4966442953020134
1839496.9240076654,0.1296393524675148,-0.1344006602881125,1.1691807346066345,0.4899328859060403
2591908.1438107137,0.20982880714822505,-0.13413629570292807,1.6716733757030455,0.5503355704697986
4077465.0941288806,0.3245795641034419,-0.07267265109613033,2.147906123308302,0.5369127516778524
2117757.530815964,0.1619173773519511,-0.06360350641063943,1.6219684555058833,0.5637583892617449
2711223.3756429255,0.2207677848349332,-0.08547988909299305,1.7319457173051174,0.5234899328859061
1691684.224962977,0.1108715896438297,-0.07908284975076882,1.1417473696028362,0.5100671140939598
3085774.630895783,0.2527743154780593,-0.0584892993342851,2.302154384351905,0.5973154362416108
2157474.7825865513,0.16624325670450646,-0.06303419197020901,1.579824776212474,0.5704697986577181
2302462.089109783,0.18151298137456462,-0.09659435066164783,1.4681933882412326,0.5100671140939598
2052503.1060898006,0.15466702819358402,-0.12111592450409309,1.3135452667842331,0.4899328859060403
3114705.1504458818,0.2551146193859022,-0.07179668667689527,2.037416525606819,0.5637583892617449
4404633.740429519,0.34518482762437475,-0.07852570677516826,2.3231188946598746,0.5906040268456376
2776353.969244166,0.22657742438984974,-0.05155848048968761,1.9019907627896708,0.5771812080536913
2256138.5417171936,0.17672004870236102,-0.06974346003226004,1.549396082509649,0.5503355704697986
2461944.909956122,0.19744525151861647,-0.07900392393014428,1.6598922172361346,0.5302013422818792
2581842.2776917564,0.20888765214206173,-0.08400390595071089,1.5944370370565948,0.5167785234899329
4360544.446850957,0.3424809864928062,-0.0492907014680859,2.3112629454399687,0.5906040268456376
3553974.8659866364,0.2886734185456301,-0.06275727378661311,2.2517719772900464,0.5704697986577181
2670810.402969946,0.21710658418278328,-0.08477100585469151,1.8465175738378052,0.5302013422818792
2009378.747553697,0.14977367504197336,-0.08775181568657399,1.341566428454961,0.5100671140939598
1965741.9856821087,0.14473589954369825,-0.15480771676809432,1.2736337375812574,0.5033557046979866
2649187.539255475,0.21512943357014036,-0.06684881690095161,1.5704512659878413,0.4899328859060403
3543989.603307645,0.28794847091323783,-0.06619366379760389,2.1530697449456566,0.6040268456375839
2870002.4936845037,0.2347426647320383,-0.07860831438846233,1.9984864076770879,0.5973154362416108
2800751.4482113034,0.22872562015606612,-0.060150190748933234,1.6796540341356727,0.5637583892617449
2264635.84649279,0.17760509357183896,-0.10011282759487579,1.5166571887712372,0.5771812080536913
1990201.0049888175,0.14757053357754812,-0.08861277358916204,1.5867269046413062,0.5302013422818792
2465910.105919412,0.19783072311073013,-0.07991604316082349,1.4986894562186521,0.5302013422818792
3276362.1786943083,0.26788067032165674,-0.08164740758130591,2.0336213641864975,0.5704697986577181
3077050.4125420614,0.25206513486152815,-0.04789636129851505,1.9123885946655186,0.5637583892617449
3070978.821280539,0.2515706330556151,-0.07342036749279428,1.878650126602481,0.5570469798657718
3194168.0876301653,0.2614543922939765,-0.061046752486963535,2.1022448380671435,0.5771812080536913
2978639.8609315515,0.2439519333243947,-0.055133322269331916,2.0511293464417566,0.5570469798657718
3508651.155036075,0.28536964114661556,-0.06858198390020512,2.1101290141287743,0.5503355704697986
2593665.63879491,0.20999283237392707,-0.11159868144457102,1.5378442951708655,0.4966442953020134
3818774.9652511165,0.3073287539962366,-0.06085956522744461,2.2717535942516025,0.6040268456375839
3687619.080988443,0.2982227358892766,-0.06739198965122273,2.0855002299935324,0.5570469798657718
2638573.3447870035,0.21415416549915145,-0.05376749448156938,1.7656774751785587,0.5771812080536913
2390325.9195830086,0.19039590483797464,-0.07205873184149013,1.5570672103125318,0.5167785234899329
2551729.88682019,0.20605451837377697,-0.045689583884999864,1.6722907329339673,0.5369127516778524
2749469.81518374,0.22419271638385374,-0.07629228633805313,1.8199393956496177,0.5637583892617449
3316571.181315154,0.2709775064218751,-0.06218187231394278,2.08476563629181,0.5302013422818792
2848951.0884784516,0.232925964640758,-0.07957775602410527,1.9330460272921997,0.5369127516778524
3181634.727901337,0.2604628893727796,-0.06449800682353318,2.288859689315644,0.5771812080536913
3093793.8191900905,0.25342477168307154,-0.04302914121411647,2.1580954398769414,0.5503355704697986
3559616.569173825,0.28908229599354707,-0.08293284582692668,2.0911205442730476,0.5503355704697986
3657190.034011759,0.29607312565448596,-0.04854154315521953,2.181979607661124,0.5503355704697986
3847910.177521937,0.3093175378330819,-0.08111108527830828,2.168676741235981,0.5704697986577181
4423981.665217726,0.34636453638502007,-0.061265585519686236,2.451532414483076,0.5838926174496645
3245953.901770377,0.26551841630424056,-0.0491092678429522,1.96119670920651,0.5436241610738255
3472813.1001789067,0.2827330429319326,-0.0526855576388447,2.0643251289895552,0.5637583892617449
2320986.542968644,0.18340806443169133,-0.14869753907688907,1.459648803199599,0.5369127516778524
3893938.6109720943,0.3124350497561421,-0.08336082350286221,2.2851815868482084,0.5838926174496645
2774054.89968801,0.2263742138921334,-0.09646465409989306,1.7165418466818596,0.5436241610738255
2774429.7926683403,0.22640735917940935,-0.08863264598995862,1.8279233539898363,0.5302013422818792
2981268.791783932,0.244171436846371,-0.07598453446006699,1.9043993596790876,0.5302013422818792
2471927.071948669,0.1984147089204571,-0.13769219900624136,1.7812323845612648,0.5704697986577181
2721017.6258861357,0.22164851384916529,-0.07598684988064924,1.8090539063295594,0.5302013422818792
3322323.263904438,0.2714180638950734,-0.057525536956508395,1.8533554706703723,0.5838926174496645
4977050.667262874,0.3784607747059001,-0.05259783005799449,2.437985555214158,0.6040268456375839
2821183.6279927306,0.23051318337280047,-0.08341670538470908,1.9051179961709699,0.6040268456375839
2661333.1038511964,0.2162415815169596,-0.06766985368447928,1.7733008293091692,0.5637583892617449
3156862.8766026166,0.25849398336517293,-0.07180840793324676,1.8892552159181593,0.5167785234899329
2164771.7128651584,0.16703107644944204,-0.08156105544045733,1.5688992589079638,0.5369127516778524
2641511.196268412,0.21442441889540764,-0.07959885700997264,1.6841404043780608,0.5302013422818792
3342954.798818815,0.2729932501459904,-0.049512362395902475,2.0604660792988274,0.5637583892617449
2957362.141713177,0.2421696154028461,-0.08492543420725546,1.89588757351001,0.5771812080536913
5621651.818759009,0.41244904313314645,-0.042070262679129056,2.8119516022376847,0.6375838926174496
3570780.591794023,0.2898898730630386,-0.12335741461348669,2.193054773877525,0.6174496644295302
4332637.719197086,0.34075824165957713,-0.04327291723758405,2.298142309301392,0.610738255033557
2828520.9730708357,0.23115258320767373,-0.07093790064283728,1.9275237642417724,0.5503355704697986
3608302.8773280303,0.2925894202384989,-0.06192815161737552,2.5014039115434143,0.6174496644295302
2846588.5658872174,0.2327214134197355,-0.09865879257575207,1.7759845580117222,0.5302013422818792
2983027.6572228954,0.244318207503728,-0.079042571350686,1.7617684383491343,0.5167785234899329
3050984.7382827685,0.24993666334199793,-0.14465702078920115,1.729716744432031,0.5234899328859061
2183551.152486063,0.1690488904845815,-0.06414882120055355,1.422104589936002,0.47651006711409394
1958683.6872224023,0.14391264627946043,-0.14205315699740997,1.2821671932186007,0.4899328859060403
2161686.7385635674,0.16669826399813403,-0.10451976424242751,1.4578026251467051,0.4899328859060403
4544110.925646661,0.35359825202319484,-0.06590024263657002,2.4251092052792522,0.5838926174496645
2348614.3646260626,0.18621208033850523,-0.12275006333975474,1.4274581323973965,0.4899328859060403
3455230.699173094,0.28143154241575363,-0.0961349255759772,1.988756390328165,0.5503355704697986
1460566.332542441,0.07870888798792364,-0.08153186292844396,0.8571262715666399,0.4966442953020134
2970315.2113592653,0.2432558397803315,-0.06764880612811908,1.8155524027766867,0.5503355704697986
2805315.43130295,0.22912581498113616,-0.07649584888391218,1.8609634790748801,0.5637583892617449
3343286.975910953,0.2730185476696132,-0.07318092541734977,2.033882980987715,0.5906040268456376
2050395.0320460463,0.15442974482855498,-0.07851994658234851,1.3553992459515005,0.5033557046979866
3008772.333549335,0.2464586201393819,-0.08922940540920406,1.8249466357536757,0.5167785234899329
2030501.67452409,0.15218089697012105,-0.08591108628878108,1.3723389378759112,0.5637583892617449
2798736.2140435283,0.2285487474216632,-0.06442994883557095,1.7455385823583747,0.5302013422818792
4214674.630052293,0.33337654279898565,-0.052547481626303946,2.3665788681523314,0.5973154362416108
2946433.66667326,0.2412502061897337,-0.10785611569343939,1.803004195914966,0.5302013422818792
2388621.257242191,0.19022607007548697,-0.07572095190285025,1.6265946967468525,0.5436241610738255
3332379.250306888,0.27218679772013377,-0.05679953019556467,2.1179934277686012,0.5704697986577181
3535088.044881428,0.28730082316048366,-0.03179434457425099,2.1035376478161516,0.5771812080536913
3041440.514953258,0.24915366169904152,-0.06048789294560517,1.9910947457771206,0.5704697986577181
2246113.9073391873,0.17567248805253022,-0.11549898692149847,1.3858101936061398,0.4899328859060403
1833842.9654342686,0.12894407529738983,-0.09735168616307183,1.0868255943744474,0.4429530201342282
4964061.395800654,0.3777405119013342,-0.05670363114152376,2.5943365255820097,0.6174496644295302
1652839.3749938698,0.10572245687867587,-0.20384960898661852,1.0005825961695924,0.4697986577181208
5885053.759236412,0.42544375908380916,-0.05397093055592518,2.5311612526556426,0.610738255033557
1800789.4481014009,0.12484475458127742,-0.09691515257236602,1.1615998994878889,0.4899328859060403
1740446.9246855224,0.11720316348328286,-0.08624231827971454,1.276145418433506,0.5100671140939598
2104093.7144341962,0.16041414968797785,-0.09480412756958059,1.3930967468827546,0.4899328859060403
4334419.508516144,0.34086850039736527,-0.06569769556191653,2.4929364145937245,0.5973154362416108
2560059.5730679263,0.2068408840442002,-0.08489171148055427,1.713257923746517,0.5100671140939598
2685810.80985106,0.21847068069786002,-0.051421397499999966,1.8245473441007478,0.5704697986577181
3449265.7655847124,0.2809887969996714,-0.0675413962912102,2.0454411439241635,0.5369127516778524
3284390.455662198,0.26850141579937303,-0.08536010627080126,2.017327785365968,0.5771812080536913
2990515.9708088427,0.2449423051533064,-0.06890126700386773,1.8186669190359557,0.5369127516778524
3720659.9856105926,0.300540846355984,-0.08530473751776357,2.260724778658102,0.6308724832214765
2613044.3029074986,0.21179555356417512,-0.07357883000193013,1.8680602416248595,0.5570469798657718
4448682.559582728,0.3478646503057041,-0.04905848179698656,2.452420770282003,0.6174496644295302
2893969.0162574006,0.23679800323672873,-0.09939237946405866,1.8038846624184321,0.5704697986577181
1613618.3728786234,0.1004242846692982,-0.11526873205988845,0.9476396197566304,0.4697986577181208
3283583.6882150006,0.2684390915276318,-0.06764142212760564,1.8313933643761615,0.5234899328859061
2313473.8082595295,0.1826409626658001,-0.13582115443628384,1.6900620434730398,0.5704697986577181
3835323.1852186266,0.3084598267553995,-0.0618105606022689,2.071929225453616,0.5637583892617449
2699881.9376681354,0.2197447420827272,-0.08621149605978443,1.7104258624336637,0.5302013422818792
2270705.3886004384,0.17823564735069097,-0.06921794832204295,1.6103049979659354,0.5369127516778524
2141464.520622329,0.16450719632691935,-0.07371631805959677,1.384390845223418,0.4899328859060403
1923018.3276349595,0.13971610359948428,-0.0839247760453493,1.315040537379662,0.5167785234899329
3915061.4841154874,0.31385584470074157,-0.052325076740208386,2.3223461559788743,0.6040268456375839
2103613.2512630112,0.16036114946369495,-0.050918496759807794,1.5684100558471419,0.5369127516778524
3108729.9715757873,0.2546326928215943,-0.07410244800680087,2.051323109528512,0.5704697986577181
1534383.0595613688,0.08939846499662152,-0.07586849775950319,0.8682236526360458,0.46308724832214765
3460110.193870159,0.2817932669945131,-0.07249003285924165,2.1972621923800766,0.5570469798657718
2830687.927640454,0.23134116477176936,-0.07810057353465083,2.0738632585240615,0.5771812080536913
2402665.552206538,0.1916224162349136,-0.1552065777859904,1.4629628492577915,0.46308724832214765
1977379.717281553,0.14608813117807595,-0.12543926753782428,1.2611662107770607,0.5100671140939598
2767584.618554928,0.22580159368715735,-0.13107993023480913,1.6106927033875325,0.5167785234899329
2069969.0314247815,0.15662551783633183,-0.13050451000688063,1.334701550993803,0.47651006711409394
3583382.509634782,0.290799040536339,-0.08535928155901178,2.028011511032004,0.5302013422818792
3223886.3299586875,0.2637929959841383,-0.06467468293568841,1.9647870359577644,0.5838926174496645
2280245.9736944805,0.1792240814159567,-0.10676260603779905,1.5936384729952955,0.5503355704697986
3566978.9935297454,0.2896151021798363,-0.07818563638756358,2.1129562565265596,0.5973154362416108
2237170.0539823356,0.17473470564916704,-0.09026028055014981,1.3455342369146412,0.4966442953020134
2295299.2776020756,0.18077694271380662,-0.06572438826516143,1.5905976258849466,0.5369127516778524
1895669.4940631331,0.1364557340980337,-0.11096933157855235,1.281602718393793,0.5033557046979866
2312644.400807688,0.18255615237588474,-0.1525448189561985,1.5778989738355418,0.5033557046979866
2462854.4165172298,0.19753371193945202,-0.09421491067955205,1.802759448064614,0.5302013422818792
2120404.1871867,0.16220765231043766,-0.10060763952485137,1.4825767317447716,0.5369127516778524
2270967.769766795,0.17826287523829865,-0.08671762034611072,1.5673081874405426,0.5302013422818792
2786705.951310391,0.22749075260383522,-0.06991031628655085,1.808846932336216,0.5503355704697986
1996453.5313819055,0.14829068346877294,-0.07433133616178537,1.4873562064169594,0.5637583892617449
4134858.952424414,0.32828766584950153,-0.05507910987373713,2.528072864149556,0.6577181208053692
2696695.7948242174,0.21945672083896595,-0.07199985152443193,1.7197374094657678,0.5704697986577181
3229672.933722009,0.26424635095198545,-0.05173691193327926,2.127851575410218,0.5771812080536913
3513263.1166102733,0.28570737554733405,-0.1266960075560628,2.1992641592960878,0.5838926174496645
2525074.1402897253,0.20352419867653349,-0.06692048249811625,1.6085537421010117,0.5302013422818792
3246050.9464190705,0.2655259832830199,-0.041095017151507617,2.041287055401462,0.5771812080536913
4002321.95067093,0.31966106682887685,-0.07636782841266491,2.2880853379462636,0.5771812080536913
2708926.6996764364,0.22056089236356424,-0.08963235903640887,1.6998444835719397,0.5637583892617449
3304087.145776879,0.27001923526057525,-0.054070005080115724,2.0056781141041897,0.5436241610738255
2008261.0762508162,0.14964573947436421,-0.07754754370650248,1.3866111542698856,0.5100671140939598
3676474.18960309,0.2974370758815863,-0.08688013161890477,2.094621067257935,0.5704697986577181
1737055.1112318237,0.11676737862574327,-0.07876764604289906,1.1018258223426285,0.5234899328859061
2960727.916024977,0.2424522294612319,-0.0673293130047163,1.8646604998514378,0.5637583892617449
2859655.7119016475,0.23385109226291512,-0.11200281595350164,1.6958387617354906,0.5033557046979866
3219257.5236522546,0.2634298804807096,-0.07535331562907789,2.121167645335064,0.6241610738255033
2169136.76637463,0.16750133844354598,-0.07441069710470886,1.453933284157063,0.5302013422818792
2344321.014181819,0.18577807531205726,-0.1128841971994861,1.4862389291608467,0.5234899328859061
3467962.958166478,0.2823745487826783,-0.0605484371134415,2.3566909193078476,0.6375838926174496
2059472.4138155533,0.1554501034767366,-0.0808989294494584,1.3243737312947403,0.47651006711409394
2783661.379822795,0.2272224201939137,-0.09075324686858308,1.7970417488205903,0.5704697986577181
3288874.098148697,0.26884756244485186,-0.058903686415388845,1.9252161554446774,0.5838926174496645
2741645.410918119,0.2234951636593403,-0.16842630364236663,1.8547382456776627,0.5302013422818792
2660945.533662602,0.21620615517821018,-0.08564735799094758,1.6822292759024275,0.5167785234899329
1852590.8915806198,0.13124300009678413,-0.08242701646002323,1.3920603316492561,0.5637583892617449
3188347.2730266647,0.2609943006446305,-0.08272907284966427,1.9174782130068684,0.5771812080536913
1854032.489163657,0.13141900115732197,-0.1000448108845403,1.0503382600137248,0.4697986577181208
4208080.116105922,0.3329590264144797,-0.05775924085382592,2.4384635352121307,0.610738255033557
2640862.9805277544,0.21436481011481479,-0.07010797685422061,1.6534930583229779,0.5234899328859061
3300519.499228539,0.26974485157927264,-0.10796685582562582,1.784205181808603,0.5100671140939598
2646980.1633696193,0.21492687019656276,-0.06807026576466617,1.6900193684053069,0.5167785234899329
3368567.4316659155,0.2749379514604524,-0.07400210155050344,1.9806807318640032,0.5570469798657718
4508709.933770676,0.3514826017650703,-0.08364353584263198,2.7061443495066397,0.610738255033557
3189507.8882509945,0.26108609215942247,-0.0736084159160104,1.9138351130624713,0.5570469798657718
2942768.699568723,0.24094126278305095,-0.0497372179874561,2.0906696615804066,0.6040268456375839
2564763.809720691,0.2072840844191144,-0.06766062785199524,1.6489056238368058,0.5369127516778524
3276784.437092201,0.267913349594209,-0.046306793411195986,2.1367020088120006,0.5838926174496645
2236439.9201513804,0.17465801719694674,-0.06465327518921178,1.3907461032615254,0.5234899328859061
1925504.9336068216,0.14001069883270145,-0.08685740256075847,1.2407277652347954,0.5100671140939598
3527897.095567802,0.28677668027675174,-0.04865513533073511,2.432838618297983,0.6174496644295302
3474684.4150303444,0.2828712525109047,-0.1017852778955536,2.077783406742683,0.5570469798657718
4544933.653825403,0.3536472632731358,-0.051451046259526824,2.4538561204894873,0.6308724832214765
3697342.4758929047,0.2989066373105067,-0.054610467509844496,2.374527955257199,0.6174496644295302
2480222.1583252107,0.19921793947146926,-0.07424099427316695,1.5005545420243436,0.5167785234899329
2720824.6696026903,0.22163118713717656,-0.08450850223556063,1.8365399928330979,0.5503355704697986
4169603.3225936363,0.33051246621314867,-0.0662223014131953,2.255048548660837,0.5973154362416108
2066914.683231085,0.15628398383739928,-0.08405502736507724,1.2729541707832148,0.4429530201342282
1983961.8101376672,0.1468501127272026,-0.11623702513826037,1.2890557508949512,0.4899328859060403
2710034.544424847,0.22066070834099571,-0.07192633693845214,1.7723533835816108,0.5369127516778524
3922482.3621005057,0.31435354212117295,-0.0463866132085259,2.329154161587167,0.5906040268456376
1547433.4778303509,0.09124532879036829,-0.11078448394383625,0.9632152434081866,0.5033557046979866
3206609.697101271,0.2624355634015536,-0.09449262614744108,2.2036221596898766,0.5771812080536913
2862881.2999968976,0.23412931463221032,-0.0929757596761835,2.037583736230142,0.5637583892617449
3470705.1826424315,0.2825772872308405,-0.06771998426395046,2.07755938441536,0.5704697986577181
2156237.5879481668,0.16610947057705472,-0.08295817992593137,1.431983301339544,0.5234899328859061
1981467.7343428975,0.1465616222443662,-0.09559197222196111,1.211897637593599,0.47651006711409394
2484325.6837380067,0.1996144981243,-0.07926788329650357,1.6130882554408499,0.5167785234899329
4675851.029034258,0.3613573273982513,-0.06352365818787166,2.409414461075247,0.5906040268456376
3714040.7756938017,0.300077773383,-0.0457965841483141,2.254956490541604,0.610738255033557
4093876.019454631,0.32564408161356484,-0.050746390127105113,2.6231489105524934,0.6174496644295302
3811830.9698649007,0.3068529629320407,-0.06358956463790683,2.1385774110192397,0.5503355704697986
2614769.3379872483,0.21195550784098693,-0.11123659414993797,1.5130383259181932,0.5167785234899329
3125642.644399871,0.25599486749811695,-0.06558176497078162,1.8166675030706956,0.5100671140939598
3678082.110719403,0.2975505439219108,-0.07314974739898146,2.18515032777929,0.5838926174496645
4094882.2500576964,0.32570924101326515,-0.06052316642676411,2.2797901048968154,0.6174496644295302
3319931.5254689916,0.27123495254531105,-0.08399350601539451,1.8507890800501037,0.5570469798657718
3681089.8246439015,0.2977626862723466,-0.056031072172502173,2.08636583882668,0.5704697986577181
3077530.0436643455,0.25210416522412293,-0.07388346090443923,1.7901193293020548,0.4966442953020134
4595625.475547851,0.35665345646465396,-0.059947743657643236,2.4249411199281856,0.5838926174496645
3984715.2206713525,0.3184979465208724,-0.07839583463190776,2.126691997096878,0.5369127516778524
2876884.867642254,0.2353342893815522,-0.09964338232245716,1.671549930151543,0.5100671140939598
2200238.385815483,0.17083028489103746,-0.10162055305580574,1.3869728814635478,0.5167785234899329
2813843.9029877386,0.22987224374487503,-0.07447376451208311,1.821442948282413,0.5369127516778524
2461045.0344710895,0.19735770210182646,-0.08555836060296276,1.529651125926906,0.5167785234899329
3777031.966536181,0.30445809470478347,-0.060431556840749384,2.061229085358507,0.5973154362416108
2846271.4991340553,0.23269395090575795,-0.1005706480116633,1.8228185770519088,0.5503355704697986
1966236.8509091898,0.14479352999156614,-0.07466347163703478,1.2623726687045003,0.4966442953020134
2703139.3136557555,0.22003892170098394,-0.07981826723576835,1.8127614757401176,0.5234899328859061
2490995.5804954604,0.20025795046913153,-0.1438888919682604,1.5054317055330608,0.5167785234899329
3012968.8516993374,0.24680612867803786,-0.07220459392922252,1.9666021094318815,0.5570469798657718
3287272.709966806,0.26872397526631464,-0.07065627161429572,2.0855120114498744,0.5973154362416108
2062034.862139087,0.15573748860585224,-0.07705485160961113,1.4023401140017766,0.4966442953020134
4023554.8895762246,0.3210583062784962,-0.04693404400963478,2.314195541639798,0.5906040268456376
2531155.2149121896,0.20410332467659842,-0.07387035896697362,1.6220894225150724,0.5771812080536913
2734606.9283052506,0.22286631455726424,-0.05150197289039004,1.867089856119715,0.5503355704697986
2982158.83171857,0.24424571596219669,-0.0658435174547821,1.7811929495781573,0.5369127516778524
2113416.0616186573,0.16144059282681922,-0.06851181249862898,1.4530421417863049,0.5100671140939598
4087089.9371344573,0.3252043076444746,-0.03564340750000003,2.5264578204276895,0.6442953020134228
3781746.476213936,0.3047835784253101,-0.1129346974621875,2.1360068546508084,0.5906040268456376
3091701.9317547525,0.2532552236697918,-0.0809219148350703,1.8835233577074724,0.5570469798657718
3435815.271385931,0.27998818573793915,-0.08043100467005855,2.0069554178266302,0.5436241610738255
1946312.0500307067,0.1424639219201067,-0.09696811760786683,1.2571720411409233,0.5234899328859061
2503007.7717251815,0.2014133116432486,-0.07022709010314145,1.643652669324696,0.5234899328859061
3849397.2865852015,0.3094187250727898,-0.09271471837482442,1.9863664794471358,0.5436241610738255
1796564.4061862163,0.12431643266079417,-0.09160365020168468,1.1450681588367684,0.5100671140939598
3139433.33674913,0.2571012352113555,-0.06669969482988218,1.882450586269207,0.5637583892617449
3386632.9195592003,0.276302515258694,-0.04791741563710015,1.9676497534368729,0.5503355704697986
3724006.2843626398,0.30077469913623456,-0.05480687949353716,2.3292026003334083,0.5906040268456376
3349777.100190433,0.273512411382578,-0.07597662510114368,2.0014535943027267,0.5369127516778524
1611366.2964757117,0.10011694753352085,-0.1570712640631463,0.9679913715615062,0.4697986577181208
1881443.0190121494,0.13474483325624775,-0.0920891755230312,1.2668847491530628,0.5033557046979866
2285700.5512356614,0.17978770687787704,-0.0814705263002878,1.5110092171948042,0.5167785234899329
3246529.877715103,0.2655633249170386,-0.06561575904386843,1.894825977050126,0.5100671140939598
2427871.0240790355,0.19411216406473386,-0.09048953089447788,1.5959010201349209,0.5436241610738255
3058460.6184391,0.25054861209077095,-0.07681834904917907,1.9237885054496358,0.5503355704697986
2165320.329538366,0.16709022243783656,-0.06848943630892268,1.556913864341571,0.5436241610738255
2844391.528844807,0.23253106830555836,-0.10382445453465582,1.727730988896845,0.5369127516778524
2472973.710630724,0.19851617589536863,-0.052472696357097746,1.722601645103566,0.5234899328859061
2513406.2893225895,0.20240988935483983,-0.08783404402602475,1.7128042112440556,0.5369127516778524
2385815.288823292,0.1899463013874081,-0.08199881590310061,1.631065092804104,0.5436241610738255
1845089.919293495,0.13032545282880625,-0.11681523724844128,1.1477441698876565,0.5100671140939598
4691325.301616073,0.362257192817907,-0.06677364157442077,2.538299595249883,0.5973154362416108
3437533.6045972817,0.2801161906607752,-0.06268150284565324,2.1743311115802566,0.5570469798657718
2507190.9114097897,0.20181461470479212,-0.06449458358776315,1.773631036658928,0.5503355704697986
4545339.578356816,0.3536714422400282,-0.062109166231954255,2.3849550421669585,0.6040268456375839
3383355.1551984223,0.2760553647990367,-0.06009099963905994,2.2274579072196667,0.5906040268456376
2689030.1221102364,0.21876264156192637,-0.06867437945192267,1.8631759437442386,0.5436241610738255
3389704.67924738,0.2765339588836042,-0.06240732806709064,1.8649777993835124,0.5637583892617449
4956674.176812554,0.377330213406073,-0.05246592532849155,2.5540104283127523,0.5973154362416108
2908030.764595696,0.23799759026017897,-0.13479445231429857,1.8826250626584187,0.5436241610738255
4221271.022957969,0.33379365563354324,-0.06746368827701801,2.330117309450402,0.610738255033557
2996459.004186087,0.2454367254717369,-0.05634891938818919,1.9221069490642824,0.5436241610738255
1872313.6007435895,0.1336414539748123,-0.08694860012028892,1.2088249719494784,0.48322147651006714
2077198.1772990352,0.15743226985441083,-0.0728022778007082,1.402001839061846,0.5302013422818792
3182029.0615043375,0.2604941323202228,-0.10641453847403212,1.7928977792248861,0.5369127516778524
2706854.2539583445,0.22037407884545557,-0.0762858581063267,1.7620393960246477,0.5436241610738255
2435653.870689962,0.19487675970215412,-0.06914925021533495,1.5947594169455,0.4899328859060403
3127158.059030546,0.2561166334322804,-0.08251874120520207,1.980749677695548,0.5838926174496645
2107604.566332276,0.1608011406059704,-0.0664896103097371,1.5498659455542065,0.5503355704697986
1738050.4012765451,0.11689532537745562,-0.07026054145198618,1.2179678398795026,0.5167785234899329
2433584.681289601,0.1946736711635204,-0.08066570390257763,1.8273932008837985,0.5302013422818792
4064597.3272996815,0.32374247846086956,-0.06300899764824212,2.123870008304076,0.5704697986577181
2541343.7194636166,0.205071128391757,-0.08472356801889903,1.48263355851265,0.5100671140939598
3175387.62531897,0.25996751932983186,-0.06446279425964858,1.969634690383164,0.5906040268456376
2336972.471604774,0.18503375003394806,-0.06660703393840937,1.607312674369405,0.5369127516778524
3185798.770653625,0.2607926491509067,-0.057274711591050714,1.9728263953132625,0.5369127516778524
3205542.5686953394,0.26235152696775543,-0.09039133378057893,1.9488554085722194,0.5369127516778524
2907739.3122539083,0.23797277403285522,-0.06695234455098974,1.6021269354508394,0.4966442953020134
1717749.8868354335,0.1142739710795122,-0.08759353086318244,1.115561331505443,0.46308724832214765
2708231.356027778,0.2204982257422372,-0.061647319705731125,1.6942044394353768,0.5436241610738255
3718804.173765538,0.30041108223883217,-0.05618967020212853,2.1616801193689708,0.5838926174496645
3556194.253971064,0.2888343286394892,-0.10337267132328556,2.1676390260050713,0.5771812080536913
2350819.1323214467,0.18643470867721157,-0.054608164117788224,1.6539075419437084,0.5369127516778524
3913361.0871568397,0.31374169759393333,-0.05765794649952306,2.519358639680141,0.6174496644295302
2427163.7316479203,0.19404258170858313,-0.1048514966044543,1.3998221181746584,0.4563758389261745
3471532.9989559115,0.28263846425763783,-0.08242289755774058,2.1256825717145382,0.5302013422818792
3690089.1771138115,0.2983966083002427,-0.07546653021062612,2.153725479961556,0.5838926174496645
3553224.961697191,0.28861903080596707,-0.0568383966180548,2.152318445918977,0.5973154362416108
3662443.493101329,0.29644526700580953,-0.08829927313606484,2.1905052770199704,0.5704697986577181
2036183.300785309,0.15282496899044884,-0.10225489382567061,1.2843297211497942,0.48322147651006714
3035736.1014788654,0.24868473647497402,-0.05703127345827373,1.9098879297834375,0.5302013422818792
2739810.974242547,0.22333139154415393,-0.051866553715841146,1.8746373476442,0.5436241610738255
3454435.793185271,0.2813725760864729,-0.10695544164130805,2.0455062429717508,0.5637583892617449
3924885.0239188066,0.3145145204671098,-0.08040018049023236,2.1210206800168296,0.5704697986577181
2448577.7801019144,0.19614211248435143,-0.052755667804703824,1.5739069582311918,0.5100671140939598
2650298.6948310165,0.21523134944852296,-0.053235800356528334,1.7434367982549754,0.4966442953020134
2372875.193152116,0.18865269460553602,-0.10510880982613106,1.4260885892313917,0.5033557046979866
3513207.0737280534,0.2857032736509264,-0.055060368541086285,2.023146661326836,0.5838926174496645
4516782.997527343,0.3519662345277841,-0.04839478744354595,2.7172160562503795,0.6442953020134228
2684584.975326236,0.2183594356180929,-0.11521022467784019,1.664707481172045,0.5167785234899329
2778099.1314021545,0.22673158618057054,-0.06446646863462475,1.7661408251023052,0.5234899328859061
3759902.978695672,0.3032727888809017,-0.044038424179347384,2.186586845260729,0.610738255033557
2124432.2475480577,0.1626488785051352,-0.11563872306921351,1.395740733456678,0.5369127516778524
2911927.8830950363,0.2383292263083412,-0.08199754745548708,1.7054423404779901,0.5369127516778524
3865177.4661983782,0.3104905325368217,-0.04638387606355246,2.4477992335962253,0.610738255033557
2337701.702743072,0.18510769661906057,-0.08641068165060409,1.4599719077752005,0.4899328859060403
3316033.754960744,0.2709363132106615,-0.062424730993796224,1.9022564437487477,0.5369127516778524
3633896.1502667745,0.2944178772639332,-0.16495428540548637,2.2836569927586137,0.6241610738255033
1984741.750212688,0.1469402690735948,-0.08443904789659726,1.49440646292122,0.5369127516778524
1931257.8165939031,0.1406910943216666,-0.0873524584713266,1.1456529102009712,0.47651006711409394
2490666.07053892,0.20022619466221991,-0.06935567192499469,1.5154541023651682,0.5100671140939598
2621791.201399015,0.21260574181026715,-0.08300742765776237,1.742650184241505,0.5704697986577181
2848062.08576329,0.23284900920475105,-0.07127068662045911,1.6948952569617348,0.4966442953020134
2400083.595784447,0.19136619742629968,-0.054565366070241136,1.5748811087244377,0.5167785234899329
3444252.4663178306,0.2806162123699669,-0.049272160805090164,2.051131605461827,0.5973154362416108
2677520.603374995,0.21771754734433713,-0.09677880516919808,1.7160958945578098,0.5369127516778524
3337265.0336341118,0.2725596236533687,-0.058022541440945694,2.032833302515374,0.5436241610738255
2069469.9340774736,0.15656973686550835,-0.08307373168526233,1.3342453567080255,0.4966442953020134
2397759.8980263765,0.1911354181570124,-0.07470302396865725,1.6108941696342074,0.5167785234899329
3233585.239670559,0.2645524948707889,-0.07140764162963321,2.110522785914522,0.5771812080536913
2145415.8021871503,0.1649366130677432,-0.07622718810159604,1.4441356953920732,0.5234899328859061
3466430.300640744,0.2822611802970536,-0.07717010793754892,2.168765287698328,0.5838926174496645
3437675.8389859702,0.280126783926258,-0.05987197935356645,2.141691608097795,0.5369127516778524
2329850.1731997095,0.18431055178949451,-0.12374468286538148,1.5829734100806463,0.5436241610738255
3042801.3057036283,0.2492654200982536,-0.09169584060981589,1.7276352730820341,0.5234899328859061
2252747.7565405415,0.17636613375915644,-0.1162179883696096,1.715671214675188,0.5436241610738255
3640385.3953654678,0.2948798498108576,-0.09495391162459933,2.080984738129874,0.5704697986577181
2269271.9059032574,0.17808684715132883,-0.08854532669380999,1.5238059998386855,0.5436241610738255
3358730.687395483,0.2741924765061965,-0.10038331585740554,2.0625142016472418,0.5973154362416108
2970448.978993848,0.24326703754119294,-0.060087769067518164,2.067774250742162,0.5838926174496645
1999598.8954388902,0.14865227648547363,-0.06947340727586115,1.3585310183519967,0.48322147651006714
1970800.9156875075,0.14532450033805588,-0.07944107732156216,1.3007065933687476,0.4899328859060403
2071596.3747127575,0.15680732105416695,-0.12031145498103503,1.3092474775530034,0.48322147651006714
2957636.621770326,0.24219267231056318,-0.11666352929533604,2.109392397568176,0.5704697986577181
1955642.1425267663,0.1435571601343122,-0.09168548476561171,1.2598332618142982,0.4966442953020134
2974392.985889521,0.24359701133685507,-0.047645960971875324,1.9637235814293572,0.5771812080536913
2153703.5040783873,0.16583525132289223,-0.18294666242355653,1.4200445552887797,0.4899328859060403
4743460.48057967,0.3652716034191321,-0.08260656376101812,2.7081370785467875,0.6308724832214765
2750611.7793048224,0.22429439067423407,-0.06894720568878727,1.8012026460402124,0.5503355704697986
2491252.1285880306,0.2002826724080804,-0.10305258371371472,1.638298849919738,0.5302013422818792
2793682.4905406553,0.2281047445173452,-0.06692686994600709,1.812181460997566,0.5637583892617449
2341557.7902292754,0.18549841085690155,-0.10197063604792665,1.7207646645415353,0.5838926174496645
4117370.128583831,0.3271621333407415,-0.056245721432069205,2.225472071207435,0.5838926174496645
3112437.2746206094,0.2549317915837166,-0.09134485410954041,1.9179927820213076,0.5704697986577181
2776549.2745322515,0.2265946808578232,-0.08104140058018647,1.9487677784064144,0.5503355704697986
3059366.7188023017,0.2506227008849162,-0.07930869635148799,1.93260575737033,0.5436241610738255
4711085.154257586,0.3634028291790872,-0.06132886165117802,2.4693039122240097,0.6308724832214765
3950336.8673220663,0.31621497131881715,-0.06037232635531758,2.304530263350918,0.5906040268456376
3358284.6598238396,0.2741586330563921,-0.04557941458536371,1.8807298727564372,0.5436241610738255
2181630.55883573,0.1688431652152831,-0.07919000340489321,1.3543393641478498,0.5302013422818792
2304650.6376108187,0.18173750762323904,-0.0734423020544516,1.4992018529448914,0.5100671140939598
2285740.7274815356,0.179791854324725,-0.09256425269907047,1.4634171062364205,0.5033557046979866
2063974.7387190629,0.15595486076925846,-0.0642112146548836,1.2981908584643245,0.4966442953020134
2240490.1535087936,0.17508317472645074,-0.06565180123151634,1.5854598864991944,0.5234899328859061
3442132.0351699386,0.2804584929530265,-0.06553566369237314,1.850071191193635,0.5436241610738255
2609479.7783190366,0.2114647643848102,-0.062504557116389,1.7955448254355388,0.5436241610738255
2430568.397536196,0.19437737881260042,-0.07044172458988585,1.577248353642286,0.5234899328859061
4265592.616939116,0.3365828220440463,-0.10591771276775584,2.5545441625928174,0.6174496644295302
4232590.5706385095,0.3345082163644071,-0.10115889975487337,2.304726657913081,0.5838926174496645
3393123.212975221,0.27679133322591176,-0.07436386784867141,1.8753870285388516,0.5771812080536913
2121879.6820336124,0.16236935301841116,-0.08856780580574009,1.292123799686141,0.4899328859060403
2531557.368791826,0.20414158420720252,-0.12883233714915293,1.6570556019713518,0.5436241610738255
2671990.1691098097,0.21721409069034792,-0.07056631215929679,1.5941031072990652,0.4966442953020134
2190554.7982547274,0.16979786491752202,-0.05736374002647008,1.4720172111969594,0.5033557046979866
2614544.1257001786,0.2119346297717868,-0.11021892868150934,1.6055752420596585,0.5100671140939598
3496022.76750643,0.2844430420057016,-0.06670987104887222,2.2278607229786402,0.610738255033557
2831469.2631544224,0.23140913301131416,-0.09303728807236415,1.9733140463371366,0.5973154362416108
3534944.8802027195,0.28729039632008013,-0.03565220167325598,2.43407597768306,0.5973154362416108
1548392.8815567133,0.09138060895657873,-0.11826280199418057,0.9958538195072598,0.4899328859060403
2190220.246948414,0.16976213138423857,-0.08525663531041322,1.5722922583458225,0.5771812080536913
2608306.267939603,0.21135578310114722,-0.05728407822672036,1.604228955923973,0.5503355704697986
2856374.4253469673,0.23356780791621712,-0.07633154830767715,1.7149404353611248,0.5771812080536913
2043056.134838115,0.15360215824593593,-0.0894172304632602,1.6039115273778994,0.5838926174496645
2408057.5235126056,0.1921567755803577,-0.10463534963799645,1.7663987986816545,0.5637583892617449
3233733.95061425,0.26456412588229083,-0.09691137962029889,1.8059074299975588,0.5167785234899329
2232304.0193271907,0.17422323092659942,-0.07892246497579569,1.55666621313145,0.5100671140939598
3157332.222222351,0.25853140238131544,-0.06493612922778451,2.125071227983694,0.5771812080536913
2447522.331425665,0.19603897634156087,-0.063628321219323,1.668092215466857,0.5436241610738255
4474051.441359016,0.3493984117007318,-0.072122779197571,2.405020265351795,0.5973154362416108
2115199.0527057415,0.1616364974372042,-0.058112956890831645,1.4863402235888274,0.5100671140939598
3546916.3516379166,0.2881611270935198,-0.07783315711932445,2.060467041926996,0.6174496644295302
4678564.518527408,0.3615152952886924,-0.06273948992755018,2.52848895573311,0.5838926174496645
2676767.818570164,0.21764906739522383,-0.07564107493552073,1.7285830338864032,0.5503355704697986
3094558.784532438,0.2534867494197053,-0.12203913421218443,1.8888118699034921,0.5033557046979866
2476499.7385195666,0.1988577560171172,-0.06383847972137908,1.840693444107969,0.5570469798657718
2931133.6614565356,0.23995842728752592,-0.06354230647122167,1.8586996372877442,0.5436241610738255
2549143.167781817,0.20580990079330963,-0.06298815789809592,1.6404446682288731,0.5369127516778524
4112165.4614126734,0.3268264369019549,-0.06488998065539366,2.2563597134184605,0.5906040268456376
2253012.674271852,0.176393800024784,-0.069913936216717,1.5725480582458367,0.5570469798657718
2140547.4631640827,0.164407441885408,-0.07269188109249841,1.361990479690429,0.5234899328859061
3708120.7142485026,0.2996630524533912,-0.06807010864427541,2.1459481489891394,0.5771812080536913
2998234.5622052522,0.24558428772528895,-0.07423938321852197,1.93909213469334,0.5302013422818792
4268626.3672640575,0.33677288733519917,-0.05732248235555655,2.510233603139136,0.610738255033557
2523548.0900188563,0.20337869145704746,-0.12096643090676187,1.621535132045488,0.5637583892617449
2779932.2291592527,0.22689343250288463,-0.05328770619310763,1.7321278741074309,0.5637583892617449
2430406.140831642,0.1943614318503386,-0.09087539952000351,1.5283368896836076,0.5704697986577181
3188385.3611986777,0.2609973134116985,-0.10938935900558304,2.049400357315057,0.5570469798657718
2436196.51208169,0.19492999647945197,-0.06026998458309554,1.7218153145054915,0.5570469798657718
3044956.382074812,0.24944232944720124,-0.05402789662671536,2.1347455328040534,0.5906040268456376
2492811.983176054,0.20043294203941486,-0.05579013872189516,1.6794794561788553,0.5570469798657718
3676281.9350457704,0.2974235061734616,-0.08152473319542247,2.1872722446477044,0.5906040268456376
2421258.502525655,0.19346100024997748,-0.08258905540680204,1.561303933508009,0.5302013422818792
3150629.8980517806,0.25799663085178737,-0.06678904954981826,1.9891219701232232,0.5369127516778524
1670809.977108382,0.10811647541492397,-0.08697900760529981,1.1364339040401967,0.5100671140939598
2902446.8824046007,0.23752179417148178,-0.07542407691437196,2.0314965442597206,0.5771812080536913
2070045.6704306973,0.1566340823429322,-0.07581682519723054,1.4209937904584007,0.5100671140939598
2632042.6951506943,0.2135525466513417,-0.07197771169358277,1.6567268595797886,0.5167785234899329
3140532.7416904247,0.25718926828019617,-0.14367437916524922,1.904983556125729,0.5570469798657718
3711667.7756414204,0.29991160001171235,-0.054346331544618036,2.1482758883778432,0.6241610738255033
2510622.770059726,0.20214344498905024,-0.09316563883993094,1.7272042893306907,0.5503355704697986
3398528.3497969774,0.27719785183650014,-0.09296721321597358,1.890194425226023,0.5167785234899329
4666064.961966521,0.36078701406052494,-0.05990008225895546,2.542619572587406,0.6308724832214765
2379989.4736136305,0.18936459764823588,-0.10255433760863765,1.5366393445981061,0.5033557046979866
3075371.0981211495,0.2519284409560567,-0.05251144793908164,1.8443903621596236,0.5369127516778524
2892057.168588648,0.23663454644382576,-0.07183159769568627,1.8968296608016024,0.5704697986577181
2363292.4728897274,0.18769107884084058,-0.05429429837606409,1.572911801807348,0.5436241610738255
2784857.039308174,0.22732782727379108,-0.08038036271112216,1.7540958212315012,0.5503355704697986
2522376.716728289,0.2032669545372099,-0.12712694232813726,1.5444042203128403,0.5234899328859061
3509462.9538057595,0.28542911499511403,-0.05719247745086317,2.019012107538407,0.5503355704697986
2533129.007701545,0.20429105788778257,-0.08140290570748339,1.6859940829698625,0.5570469798657718
2989377.6537827486,0.24484751516690695,-0.08216382858206242,1.8867169905877446,0.5637583892617449
2330651.7194937957,0.18439202905684282,-0.06519526365635583,1.5353955533143884,0.5100671140939598
3228858.837107024,0.26418260936051174,-0.07754146271412649,2.1324769838306854,0.5906040268456376
3445563.0063007763,0.2807136525771752,-0.06430859525500325,1.9768032601210657,0.5570469798657718
2365949.589199918,0.18795802972000564,-0.06107461881226755,1.7013527955245873,0.5436241610738255
2695861.5455679377,0.2193812613246775,-0.07486800022493868,1.551760093202969,0.5100671140939598
2262737.7387083555,0.1774076250775336,-0.07485333436225684,1.564955691679448,0.5100671140939598
2959580.303578642,0.24235589674810587,-0.07727562508875745,1.7472548575574631,0.5503355704697986
2552878.7349580633,0.20616309757999973,-0.11715020067709218,1.6320008143410234,0.5167785234899329
3361935.273883548,0.27443552680816974,-0.07848508812891059,2.080337481760158,0.5637583892617449
2111429.4358364795,0.16122215823394126,-0.09404403440125031,1.4324699459281,0.5503355704697986
3402206.335049211,0.2774741763031541,-0.08931096843233265,1.922344883446266,0.5234899328859061
3419669.2851313744,0.2787829038695637,-0.06381262650308339,2.2690228664703747,0.5906040268456376
2465001.0738549475,0.19774239652268988,-0.08469587809411995,1.696276790492952,0.5570469798657718
2499894.6714496478,0.20111431279522796,-0.07045599890935934,1.5788955980901114,0.5033557046979866
3753593.452386823,0.30283508826904826,-0.04460861768875202,2.0667645950602025,0.5302013422818792
3357953.2473000833,0.27413348397936077,-0.05630133302548848,1.9367099525644151,0.5570469798657718
2578585.8212018465,0.20858254615594118,-0.09737982493235274,1.92790176536359,0.5906040268456376
2591746.0509869764,0.20981367470814694,-0.10626942655723333,1.6549938384585554,0.5503355704697986
2584396.4273222205,0.20912674179340862,-0.07326789385977069,1.602168501469048,0.5100671140939598
2306858.0631448817,0.18196379777414573,-0.07813057009607031,1.4498751475044873,0.5167785234899329
5758294.206106518,0.41924956591723417,-0.07495151479153639,2.4471055070691063,0.5637583892617449
1581347.0325713905,0.09598708776115172,-0.08600237034054749,0.95912156499563,0.5100671140939598
4131886.96425653,0.3280966658306501,-0.0606393639276344,2.269386636165621,0.5771812080536913
3340969.9408328845,0.27284204791491695,-0.05201752805982583,2.1235518088919956,0.5973154362416108
4395879.181930528,0.34464966970518995,-0.06651583095456737,2.3202147597142755,0.5838926174496645
2870172.1825408326,0.23475726521521412,-0.09573537276655072,1.9268474243131695,0.5704697986577181
3724884.076101523,0.30083601491059064,-0.07990162920631173,2.1891971608074106,0.5436241610738255
2764686.6158649214,0.2255447729823321,-0.05119942472998523,1.7116088023110112,0.4899328859060403
3651089.0161066474,0.2956404083459738,-0.05053890646954,2.294001785499809,0.5838926174496645
2094397.3448530491,0.15934265722023122,-0.12004714420761109,1.5121524495992953,0.5234899328859061
2581843.3806503336,0.20888775542898896,-0.09565674354255169,1.660699361240643,0.5302013422818792
2321775.361097333,0.18348849289082714,-0.09678836340557509,1.546260104033145,0.5234899328859061
3221610.056041122,0.26361448151123623,-0.055432762730110545,2.0391173320041767,0.5838926174496645
3833298.406605383,0.30832164277514185,-0.07273645882354166,2.199826083618976,0.5838926174496645
2139148.141595388,0.1642551624608466,-0.10956158363228194,1.388784522618923,0.5436241610738255
3301519.8594278153,0.26982181208478906,-0.04879087591166296,2.1373793868747355,0.610738255033557
2431251.109016012,0.19444446793864079,-0.07381264819368659,1.535782539133813,0.5302013422818792
3861080.5384840854,0.31021260155754127,-0.06913347866993434,2.136399934492105,0.5704697986577181
3164924.358892609,0.25913607522733484,-0.05547413023697061,1.9840342542290743,0.5637583892617449
4213472.300235721,0.3333004590449202,-0.11642984362761398,2.2392444684445665,0.5838926174496645
3646381.7313967263,0.29530614665042165,-0.08592724610342636,1.9930809462553085,0.5704697986577181
2336545.4739643503,0.18499044241204898,-0.047871987074319625,1.7087051094288752,0.5369127516778524
4001617.5087882755,0.3196146092978034,-0.041453494694766696,2.211039137301181,0.5771812080536913
2742104.0896006473,0.2235360991936186,-0.06644914696554154,1.797648547699243,0.5369127516778524
3656588.8465235075,0.29603051183462803,-0.0743491358628566,2.344144070323883,0.6241610738255033
3330700.219695977,0.27205857274653944,-0.08456191123931978,2.1485951840951842,0.5704697986577181
2690277.70980406,0.21887571066886768,-0.10815489954089502,1.7226680132482786,0.5167785234899329
4644237.51188777,0.3595114962234822,-0.07431132096682035,2.8162554604990713,0.6644295302013423
4093164.6112286076,0.32559800597964705,-0.04582227827453132,2.5214047283242347,0.6174496644295302
3520484.9700636743,0.28623552073321434,-0.10397549196822921,1.9960670230693107,0.5570469798657718
2346619.8390272036,0.1860105372927252,-0.07701673351505778,1.7136350984408681,0.5369127516778524
2162475.4082113476,0.16678338320069508,-0.06088016154534475,1.5761985299596297,0.5570469798657718
2338915.9626966817,0.18523078588415753,-0.07611084163981317,1.5551950162306827,0.5234899328859061
2349322.5369432583,0.18628360687518586,-0.06595653563834103,1.5517613489240085,0.5570469798657718
4333455.435654106,0.34080884719787985,-0.07422306612222414,2.1545004583381258,0.5906040268456376
3486149.3279776787,0.2837167182780127,-0.05547005403226478,2.3114349671245464,0.5838926174496645
2944286.4055068726,0.24106923719766904,-0.08829804061617887,1.9992330454810374,0.6040268456375839
1898826.5989098912,0.13683401967344322,-0.08180954902900033,1.1724291376255132,0.4563758389261745
2917340.255775176,0.23878921859470803,-0.07920718825818342,1.7496930174991652,0.5302013422818792
2559968.3865322233,0.20683228664994724,-0.09610387910742778,1.6003380115095136,0.5369127516778524
2855592.70839629,0.23350028130374811,-0.06468988034900053,1.8388764784227147,0.5503355704697986
2843869.620031593,0.23248583430465763,-0.05099325066746277,1.928036890423834,0.5838926174496645
2041786.6519461635,0.1534587610768814,-0.07037431952631379,1.437903920111036,0.48322147651006714
1563680.6156455488,0.09352725159537711,-0.09233553433179202,0.9190970915291734,0.4429530201342282
2864743.2932258816,0.23428980629049145,-0.07294407071455254,1.8019153628520894,0.5369127516778524
3757745.3547183247,0.3031231776639174,-0.05705840781878372,2.2214446490587427,0.6174496644295302
4517980.148433387,0.3520378933185566,-0.05445066404909436,2.3110042004315554,0.6040268456375839
2816363.218182471,0.23009239289929528,-0.06203399891084174,1.807512855237868,0.5436241610738255
3542367.298753844,0.28783053448587803,-0.05818672463350791,2.263740182243876,0.6040268456375839
1760571.5042348595,0.11977491339991997,-0.08129642655728851,1.0005560816476229,0.4228187919463087
3009214.873458547,0.24649528461069536,-0.05941031597248711,2.173462591739349,0.6040268456375839
2124695.6244771862,0.16267770500290069,-0.07669036697119574,1.3345950410904095,0.5100671140939598
2593502.319947786,0.20997759373953784,-0.06632290747473235,1.7230674810593678,0.5436241610738255
3346446.971896881,0.2732591021607127,-0.05798864254346053,1.7800610408105622,0.5033557046979866
2402876.568528059,0.19164334656752335,-0.0789813823616373,1.783854472285308,0.5637583892617449
3013335.8869710453,0.2468365040022873,-0.07304398127278812,1.9358601950248684,0.5637583892617449
3094378.10940704,0.25347211216892784,-0.0668260385291185,1.7889823963239446,0.5503355704697986
2371610.7032778794,0.1885259825233243,-0.10971035279128276,1.53101085846789,0.5302013422818792
4289225.216852447,0.33806056084726466,-0.0749368735342037,2.274966342640486,0.610738255033557
4983151.141209686,0.378798530725307,-0.03849505593580012,2.84610333357507,0.6442953020134228
3309624.6594216437,0.2704446501259208,-0.06801567570117455,2.100935248240063,0.5906040268456376
3415694.299633305,0.2784854769455267,-0.08252176515209264,1.9227515357388134,0.5570469798657718
3024328.5520781144,0.24774487269423973,-0.11121443804510228,1.7318947482153322,0.5369127516778524
2829151.1380168754,0.23120743590837,-0.13169575779522158,1.8024799717326792,0.5503355704697986
2291117.9474640344,0.18034642632404374,-0.08659509208651134,1.61757047187597,0.5369127516778524
3326353.101437532,0.27172634961846565,-0.06632298306913707,2.190840443294982,0.5973154362416108
2053761.2427011936,0.1548085502982952,-0.0703108886576603,1.3671560739793838,0.5234899328859061
4121319.3516751616,0.32741662829504636,-0.05554159949496413,2.2921236411303143,0.5973154362416108
2458783.8652846008,0.19713759853858037,-0.06879332956327813,1.8100324280205142,0.5503355704697986
3290186.1959795244,0.26894878775605724,-0.0696037513600643,1.9847176407982379,0.5570469798657718
2743515.876113571,0.2236620620365899,-0.06872458929837877,1.8366224783762792,0.5234899328859061
2187416.4791218047,0.16946248826631338,-0.12261769606339448,1.4266143316256237,0.5234899328859061
2960006.571843252,0.24239168198320526,-0.07996241509194044,1.804368458925318,0.5503355704697986
3178715.5881005866,0.26023151029841984,-0.0730088468389877,2.0309717334849355,0.5771812080536913
3703594.5873443857,0.29934562405740195,-0.08575391416159957,2.126645098237592,0.5838926174496645
1980428.5698666475,0.14644133604363385,-0.09329765528897681,1.208140820153975,0.4563758389261745
4153282.2898285273,0.329469229435581,-0.039936577054704984,2.4778826802059144,0.6241610738255033
3210349.712202069,0.26272991334018436,-0.039769236041949936,2.201397487254886,0.5906040268456376
3267603.042037617,0.267202025257141,-0.05531399375458758,2.003817171104395,0.5570469798657718
2053223.0688534216,0.1547480220439983,-0.07390578767910663,1.586362490988576,0.5637583892617449
3041825.245451723,0.24918526272450436,-0.12490983219057096,1.8542252152740413,0.5704697986577181
2754841.397577713,0.22467067902078863,-0.0768997169868291,1.9933761365892204,0.5771812080536913
3266493.449999875,0.26711595187031856,-0.06338050751048642,2.0496778325016156,0.5637583892617449
3002503.7313129567,0.24593880194030904,-0.05265454968325003,1.8109644494763386,0.5369127516778524
4436965.164822789,0.3471538723305525,-0.06492671483435293,2.1395388529537436,0.5369127516778524
3031712.719330633,0.2483535745295078,-0.06363684120267295,1.9025816398668525,0.5436241610738255
2925777.491723386,0.23950493124491135,-0.12351570528769726,1.7337376832593465,0.5369127516778524
2542701.3633413846,0.20519985619284276,-0.07284045880603694,1.6026160877268798,0.4966442953020134
3848800.2735417276,0.3093781063212615,-0.04074680090332473,2.429747016075165,0.610738255033557
3338777.528807627,0.2726749511108264,-0.09735420333350799,2.028852628295589,0.5838926174496645
3157744.5298219044,0.25856427031679186,-0.06101682683245032,2.0463664060338296,0.5771812080536913
1787073.957081267,0.12312606218697342,-0.09793802600630966,1.1242201906580673,0.5100671140939598
1879591.8675869731,0.13452145027963747,-0.08610563174634517,1.1627121870487123,0.4899328859060403
2384315.1226173565,0.18979661952490834,-0.05981783836158541,1.805902654536603,0.5570469798657718
2806292.5611122972,0.2292114273270962,-0.0794446787319955,1.7378211374040866,0.5100671140939598
3541100.2355290884,0.2877383929270054,-0.0671603437651759,2.032986575251845,0.5637583892617449
2881073.650821436,0.235693812732376,-0.060775408388092006,2.053740875416393,0.5771812080536913
2241866.1752736373,0.1752274773419369,-0.05599443205988355,1.502188889637193,0.5436241610738255
2678829.327153853,0.21783656375223148,-0.07664023327341571,1.795523839367339,0.5369127516778524
3316093.2716580126,0.27094087537102207,-0.057163184181813036,2.0318343964932764,0.5771812080536913
2513729.7591365944,0.20244083725880668,-0.12965236911810102,1.7023448046637257,0.5234899328859061
2917852.230534323,0.23883269547704966,-0.06560506763194124,1.9361245578771524,0.5503355704697986
3096967.459271363,0.25368182099516035,-0.09666176959345012,1.9911645270544784,0.5637583892617449
1530629.4584203903,0.08886493791504146,-0.10321872134949248,0.8829463426212645,0.4966442953020134
4194188.3612580798,0.33207778653147013,-0.05836499418111157,2.3017934228582706,0.5973154362416108
3934965.562316417,0.31518905852772394,-0.13165422523646436,2.2410960470530292,0.6241610738255033
2659438.89441166,0.21606839970369385,-0.07054293395411729,1.6368339574830928,0.5033557046979866
3179001.47963393,0.26025417835712994,-0.05330321380929986,1.9887754744883097,0.5570469798657718
4109398.585665158,0.32664783745687553,-0.043409951705575156,2.450756588518581,0.5906040268456376
2788835.2123278384,0.22767827506281813,-0.06282653385796498,2.0445697396804,0.6375838926174496
3246602.644854671,0.26556899808814305,-0.08901276341010805,1.9337866248202225,0.5637583892617449
4007910.46191575,0.3200293942721424,-0.046713816414127904,2.39235201341916,0.6040268456375839
2741960.249365695,0.22352326252461352,-0.07274530863859455,1.6924279933428308,0.5167785234899329
5393190.052425436,0.40077746029024675,-0.0954667971184172,2.5139963093466444,0.5838926174496645
3790296.745001995,0.3053730507569512,-0.08749657176785455,1.9824452635113785,0.5503355704697986
2709577.2917127097,0.2206195141728846,-0.0870816367790616,1.891874121310632,0.5637583892617449
3082834.6027425127,0.25253550372462974,-0.09799783768845174,1.9282500907357154,0.5436241610738255
2000265.8710108402,0.14872889393247402,-0.0529579772802851,1.5493258801562495,0.5906040268456376
3330445.3570166714,0.2720391047573374,-0.04605355740479352,2.119713877401836,0.5302013422818792
3000423.1925980547,0.2457660832400912,-0.07253844972275597,2.043063638308254,0.5906040268456376
2690832.6436531665,0.21892599094923293,-0.0644732287054535,1.8955390545649138,0.5369127516778524
1826496.0408137073,0.12803804452519585,-0.1259540118574764,1.169995461827114,0.4899328859060403
3307085.4486553157,0.27024964812297037,-0.05765030167730145,2.4460278635332955,0.6308724832214765
3677489.861135676,0.2975087545736903,-0.0875264565440353,1.9183510404040915,0.5503355704697986
2932770.3019717676,0.24009686608528402,-0.04753254790552913,1.8977511643619083,0.5503355704697986
4555386.059693318,0.35426931295822306,-0.044155607935683426,2.4538043623906978,0.5973154362416108
2214504.24480723,0.17234464337637645,-0.10203426650337984,1.4398340469913715,0.4966442953020134
3592550.242041854,0.2914588421944293,-0.0939079945726861,1.8069123205949127,0.5033557046979866
2390688.8801595024,0.19043205392875295,-0.0592421452623711,1.5905279942206836,0.5503355704697986
2830880.7398713753,0.23135793886871392,-0.07705727356241698,1.7763943758044567,0.5637583892617449
2671901.0152440835,0.2172059678468412,-0.06792848391401321,1.8661618722496487,0.5369127516778524
2286556.908036341,0.17987609709590524,-0.0588636950568808,1.605303213095079,0.5570469798657718
3366765.3840328343,0.2748015141914997,-0.08469194957715552,2.0849776457420273,0.5771812080536913
2193755.8342827423,0.1701395480630703,-0.06690065445093388,1.5612106341821097,0.5167785234899329
4438423.630515523,0.34724242472383815,-0.06549060494159126,2.488799836549202,0.6308724832214765
1987397.4278297157,0.14724703691209018,-0.10632954121525112,1.3659709580207626,0.4966442953020134
2525529.103779236,0.20356756533269094,-0.08573732213449978,1.7454263745525584,0.5838926174496645
3274031.5577696306,0.26770023908650287,-0.05721446443289164,1.915479461650195,0.5704697986577181
2641140.4140749546,0.21439032384899304,-0.08205743108322656,1.6204105733759773,0.5302013422818792
3117879.5494631035,0.25537034897680444,-0.058634929969936474,2.0675901739628015,0.5906040268456376
2574618.445628566,0.20821041547049646,-0.09746804491120008,1.7203425480339853,0.5369127516778524
5066889.181437305,0.3834016240259486,-0.05349402893902008,2.6316538843638346,0.6510067114093959
2678191.4322674107,0.21777855888314868,-0.08681248657598717,1.8700545702915476,0.5637583892617449
3148302.4483934306,0.2578107131477374,-0.043788076846739826,1.989224210011356,0.5973154362416108
3156901.00703325,0.2584970235153199,-0.07756814943680608,1.9467802428747953,0.5570469798657718
3246218.664328472,0.2655390605260566,-0.07256879741823925,2.0278809913311155,0.6040268456375839
2101226.6946686064,0.1600977431455337,-0.0870036711101247,1.5182298180507339,0.5234899328859061
1497314.2008397444,0.08408313630287179,-0.11516363573451925,0.8255551919000828,0.44966442953020136
1742429.0075382967,0.11745750978487313,-0.08302792315995908,1.1694516099929075,0.5033557046979866
2140950.4263906577,0.1644512790868411,-0.07270839939471145,1.3762701157525836,0.5033557046979866
3255661.644495939,0.2662744748986532,-0.06722631305881571,1.9797300141364071,0.5906040268456376
3160759.76615404,0.2588045316846965,-0.07237057936238059,2.035593032799616,0.5570469798657718
2464081.1596392174,0.19765298603266812,-0.13676006502819987,1.6053631585888708,0.5436241610738255
2626184.567245831,0.21301186517712978,-0.06848975454168726,1.728374019987997,0.5436241610738255
3655181.472777817,0.2959307313960333,-0.0666403064556269,2.248377633027269,0.5838926174496645
2062067.6088031994,0.15574115937860444,-0.1245984757885979,1.2804063608893057,0.5167785234899329
2556067.5083554643,0.20646426821498243,-0.08357128868920354,1.646906713578421,0.5302013422818792
2454221.2720064293,0.19669297949123665,-0.07543036548797671,1.7036334602247265,0.5302013422818792
2900412.0196616417,0.23734822383050136,-0.05327642077982503,1.8385272396756365,0.5167785234899329
3451705.761364023,0.28116997893397966,-0.08358626929147148,2.0738097916017533,0.5570469798657718
3148169.599980777,0.2578000978412427,-0.10135150046321487,2.0050911268105254,0.5503355704697986
2376512.5635343716,0.18901688750715184,-0.11410576728598759,1.6466687566328397,0.5704697986577181
3601587.0889355466,0.2921079070611994,-0.07313101094108074,2.158282713320746,0.5570469798657718
2556933.308125685,0.20654598866917784,-0.08916793977805515,1.6643320578735112,0.5234899328859061
1943453.5872961718,0.1421281473243623,-0.09583938074740854,1.252305028388414,0.4899328859060403
2034816.8171969038,0.15267019515958458,-0.0983265033029828,1.4977524297527323,0.5838926174496645
5102503.857896087,0.38534093853963336,-0.0384129911807087,2.8724498135101415,0.6174496644295302
3002580.812687126,0.24594519911395984,-0.05763656977257949,1.9031741450944246,0.5637583892617449
3365160.9348827996,0.274679988396046,-0.10649270281955474,2.1777591081239795,0.5906040268456376
2419541.6541178515,0.19329170209226887,-0.06654023769080616,1.708174039325601,0.5167785234899329
4227315.97625374,0.33417544139794786,-0.062155004168963586,2.3115485520021006,0.5906040268456376
2542794.2522057,0.20520866163194684,-0.07932363535626187,1.6995254502368868,0.5570469798657718
2697876.7988434117,0.21956351308963362,-0.12584766276681644,1.6518995692826663,0.5033557046979866
3028439.586839395,0.24808390568361816,-0.06379075457086822,1.8967810910153025,0.5570469798657718
3262801.979483948,0.266829428286951,-0.08440838637191814,1.821353239967539,0.5570469798657718
4560727.604458142,0.3545867613382039,-0.04233944215370659,2.4955525860160157,0.5973154362416108
2572735.230318239,0.20803361363287398,-0.08676989479358821,1.8577719696897248,0.5503355704697986
3569918.8196998895,0.28982760665418916,-0.07654441760700358,2.4218051233476654,0.6241610738255033
3344844.9778924705,0.273137173191796,-0.06989909765617837,2.0166739827407256,0.5302013422818792
2934785.719294291,0.24026725965275197,-0.059080073223049555,1.7237738124250104,0.5302013422818792
2230730.5423649377,0.17405765004377205,-0.09103548018106652,1.6569105401005069,0.5637583892617449
4169730.189670073,0.33052056272302455,-0.051527617244658284,2.4377522885203624,0.6241610738255033
1817993.7868393983,0.12698589069773436,-0.07974557128463704,1.2079594819466575,0.5100671140939598
2877606.5153218396,0.2353962582631406,-0.05843173125271964,1.8222668352109102,0.5704697986577181
3025352.894769714,0.24782938369855612,-0.07512522083737933,2.054391979675752,0.5838926174496645
2172165.6481049843,0.16782720540176754,-0.08183403816389374,1.4224981039735483,0.5167785234899329
1858523.9989164413,0.13196665739117464,-0.11091709201634854,1.287693047893193,0.5234899328859061
2630605.9958935687,0.21342003429902734,-0.06613847500199212,1.6545512033458147,0.5167785234899329
2573763.7334028813,0.20813018537881467,-0.08139066002688364,1.6600450163459854,0.5167785234899329
2476812.9953014315,0.19888808360541121,-0.12153658355031617,1.530029464686827,0.48322147651006714
3016915.3122135247,0.2471325771373729,-0.08128965637807462,1.9976312965615348,0.5906040268456376
3366248.8343542567,0.27476239422599336,-0.07590678489842252,1.8420868780637931,0.5436241610738255
1885334.8827789605,0.13521390116515342,-0.07925753102535014,1.315952273164682,0.5234899328859061
2791463.854093945,0.22790961970159218,-0.11033136235457465,1.908428229510099,0.5436241610738255
1657616.3886095553,0.1063608680194883,-0.15134866343906975,0.9291961731059779,0.4899328859060403
3023246.283202735,0.24765555774341363,-0.07471588613303828,1.7894148068257267,0.5033557046979866
1990609.5637314825,0.14761764555053025,-0.12144398926538953,1.2053255719522467,0.4899328859060403
1792532.0619867805,0.12381127887185595,-0.09726377616424468,1.237588956736028,0.5570469798657718
2192180.6895095967,0.1699714647466546,-0.08695479098830654,1.453041551113131,0.5436241610738255
3033675.343732023,0.2485151607502134,-0.07686439802591861,1.8782620899987976,0.5436241610738255
3442062.104579092,0.28045329013420806,-0.0851723535685202,2.0993469765571913,0.5906040268456376
2257650.5233492428,0.17687772539837598,-0.07271447589522219,1.57892255196928,0.5234899328859061
1999583.4561183641,0.14865050268318925,-0.07758462120481646,1.3517551999032467,0.5302013422818792
2807964.528745809,0.22935786338549846,-0.05808843609842745,1.830440406331473,0.5369127516778524
2657941.5251739514,0.2159314299352717,-0.06587861498365641,2.1773454085175863,0.6040268456375839
2389453.7235030397,0.1903090204340665,-0.09024857752035369,1.5602942999284384,0.48322147651006714
3825010.2895514495,0.30775539866751145,-0.07550369904320764,2.285149965389144,0.5906040268456376
2514912.726042541,0.2025539902359239,-0.08655883073602738,1.4563647684936918,0.48322147651006714
3094400.774434468,0.2534739483955015,-0.05201294000630438,2.2944335436557948,0.6040268456375839
2456924.152396714,0.19695645158079822,-0.06549053053759914,1.5316117863596455,0.4966442953020134
2670670.8925308646,0.21709386874467573,-0.09540199677591853,1.7066942859453293,0.5570469798657718
2848930.688260247,0.23292419893612015,-0.09092483087460222,1.678062903491822,0.5704697986577181
1893202.1849793307,0.1361597491156108,-0.0967972476902347,1.120869280035198,0.4563758389261745
2956591.3640776966,0.2421048592895616,-0.03931549676052401,2.0276517547779207,0.5838926174496645
3174288.6188205066,0.2598802919172907,-0.06241614564528192,2.0025519599444794,0.5771812080536913
4285004.333939956,0.3377971090065157,-0.059410560586322686,2.399811683097136,0.610738255033557
4483714.159075276,0.3499807745345296,-0.0494544737799147,2.453519796233852,0.6241610738255033
3960431.5982742202,0.316886978588907,-0.05455429517695979,2.4823052979077906,0.6241610738255033
3920424.9890599106,0.3142156354180039,-0.08032964980214329,2.3050867821321197,0.5838926174496645
2457850.1485720673,0.19704666275295346,-0.06850470343815963,1.5743386024383876,0.5234899328859061
2272740.238323697,0.17844674241862868,-0.09755613301705655,1.5498471831764247,0.5033557046979866
3635571.920050708,0.29453723930770637,-0.06302514094883929,2.2811452913734263,0.6040268456375839
3512443.682882794,0.28564739425597074,-0.07132943993700318,2.233573747635702,0.5906040268456376
3623168.239550882,0.2936527025863711,-0.048148205983765485,2.231458296646502,0.5771812080536913
3070527.1117001926,0.25153381224088833,-0.07412709764613935,1.929464524778921,0.5771812080536913
2233680.0993531714,0.1743679627233583,-0.08012587632817986,1.5720074170031857,0.5234899328859061
4127124.893909621,0.32779039378324204,-0.07343142449512982,2.4348760663094433,0.610738255033557
2405507.737068271,0.19190420408355013,-0.06946230090313628,1.628949580864338,0.5436241610738255
5184018.30199138,0.38973919202945106,-0.04766830477909402,2.756687099750841,0.6577181208053692
2045086.017585404,0.1538312999715532,-0.09520873012862821,1.337828120055072,0.4899328859060403
2835811.2637212654,0.23178656974118228,-0.11429198649802003,1.8227515755215815,0.5570469798657718
2513994.675475023,0.20246618069877864,-0.13244476870325128,1.8446949819778073,0.5704697986577181
3309866.5631441567,0.27046322119285726,-0.06107803076632639,2.036717196985753,0.5570469798657718
2690512.719190333,0.21889700491839004,-0.060271665676459404,1.8441752989591764,0.5570469798657718
3607573.7098419326,0.2925371746036465,-0.05504752684601118,2.3942206971991764,0.5838926174496645
2639129.103601646,0.2142053082909503,-0.10742888984960974,1.8074636124027286,0.5570469798657718
2255903.8131312653,0.17669556249963714,-0.12985055409705168,1.3880680091343751,0.4697986577181208
2655849.0839285282,0.21573992334189307,-0.07599438591495673,1.8286932035530519,0.5906040268456376
2697432.6975039123,0.21952335962854264,-0.07388757059697185,1.8512847591022419,0.5637583892617449
2960191.3313299175,0.2424071912675887,-0.04920773164346889,1.7154256324975112,0.5302013422818792
2702212.5844103373,0.21995525595536747,-0.055896498927891586,1.9331906214916152,0.5637583892617449
1514859.5020894858,0.08661193551677582,-0.18070268525017083,0.8794934248049154,0.5100671140939598
3215661.3662075675,0.2631474846629904,-0.06698520911387201,1.9923862995251755,0.5436241610738255
4001134.3359503713,0.3195827405481646,-0.05631679606392156,2.142543441172933,0.5771812080536913
2388497.0381652457,0.19021369039336267,-0.07247763463337825,1.5798704078813646,0.5167785234899329
2672209.060805821,0.21723403307857203,-0.09585916647403121,1.7847520930819039,0.5369127516778524
2372043.4134332314,0.18856934965203576,-0.10077887561045873,1.589076715210513,0.5369127516778524
2536796.7374776546,0.2046395958589904,-0.06253937494066374,1.6477620384068625,0.5234899328859061
3210942.774656143,0.26277656385723547,-0.057544219300079566,1.831063447153366,0.5234899328859061
1723854.4190860926,0.11506482808041807,-0.09501287428269245,1.1338902015687555,0.4966442953020134
2603092.770038548,0.21087114245303962,-0.09321202680211663,1.6652021145758293,0.5570469798657718
2821508.2163485265,0.23054149715335615,-0.1291601985179868,1.81816714241916,0.5637583892617449
2905164.4378706645,0.23775344528783093,-0.08827425132750011,1.9945922277170438,0.5570469798657718
3504141.6037930893,0.2850390626824353,-0.10954580293746322,2.108733219679421,0.6040268456375839
2489038.0856672814,0.20006925181238833,-0.08296413531502651,1.5913243633277432,0.4966442953020134
2108601.0356615293,0.1609108845361369,-0.09814765036067379,1.4035647399931581,0.4966442953020134
2743723.4077133844,0.22368057411184417,-0.09497066585052642,1.6894592974139016,0.5503355704697986
3386248.4312063027,0.2762735339223621,-0.09417322054364835,2.1099623953784827,0.5637583892617449
3578020.486219312,0.29041250959364473,-0.0661174949240692,2.071667407888363,0.5503355704697986
3078295.457993992,0.25216644134343613,-0.06147622378534808,2.0677083938657845,0.6040268456375839
2521505.0442035366,0.2031837790344484,-0.07367470492610016,1.5894841565045672,0.5503355704697986
2375309.7402625727,0.18889650381259493,-0.061847299046818904,1.5349033266453118,0.5033557046979866
1767809.3343036855,0.12069409738555836,-0.0965709021316296,1.1348876175538878,0.5234899328859061
2560560.2930183737,0.2068880893547782,-0.06961559262384551,1.9768714808364651,0.5771812080536913
3244739.6567810276,0.2654237212207178,-0.06556679036996156,2.05843624682611,0.5906040268456376
2452939.6768727354,0.1965679706852772,-0.12653844646901277,1.6134606023712803,0.5704697986577181
3020247.789295207,0.24740797138722348,-0.07990894039730141,1.7945155484643227,0.5503355704697986
3604724.7037595655,0.2923329592293282,-0.05237345996446067,2.227198981474419,0.5704697986577181
3703308.405397558,0.29932554298506076,-0.047711354279054284,2.309471134973666,0.6040268456375839
4391059.298136419,0.34435467071959347,-0.08937641375299082,2.0627382971672974,0.5436241610738255
1994081.9405072806,0.1480177424180278,-0.07854728621739976,1.4291748082757147,0.5167785234899329
3453570.557195725,0.281308380320231,-0.0660606055173761,2.0622225691257645,0.5369127516778524
3282892.7906515216,0.26838570867960687,-0.06557046271087266,2.1038813675531705,0.5973154362416108
2571767.1212895927,0.20794268439098595,-0.08865715982743362,1.6894587138347985,0.5302013422818792
2672130.5301433313,0.2172268785995215,-0.06890532180267347,1.7116928454171785,0.5503355704697986
2729184.080948692,0.2223809297132182,-0.08218495016710707,1.8166375283221599,0.5637583892617449
4619351.572988801,0.35805138698440886,-0.05798796773034548,2.4238641029406964,0.6040268456375839
2710864.859862628,0.2207354977375029,-0.08123614246396337,1.860788275568167,0.5838926174496645
3184737.458345151,0.2607086342336231,-0.09720405738335872,1.9790908713858197,0.5637583892617449
2462046.179549501,0.19745510249440645,-0.11382713328528585,1.6008097308798286,0.5033557046979866
2429479.4915703153,0.19427034230370022,-0.059435010099422196,1.6687782772376392,0.5234899328859061
2575407.733964783,0.20828448543393496,-0.04088442584697009,1.8387247808503606,0.5771812080536913
2545516.6360790534,0.2054666169435435,-0.05683457987188109,1.6921051533147555,0.4966442953020134
2344853.192453923,0.18583190650927084,-0.10117401587529429,1.6295080401830928,0.5100671140939598
1854249.8329487205,0.1314455266211012,-0.07101286300461732,1.3468761178416397,0.4899328859060403
2270208.9611331094,0.17818412506183168,-0.08358452535674683,1.4770443295418527,0.48322147651006714
2828279.9388281778,0.23113159979981313,-0.05329655936137118,1.9559204349398251,0.5637583892617449
3993601.855628601,0.3190855203292493,-0.052641972186169624,2.582562088027472,0.6040268456375839
2638125.3221053593,0.21411293067384252,-0.08976053644142279,1.6232312269194997,0.5369127516778524
3689211.8400312103,0.2983348623755868,-0.07090757789383184,2.0731387646243573,0.5838926174496645
3101837.1067340453,0.2540758291610803,-0.08820017702006683,1.8871230516793895,0.5637583892617449
2772446.991730294,0.22623201380804736,-0.10794571337968581,1.6942257180878226,0.5100671140939598
1812291.1662296897,0.12627798378012023,-0.07240661006322091,1.2294056696208675,0.48322147651006714
2548111.6802719203,0.20571230100135351,-0.061764102846621184,1.721189062487049,0.5302013422818792
3252272.4687304148,0.2660107242145269,-0.05490718936709399,1.8812641260071503,0.5234899328859061
3658892.230942366,0.29619375165727035,-0.11120455693040224,2.109003280133205,0.5570469798657718
3005475.6724091787,0.24618535560778843,-0.06909214960959592,1.8167406834091215,0.5302013422818792
2610511.319588494,0.21156052893962873,-0.090051985409786,1.6151796794331847,0.5436241610738255
1997514.7095370416,0.14841272808191008,-0.13607700638985704,1.1736727565613736,0.5033557046979866
2251611.0900208284,0.17624739823291513,-0.05229389245111719,1.53575413205839,0.5369127516778524
2395595.9589506052,0.19092034445769346,-0.08750783048384392,1.524015811411834,0.5167785234899329
5859329.249852321,0.4241954060297337,-0.038129391505107864,2.8723448843360098,0.6711409395973155
3551853.4431123827,0.28851953595789626,-0.1062670387618107,2.129838031898575,0.5906040268456376
2225963.85016646,0.17355546828092483,-0.1437809273017416,1.3949389729434993,0.47651006711409394
2831457.912024594,0.2314081456859325,-0.16073313596977665,1.7445529309236445,0.5570469798657718
1867360.4220762595,0.13304101182560957,-0.06130516251051832,1.2062598933704527,0.48322147651006714
2213257.8323487495,0.1722126450694612,-0.06228837373584117,1.5477710356450074,0.5167785234899329
2861314.1609163447,0.2339941727457433,-0.12244642146801141,1.8427032651688624,0.5570469798657718
2864589.9688901585,0.234276593887363,-0.10027927454263631,1.6645700096203608,0.5100671140939598
6209321.352765544,0.4408170109364562,-0.05197316342003845,2.902111652740368,0.6644295302013423
2620126.830732225,0.21245174494684016,-0.09497128753358104,1.6855759448372478,0.5436241610738255
2357842.741086528,0.18714281183669024,-0.11661691850053552,1.6687961303148855,0.5234899328859061
2006265.1455532871,0.14941713115206312,-0.0912660785319542,1.360258084135402,0.5033557046979866
2373156.862812997,0.18868091281998822,-0.05863522061081946,1.7408300751516594,0.5637583892617449
2264263.3502208563,0.17756635159296597,-0.08578066236361842,1.4772937312905323,0.5100671140939598
3383762.6908815564,0.2760861042878979,-0.047970890184929005,2.183793643424408,0.6308724832214765
2190644.629413962,0.16980745906916472,-0.10079679705071531,1.59670469873494,0.5503355704697986
3751882.8252405375,0.30271631827028234,-0.0726557435154298,2.301094021871409,0.5906040268456376
3950205.630596695,0.316206225834875,-0.060561026256154483,2.1465091183630967,0.5838926174496645
2738912.0151817002,0.22325110358196643,-0.10239942745749633,1.7450533232105083,0.5302013422818792
3854289.1330680535,0.3097513600977484,-0.06889768720918554,2.1426728019996166,0.5704697986577181
2317592.27693951,0.1830617329482609,-0.12396694518144562,1.6004966995228764,0.5167785234899329
1863927.9068179212,0.13262416211042494,-0.09603142140992932,1.3624834811002053,0.5503355704697986
3038841.498885257,0.248940099690238,-0.08605333389669896,1.9652297263338074,0.5771812080536913
3486168.88863105,0.2837181588520694,-0.06622073845724631,1.94330979255245,0.5167785234899329
2083000.0222508998,0.15807811603577782,-0.07513883415726504,1.4510495108435966,0.5503355704697986
3488016.432850357,0.2838541949149991,-0.05756829837396452,2.0846677278179686,0.5838926174496645
2076171.0265477751,0.15731777980152484,-0.08240632116118958,1.2929980406141584,0.4697986577181208
2792088.0282130563,0.22796452715551063,-0.06883171212784381,1.902000129084472,0.5771812080536913
2341721.7049827026,0.1855150079479131,-0.05161920972965419,1.7683062840345682,0.6040268456375839
2480491.3250918114,0.1992439674305142,-0.08440820980002717,1.4652118944394203,0.4899328859060403
3433276.74498682,0.279798987876422,-0.04788735813303258,2.0429391360045592,0.5570469798657718
3052324.600916533,0.25004642785808073,-0.06038426273185377,2.07359552129657,0.5637583892617449
1905861.8788615926,0.13767518323240324,-0.08242765166543532,1.2580453368702744,0.5033557046979866
3408573.0351052107,0.27795193766490645,-0.0995449136526633,2.1534522278785313,0.5838926174496645
2725394.1041700686,0.2220412405794523,-0.0853779490371214,1.7694777898302478,0.5570469798657718
3164660.719193749,0.25911509720198467,-0.09424665957066523,1.9268274487273815,0.5637583892617449
3130009.616319836,0.25634563258770027,-0.056647707680654524,1.9975500080609603,0.5369127516778524
2587120.054261617,0.2093814877572,-0.08269729225055324,1.6941509975729987,0.5570469798657718
2876229.7145109647,0.23527801970800044,-0.07528987091003518,1.9521231810804376,0.5704697986577181
2324261.14805,0.18374180259728057,-0.0968585636096408,1.5748904533311667,0.5234899328859061
3317982.951413452,0.2710856918037845,-0.08983165457931114,2.0756078555790682,0.5570469798657718
2558760.818130087,0.20671840965066934,-0.08364107606917302,1.488545413943,0.4966442953020134
1732922.0816815007,0.11623544021157484,-0.08822141701650874,1.1156234853994385,0.5100671140939598
2718783.425262748,0.22144783122785316,-0.10351791465764536,1.6563944025506263,0.5234899328859061
2343661.5599958287,0.18571135626530988,-0.07412424410184583,1.4936420509861303,0.5503355704697986
3871061.652921235,0.3108892971305026,-0.07764797822953635,2.2799497659326264,0.5973154362416108
2136221.2169343387,0.16393638568586066,-0.09127813760673427,1.5894063789323927,0.5570469798657718
1778512.376228827,0.12204785110724181,-0.0890303699484954,1.1378967295371785,0.48322147651006714
3366708.946269532,0.27479724021215524,-0.08521186173233913,1.890377123752178,0.5100671140939598
4503789.193840581,0.35118747523809635,-0.03730826422842257,2.3673205380237605,0.5906040268456376
2944111.655140078,0.24105450476857748,-0.05032548130384406,2.161208902000771,0.6308724832214765
2748627.8144210647,0.22411772756352288,-0.06403016325471801,1.7814484814274414,0.5369127516778524
3490359.2087498396,0.28402661238846405,-0.06752722933937874,2.145997966966698,0.5637583892617449
3669902.8188070245,0.2969729332297013,-0.05077198916200324,2.265246490339983,0.6040268456375839
3166424.912586075,0.2592554488903249,-0.053345607337561766,2.150626942146019,0.6375838926174496
2506335.414450058,0.20173258751635892,-0.09058889535927125,1.8442029482491449,0.5637583892617449
3241015.135371915,0.2651330807545702,-0.07847154079538092,1.9905943777716806,0.5704697986577181
2883817.3737402796,0.23592907993309176,-0.08002337086345739,1.730233276745753,0.5234899328859061
2519207.0189437773,0.20296438980652987,-0.08948843252316072,1.6865709621124017,0.5369127516778524
2812521.815273989,0.22975665064759165,-0.1089285717060447,1.7643411107650566,0.5704697986577181
2371096.0190681564,0.18847439153803824,-0.0890719929408639,1.6334745281483334,0.5570469798657718
2995876.899292349,0.24538833294222306,-0.06619326170792192,1.9416541372068374,0.5704697986577181
2134240.4782911106,0.16372046148319597,-0.06718005849771581,1.3661004209580048,0.5033557046979866
2226548.047365578,0.17361706100236218,-0.079846328211497,1.3880792476107229,0.47651006711409394
1743136.096421616,0.11754818935376332,-0.0877116203485874,1.0982590156347949,0.47651006711409394
1808207.0351032885,0.1257698955515958,-0.08548892544549708,1.2768121872240958,0.5369127516778524
2322793.424854923,0.18359226309112198,-0.08207334614570194,1.440372018435451,0.4899328859060403
1899579.712456545,0.1369241837046684,-0.11658251888318023,1.086819756780225,0.4697986577181208
3212826.8396010026,0.2629247194003421,-0.06159245021855002,2.1650426856496567,0.5838926174496645
3204289.614665832,0.2622528281828922,-0.03782685211278901,2.0960702833094893,0.5973154362416108
3723415.5964665716,0.30073343171800304,-0.07752990538771554,2.104823377434219,0.5704697986577181
3247649.530026601,0.26565060552255115,-0.08672335710808163,1.9679659313499738,0.5704697986577181
3448736.907890807,0.280949513141624,-0.05656384669078431,2.114934257225332,0.5570469798657718
2209065.4596913354,0.17176822508988554,-0.11333530559854617,1.5595344522688466,0.5100671140939598
4576404.580628497,0.3555167307646434,-0.052833703700337846,2.6397708780916744,0.6040268456375839
3223958.5063731316,0.26379865469668995,-0.04605197348795757,2.046637565179565,0.5637583892617449
1977707.2929428557,0.1461261011945496,-0.07969756299319905,1.2498712418147264,0.5033557046979866
2531652.5392984273,0.20415063768888664,-0.08315694786498583,1.6105230362385377,0.5234899328859061
2664844.751682425,0.21656238011497053,-0.05645442843651056,1.7963950693134636,0.5369127516778524
2071206.9695247435,0.15676382796333188,-0.10572141494331218,1.3462686391496699,0.48322147651006714
3258874.952470963,0.26652433651604834,-0.06479465807668677,1.8252912721885386,0.5234899328859061
3281285.438491695,0.2682614803215746,-0.050470171620126444,2.194647710504619,0.6174496644295302
2693906.0302651203,0.2192043078092818,-0.1104374656677691,1.8588499903901547,0.5436241610738255
4057479.219877988,0.3232785137520535,-0.08785320435332974,2.1960966804929622,0.5771812080536913
1835059.3666232661,0.12909380291660022,-0.11787907781121537,1.1120700466912283,0.48322147651006714
3773948.4645552025,0.304245037823506,-0.09293688097227222,2.0834713982969255,0.5167785234899329
2122771.1948252716,0.1624670110565618,-0.11071810447749503,1.2894285943277624,0.4697986577181208
3954606.0831388254,0.31649934090129817,-0.03860572042932399,2.486239376338964,0.6241610738255033
2080842.1095536358,0.15783807113410186,-0.08556313388989673,1.2622087691952508,0.48322147651006714
1987375.7839922206,0.1472445380725269,-0.13821994128312343,1.2802558651151537,0.5167785234899329
2251917.655179633,0.17627942657342355,-0.09990747996995983,1.5006900220649362,0.5100671140939598
2528579.6920373878,0.20385818296175273,-0.07790546483150505,1.6633801874778926,0.5100671140939598
2764252.600868215,0.22550629207739425,-0.06879629636670093,1.7960283862413484,0.5637583892617449
1695469.0601640928,0.11136821994716772,-0.09304404083850248,1.0489976923768223,0.46308724832214765
2155351.7218841147,0.16601363822389104,-0.1064006167366878,1.3865541438424558,0.47651006711409394
3053467.6828520335,0.25014004119726385,-0.08991750033237554,1.946387852075769,0.5704697986577181
3477080.9027399584,0.28304816281484757,-0.054474948786315196,1.8887920252156483,0.5637583892617449
2786092.070455822,0.22743666727928602,-0.07400150533128058,1.862048648004748,0.5704697986577181
2039534.2282571353,0.1532041580765,-0.10339153392574991,1.416184868570503,0.5369127516778524
2080432.435367106,0.15779247673490016,-0.07350443714970309,1.4437475351125602,0.5033557046979866
3028690.403523928,0.24810457836922595,-0.05012126177060312,2.078116875488637,0.5637583892617449
2339393.340378504,0.18527916355544272,-0.0945621587235452,1.8118349426702895,0.5503355704697986
2132681.1262609637,0.1635503606483264,-0.06825270589460668,1.4864454699808574,0.5100671140939598
2484861.757655705,0.19966626481083383,-0.09545188344877428,1.5983551967797338,0.5436241610738255
4172666.080634905,0.3307078728573283,-0.07087844988042674,2.147093167152563,0.5302013422818792
2614841.7655098396,0.21196222185289582,-0.11552809077318013,1.8245186239204179,0.5704697986577181
2724784.3290874236,0.22198655219544627,-0.07460758460242987,1.8277621264343433,0.5503355704697986
2820969.0683323066,0.23049446594368406,-0.10876580059442803,1.835984196308052,0.5234899328859061
4106108.6710782396,0.32643535106358645,-0.05370806035208519,2.2147977157366503,0.5838926174496645
3756423.8494798657,0.3030315095895917,-0.06107593127074014,2.0335398612132374,0.5906040268456376
2157246.5791747165,0.1662185841610948,-0.08350053807597334,1.5332924206892078,0.5436241610738255
2353416.9262503595,0.18669680892787022,-0.08929003946380848,1.6060519939546263,0.5234899328859061
3385901.2823620723,0.27624736484110723,-0.060025825509847204,2.141065746717644,0.5973154362416108
3498639.298385041,0.284635247802423,-0.07349728366919382,1.897549034037585,0.5973154362416108
5095875.502841214,0.38498082879821616,-0.05160114323747202,2.576141983371724,0.5973154362416108
4919107.544384434,0.3752360981536129,-0.052299613281019786,2.653363881414403,0.6375838926174496
3083038.2908687415,0.25255205471748354,-0.07158834084060747,2.0560758765153877,0.5906040268456376
3819597.110718692,0.30738504020700264,-0.05984044530095244,2.296127050310397,0.5637583892617449
3106837.0271982783,0.2544798633002472,-0.0585400125927813,2.05304857883874,0.5369127516778524
3913177.0784627525,0.3137293427697505,-0.05299351481566248,2.320410997821505,0.5771812080536913
2390057.4381888313,0.19036916258417125,-0.06763043577945302,1.7269423776425143,0.5503355704697986
4128896.5627902388,0.3279043714870562,-0.05810273554552393,2.2610361581522915,0.5973154362416108
3103777.138293648,0.25423266126803057,-0.08955233225188906,1.9462827068789952,0.5771812080536913
2183837.8679350573,0.16907958972180537,-0.03972365295085799,1.642946458776431,0.5637583892617449
4470963.218305872,0.3492120752495975,-0.06791951803374721,2.2489621867885052,0.5637583892617449
2380985.042587841,0.18946408518200308,-0.08699020343868354,1.6468533034806874,0.5234899328859061
2292788.9505609414,0.1805185507996787,-0.07599377426357966,1.4303431601356302,0.5033557046979866
2487109.5491521657,0.19988322854479135,-0.06120348527121199,1.6059827954050416,0.5302013422818792
2634662.565105647,0.21379403853585366,-0.0400139907831919,1.8157748733522934,0.5771812080536913
3854933.3718849937,0.30979514177721024,-0.08578432791247445,2.1436336161948115,0.5637583892617449
2374664.7523834687,0.1888319305804056,-0.07495975680888814,1.5729383860013904,0.5100671140939598
1921678.6210794896,0.13955725843565436,-0.07472785354977135,1.3614793191549688,0.5234899328859061
2595133.340542714,0.21012974337161294,-0.07326030735395145,1.8698978088782434,0.5570469798657718
2807843.2114852397,0.22934724039477006,-0.05574791482536829,1.9825249535921912,0.5906040268456376
1831631.1214720784,0.1286716142680464,-0.0727620143177902,1.140047147172468,0.47651006711409394
2138765.6284906915,0.16421352208023787,-0.06890555924779111,1.4018936091780851,0.5033557046979866
2282866.2135152053,0.17949496716127888,-0.09188407853821606,1.6609664460181774,0.5302013422818792
2649239.203008003,0.21513417295953485,-0.059113420413560505,1.7806233748359797,0.5570469798657718
3421268.191628298,0.27890246350115966,-0.07155658154709206,2.1071914892627834,0.5838926174496645
3781576.826354548,0.30477187164781205,-0.09769346343227205,2.3633080148152965,0.6241610738255033
3714507.423071497,0.30011044116628427,-0.046762112598431535,2.400396011862578,0.6174496644295302
2853190.3313847696,0.23329266553127304,-0.04906654569507189,1.9132752502661454,0.5906040268456376
3822155.063536456,0.3075601023232015,-0.060582342000982954,2.4885152692267565,0.610738255033557
2617667.462116895,0.21222404711707998,-0.06843467090620242,1.772720094822304,0.5637583892617449
2336511.9271391113,0.1849870397052733,-0.0719553779367795,1.6812216130399855,0.5637583892617449
3004026.480551799,0.24606515432918563,-0.05870876739307062,1.9396512029696469,0.5369127516778524
2870509.4432927556,0.2347862819825195,-0.08053577665502756,2.002431996028751,0.5436241610738255
2808440.9088335186,0.22939957344717854,-0.1307872756122544,1.7245665609272771,0.5369127516778524
2189873.6086014025,0.16972510222386528,-0.07642650568947029,1.65552732379413,0.5369127516778524
2956820.476593953,0.24212410935925321,-0.09461522000879519,1.8850654128360143,0.5234899328859061
3248178.9568448844,0.2656918677140374,-0.09444435341546398,1.9211861852785492,0.5503355704697986
2594967.505518371,0.21011427695822094,-0.12479006516514524,1.586223339048038,0.5302013422818792
2622822.228843982,0.21270109899834289,-0.11019352001980477,1.6499843524407471,0.5637583892617449
3941587.6266905772,0.3156314212235938,-0.048006749844052045,2.1262929235770884,0.5637583892617449
3944171.169452934,0.3158038440923012,-0.07006840034459524,2.047099299474324,0.5838926174496645
2359495.602821833,0.18730920401581264,-0.06044869324412362,1.6687620765998068,0.5503355704697986
2408097.6625404735,0.19216074987868925,-0.07233897398429444,1.5656441293903378,0.5033557046979866
3722124.144372432,0.30064318833920445,-0.08228932648999318,1.9864741348932626,0.5570469798657718
3315102.910190743,0.27086495221936535,-0.06122240998021562,2.2405981375677633,0.5838926174496645
1943047.7798560315,0.14208044638421957,-0.06198865482675169,1.248296611358199,0.5369127516778524
2874131.9012352475,0.23509777409204613,-0.05607078874525897,1.6820977866271118,0.4899328859060403
3222488.2853116426,0.26368336770266665,-0.058104212776750104,1.950122190901944,0.5503355704697986
3429648.6470827954,0.2795283892441307,-0.060074093654712196,2.2277372332984084,0.5906040268456376
2332326.2087426903,0.18456216876413367,-0.08359477525857437,1.5840146887592461,0.5302013422818792
2206677.1439628685,0.1715147456368713,-0.07081744744735069,1.4740786395169962,0.5369127516778524
3075139.9136890857,0.25190961818250734,-0.07259154735373945,1.8827643260502354,0.5637583892617449
1907721.6487064927,0.13789712886739003,-0.1139076496194118,1.3695233179200188,0.5234899328859061
2726748.118525931,0.2221626419323781,-0.06569372391936648,1.8494886643832071,0.5704697986577181
5370189.476924538,0.39958062538307315,-0.038410048870554575,2.8000839119557113,0.6174496644295302
4634439.841988848,0.35893739555447346,-0.048858449802044,2.3877597758926417,0.5973154362416108
2147741.2093147323,0.16518903762573078,-0.13907841595471054,1.3900279521088417,0.5033557046979866
2203251.7436769437,0.17115081374451346,-0.08091126261730541,1.4469224457061096,0.4899328859060403
2848897.355774796,0.23292131388030435,-0.11045560501872644,1.7228989667576586,0.5302013422818792
1989680.4871206179,0.14751050009685773,-0.06809313196652841,1.1994676147785872,0.4966442953020134
2324068.354493319,0.18372216406698927,-0.08840500193548077,1.6222273342994415,0.5503355704697986
1624897.1529635869,0.1019583384964573,-0.09347770594990785,1.0669753045871424,0.48322147651006714
2159616.4921273356,0.1664747090597516,-0.06997248543505871,1.4626235609604519,0.5100671140939598
3856839.419170919,0.30992464014323096,-0.06016880979489682,2.144977879183454,0.5503355704697986
2428518.115224447,0.19417580970617543,-0.06298654888158034,1.7067468818134293,0.5570469798657718
3402632.1314721745,0.2775061506546592,-0.06352802460433947,1.9677566777248072,0.5302013422818792
3007547.561192348,0.24635712514211483,-0.0540594448165739,1.8353366498323778,0.5436241610738255
4554593.237344422,0.3542221700940136,-0.04262755721022841,2.623712202034064,0.6241610738255033
2227254.5756296893,0.17369153398739057,-0.08763785470949645,1.4977726568193184,0.5234899328859061
5369496.650093785,0.3995445105660018,-0.05600652433563504,2.6339489453957827,0.6308724832214765
3027513.945973023,0.2480076011244876,-0.08478046289893558,1.8709520290166808,0.5570469798657718
2267925.9526721216,0.17794706433188967,-0.11472438617988526,1.4870381421152237,0.5033557046979866
3079025.4697923413,0.252225825479236,-0.07527442856459782,1.936170672413596,0.5436241610738255
3238064.2121068123,0.2649026177119269,-0.09404867026940592,1.93667988105371,0.5704697986577181
2592135.4731324404,0.20985002857263813,-0.12144610824576951,1.687225394952497,0.5302013422818792
2047957.5604690441,0.15415514128711183,-0.13774050795994408,1.3360270735082884,0.5503355704697986
3382075.8238619464,0.2759588485001734,-0.05228475352415442,2.097084554783297,0.5503355704697986
4051699.03672331,0.3229012768520201,-0.044080000375538095,2.495178171019828,0.5771812080536913
2278770.504717162,0.17907143480866128,-0.08080689994686424,1.5280708699666612,0.5302013422818792
2077947.6002689544,0.15751577475891865,-0.07367997696745274,1.4898437187279618,0.5704697986577181
2227885.9740710394,0.17375807177739833,-0.07207782754197105,1.4853397494101053,0.5234899328859061
2481733.571465162,0.19936406122902461,-0.14786868400685504,1.5578514313325649,0.5234899328859061
2895740.48064766,0.23694938062568505,-0.15145396151723403,1.756744820942288,0.5302013422818792
2203560.3249513195,0.17118361752800548,-0.05794910026747899,1.493775640481876,0.5436241610738255
2480372.4045724096,0.19923246830136643,-0.10395173715815152,1.491968898947906,0.5369127516778524
2173604.0259147435,0.16798182823047747,-0.07309906606486496,1.5778246459691831,0.5436241610738255
3764336.2439639787,0.30357997930317904,-0.04761251855879113,2.498016268116805,0.6174496644295302
2478745.281361202,0.19907508780452288,-0.10580390358115374,1.5402784110914365,0.5369127516778524
2781016.6722420165,0.2269891390472243,-0.0735002235318256,1.8050306169204098,0.5436241610738255
3392681.8193466696,0.27675811327773947,-0.05886252091975641,2.101412603413127,0.5771812080536913
1924787.324547752,0.13992571291830003,-0.08657034076196665,1.3294241632384662,0.5302013422818792
3252424.1020632754,0.26602252924300207,-0.073359217962749,2.249642623837162,0.6040268456375839
2151438.464602916,0.16558992744878065,-0.09721072692557353,1.4127422258148432,0.5167785234899329
1925629.3124502616,0.140025426351309,-0.06765826335611148,1.4179158952682942,0.5033557046979866
4578700.330903995,0.3556527022943694,-0.06107142008610282,2.563904862375541,0.6241610738255033
1660356.8497998614,0.10672644548389743,-0.11421632689663992,1.0348215723600358,0.4899328859060403
4137188.2929872484,0.32843728823857377,-0.06491936417847922,2.225378885363253,0.5973154362416108
4512158.641333235,0.3516892880657907,-0.06574155957777364,2.67121250103763,0.6442953020134228
2630735.3269753847,0.21343196537801745,-0.08253143176713688,1.7245431924567665,0.5302013422818792
3068451.6670307894,0.25136457799202416,-0.04514858319616977,1.9144862921507122,0.5167785234899329
3101577.362630946,0.25405482549766467,-0.06500595644776007,2.0108461698896005,0.5771812080536913
2982005.1355080483,0.24423289036806684,-0.07267325615800499,1.8672777352107939,0.5503355704697986
3452651.092215291,0.2812401469572008,-0.05471341329865443,2.0036317597611077,0.5637583892617449
2749719.3155158046,0.22421493342376775,-0.09294689926547946,1.796388971537297,0.5771812080536913
3586785.426760239,0.29104410589518204,-0.07057363469348468,2.0711729874221243,0.5570469798657718
1609035.839892662,0.09979855199159426,-0.0992978751634832,0.9261572174068328,0.46308724832214765
5027609.841836139,0.3812500716063467,-0.048438961576720035,2.437680971033088,0.6174496644295302
3885465.360320767,0.3118633775076851,-0.08821123511738867,2.2012310658158443,0.5838926174496645
3208124.204258386,0.26255479254161584,-0.08834312265601384,1.919052949934951,0.5436241610738255
2511112.9160774862,0.20219037994249667,-0.13154700192654192,1.5858984916293777,0.5234899328859061
2629994.4824442365,0.21336361447196128,-0.07906578146378256,1.7357869142861697,0.5637583892617449
2972355.226662365,0.2434265667424762,-0.09102725961601954,2.147328936919343,0.5973154362416108
2974079.9566496545,0.24357083466030427,-0.07692183005603535,1.7282541079940135,0.5570469798657718
3863913.212311244,0.3104047921239279,-0.055766502897578604,2.111871359485445,0.5838926174496645
2672893.031881812,0.2172963386561919,-0.07703560497984392,1.6652612819235348,0.5369127516778524
2130358.7225786485,0.163296838316475,-0.1304586507642374,1.2871811240736295,0.5033557046979866
2877569.418825701,0.23539307303898993,-0.11780505914998875,1.8466710091026093,0.5704697986577181
2416990.0488973553,0.1930399110519887,-0.09464955289385679,1.5780315845590602,0.5100671140939598
3029857.1761151366,0.248200727507496,-0.06241319471848799,1.877199722212633,0.5302013422818792
2454307.402911588,0.19670137896228668,-0.08389745713991249,1.6599735392254076,0.5369127516778524
2288731.677032428,0.18010045034062427,-0.0755012630090958,1.635349920815255,0.5436241610738255
2524196.463287877,0.20344052173522265,-0.05613651458568599,1.710556128672425,0.5637583892617449
3566337.5619531083,0.2895687178665778,-0.060646445739694674,2.019358580790565,0.5771812080536913
3457328.176494652,0.2815870817375583,-0.07763732759831579,1.9455913989163574,0.5704697986577181
2200234.843789804,0.17082990792155694,-0.07811563093053221,1.4245971914921545,0.48322147651006714
2150965.5120526864,0.16553867641664355,-0.09340902014482998,1.402615370510121,0.5033557046979866
1635266.9819598477,0.10336126548220514,-0.12181324884038726,1.0743921404893064,0.5100671140939598
2729252.898462811,0.22238709421996794,-0.062029897470700764,2.0285024188650045,0.5771812080536913
2543931.7082793247,0.20531646639723866,-0.11936976522354274,1.5530954607094536,0.5033557046979866
2463779.5372487586,0.19762366421882782,-0.09047536961647977,1.77500498655136,0.5570469798657718
4122731.0038082385,0.3275075503358753,-0.07522360452461707,2.214873597839887,0.5906040268456376
2961716.3595548887,0.24253517729937846,-0.09882818970489539,1.8679728613291793,0.5369127516778524
2794090.50655837,0.2281406152462544,-0.07519542906203061,1.8674553063940809,0.5302013422818792
2615609.5306065762,0.21203338432544494,-0.0418678971171868,1.9450237654521967,0.5637583892617449
4064878.248211746,0.32376077580421625,-0.06051693486580649,2.3315245247401,0.5973154362416108
2281211.785881526,0.1793239580165067,-0.07695017812735806,1.5636579321922173,0.5637583892617449
2122672.8576030782,0.16245624061692832,-0.07592659786670825,1.5345059713851203,0.5302013422818792
2460046.958479837,0.19726056874040077,-0.06687572861341651,1.5631397338689421,0.4899328859060403
2774274.721333027,0.22639364934401307,-0.07477229994786155,1.6475143331457274,0.5100671140939598
3737844.083318296,0.30173995875611626,-0.07188866126353112,2.074635367742435,0.5503355704697986
3143455.748674396,0.25742320347396985,-0.07243899798316379,1.9787022190519117,0.5704697986577181
2310066.4985573776,0.18229239592934454,-0.11874236512036852,1.7465161941878546,0.5570469798657718
3239568.6303103347,0.26502013168642935,-0.09823149033399563,2.1234444219467905,0.5906040268456376
2681390.734085694,0.2180693656416124,-0.07521592091881084,1.9997867199740735,0.5906040268456376
2420896.219918229,0.19342528361398936,-0.06766805483274446,1.6033499276453367,0.5302013422818792
2444354.6548107336,0.1957292241039319,-0.0840222576800664,1.6877058623499424,0.5100671140939598
2550662.8395177084,0.20595363524039478,-0.14815524343580055,1.6065305664554257,0.5033557046979866
3159221.8638183675,0.25868201080619535,-0.0715014971058182,1.9393290218667387,0.5637583892617449
2337863.8920355546,0.18512414067131755,-0.08412441819880406,1.5519539118777896,0.5100671140939598
1967501.25810251,0.1449407261942517,-0.08919142156175885,1.2643385561448703,0.48322147651006714
3516717.4555884893,0.28596010489165624,-0.060793094187946185,2.188965531630777,0.5973154362416108
1854672.5023229988,0.13149710368112522,-0.08029149931845096,1.2833702339131032,0.5369127516778524
4273774.331540786,0.3370951615829556,-0.056191931213499975,2.667652212399234,0.6510067114093959
2639253.60048661,0.21421676373101017,-0.06810454522113732,1.6544018371729456,0.5637583892617449
2385984.0334871374,0.1899631334874443,-0.06744644206739497,1.5902273358820336,0.5234899328859061
4101978.564936465,0.32616840614348686,-0.06062287535639817,2.3022775103302844,0.5838926174496645
4351291.71481398,0.341910774515636,-0.07209800706528509,2.4937425204933477,0.5906040268456376
2509470.8817499727,0.20203311466008111,-0.059391091466820985,1.7341119098332904,0.5369127516778524
3551400.1441884707,0.2884866452799544,-0.07662298290354753,2.097145570636778,0.5704697986577181
3443410.03712577,0.280553561094814,-0.07457002536796552,2.109482136376375,0.5906040268456376
3766841.0903484276,0.3037534175206944,-0.10133641169749795,2.2175069095734536,0.5570469798657718
4162419.264615174,0.3300536660671609,-0.06851530169261155,2.274941923645016,0.5973154362416108
2281201.049310291,0.17932284791181585,-0.07961301865441495,1.6053218233180309,0.5167785234899329
3670170.6395046557,0.2969918626713617,-0.054953882831871984,2.2358985264039344,0.5771812080536913
4820747.969176845,0.36969189347022,-0.11139544934562037,2.263445240107721,0.5503355704697986
3267517.0836922107,0.2671953581232094,-0.06851608514858101,1.8931704533891676,0.5369127516778524
4280042.929943555,0.33748717101937586,-0.057972850964058895,2.4008774918913827,0.6241610738255033
4639540.6958261905,0.35923640434672777,-0.052409477177020006,2.307016107863338,0.5906040268456376
2066973.7050099487,0.15629058741505508,-0.08244682648798904,1.3627887548626971,0.5302013422818792
3690073.6064005587,0.2983955125546156,-0.0683058167559774,2.0969077101338915,0.5973154362416108
2183119.2019021777,0.1690026345209945,-0.1067290816015724,1.3979216109770969,0.48322147651006714
2542988.9121523765,0.20522711366910773,-0.059752378395980105,1.646031150805558,0.5167785234899329
3528431.665291701,0.28681567405392494,-0.07952192105645912,2.1198743368212205,0.5973154362416108
3722170.436178959,0.30064642352540316,-0.04772760743458162,2.200193157221898,0.5771812080536913
4097132.361057148,0.325854902711219,-0.06135770141043515,2.256032297072788,0.5771812080536913
4119488.247046159,0.32729865292773686,-0.06460826314632434,2.3616943414412757,0.610738255033557
2799408.990828289,0.22860780690773996,-0.08639733439067826,2.099870799941471,0.6174496644295302
3198376.462316461,0.26178661508796996,-0.05579590586449054,1.8630943655076364,0.5570469798657718
2364999.0222476306,0.18786255725774903,-0.05498084940001494,1.643214670624172,0.5436241610738255
2579093.16161301,0.20863010047895747,-0.11854002452559845,1.5947056265073045,0.5167785234899329
3141518.253311083,0.2572681605730882,-0.06778774709159248,1.9502418375948303,0.5704697986577181
4109330.4405132257,0.3266434375323499,-0.0422024740555024,2.2932455314571425,0.5570469798657718
2437454.6148298215,0.19505338835344,-0.061486639689336695,1.8561344616110511,0.5771812080536913
2417519.903792255,0.19309221433830936,-0.08596617276795161,1.503606812242388,0.5503355704697986
3294130.226638083,0.2692528662859459,-0.08414849621073785,2.341895962830955,0.6241610738255033
3137429.1582767316,0.25694069038902234,-0.053184953113750044,2.1417164602857968,0.5838926174496645
3060181.226905746,0.2506892855056033,-0.09686194294030205,2.036218824839535,0.5973154362416108
2485003.243410439,0.19967992607956853,-0.04320870033057032,1.885744203041635,0.5436241610738255
4561131.531891301,0.3546107546751518,-0.0753132404183445,2.4667055315985453,0.5771812080536913
4272139.428067411,0.336992846583136,-0.04597983462837087,2.5136981244374623,0.6174496644295302
2196066.8069400834,0.17038597674201172,-0.1699778508510313,1.5759137603726443,0.5503355704697986
3386390.394636395,0.2762842349169299,-0.07864337792336835,2.0901442858417334,0.5637583892617449
2350979.543558856,0.18645089982205088,-0.06846514111352883,1.5714367939836074,0.5234899328859061
2388227.569217375,0.19018683332798791,-0.07621652512795035,1.6774677422564996,0.5570469798657718
2093134.591093411,0.15920282535005148,-0.07265474515687129,1.4083776251527726,0.5436241610738255
3586851.6970600737,0.2910488765874599,-0.06106545956270762,2.0390088155569397,0.5234899328859061
3169598.979063244,0.25950780660841266,-0.0832813328553558,2.038444510111003,0.5369127516778524
4493168.145851763,0.35054958643416745,-0.06743991540037853,2.4263278936676578,0.5838926174496645
3631952.948597088,0.29427941138223646,-0.04785754487754767,2.1214060660111187,0.6040268456375839
2595695.974805838,0.21018221091987255,-0.08216850423275923,1.7449124429201768,0.5570469798657718
2895084.038685599,0.2368932941688937,-0.07629143815060072,1.8819113621940127,0.5704697986577181
2435606.4472313737,0.1948721066904482,-0.09667304419622247,1.6902543229557494,0.5369127516778524
3583342.857085278,0.2907961838109254,-0.1078923961395477,2.025089952957351,0.5302013422818792
2973109.5226990436,0.24348966933072336,-0.08792300869206644,1.8136549747158142,0.5302013422818792
2544203.189610109,0.20534219090470884,-0.054475449937813746,1.8120540373425145,0.5771812080536913
3009292.3749550725,0.2465017051727909,-0.07980390956791046,1.873097562757822,0.5637583892617449
2969173.938876493,0.24316028683738367,-0.1028290497255188,1.8037947405085288,0.5704697986577181
2364044.3355877227,0.18776664011926725,-0.08320315307044598,1.56637225482982,0.5838926174496645
3750473.9936866686,0.30261846960785377,-0.050790319259327955,2.20269021742529,0.5637583892617449
2788987.8973152475,0.2276917175162314,-0.08879330846078703,1.6661842406227991,0.5033557046979866
2957755.287263065,0.2422026399339583,-0.06952179496146388,1.9229995967199338,0.5838926174496645
3245809.750300529,0.2655071758747072,-0.07295513936511781,2.095039089648108,0.610738255033557
5137757.556930201,0.3872499612075484,-0.04522916992148897,2.434530193229451,0.5906040268456376
3012433.7200955753,0.24676183663242468,-0.04914362057224646,2.1502305546866816,0.5838926174496645
1947607.0156399966,0.14261590761105425,-0.11767090152010544,1.2226388658026361,0.48322147651006714
2094684.1557961954,0.1593744080195061,-0.06836257951113667,1.4987502355900761,0.5369127516778524
1714971.0723779984,0.11391322401247428,-0.09209911967068345,1.1044496539743345,0.4697986577181208
3194851.983325456,0.26150840506537665,-0.05615354491405764,2.137288740937322,0.5973154362416108
3503331.599326161,0.28497964820921595,-0.07161112360911952,2.285369041644818,0.5838926174496645
2150096.834408328,0.16544451953841088,-0.07980370410554995,1.4069772211023017,0.5637583892617449
3531354.154960614,0.287028769306362,-0.04598232200764535,2.2595119558896783,0.6308724832214765
3692536.461814236,0.2985687831931454,-0.06014528858032688,2.223816105912716,0.6442953020134228
2641780.2647842746,0.21444915852652802,-0.08542675603725157,1.7116284651762352,0.5369127516778524
2049501.507254058,0.15432911139606054,-0.08983764275996536,1.4330359462675921,0.5033557046979866
2170832.308894643,0.1676838008445669,-0.1194280154452664,1.396632482302235,0.5234899328859061
2670533.1255023936,0.21708131168524414,-0.09874017204409487,1.7050833429581715,0.5234899328859061
2705572.184828016,0.22025845382144182,-0.07018746521801537,1.9239330073393621,0.5838926174496645
3474004.8916556435,0.2828210718844555,-0.07523513899314427,1.9044608907618592,0.5570469798657718
2819293.1114930604,0.23034822216570072,-0.0612461020929513,1.7354119102662124,0.5436241610738255
2743390.5029419656,0.2236508780518791,-0.0771732751885229,1.7710219121571276,0.5503355704697986
3813182.690336216,0.30694563490000193,-0.051069425714865745,2.605025691116897,0.6442953020134228
3137490.1810796163,0.25694557983470445,-0.08607832817861251,1.802298867914839,0.5503355704697986
2982995.420572724,0.24431551810029228,-0.06367354215167174,1.926105819728882,0.5503355704697986
2725589.1319150934,0.2220587298024197,-0.09474940903541988,1.801686262947209,0.5503355704697986
2992250.772434058,0.24508671013127592,-0.061167297502150185,1.7546227418981526,0.5167785234899329
1546841.7279006892,0.09116185597509951,-0.07580048616000962,0.9814343587305318,0.5100671140939598
2441121.7712447667,0.19541276429337318,-0.06304285722736411,1.7270821939980336,0.5704697986577181
2465399.9742809776,0.1977811591044587,-0.05939648371461927,1.7530203650573724,0.5570469798657718
2978556.925222439,0.24394500605627556,-0.07137195079441336,1.8697845913829203,0.5234899328859061
3732228.331611405,0.3013485756285672,-0.06107515960657133,2.1935676584783446,0.5704697986577181
3352107.431694288,0.2736895503702632,-0.08285952958840055,1.9719627045961614,0.5637583892617449
2728910.6516526644,0.22235643534842664,-0.07791677634478031,1.7828872120467343,0.5637583892617449
3520041.705134001,0.28620312907016854,-0.08275123798481729,2.0771758678671794,0.5503355704697986
1820446.5264181027,0.1272898204910604,-0.08384640130634781,1.076358425271979,0.4563758389261745
1986180.5280715001,0.1471065087337211,-0.07501569342286735,1.5278187229437816,0.5234899328859061
2885916.7678117906,0.23610897668858066,-0.06137792342807949,1.8521496240683615,0.5704697986577181
2722063.8867471074,0.22174244683012478,-0.06779403317330152,1.9242412365838102,0.5704697986577181
3503283.5266340724,0.2849761216934821,-0.06523656625430312,1.965646118340438,0.5302013422818792
3689927.1424539047,0.2983852053807945,-0.12936390333545433,2.024196614281669,0.5906040268456376
3823139.737927439,0.30762746684759246,-0.0495044042908707,2.4299483591222213,0.5973154362416108
2659956.773883308,0.21611575764917212,-0.08413956967447866,1.9555200106638428,0.5906040268456376
2477941.481103889,0.19899731120414565,-0.07437890769241447,1.718652015807301,0.5503355704697986
2155995.90687272,0.16608332881709909,-0.11341385514807077,1.39777603086783,0.5033557046979866
3975286.1547088837,0.31787336044495307,-0.04478477974721855,2.17227853888129,0.5771812080536913
2805777.500980543,0.22916630271721283,-0.06653030979073314,1.8175520138625587,0.5369127516778524
2337176.246231523,0.18505441535123746,-0.06730104043810861,1.5892314243867054,0.5503355704697986
2465046.972096362,0.19774685687451754,-0.07156116203791534,1.7070458960257606,0.5369127516778524
2381099.8025458236,0.18947555104292846,-0.10154434597958795,1.6751006597309728,0.5436241610738255
2971135.722587018,0.24332451886690865,-0.05254896581441397,1.8641071294561957,0.5570469798657718
4241510.899683846,0.33507024708432964,-0.05378570755587147,2.420135292294545,0.6174496644295302
3141340.333058301,0.2572539191446679,-0.11829394648923366,1.9228660751046753,0.5637583892617449
2656043.465195748,0.21575771879196104,-0.08204582578801757,1.7169887227892044,0.5234899328859061
2867992.9531145915,0.23456970594775783,-0.07299613166381312,1.7816328780672173,0.5436241610738255
4704885.986963241,0.36304382847611705,-0.06335066589502077,2.4806217161421085,0.5838926174496645
4048700.271298067,0.32270539628202743,-0.09619605182246317,2.239770765680687,0.5906040268456376
2854446.7603756925,0.23340126479096734,-0.0943756944296137,1.848408317404704,0.5704697986577181
2453882.1997577082,0.19665991093217117,-0.06753831233169352,1.4669472088605233,0.5033557046979866
5246331.845089629,0.3930642639823405,-0.07063913405598433,2.3387993135752994,0.5838926174496645
3676694.4317351175,0.29745262031062536,-0.09884702196250418,2.1170636970266745,0.5570469798657718
2015955.200145334,0.15052530560533395,-0.07756222875361052,1.2994545135750661,0.4966442953020134
3766730.8462476493,0.3037457860436894,-0.05031647244811309,2.2735351072492986,0.5973154362416108
4168221.055989497,0.33042423878574323,-0.05552818692158843,2.4120926459713465,0.6241610738255033
3060104.4446727834,0.25068300929692344,-0.06194336132488675,2.3560989671166177,0.6510067114093959
3551758.3760213014,0.28851263831318574,-0.07530298711231047,2.150626830262876,0.5503355704697986
1995976.3262392944,0.14823578385703562,-0.07260488045052069,1.444057660902887,0.5436241610738255
2792666.3255339446,0.22801539014862504,-0.06932778927890582,1.9291227252230598,0.5637583892617449
3013174.6067486834,0.2468231570418815,-0.08985721692333933,1.757882204124122,0.5570469798657718
1969943.031388962,0.14522477164156267,-0.10428992926942039,1.2503944154603672,0.47651006711409394
2567777.734094209,0.20756769367481764,-0.06988261069631796,1.7399854402047232,0.5503355704697986
2953218.3942479044,0.24182132363307263,-0.058443498501181905,1.9303614399365463,0.5973154362416108
1550962.3568480492,0.0917425863299659,-0.09604411530544078,0.829662342684627,0.47651006711409394
2532632.939192914,0.2042438863722642,-0.04473874359426177,1.7292153543863626,0.5704697986577181
2697352.8868119735,0.2195161429773027,-0.08912218206140758,1.7194998675421578,0.5100671140939598
2356400.7894109525,0.18699757556325602,-0.06081642053788547,1.9196847490163789,0.5771812080536913
3090837.326695134,0.2531851204023128,-0.06908291174365326,1.7459391630014995,0.5436241610738255
2070432.3453473381,0.15667728988955432,-0.08540931911956848,1.4852440937384566,0.5302013422818792
2223229.5758147496,0.17326701791731147,-0.0649141934308725,1.4864812821303535,0.5302013422818792
2736017.486337002,0.2229924436982138,-0.054985748363689954,1.7924605345003635,0.5704697986577181
2209524.293873834,0.17181689749567663,-0.07976230963210101,1.470958248913926,0.5033557046979866
4268977.9220808195,0.33679490535346557,-0.05174670265695693,2.273264828975669,0.5637583892617449
3432933.608319828,0.27977340511401416,-0.047651613901008257,2.1468344406765105,0.5771812080536913
2936025.602309014,0.24037203912555816,-0.08589559047716466,1.848800142437805,0.5704697986577181
3441141.173230965,0.28038476517683186,-0.0712971595769435,2.252962759846899,0.6241610738255033
2550662.7021429013,0.20595362225023006,-0.06955036659949707,1.7263101692152718,0.5570469798657718
2355775.258977902,0.18693454876702065,-0.10863140644411175,1.6632278932408506,0.5234899328859061
2190887.9740515905,0.16983344719344018,-0.07950522413053991,1.5992899547820374,0.5167785234899329
2773913.028870477,0.2263616697805031,-0.05359255640426086,1.8624370820572043,0.5234899328859061
4136129.939230409,0.32836931451424634,-0.07278631785839473,2.195708317107432,0.5973154362416108
4327342.018171566,0.34043032461658806,-0.06348884100555459,2.171914506693168,0.5771812080536913
2501483.515674676,0.20126695111122528,-0.12768727530916402,1.703569066227601,0.5637583892617449
3132522.6456061453,0.2565473073611859,-0.07190383956887288,2.07802384865697,0.5838926174496645
2234760.62076695,0.17448155860218884,-0.07468391124090798,1.6188132772956436,0.5369127516778524
2985996.2889185976,0.24456577161199133,-0.07116466851581507,1.7651728705619187,0.5167785234899329
1777126.746821801,0.1218729603094506,-0.10926488905761465,1.0710504216298868,0.4697986577181208
2184349.5391633087,0.16913436744542998,-0.06941514481238689,1.4033504518112618,0.5369127516778524
2459092.5174146704,0.19716765246263956,-0.08673031999058627,1.435794297381949,0.46308724832214765
3384577.703194327,0.27614756992816125,-0.10609376889718068,1.9206211174274979,0.5570469798657718
3027933.1149163824,0.2480421573358098,-0.050242143923470595,2.169989433840998,0.5838926174496645
2515767.539945636,0.20263572827218335,-0.0579235932319133,1.6926416940159554,0.5503355704697986
4335874.853235719,0.34095853154699163,-0.04385288707749676,2.41956542437924,0.6241610738255033
2100020.7762953336,0.15996455385620045,-0.10423932767741022,1.3387043924355648,0.46308724832214765
2796718.3072550776,0.2283715379989042,-0.05920689653116359,2.088767779557112,0.5838926174496645
1906542.198136901,0.13775639288098107,-0.10633170598325865,1.211002265743238,0.4899328859060403
2868234.8993817163,0.23459053511002126,-0.0781593362368644,1.8451913999041492,0.5637583892617449
3627854.486163451,0.29398717458262436,-0.060451390480675625,2.30036759362696,0.6174496644295302
1812627.783332404,0.12631981991267405,-0.09562812323200783,1.1232095860306464,0.4899328859060403
3922267.853061938,0.3143391661798054,-0.0872955253701628,2.142168358749361,0.5570469798657718
3284553.110536747,0.2685139797045675,-0.08843200623253741,2.0526291712548934,0.5771812080536913
3322312.5695957867,0.27141724537419964,-0.04370599293354066,2.038745400031797,0.5637583892617449
2803462.3725112737,0.22896339157506218,-0.08561059379927459,1.7210843368700648,0.5302013422818792
2532331.9453060064,0.20421526104128596,-0.08504595066829254,1.5001760037063858,0.47651006711409394
2918688.0613172227,0.23890366109122385,-0.09950431624680266,1.8348863652330192,0.5637583892617449
2819774.813458865,0.23039026253776074,-0.046286623555294455,2.0445684699593505,0.6241610738255033
3598248.023295659,0.2918682330574729,-0.11177429684103045,2.1262395576792055,0.5704697986577181
3351557.1639479655,0.2736477309287346,-0.1419796483168581,2.063644360730379,0.5704697986577181
5562987.739941684,0.4094887717910416,-0.06731455773142057,2.535484713656004,0.5973154362416108
4328888.789109043,0.34052613596156145,-0.039645667206740426,2.5632704033117055,0.6174496644295302
2402985.9090689286,0.1916541912824148,-0.06777863267175907,1.8531474671317854,0.5906040268456376
3299681.182817437,0.26968034318235934,-0.04942840767811917,2.039406662734364,0.5570469798657718
2557523.7223016787,0.20660170354189433,-0.08113544622066524,1.6092517201231007,0.4899328859060403
1499687.8403101692,0.08442663032366893,-0.13096798187825293,0.8192880804124062,0.46308724832214765
2670223.3643996725,0.2170530759791478,-0.04808874931206472,1.724990061491165,0.5436241610738255
3318509.8670218624,0.27112606044702714,-0.07048425076756734,2.096882068637407,0.5503355704697986
2736794.264960168,0.22306187940358368,-0.05855926547167357,1.8969484037019086,0.5302013422818792
2443586.195911715,0.19565403171455742,-0.09947528555109593,1.7469512656633146,0.5637583892617449
4050598.419648624,0.3228293975760943,-0.09425361994593125,2.3159334407124703,0.5838926174496645
4011472.123134467,0.3202639218259491,-0.04816473379010585,2.3047835605533433,0.5771812080536913
2042023.9315087742,0.15348556891877285,-0.07355045823703395,1.2865998332529047,0.4966442953020134
2316218.477825674,0.18292144298589985,-0.06560593465061558,1.4687546755076688,0.5503355704697986
3369350.498504161,0.2749972210954532,-0.059898708851083844,2.0412423884647133,0.5906040268456376
2970939.2380737965,0.24330807394495912,-0.08094224887495817,2.0030954835770216,0.5771812080536913
4080833.722329316,0.3247983540707249,-0.08864842245553625,2.2881932077266427,0.6040268456375839
3633777.8282182477,0.2944094477346695,-0.07591511809389423,2.0238976631641172,0.5771812080536913
4209492.750737502,0.3330485081371779,-0.055381544454705556,2.505837061571363,0.6174496644295302
1992728.7104746248,0.14786188583737503,-0.0800150557688827,1.5552337558837606,0.5637583892617449
3235273.513505857,0.26468451335875587,-0.08049299174703184,1.9456250457405921,0.5436241610738255
2336860.251549675,0.18502236888943324,-0.08040033804413457,1.6020482745691513,0.5503355704697986
3949551.292554649,0.31616261793413303,-0.06294795266136148,2.4158023179441854,0.6375838926174496
3161104.076983115,0.25883195554350014,-0.08578423800937066,1.9088474106303062,0.5436241610738255
1834371.7254699643,0.12900917047569171,-0.0985824563975057,1.157188167246173,0.47651006711409394
2934735.8580426103,0.2402630452600043,-0.05855718480924703,2.027990939198763,0.5704697986577181
2494225.724033885,0.2005690707367207,-0.11116379731274462,1.404615674916368,0.46308724832214765
4440203.927010659,0.3473504858930949,-0.08095100481282523,2.241537560594564,0.6174496644295302
3801911.968234779,0.30617212528367244,-0.06166606233793267,2.171646825686506,0.5838926174496645
5600334.823970606,0.4113762288440317,-0.09861011572552637,2.5012353933081584,0.6375838926174496
2603599.3664659443,0.21091826910602207,-0.10906688919588894,1.6759007102568395,0.5503355704697986
4451941.24606186,0.3480620562510861,-0.05619860488939586,2.527071702868616,0.6375838926174496
3742060.6694554784,0.30203351961371006,-0.09773163113441176,2.267162659383097,0.5570469798657718
4784564.452625894,0.36762956875130914,-0.06476478256244345,2.5735188917010747,0.6040268456375839
2610137.349958355,0.2115258144525034,-0.060969394520948295,1.5387875871605707,0.47651006711409394
1897080.6884894823,0.1366248862272148,-0.07464035976394169,1.2162237127685631,0.5033557046979866
2377377.8209983413,0.18910345603241585,-0.0780444292822237,1.570729688644425,0.5436241610738255
2738648.8008346343,0.22322759135400938,-0.08397809890847459,1.810434405957404,0.5570469798657718
3762008.0821288493,0.30341869210360706,-0.06829169148755558,2.5994990177351847,0.6442953020134228
2775503.757507333,0.22650229144213796,-0.07707876758556428,1.918089185689941,0.5704697986577181
3448501.5405062316,0.28093202836528186,-0.06309136367257547,2.0405640779732943,0.5838926174496645
2638882.8196535734,0.21418264547844368,-0.058453327621634917,1.7141103941244977,0.5167785234899329
2384010.6697391537,0.18976623297869466,-0.08336644351078984,1.6071281825175592,0.5369127516778524
3381010.5031224852,0.2758784554638054,-0.06364924085004138,2.321063808085899,0.6375838926174496
3304770.0001584664,0.2700717257959284,-0.05412786940308508,2.1881942862037973,0.5704697986577181
2803832.5181842744,0.2289958422663072,-0.05817365378165676,1.687618697973312,0.4899328859060403
2242901.2243514745,0.17533597565897785,-0.09508528986470392,1.6142017096225456,0.5302013422818792
3009090.9885189305,0.2464850211670695,-0.060916089161590505,2.0002947236825945,0.5704697986577181
3442996.455888323,0.2805227986606662,-0.05007124565355189,2.2670185661995355,0.5973154362416108
3003610.975165566,0.24603068223421265,-0.04469305088021924,2.267421488631055,0.6040268456375839
3239812.4358622637,0.26503917185396664,-0.06339362477542683,1.991688257976174,0.5570469798657718
2790987.737403361,0.22786772998457083,-0.08234780617660889,1.830341015726432,0.5369127516778524
3462601.7234768374,0.28197781062093186,-0.06938875335177942,2.1176378644907983,0.5771812080536913
2386680.3759045666,0.19003258282809354,-0.08978186890931306,1.6060810609143872,0.5234899328859061
2990522.168628865,0.24494282117943866,-0.07314957290756291,2.0047454114393637,0.5838926174496645
3176033.1565919938,0.26001874345751763,-0.065139651384037,2.043504887655039,0.5704697986577181
1872078.0110012703,0.13361292373915967,-0.0645676421528598,1.2944889881010968,0.4966442953020134
2844944.9385961015,0.23257902525012386,-0.09381944846998307,1.689435014967848,0.4966442953020134
2953420.2383274436,0.24183829816026559,-0.09080372422676741,1.9041769016765524,0.5906040268456376
2451443.6132769044,0.1964219761722268,-0.09147189413901294,1.4346138605122591,0.48322147651006714
3378467.640263549,0.2756864796969789,-0.06496788681916019,2.0555989477234085,0.5302013422818792
4080455.1709250966,0.3247737746381447,-0.05155360351102201,2.453234010881465,0.5771812080536913
2461709.6413938715,0.19742236457334617,-0.06973792745877941,1.458881310108973,0.4966442953020134
2891703.0152269593,0.23660425798752538,-0.05902621608677411,1.8447499206791744,0.5369127516778524
2435760.77683727,0.1948872486661053,-0.0956782993111541,1.673820340667548,0.5570469798657718
2811671.4217717717,0.22968227585962286,-0.10100030730690206,1.7427297090182392,0.5302013422818792
1970643.263647855,0.14530617595836337,-0.09211750927528842,1.5131524855387408,0.5503355704697986
2352984.097145842,0.18665315540419303,-0.08382014480866988,1.718072923691266,0.5369127516778524
3299618.1929458575,0.2696754955859988,-0.07162960764421243,1.9803596390184812,0.5503355704697986
2602233.4456708385,0.2107911861397853,-0.08570565985797704,1.7797310045948564,0.5704697986577181
2179332.2034518328,0.16859678530033562,-0.062408132067421185,1.6459454629920682,0.5436241610738255
3119787.180733581,0.25552392757564135,-0.08014588003524582,1.978457840679187,0.5637583892617449
3529932.519643968,0.28692512746375876,-0.07723980979617878,2.489686312696406,0.6375838926174496
2116772.276530638,0.1618092443711574,-0.0915036253744075,1.4709415923849494,0.5234899328859061
2839684.842611603,0.23212289801789576,-0.07969005016575625,1.8814761315714283,0.5503355704697986
3490328.025500483,0.28402431805354156,-0.09404718946113516,2.073946805617284,0.5973154362416108
2537917.832953723,0.20474605116218725,-0.08830771822206283,1.6643989086822604,0.5906040268456376
2315260.1940479334,0.18282354530629363,-0.0772400059702816,1.4838180410307993,0.5100671140939598
4738781.218841312,0.36500213831044914,-0.0757649771800485,2.6601456461359927,0.6241610738255033
3243688.33941374,0.2653417094399384,-0.07819145608268244,2.092929444083402,0.5570469798657718
3855732.1346755815,0.30984941658924026,-0.06063182075522486,2.1160373370605954,0.5838926174496645
1994505.317728083,0.14806648698347602,-0.10245983782680802,1.3364972585498258,0.5100671140939598
3888088.0869074566,0.31204043379434254,-0.046407798683912704,2.4163498970142423,0.610738255033557
4163310.112009082,0.3301105932215094,-0.06286227990603029,2.4877728832882933,0.610738255033557
2176754.5644317116,0.1683202192237827,-0.08937926294524541,1.4879703951801624,0.5100671140939598
1911350.680997702,0.13832972099521412,-0.09077952985341009,1.5083775726330397,0.5234899328859061
1507946.3447554528,0.08561835566654286,-0.21677428833984527,0.8033867267944795,0.46308724832214765
2530970.4333415725,0.20408574356583653,-0.09574890444121703,1.5824077038478108,0.5369127516778524
2265812.119930867,0.17772740002499132,-0.10196442097430096,1.5918519647307463,0.5436241610738255
3249332.535148744,0.26578175606844034,-0.07466931533043539,2.006508720398981,0.5570469798657718
3131668.4641905343,0.25647877240912487,-0.07682640542374604,2.033761424366837,0.5570469798657718
2685413.642016939,0.21843464197263707,-0.12587960895324687,1.6744251925587674,0.5369127516778524
3184841.560982608,0.2607168761298302,-0.059042691126145797,2.1832844637002893,0.5973154362416108
3094396.665349629,0.2534736154952788,-0.07055516584595295,1.978471470940412,0.5570469798657718
3158701.3641079604,0.2586405330733812,-0.059182211013419736,2.1539608454793937,0.610738255033557
2774411.5099803545,0.22640574284136017,-0.06326180714343907,1.890798559488183,0.5503355704697986
3408763.145145021,0.2779661926667072,-0.0523796997346144,2.100438885294915,0.6308724832214765
4090484.872051001,0.32542439031259485,-0.04426683526687339,2.3248830585372002,0.5704697986577181
2753146.7320646057,0.2245199684907948,-0.06943538440429435,1.8229454531883373,0.5369127516778524
3666421.9438629127,0.2967268060372057,-0.031509427304689294,2.227595785741965,0.610738255033557
1949727.442361516,0.14286460037539994,-0.10030049121563006,1.2006103774577097,0.4697986577181208
2920935.8728449214,0.2390944292982209,-0.04315646091663989,2.0191019643318264,0.5704697986577181
2815000.1111287624,0.2299732980100957,-0.10003970209635182,1.783944091921131,0.5234899328859061
5127323.862196448,0.3866860609314071,-0.056518447819572694,2.822764064150212,0.6711409395973155
2327410.0480847945,0.18406237468568465,-0.10708311689968592,1.4341685228798964,0.5234899328859061
3310450.0584080974,0.2705080119413603,-0.0805324395501728,1.9194401641711323,0.5302013422818792
2325916.5272289664,0.1839103708776184,-0.09996799338491515,1.56649332945928,0.5503355704697986
3775732.4508961714,0.30436832066779274,-0.04330942903969494,2.196084351568139,0.5838926174496645
2851694.0012489227,0.23316328052618318,-0.07045563211904396,1.6772956024125392,0.5436241610738255
4027463.7027455443,0.3213148835993278,-0.13363514877202218,2.253885488327492,0.5436241610738255
2493165.3366441857,0.20046697213053855,-0.0714704155790864,1.8008241575973833,0.5704697986577181
3928544.783165762,0.3147595729112287,-0.06611857206221923,2.2084497373351875,0.5637583892617449
1703501.4519249494,0.11241926549958192,-0.09354262073874248,1.1591527219817697,0.5234899328859061
2484996.691238473,0.19967929344317348,-0.10173587540998062,1.6334519872237563,0.5302013422818792
2213147.19183871,0.17220092507945672,-0.10879300553743473,1.550669158081242,0.5503355704697986
1774240.6984067778,0.12150833972240216,-0.05966572792783265,1.2574561928622525,0.5167785234899329
3230098.301714527,0.26427965101763107,-0.05321453631807911,2.360345144937129,0.6644295302013423
2905581.13511331,0.23778895025630753,-0.06361564568285305,1.6982257518366581,0.5234899328859061
3437962.686200211,0.28014814653074094,-0.05532445833506248,2.0755033138828884,0.5503355704697986
1969533.6966212138,0.14517717439875089,-0.07609768862921222,1.317270797061187,0.4899328859060403
2484596.8734333427,0.19964068703249205,-0.05937336430473803,1.4975591752171276,0.5167785234899329
4330792.815577194,0.34064403911992214,-0.09071902567012526,2.0050740334528854,0.5302013422818792
4038140.089575633,0.32201467559118413,-0.08912411067504261,2.3382451275952723,0.5704697986577181
1985175.781911133,0.14699042823344732,-0.08375641476955106,1.2300959185808829,0.47651006711409394
2851019.805684221,0.2331049662857323,-0.0756810351528625,1.7506725990762189,0.5436241610738255
2898821.2457598206,0.23721246565427623,-0.08665046463036986,1.9056619923950067,0.5570469798657718
3057806.2433791086,0.2504950951115772,-0.12842608276164258,1.9040405741703947,0.5771812080536913
2838113.6691347067,0.23198652320805846,-0.09812688238309482,1.8267686385259365,0.5436241610738255
3758658.874226599,0.303186530158047,-0.053985448210710614,2.2115746281525794,0.6241610738255033
2210078.3621337474,0.17187566140571486,-0.08428838060541029,1.488492748431058,0.5436241610738255
2389988.6008614684,0.19036230561291578,-0.11870160394454014,1.608831570997402,0.5369127516778524
3966211.538482674,0.3172711331096303,-0.054761876143120024,2.3795952341334554,0.6040268456375839
4266450.074243515,0.3366365529399107,-0.06601171010342977,2.193490671043919,0.610738255033557
3592501.177495514,0.29145531460627594,-0.044188215132430944,2.1525595984102615,0.6174496644295302
5434460.795434119,0.4029147844741452,-0.06050161471235927,2.7461866773525236,0.6510067114093959
2167205.3888023803,0.16729335806572831,-0.06748453616896004,1.4786693488287315,0.5100671140939598
2242629.9690094106,0.17530754537566784,-0.07443299696189623,1.5389361239855428,0.5637583892617449
1729067.5532128562,0.11573843062192068,-0.09728486339422568,1.1722727556096366,0.4899328859060403
2682164.9714666833,0.21813969973498049,-0.07453571642307705,1.7824310734421354,0.5503355704697986
1878384.9866159293,0.13437571820014327,-0.07405568292004294,1.1784494033884856,0.4899328859060403
1574146.9816257097,0.09498723461910985,-0.1902004864444274,0.984152324630994,0.4899328859060403
3157792.848319411,0.2585681218989435,-0.05707142500304522,1.8920232675022415,0.5637583892617449
3880271.362733824,0.3115124562702871,-0.10750754615641513,2.2497007058621135,0.6040268456375839
3491204.692138455,0.2840888133214785,-0.07432203413468808,2.135124206000825,0.5973154362416108
2204328.0858125244,0.17126521852991705,-0.07156986687768872,1.4132070814896658,0.4899328859060403
2820308.1661024434,0.2304368040028364,-0.09396027879561476,1.9249966462156902,0.5838926174496645
2941529.5156563185,0.2408367344502067,-0.060919621103814,2.002030300354172,0.5771812080536913
2265897.863194729,0.1777363134438763,-0.1006032422690498,1.4993841267133994,0.5503355704697986
2373507.428305962,0.18871602941056076,-0.1196033035912722,1.5818112409164355,0.5369127516778524
2443337.056201416,0.19562964975914676,-0.11357157097054695,1.5149044519128643,0.5033557046979866
3610994.5576453023,0.2927822089218657,-0.06519034630608209,2.093319421269091,0.5771812080536913
2505796.615665084,0.20168091464454463,-0.10660396621085526,1.526164051785692,0.5167785234899329
4180946.949046052,0.33123562559573694,-0.06215182896138176,1.9445652975401357,0.5100671140939598
2207780.608524059,0.17163188706023624,-0.1095685253363491,1.5444862382655993,0.5033557046979866
2501102.3815452745,0.20123034309548582,-0.10465983009684648,1.704304601067298,0.5436241610738255
2818785.1536765704,0.23030388409817126,-0.09747358673323625,1.8336329672811489,0.5503355704697986
2938408.4139248105,0.24057330534728694,-0.06931777191961434,1.9308460959922489,0.5369127516778524
1866268.1612507678,0.13290843260283802,-0.11922094092635879,1.1374420181503986,0.4899328859060403
2655768.192205742,0.21573251746212296,-0.11126770940153936,1.7006233270465232,0.5436241610738255
4778772.224427099,0.3672982758442902,-0.03669171080233727,2.757710929748374,0.6308724832214765
3828303.6466161027,0.3079805182155515,-0.06496740405765164,2.180290853984587,0.610738255033557
2773741.1038407814,0.22634646761002197,-0.09570746216272218,1.9845563244798894,0.5570469798657718
2841775.4417701587,0.23230426440320606,-0.06975370403116414,1.7518056943541038,0.5369127516778524
2320609.3290160606,0.1833695956988428,-0.05765059081949085,1.6606480794645724,0.5302013422818792
2628038.7440720727,0.21318310246179273,-0.08107939558669336,1.768671154742368,0.5167785234899329
1912783.4125702383,0.1385003262282245,-0.06056440482961359,1.2860905086152994,0.5100671140939598
5434909.197808427,0.4029379348687454,-0.0755077426547582,2.380969331606266,0.5771812080536913
3411056.3249514457,0.27813809184867666,-0.08213179641861595,2.0154155322694405,0.5973154362416108
2205394.524140853,0.17137852656977004,-0.12459658178765766,1.4371354400642264,0.5100671140939598
4422159.443048091,0.3462536055626604,-0.04162559594895228,2.520848586392109,0.6241610738255033
3154756.0302588083,0.25832595823059834,-0.07851928561408911,1.9509608276561683,0.5369127516778524
1676840.8432639586,0.10891528248281257,-0.13080938672593592,0.9704117610980547,0.42953020134228187
3081661.405062494,0.25244015670311626,-0.07300323848582033,1.9512415569590351,0.5436241610738255
3978288.0483879587,0.31807233587116523,-0.06571619179421642,2.3643570883785134,0.6040268456375839
3532600.701493813,0.28711961914463946,-0.055582065225138394,2.039891684207983,0.5906040268456376
2008704.3402319201,0.1496964850241338,-0.05360915041036604,1.4985702425987657,0.5503355704697986
2714379.3999394476,0.22105186176741753,-0.13031022821905053,1.6553155163422533,0.5033557046979866
2504913.7711870424,0.2015962272524905,-0.09026907942309961,1.576428467450616,0.46308724832214765
2396411.705770345,0.19100143970103467,-0.06909097724185792,1.703472678286217,0.5570469798657718
3926126.558016477,0.31459767236227787,-0.0725205243388256,2.36410789746269,0.6040268456375839
2073764.6211770882,0.15704937534305174,-0.11906359854778235,1.3600147070652442,0.5167785234899329
2462680.7954888917,0.19751682723069242,-0.147891906056232,1.4421769776655058,0.47651006711409394
2785888.6003236994,0.22741873865449302,-0.07571461326418132,2.0145014448122196,0.5369127516778524
3888239.9972542343,0.3120506861033434,-0.07769969480673071,2.4551633286072407,0.6040268456375839
3143781.527264514,0.257449265528638,-0.0858634611270037,1.9204065430058197,0.5637583892617449
2107642.789362693,0.16080535097978998,-0.0823125723994662,1.3700880848555945,0.4966442953020134
3211442.52190811,0.2628158688139448,-0.07900424715716371,1.9604491777670572,0.5503355704697986
3373214.675236965,0.2752895359498262,-0.13960035481719518,1.999426163205922,0.5771812080536913
2467758.3209440797,0.19801022562504222,-0.0700565893614557,1.908491956142994,0.5838926174496645
2455637.5193339353,0.1968310617563711,-0.06990089626517379,1.815563687647902,0.5570469798657718
3301371.201817006,0.2698103766196247,-0.07651750023486806,2.021711034437579,0.5436241610738255
2102654.451492886,0.16025535464677332,-0.05827606620238907,1.5000878266167956,0.5234899328859061
3022186.86956067,0.24756810415831576,-0.06240778291563326,1.9465954060978008,0.5369127516778524
2990533.0057063624,0.24494372346482662,-0.06408328733344808,1.942541240013338,0.5704697986577181
2451215.537857418,0.1963997129965065,-0.07737075744885948,1.5576249641872695,0.4899328859060403
1713973.8093589752,0.11378364480711389,-0.0832660834442307,1.0299929109506403,0.48322147651006714
1849862.5894337017,0.13090960836492838,-0.08427168007092822,1.2439206293323206,0.5100671140939598
4513015.01699889,0.3517405923765491,-0.05016728426960857,2.316668632009334,0.6241610738255033
2433133.020233239,0.19462932278815237,-0.06051164018454523,1.7065610432948088,0.5570469798657718
2632466.689689659,0.21359164225582394,-0.07432145826409405,1.7496894741014375,0.5369127516778524
4342853.22042881,0.34138989466775693,-0.06497328179366828,2.4313247144526318,0.5973154362416108
4292454.873103852,0.3382620039726991,-0.053811766807907814,2.3233771488022055,0.6241610738255033
2718061.7652583397,0.2213829813657311,-0.11064071219595484,1.691645881475593,0.5302013422818792
2367606.635270195,0.18812438575326706,-0.08598196347240196,1.7342400905468554,0.5503355704697986
2017995.481714528,0.15075809310615051,-0.10327497106914145,1.3340232089504889,0.5234899328859061
3218760.743494964,0.2633908848032349,-0.04613831037353855,2.2594551206375635,0.610738255033557
2672914.387333259,0.21729828380173033,-0.07502508219427857,1.6780116006666204,0.5436241610738255
2442566.933186267,0.19555426940831544,-0.07557461058934269,1.596200907001818,0.5436241610738255
2335419.5672999704,0.18487621858146275,-0.057714902847236974,1.587754781052207,0.5033557046979866
2434757.818941331,0.19478883021322657,-0.06292215433575225,1.5461495549726503,0.5100671140939598
4017773.024825196,0.32067841462086055,-0.08207131013792943,2.125414598849389,0.5973154362416108
3407064.5541355615,0.27783880483742185,-0.06521092139333194,2.108747347450993,0.6040268456375839
3319467.761526085,0.2711994345911457,-0.04526870829446389,2.182147565722128,0.5771812080536913
2364299.7552410644,0.1877923051060446,-0.08460141939032295,1.7058764023241282,0.5369127516778524
2253559.7869104133,0.17645092863437717,-0.07083597713073085,1.5791783165802766,0.5100671140939598
2622151.082930552,0.2126390297740448,-0.08394484486675134,1.5955405933956894,0.5033557046979866
3621890.3702312578,0.29356143702778037,-0.08386170705945525,2.001629947593711,0.5570469798657718
2926170.873762717,0.23953826069373552,-0.05873668709061286,1.7818673488824046,0.5503355704697986
3489221.118708508,0.28394286579118133,-0.06907498389854504,2.0491520905891014,0.5369127516778524
2993342.182758572,0.24517752486412214,-0.05528122523034311,1.759059323413697,0.5033557046979866
1612521.9726601979,0.10027470364167868,-0.09478503469964086,1.0324527742504315,0.5033557046979866
3061057.3885945827,0.2507608943732258,-0.11213719717548193,1.9111928041634272,0.5503355704697986
3567396.6049766196,0.28964529763713287,-0.06662510693645221,2.361576987499881,0.6174496644295302
2263952.591241383,0.17753402678334096,-0.06955894830134109,1.4875517409340133,0.5302013422818792
3724475.1364611415,0.30080745097337114,-0.07912990345751776,2.025919983045594,0.5570469798657718
3312391.090625736,0.2706569656340849,-0.10613865397321906,2.0717314764551418,0.5771812080536913
1906059.1012369834,0.13769872803568806,-0.12178106755202178,1.3308963846001893,0.5100671140939598
2716525.574896573,0.2212448902373778,-0.06921933586848923,1.7541190261920319,0.5369127516778524
3684087.60650998,0.2979739901498959,-0.05784125692170235,2.2571781604855765,0.6308724832214765
1878894.5808180866,0.13443726134199419,-0.09565382198653866,1.2150470245560399,0.5100671140939598
2722426.0094482377,0.22177495136732173,-0.08929079359790232,1.6365200338080588,0.5369127516778524
3288188.800810726,0.268794680497193,-0.07461469404858341,1.8766158852566737,0.5302013422818792
4055425.643075354,0.3231445387284644,-0.0482548638170509,2.358222867770754,0.5973154362416108
3163508.7994372523,0.2590234216066445,-0.10653071751909993,1.9894655170675624,0.5436241610738255
2366863.8873429513,0.18804983048972246,-0.12625991596606645,1.6964194831551054,0.5302013422818792
2516977.454802422,0.20275138339317955,-0.06863804195683551,1.6450249649808923,0.5436241610738255
2911861.7363315322,0.23832360033008593,-0.06415979857460288,1.8133205874425231,0.5503355704697986
2473932.9010793297,0.198609134987199,-0.11089070565814607,1.6407815587475016,0.5100671140939598
3089869.5644126674,0.2531066344073958,-0.056725647202831214,1.988564943640381,0.5771812080536913
2939226.6523544868,0.2406423884401523,-0.07277148857934826,2.0030172349627726,0.5838926174496645
2892077.6496914597,0.23663629796988928,-0.05832289513376574,2.056255753461947,0.5570469798657718
2279512.9146521273,0.17914825169685722,-0.08945409799741082,1.6193391464163536,0.5503355704697986
3948175.997490907,0.316070943513737,-0.061514369889471995,2.2567916611011043,0.6174496644295302
2039033.809634658,0.1531475626564469,-0.06390738637164614,1.2694981013375317,0.5100671140939598
3092838.6317763105,0.25334736487957055,-0.06605906801659603,1.801034609798981,0.5436241610738255
3264702.8024411825,0.26697699823033094,-0.06954861454557322,2.036504176728939,0.5637583892617449
2896373.8230066234,0.23700348381035918,-0.05148330992728521,1.9164463536293286,0.5503355704697986
5178498.626825434,0.38944312139149373,-0.07626657454314836,2.3928432281573193,0.5570469798657718
2948340.709825112,0.24141084141019742,-0.10853543792205328,1.681723826095069,0.5436241610738255
2138472.9950425336,0.16418166197738282,-0.08630430474967823,1.5891367023522058,0.5503355704697986
2200437.4603968966,0.17085147115114774,-0.07362016715665866,1.4115275347746843,0.5234899328859061
2500297.797262656,0.20115304794356215,-0.10350744086644569,1.6321494041785367,0.5234899328859061
2429293.6461062464,0.19425207036369185,-0.08712733191098888,1.5527786463762006,0.5234899328859061
2878977.8684676075,0.23551398399664025,-0.059706834323728204,2.1436898197553442,0.610738255033557
3214022.816839377,0.2630187303408893,-0.0792276708482826,2.156614877177675,0.6040268456375839
2780788.8926826543,0.22696903904529964,-0.09499367500769586,1.5812658825786354,0.4966442953020134
2863019.8107804027,0.23414125623176374,-0.05056607395653783,1.99298227121324,0.5704697986577181
2345554.8729195804,0.18590286835096848,-0.10508765383406496,1.5691044119198054,0.5436241610738255
2121936.2703154227,0.16237555278396898,-0.07585574953522226,1.466342647704667,0.4899328859060403
2780838.1646731608,0.22697338707607106,-0.070766423984933,1.8595215824000226,0.5838926174496645
2355589.831328093,0.18691586299359275,-0.06447640013833894,1.4340569837964512,0.5369127516778524
3636222.61530587,0.294583575287779,-0.0771989280759041,2.065581489420212,0.5906040268456376
3427528.6635806267,0.2793701660382524,-0.08110137602196209,2.0923368884410967,0.5838926174496645
2289268.19364495,0.1801557721717526,-0.08064752242047638,1.4708722293905967,0.5369127516778524
2232252.78074681,0.17421784043468747,-0.07528745720486157,1.4514472642433334,0.5100671140939598
2840107.0362830707,0.23215953331972528,-0.06489443900735206,1.8348033234666046,0.5302013422818792
2956613.376298844,0.24210670881166751,-0.06450433740393574,1.8897075484988146,0.5436241610738255
1595433.850513749,0.09793280234921009,-0.1311071955723717,0.879843758586972,0.44966442953020136
3612074.9957593554,0.2928595617956742,-0.06401995707296122,2.357170178680405,0.5906040268456376
2509930.753597445,0.20207716702807454,-0.13658008858173631,1.5482662896257098,0.4899328859060403
2263561.6121125612,0.17749335251865817,-0.10039073875592232,1.6392261207692238,0.5100671140939598
2831518.582334851,0.23141342277471488,-0.05871631429416198,1.858727527375504,0.5436241610738255
2904793.1300762063,0.23772180432503154,-0.07351134343789824,1.773544416017411,0.5100671140939598
3111890.4477611505,0.2548876924690531,-0.04997412504827466,2.143798909154341,0.610738255033557
2903615.497285923,0.2376214310356668,-0.08181956033184061,1.840868325397939,0.5503355704697986
4201933.6083933385,0.33256940293974413,-0.04398556575440499,2.7084010634366957,0.6375838926174496
2461393.244066547,0.19739158265588586,-0.08075500045677049,1.5698265132271159,0.4966442953020134
2907704.4661087235,0.23796980686274982,-0.06498392707557216,1.931401532691119,0.5771812080536913
3750640.0778822284,0.30263000631008996,-0.057450714451634126,2.2752530081313993,0.6375838926174496
2074033.0553730407,0.15707932816752068,-0.05763806881001898,1.3494781015490194,0.5234899328859061
3423928.774031005,0.27910131183799725,-0.07721604207504193,2.0880450683337592,0.5771812080536913
3000257.246084454,0.2457523028432156,-0.14300280042471764,1.845240388589627,0.5637583892617449
1896823.9134793305,0.13659411550974343,-0.07974749056021803,1.1729047699987836,0.4697986577181208
3851199.5141090467,0.3095413119856625,-0.05293385565367609,2.264256843587066,0.5704697986577181
2821865.9236814007,0.23057269687797244,-0.08136092335077698,1.6720775126835343,0.5167785234899329
3874645.4926851783,0.31113193229372293,-0.058607805525106624,2.176759500483493,0.6174496644295302
3227261.8729491816,0.2640575339738609,-0.08955097359183727,1.942165055802703,0.5503355704697986
2700825.6682667816,0.21983000133108987,-0.0721462340507361,1.739705382972168,0.5167785234899329
2191427.7298590234,0.1698910824709572,-0.0866180850575695,1.483043013418804,0.5302013422818792
2179339.4905923544,0.16859756679822602,-0.11324544462955756,1.455721995398845,0.5302013422818792
3408785.3625712357,0.27796785855221207,-0.062224664035051634,2.1540127185656193,0.5906040268456376
6757473.53174525,0.46540230612269573,-0.06435617760471679,2.6526574150199043,0.5771812080536913
2897346.482670761,0.23708655470369355,-0.08833934929231055,1.7166048263300286,0.5100671140939598
4192235.507719698,0.33195371783374616,-0.04924652110964818,2.479421955173128,0.6040268456375839
3011287.3350813137,0.24666693086304625,-0.09728734759984461,1.7130263718534917,0.5302013422818792
5830050.1577143045,0.42276921044206106,-0.07427655239546782,2.584402203389316,0.5973154362416108
3416046.638249751,0.27851185174252224,-0.09310193180835125,1.9659075232881735,0.5637583892617449
3900098.2061947817,0.3128500002333683,-0.052861067064909374,2.3327899310652382,0.5838926174496645
2431674.295752866,0.19448604635604272,-0.08484525524563587,1.532749520821167,0.5167785234899329
2934503.480887436,0.24024340342913186,-0.056463732575314146,2.10656356020059,0.5906040268456376
3668054.6712581427,0.2968422768903416,-0.06204623606636819,1.9889132800689058,0.5369127516778524
3657299.0242816475,0.2960808505839849,-0.0721070055195402,2.257798849708943,0.6174496644295302
2486956.1055891537,0.19986842269101368,-0.09095505471282465,1.689280471627269,0.5637583892617449
3517336.262371856,0.28600535759351287,-0.06015846962590952,2.149315008269545,0.5771812080536913
1990043.9922296444,0.14755242596914941,-0.1217220341545093,1.1722916688778424,0.5033557046979866
2990831.11208564,0.244968542509991,-0.07081989565641725,1.7982686202606812,0.5570469798657718
3498895.661135902,0.2846540735769931,-0.11875549874152595,2.2110088049364687,0.5771812080536913
2513484.305805561,0.20241735385640935,-0.05625193422221879,1.5816144444264226,0.5302013422818792
3068605.1351989326,0.25137709510543416,-0.07092069336888185,1.9343065681470544,0.5234899328859061
3244143.8766187853,0.2653772478633747,-0.08556884848781336,2.1326028005972315,0.6174496644295302
1628500.6245552492,0.10244665959635024,-0.0823074699057349,1.035987285996982,0.4899328859060403
4231227.03461461,0.33442222247846587,-0.06070205970163033,2.3574380872159946,0.5906040268456376
2458736.9154763017,0.19713302670037636,-0.10834550214012983,1.6065121292971234,0.5167785234899329
5388777.002545608,0.4005481442438863,-0.036298129891900455,2.7810502424544383,0.6308724832214765
3069165.0500562275,0.25142275842563877,-0.07610817787852489,1.9583962670788637,0.5234899328859061
2483171.401232009,0.19950300296439072,-0.07457683195290725,1.5645807380645946,0.5167785234899329
4134242.001213891,0.3282480254358062,-0.05046566928453771,2.4411367027355335,0.5973154362416108
2939814.77942178,0.24069203394642802,-0.08861091784081478,1.9749824874767834,0.5436241610738255
3265109.7927016397,0.26700858588890863,-0.058765396801691044,1.9560785713014768,0.5973154362416108
3239176.857439686,0.26498953350496546,-0.07363090486939326,2.2761256159978505,0.5637583892617449
3695726.9292100808,0.29879310651461455,-0.07615601676879286,2.2195280045126364,0.5771812080536913
2247081.45136906,0.175773757978676,-0.08921946647459178,1.485137665349538,0.5100671140939598
4085004.084440388,0.32506901600801497,-0.06653771089496008,1.9508406489739105,0.5100671140939598
2437260.8328513424,0.1950343859750303,-0.0841424083784605,1.4731869303850231,0.5033557046979866
4485203.603330345,0.3500704525967142,-0.05024546165826481,2.3900021749648652,0.5704697986577181
2566133.782994661,0.2074130314709388,-0.07725814459825633,1.6158266997555,0.5436241610738255
2056003.604687806,0.15506061159564144,-0.09936797013147497,1.2716706192578395,0.5033557046979866
2992351.843944586,0.24509512126415633,-0.09588795191307278,1.607873251734506,0.5100671140939598
3354942.8836777564,0.27390495302750306,-0.10498977142353318,1.9374372615552655,0.5302013422818792
2466046.2436679457,0.19784394876533917,-0.07912492542462465,1.6396083174294958,0.5302013422818792
3030764.541641497,0.24827547945768602,-0.05105288189682249,1.9638761840207744,0.5906040268456376
4450038.148168094,0.34794678371241305,-0.04689753158118527,2.148689809118088,0.5906040268456376
1480971.4893810356,0.08170625135825427,-0.0620521341044043,0.830771901348523,0.46308724832214765
3770815.0720298993,0.3040283910093997,-0.07292321821239654,2.3188220738574765,0.5838926174496645
2185328.61439479,0.16923915519200028,-0.1761661087614938,1.510421287607976,0.5033557046979866
3803954.221711922,0.306312421093214,-0.06021356702231842,2.3423707148841206,0.610738255033557
2806606.213307738,0.2292389032669031,-0.062334494412429844,1.9579478097773726,0.5704697986577181
2585191.5149622983,0.20920113002846974,-0.10079787499320564,1.8445237609011504,0.5503355704697986
4616047.46670081,0.3578570553590845,-0.044118177019094415,2.575107008270721,0.6308724832214765
2042823.0014888432,0.15357582951156723,-0.09820486126995416,1.3588434011574408,0.4966442953020134
3291191.9281142675,0.2690263558012296,-0.07219278987108194,2.1685418514778156,0.6040268456375839
2419211.737862303,0.19325915809339755,-0.09906388718023189,1.7271158306075696,0.5302013422818792
2538686.942883385,0.20481906139440653,-0.07736322664239317,1.7348879800404409,0.5302013422818792
2541285.475596134,0.2050656046488628,-0.0641576366179297,1.8653970079972948,0.5704697986577181
2932047.8771272725,0.24003576583000164,-0.09167381076194533,1.7725851144451203,0.5234899328859061
2297170.4945876836,0.18096940299473574,-0.08910642832329141,1.4014656960932026,0.47651006711409394
4082700.2681405223,0.3249195226698198,-0.07281080029080061,2.2015316069206015,0.5570469798657718
4219576.142724137,0.33368653227461453,-0.04334093756051708,2.3778393153121296,0.5838926174496645
2412385.188483392,0.1925849672043658,-0.05774880505035606,1.7542175049159843,0.5570469798657718
2056486.72287024,0.1551148895491561,-0.06368774779545337,1.5221722754535483,0.5570469798657718
2705335.523599927,0.22023710543748565,-0.05410351337953979,1.8996363837455568,0.5637583892617449
2673894.600949575,0.21738755245670016,-0.05899691899979053,1.9803572321844285,0.5704697986577181
2979916.9886523336,0.24405858690954663,-0.05719221920942841,2.0017354365763302,0.5570469798657718
1466477.7383264815,0.07958065770832867,-0.11512537900206085,0.845082270858291,0.4697986577181208
5920970.355238364,0.427179429230651,-0.10132085251168489,2.5121115444933713,0.6510067114093959
1757766.4942233688,0.11941787212296884,-0.09916440670435318,1.0967132918547529,0.44966442953020136
2929820.482091248,0.23984730443314506,-0.09665373843541415,1.6626766224335545,0.5033557046979866
2446411.721377079,0.19593041152425084,-0.05711462701249149,1.836888632256283,0.5637583892617449
2940895.2118208744,0.24078321566734906,-0.04937063113805042,2.00108014826125,0.5838926174496645
2254186.595949607,0.1765163653760513,-0.0629865389046026,1.4119253372967528,0.47651006711409394
4194277.885579824,0.3320834730830464,-0.04962062841166576,2.3847351261803498,0.5771812080536913
2959791.936424102,0.2423736638479268,-0.04739303413945025,2.0141271830454066,0.5838926174496645
2497829.813661251,0.20091582842776146,-0.06553553387416232,1.7831112861311098,0.5704697986577181
1527318.3595329686,0.08839343735859906,-0.09869893976886802,0.936671572742692,0.4697986577181208
5722181.403753783,0.4174649354199851,-0.039115427297500005,2.462317189689288,0.5771812080536913
2193825.604561802,0.17014699099933028,-0.07104795725828049,1.532908106975999,0.5637583892617449
3373028.833206268,0.2752754836203428,-0.04877780505801495,2.137411999983779,0.5704697986577181
3181709.7053093477,0.26046883005155586,-0.06654267155081706,2.03536601102004,0.610738255033557
2754326.896137849,0.22462493105832437,-0.05784417233584474,1.719834625875042,0.5234899328859061
1659644.9609369352,0.10663152596261094,-0.10015212279016224,0.9743737876497918,0.48322147651006714
3311900.5683707204,0.2706193298340498,-0.10009695558337135,1.8820437163520916,0.5503355704697986
3478498.123831842,0.28315273711630584,-0.08361048403500944,2.050619950441753,0.5503355704697986
1930702.9069307002,0.14062553567196523,-0.12183312425359087,1.3877997022663366,0.5503355704697986
2775644.6064563654,0.22651473949245782,-0.07353669641406593,2.0671306506845184,0.6040268456375839
4838365.390005406,0.37069154090770273,-0.04881143979618155,2.392053973250455,0.610738255033557
3447162.9093891564,0.28083256709165494,-0.09205123466195282,1.886434214252662,0.5973154362416108
2685349.370718797,0.21842880964017097,-0.08776781446776653,1.8896834867537273,0.5570469798657718
2297021.9728985205,0.18095413167662522,-0.10208623702549867,1.3908930812401412,0.4966442953020134
1867674.9486114592,0.13307917772565836,-0.10558385325548214,1.247205088503016,0.5033557046979866
1614013.1129804149,0.10047811884750346,-0.15290257996975767,0.9071452548268474,0.4429530201342282
4415073.571282746,0.345821893381671,-0.06988639000045714,2.40712109771554,0.5637583892617449
4807442.707364997,0.36893498760599375,-0.04849060642967861,2.386855414840853,0.610738255033557
2679011.5066967756,0.217853127619976,-0.0782211873827336,1.7453177235550597,0.5771812080536913
3824582.993344494,0.3077261791961652,-0.06782292824068405,2.2044951251054994,0.5570469798657718
3984321.5338098435,0.3184718921704537,-0.06573544861172499,2.231520172152342,0.5838926174496645
2092893.1745731893,0.1591760842484231,-0.05588532980220535,1.6603000103189276,0.5704697986577181
3061576.499960774,0.2508033137123631,-0.08203462772449863,1.900090638972054,0.5436241610738255
2222909.420131241,0.17323322475920389,-0.10924214662841047,1.4000695911292855,0.5033557046979866
2859252.0211487683,0.23381625433451703,-0.08521834253564578,1.8582278324856032,0.5302013422818792
3255077.9531034837,0.2662290668309426,-0.07000827819697364,2.2351689166729947,0.610738255033557
3884425.2439121604,0.3117931343512965,-0.06278775880950764,2.0112307769672584,0.5704697986577181
2110576.9289616616,0.161128372500432,-0.06532156635778001,1.3892680738822207,0.4966442953020134
2451458.014675119,0.19642338188343555,-0.07643774971554342,1.7208681395804228,0.5637583892617449
3349936.935035431,0.2735245642971098,-0.07652043582408047,1.8677515543001373,0.5369127516778524
2349009.8001485514,0.18625202208570135,-0.11324168153418492,1.4258528945028703,0.5033557046979866
2555507.341873464,0.20641138384527968,-0.08197238871411183,1.916492107796898,0.5838926174496645
3536141.785881803,0.28737755788010366,-0.04937358079975135,1.917229388626963,0.5302013422818792
1642499.2736385013,0.1043355101750516,-0.11245249926814518,1.0100946380655027,0.46308724832214765
3436922.2935143714,0.28007065773069595,-0.05690985746094882,2.3474044795871287,0.5704697986577181
2352777.966803001,0.18663236361101054,-0.0651544639042645,1.6851599069167518,0.5570469798657718
2854714.961598213,0.23342444177221022,-0.10947845963899432,1.671945525174111,0.5369127516778524
2772143.699730464,0.2262051838895105,-0.059318596083842434,1.7267886143928428,0.5302013422818792
1536673.7577709001,0.08972354604035648,-0.1293433701428983,0.9899324782142767,0.4966442953020134
1640906.0177266474,0.10412118165735618,-0.08921972802858164,0.9543257119704207,0.4697986577181208
4301993.870164978,0.3388562720682349,-0.07804723426316429,2.3772278884342746,0.6644295302013423
3501536.050520616,0.2848479040815708,-0.09856958103151721,2.017109862681345,0.5704697986577181
3506533.8789570797,0.2852144738520108,-0.0910914946463945,1.9099855482475463,0.5234899328859061
2385169.3797998326,0.18988186385084105,-0.12919888355671133,1.5701427293911736,0.5033557046979866
2366774.7657982744,0.18804088342425107,-0.07641475658575865,1.702351833547445,0.5167785234899329
2260081.979396999,0.17713111222691347,-0.09638515263149483,1.4190051404775463,0.4966442953020134
2732405.7843061523,0.222669388857605,-0.10562675906652202,1.7816825954897626,0.5302013422818792
2475380.999331898,0.19874942153605946,-0.09641376544060798,1.6163419769342153,0.48322147651006714
2615154.8484694287,0.21199124284780346,-0.057390299470845535,1.6380341810297878,0.4899328859060403
3906257.831578336,0.3132644287898325,-0.06548707373184731,2.2382484483352987,0.5973154362416108
2274763.8623377425,0.1786565230353463,-0.06353878922417397,1.46777714857693,0.5302013422818792
2937994.908920757,0.2405383876588325,-0.08888024301200297,1.903262010241055,0.5503355704697986
2432850.04331769,0.19460153406919,-0.08007751013282474,1.8077968241041973,0.5503355704697986
1895903.1544573486,0.13648374864426271,-0.07929754373007583,1.3609844392382877,0.4966442953020134
3359628.5049700527,0.274260589743325,-0.08632244271683344,1.880864573731195,0.5234899328859061
3154023.027784765,0.2582674787940389,-0.07081057085971902,1.9449456241103706,0.5369127516778524
2827370.1292939764,0.23105238278836837,-0.053603524042647184,1.7701397053229815,0.5436241610738255
1937965.513149498,0.1414823715633231,-0.05900543822674457,1.4864699888739277,0.5369127516778524
3481835.94523412,0.2833988945998924,-0.07551541445490147,2.320258725788029,0.6241610738255033
2471250.339337389,0.19834908440022447,-0.06381879231976292,1.6948819007309448,0.5234899328859061
3398639.8304881165,0.27720623081801277,-0.08634506404275492,1.8929485951140532,0.5167785234899329
3340369.5679511474,0.27279629863868515,-0.05528618372096524,1.985885712420199,0.5436241610738255
2578665.7683393615,0.2085900403037766,-0.07364572893734171,1.644209156243451,0.5234899328859061
2827609.632496481,0.23107323828198267,-0.06032440723309799,2.006445891159845,0.5570469798657718
2389441.912902666,0.1903078437390069,-0.1167334658884548,1.5705527310432348,0.5503355704697986
2692525.8640852743,0.21907935545545576,-0.05916816966944188,1.7917351996255806,0.5771812080536913
3148194.4844190828,0.2578020862696917,-0.07480979835906937,2.264137641841267,0.5973154362416108
1912659.8407570908,0.13848561570906015,-0.08697950588606017,1.2927990024468012,0.5436241610738255
2906669.6515057916,0.23788167881160582,-0.0781585244093053,1.96280422142095,0.5503355704697986
2533377.8942025052,0.20431472190233113,-0.09376927918721707,1.6683439489486063,0.5234899328859061
3906864.634603559,0.3133052270858563,-0.05229354457196504,2.1792312847189517,0.5436241610738255
3471488.8786592716,0.28263520398747866,-0.04953208817593145,2.2448663426735367,0.5973154362416108
4311505.487232512,0.33944778572538525,-0.04799601534999993,2.5929229512031995,0.5906040268456376
2960805.8505971143,0.24245877035023833,-0.08239868251963982,1.9327840795468785,0.5637583892617449
3420151.1616823496,0.27881894131725593,-0.05971869187839505,2.039149826032156,0.5704697986577181
2467041.559501103,0.19794062502350984,-0.050375556025345866,1.7878918883450028,0.5503355704697986
3081616.4303426445,0.2524365009819578,-0.07985187044924237,1.7688970204983119,0.5033557046979866
2792984.238280661,0.22804334794410175,-0.15826842141546837,1.5762757832764402,0.5100671140939598
2188258.7915558307,0.16955253980547047,-0.08125750966618699,1.5818083021233689,0.5369127516778524
3030534.2653406207,0.24825651018492234,-0.09293555752793672,2.0020161979555997,0.5906040268456376
3345986.550840808,0.27322406395027987,-0.06416647827127106,1.9797951435358145,0.5436241610738255
1493200.4517162223,0.08348679451301688,-0.10041295191663493,0.8327367826668067,0.46308724832214765
3482442.9014478847,0.2834436360889063,-0.05299161391659424,1.9231750161783818,0.5302013422818792
3545336.1661248547,0.28804632898797533,-0.04055143046704749,2.3137633035945466,0.6241610738255033
2348094.8143867482,0.1861595939601084,-0.09122419087517047,1.6233422160406128,0.5436241610738255
2597014.2899428206,0.2103051126409643,-0.059467806855075626,1.7234459756261338,0.5436241610738255
2147516.27077849,0.16516462994606074,-0.06049343837751003,1.6326350078725447,0.5704697986577181
2696487.528827232,0.21943788451220714,-0.08638761441117572,1.572144474223842,0.46308724832214765
3594244.830403845,0.2915806541760668,-0.05062642280828733,2.126280027044444,0.5503355704697986
4334879.126471315,0.340896936089782,-0.14464313754319397,2.2945986630818926,0.5771812080536913
3463431.1879353067,0.28203922416135896,-0.08308013495818165,1.9836978061767987,0.5704697986577181
4565900.176606661,0.35489388431728086,-0.0644988702851925,2.29212589660036,0.5771812080536913
3437819.1996804527,0.28013746072140244,-0.059969220622730225,2.0249335144360674,0.5704697986577181
5866482.223081078,0.4245429632416955,-0.06598009279624854,2.786801064972061,0.6241610738255033
3506484.14899943,0.28521082842743284,-0.06588053535993343,2.0482729396911354,0.5906040268456376
3226809.2667835797,0.26402207652705334,-0.08137056556520252,2.1151468063207477,0.5771812080536913
2345006.6191786425,0.18584742420090938,-0.08684029160716944,1.698418520039912,0.5436241610738255
2399363.458908054,0.19129469577346603,-0.04727037411843806,1.4874475835006988,0.4899328859060403
1940349.550879879,0.141763078203619,-0.06754110376839115,1.3203330703172458,0.5302013422818792
1922236.555300843,0.13962342185749943,-0.07681383439766669,1.3201477387792835,0.5302013422818792
3148910.7281608963,0.25785931341393264,-0.0621340205969789,1.8861131859143274,0.5436241610738255
2965140.767704513,0.24282237435444642,-0.05573319449036157,1.9965989481112378,0.5838926174496645
3314049.102215453,0.27078414519892324,-0.06237380333593996,2.2067584488160525,0.5838926174496645
2292647.926837336,0.18050402829267997,-0.07488263098098615,1.3941095288824854,0.46308724832214765
2181011.2465476017,0.16877679640293852,-0.12219429432662433,1.489243958580636,0.5637583892617449
2823649.762223422,0.2307282385098306,-0.059231327070960786,1.8913259228867318,0.5302013422818792
3167730.49994421,0.25935927556885785,-0.06801947013565321,2.0861813454188187,0.5704697986577181
2641965.408119171,0.21446618044673604,-0.07630422207320035,1.8320439309965346,0.5973154362416108
2062425.3379691215,0.1557812563795431,-0.07413405403953939,1.5344032481146193,0.5369127516778524
3274524.0613615816,0.26773837612618157,-0.06753755865030174,1.9536043739238513,0.5704697986577181
2442704.7586321537,0.1955677612867992,-0.0623179138888547,1.729039449622182,0.5167785234899329
3769887.1186822164,0.30396420347329745,-0.07075848829118563,2.3843495065686358,0.5906040268456376
2447126.5851594177,0.19600029570772004,-0.12117759201530404,1.9414300123819885,0.5570469798657718
2552099.6303304373,0.20608946760486302,-0.12191092537783559,1.5341292078044892,0.48322147651006714
2934923.3443573425,0.24027889175638273,-0.07364260080619597,1.9404934372860057,0.5100671140939598
2879484.928879421,0.23555750194830516,-0.06680495008531019,1.8290020674927043,0.5503355704697986
2905233.6127412873,0.23775933966116436,-0.09340434829047452,2.0696448090724893,0.5436241610738255
2916925.358320691,0.23875398103657952,-0.062198487763972035,1.73349442378775,0.5234899328859061
2524814.423548994,0.20349943993871533,-0.05634472644035817,1.7251899501996735,0.5369127516778524
2529259.346754817,0.2039228928018082,-0.06883087858516555,1.579014589379336,0.5100671140939598
3134710.4751801733,0.25672277895226325,-0.06178595981964731,2.0480696433561403,0.5570469798657718
2203747.707061418,0.17120353542094402,-0.06852901041429639,1.3815841442440506,0.47651006711409394
3287053.5715784086,0.2687070595087444,-0.07601824150033899,2.1592983451525307,0.5570469798657718
2058867.5264305535,0.155382222080227,-0.08499712706533182,1.410251104135496,0.5100671140939598
3455403.1301769726,0.28144433195925544,-0.057135356797998305,2.086393765802628,0.5973154362416108
1750123.7629691665,0.11844273368245473,-0.109406418022234,1.0845708320415157,0.4563758389261745
2651183.2767397407,0.21531245941408983,-0.08304654157767515,1.8335014099105136,0.5704697986577181
2175239.0016916967,0.16815748558753496,-0.11695303941750701,1.5314797340803286,0.5100671140939598
3375188.2450948753,0.2754387280065149,-0.10297101266603442,1.9846972466355681,0.5570469798657718
2880737.130964883,0.23566494467936483,-0.069601932234276,1.922651999130412,0.5503355704697986
3191737.29318171,0.2612623378947516,-0.07362467063248464,2.0006590159748034,0.5771812080536913
2079241.9018865055,0.15765993637383802,-0.04848484904109154,1.3309762720725986,0.5033557046979866
2698295.1460365322,0.21960133315094255,-0.09688922273469189,1.9732070140311564,0.5771812080536913
3191548.997549374,0.26124745598110377,-0.08270678582454076,1.9054672770977048,0.5369127516778524
3126877.7902751216,0.2560941169581892,-0.07223006151032191,2.0257902880350165,0.5369127516778524
3222828.5155277327,0.2637100505062018,-0.09969145978162589,1.9761199607036628,0.5704697986577181
3864106.662091551,0.3104179131454805,-0.0625446560442317,2.3344034788112396,0.5838926174496645
2762509.179593818,0.22535166706505305,-0.07557342501579531,1.6517860698467834,0.5100671140939598
2587546.6578406403,0.2094213693579079,-0.06302303125905188,1.6693325879577103,0.5436241610738255
2937175.664917821,0.24046919645590048,-0.04203071060813693,2.011394045302464,0.5704697986577181
4142931.321107139,0.3288058970363912,-0.05119493352434023,2.277568889145463,0.6174496644295302
3625745.039510044,0.29383665961539807,-0.059921228635781636,2.262989910555358,0.5973154362416108
3754743.7600777554,0.3029149305623551,-0.0639060968598792,2.2395667440423104,0.5704697986577181
2789670.102745902,0.22775177199138308,-0.06889939774639882,1.8210338810908528,0.5436241610738255
3803472.9298486183,0.30627936342090023,-0.07835308531093037,2.172215789494863,0.5906040268456376
5165426.388557593,0.38874092947940175,-0.06646065050277333,2.6308579028706087,0.5906040268456376
3474693.742957612,0.2828719412938534,-0.054917133895359224,2.117202429874599,0.5838926174496645
3302123.738063997,0.2698682611264187,-0.1302102202101447,2.0406003733602334,0.5436241610738255
2595246.129288509,0.2101402620329178,-0.049972578672527954,1.8762170076467841,0.5771812080536913
3526468.2211873806,0.2866724289264282,-0.05223408070439989,2.396036141546781,0.6040268456375839
6096422.353873153,0.4355390452298711,-0.048405473715461486,2.9256062401017955,0.6375838926174496
2937125.2608955284,0.24046493896003662,-0.08212784737853254,1.8711254915155726,0.5503355704697986
3616234.9658300546,0.2931572179173205,-0.08953300063610427,1.9737529904147133,0.5503355704697986
2936262.266766486,0.24039203503506124,-0.08175212615018854,1.8687992481800368,0.5704697986577181
2311304.616607275,0.18241910257044203,-0.08198558070188522,1.5263567187232308,0.5436241610738255
2001800.55395041,0.14890510989185834,-0.06873706999106365,1.2689405599368795,0.5234899328859061
1714110.9650009729,0.1138014696794114,-0.07174665179169606,1.0837042210737533,0.48322147651006714
3866163.6298115766,0.31055739757559,-0.07471661211915813,2.169567764193233,0.5503355704697986
2716002.24597561,0.22119783292038764,-0.06166514118336745,1.7573642025551863,0.5503355704697986
2901949.316691298,0.2374793616539148,-0.08648079618424585,1.7458644043370468,0.5503355704697986
3690689.2838894664,0.2984388363269235,-0.075801438922541,2.107023573842722,0.5973154362416108
1635927.2283541376,0.10345034851037971,-0.22560794803995743,1.0393883671025372,0.48322147651006714
2365379.520209704,0.1879007771634449,-0.08174974727886614,1.613629739343876,0.5436241610738255
5071988.617262242,0.3836799695476363,-0.05121148377950512,2.6848158645243467,0.6174496644295302
2711042.5454608276,0.22075150011620215,-0.1269263858295977,1.6507152144042838,0.5302013422818792
4277570.78009273,0.3373326289759935,-0.07541927517249035,2.190048816223151,0.5704697986577181
1731179.7865467335,0.11601089529963304,-0.14434430428321732,1.048232268003386,0.4966442953020134
3741305.712676438,0.30198097859662876,-0.06398718651683342,2.0938418799724636,0.5771812080536913
2806723.914516287,0.2292492132617181,-0.07207215503618,1.8198141847497493,0.5637583892617449
1578112.464701165,0.09553836289583262,-0.09784660544827335,0.9965870400991517,0.4563758389261745
2738351.616116142,0.22320104247140238,-0.06485988047947008,1.7467735786115715,0.5167785234899329
2041334.563051729,0.15340767718067272,-0.08402615962517249,1.3638967477699377,0.46308724832214765
3291430.8259294606,0.2690447782347074,-0.08255114608223971,1.9964381065072918,0.5570469798657718
2311023.606067177,0.18239034925176556,-0.07413186923781867,1.4569800080560296,0.5167785234899329
2979530.2073494666,0.24402629046727053,-0.09987673237529283,1.7866752729645086,0.5369127516778524
2413561.9510786077,0.19270129320721519,-0.06103587573171183,1.740443622505037,0.5369127516778524
2124224.3918005466,0.1626261267595468,-0.07794825320781645,1.3776410496635096,0.47651006711409394
5047373.399074521,0.38233430815587544,-0.05455679256398921,2.7533580091649137,0.6241610738255033
2477240.981930936,0.1989295136697098,-0.053569698274608904,1.747294106621585,0.5369127516778524
3427630.6764357863,0.27937778147564285,-0.12554122104311635,1.9598468549876402,0.5503355704697986
3143201.521847954,0.25740286400824086,-0.0522143149824119,1.8921589690305338,0.5302013422818792
3765834.1724368995,0.30368370855093674,-0.09193429120397881,2.242762185093315,0.5973154362416108
3187041.5401740936,0.26089100001064036,-0.05070169285426722,2.017155462613661,0.5369127516778524
2925882.8968757265,0.2395138620897055,-0.08246640719167747,1.8494162448371185,0.5637583892617449
3358061.6539660646,0.27414171058463,-0.05076940059452971,1.998659948287162,0.5704697986577181
2410653.6041419744,0.19241371307529964,-0.07910787118904686,1.575133836202342,0.4899328859060403
2915269.1672359384,0.23861327949932942,-0.056659404934242465,1.7439420115413284,0.5436241610738255
3396345.459123777,0.2770337396348861,-0.07962590481398615,1.9716075603585024,0.5503355704697986
2267867.7479017987,0.17794101802847284,-0.06983338725421635,1.5748005293929699,0.5436241610738255
3005321.303843219,0.2461725539204931,-0.08510314688009094,1.9924640563513594,0.5637583892617449
3244921.696821994,0.26543791974763065,-0.09697496852560111,2.1024257144999883,0.5704697986577181
1607914.4994545218,0.09964521886068467,-0.07444911281628047,1.0145317419048978,0.5167785234899329
3874833.585264649,0.31114466168530597,-0.05348938602693798,2.3255233708192518,0.6040268456375839
2939457.9458969804,0.24066191354488287,-0.07187486155289673,1.8889856249216685,0.5771812080536913
2349463.0425263946,0.18629779611315067,-0.07084676194670414,1.6643417911806335,0.5302013422818792
3674309.1336118216,0.2972842291218327,-0.0956034752064128,2.0647527550766265,0.5570469798657718
2592939.5658327853,0.20992507950251804,-0.05852793775969955,1.6553216828479547,0.5369127516778524
2249827.5932345563,0.17606099850732249,-0.10361023390844952,1.5289234808488914,0.47651006711409394
3088371.5855083717,0.2529851087970134,-0.08377918321979472,1.9588123362141308,0.5704697986577181
3370098.4293308584,0.2750538210285336,-0.07984780856503955,1.9952089211952,0.5570469798657718
2783857.0115452334,0.22723966919473026,-0.07050263386993201,1.8989836984550996,0.5771812080536913
3247997.4711415954,0.26567772378196275,-0.07074975037045032,1.9130762460322068,0.5369127516778524
3661257.825484088,0.2963613147337605,-0.06142796873301791,2.6093401011626063,0.6577181208053692
2478809.2849476114,0.1990812799948969,-0.0682927096454841,1.5825510943064924,0.5234899328859061
2890849.781769434,0.23653127423554343,-0.10294028803718358,1.809740300283801,0.5436241610738255
4006644.2480316325,0.31994597669958513,-0.05085920609461011,2.332715903658915,0.5838926174496645
3369225.626990551,0.27498777041983047,-0.09041189047346966,2.015117133963094,0.5302013422818792
2940348.8840793855,0.2407371123811084,-0.1027277750126832,1.949870741920729,0.5302013422818792
2282652.758771143,0.17947290908255065,-0.11435523244213537,1.365786768116329,0.47651006711409394
2168262.009431838,0.16740715861131283,-0.10130475604046303,1.4085379227432175,0.4966442953020134
3522832.2302623116,0.2864069928228634,-0.07744610836928598,2.207146637613388,0.5704697986577181
2655269.0041950974,0.21568681130958378,-0.06943061366350421,1.66084399478943,0.5503355704697986
3021775.479277171,0.24753413767206367,-0.07803576120572743,1.8630445001197522,0.5369127516778524
2260798.6384064923,0.17720575506239333,-0.06537842756055962,1.4957072981670219,0.5167785234899329
3284688.5956561584,0.26852444456396185,-0.0665451283730119,2.068017913891209,0.5838926174496645
4736320.245204758,0.36486033255263783,-0.04898251824554183,2.5131212039775392,0.6040268456375839
1639298.8482952944,0.10390481272313701,-0.08611991365014585,1.0630536874317147,0.4966442953020134
4740407.198978454,0.36509579791215496,-0.05259225748219332,2.6939631082407987,0.6174496644295302
2732607.8087248025,0.22268746829288033,-0.05795829178624778,1.9657155005923075,0.5906040268456376
1801866.513124041,0.12497927793670782,-0.09939156403178707,1.2387919655811397,0.48322147651006714
3098698.4597710115,0.2538219347591759,-0.057612679171245684,1.9239642960261454,0.5704697986577181
1881590.890159985,0.13476266964506278,-0.1074550866992901,1.2754185354236223,0.5302013422818792
3346243.986229944,0.2732436553527253,-0.06952802295836971,2.071257165897797,0.5771812080536913
4352879.806620242,0.3420087117076971,-0.06228445949063787,2.3253825572115185,0.5906040268456376
1890132.3948800983,0.13579105777123934,-0.09106636597797925,1.096949763375905,0.4429530201342282
3587318.52075818,0.2910824804768055,-0.09412583784640947,2.0340248948763437,0.5503355704697986
3872824.631930711,0.3110086777877439,-0.0598548435184916,2.108142051965942,0.5369127516778524
2232830.187486014,0.17427858007500774,-0.08240267871562669,1.407286038881743,0.5234899328859061
2656397.3972137365,0.215790118310613,-0.046936674216641626,1.9361963577856067,0.5906040268456376
3547476.748023953,0.2882018292218749,-0.08068619230892779,2.0055106287836613,0.5570469798657718
3533885.6049325382,0.2872132376427634,-0.04997311509395167,2.1654125421001225,0.5906040268456376
2610775.694798997,0.21158506770280905,-0.07219859132921672,1.760830216268975,0.5503355704697986
2645156.0079902858,0.2147593716571008,-0.05971064040209161,1.8722160339863168,0.5906040268456376
2126381.967806051,0.1628622068770138,-0.13034114881260805,1.3057232942423533,0.44966442953020136
3202554.5455467943,0.2621161008155011,-0.11780415365534726,1.911719284637179,0.5637583892617449
3291158.210102043,0.269023755574779,-0.0687341127577222,2.2200550186986936,0.5973154362416108
1557190.8988982008,0.09261805149847468,-0.11410609292775739,0.9175284508577257,0.44966442953020136
3295436.6507474105,0.2693535253033743,-0.06590827568447002,2.000279176463199,0.5503355704697986
2874711.4026396917,0.23514757578531076,-0.06924898745949905,1.784102230057528,0.5503355704697986
2533465.0428352924,0.20432300751479748,-0.09154480751111975,1.6639148048439643,0.5167785234899329
2685521.8605895415,0.21844446207113388,-0.08061169385028763,1.6857900320008872,0.5637583892617449
3343979.11111036,0.27307125196922644,-0.07262012970766825,2.0246656764559687,0.5704697986577181
2337478.683078138,0.18508508360495468,-0.08031666619161616,1.5267809513679478,0.5033557046979866
1969092.4173748419,0.14512585380273313,-0.059974057054564864,1.2940578953218607,0.4966442953020134
2013701.709797145,0.15026797273156056,-0.11105960137831032,1.3516778797959137,0.5167785234899329
4410386.689006799,0.34553603681334155,-0.04192618532245069,2.434621615169919,0.6174496644295302
3817129.05157314,0.307216041340477,-0.041315815854312016,2.5728290718060114,0.6174496644295302
1951901.465096336,0.14311935456659142,-0.08614841282694116,1.3193241749338338,0.5033557046979866
4104982.288458279,0.3263625698581385,-0.06127054004579105,2.308227577072318,0.6040268456375839
3495478.1783706145,0.2844030229690995,-0.04752366903982045,2.1635251986803885,0.5838926174496645
2901625.0300336354,0.23745170328078657,-0.07903939460399617,1.7580203486141994,0.5167785234899329
1832109.3235275685,0.12873054280699026,-0.09227852760569473,1.1434276055325285,0.4966442953020134
3228328.78174297,0.26414110052953177,-0.058979973951379314,1.941974794119551,0.5503355704697986
3310350.9648237512,0.27050040568250755,-0.07883594610644773,2.0988516292029797,0.5771812080536913
2456494.6461631516,0.19691459955948787,-0.08273615528326765,1.5736073043470544,0.5302013422818792
2278366.199305716,0.1790295930527246,-0.10057731095499128,1.5911039215128395,0.5302013422818792
2064576.8501636705,0.1560222969093099,-0.08134253601483458,1.4655901527962607,0.5570469798657718
2292878.432151722,0.18052776516969948,-0.11240482259434405,1.382589001707019,0.4697986577181208
2357669.682101874,0.18712538474047258,-0.10843294138154233,1.7562631671538234,0.5771812080536913
4046589.9370702677,0.32256747880488024,-0.0899032552144703,2.32960423102972,0.6174496644295302
1944717.2749052765,0.14227663740983099,-0.07195629928231097,1.3042876501415048,0.5100671140939598
3810533.2835587244,0.3067639707290155,-0.065361718142446,2.0793861942933396,0.5906040268456376
2485514.5360407145,0.1997292891563085,-0.09754987539559394,1.7081710729189226,0.5033557046979866
2773360.1222148016,0.226312777288882,-0.0860263243329767,1.712035153255429,0.5167785234899329
3267503.6948985416,0.26719431964386486,-0.06463509965936169,1.9260269289106917,0.5704697986577181
2051174.9754861887,0.15451755746223372,-0.07376806796388792,1.304817643503169,0.4966442953020134
2137224.223963747,0.16404566436668122,-0.09967672417243087,1.4225623971397878,0.5302013422818792
2836081.03586943,0.2318100049443046,-0.08262163350352471,1.8351373694481778,0.5838926174496645
2386374.97038755,0.1900021253672517,-0.0924818943957539,1.3679136487751264,0.4563758389261745
2294919.421073862,0.18073785800458575,-0.07951701118207136,1.5473894889843172,0.5234899328859061
2404307.540426086,0.19178524333504932,-0.14355257641899336,1.5400696415853592,0.5167785234899329
3309371.96961497,0.27042524984638927,-0.04728577577480926,2.0319644524304366,0.5771812080536913
4215171.935210006,0.33340800732689835,-0.06756950528119428,2.2010311815094052,0.5771812080536913
2142238.5837172125,0.1645913697263941,-0.08825560186939992,1.5247255088089833,0.5302013422818792
2590292.4926296375,0.20967794154760533,-0.08441563659174962,1.5707401474893856,0.4966442953020134
2679948.8421857385,0.21793833645365646,-0.07259230259860085,1.8342930271891071,0.5503355704697986
3810382.742939103,0.30675364544633266,-0.10279852697268542,2.233747966288912,0.5838926174496645
3849696.3765821536,0.30943907225143885,-0.048556065993856395,2.3183394175470275,0.5771812080536913
3191074.7545372946,0.26120997115177125,-0.0779941709384848,1.933472081825742,0.5167785234899329
3131543.4633903443,0.2564687417585967,-0.050441451436180014,1.9451542446468724,0.5704697986577181
2840958.7407453945,0.23223342559900884,-0.0950184970379929,1.8552498202127676,0.5704697986577181
3619894.5172740044,0.2934188414537646,-0.07188312924777067,2.298554149371816,0.6040268456375839
3953965.140055141,0.31645666378815673,-0.058997661514525616,2.3460188816447127,0.5973154362416108
3770199.122865086,0.3039857865502009,-0.047190586711320426,2.42144249245201,0.6040268456375839
3036213.0478188004,0.24872397033267268,-0.08037825364075642,1.968723762558612,0.5704697986577181
2388625.6586612994,0.19022650871178315,-0.09007142646402772,1.465129291303852,0.5234899328859061
2242256.005334657,0.175268345716858,-0.08938140691435387,1.4679849655143673,0.4966442953020134
2194101.4080389594,0.17017641123950167,-0.08236205320460159,1.4779347512597225,0.5234899328859061
4167946.307801821,0.3304066993471424,-0.05724521471258391,2.128163458365917,0.5234899328859061
2209946.166067998,0.17186164189750808,-0.06203553281084819,1.4493415717244573,0.47651006711409394
2098086.2808093065,0.15975076802068378,-0.12033822055242063,1.4481571833055447,0.5167785234899329
2920356.4846944013,0.23904526878054666,-0.042767064168118596,1.9131033493030527,0.5302013422818792
2307532.813828392,0.18203293402480325,-0.1464683106492736,1.5262657248641187,0.5302013422818792
3322992.7728565075,0.27146930256760804,-0.06404392652038873,1.9834696174699595,0.5704697986577181
1943230.8829503288,0.14210197036152716,-0.07399726286106875,1.2123988143348334,0.4563758389261745
4801948.405554289,0.36862194039242646,-0.0787215358899759,2.570112486271783,0.6174496644295302
3109907.0318712583,0.2547276869015582,-0.07542696794033837,1.8532783404323354,0.5771812080536913
3675511.9746365435,0.29736915514972706,-0.1448138680158074,1.9717226940783983,0.5637583892617449
2787805.4932481637,0.22758760276452472,-0.0920378553681312,1.7203586674719902,0.5100671140939598
2972496.340357741,0.2434383729481533,-0.08281645559506211,1.9600263804345617,0.5637583892617449
2121237.9886597907,0.16229904036478904,-0.11104614354127132,1.300270006879648,0.48322147651006714
2534020.7584551675,0.2043758365360855,-0.06564756621513088,1.74169876704693,0.5637583892617449
2398712.0743771717,0.1912300056812255,-0.12604989152034476,1.621695372833447,0.5234899328859061
2082581.5784802453,0.1580315841575326,-0.07503479389852093,1.3115602991592077,0.5100671140939598
5120582.905093086,0.38632125031505216,-0.06515774615416006,2.572923126252042,0.6174496644295302
3194935.0561898905,0.26151496537097474,-0.04913612138491823,2.109806641507737,0.6174496644295302
3458736.3118355614,0.28169146026547853,-0.046686560658281015,1.9561163916647326,0.5503355704697986
1877330.8554207124,0.13424836950913788,-0.1545914593979452,1.2932833011967382,0.5302013422818792
3416365.6121596345,0.27853572710117036,-0.0593104181867901,2.021434752586865,0.5503355704697986
4718222.09368281,0.3638156696196764,-0.048189155996897146,2.3212185738809854,0.5838926174496645
2950850.68832545,0.2416221368007465,-0.052293070796632986,1.8308083997331883,0.5503355704697986
3183069.7291080086,0.26057656926941886,-0.07109921405237071,2.0879263867252966,0.5570469798657718
2103107.5780112,0.16030535783728728,-0.08945309600620936,1.4492738055133259,0.5167785234899329
2382790.82789948,0.18964445300649357,-0.07871273030038203,1.5982941414903975,0.5503355704697986
2475169.9068902307,0.19872897574816206,-0.10136009771278184,1.8335751169772683,0.5637583892617449
3305166.400682487,0.27010219284470316,-0.09216746598741273,2.0176767412941294,0.5302013422818792
2657356.1855020616,0.2158778700204469,-0.07457102053506888,1.670510754996074,0.5167785234899329
1821255.7717615801,0.12739002578221625,-0.07862917864381874,1.2432387681077757,0.5302013422818792
2276060.5676666987,0.1787908685686388,-0.1018051064063474,1.324121017017571,0.4563758389261745
2169172.219323833,0.16750515480917905,-0.11263881123130906,1.5400627635472561,0.5436241610738255
3566404.2719482197,0.28957354222645426,-0.0967784866199905,2.0974222720160647,0.5570469798657718
2278391.0934125423,0.17903216952707468,-0.10916355839112914,1.5742779675400325,0.5033557046979866
3056395.8165614307,0.2503797145296254,-0.04625968891487859,1.9929677044866723,0.5838926174496645
3333205.338822151,0.2722498658543031,-0.0723230918055323,2.0479854073482873,0.5503355704697986
2514087.4771256326,0.20247505813991173,-0.06994643717565448,1.5334047354650675,0.48322147651006714
2471733.025471152,0.19839589319908146,-0.044832272157506674,1.7324796397957831,0.5771812080536913
2306549.274649602,0.18193215331609824,-0.07062951144329066,1.6086289888636847,0.5637583892617449
2869872.5700590434,0.23473148528889576,-0.0675782422532723,1.8279077028006665,0.5302013422818792
3870737.5182916676,0.3108673435225824,-0.055477907464141704,2.3880423163905675,0.5704697986577181
4111131.5583591587,0.32675971060402476,-0.05947827326865577,2.2920281220211756,0.5704697986577181
2218587.0035443306,0.17277660231057146,-0.0729409093016896,1.3803173454796565,0.47651006711409394
2985064.253225993,0.24448806725711658,-0.04631527039800377,2.1029253661481415,0.5906040268456376
5343159.414964653,0.3981688633497811,-0.05034471638588881,2.358962392267601,0.5906040268456376
2665474.688662354,0.21661989079572264,-0.11374695039786724,1.7998139998894083,0.5369127516778524
3113658.1667178283,0.25503022864949565,-0.1031081277182763,1.9848275656382828,0.5704697986577181
1947010.914094599,0.14254595525358438,-0.07929461398800142,1.3966012932855447,0.5234899328859061
3591791.743271029,0.2914043041857226,-0.08002643920348752,2.1043862134410873,0.5637583892617449
2478207.493787362,0.19902305311932844,-0.07855260936068036,1.5796824411910073,0.5302013422818792
3280798.109086559,0.2682238061938671,-0.0687190665911648,2.147085973349281,0.5973154362416108
3817173.511419383,0.307219086474799,-0.07577245644776685,2.018700657462756,0.5637583892617449
3415487.058858015,0.2784699626325544,-0.08663074030188665,2.1938921414195014,0.610738255033557
5338253.617749053,0.39791202454543306,-0.05988983878379097,2.5296866680649615,0.6040268456375839
2919823.5295835705,0.23900004117067497,-0.097267748337611,1.7269977331535193,0.5704697986577181
2957153.1979888934,0.24215206253860955,-0.0723753546793286,2.045578095715482,0.6174496644295302
3112139.8923690305,0.2549078098181352,-0.12571766577161977,2.080970155577227,0.5838926174496645
3975861.610042009,0.3179115128352674,-0.06979574286453473,2.3836045757332833,0.6174496644295302
3036822.7485893257,0.24877411746054978,-0.10292686315805649,1.879462099173084,0.5503355704697986
4291327.569179207,0.33819170450258484,-0.07316648119223648,2.0917685632251755,0.5637583892617449
3144783.539990054,0.25752941229131476,-0.0939831150353661,2.0050891069475725,0.5570469798657718
3476489.5524096168,0.2830045180106775,-0.055632567146873486,2.082540291625342,0.5637583892617449
4078246.1316311266,0.32463030479809696,-0.051675587986301924,2.193856711222357,0.5704697986577181
2825801.7262146147,0.23091577422126508,-0.0835190151457466,1.828250378669473,0.5436241610738255
2518466.517095117,0.20289366103326434,-0.08949222099453588,1.5818087187770307,0.5369127516778524
3937322.908834393,0.31534660062687814,-0.04255368326511017,2.435510712014452,0.6174496644295302
3956466.3507551327,0.31662317525306727,-0.07608975838954508,2.0896877727937335,0.5369127516778524
2788703.982580792,0.22766672106771213,-0.11083918501179355,1.6252456023540987,0.4899328859060403
3532698.612422935,0.28712675392670595,-0.07457579196625617,2.039578665866327,0.5570469798657718
2569051.6410404705,0.20768748781974855,-0.07502250472814889,1.7235475482971943,0.5637583892617449
3191273.452603564,0.26122567706656863,-0.094190642644257,1.8880321475411528,0.5503355704697986
2815714.372815326,0.23003570892424552,-0.05660715015414842,2.01365363493758,0.6040268456375839
2133938.7201270033,0.1636875521634229,-0.06083573212064088,1.4893752390562647,0.5369127516778524
2411940.5368581857,0.19254100043258915,-0.11658575304597472,1.5217637838247486,0.5033557046979866
1654732.5155455368,0.10597563691085088,-0.09146912274229638,0.9243222675638153,0.44966442953020136
3241926.8342602616,0.26520424923814767,-0.07218430731186848,1.9447470464279966,0.5771812080536913
1963596.4643673839,0.14448590455314947,-0.09068292875701699,1.3012135035913777,0.5234899328859061
3839165.1053811745,0.30872186387193135,-0.038545778500000016,2.485807821638092,0.6375838926174496
2635371.8459319402,0.2138593849037067,-0.05148406852981385,1.9662802996120672,0.5973154362416108
3541742.2169027687,0.28778508147368687,-0.05453084538826448,2.0948642398373836,0.5771812080536913
4336810.517249502,0.34101640122247523,-0.058453516078616055,2.486209195181014,0.6241610738255033
2184899.6364505156,0.16919324747869857,-0.11380978667970623,1.503669588746317,0.5033557046979866
2155180.186144292,0.1659950779696513,-0.07783959575414642,1.5918703192210388,0.5167785234899329
2986735.699209164,0.24462740287423812,-0.04846726674432102,1.8962852978953935,0.5637583892617449
3265370.462963099,0.2670288155861582,-0.11593188895941721,2.027485713045275,0.5838926174496645
3719640.672874569,0.30046957926098394,-0.06378079392543401,2.1076731880485013,0.5503355704697986
2526705.9270217326,0.2036797099410037,-0.08717062711449279,1.5657873793507604,0.5033557046979866
2604074.4890947007,0.21096246121075457,-0.09079695442994408,1.7785832491561024,0.5503355704697986
2999836.9033406596,0.24571739435064321,-0.07915693857986164,2.0276986206905527,0.5570469798657718
4970522.146957421,0.3780989526017655,-0.060274919893083846,2.672781194087859,0.6040268456375839
1830225.1744477907,0.12849828898152316,-0.09935919240337399,1.2191635406410721,0.5033557046979866
2151424.8451196495,0.16558845171308367,-0.07384911761898767,1.4855507893871314,0.5234899328859061
3369478.4697290836,0.27500690607642797,-0.07905192244234537,2.1890858908218336,0.5637583892617449
2200962.7659347923,0.17090736876687784,-0.12965167081192702,1.5111320498510448,0.5637583892617449
2474132.793705173,0.19862850377315255,-0.09218755845251232,1.6694643274656311,0.5436241610738255
3965640.4749509282,0.31723319822764307,-0.05461842584131767,2.1850803833456096,0.5704697986577181
2590510.267047247,0.20969828118501765,-0.10652636763175,1.6050697952090553,0.5234899328859061
3965553.14990069,0.3172273969721269,-0.05148448596858261,2.2181878971140456,0.5906040268456376
3774191.7054229267,0.30426184979214277,-0.04830861671538445,2.112882361498,0.5570469798657718
2340954.6104509234,0.1854373282423214,-0.0906306672793463,1.6194642767162803,0.5704697986577181
2030946.6855649792,0.15223139565069,-0.05997869873637541,1.4250249351717559,0.5369127516778524
2359971.275355082,0.18735707228382248,-0.09931316744527956,1.5008053528566785,0.5369127516778524
2075844.6055287332,0.15728138620926102,-0.08972733724820024,1.4042040338995305,0.48322147651006714
2319407.900225769,0.18324703919608543,-0.08429025008742387,1.4643363547852406,0.5033557046979866
3898880.7778996206,0.3127680279210643,-0.06476342313046943,2.4369171907191087,0.610738255033557
3959482.4708854095,0.3168238534823822,-0.051777093292525056,2.3966099885636867,0.6308724832214765
2872986.5668830522,0.23499932172469906,-0.10806082797488425,1.7072619703218386,0.5033557046979866
5874040.439530348,0.42490984271622234,-0.0548377766547876,2.5414196749820133,0.5906040268456376
3029435.6542778495,0.24816599496960823,-0.08093718843664703,1.9346977901260365,0.5436241610738255
3318261.241776261,0.27110701313283725,-0.10049020182816917,1.9218672258030767,0.5637583892617449
2380295.4248065706,0.18939517499419956,-0.0940650952421428,1.5673110451487782,0.5234899328859061
2127503.085617514,0.16298480297609474,-0.08233619641078609,1.4367151965969553,0.5033557046979866
2532903.0057210987,0.20426956811154717,-0.10870825168912786,1.6450670021716887,0.5436241610738255
2839233.47802272,0.2320837266282223,-0.08086219855408439,1.7284565991230352,0.5167785234899329
3339110.097649103,0.27270030381358734,-0.0625646746474757,2.0073781387197025,0.5771812080536913
3386958.18088177,0.2763270302212977,-0.08695163601184377,2.0691227516900295,0.5570469798657718
3573486.1331068287,0.2900852809321528,-0.07534756342349652,2.1768434244044643,0.5906040268456376
3334428.504386612,0.27234322607030537,-0.045345311135544554,2.0683741082068394,0.5369127516778524
2198412.01954839,0.17063584456974756,-0.07919251669518336,1.5773117127822889,0.5033557046979866
2053583.6986431552,0.15478858337301138,-0.10435753409044891,1.3941914427853948,0.5033557046979866
3785770.3928717617,0.30506112781752526,-0.06524327118768185,2.1769001499272123,0.5906040268456376
2452312.45798145,0.19650677172329578,-0.07339674194534716,1.5139387217364897,0.4697986577181208
2917037.513041786,0.23876350681824854,-0.05895696150024668,1.897810947994787,0.5771812080536913
2328507.4993208232,0.18417401858731086,-0.08157596760423566,1.5508805047110312,0.5234899328859061
3385898.040604748,0.2762471204579735,-0.08519370961810101,2.0014693856739005,0.5436241610738255
3065650.480565364,0.25113602062190976,-0.05199078204969141,1.8242834021672707,0.5167785234899329
3471002.955151426,0.2825992944674467,-0.09343883305823611,2.0676080556465437,0.5906040268456376
2486340.18274297,0.19980898460165863,-0.10917450398996618,1.7599817016279973,0.5570469798657718
4103620.2228953186,0.3262745386571302,-0.03786326275812409,2.404652512284813,0.5637583892617449
3182479.953101258,0.260529852547176,-0.047697079694945764,1.9204715564000567,0.5033557046979866
3806287.357472753,0.3064726257949486,-0.05587119563329441,2.053865886063876,0.5637583892617449
3256570.482179476,0.26634516464484337,-0.0590649212404175,1.8984203276027962,0.5436241610738255
2972462.6598951262,0.2434355551300873,-0.05554874280763125,1.9751352172754923,0.5838926174496645
3237417.3122495767,0.264852073271409,-0.0881074931952813,1.9460884064441843,0.5771812080536913
2662963.5388207724,0.21639056828123482,-0.08192643439654686,1.8620297906051249,0.5838926174496645
2686726.9868720234,0.21855379768770278,-0.05400052449278125,1.916139716253455,0.5503355704697986
2708106.6248158617,0.2204869831999694,-0.09586046657937079,1.8070749298039714,0.5704697986577181
3156991.916609853,0.2585042716433714,-0.0752714780338234,2.0598665059643997,0.6174496644295302
4043718.782201895,0.3223797467003917,-0.0589816315665747,2.2698445084638057,0.5838926174496645
2442931.827355983,0.19558998795591043,-0.08883440640085989,1.6045536354995371,0.5302013422818792
2526241.442078808,0.20363545214186174,-0.07411152800631186,1.8127262444259051,0.5503355704697986
1888486.775109913,0.13559321644740918,-0.06656853636903193,1.4129029538547049,0.5436241610738255
2250938.4319017655,0.17617711016840154,-0.07295551413744308,1.6471952658337294,0.5637583892617449
1799907.6883973873,0.12473457655918607,-0.10051849017259,1.173807952168172,0.48322147651006714
4766421.601920367,0.3665907941402511,-0.043643514235568115,2.5731476209756865,0.6174496644295302
3019198.1084766155,0.24732125252315695,-0.07842788148281493,1.9114739595091006,0.5302013422818792
2171869.9658958395,0.1677954099876855,-0.13951206156476667,1.4396518667854454,0.4966442953020134
3255214.7585333167,0.26623971014591974,-0.06067611302732995,1.856816239549604,0.5234899328859061
2800017.2966374564,0.2286611970566126,-0.06974119292532693,1.7097255146850983,0.5033557046979866
2355307.9913138845,0.1868874593733887,-0.08003476511045948,1.489652891868283,0.5167785234899329
2481898.1919847704,0.1993799722598244,-0.05920711073928751,1.6256154998761987,0.5369127516778524
2809274.232199276,0.22947252252109807,-0.0719964062218155,1.7965454292432832,0.5503355704697986
3889029.4251231835,0.31210395880622777,-0.09263487839836612,2.14158379198988,0.5906040268456376
5212449.158952543,0.39126021608673356,-0.06334850897820683,2.4542766749375526,0.5973154362416108
3617647.0953216194,0.29325819699047906,-0.05709148643879909,2.256397396274345,0.6442953020134228
2409302.9747269168,0.19228006715572699,-0.08735081312112462,1.8546621681525264,0.5838926174496645
3280258.2610639287,0.2681820667659207,-0.07178233287964308,2.0712466423436817,0.5704697986577181
3516565.6733215423,0.28594900423815295,-0.08315462566857935,2.056896409775218,0.5637583892617449
3470024.737691552,0.2825269924554785,-0.06394563693132375,1.97100056701817,0.5369127516778524
2627364.773519917,0.2131208709915804,-0.11808648766460973,1.6405558410899104,0.5369127516778524
2659435.9803321925,0.21606813320225138,-0.10036288357332915,1.8705742566163936,0.5838926174496645
2775344.6018030844,0.22648822485598874,-0.12641034064615136,1.663003994972954,0.5369127516778524
5363889.736055369,0.39925210306608716,-0.052843716798219545,2.5746684115446095,0.5906040268456376
1912631.3836561788,0.13848222794588594,-0.08621122463999112,1.2220821467501393,0.5167785234899329
3403250.229854479,0.27755255985117433,-0.114421616856092,1.8362052347316156,0.5100671140939598
3854899.738155238,0.3097928562150316,-0.07816152502369518,2.1641257536666707,0.5704697986577181
4042080.6829161863,0.32227259086055926,-0.07926729572143892,1.9914581601970007,0.5503355704697986
2281565.5307450527,0.1793605310274773,-0.08927248495631056,1.4314885158230695,0.5234899328859061
2902822.550521185,0.2375538273788682,-0.10070538683375434,1.831976964520847,0.5503355704697986
2142577.911599376,0.1646282613490322,-0.16802114048067074,1.3596593846635947,0.4899328859060403
3200047.6027688794,0.26191844335262693,-0.058991899357390284,2.142917202818417,0.610738255033557
3260630.520912914,0.2666607634257403,-0.06000674950298593,1.9017003846970064,0.5637583892617449
2846306.7543343552,0.23269700463108545,-0.065970671971125,1.8852564584610128,0.5637583892617449
2306157.2425636873,0.1818919732221882,-0.10733927376541824,1.3724138966659272,0.48322147651006714
3339669.41745053,0.27274293785498505,-0.07684083792684757,2.072810187563869,0.6040268456375839
4612073.470022947,0.357623176541614,-0.0728727522881837,2.4004330866392523,0.610738255033557
3133303.8806435657,0.2566099763969838,-0.06935269088356824,1.9052235652611047,0.5503355704697986
2628528.383104212,0.21322830556518535,-0.1494658758836394,1.875619247039886,0.5503355704697986
1954064.0686147336,0.1433725455315562,-0.11166318444252853,1.1789812844703798,0.4563758389261745
3996082.8977037035,0.31924937710940604,-0.05837229566277399,2.2432507218667475,0.5570469798657718
2761276.640580776,0.22524230537643541,-0.07032647261683389,1.7965046639882005,0.5436241610738255
4280080.055238195,0.337489491296711,-0.03935276916240022,2.3719002256157964,0.5838926174496645
3387310.9238492865,0.2763536143481622,-0.044801877737876535,2.110606261586709,0.5771812080536913
2979611.5356713682,0.24403308170340043,-0.052008501526985,1.7218235838449645,0.5234899328859061
3606171.1132832514,0.2924366532925091,-0.053087247576173204,2.188892987219853,0.5704697986577181
1535681.6954542063,0.08958280661003704,-0.11234264495680837,0.817735486362365,0.4563758389261745
2337346.896482569,0.18507172033007224,-0.14309821054455396,1.334238443279835,0.4899328859060403
1900957.5303798735,0.1370890644119327,-0.06048385023680624,1.3875983479908363,0.5771812080536913
3010392.346575463,0.24659281736148198,-0.0776424246985576,1.837765390629946,0.5436241610738255
2804283.3137276624,0.22903535890777826,-0.08808985025967618,1.936459526723634,0.5838926174496645
2986260.563117237,0.2445878007739093,-0.06092157635275483,1.8411807276284857,0.5570469798657718
2615082.089199911,0.2119844987286974,-0.07519375182259434,1.8111477759222763,0.5234899328859061
3172196.814082009,0.25971419999330503,-0.0667187778968577,1.8177816590337987,0.5167785234899329
4334842.874013668,0.34089469330650823,-0.0770890607832939,2.366853860398438,0.5973154362416108
2887893.8906285125,0.23627830033875807,-0.07257317262303986,1.6999058681056582,0.5503355704697986
3025688.178921802,0.2478570405627969,-0.04864440056007964,2.132841262352303,0.610738255033557
2785936.582278089,0.22742296664438433,-0.05152624625308725,2.1773360620294553,0.5503355704697986
3908934.7923953366,0.3134443756484573,-0.06704274487289492,2.1073537749490776,0.5771812080536913
2004629.405498112,0.14922964236359482,-0.11038123679628672,1.3529045224915672,0.5369127516778524
4592333.733565681,0.3564590527562239,-0.09400889359621607,2.3981278727655706,0.610738255033557
3842262.8269767794,0.3089329904089593,-0.06405654127165504,2.084137241791854,0.5637583892617449
2549574.5285155457,0.20585070696276686,-0.06645181927634236,1.7835218326274533,0.5637583892617449
1899522.478093323,0.1369173325137958,-0.1087373170582744,1.1934452127225594,0.4966442953020134
2705371.9273897302,0.22024038939362423,-0.08840430273656598,1.7976762529403514,0.5570469798657718
2576477.377730374,0.20838483609210678,-0.05727855624119398,1.851332784947279,0.5771812080536913
4374221.639413055,0.34332209143687,-0.06767257529930375,2.291893861258303,0.5637583892617449
2458247.736717714,0.1970853877151726,-0.06134488902144254,1.8041589987306381,0.5771812080536913
2631123.127249928,0.21346773800022256,-0.1158295946644737,1.8094755767318724,0.5637583892617449
3113575.817525282,0.25502359003897457,-0.08476120946972457,1.8019008126117506,0.5570469798657718
3059374.2736370605,0.2506233185446731,-0.08678477426259508,1.8092085414833052,0.5570469798657718
1858586.8272810527,0.13197431063129916,-0.09444164776002184,1.2889518158749385,0.48322147651006714
2543029.907143007,0.20523099948672963,-0.057567257677371725,1.7768078815060684,0.5369127516778524
2678484.044833519,0.21780516801442884,-0.11327463200831592,1.5706551976876313,0.5100671140939598
2258541.7591158682,0.17697062816853482,-0.07628371889986295,1.5081435532532839,0.5167785234899329
3538884.3106532013,0.28757718618999384,-0.06347701317161264,1.959525168873447,0.5436241610738255
2916020.0296571986,0.23867707685810213,-0.05388144741170441,1.9579723340994482,0.5503355704697986
3728081.1280005435,0.3010592386725037,-0.08802319941330193,2.045429027070445,0.5570469798657718
2416685.637686638,0.19300985772003343,-0.08096410303485652,1.4755704301658354,0.4899328859060403
3295666.6912182514,0.26937124644691446,-0.10809190706439287,2.221649846087155,0.5906040268456376
3061587.959858728,0.25080425009640406,-0.1396351077348455,1.7622886052544433,0.5436241610738255
2790897.4705128963,0.22785978747487778,-0.06197404315297117,1.743501389680588,0.5234899328859061
4978505.50779311,0.37854135279503764,-0.05014376668895837,2.591739891117627,0.6577181208053692
2157673.080523227,0.16626469427878865,-0.07011186915978056,1.4573512439450842,0.5100671140939598
2771090.2336757705,0.22611197357431823,-0.06344814159346122,1.9894319042633033,0.5436241610738255
1945623.5022907504,0.142383076477961,-0.14937152075793694,1.244514008594511,0.5234899328859061
3658498.057727892,0.29616582260969726,-0.08989642300346888,2.160005519732995,0.5436241610738255
2535352.8162045837,0.20450243067979512,-0.10049102960070976,1.4957510487119494,0.5234899328859061
3268306.7207215074,0.2672565989761926,-0.056015678957706413,2.0482859261021247,0.5570469798657718
3297305.7243841467,0.26949748056007006,-0.05337719412396206,2.031749062560678,0.5637583892617449
4297258.392140704,0.3385613893658521,-0.06829137033375353,2.4141423589678133,0.5838926174496645
1995402.9757433971,0.14816980940586189,-0.07960993630124982,1.413574583529916,0.5234899328859061
1513053.0348484137,0.08635265525366043,-0.09808303803645041,0.9089150427689098,0.4966442953020134
2824400.863251981,0.23079370717497838,-0.07142900606137387,1.6096443374197376,0.5167785234899329
3065761.7185486653,0.2511451000540701,-0.08952702370821088,1.7936917518687483,0.5302013422818792
3488276.1679185517,0.28387331478047195,-0.06492077404793957,2.2828467823676264,0.5771812080536913
3452334.971428467,0.2812166843212798,-0.05909713979419284,2.434813289823151,0.6510067114093959
2099651.3898482593,0.15992374422800748,-0.11732964953381916,1.4660673131849875,0.5100671140939598
2374177.1185214715,0.1887831015970065,-0.06223643630558316,1.7046108412491172,0.5637583892617449
2773456.897868557,0.22632133554017653,-0.09247639795175788,1.849875386624567,0.5167785234899329
3757977.165565612,0.3031392548913907,-0.053556130064423814,1.9545660340976705,0.5167785234899329
3923027.5790200606,0.3143900785735423,-0.057311475359387215,2.1953606378531663,0.5503355704697986
5122737.003806535,0.3864378686963703,-0.06029721662143881,2.446530189107058,0.5973154362416108
3066094.480559149,0.2511722590783212,-0.0822478567165573,2.0697770016019166,0.5906040268456376
5072019.093204539,0.38368163236089314,-0.05152077825668352,2.52007664756466,0.5906040268456376
2659093.370869527,0.21603679889496408,-0.06035123685989399,1.707580984749426,0.5369127516778524
3147226.492221191,0.2577247281277222,-0.08305462736949798,2.123085037999504,0.5906040268456376
3112794.199077344,0.2549605725848174,-0.05850281834903934,2.026319214969447,0.5704697986577181
4073439.325808007,0.32431790361047574,-0.10807667717860164,2.0867793779417827,0.5771812080536913
2937852.789027051,0.2405263856914548,-0.06776326663225993,1.9929005250612943,0.5838926174496645
3223863.9425469018,0.26379124076513194,-0.07297534289561647,1.8248016935852576,0.5570469798657718
2667241.439973853,0.21678113000261834,-0.1068285500189897,1.6436213411510612,0.5167785234899329
2580677.532712143,0.2087785595000311,-0.070932612644094,1.6860667451246614,0.5234899328859061
1885570.3716951027,0.13524225866685735,-0.11050416720691421,1.1429237624947404,0.46308724832214765
1829475.2928970444,0.1284057999499244,-0.0629464166508647,1.3844387916667462,0.5436241610738255
2308423.9266112577,0.18212421437248527,-0.08189336316346815,1.5993551100586956,0.5100671140939598
1539271.6981997741,0.09009176008608866,-0.166954831251044,0.9149164037595251,0.4899328859060403
2600586.5494977753,0.21063789071877936,-0.0861697001888518,1.722234281103868,0.5302013422818792
2976012.4706521174,0.24373240352859193,-0.11713823105897099,1.81203011313135,0.5369127516778524
3321757.061037604,0.27137472496779536,-0.06883717695115013,2.106825134840694,0.5637583892617449
2205223.06086642,0.1713603117204976,-0.07450322102757118,1.413737710497207,0.5234899328859061
2400672.665514937,0.19142467279584996,-0.07669758187127071,1.616259991230431,0.5033557046979866
4290853.722223251,0.3381621506610728,-0.0640356230841,2.2928627848553025,0.5906040268456376
3183677.3758142884,0.26062469430479096,-0.07341992608722919,2.058017958268504,0.5838926174496645
2917810.132661549,0.2388291207571489,-0.05697837907490791,2.019679260615385,0.5973154362416108
3991424.1225728993,0.3189416280219426,-0.06753191349726355,2.341073178637239,0.6308724832214765
3435458.6804299187,0.2799616155573825,-0.06412650195202874,1.949101667699224,0.5369127516778524
2129067.0747715887,0.1631557414830369,-0.0926324791828119,1.3303552465406294,0.5100671140939598
3187494.203372522,0.2609268154540223,-0.07614228897976531,2.082173530768809,0.610738255033557
3559352.1133326655,0.28906314137576516,-0.06153122913664827,2.271022960938275,0.5973154362416108
3970233.119815971,0.31753815697698307,-0.07836725924364059,2.0502939062254897,0.5369127516778524
1955215.1092109054,0.1435072144255165,-0.09071848838130821,1.1893512748931818,0.436241610738255
4170562.310579002,0.33057366283078937,-0.09139160001891107,2.439444302941371,0.6174496644295302
3062422.486138142,0.25087243139570514,-0.09258033076786397,1.7934137753405976,0.5503355704697986
2490020.28412238,0.2001639486484419,-0.06516709564859616,1.596482002429289,0.5302013422818792
2292793.5405163146,0.18051902345749782,-0.11220674838720872,1.3561574417368798,0.4899328859060403
1988263.7195235179,0.1473470347610748,-0.06073401320084794,1.4548080645716308,0.4966442953020134
2007908.042766678,0.1496053172416636,-0.0837880695625235,1.2990164339217463,0.5100671140939598
2932023.744492916,0.2400337245653632,-0.06869358901381836,2.305767369972381,0.6040268456375839
1852336.2070785174,0.13121189491258,-0.09936967399281883,1.2368468852268812,0.4966442953020134
3763358.2241820605,0.30351223511447567,-0.06828645531021403,2.1092517588157778,0.5704697986577181
3039431.3733956716,0.24898858268841773,-0.05432666650382581,1.9365106011786108,0.5570469798657718
4798815.221414839,0.368443293567962,-0.05954953779226676,2.672751447965696,0.6577181208053692
2660763.3639526675,0.21618950230147216,-0.05926953946569075,1.676873244816901,0.5302013422818792
2683032.3071591677,0.21821847187735854,-0.07070646264422822,1.8475113659268982,0.5570469798657718
2572725.6622704337,0.20803271509186416,-0.06925726479476534,1.7712055138673497,0.5637583892617449
2469878.2063510865,0.1982159809591486,-0.06681731431568055,1.6662266544667792,0.5436241610738255
3896296.280673026,0.3125939397403359,-0.05851818788280458,2.5197552953311297,0.6241610738255033
3168926.7510714587,0.2594543772474407,-0.04906806503381556,2.1515216697440547,0.5838926174496645
2076406.192444656,0.15734399626828277,-0.10676687375622687,1.2953948575997065,0.46308724832214765
2331606.30751398,0.1844890337915046,-0.08924049472284314,1.4528909572753663,0.4966442953020134
3260641.6843678607,0.2666616307605032,-0.06267413485016099,2.2051212157104856,0.5973154362416108
3509829.1901901755,0.2854559425335532,-0.06640548925957548,2.1385791500527565,0.5973154362416108
2316822.016983111,0.1829830835450046,-0.06162416012023596,1.5620166816124275,0.5033557046979866
3508316.6529087257,0.2853451317122133,-0.05489481076777006,2.083150888232213,0.5503355704697986
2333176.2166677043,0.18464849806720096,-0.0695066785804478,1.51054425865338,0.5033557046979866
3547913.9631964327,0.28823358100833696,-0.05898203328778254,2.0889824241646706,0.5570469798657718
3305121.8553355816,0.2700987692683421,-0.08609283083606058,2.16768194567688,0.5838926174496645
2323854.114811588,0.18370033944115383,-0.07282827635380482,1.7041537740841513,0.5570469798657718
2880612.915251086,0.2356542882644579,-0.05514038164065955,2.089467885290774,0.5771812080536913
3452383.4999244087,0.28122028624111595,-0.06943939747472426,2.0145183631365544,0.5436241610738255
1832756.2991185668,0.12881024962046372,-0.16907181250637796,1.1817723484040121,0.4966442953020134
2231102.414214751,0.17409679147045698,-0.13572497466420763,1.5185962757350384,0.5302013422818792
2409708.514571421,0.19232020196041377,-0.07132563537973376,1.5047469151776587,0.48322147651006714
2832335.0830124808,0.23148443300557076,-0.06794022855078223,1.7435838431718778,0.5369127516778524
4379080.707139258,0.34362040255021276,-0.04897035279188131,2.312385751423651,0.5704697986577181
2696728.4638064685,0.21945967543377032,-0.057568890428785595,1.6996577996036253,0.5369127516778524
2910339.0442941836,0.23819406258481401,-0.04508176442522583,1.872905931902352,0.5570469798657718
2587940.257319316,0.20945816086137192,-0.06924923232539103,1.630651909646707,0.4966442953020134
3760757.7238612445,0.30333203853919954,-0.049816432711725735,2.5854589852546077,0.6375838926174496
2649982.362621067,0.21520233874315609,-0.059284618292520026,1.7719240801180332,0.5771812080536913
4584876.983904883,0.3560182593785197,-0.06052700665931881,2.3293475446757994,0.5906040268456376
2849816.767546931,0.23300088263446406,-0.11166989132342352,1.8591833636548452,0.5637583892617449
3996819.85723959,0.3192980328416115,-0.07292197817460357,2.0271144678088238,0.5570469798657718
2352196.971945752,0.1865737524356783,-0.07082628497454821,1.5727646315886898,0.5100671140939598
3657411.0423635007,0.2960887899245288,-0.08372012320850541,2.105602809800936,0.5704697986577181
2152919.6221861723,0.16575037332372222,-0.06987805500081082,1.6324548691209688,0.5973154362416108
2808745.223700465,0.2294262151580193,-0.07882449497667482,2.0262883024650336,0.5973154362416108
3466913.5929087186,0.2822969330630467,-0.08686745052234303,2.1564209896174735,0.5771812080536913
4523185.34913559,0.35234928855969017,-0.09899524888793874,2.426105595561772,0.610738255033557
3100630.8077757894,0.25397827241017756,-0.15663499357083546,1.9132669896121202,0.5369127516778524
3882642.305895664,0.31167269051575586,-0.07421090747507002,2.0289792784832144,0.5637583892617449
2353190.1874342267,0.18667394170051765,-0.10847920327836527,1.463650401549254,0.5234899328859061
3629409.3097743117,0.29409807081621087,-0.06256052134058362,2.098368723282872,0.5570469798657718
2824386.1649251105,0.23079242614960327,-0.07032952680469762,1.8305054587007634,0.5570469798657718
3705277.0692409417,0.29946365686570475,-0.06252475656984162,1.9103414573337552,0.5369127516778524
3216205.39729639,0.26319022206122966,-0.07834710081653104,2.045841126650952,0.5302013422818792
1693387.7513541537,0.11109522916756243,-0.08678053338923675,1.147435612005805,0.5302013422818792
2464921.2632177314,0.19773464043503974,-0.11761225346231324,1.6690616731441943,0.5369127516778524
2756686.3241995065,0.2248346683179745,-0.07160207180218317,1.8354311397067369,0.5436241610738255
2529850.5457592322,0.20397916947254324,-0.054859215944143176,1.7574928922567354,0.5570469798657718
2432854.20532756,0.19460194280297016,-0.07953898949979513,1.6505483793651787,0.5570469798657718
2394034.01747555,0.1907650066434856,-0.10397231015764305,1.5653717610415248,0.5100671140939598
3458270.85582218,0.28165696193664025,-0.06868390839426701,2.146338963917671,0.5838926174496645
2426334.0808602353,0.19396094124643093,-0.10392418726296342,1.6413836891486138,0.5838926174496645
3221272.1257909643,0.26358797107278176,-0.08240549832143884,1.9478397992930607,0.5503355704697986
2454462.4319681963,0.19671649677501546,-0.07215814469649406,1.7257200507085015,0.5100671140939598
3001159.0752314567,0.2458271844678077,-0.09605444606045013,1.7597368068936232,0.5234899328859061
3186614.6720285746,0.26085722178500004,-0.05757941105401027,2.0658545501519243,0.5704697986577181
2791457.4542688997,0.22790905666983852,-0.07582681522950227,1.7887497088414799,0.5436241610738255
3236575.5445056446,0.26478629105516194,-0.07831939287341388,2.223895982470478,0.5503355704697986
5403127.3505599545,0.4012932846940034,-0.05171741334713109,2.570458050898946,0.6040268456375839
3203147.2082610866,0.2621628106391203,-0.06324711018715903,2.186579304270155,0.5704697986577181
2725462.533849777,0.22204737716356782,-0.08238152169848954,1.8062265171204626,0.5771812080536913
2838497.221064775,0.2320198203428605,-0.10472782793284419,1.9349349335037267,0.5637583892617449
2058598.346300348,0.15535200914045721,-0.12346045483195996,1.3506043654179496,0.4966442953020134
2125111.6452363525,0.1627232324823813,-0.09034101986188617,1.2609154650808092,0.47651006711409394
3430949.1164158764,0.2796254099757789,-0.061767505694979394,1.9625361171291986,0.5503355704697986
3139556.7947871964,0.2571111221428035,-0.07729723045307324,2.00029438088341,0.5973154362416108
2953156.670178172,0.24181613262471746,-0.05718551378471491,1.940913698660301,0.5637583892617449
2455218.668380125,0.19679023097145154,-0.07799298270874308,1.4805404886203217,0.5369127516778524
2943566.79845048,0.24100856582397023,-0.07194318833326327,1.8658262341592011,0.5234899328859061
3097075.588077598,0.2536905751863061,-0.06343767197635385,2.094194361862325,0.5637583892617449
2357896.8189050783,0.18714825728082451,-0.07585876928668195,1.5735730434972752,0.5100671140939598
2536299.7988209934,0.2045923962638374,-0.0499707226126092,1.7203389674664653,0.5771812080536913
2211634.6929485346,0.17204066122815354,-0.10413491444628908,1.5625329680632192,0.5771812080536913
3400289.928855837,0.277330227878416,-0.037822323529919,2.133314699615067,0.5838926174496645
2545259.8798553073,0.20544229782965906,-0.10862104138618742,1.619325952274512,0.5570469798657718
2630219.916455517,0.2133844148234847,-0.08225720333579055,1.6722477524366957,0.5704697986577181
2092581.5298545624,0.1591415604965245,-0.05244851664470474,1.4729594140126494,0.5234899328859061
2257197.3665922987,0.1768304769060598,-0.05861444116896718,1.584063731835816,0.5167785234899329
2707164.883724949,0.22040208678972695,-0.0668656295551699,1.667326441022179,0.4966442953020134
2627330.8835615222,0.21311774140497852,-0.07946785568791388,1.7975737951247805,0.5570469798657718
2385018.7472413504,0.18986683435407814,-0.07993842278061691,1.5301606363079796,0.5302013422818792
2501469.740617128,0.2012656280916869,-0.048126170823856035,1.5704357608938442,0.5436241610738255
2569932.4789198586,0.207770291217392,-0.06920570065736815,1.6007228291003903,0.5100671140939598
1912458.8405667073,0.13846168615917143,-0.09774204998115119,1.3701006573841166,0.5167785234899329
2267727.241955685,0.17792642177883455,-0.0844468976313924,1.565756761895035,0.5302013422818792
2011192.8005339,0.14998120162915818,-0.10291737731635109,1.3148826207364568,0.5234899328859061
3521789.2279437715,0.286330810687917,-0.05173742963029269,2.1963061599957774,0.5906040268456376
2262343.98854676,0.1773666449225899,-0.1082193237315291,1.5919980261720008,0.5167785234899329
4229801.959199131,0.3343323238022846,-0.05514314613652221,2.342908633912248,0.5906040268456376
2254823.3969823853,0.1765828303433048,-0.08830801211840592,1.660333562826148,0.5436241610738255
2851863.4784279247,0.2331779376433849,-0.09803642083952255,1.8552300632937366,0.5906040268456376
2780416.3725077347,0.22693616382659676,-0.06308853249792161,1.8361887262301064,0.5033557046979866
2422932.8112763367,0.19362601110795707,-0.06839865965614046,1.6657160771414792,0.5436241610738255
2513930.292215286,0.2024600216176733,-0.097308332598406,2.0160427908127847,0.5973154362416108
2243214.478521789,0.17536880441888747,-0.06534833936101062,1.5344581894039901,0.5771812080536913
2488756.625768814,0.20004210986941873,-0.07110123756923017,1.7133963426012104,0.5369127516778524
4011068.595466023,0.3202373587865448,-0.08530708622273582,2.332532123841919,0.5973154362416108
1950429.4485689509,0.14294688700717795,-0.11001149844559434,1.3490441502494839,0.5100671140939598
4118008.780838674,0.3272033024597987,-0.05634892706846659,2.2652009608388486,0.5973154362416108
3032417.209839803,0.24841158606248626,-0.06612640197179515,1.8801076717560927,0.5838926174496645
3979850.6202956093,0.3181758607680283,-0.05195533575067704,2.358075482565761,0.5771812080536913
3593751.0757499393,0.2915451663874229,-0.059573399876384645,1.9123604311738551,0.5234899328859061
3264110.1492351186,0.26693099511426066,-0.09643038475997828,2.038383061825074,0.5973154362416108
2392289.642297754,0.19059142961323317,-0.10767805185958042,1.450407246557059,0.48322147651006714
1853824.5226990213,0.1313936178084243,-0.09190865660931427,1.1520218873083379,0.4697986577181208
2804312.7989851027,0.22903794340210326,-0.09092959410567929,1.7688122616568647,0.5637583892617449
1999958.0181773938,0.14869353251148665,-0.06535310461724343,1.3804461120473415,0.5033557046979866
3800832.8680349453,0.3060979704550886,-0.051192368579694794,2.1464613881686594,0.5637583892617449
2408763.6363124335,0.19222668241871022,-0.08509459355739328,1.6848818912351342,0.5234899328859061
3821869.028099117,0.30754053117992,-0.08441915633595365,2.4762538819714743,0.6241610738255033
1850359.9067279783,0.1309704086037078,-0.10577166934650872,1.3253936894778056,0.5369127516778524
2389797.3343322338,0.1903432524881259,-0.0753452861717256,1.8176401598914698,0.5503355704697986
2728956.021685686,0.22236049982616923,-0.12980254411945616,1.6897518921248842,0.5369127516778524
3155350.1536072907,0.2583733498205558,-0.053813493304569936,1.9520010417655815,0.5570469798657718
4418074.011589791,0.3460047651253657,-0.05421864525334029,2.2913042431870405,0.5704697986577181
1944155.047793032,0.1422105822373041,-0.09303464687838064,1.339704532412219,0.5167785234899329
2298144.5755636175,0.1810695405129361,-0.08123377824904143,1.7798592360014014,0.5570469798657718
2354881.781520027,0.18684450111221462,-0.06998609517046436,1.584164066048761,0.5436241610738255
1595402.21256977,0.09792844784563481,-0.11169979989204282,0.9011839215076425,0.42953020134228187
4194090.8360747225,0.3320715916576349,-0.054405594847109315,2.320972192153518,0.5704697986577181
4128179.5597262657,0.3278582488665953,-0.0505052850809215,2.2092497886726754,0.5570469798657718
3233378.538435619,0.2645363275996866,-0.06205989000033265,2.1209640248711,0.5838926174496645
3551627.9160027322,0.2885031724748732,-0.04732124994176914,2.076849624689836,0.5436241610738255
2503702.6188405715,0.201480007871778,-0.07248001896244527,1.673203320022597,0.5167785234899329
2462871.2352878745,0.19753534752048263,-0.10834620376334285,1.7437786362159253,0.5570469798657718
3488685.5914952424,0.2839034513466492,-0.07243116587732662,1.944625777400239,0.5033557046979866
3803534.6516136085,0.3062836029854257,-0.052376202323017255,2.369861931725859,0.6308724832214765
2679092.910293791,0.21786052859007654,-0.10945015723987311,1.6958719150970298,0.5234899328859061
4041162.5723716523,0.3222125177043673,-0.05112423571621176,2.4177510672721683,0.6241610738255033
3093976.390301754,0.2534395647666323,-0.07030159698725755,1.9327052204341242,0.5570469798657718
3110762.7414294463,0.25479672847167856,-0.08772693033421516,1.8626195774452277,0.5704697986577181
3321762.951802027,0.27137517589563553,-0.06610257555407736,2.2572551311045745,0.6040268456375839
3173410.054803459,0.2598105434988647,-0.11265382830490873,1.7922067727793463,0.5167785234899329
3096343.537300785,0.25363130301693704,-0.12923737850411626,1.780147491460617,0.5436241610738255
2957323.884376332,0.2421664015693672,-0.08796075297541021,1.8422759072966992,0.5503355704697986
3296887.7229234925,0.2694652919335976,-0.06432191669202407,2.019222021371558,0.5369127516778524
1952135.1534496804,0.1431467248916285,-0.08337049203387839,1.324782846218146,0.5234899328859061
2541920.974114539,0.20512586870200322,-0.0774426548172069,1.6452325779936616,0.5167785234899329
2724510.9733608104,0.22196203279230486,-0.06949011418510467,1.9372769632412197,0.5637583892617449
2530077.3626791155,0.20400075755049296,-0.041226433697569974,1.7288819364373431,0.5570469798657718
3098476.8541674386,0.25380400065432873,-0.06651277239433713,1.9445866483645153,0.5436241610738255
2067079.111748722,0.15630238034048172,-0.08279760777412101,1.429480955861946,0.5302013422818792
3188013.692316606,0.26096791324431345,-0.12220723651400311,1.913877777611674,0.5570469798657718
3122778.4449094674,0.25576459554445186,-0.05637477941776015,2.077771878471445,0.5704697986577181
2784295.8407693896,0.22727835758106152,-0.06819774077155807,1.7092010520844,0.5100671140939598
2835568.386969305,0.23176546942504195,-0.08241501655894977,1.9517698995554846,0.5704697986577181
3474785.985869126,0.28287875251781447,-0.08778911687505145,2.1874914701764165,0.6241610738255033
2490329.124930499,0.20019371878470382,-0.09905432306320203,1.53144593206788,0.5100671140939598
2224332.0822713543,0.17338336019395784,-0.09190950280926354,1.466499494234845,0.5369127516778524
1758096.798992529,0.11945993928878806,-0.12982763908362904,1.0868654552653265,0.46308724832214765
2733993.5033596917,0.2228114471456617,-0.06602718761258988,1.711139144711125,0.5167785234899329
1849518.8821072704,0.13086758029085033,-0.1001277895757268,1.183553278025321,0.4899328859060403
3307452.3844513707,0.2702778348383177,-0.08184762077598702,2.048732292941095,0.610738255033557
3345418.1243352243,0.2731808011648742,-0.06301449538449018,2.2292928282732927,0.5503355704697986
2604127.805876759,0.21096741990860557,-0.10756645265026911,1.7688143174010917,0.5167785234899329
3447861.5693864147,0.28088448189595505,-0.09648372827187286,1.9841245266505434,0.5369127516778524
3443795.5536548095,0.2805822333965151,-0.06525503187158015,2.2168847255596944,0.6040268456375839
2987071.1449094894,0.24465535889029155,-0.05699371958806124,2.0666848358063357,0.5838926174496645
2554299.2519888394,0.20629729854861178,-0.06614748633609874,1.7173351654620077,0.5503355704697986
1808650.937396963,0.1258251638659016,-0.08249722106820356,1.3205283275843487,0.5302013422818792
2981085.256588216,0.24415611753855604,-0.04679677163861605,2.085650454321478,0.5838926174496645
3585708.29324981,0.29096655489728196,-0.08475618332469519,2.203106136280768,0.5234899328859061
2111280.649198361,0.16120579214485686,-0.09092135826871481,1.34326869546264,0.46308724832214765
2925523.326607298,0.23948339509848227,-0.03917922610148712,1.9986259449922938,0.5771812080536913
2226911.7254576026,0.1736553975593116,-0.09826263598893532,1.5031681044864003,0.5302013422818792
2991510.3778484934,0.2450250878420368,-0.07397208102074543,1.7552566881458573,0.5234899328859061
3916176.6691810647,0.3139306851858683,-0.06721126449312138,2.2496925095251497,0.6174496644295302
1669822.7549355675,0.10798549513429045,-0.17524220035328797,0.9977267451085478,0.4697986577181208
3805830.822594905,0.30644128402368853,-0.0826483262705248,2.0739277516536476,0.5436241610738255
4676088.253238608,0.36137114051390773,-0.06927926603468115,2.50949186127437,0.5973154362416108
2048432.4235551478,0.1542086594710379,-0.08920171966169319,1.406403518823688,0.4966442953020134
2474819.677802366,0.19869505051996006,-0.08820580231346935,1.6112677955779544,0.5503355704697986
2811092.642096832,0.22963164592385166,-0.058961463317264165,1.6942036824140927,0.5033557046979866
2754261.2117177383,0.22461909009980285,-0.051787569683095,1.8484683988303077,0.5637583892617449
2155055.3517717444,0.16598157008409964,-0.05332875836243863,1.5827563526911856,0.5302013422818792
1936737.1259595635,0.14133762822707063,-0.10305929569513238,1.1914695979301932,0.44966442953020136
2863948.007622998,0.2342212680772413,-0.11815529151066839,1.9787462021963702,0.5503355704697986
2491592.354564978,0.20031545472135703,-0.08522173395246589,1.5763987189374755,0.5234899328859061
1959106.765652697,0.1439620593583082,-0.05562721103849267,1.3069486038299634,0.5369127516778524
2867863.120866492,0.23455852810558775,-0.05904341077683076,1.7874941191987617,0.5369127516778524
3600514.4813676076,0.29203093600289676,-0.06013686747016718,2.1664364948518813,0.5973154362416108
2530579.8551168856,0.20404857847701985,-0.08411447216912162,1.69723409420564,0.5436241610738255
5951361.4894505525,0.4286415147033287,-0.07020764097332888,2.543691630779504,0.6308724832214765
2031159.723936293,0.15225556755069913,-0.11592266054403774,1.3240086614605346,0.5100671140939598
3884173.704154831,0.31177614462163206,-0.04405290598316865,2.4110976267759847,0.5838926174496645
2929168.4097683323,0.23979211046471405,-0.06774257776917537,1.7739305442199969,0.5302013422818792
2809049.2122528097,0.229452825995754,-0.07155733184280001,1.7635662877615712,0.5973154362416108
3946936.522646824,0.31598830070810857,-0.08394798541294236,2.1348627372239855,0.5838926174496645
3217357.812598302,0.2632807331426792,-0.07343212946554208,1.9954181721013275,0.5570469798657718
2262316.428408824,0.17736377634509526,-0.08883425955606943,1.546955716666218,0.5302013422818792
2881341.5207978156,0.2357167897890602,-0.074189324138531,1.7194304324494054,0.5234899328859061
2807560.8758740784,0.2293225166164541,-0.05075459833373692,1.8142727210574479,0.5100671140939598
3131814.946744278,0.2564905264487316,-0.07992963290186778,2.0778616338650524,0.5570469798657718
2880697.039729442,0.23566150530897123,-0.051792417557784555,1.9903876725664686,0.5973154362416108
2107696.8416664754,0.1608113048881219,-0.10788016562021223,1.4930752408756756,0.5503355704697986
2407766.7001620024,0.19212797861229514,-0.07621281506290069,1.4856964848064917,0.5234899328859061
4314800.33362741,0.33965244399577066,-0.11123074457868078,2.2985695166408755,0.6040268456375839
2425866.3986422312,0.19391490988056237,-0.10086885286553188,1.6831305668339422,0.5503355704697986
4399012.77718869,0.34484132132747036,-0.06562743032053761,2.2679900229166012,0.5838926174496645
3396643.928618277,0.27705618388984776,-0.06806030885662925,2.1329643156614533,0.5637583892617449
3128416.190554434,0.2562176904072653,-0.06906270313905927,1.9515921861695542,0.5570469798657718
2480156.5899455007,0.19921159878070105,-0.07740339982576304,1.8437260166428027,0.5704697986577181
2954081.087847257,0.2418938672790798,-0.05100255649729797,1.9669985783240291,0.5637583892617449
2331992.9762424915,0.18452831782400603,-0.0768385121356221,1.4587038446476492,0.5033557046979866
1787440.403007663,0.12317211861521371,-0.168337486563137,1.2445738720741086,0.5369127516778524
1657592.6316369446,0.10635769672657647,-0.13938781466793795,0.9903890119934192,0.4563758389261745
2495291.8824874186,0.2006716900027632,-0.08040608960600687,1.70924347071294,0.5302013422818792
3194677.0295300926,0.2614945884304216,-0.050356402967335304,1.9740788212154363,0.5704697986577181
3510284.357886231,0.2854892813451777,-0.07449393396615171,2.006339178958315,0.5570469798657718
2326420.411215008,0.1839616626399716,-0.08171296887647443,1.5516377216462145,0.5100671140939598
1895697.41626245,0.13645908195552292,-0.07361823061148175,1.3232390757815402,0.5167785234899329
3178634.2962703314,0.2602250644512736,-0.09223558062226642,1.876798955408348,0.5570469798657718
3011105.6541783726,0.24665188739394162,-0.05844695791753799,2.1007417236437886,0.6375838926174496
3465384.6273301537,0.2821838103230838,-0.0742863963303697,1.9705290576180614,0.5704697986577181
4264537.328504201,0.33651668258252654,-0.06806383853477639,2.4352499534658016,0.5906040268456376
2391802.088720888,0.1905428966574747,-0.0817504704646874,1.5924010066634773,0.5369127516778524
3998738.0143238697,0.3194246402594647,-0.07683420130949915,2.4422682265593125,0.6040268456375839
2296841.4857016257,0.18093557253327486,-0.057455232802370144,1.4924938710838624,0.5302013422818792
3474616.502549922,0.28286623774469577,-0.06543326139476109,2.1845223909554137,0.5704697986577181
2020728.4598177515,0.15106961950651088,-0.09405235057161215,1.3481158920046388,0.5100671140939598
4173257.5140920915,0.3307455936106871,-0.06621477883425633,2.12267303652517,0.5704697986577181
3879155.4054242577,0.3114370099844641,-0.05290691442057851,2.2978092511513286,0.6174496644295302
3420317.1640388686,0.27883135496954403,-0.09997803074505697,1.900063963238127,0.5570469798657718
2327094.614492551,0.1840302777805407,-0.06688573815726923,1.7925683004202808,0.5570469798657718
2074210.3075484645,0.15709910488387635,-0.09495657599101946,1.516023141476518,0.5503355704697986
2972043.2227145084,0.24340046149876682,-0.055467581045553736,2.012671799577242,0.5771812080536913
2354046.205916719,0.18676026426429004,-0.11926882720828517,1.6602874113807298,0.5167785234899329
2614665.7619472393,0.21194590611135222,-0.110496291899837,1.5782315952828012,0.5570469798657718
2445094.5266327234,0.19580160142974234,-0.1262199225350101,1.6764073798694736,0.5570469798657718
4097253.312430168,0.32586273072667793,-0.0519764796002827,2.4984052426073298,0.610738255033557
3852837.1252284846,0.309652661955516,-0.0668986426688056,2.2949768200390177,0.6174496644295302
2417442.8628472467,0.19308461000601596,-0.06176853214104155,1.5706421381885962,0.4966442953020134
7402398.53753986,0.492363067306701,-0.04199456833304739,2.9323813902586036,0.6308724832214765
2347688.0129358247,0.18611849128543723,-0.06702087948565152,1.4538869978693187,0.5100671140939598
2077039.445706265,0.1574145799983644,-0.1117147668336716,1.2678416210504269,0.47651006711409394
2095417.8217090839,0.15945561112953333,-0.0928578891303033,1.5063952022305889,0.5436241610738255
3581538.272422748,0.29066614767101884,-0.0952236706347496,2.165958151595625,0.5771812080536913
4792052.464873166,0.36805737872954225,-0.04971860217717979,2.4838342579313077,0.6040268456375839
2945610.947240169,0.2411808807028082,-0.09841377023654097,1.9429352529877246,0.5906040268456376
5211760.34308415,0.3912234436312172,-0.039308270989732726,2.60104902359977,0.6308724832214765
2302263.280001216,0.18149257681224307,-0.11595451148442423,1.7120462212669418,0.5369127516778524
3665862.8625644087,0.2966872568559391,-0.1212403903468149,2.092663875201571,0.5906040268456376
4186988.7770854696,0.3316201533913812,-0.07942227692456386,2.159758744281671,0.5838926174496645
2412821.2793893875,0.1926280812028618,-0.07332110735289533,1.4958472576614985,0.4966442953020134
2621581.1323916465,0.2125863093666145,-0.08400550965408532,1.7540027769995221,0.5503355704697986
2869842.0195234073,0.23472885647051123,-0.1013511795554691,1.8646697351976664,0.5704697986577181
3783876.373914715,0.3049305173965875,-0.11268532101048187,1.949266259069785,0.5570469798657718
2240754.0522059165,0.17511085512567393,-0.08429763080129805,1.3596730950496432,0.4697986577181208
2639426.9522911576,0.21423271378122122,-0.0697029952817,1.7674626800262994,0.5771812080536913
2217751.18729818,0.17268822412366847,-0.12536918283900828,1.4581663352489436,0.5302013422818792
2011971.4794582468,0.15007023610432757,-0.07406280720970167,1.4469073144002753,0.5234899328859061
1912063.8264058088,0.13841465292245458,-0.08938828299894139,1.1437044576464126,0.4966442953020134
2493471.2227823054,0.200496427713045,-0.07262951573461005,1.6287394652152196,0.5167785234899329
2624428.141203026,0.2128495661623897,-0.08922520618702331,1.7077304491909084,0.5771812080536913
1865391.0556864953,0.13280192409922087,-0.12642075964357305,1.0353932563702466,0.4228187919463087
2640257.4126282004,0.21430911257858143,-0.08680398140084065,1.5040979818169886,0.47651006711409394
2723602.1028885534,0.221880494971741,-0.05374158954422773,1.9398255860829334,0.6040268456375839
4533189.153431871,0.352946950785368,-0.12160469981368496,2.3152110242031942,0.610738255033557
2144200.977794037,0.16480465598434435,-0.0909825765370451,1.4563897143589013,0.5234899328859061
2558194.7434445643,0.2066650124596785,-0.08946450885561869,1.8616108216796776,0.5771812080536913
2455026.843587538,0.19677152948341625,-0.04636291782088916,1.8789977542018867,0.5771812080536913
3719613.0772581045,0.3004676496463041,-0.043341294057729095,2.0999073178658434,0.5704697986577181
2484505.595964316,0.19963187258247328,-0.09941630696146746,1.700022943231775,0.5234899328859061
2893462.261903743,0.23675468579460301,-0.044067043735127584,1.986345402670319,0.5637583892617449
1985734.0242826648,0.14705492898472183,-0.058119662619016715,1.384158789010565,0.5033557046979866
4455539.320997816,0.34827988756265227,-0.07092718302607494,2.23035028202638,0.5704697986577181
2687054.7220562208,0.21858352482190813,-0.10131777737828976,1.6582165589716535,0.5302013422818792
3629423.58769062,0.29409908899814075,-0.0799657639384605,2.313614058851466,0.5771812080536913
2990363.9511778606,0.24492964783797833,-0.05875165386871508,1.940782159159768,0.5503355704697986
1688782.7136895403,0.11049026315286259,-0.08921107609262992,1.0027749773584547,0.44966442953020136
3442946.987158783,0.2805191189473193,-0.10150238704255136,1.8433120097519462,0.5436241610738255
3256037.612988745,0.26630371978758727,-0.06919208392453005,2.104575626077628,0.5838926174496645
3235829.373611068,0.2647279680685912,-0.07614543598273492,2.0187863714634995,0.5637583892617449
2611549.1319604497,0.2116568451361136,-0.09101675885873338,1.6363170696402227,0.5369127516778524
3353822.6485622735,0.27381986879488984,-0.08516650142429066,1.8898126278118716,0.5436241610738255
2004600.859621907,0.14922636934426525,-0.11283348597917989,1.414364638010715,0.5234899328859061
1804354.1343949311,0.12528973136994437,-0.13883439229179115,1.1503441014113702,0.47651006711409394
3057839.5973647176,0.2504978231335713,-0.059699998830236044,1.8157473770577084,0.5369127516778524
2192950.6732462463,0.170053641591267,-0.12223085404860376,1.6214426087157383,0.5436241610738255
2194682.025659767,0.17023833664870724,-0.05336286338544341,1.599776163619443,0.5436241610738255
2463445.6001908686,0.19759119762828892,-0.07656626305428135,1.6138333974276764,0.5167785234899329
3476225.2764477036,0.2829850111168073,-0.05297238901170904,2.060410691688552,0.5436241610738255
3045787.031688342,0.24951049039457263,-0.07052986031649043,2.007915720360637,0.5838926174496645
2820241.9060879108,0.23043102239870694,-0.08571073133783778,1.8322724356845306,0.5570469798657718
3635731.008987745,0.2945485686365259,-0.060387508062217106,2.37558800531717,0.5973154362416108
1603345.4171869438,0.09901955248749417,-0.17782912109370508,1.016270036436488,0.4966442953020134
2969687.703815904,0.2432033053995335,-0.059785202404750784,1.905597646989724,0.5771812080536913
3221013.10920738,0.26356764986092673,-0.05757545702453121,1.933084334425613,0.5503355704697986
2853749.891084946,0.23334103571791442,-0.05284192298439611,1.8785578031154766,0.5637583892617449
2422226.0619568396,0.19355636882880112,-0.09537449480431551,1.6675709673809227,0.5436241610738255
4458483.859862761,0.34845804841723416,-0.057634957447662546,2.480872107168654,0.5906040268456376
3102687.4436389194,0.25414458003393126,-0.08655324056863821,2.0010083022014693,0.5704697986577181
2577121.5480811363,0.20844525407639747,-0.10022696400096483,1.6520034989177796,0.5436241610738255
3227450.45981088,0.26407230681107463,-0.08499647841096741,1.9895106551333461,0.5637583892617449
2780480.2043090686,0.2269417972868979,-0.05571030579201959,1.8738547367764562,0.5838926174496645
2935127.007108607,0.240296104580751,-0.06692968706505902,1.7885469844332182,0.5302013422818792
2493121.991903469,0.20046279797564104,-0.09812696211416946,1.5675109235463824,0.5369127516778524
3207126.563250698,0.2624762586032525,-0.05254564160439427,1.960972252127987,0.5369127516778524
3189902.6006144565,0.26111730334629724,-0.04889713134436176,1.9728274563584935,0.5704697986577181
2704559.9231701302,0.22016713075477523,-0.12378935819650941,1.7058581584427803,0.5234899328859061
2355666.886915549,0.18692362812325847,-0.10579755379491312,1.6699178932227632,0.5503355704697986
3647070.2232659087,0.2953550576240216,-0.05294164730606666,1.8695189270113681,0.5369127516778524
2690241.2802662533,0.21887240964762866,-0.05624998308411503,1.7089645518917773,0.5234899328859061
3216622.5267150747,0.2632229865401472,-0.06432611159432113,2.117209236416561,0.5906040268456376
2631804.02111937,0.21353053682713918,-0.06645076133715866,1.7186552469864464,0.5503355704697986
3658909.00292354,0.29619493997854174,-0.0828889830874987,2.1728642794606317,0.5838926174496645
4662195.694025821,0.3605612565139287,-0.04762016083699653,2.6923912769071148,0.6644295302013423
1553771.5055110897,0.09213777937959211,-0.07631359244996352,0.8919799580032007,0.4563758389261745
2632129.747146566,0.21356057393554218,-0.12990542114778902,1.672347823899829,0.5167785234899329
2692033.3391714524,0.21903475266072836,-0.07341233111468964,1.6077544592496504,0.5234899328859061
1724585.23117323,0.11515935632969732,-0.0840170375665568,1.200170206646117,0.5033557046979866
2507161.265332448,0.2018117725392934,-0.061344499171303316,1.9478796120193964,0.5838926174496645
2807306.6267474196,0.22930025063452408,-0.07232619668049245,1.8333621546482235,0.5704697986577181
1514450.5767016832,0.08655326457162493,-0.12089605201307081,0.8697871261741869,0.46308724832214765
2599217.0996733904,0.21051036124475475,-0.09707671543468543,1.6733922545791058,0.5369127516778524
3280315.472989135,0.2681864904804945,-0.04710592618781851,2.01872279110228,0.5503355704697986
2986537.206585544,0.2446108593329852,-0.05781703959840035,1.9707426738922087,0.5771812080536913
2948564.480351398,0.2414296847360966,-0.06075250142997732,1.955970124474909,0.5503355704697986
2921125.0471958527,0.23911047886742431,-0.0737230611909708,1.8286305213605771,0.5369127516778524
2180810.9945283565,0.1687553331014362,-0.10779196533987408,1.4414651451428846,0.5234899328859061
3031978.5296508144,0.2483754640459197,-0.06916698229871641,1.70327244363064,0.5033557046979866
2695053.8707583053,0.2193081877221983,-0.11992703268924283,1.9222334945257415,0.5637583892617449
2911935.6814479507,0.23832988957462908,-0.08695297991748988,1.9008982869620272,0.5570469798657718
4409663.843995237,0.34549192830993847,-0.04562336737351565,2.598838359177733,0.6241610738255033
2384671.284402676,0.18983216304568096,-0.060476204902882885,1.6854817662680848,0.5503355704697986
3235487.8244364923,0.2647012679566343,-0.049696347176476495,2.0816401315933635,0.5771812080536913
3606774.7359621595,0.2924799175648707,-0.04863262936573809,2.433755577929652,0.6174496644295302
3201523.3193615167,0.2620348097821592,-0.07183097518912282,1.7433865681555287,0.5234899328859061
3274388.228090413,0.2677278583284959,-0.1056062420510064,2.048501390020448,0.5503355704697986
3615103.134948612,0.29307625976272145,-0.08226265692532904,2.274633377898977,0.610738255033557
2789658.413019587,0.22775074304489662,-0.07611354433910127,1.8363195627780902,0.5503355704697986
2091580.5336994675,0.15903064311474457,-0.11440305021860571,1.322104666448534,0.5234899328859061
2044403.5207427691,0.15375427716125967,-0.08065751436690065,1.2433030153508906,0.4697986577181208
2506329.1174902455,0.20173198366506506,-0.10028016077238316,1.675389845168669,0.5503355704697986
4473837.034460895,0.34938547819392274,-0.05131016471911919,2.3741545998036275,0.5838926174496645
2771614.433946481,0.22615835817723395,-0.1128748161714377,1.8378420869258183,0.5570469798657718
2784520.057224329,0.22729812323491938,-0.08481526275869691,1.8194604191084167,0.5436241610738255
1534707.4571875846,0.08944452499338729,-0.08506207867673371,0.8632421315066677,0.4563758389261745
1954484.4539248238,0.14342173692429738,-0.12394072936519994,1.2599629411833388,0.5167785234899329
2055021.8877579523,0.15495028501893193,-0.12449743859249875,1.2880801038998633,0.5100671140939598
3762377.6097016754,0.30344429705777265,-0.05051130634443319,2.045219715397833,0.5637583892617449
2317012.897579236,0.18300257585587287,-0.15488060624565073,1.6219288432276178,0.5369127516778524
3537558.797838485,0.2874807176044034,-0.05648713491589837,2.0952067982229363,0.5771812080536913
2366965.4595126193,0.18806002716628023,-0.07683646296031899,1.5585406699758715,0.5167785234899329
2861075.1767882626,0.23397355879999493,-0.07412032995510874,1.9477287811288173,0.5771812080536913
3116482.4937108285,0.2552578278377269,-0.07784393157432515,1.8293191008763696,0.5503355704697986
3428745.877487947,0.27946102135393547,-0.04796619552076216,1.8152063743519724,0.5033557046979866
2593266.8900111006,0.2099556253541377,-0.08308637616440347,1.844532850819004,0.5838926174496645
4105283.2085371995,0.32638201537084655,-0.04265047737420418,2.635425989608562,0.6241610738255033
2439019.194597169,0.19520676773978596,-0.08815806952303933,1.7774530169672422,0.5771812080536913
3336100.6923401933,0.2724708143723007,-0.08413042432360568,1.8393183540365767,0.5369127516778524
2830353.666473683,0.23131208286748928,-0.07606168689144502,1.7467049900459395,0.5369127516778524
2130497.2598328083,0.1633119677644983,-0.09193851070710253,1.3368187806702843,0.5100671140939598
2228776.046157755,0.17385184339719717,-0.08640111804628438,1.4116840068396117,0.4966442953020134
4121710.737881791,0.3274418392908629,-0.12417830267742937,2.195438386838783,0.5704697986577181
3131884.857087702,0.256496136033038,-0.05278590231193861,2.1112100297733285,0.6174496644295302
2429442.4856268116,0.19426670404536184,-0.04968061219440657,1.8443237454405703,0.5436241610738255
2875882.4356549825,0.23524818852620588,-0.07259225291050213,1.9065235416357071,0.5637583892617449
3279354.7753302506,0.2681121996659157,-0.07416652331754454,2.1329077752431407,0.610738255033557
2583153.9398688553,0.209010458255807,-0.12493211722194754,1.7986432284088472,0.5503355704697986
3079389.6764024347,0.2522554483160908,-0.06252450624794816,2.0596922881803885,0.5906040268456376
2874502.312314924,0.2351296077262197,-0.11918244254512107,1.6699008662821018,0.4966442953020134
4135434.394778095,0.3283246349671227,-0.11567160088467185,2.1983344626441714,0.5838926174496645
2118118.4415253797,0.16195697771558337,-0.09488870040623221,1.3684903908051824,0.5167785234899329
2688588.162591658,0.21872257662094818,-0.09579482311006358,1.647723046215318,0.5167785234899329
3232908.947577337,0.2644995951731073,-0.04612424432547912,2.135142600410733,0.610738255033557
2640529.35717638,0.21433412613499225,-0.08225091920439008,1.8845012361661244,0.5906040268456376
3822406.1128209606,0.3075772786752107,-0.06401880871366668,2.2019973084752946,0.5704697986577181
2170941.610952401,0.16769555925366264,-0.07410804219297897,1.441101767741377,0.5100671140939598
2288175.9146218384,0.1800431330770711,-0.05736572227961404,1.7040496467442023,0.5436241610738255
3903020.314115394,0.31304666913646484,-0.05907721074331346,2.242719082911064,0.5838926174496645
2282260.8273109025,0.17943240320271925,-0.17289439000606596,1.483705302461966,0.5167785234899329
3329195.342685054,0.27194360366278425,-0.09332116747452614,1.8684270727799563,0.5503355704697986
3474308.3850968853,0.28284348487405064,-0.11481044545768646,2.0964629876356016,0.5771812080536913
3435574.5477142506,0.27997024926190495,-0.05907334318108711,1.9742527960557401,0.5838926174496645
2913112.462165703,0.23842996096291014,-0.05957460831118211,1.7848023043774972,0.5503355704697986
2554406.323264322,0.20630741150813825,-0.10062415164306712,1.6229458559536465,0.4966442953020134
2405413.3021881827,0.1918948456353191,-0.11622202055633554,1.6653032752692645,0.5436241610738255
3964508.094580107,0.3171579629950787,-0.04618552167920679,2.494113712752785,0.6308724832214765
2950777.693378454,0.24161599395934696,-0.04844101959144332,2.0057392958808253,0.5704697986577181
2522741.2522562672,0.20330173191183576,-0.10527602785841182,1.5335333370824327,0.5234899328859061
1823055.743319627,0.12761278068201087,-0.053017369967366654,1.2007307126448394,0.5234899328859061
3216332.887948547,0.26320023649574753,-0.07431496343572248,2.086040839237627,0.5704697986577181
4130391.2798751527,0.3280005014805074,-0.05952419734845123,2.2693190626298216,0.5838926174496645
2623957.4109974834,0.21280605452017198,-0.06172577774100235,1.7289776900639868,0.5234899328859061
2893561.8460965673,0.23676319874624774,-0.09610289649806317,1.612383695623195,0.4697986577181208
3159931.852440621,0.2587385797729971,-0.0963567416670319,2.159052993111603,0.5838926174496645
2472792.665291439,0.19849862681094255,-0.06723020191694305,1.5863195750435162,0.5033557046979866
2406043.040437932,0.19195724681889814,-0.12651459142354535,1.6067680278718641,0.5302013422818792
2018490.774219784,0.1508145754834591,-0.08927837855644308,1.23045469272979,0.4563758389261745
2423703.872457125,0.19370197207093698,-0.07868008681966857,1.5804987812921316,0.48322147651006714
2291678.501598751,0.180404178333478,-0.1199592819047629,1.5173899391128105,0.5234899328859061
1933269.2928698082,0.1409286097626652,-0.11661035573168528,1.261312269366649,0.4966442953020134
2494984.763658025,0.2006421329764294,-0.08207104464358668,1.6160102782246708,0.5369127516778524
3976303.449788603,0.317940803583433,-0.057100048659367575,2.484974736881503,0.5973154362416108
2101697.7865745383,0.16014975691957667,-0.0614264028484454,1.3685024067374616,0.4966442953020134
2484451.588586915,0.19962665709535643,-0.07635401015174124,1.6689210660056548,0.5503355704697986
2241684.0015371274,0.1752083769565127,-0.07448915178475339,1.5513567392002974,0.5234899328859061
2453060.3322280203,0.1965797418262074,-0.09223729242612155,1.5974954651901827,0.5167785234899329
2769669.765304449,0.2259862461276012,-0.12597692139852917,1.7364472112287996,0.5436241610738255
3908722.1345826522,0.3134300842723534,-0.045393933392058154,2.1895409835387665,0.5973154362416108
3493096.5706775915,0.2842279523219846,-0.047417187567340556,2.05142796146102,0.5570469798657718
3205120.5518514565,0.2623182869372578,-0.058432659603345975,2.013912410275824,0.5838926174496645
2143897.0513385935,0.1647716334246616,-0.09101937112367363,1.4192833140673324,0.5234899328859061
3155672.5107969,0.25839906038205607,-0.07446469884193502,1.9066915735648455,0.5570469798657718
2006691.0641539735,0.14946592994322283,-0.11433667773767121,1.207231942728115,0.46308724832214765
2386343.877828623,0.18999902439573635,-0.11510893735654183,1.5099799151501452,0.5302013422818792
5435424.285920127,0.40296452627007673,-0.04915733514676564,2.832716010436773,0.6845637583892618
3581590.2076980253,0.290669890795217,-0.05100703523417735,2.3356134143699574,0.6040268456375839
2716569.760579152,0.22124886304650482,-0.06489253207374501,1.8680241162785969,0.5906040268456376
4349781.032762969,0.3418175846201217,-0.05847100611519584,2.22648378976366,0.5838926174496645
4466044.287054749,0.348915065245085,-0.05496368181984355,2.291142161803198,0.5570469798657718
1924561.2999601236,0.13989893974300105,-0.17778498308850502,1.045500116455672,0.436241610738255
3633241.8921315908,0.2943712636906046,-0.050632617672786207,2.2273693328734803,0.5771812080536913
3319410.0353019843,0.2711950132766965,-0.05425566249494038,1.9901791520340286,0.5570469798657718
2284630.0893444642,0.17967718020100376,-0.1310085165126436,1.5400733967078395,0.5100671140939598
1637840.5514733135,0.10370833921042344,-0.06696060962202445,1.056277210586429,0.4899328859060403
1890340.352899421,0.13581604929725422,-0.14754353238969956,1.2845113518843958,0.5033557046979866
3605295.768083288,0.29237390318739687,-0.09070936151930922,1.9737371009138829,0.5503355704697986
4799292.240221695,0.3684704980842193,-0.052088864813088144,2.392868296179331,0.6375838926174496
3147110.4343865234,0.25771545196268764,-0.09530311430321341,1.874174277028511,0.5704697986577181
2113297.4198690257,0.16142755247562457,-0.09364016080388972,1.457786988634957,0.4966442953020134
3339829.280114933,0.2727551223053646,-0.06377207424955177,2.099589941394375,0.6241610738255033
3526814.302679965,0.2866976822965219,-0.08160325060727883,2.154354963608653,0.5771812080536913
3102804.9188681077,0.2541540768777726,-0.04208358053704147,2.2211443054399864,0.610738255033557
2751327.8248199513,0.22435812625799234,-0.07211543541532935,1.6268908267648283,0.5302013422818792
2751955.451039409,0.22441398068194807,-0.059067889518314834,1.747689774659558,0.5436241610738255
3497595.840884819,0.2845586110237204,-0.05524451244959473,2.0248998988110403,0.5704697986577181
2554254.9513575877,0.2062931142227149,-0.09552408474718689,1.6680801552534479,0.5436241610738255
3457727.0356591847,0.28161665076539677,-0.09435388197516956,2.0662941092604212,0.5771812080536913
1884589.3378071457,0.1351241041821718,-0.09135064471724164,1.1825092012772211,0.5100671140939598
2833107.5910967,0.23155160217026505,-0.05140731027904641,1.9830186933434792,0.5838926174496645
3991670.1640754486,0.3189578882022044,-0.09402378595204208,2.3388015660112855,0.5906040268456376
4247758.679697234,0.3354633294111471,-0.04753936311355005,2.5419666477945837,0.6308724832214765
3116103.2984038065,0.2552272798692248,-0.07022059326171613,1.9061280647407388,0.5570469798657718
3361364.091759181,0.27439221935535874,-0.07898494388917993,2.073141790374517,0.6040268456375839
1702617.263287058,0.11230376307402334,-0.1368151704700985,1.0571757043587593,0.48322147651006714
2788853.953739976,0.2276799250966801,-0.055192694857180535,1.6728119425148191,0.5234899328859061
2741998.7541334913,0.22352669884098608,-0.05902005240286614,2.0161176498062146,0.5973154362416108
2594497.9976781695,0.21007048455907906,-0.0924464701535978,1.7225698375163458,0.5570469798657718
3391836.28965462,0.27669446778514684,-0.05758070881292211,2.2423576408113193,0.5704697986577181
2332206.3776207324,0.18454999633898317,-0.09122272759194178,1.6814122625636154,0.5234899328859061
4086883.3780825315,0.3251909123689367,-0.07997333354887283,2.2598478303688943,0.5838926174496645
3760619.1317410856,0.30332243227224587,-0.07048622793102075,2.4583721910381873,0.6040268456375839
2831349.4945680066,0.2313987153367505,-0.05605257519627138,1.9667028865333378,0.5771812080536913
3587640.973880755,0.29110568993575203,-0.08310409768727833,2.1380233085865723,0.5838926174496645
2778160.8126690947,0.2267370334798109,-0.07675976099868882,1.7790654544088473,0.5033557046979866
3131543.862324436,0.25646877377144883,-0.10305210290229232,1.8509011996148943,0.5234899328859061
1993723.39676407,0.14797645583120933,-0.07034121231442025,1.2776523689847596,0.5167785234899329
2129520.507873436,0.16320528133999423,-0.08921716704299544,1.4260003130572578,0.5033557046979866
2268572.6619703188,0.1780142360525705,-0.11835731909297897,1.5543066641167804,0.5503355704697986
1986025.0803045486,0.1470885525887191,-0.07766504509922872,1.5578108631686254,0.5369127516778524
2306769.865379838,0.18195475966631514,-0.10916558913602939,1.7153314869288547,0.5302013422818792
3186758.511816064,0.2608686042820396,-0.07314188473350675,1.9624513665339982,0.5436241610738255
2960865.689842725,0.24246379244207672,-0.0774015166364034,1.6727916591298921,0.4966442953020134
4390734.169754246,0.3443347620472017,-0.05669046892563542,2.3558716424209383,0.610738255033557
2427619.6573568,0.1940874368457719,-0.09687148339536576,1.5866268759307256,0.5167785234899329
2445789.772462453,0.19586959729045228,-0.0987856089561547,1.577486252476241,0.5167785234899329
3248881.6474327976,0.2657466253380756,-0.09882615990077341,1.9924690825111668,0.5369127516778524
3106029.425665047,0.25441463778567597,-0.1202887128032747,1.8701029822002053,0.5570469798657718
2943437.5755753713,0.2409976695527447,-0.0503551234585133,1.8202122262714495,0.5503355704697986
3646709.9899582393,0.2953294673038038,-0.06677733759707238,2.329770289579747,0.5838926174496645
2799248.4855424017,0.2285937180360771,-0.07596847642391896,1.9939017656566103,0.5906040268456376
2627256.7723449804,0.21311089745192935,-0.06498208271155734,1.749433287959999,0.5637583892617449
2570174.105220202,0.20779300139324142,-0.06106893348513825,1.7793940168595181,0.5570469798657718
2195229.1689982372,0.17029667988584052,-0.06711116402398423,1.4614733526106365,0.4966442953020134
1715018.4259968395,0.11391937539782471,-0.1269435503343828,1.0597191384798743,0.5302013422818792
3474354.38011488,0.2828468814692966,-0.11600917598048216,1.9496560223372725,0.5570469798657718
3518230.0271067945,0.2860707064453012,-0.04878980522297382,2.304330927945887,0.5906040268456376
3420160.3358929623,0.27881962737709154,-0.06508285073619696,2.0982945898402945,0.5771812080536913
2171599.601570872,0.16776633403514052,-0.09810285900659545,1.4773265430177096,0.5302013422818792
2708206.7051116102,0.22049600388560586,-0.08094162027126434,1.8547009022110736,0.5771812080536913
2454143.0332537806,0.1966853494571379,-0.0496518847645075,1.830244524669613,0.6040268456375839
3267242.1274962937,0.26717403092371717,-0.05949451503745664,1.9904866847984015,0.5302013422818792
2498792.244893293,0.20100835841521159,-0.07438614534709553,1.7101929818848887,0.5234899328859061
3221617.2821974973,0.2636150483748536,-0.0986319737414675,1.8358587670404347,0.5167785234899329
3797701.916191922,0.30588271879330153,-0.043820986889664584,1.993330688385785,0.5436241610738255
2725787.592988311,0.22207652588332238,-0.06028237376117918,1.6431854338455147,0.5369127516778524
3774026.181438074,0.30425040944025517,-0.05556570931957559,2.139668450544817,0.5838926174496645
1889253.7589503028,0.13568544268877503,-0.09452354531752137,1.2661739265199856,0.5167785234899329
3195450.910323942,0.26155569957521685,-0.07775420629152523,1.9395418667651403,0.5570469798657718
3059514.5682925396,0.2506347883769744,-0.06516422936621853,1.8343179171061406,0.5302013422818792
3353425.533416122,0.2737897015990276,-0.0996611198724821,1.9081426833547621,0.5100671140939598
2686717.265233539,0.21855291584472436,-0.08612663742959695,1.7246205546805669,0.5167785234899329
2775694.5814365214,0.2265191560959514,-0.075541345485711,1.6419464068383278,0.5637583892617449
2560395.3456242043,0.20687253977559217,-0.12688454312388592,1.7642985923390837,0.5503355704697986
2210379.8901557825,0.17190763620572547,-0.0703758557022062,1.6040948112653104,0.5637583892617449
2579077.413765531,0.20862862450521202,-0.07839154925797194,1.7644486907527601,0.5704697986577181
2752638.387711729,0.2244747457801537,-0.08012174549980315,1.7284345800916983,0.5503355704697986
3123575.8337500617,0.25582871987691624,-0.0637559852956321,1.849263912234815,0.5369127516778524
2946637.281591158,0.24126736117107672,-0.06109059146028827,2.0656851868621215,0.5838926174496645
2693273.506502298,0.21914704908338933,-0.07251790296115045,1.8238969711827073,0.5704697986577181
3709205.068220519,0.2997390548321959,-0.04495671777533259,2.407815772690712,0.6308724832214765
2160992.7624802133,0.16662334429132297,-0.10031678866881816,1.644086847958196,0.5234899328859061
2472727.561400105,0.1984923159101386,-0.07236222104635723,1.614713739360732,0.5436241610738255
2900718.33640166,0.23737435835629106,-0.07660240036261075,1.8985482710291042,0.610738255033557
3665046.418253737,0.2966294932516249,-0.11786923959038034,2.207990737168178,0.6040268456375839
3058561.3738105167,0.25055685138794104,-0.06534751641988383,1.8754512953121947,0.5503355704697986
5839320.533044578,0.423221392605162,-0.052577441498551966,2.6237361944873823,0.5771812080536913
3467039.9942358076,0.2823062832626395,-0.06492747691913378,1.9768545256671832,0.5771812080536913
1847760.6957645642,0.1306524938245961,-0.07029824719897897,1.1541153367235337,0.4697986577181208
3872550.5329744904,0.31099011994855186,-0.08686112852828533,2.069945520305406,0.5570469798657718
1918957.0876876498,0.13923430105104462,-0.07188406455666756,1.2846675420316997,0.5302013422818792
2995804.946174871,0.24538235069148828,-0.08413559268850151,1.9376358648829044,0.5771812080536913
2306014.407081524,0.18187733239117665,-0.17847776701925314,1.3975525906197759,0.4966442953020134
2218014.1815778227,0.17271603568957317,-0.1097737805439482,1.411817478664071,0.5167785234899329
3644890.9428434577,0.2952002146011148,-0.049070477218287854,2.1913402922768506,0.5838926174496645
2721281.699985709,0.22167222506701467,-0.08749266426662725,1.8086071722276378,0.5234899328859061
3370844.7219971074,0.2751102869780686,-0.055901902566233126,2.0975881716572693,0.610738255033557
2587223.149167887,0.20939112620313027,-0.06140815768782858,1.744781997416261,0.5302013422818792
1997472.9165554922,0.1484079225109265,-0.13267832765238258,1.2814795569840207,0.5167785234899329
2216061.460566886,0.17250947306953002,-0.08453715598713954,1.572902647733919,0.5436241610738255
3048502.8734267834,0.2497332415593121,-0.12950448325755035,1.8391419116967074,0.5369127516778524
2414827.7528452096,0.19282637031914462,-0.12276741842383518,1.4261397367877522,0.4899328859060403
2259788.389291039,0.17710052820297806,-0.06817502332900321,1.6393038789519545,0.5302013422818792
1788679.0654409546,0.12332774289545534,-0.10307494751922558,1.1064052881971858,0.4697986577181208
2061801.175808744,0.15571129192980182,-0.05962534054136047,1.3096565277729537,0.4966442953020134
4329982.523017309,0.3405938683892684,-0.08352897923176059,2.3472796780626948,0.5771812080536913
3850494.057833871,0.3094933325532794,-0.056717623397454245,1.9260505331101454,0.5234899328859061
2785060.08159872,0.22734572350203597,-0.058140271722342395,2.0426900604773603,0.5973154362416108
2345688.181745321,0.18591634812300373,-0.11442530015949601,1.6835586008098462,0.5570469798657718
2862317.6423578267,0.23408071455888146,-0.03314919509043672,1.9204266148974716,0.5704697986577181
2562927.5441562985,0.20711116172446298,-0.06509116067480922,1.6772664273867297,0.5167785234899329
4136125.2569216248,0.32836901375782834,-0.08672127234773104,2.2536857780318056,0.6040268456375839
3065473.3375197547,0.2511215613631428,-0.07824964104282296,1.6859295028629862,0.5302013422818792
4626450.357343318,0.358468527495327,-0.049637228920593815,2.6367390221813936,0.6174496644295302
1832781.405427948,0.12881334224157048,-0.09011100580327618,1.1494228399936124,0.48322147651006714
2735715.981704633,0.22296548815836315,-0.05192312316491207,1.830108768238148,0.5503355704697986
2705050.338339137,0.22021137788475498,-0.07766774945731005,1.6396278486184728,0.5503355704697986
3016873.4957207986,0.24712911989750497,-0.04699685060430408,1.8600918177538952,0.5167785234899329
2686637.668326916,0.21854569556938364,-0.08296904039367482,1.773730592595607,0.5704697986577181
2130846.304400971,0.1633500829148138,-0.09973601817032617,1.5531369624458313,0.5369127516778524
2618086.8644775455,0.21226288910557223,-0.09362001149570799,1.6908030304548218,0.5570469798657718
3311481.355217034,0.270587161760363,-0.06678625332816918,1.9954990980245333,0.5771812080536913
2710501.3599972236,0.2207027582971941,-0.06813781861231576,1.6734947251114065,0.5436241610738255
3991106.520252782,0.31892063740596965,-0.08316394084473881,2.023575278385534,0.5503355704697986
1922943.699799133,0.13970725751982038,-0.06775283614059091,1.190350972937607,0.4697986577181208
3121711.0548048643,0.2556787377721732,-0.11006453415370421,1.8093511247452552,0.5302013422818792
3124872.9102861993,0.25593300007091946,-0.06956746702931792,1.8477892113581325,0.5369127516778524
2105650.9565462065,0.16058586362330907,-0.0919272840735844,1.4547416108332094,0.5033557046979866
4025190.5613839547,0.3211656972103043,-0.09590647166293216,2.2403494115198526,0.5906040268456376
3319055.742728094,0.27116787627477934,-0.06033175592756267,2.067103882016236,0.5906040268456376
2718202.848108936,0.2213956604458991,-0.09618090626562172,1.7934084312031076,0.5302013422818792
3263954.7678599483,0.26691893294602664,-0.10028208058608153,1.9057245638706193,0.5503355704697986
2491682.4753843457,0.2003241376704008,-0.08595370398900525,1.748564630064013,0.5302013422818792
3671480.6426189635,0.2970844371600039,-0.07516717360813763,2.248697118315948,0.6241610738255033
4024232.44447556,0.3211027957544046,-0.06366609485021074,2.4214742199572434,0.5906040268456376
4173963.9251846755,0.3307906418638822,-0.06219570896308909,2.59976693966648,0.6174496644295302
5294334.393753097,0.3956042188565623,-0.06442617675349212,2.7236822986212155,0.6375838926174496
3467605.198855005,0.2823480894246222,-0.08069553316908662,2.0282907734696902,0.5771812080536913
3111711.5916927955,0.25487326719008996,-0.06209986647371646,1.7242662361176302,0.4966442953020134
2437320.300427691,0.19504021753019707,-0.059883940221038844,1.6472542165482122,0.5637583892617449
3054606.5691422825,0.2502332830543106,-0.0552402804351772,2.164074932295029,0.5704697986577181
2469279.2158455574,0.1981578574752838,-0.10929424346650812,1.648717260716849,0.5369127516778524
3017798.757532827,0.2472056083161278,-0.09256176940133409,1.8370706729842403,0.5436241610738255
1920305.0761978882,0.13939430915550366,-0.0840593777526977,1.4804051213564304,0.5302013422818792
2013351.8653202394,0.1502280022768383,-0.08524693821392193,1.3340417223942744,0.5100671140939598
2881341.123276128,0.23571675569214756,-0.11313240262703031,1.657128763088926,0.5302013422818792
2719925.1282398417,0.2215503989004639,-0.09131288373744391,1.776807750525359,0.5302013422818792
3396912.5156624615,0.27707637970103094,-0.06145985666151512,1.9943369104319837,0.5637583892617449
2210115.3368338305,0.17187958248488533,-0.07040130051524332,1.4568717634683181,0.5167785234899329
2496262.152207148,0.20076504935995043,-0.06454574157567237,1.7592962095823828,0.5704697986577181
3413003.9985571452,0.2782840189291518,-0.05425832731209261,2.2281219371312058,0.6308724832214765
3238312.203140932,0.2649219919354482,-0.06400691088967908,1.9296718244871465,0.5436241610738255
3963754.3890130557,0.3171078773467084,-0.04756065241330864,2.634579654830298,0.610738255033557
2552832.626205637,0.20615874053188077,-0.0729478961732478,1.7028367987207846,0.5234899328859061
3233627.759531127,0.2645558204867211,-0.059024709787218285,2.0011437793354068,0.5369127516778524
2380413.9789755344,0.1894070226788116,-0.06950979065129467,1.713332756218198,0.5570469798657718
2068112.0051378792,0.15641791519652104,-0.08843426522835456,1.6942692383054816,0.5637583892617449
2576653.7616142766,0.20840138067939207,-0.10460114048171316,1.7061154985577767,0.5302013422818792
2680899.8639147114,0.21802476507684165,-0.0597738419039566,1.8188374800049438,0.5637583892617449
2669006.390931789,0.21694211961431686,-0.0780637984833942,1.9245012677609243,0.5570469798657718
2738111.474694537,0.22317958784592729,-0.06631835271901215,1.7633549271947666,0.5436241610738255
2883344.022634548,0.23588850407579676,-0.07410571419514698,1.712167960712051,0.5570469798657718
3287259.5484037795,0.26872295932277845,-0.06961012931621663,2.2013081711232854,0.5973154362416108
2767458.8475949434,0.22579045234429151,-0.05993508100257151,1.6906092644169808,0.5167785234899329
2688064.4516043607,0.21867509384547779,-0.11774902412666675,1.7778104783983446,0.5637583892617449
2481990.388178034,0.1993888829093453,-0.0981885086017359,1.6280732065913643,0.5570469798657718
2679919.569088547,0.21793567573248818,-0.06112388342020658,2.052419531969286,0.6040268456375839
2322491.3722360944,0.18356147897263786,-0.1431307024815796,1.4370291607477403,0.5033557046979866
3924752.661146191,0.3145056542133138,-0.06579013227208473,2.1669581129720443,0.5704697986577181
4038526.092552384,0.3220399487158474,-0.06020365230036226,2.340029506647632,0.6174496644295302
3526041.234548246,0.28664126922148636,-0.08171993544058688,2.282522476893045,0.5973154362416108
2924711.561965586,0.23941460190316266,-0.09337794834329126,1.936342233132637,0.5637583892617449
2855280.9339757077,0.23347334534536635,-0.05989150397535483,1.6875578362222599,0.4966442953020134
2436103.750695275,0.194920896634605,-0.10630704423690311,1.551278650742131,0.5167785234899329
3434035.6997797512,0.2798555649468357,-0.09354240994825208,1.9129284904093453,0.5436241610738255
2725610.6447492475,0.22206065891664095,-0.06150084147181496,1.9282313908677118,0.6040268456375839
3524848.61972649,0.2865542211701726,-0.06889862071727715,2.0312346991765655,0.5838926174496645
2759569.8841557307,0.22509080245439428,-0.10122232676723222,2.018322073649178,0.5973154362416108
2054891.2673477568,0.15493560255578243,-0.07161491874676137,1.503099058632291,0.5570469798657718
3826575.444355718,0.3078624051618246,-0.047192601623187114,2.3366570396116706,0.5771812080536913
2375480.923853677,0.18891363957412421,-0.05782017885846783,1.6566815020245151,0.5369127516778524
3458895.911017494,0.2817032884659887,-0.06330071484124077,2.1038821645029158,0.5570469798657718
4174240.652765625,0.33080828728276246,-0.054374732398056354,2.3253615301777133,0.6308724832214765
2314639.418956827,0.18276011000357273,-0.12272856106468517,1.5913725237197625,0.5234899328859061
3045303.229376946,0.2494707926435462,-0.07300371228457996,1.9393070061488953,0.5771812080536913
2834504.3742571673,0.23167301453063693,-0.06648815811535072,2.02121520915755,0.5637583892617449
3118522.442933193,0.25542211511014123,-0.08877087345603625,1.8601180497284986,0.5234899328859061
3354246.8821810237,0.27385209291219015,-0.05900987089102935,2.020210610426543,0.5771812080536913
4378187.698997712,0.34356559826939637,-0.0702093781854742,2.2589186447638796,0.5906040268456376
4225958.017880602,0.33408971383152264,-0.0498557038253859,2.62078975131213,0.6577181208053692
3879467.0736342636,0.31145808261742625,-0.06541908848245602,2.2769864750608826,0.6040268456375839
4618579.0722252,0.3580059621709635,-0.07076439372856541,2.3567720750826604,0.5973154362416108
2858693.405409756,0.2337680401133031,-0.08134398685587693,1.903182738803585,0.5771812080536913
2411562.990729272,0.1925036639041955,-0.09049763080143454,1.4307155038682844,0.47651006711409394
2082888.0650489952,0.15806566687863444,-0.07751158370834442,1.3491560783263392,0.5570469798657718
2496844.2976827556,0.20082104946737145,-0.07149064839286254,1.6073233844408092,0.5503355704697986
2378848.621699599,0.18925055099900634,-0.06289019474146049,1.5409236770199723,0.5100671140939598
2666897.8429034315,0.21674977896178982,-0.0616894596244191,1.974408370890612,0.5838926174496645
3131595.4362445455,0.25647291234310066,-0.09983409458803065,2.2280731999584273,0.5771812080536913
3083958.681307267,0.25262683155686116,-0.04771026464627214,1.977837193550472,0.5637583892617449
1647243.3472170837,0.10497271064573788,-0.07363094910900875,1.0075949303083034,0.4697986577181208
2288626.0868890495,0.18008956140361576,-0.08203741344763174,1.5132975178306338,0.4899328859060403
3528444.879656171,0.2868166379057131,-0.06444798154732845,2.1254873518039052,0.5973154362416108
3152134.819769771,0.25811678617932454,-0.07953973791908267,1.9490177161779134,0.5503355704697986
2814371.565107598,0.22991836629788365,-0.09353186204013755,1.759627306720114,0.5100671140939598
1670255.600883936,0.10804293084858374,-0.110579132861222,1.024424192226401,0.4899328859060403
3652379.8674273877,0.2957320107501602,-0.061684453606751295,2.094304347392923,0.5838926174496645
3251915.594846228,0.26598293896584235,-0.07799571027380006,1.7841813845687162,0.5167785234899329
3469504.686662945,0.2824885478033723,-0.0728477475369282,2.085974673925943,0.5302013422818792
2517670.651994577,0.2028176257067389,-0.10255418119563371,1.6963942867730573,0.5369127516778524
2684152.779243365,0.21832020392357743,-0.11763208292272001,1.7241055848991167,0.5436241610738255
2347398.6797170187,0.18608925397637877,-0.10661486091188642,1.3859515233488704,0.5100671140939598
2953709.626269562,0.24186263326439938,-0.08004094226005452,1.8243115177664022,0.5167785234899329
2679789.292745589,0.2179238342359755,-0.045398982272963156,1.8732272331771525,0.5503355704697986
1941869.8740555358,0.14194194340731192,-0.055542995601664535,1.2674081689200598,0.5302013422818792
2950947.4665876697,0.24163028092385463,-0.06992177284519195,1.9066536625982518,0.5637583892617449
2667948.6331401262,0.2168456467006865,-0.07848885853354416,1.9600343346848503,0.5973154362416108
2188787.9838356976,0.16960910151711128,-0.11014533898821337,1.3676810309948713,0.5234899328859061
2542499.0658445284,0.20518067842568644,-0.084615703149449,1.760556923685964,0.4966442953020134
3116261.70003535,0.2552400410640441,-0.06188047161385685,1.9652037918787166,0.5570469798657718
2580944.077790336,0.2088035281883922,-0.053275207335067964,1.8398310506898823,0.5369127516778524
2361795.045587377,0.1875405319244603,-0.12443498526661444,1.480731035013136,0.4899328859060403
4853072.861054304,0.3715238442679538,-0.04900948052314223,2.4098017086484744,0.6040268456375839
2079084.1125981472,0.15764236536562848,-0.09332445635366704,1.4532221959452474,0.5570469798657718
3188042.160121455,0.26097016523340266,-0.06856633867671624,2.0270160097699614,0.5570469798657718
3128973.1697932044,0.2562624183019617,-0.06692678599493464,2.0555632781958626,0.5704697986577181
2788329.028700447,0.22763370622192958,-0.07114852262734397,1.9237897738735394,0.5704697986577181
2271111.621736354,0.1782778020147222,-0.10256371826495678,1.6041174789137616,0.5704697986577181
5148824.083241941,0.38784706327094476,-0.06039677672095969,2.491950253417895,0.5906040268456376
2073771.3033178523,0.1570501209972841,-0.09743245999398188,1.279677722025269,0.5167785234899329
2400200.6028408017,0.1913778133161621,-0.08830322706381633,1.555186485067241,0.5436241610738255
2909169.647495657,0.23809454339311453,-0.1255570495051103,1.8045488361998585,0.5570469798657718
2194284.8638708843,0.17019597902307892,-0.07378832411720031,1.3616559798708647,0.5436241610738255
3269454.8154789736,0.26734561915631083,-0.08790563167161795,1.789905736373906,0.5167785234899329
2348024.3448271444,0.18615247421799652,-0.05174465487023354,1.7478065640504363,0.5369127516778524
2919277.521368968,0.23895369899952512,-0.09249729828565055,1.6732852700684193,0.5369127516778524
3350536.4685301348,0.27357014521369494,-0.0483374946840569,2.105327514637511,0.5570469798657718
3037603.817320419,0.2488383476224596,-0.05109670896066504,1.9951075666188318,0.5570469798657718
1977256.2939133723,0.14607382359840693,-0.06697476313267836,1.4057021082905423,0.5100671140939598
1874602.5423721487,0.1339184984984707,-0.08629095038630354,1.090566985723056,0.46308724832214765
3093154.5140503114,0.25337296557133526,-0.06530798469624631,2.0636692435451587,0.5771812080536913
2383098.615000691,0.18967518489416957,-0.07956025703143257,1.667062316862343,0.5100671140939598
2192241.96441158,0.16997800518245398,-0.05889995125468941,1.4757498836275806,0.5570469798657718
2515148.7631489746,0.20257656252685474,-0.08592182516434367,1.6572582661947104,0.5369127516778524
4277063.0023699105,0.3373008773114041,-0.040674819828941215,2.4676053050011793,0.5973154362416108
2524171.8579646535,0.20343817555029564,-0.07367252905059068,1.7538204447822605,0.5704697986577181
2441770.475284633,0.1954762913719872,-0.05575569347426839,1.6982116372544804,0.5302013422818792
3417961.166555723,0.27865512839157947,-0.06856634277166569,1.9884315050444674,0.5167785234899329
3789414.0372039243,0.30531224441896354,-0.05534213595689601,2.140990596352641,0.5637583892617449
3057207.82357593,0.25044614631919004,-0.09631475425412897,1.9234023436655603,0.5973154362416108
2577145.1035811133,0.2084474631633615,-0.06988098360441232,1.6686151146431651,0.4966442953020134
2335820.3406103845,0.18491688229589398,-0.09051707498440402,1.5865574058906,0.5234899328859061
3270492.260054209,0.2674260383124998,-0.05402196349214143,2.115057167427751,0.5906040268456376
2747950.8574965033,0.2240574242647424,-0.0744235854788201,1.7353191953965172,0.4966442953020134
2412591.4691331624,0.19260536185686283,-0.12160907188921606,1.6460824067633697,0.5503355704697986
3030353.6770327617,0.24824163321046888,-0.08842164777726336,1.9647850364560782,0.5234899328859061
3995464.448553576,0.3192085401603395,-0.08981028031334519,2.22832054868352,0.5503355704697986
2369237.6771924486,0.18828804021107448,-0.0633851666184775,1.8950103572284693,0.5771812080536913
3735066.0985289807,0.30154640925327514,-0.0727831766846829,2.2358128463581814,0.5771812080536913
2503392.047443102,0.20145019891297045,-0.07165311186894878,1.699961148979422,0.5167785234899329
2005417.0827089616,0.14931994132410598,-0.07377237032753536,1.3743225176475335,0.47651006711409394
3397511.0089343246,0.2771213774899073,-0.048201220633216045,2.0624905586771485,0.5771812080536913
3553006.035339779,0.288603151168366,-0.10299365871432786,1.9659608872665817,0.5369127516778524
2887027.9750458426,0.23620415349660662,-0.08040000242818439,1.8210991001214376,0.5637583892617449
1970062.476030155,0.14523865911365963,-0.06644560145326955,1.302584454547571,0.4966442953020134
1711222.3193758612,0.11342581736829915,-0.14296209240004812,0.9473547276469956,0.4697986577181208
2729944.5712744966,0.2224490456956223,-0.08569835910831139,1.7898410748680622,0.5369127516778524
2314464.7622831482,0.1827422598641284,-0.08793450423550091,1.4700440876195153,0.5100671140939598
2726989.086817732,0.22218424216984545,-0.04906132834635113,1.835960048256088,0.5503355704697986
2549057.1163403615,0.20580175977694792,-0.08605431401239759,1.6039645659845896,0.5033557046979866
2840477.0822946243,0.23219163999414305,-0.04744178367795084,1.8554913988417574,0.5436241610738255
3642067.7740948237,0.2949995116314641,-0.06990815979608841,1.8904400984888665,0.5369127516778524
2586835.3229292613,0.20935486634378675,-0.06874557711645245,1.7602703400739783,0.5704697986577181
2172298.073690928,0.16784144431866999,-0.07536941441128017,1.7669514293720516,0.5637583892617449
2337809.8519065394,0.18511866175068015,-0.06463167325538667,1.5136350510434178,0.5033557046979866
3359193.6950071407,0.27422760455557205,-0.04893386104100663,2.1823278705674833,0.5973154362416108
2357872.1847784305,0.18714577672421173,-0.07840853241688214,1.4222814968456061,0.5436241610738255
3747123.4076065486,0.30238564059341266,-0.0697077229495464,2.3153477612814304,0.610738255033557
4040523.7351736473,0.32217071132110586,-0.07040082821156118,2.3847602753541923,0.6040268456375839
2999996.703995476,0.24573066588640957,-0.06890911869203212,2.093849187724081,0.5838926174496645
3765456.2304934156,0.3036575397653294,-0.04715505796407617,2.4393784320178953,0.610738255033557
2795214.974022104,0.2282394511216086,-0.0714120915191289,1.9709991839244885,0.5704697986577181
2647657.548762763,0.21498904591646095,-0.05390701315323742,1.7518910879133744,0.5704697986577181
1767975.4826650897,0.12071516238217384,-0.07870130837380675,1.08040979012407,0.48322147651006714
3289256.2454913356,0.26887704756194286,-0.050876279868546724,2.1288957002455766,0.5704697986577181
3769320.813091411,0.3039250252926058,-0.05138153970512789,2.3200584548499856,0.5838926174496645
2163925.690004275,0.16693984379464877,-0.09878057369820345,1.634077065652997,0.5570469798657718
5090930.4686044045,0.38471192750419836,-0.06844471953224657,2.4818991820023832,0.6040268456375839
2257555.1070569525,0.1768677774275731,-0.09514480742541755,1.4216296478965338,0.4899328859060403
2673794.916438365,0.21737847532308452,-0.07295149511705257,1.9239588810220314,0.5771812080536913
3518851.931361445,0.2861161700046475,-0.06218070859965402,2.0680342550805255,0.6040268456375839
3361690.6268924517,0.27441697821235045,-0.04812900242103495,2.1632637612694556,0.5503355704697986
4825858.015631302,0.3699821481546537,-0.06271749946428154,2.2900086714143337,0.5704697986577181
3242497.299051011,0.2652487723701136,-0.12146487210401816,1.9861970284514503,0.5637583892617449
4130793.18796125,0.3280263447157321,-0.06070774510023341,2.372696761872504,0.5973154362416108
3617509.0182367065,0.2932483247147448,-0.09566066054139603,2.2232826647410593,0.5771812080536913
2839192.0095985425,0.23208012756745555,-0.05279345873915976,1.8356014642445315,0.5302013422818792
2786217.6524095135,0.22744773232033255,-0.11184860995805414,1.6151669675852411,0.48322147651006714
2647025.8516166685,0.21493106422087216,-0.08945232142047566,1.693734665325387,0.5570469798657718
3114932.2423116826,0.2551329208298494,-0.07938594862164601,2.047953598984182,0.5838926174496645
3361463.088949625,0.27439972581759053,-0.0819429337510137,1.9658137407567429,0.5704697986577181
2013704.9640258243,0.15026834450783588,-0.13300725389598048,1.415496322581655,0.48322147651006714
2818114.899307442,0.23024536988362443,-0.06380525039205719,2.090203676568287,0.5838926174496645
2648317.1517027915,0.21504957719611406,-0.05950956943034008,1.619326124107854,0.4697986577181208
2521495.988305144,0.2031829147945987,-0.06460052180307066,1.6535094557707646,0.5167785234899329
2570878.9103529085,0.20785923545464646,-0.10338646314604905,1.808860597259197,0.5503355704697986
1506928.1214671198,0.08547170580983265,-0.08526103375307417,0.9924745233624488,0.48322147651006714
4119933.9276433988,0.3273273713326921,-0.10833058566971426,2.217945535143863,0.5771812080536913
2452759.686851641,0.19655040999123252,-0.08686158289525067,1.6676986530835725,0.5234899328859061
4196761.800501031,0.33224121172504306,-0.09510034430242582,2.432066732405418,0.6308724832214765
2381036.9922061274,0.1894692756107379,-0.08696316937620555,1.6210528841843694,0.5570469798657718
2638688.3230373226,0.21416474689069043,-0.07835848798481619,1.9747821004846202,0.5771812080536913
2182690.718394994,0.16895674259922355,-0.13256016176494254,1.4925797027003558,0.5436241610738255
2519468.9561639642,0.20298940466569038,-0.0762957742145396,1.789945099346477,0.5838926174496645
2105636.523653784,0.16058427260398167,-0.07549580971625174,1.3518105855318825,0.5369127516778524
2644552.111596161,0.214703900009805,-0.11944500592356781,1.6308384353363237,0.5369127516778524
2870566.2299849326,0.23479116744797635,-0.05691773796249107,1.8655183805146194,0.5369127516778524
3707735.962758452,0.2996360809446612,-0.06206625305661417,2.128877569966109,0.5906040268456376
3812490.6627090275,0.30689819378723393,-0.12741421540559525,2.0931823341907507,0.5436241610738255
3268090.801347867,0.2672398543738319,-0.06351052689158762,2.302122977067042,0.5973154362416108
1829069.1279770127,0.1283556916418691,-0.10335761993569625,1.2044736207212834,0.5167785234899329
3390662.1542743705,0.27660606612765104,-0.044178707251036814,2.4077001549402026,0.610738255033557
4024022.2555180616,0.32108899500980015,-0.05780913429360918,2.2664075288543795,0.5906040268456376
4163728.0750248674,0.3301372986408324,-0.091559278598296,2.5391178431714856,0.6442953020134228
3229148.166229547,0.2642052645309083,-0.07027524289967955,1.9226957965964193,0.5771812080536913
4397260.671805566,0.3447341755050157,-0.07027231523505593,2.591551738615004,0.6241610738255033
5058861.181647383,0.38296297250738265,-0.07011262580711132,2.527610191051293,0.6308724832214765
2327009.7345607397,0.18402164023955447,-0.11798252551364395,1.5477113066031298,0.5369127516778524
3557510.404190481,0.2889297142342202,-0.07554043251603383,1.9806423946196197,0.5704697986577181
2913017.4463311075,0.23842188218166904,-0.11048615875673791,1.8803194073357752,0.5436241610738255
2199975.6087648473,0.17080231682811076,-0.081687615318712,1.4476827017592984,0.5436241610738255
2236862.2579694195,0.1747023792233393,-0.07432993323352459,1.4634174325451028,0.5369127516778524
3885080.907812729,0.3118374156688064,-0.10141415864026981,2.0466938831188974,0.5436241610738255
2666229.9727045903,0.21668883082056656,-0.0795477420205523,1.8686806925611545,0.5771812080536913
2019792.0336324074,0.15096291624456537,-0.0958577086983966,1.3799015757909376,0.5503355704697986
2644461.7781884554,0.21469560145206867,-0.08188999567176823,1.6779959999259113,0.5369127516778524
2789540.969244886,0.22774040528388517,-0.08212046661982453,1.955290836839565,0.5771812080536913
2678280.1216533217,0.21778662422161932,-0.11443731182284014,1.768327104368017,0.5302013422818792
1985175.02961963,0.1469903413019733,-0.09138488618858912,1.2372305261555072,0.4697986577181208
2698260.1397983544,0.21959816864342985,-0.07827315632712321,1.6771235315662896,0.5100671140939598
2056438.5328590663,0.1551094758967766,-0.09440804376420915,1.430922940679705,0.4966442953020134
3901081.4372604145,0.31291618855408454,-0.07556380417262688,2.3554202763778185,0.5838926174496645
3761133.1633074665,0.3033580600357233,-0.03969503950000014,1.9798602361672089,0.5503355704697986
2836410.893009695,0.2318386573289506,-0.06725611596527424,1.8326958675843763,0.5302013422818792
5670110.070304036,0.41487573303307146,-0.03746289548840677,2.671539047723935,0.6442953020134228
1719688.4643702684,0.1145253618138149,-0.09773553252481679,1.1591421853744723,0.4563758389261745
2578163.5789874066,0.208542962598534,-0.07886533512005485,1.7096164613650877,0.5637583892617449
2039460.481589885,0.15319581831027218,-0.07329983400832552,1.289722702424797,0.5033557046979866
2223502.563931468,0.1732958293569522,-0.08458389429226816,1.446202790377346,0.5369127516778524
3205548.223876705,0.26235197237265284,-0.10266910643761541,2.023360083114311,0.5503355704697986
3486751.3324447474,0.28376105084963754,-0.07373749184214316,2.1059143352623537,0.5704697986577181
2525983.040787375,0.2036108279174158,-0.09663956969008441,1.5454115012463567,0.4899328859060403
2823372.4797141305,0.23070406604876537,-0.07835937196080532,1.7487568264112876,0.5167785234899329
2330248.6368834246,0.18435105846848887,-0.059726589336154774,1.6309096189968169,0.5234899328859061
3499388.232191392,0.28469024200521753,-0.0812309388843166,2.1050812840269284,0.5503355704697986
2654764.7061100034,0.2156406302929097,-0.05030142083901982,1.6359355588681057,0.5302013422818792
1730962.336461186,0.11598285790452079,-0.10440206920272403,1.0433611589778888,0.48322147651006714
3190853.041372855,0.2611924451051033,-0.051836992470152415,2.0163605165417766,0.5637583892617449
2939111.695106929,0.24063268363801638,-0.08052270193876115,1.917861841652059,0.5369127516778524
3002333.476689339,0.2459246716229262,-0.07750174429013348,1.9057996322123592,0.5503355704697986
3489254.8216133905,0.28394534614055567,-0.08147042344090429,2.1157865975935213,0.5838926174496645
2472224.5379716675,0.19844355042659112,-0.07166744673368163,1.626337554047243,0.5436241610738255
3784251.1785936807,0.304956367854581,-0.05007921012592367,2.1773721209275294,0.5973154362416108
3883807.2353742477,0.3117513906747609,-0.05889597359026063,2.058742001075265,0.5704697986577181
2194630.447604894,0.17023283615397977,-0.06897066183443391,1.6118147578366844,0.5503355704697986
2630925.826084737,0.21344953848855175,-0.06566200838230954,1.8182328468097413,0.5637583892617449
2366695.719585061,0.1880329476131266,-0.061882439964381634,1.602445803626199,0.5234899328859061
2516689.581628484,0.20272386978166423,-0.08749962449286607,1.74341944654264,0.5234899328859061
2148765.0918681324,0.16530011146371604,-0.050491285103675516,1.5899659973069695,0.5503355704697986
5263266.53782405,0.3939624425504089,-0.038513772435016046,2.4102387155990956,0.6174496644295302
2380436.164124324,0.18940923969430834,-0.09567329857963745,1.448791175076314,0.5436241610738255
2391079.5338530918,0.1904709562124458,-0.09645248681146124,1.5893424031444177,0.5100671140939598
2569671.643913588,0.20774577372019154,-0.0736263824471713,1.7820833234006703,0.5234899328859061
2124763.1362489336,0.16268509367855777,-0.11936200713370566,1.349235134100291,0.4697986577181208
2339498.7754697534,0.1852898473307394,-0.07711975681228583,1.6867499123304206,0.5369127516778524
2527912.431837796,0.2037946396644401,-0.0709190394117539,1.6625541202045702,0.5100671140939598
3131649.6064896323,0.2564772591992672,-0.07920642971569397,1.8341530193097002,0.5637583892617449
1874293.9815151233,0.13388116728884714,-0.09702926811426353,1.2919564388164015,0.5100671140939598
4102427.636449017,0.32619744180835,-0.0768435415023774,2.2130619843009334,0.5906040268456376
2617454.996107904,0.2122043681646253,-0.07468789892329608,1.6471527756816993,0.5369127516778524
3868699.6109655737,0.3107292825499395,-0.08865204316399025,2.1891163146743624,0.5838926174496645
2939650.0562535953,0.2406781299886236,-0.07312532441779741,1.7351057241137753,0.5167785234899329
3477031.444240925,0.283044512741746,-0.06501452887382504,2.3296989935336003,0.5973154362416108
3220069.169184167,0.26349358174159776,-0.05799482522992498,1.9807135683423696,0.5503355704697986
3494225.2478044326,0.28431093264515805,-0.047009155475353566,2.1529844835658665,0.610738255033557
3296618.8770687194,0.2694445874605913,-0.06865087458444587,2.0549861924667803,0.5637583892617449
2521121.315955092,0.20314715616808066,-0.13552217299627922,1.6457700159434765,0.4966442953020134
2358328.772570896,0.18719174989384135,-0.08493038348718662,1.4658183902427993,0.5167785234899329
3073521.5467084036,0.2517778208735406,-0.06866310005732204,1.826249510186078,0.5167785234899329
1664826.510131145,0.10732166371133323,-0.09793857206165038,1.048091868731051,0.48322147651006714
2065650.1685430969,0.15614246894740114,-0.09544367263018852,1.3918323340779566,0.4899328859060403
2986482.942960141,0.24460633653058106,-0.05436221881387831,1.8237929311338752,0.5570469798657718
2103592.296766651,0.16035883773834803,-0.11962060757137224,1.3356917464378075,0.5302013422818792
2714509.9362547896,0.22106360578115924,-0.06379212612913929,1.609500137540825,0.4966442953020134
3025714.429213426,0.24785920578906007,-0.07458035636160287,1.8047872701367607,0.5503355704697986
1893872.7730700797,0.13624022517654688,-0.07418307036141428,1.3300265876247137,0.5100671140939598
2597968.644660891,0.21039405251712284,-0.08055899089404185,1.6142308829748555,0.5704697986577181
4027925.1437762924,0.32134515977342315,-0.044621511678400026,2.3847625376029558,0.5973154362416108
3174593.486102342,0.2599044914511799,-0.055432052327489434,2.157700588393734,0.5771812080536913
3572687.6806005263,0.2900276249702858,-0.06381840677608155,2.0666625101325096,0.5637583892617449
2602039.395241845,0.21077312768633738,-0.10929063915811976,1.7618713403003654,0.5503355704697986
1897024.5088744008,0.13661815420939427,-0.05563493463915951,1.3151189388927451,0.5369127516778524
2748157.4092014525,0.22407582514304747,-0.06622714638438605,1.8480194158739012,0.5637583892617449
1800134.4756770872,0.12476291830602948,-0.07112071272918684,1.2592444563847522,0.48322147651006714
3442896.854344775,0.28051538979314006,-0.05636488479562154,2.0121849640432816,0.5637583892617449
3030934.387308513,0.24828946994926793,-0.07561551099474234,1.8531065224890773,0.5167785234899329
2401351.456997648,0.19149204036993872,-0.07094287823801143,1.4618228476096797,0.5167785234899329
2749124.3561850153,0.224161951932907,-0.08936280251663782,1.7511182525975757,0.5838926174496645
2743708.09430133,0.22367920817483777,-0.06212553775117383,1.8078279478973707,0.5503355704697986
3072579.2678672886,0.25170105756407835,-0.06253042782816731,1.788231420660883,0.5503355704697986
2992137.4162310525,0.2450772764005249,-0.07759044520945284,1.7723642423874248,0.5100671140939598
2292466.614987684,0.18048535589753834,-0.09233653097967669,1.459378613790542,0.5100671140939598
2026338.9563114753,0.15170809338901226,-0.0549788030552382,1.4559743681986312,0.5570469798657718
4128363.139912092,0.32787005863041574,-0.05812178044192531,2.4461429730050797,0.6174496644295302
2230227.50628397,0.17400469459915047,-0.11012513961922205,1.5483498995240017,0.5369127516778524
2025319.8241213062,0.15159222146251383,-0.11619201240927207,1.273040998143843,0.5100671140939598
3944387.124695036,0.31581825262085506,-0.049356278618916796,2.4324037651112613,0.5906040268456376
1756163.3796473409,0.11921361175750889,-0.08922382946123282,1.1408967154815999,0.48322147651006714
3258615.525215908,0.2665041711890619,-0.045349515130316376,2.0955126779689848,0.5704697986577181
4364055.702966241,0.34269711900020616,-0.06764609955955506,2.206987764774287,0.5838926174496645
2752266.7436329555,0.22444167980467933,-0.06434311317943554,1.8675862253126996,0.5369127516778524
3569373.9776300946,0.2897882334760291,-0.051491444925918776,2.3179363714220274,0.5838926174496645
2279080.849938386,0.17910354855178445,-0.08525325716204472,1.5301357061671046,0.5167785234899329
2195396.9322347604,0.17031456656119293,-0.09740785283131513,1.4355197698669655,0.5302013422818792
1759415.7770803012,0.11962785953426014,-0.08882177355317442,1.2897976730546978,0.5436241610738255
2431837.1278363676,0.19450204318937314,-0.06342152090301902,1.5981402927315418,0.5436241610738255
3718826.157848817,0.3004126197372641,-0.06992003838376952,2.3054198660254577,0.6040268456375839
4151182.7202540073,0.32933478744260847,-0.056257945063037065,2.531557774927153,0.6308724832214765
2335266.5370574007,0.18486069018130924,-0.08843356645004961,1.4348051669856006,0.5167785234899329
3693657.9468331393,0.29864765301932117,-0.04792207752185463,2.556233782100241,0.6442953020134228
3899996.702329992,0.3128431665215399,-0.05942813316491581,2.294767638594099,0.6174496644295302
3661604.5403974247,0.2963858664478296,-0.06745886100516964,2.386618313547881,0.5973154362416108
2889514.129947152,0.23641699084565504,-0.07869353793154632,2.0436974327494717,0.5838926174496645
1848999.9566511144,0.13080411493757338,-0.12922793557549497,1.1884544932196326,0.5033557046979866
1595288.0533339786,0.09791273491015362,-0.1250475939137489,0.8697166011981259,0.40939597315436244
2986901.88039909,0.2446412527143671,-0.08775139072129559,1.8428729388563336,0.5637583892617449
2113634.9625500906,0.16146465149652278,-0.0888990370120409,1.4788596043061326,0.47651006711409394
3760361.564078091,0.3033045786742934,-0.0624906165573752,2.5620922278937317,0.6442953020134228
2951712.693945571,0.2416946691199855,-0.04639553841189296,1.810875768090574,0.5436241610738255
4201913.956359742,0.33256815647799076,-0.040959550129474054,2.33421708402304,0.610738255033557
4248170.107936193,0.3354891983967083,-0.058268915423383826,2.4839296603115373,0.6040268456375839
4225631.548744642,0.3340691006321639,-0.035948106755560136,2.5887525536510783,0.5973154362416108
2404911.0877411244,0.19184507150236896,-0.07865499189643829,1.540874538021732,0.5234899328859061
2510348.86541727,0.20211721348628675,-0.06175931003557903,1.727213211469867,0.5436241610738255
2686462.3075987133,0.21852978790589228,-0.1391318031646611,1.6992292321811155,0.5033557046979866
2228331.158836395,0.17380497700114272,-0.07764225634800961,1.3848388091414474,0.5033557046979866
2656774.043610831,0.21582459334805315,-0.0899508387942988,1.907685998197452,0.5771812080536913
1775926.5582692283,0.12172138721894954,-0.09544213807173149,1.1317238327896628,0.4697986577181208
2978215.0271560983,0.24391644713114413,-0.0769164798432491,1.8304668956591665,0.5570469798657718
1929285.2828108435,0.14045798494388784,-0.06790233669783204,1.3488055932179763,0.5167785234899329
3254236.409632972,0.26616358778366034,-0.08068135131464589,1.9779695517328102,0.5973154362416108
2820116.5275907265,0.23042008203677966,-0.04257467960258303,1.9474383838958127,0.5570469798657718
3391849.320762019,0.2766954487710045,-0.044375153636754885,2.102780961354488,0.5570469798657718
3194378.2915703254,0.2614709947830498,-0.0797768241105534,1.9787945256583326,0.5436241610738255
4099018.1368201966,0.3259769297599746,-0.03977045590541116,2.1817777115212618,0.6040268456375839
3339905.7098550005,0.2727609474805206,-0.057555140694779114,2.203065584730164,0.610738255033557
1933902.6483758527,0.14100335555669852,-0.09503064075287643,1.4880848162208986,0.5570469798657718
3054118.4525025184,0.2501933238211975,-0.10076132535716296,2.007096357923813,0.5570469798657718
4037895.6295070755,0.3219986688347478,-0.05234918507502694,2.370741790702181,0.6174496644295302
4137485.6314106686,0.3284563825638078,-0.07954213014917454,2.202503977851401,0.5906040268456376
2760515.314643608,0.22517473433878354,-0.08394641742813215,1.8217917963771948,0.5234899328859061
5834349.030074742,0.42297896850205197,-0.06967233563208056,2.7341787085379203,0.610738255033557
2608727.013837486,0.21139486134130037,-0.09402363143502433,1.7039510455893512,0.5570469798657718
2257451.8582945094,0.1768570124753328,-0.07023372208023893,1.676281195892914,0.5704697986577181
2157245.825590382,0.16621850268277072,-0.09066705731308161,1.4094850248736484,0.5033557046979866
4917016.572563841,0.3751191635691431,-0.06403599530804405,2.7076605132524496,0.6845637583892618
3608703.2134859525,0.29261810116337394,-0.08835019212983024,2.039508492876105,0.5906040268456376
2764630.180557739,0.22553976955372823,-0.07737899216240297,1.7834453936396502,0.5637583892617449
4350928.938718647,0.34188839819989214,-0.06748618947470109,2.3521582469461224,0.5906040268456376
3110945.502755026,0.25481147231062384,-0.07710895463200519,1.7538916300824252,0.5503355704697986
2320259.869905211,0.18333395297400767,-0.08022808868009126,1.5239894725880634,0.5100671140939598
2411218.9604957635,0.19246963777854753,-0.11150376548293968,1.626952333086933,0.5637583892617449
3499751.3211449264,0.2847169002349663,-0.08542012845873032,2.1169689969127568,0.5771812080536913
2581766.7492027134,0.20888057916730984,-0.08069977001421652,1.4272265014597687,0.47651006711409394
3823040.370601209,0.30762066946089583,-0.06494482079344308,2.415500545317306,0.6308724832214765
2227249.986850186,0.1736910503591469,-0.1010123329223432,1.3999499068846353,0.48322147651006714
2769173.7033887715,0.2259423269089036,-0.08865524685809888,1.9480450208150397,0.5973154362416108
2601289.964978037,0.21070337512367132,-0.07402533699977966,1.8511788247808092,0.5771812080536913
3425065.2859116625,0.27918621552368195,-0.06340760005953018,1.971116861292165,0.5838926174496645
2527459.792932571,0.20375152714905775,-0.06928892593649016,1.7571913261250298,0.5570469798657718
2696926.9923510808,0.21947762981286467,-0.055223363486146336,1.7038233585387412,0.5302013422818792
3373818.9274111725,0.27533522182157943,-0.08147711791381804,1.9964563768401264,0.5570469798657718
2394404.2105518905,0.19080183032225473,-0.05279594509528316,1.7499072806005458,0.5637583892617449
2642079.190173923,0.21447664099830765,-0.070305468552047,1.7815093237122444,0.5570469798657718
4191113.849076224,0.33188243570684506,-0.07006155169345732,2.403010855086116,0.610738255033557
2913862.3909037905,0.23849371672999808,-0.0907646092293935,1.786815656367545,0.5167785234899329
2257352.605169634,0.17684666374608793,-0.104806959846509,1.3001164665765617,0.436241610738255
2206158.252016153,0.17145964498439104,-0.19568783167650589,1.4662375349636607,0.5704697986577181
2780033.4934063274,0.22690237075167663,-0.07825579808571322,1.6438804066482968,0.4966442953020134
1979877.9495528738,0.14637757973222465,-0.10398541796593959,1.2457905047121545,0.4966442953020134
3045964.4246448777,0.24952504487222593,-0.05876678537366387,1.9558217925712928,0.5302013422818792
2638305.2941656527,0.21412949550049443,-0.09686878732326679,1.624306449328133,0.5302013422818792
1945918.9304184355,0.14241776680695928,-0.061365265672758885,1.2396394376914166,0.5234899328859061
2691050.353667379,0.21894571449521782,-0.06896122845417867,1.9171251675895478,0.5906040268456376
4088435.367221642,0.325291545021017,-0.08086471771265527,2.1991725204393604,0.6040268456375839
2885461.3829384805,0.23606996372265066,-0.10414678420948452,1.8051873161910257,0.5302013422818792
2236492.6620313595,0.1746635575280049,-0.1341602423334152,1.2677045638341728,0.47651006711409394
2041753.5355257795,0.15345501938594475,-0.0763365490885563,1.3892113740268222,0.4966442953020134
2455708.868823301,0.19683801655259026,-0.05973417563470582,1.5642348841256049,0.5100671140939598
3846766.6318138237,0.3092397063661232,-0.09035147981927776,2.4261140972644966,0.5838926174496645
2040836.9652510968,0.15335144053010263,-0.07167852987436439,1.352700805916992,0.4966442953020134
2873183.1631576447,0.23501622327398586,-0.06396815612080496,1.9966761624983533,0.5637583892617449
3175408.3935784334,0.25996916746020116,-0.06109938396245309,2.024023970972579,0.5234899328859061
2910728.7989852154,0.23822722477570735,-0.07789251646476429,1.8751070899763136,0.5637583892617449
2979244.6542534484,0.2440024444812996,-0.06087171840033198,2.012819642059307,0.5771812080536913
2041856.2051902313,0.15346661945968632,-0.06828628018844274,1.3337089100661867,0.5033557046979866
1894579.353899531,0.13632499600025105,-0.13605676694219432,1.2506437865232694,0.5033557046979866
2970031.237125365,0.2432320668066501,-0.04837295786763814,1.898495016823828,0.5704697986577181
4039292.7407163703,0.32209013843969103,-0.05674061460191637,2.2942607564883937,0.5771812080536913
2041461.8291614149,0.15342205856137658,-0.12400022273064047,1.3810133107131661,0.4966442953020134
2967838.210772972,0.2430484157882633,-0.05782465417363203,1.8453398610035128,0.5704697986577181
4358127.194875274,0.34233211358654647,-0.054755864961910664,2.416984986184316,0.610738255033557
1933072.063870515,0.14090532967519875,-0.1347768674095451,1.2814796415334149,0.47651006711409394
2282528.0924521335,0.17946002549719453,-0.07099012155569762,1.7213110315064852,0.5771812080536913
