final_value,cagr,max_drawdown,sharpe,win_rate
2474620.5811807765,0.198675763149875,-0.076730360084872,1.718148564187934,0.5673758865248227
3665496.0069871605,0.2966613030211689,-0.06721777952763931,2.3497298601223364,0.5957446808510638
2840893.179910129,0.23222773829372012,-0.053232952540386104,2.106056219244899,0.5886524822695035
2522492.9121669796,0.20327804023702023,-0.06274672145842021,1.7516832304400543,0.5815602836879432
2877329.7286883164,0.23537249168307728,-0.04761925125188476,2.1178998637155475,0.6028368794326241
2521146.143066168,0.20314952579228196,-0.06537594610588059,1.6260097072175719,0.5035460992907801
2494085.1202342203,0.20055553480226784,-0.09955190125121954,1.7921535844335834,0.5815602836879432
2409497.5084558995,0.19229932012634188,-0.10520251136890003,1.4905786616232835,0.48936170212765956
3141551.1021827995,0.257270789853866,-0.05220356036769023,2.21624326752815,0.5886524822695035
3976362.7532176008,0.31794473476944995,-0.05546101067205645,2.1157170150706714,0.5673758865248227
2614067.1303945286,0.2118904056705837,-0.07526347954716885,1.7202105838555095,0.5319148936170213
5052727.182961222,0.38262743412692735,-0.04090181332542409,2.7660534002443264,0.6453900709219859
4220032.149705122,0.33371535716415135,-0.047646848585695754,2.3337627411067596,0.5815602836879432
1973268.6744702314,0.14561118277261542,-0.15084431001190673,1.3871782122562222,0.5035460992907801
2584999.8339086366,0.20918319806328345,-0.15567798561577645,1.6861185213304597,0.5886524822695035
2775287.100819895,0.2264831426140772,-0.060252122423856885,1.9591334668492923,0.574468085106383
3241374.3100367202,0.26516112034028416,-0.07426608664571122,1.875541992828458,0.5460992907801419
3497240.683411505,0.2845325222963224,-0.05130286556192677,2.0033970110611388,0.6028368794326241
2555641.980500062,0.20642409569675402,-0.09211266372746521,1.745110262976105,0.5673758865248227
3756348.4726229836,0.30302628018993394,-0.05176949835230537,2.3421947547990976,0.6312056737588653
2887961.9968379275,0.23628413140026838,-0.056062959071231606,2.0967935410887,0.5886524822695035
3643748.6302021784,0.29511902100109166,-0.07110132402666584,2.145773858663909,0.5957446808510638
2011278.9308271052,0.14999105115938516,-0.1342213474328348,1.3626282188926997,0.5319148936170213
1866634.3099942198,0.1329528828547497,-0.08013708145744564,1.2126053054833295,0.5460992907801419
2853456.3378596106,0.23331566095482836,-0.050953917516925816,1.888774324684597,0.5815602836879432
2309842.299263753,0.18226944599166006,-0.06428309303052324,1.5693525341104968,0.524822695035461
3122336.801212259,0.25572907385084886,-0.04449924399292246,1.9406970918188504,0.5460992907801419
2509508.9572535297,0.2020367622607524,-0.10289012198101322,1.7158294427346263,0.5460992907801419
3361495.494979986,0.2744021829665082,-0.09104817563717679,1.9690130534339942,0.5531914893617021
4193655.2241120096,0.3320439198473648,-0.037951253899910845,2.5977990078925157,0.6382978723404256
2909158.6747235227,0.23809360942559477,-0.05924125794655227,2.1306686570059883,0.5886524822695035
2767175.1461953237,0.22576531934344501,-0.06926719411000204,1.8580950270091992,0.5815602836879432
2330726.6027020556,0.18439963979802787,-0.10739229110846779,1.6435822772976951,0.5460992907801419
3155423.3631564938,0.25837918905146284,-0.0759236623879418,2.1103480690750476,0.5957446808510638
4437977.137362875,0.34721531786004056,-0.05952714886890189,2.437208489518417,0.6028368794326241
2542986.4745640703,0.20522688261433353,-0.0696624306082753,1.8049229694101732,0.5460992907801419
1861481.6014296599,0.1323267042196501,-0.06582792701904845,1.570307927636758,0.5673758865248227
2235238.8694720767,0.17453182315433113,-0.08212291467871889,1.6115111651827174,0.574468085106383
4643087.655180726,0.3594441698540942,-0.07471634213044069,2.5440047758594604,0.6099290780141844
2094549.599870557,0.15935951272326276,-0.09528766273837742,1.4219106059700604,0.5390070921985816
1728770.505447515,0.1157000919943183,-0.06365825531950431,1.2175727043204245,0.5390070921985816
2258019.14928922,0.17691615467005906,-0.07779956338552467,1.500317217371559,0.524822695035461
2249587.0009260974,0.17603584428346508,-0.07715786357988705,1.4807608311494742,0.5390070921985816
2173984.106183036,0.16802267244996405,-0.061814207690200344,1.5288234462331631,0.5390070921985816
2156953.4389076782,0.16618688781131774,-0.05686527913969201,1.4955760268908784,0.524822695035461
3753966.9707908514,0.3028610161443157,-0.043904249670700043,2.155523290526125,0.574468085106383
2582571.8367545344,0.20895596423690477,-0.07814023161731617,1.6098530866284857,0.524822695035461
2910825.5606219876,0.23823545716753003,-0.06059131926911592,1.9372064238454065,0.5886524822695035
1635929.4018745513,0.10345064172276008,-0.14840221291465105,1.0775362088294274,0.48936170212765956
4461244.808536405,0.3486250155619386,-0.044086207941131945,2.7534584260115245,0.6170212765957447
2266902.9784281817,0.17784077982305302,-0.0766292574063932,1.564007752868158,0.5531914893617021
2854474.9528454076,0.23340370116434195,-0.10243174975891207,1.7566800399582665,0.5460992907801419
2909521.3233969696,0.23812447543661608,-0.11801600910798735,1.9171662568910748,0.574468085106383
3954391.5641243625,0.31648505779631764,-0.07693575193602947,2.1300060134862555,0.5673758865248227
2609531.0862946827,0.21146952834705934,-0.08241152509572777,1.7532049335357858,0.5319148936170213
3459975.818897164,0.28178331103347887,-0.06518967740900074,2.173524352069153,0.5815602836879432
3570814.2725458466,0.2898923063851464,-0.06948989495644844,2.034823105258245,0.5531914893617021
4441748.496442462,0.3474442107264475,-0.03679050490932804,2.6914861810429183,0.6595744680851063
4836218.257035551,0.37056986429505234,-0.07556368469322158,2.6964225749188895,0.6524822695035462
2252511.8198133903,0.1763414918876629,-0.06225028208084032,1.6854028458033692,0.5815602836879432
2758209.1267672894,0.2249699589649572,-0.060062434977248114,1.9612641803156645,0.5531914893617021
3563838.0519181252,0.2893879052593753,-0.05312780513866077,2.4565821870100026,0.5886524822695035
2089317.9184377322,0.15877977293587286,-0.09712039916371042,1.485271188315612,0.5035460992907801
2479916.832538175,0.1991884122622838,-0.1028926855109459,1.608951470763705,0.48936170212765956
2918772.882322157,0.23891086184922194,-0.03367276938259101,2.0170306681839145,0.5673758865248227
2081884.5697853437,0.15795405863146095,-0.10286147671369869,1.3735217720508401,0.5460992907801419
1791386.812562122,0.1236676414674025,-0.07774421888760233,1.2902443678255517,0.524822695035461
1901238.900684009,0.13712272367573997,-0.10644744276282528,1.2758136069198922,0.5319148936170213
2019492.63847306,0.1509287926166396,-0.09528487697001568,1.3858365055044906,0.5035460992907801
2319497.617830371,0.18325619295015394,-0.11802854035966122,1.7015014947726024,0.5319148936170213
3159649.9275074503,0.2587161183737243,-0.04722440747448206,2.0189269288373155,0.5815602836879432
2023703.4384407424,0.15140834811373605,-0.08424727290226258,1.35911843204755,0.49645390070921985
2010839.9868295551,0.14994085168353455,-0.04570989575825324,1.4871267975145213,0.5319148936170213
2352587.961440886,0.1866131970089122,-0.09748257256063954,1.588860312643941,0.5673758865248227
2525071.200309654,0.20352391842030237,-0.07298822906434055,1.8133201517713569,0.5390070921985816
3621882.158891813,0.29356085048977953,-0.05394541443224083,2.1396877011162876,0.5815602836879432
2186343.514071953,0.16934773749431353,-0.07880419837547985,1.6098806943342359,0.5106382978723404
2866006.5026797536,0.2343986391916839,-0.11284969296195091,1.984372014378434,0.5815602836879432
2497274.005194284,0.20086237894133907,-0.08000247704287225,1.5976932306558425,0.5602836879432624
2978521.329273293,0.24394203283024973,-0.0528720903517036,2.2373530813214293,0.5957446808510638
2587214.1543145906,0.20939028527753112,-0.08101814514085791,1.6600002583159355,0.5106382978723404
2379687.431401381,0.18933440788850353,-0.09056114420966374,1.7234367259834924,0.5602836879432624
2563840.2796582785,0.20719712718988292,-0.0712844609133349,1.819270839567934,0.5531914893617021
2922027.193019806,0.23918700556572814,-0.0678230473408029,1.8578453501157481,0.574468085106383
3579858.588037321,0.29054506458263485,-0.09609806193169519,1.9774138887146164,0.5460992907801419
2425546.379695953,0.19388340810004512,-0.07679207569989384,1.907740963185096,0.6312056737588653
2971750.419593131,0.24337596078615809,-0.07119238642983983,1.8519872980356262,0.5815602836879432
3211676.0306843403,0.2628342325249604,-0.03942286592363563,2.0641290683861993,0.5957446808510638
2303409.558863745,0.18161020456900046,-0.07187958366609787,1.6475595865831079,0.5957446808510638
2768576.523417242,0.22588944677620404,-0.05129693037688654,1.9640592066089326,0.6028368794326241
3883998.3575742305,0.3117643006809323,-0.06449067886635859,2.2908412499024426,0.5815602836879432
2679433.440831717,0.21789148665170477,-0.0634812613273116,1.7492404270487563,0.5460992907801419
2174721.9462374267,0.16810194597687622,-0.06244833714286277,1.559812745936009,0.5319148936170213
2565030.6590626244,0.20730920560613098,-0.07373794065780885,1.7652907359418004,0.5531914893617021
2949070.945224365,0.2414723290355565,-0.06518299742467383,2.05189561835695,0.5815602836879432
2536387.873958578,0.20460076224387036,-0.18027934777582413,1.6364162321985607,0.524822695035461
3730464.0508870897,0.30122551893118743,-0.08579987102032742,2.22892046955788,0.5886524822695035
3472589.2171008145,0.282716503623909,-0.05977318955352025,2.206563396213699,0.574468085106383
2586710.4491076856,0.2093431903257157,-0.09328417216867779,1.6990059281745282,0.5673758865248227
4305267.390063893,0.33905996549014894,-0.05853885999495882,2.2035065710529915,0.5957446808510638
2593323.700119515,0.20996092655226706,-0.08763575979850603,1.8803343560191224,0.574468085106383
3573111.975470736,0.29005826443015037,-0.0548826475624824,2.2974180889674014,0.6312056737588653
1907504.2099157518,0.13787118857814873,-0.12709118422007668,1.3183165000465564,0.5177304964539007
4175855.2919750963,0.330911225423107,-0.037084811150543025,2.4192576301313515,0.6028368794326241
2996963.0656513986,0.245478623887339,-0.04866357047243122,2.1301511812881744,0.574468085106383
2207414.0585281677,0.1715929800977083,-0.11952602552848013,1.4441049269871025,0.49645390070921985
2045230.536361286,0.15384760692122246,-0.14136792066433365,1.339368285635803,0.475177304964539
4323088.819949603,0.34016672823129124,-0.04115664547718744,2.605221385047359,0.6312056737588653
1831358.3151145168,0.12863799099814321,-0.0785263970936668,1.0352599965723186,0.44680851063829785
3375469.4911535154,0.27545998312673947,-0.07724450947786754,2.274093181952366,0.6099290780141844
2151029.604729961,0.16554562228383363,-0.09028870569121364,1.382701347715958,0.5390070921985816
3202866.7675564163,0.2621407089871117,-0.06356050287875113,2.2029860319514603,0.5957446808510638
1274535.3343580598,0.04971251737886706,-0.12288715627976338,0.6530887147049093,0.48936170212765956
2126112.379974092,0.16283271928679155,-0.08188645541202011,1.5061416538128205,0.5177304964539007
2539292.3449860886,0.2048765186897199,-0.08824749987293656,1.6222266319925862,0.524822695035461
2381163.7531868843,0.1894819402675001,-0.10272761551173645,1.610124647044162,0.5177304964539007
2246526.4594486244,0.17571567290906565,-0.06570837597441968,1.574958779745887,0.5531914893617021
2096858.1729281317,0.15961496496319216,-0.06634692256676586,1.4008987492484255,0.5035460992907801
2652195.3466738192,0.21540523258748223,-0.08011341031117669,1.8605598208191658,0.5886524822695035
2637110.8021343797,0.214019536222827,-0.06774720080159667,1.8394124925417465,0.5460992907801419
1502280.7656181343,0.08480136092471202,-0.12402266647947388,0.9504116174302436,0.48226950354609927
2909665.6353371735,0.23813675736072537,-0.04867712957127217,2.051480576153944,0.5673758865248227
2957631.26701787,0.24219222251635708,-0.06385417435954692,1.7173583408738406,0.5531914893617021
2149571.375471825,0.16538754972184133,-0.06404574068648411,1.51303735738276,0.5319148936170213
1745505.100407566,0.11785178447466227,-0.08309499881103273,1.1932031298351313,0.5035460992907801
3611301.5355165773,0.2928041885748325,-0.07258648619753079,2.347267078652556,0.5815602836879432
3073867.5726990937,0.25180600536155007,-0.05858081747166257,1.9376241843423545,0.5886524822695035
1851626.5789127082,0.1311252083965062,-0.08293820571941629,1.276169661836281,0.5106382978723404
3221314.6041983673,0.26359130360225524,-0.10142165392011919,2.169391793667375,0.5957446808510638
2778860.440324691,0.22679881339617358,-0.06939193687439192,1.8281800584274253,0.5602836879432624
4702964.243775535,0.3629324613453426,-0.059498524028643585,2.365969847070809,0.5815602836879432
2067306.5607301046,0.15632782573560777,-0.08353436161551939,1.4374341638283032,0.5177304964539007
2716412.765129039,0.22123474708673307,-0.04997374024589499,1.7216392260875526,0.48936170212765956
3038737.2449786575,0.2489315300645174,-0.09035741693137089,1.8219645277247967,0.5531914893617021
2213997.5511022005,0.17229099037245166,-0.0688771054244102,1.4227871509390533,0.5035460992907801
1583201.588024443,0.09624403528307957,-0.10212407243724252,0.9789772591514626,0.48226950354609927
1862625.4187466486,0.13246582530176831,-0.10704983353431301,1.3516882623279727,0.5319148936170213
1793618.248045609,0.12394744071926489,-0.14187756576779473,1.24234693033082,0.475177304964539
1885542.1886212716,0.13523886501916738,-0.09141080540727853,1.211777182658128,0.48226950354609927
3505478.0329512088,0.28513706681215756,-0.061443232521515095,2.10576674501979,0.6028368794326241
2385992.570335921,0.1899639850036865,-0.05104711754504129,1.8054877550625534,0.574468085106383
1917828.428967719,0.13910025851842844,-0.06441023700986412,1.3523026537041165,0.5319148936170213
2935919.6275362186,0.2403630848410454,-0.05898056334379339,1.952687662286467,0.5886524822695035
2187715.975259009,0.16949451054653397,-0.07271318822793041,1.520005743880197,0.5319148936170213
3889467.999013134,0.3121335512066963,-0.058425937800101635,2.078879979699658,0.574468085106383
3083211.682486991,0.25256614323158,-0.07953087963756776,1.9958596340115926,0.5673758865248227
3708254.503484723,0.2996724307035148,-0.06070563937252262,2.2528337214640346,0.5957446808510638
1658125.1148982286,0.1064287686243306,-0.07258066435485584,1.0810659852254394,0.48226950354609927
1751620.7582191112,0.11863400368660204,-0.06998181370010154,1.1581268922949448,0.5106382978723404
2287951.9230281725,0.180020029076134,-0.07267236912909761,1.727607015873871,0.5460992907801419
2270589.723769671,0.17822364375002508,-0.05308947390253009,1.5397112247606335,0.5177304964539007
2941414.853250139,0.2408270606024101,-0.0942382921887555,1.9935954495142978,0.624113475177305
3730181.3714322527,0.30120579801363623,-0.07589808330652269,2.206726797150609,0.624113475177305
4092754.899119832,0.3255714673303205,-0.04770552442325633,2.366458000232899,0.6312056737588653
3996044.306724789,0.3192468290480739,-0.047515524909099965,2.225510012939497,0.5815602836879432
2206721.255106705,0.17151942928009412,-0.053705032278227434,1.6858118320486062,0.574468085106383
3184413.1802329035,0.26068295947247133,-0.05550488028415869,2.2022100558877202,0.5957446808510638
3856526.2773474203,0.30990336855433953,-0.04749801732651086,2.362843675127004,0.6170212765957447
3389240.243000887,0.27649897641807253,-0.06873254933022714,2.187860019869998,0.6170212765957447
2496357.859167092,0.20077425671102755,-0.06989369495584258,1.7472487244055968,0.5177304964539007
4099218.7661487884,0.32598990968072683,-0.07450428621924315,2.3298312423806125,0.574468085106383
2353799.0562923783,0.1867353437957635,-0.04780852869369058,1.7043804853905984,0.524822695035461
2416909.915323384,0.19303200007032095,-0.0752774629508056,1.6708849729973736,0.5177304964539007
2119902.276451846,0.16215262697719468,-0.06279948472315348,1.4367304256748956,0.524822695035461
2974790.6875328757,0.24363026545812927,-0.06531235482603906,1.9723730673517046,0.5602836879432624
4029365.785727094,0.3214396656503664,-0.06062205157767541,2.5066896491914656,0.6099290780141844
2919699.4396164725,0.23898950970625554,-0.04979704726216639,2.0341219134256905,0.574468085106383
3168467.1758643095,0.25941784452631267,-0.07583485437682248,1.7587775074485559,0.5177304964539007
3535604.917263514,0.28733846473115143,-0.05065645438288147,2.051248883142,0.5815602836879432
3797049.7292353236,0.3058378633409711,-0.05898779884701263,2.5346604759945865,0.6524822695035462
2945192.320960388,0.2411455997044769,-0.08473744833599514,1.9663791656582055,0.6028368794326241
3468135.1287760036,0.2823872814921111,-0.11439897192337457,2.126257973584421,0.5531914893617021
4769458.185693889,0.3667648748528003,-0.0409759315774635,2.382776642823588,0.624113475177305
3523220.248716776,0.28643532954914974,-0.06598761180165817,2.2195985490293997,0.6099290780141844
2447959.932600039,0.19608174209095397,-0.05957321029760055,1.8458029826774682,0.6028368794326241
1875214.0637915474,0.13399246884375882,-0.07247131397997358,1.3647485331679885,0.5106382978723404
4410123.670694284,0.3455199879230655,-0.06181507346675499,2.2374752367625352,0.5673758865248227
3222988.672436977,0.26372261014888254,-0.05209577276598307,1.9918415466656383,0.5957446808510638
2601934.5245940983,0.21076336791025918,-0.058698831457966276,1.91470714709344,0.5531914893617021
3982701.558712806,0.3183646599067529,-0.07991567983200523,2.2531642305323336,0.5957446808510638
2867902.9408052983,0.23456195642625288,-0.08943422467154477,1.7612548329138948,0.5319148936170213
2321483.7742700865,0.18345876503709557,-0.09200588208217295,1.6769156840304087,0.574468085106383
2421908.4415767416,0.1935250655810068,-0.053719041964024467,1.8247270782255152,0.5815602836879432
1999915.3908504213,0.14868863579347313,-0.08858526565055985,1.275621725352163,0.49645390070921985
2987280.5371334073,0.2446728083472014,-0.04241404056858844,2.1049346268313984,0.5815602836879432
1921217.2590245479,0.13950253555231096,-0.09786834655825061,1.1961227910681393,0.48936170212765956
2775175.1956017734,0.22647325159579035,-0.056832890166255326,1.8896515204032514,0.5673758865248227
2783299.341635242,0.22719049644774358,-0.08043595297954072,1.6999133137097873,0.5531914893617021
3388693.0150899566,0.27645775296167563,-0.06617420763584127,2.265251549064967,0.5673758865248227
1860308.9815102369,0.13218400890162352,-0.07356521927787095,1.402872496518038,0.5673758865248227
3423770.762730925,0.2790895057400564,-0.09188721112332804,2.2028224220074293,0.6099290780141844
2286116.3449927345,0.17983062699463437,-0.060729929560937417,1.7862885359978733,0.5886524822695035
3351641.8782359567,0.27365416943266196,-0.04791499218695205,2.29581922910409,0.6099290780141844
1551846.1912020107,0.09186698647752967,-0.12162565951516119,0.9897849934652254,0.48936170212765956
2040653.5893668886,0.15333071330439152,-0.06065252352051312,1.5484126195572483,0.5390070921985816
3595929.5696489904,0.2917017126377668,-0.05788959257969,2.32332153829459,0.6170212765957447
2215117.659473243,0.1724095837559858,-0.08778270608366208,1.6099470190222995,0.5319148936170213
2994526.4500698987,0.245276036136177,-0.07218174255319533,2.0673937159736946,0.5957446808510638
1992930.8981422253,0.14788517792903288,-0.10267724743464678,1.3902284417892734,0.5319148936170213
3534048.548661659,0.2872251078321386,-0.05487557070168849,2.211825694334168,0.6382978723404256
2834105.3960949727,0.2316383390995116,-0.08759536176600205,1.864431621344188,0.5460992907801419
1983814.699599784,0.1468331044621889,-0.13341345393904538,1.1581473209450168,0.44680851063829785
2461444.2626220835,0.19739654640417137,-0.09546408118347083,1.574855088354886,0.5602836879432624
2474927.7456919723,0.19870551901453015,-0.06181964898946296,1.8336286572556302,0.574468085106383
3112598.5366883106,0.25494479545712245,-0.09533245841124469,2.0755711305087403,0.6028368794326241
2160817.0504499227,0.1666043718609247,-0.06576450918994856,1.589089779478406,0.5390070921985816
2745351.8679890414,0.22382579591369867,-0.05951262123513463,1.843760242435098,0.5886524822695035
3139471.9307939904,0.2571043259846062,-0.054295204896869294,1.995716871474695,0.5460992907801419
2887480.8667527987,0.2362429360429883,-0.10180907253429076,1.7515270328703796,0.5390070921985816
3018113.498713396,0.2472316226810254,-0.06029756681671127,2.0641675091226452,0.5957446808510638
2553991.6113673514,0.20626823978190068,-0.13804732669867567,1.7111808493412057,0.5390070921985816
2820115.914363308,0.23042002852640953,-0.05539161871264095,2.0412507789144745,0.5673758865248227
2767339.999757106,0.22577992390968693,-0.08908236099237235,1.858383393914783,0.5815602836879432
2526949.6693447516,0.20370293198400935,-0.07573306517564095,1.964038298732084,0.574468085106383
2182040.5091182054,0.1688870893867438,-0.08669204677090846,1.4424830915351303,0.5390070921985816
2649266.223607927,0.21513665167269536,-0.08234071834233439,1.961135378498579,0.574468085106383
2478880.9518506755,0.19908821344061112,-0.11220093847159932,1.8278284447011512,0.5602836879432624
4089528.8182980013,0.325362427220788,-0.07085828613733376,2.2594577881998306,0.6028368794326241
2601034.125109394,0.2106795593720323,-0.09404486961234401,1.6652856726301832,0.5602836879432624
2170474.718843575,0.16764532899913975,-0.06563873214030226,1.501610931554031,0.5531914893617021
2414172.1906941873,0.1927615990949494,-0.07344847756449026,1.561930484426582,0.5460992907801419
2428345.154106239,0.19415879917893308,-0.09671014987037947,1.6507881042589583,0.524822695035461
3390855.5069584628,0.27662062550089805,-0.07611773150917224,1.938592731826738,0.5673758865248227
2456715.6642933586,0.19693613677774846,-0.04835943415205304,1.7118291151981149,0.524822695035461
3292761.6637375904,0.26914738526343407,-0.060823375432765184,2.186769188741549,0.5886524822695035
1692640.5890884583,0.11099716362021783,-0.0730895855050001,1.1355541005535625,0.5106382978723404
3131976.6263066186,0.2565034994146935,-0.055801661882158134,2.1126525337113584,0.6028368794326241
2297468.4632971245,0.18100003839366852,-0.05800103463092485,1.6564075591692358,0.5319148936170213
4730635.157477203,0.3645325219957758,-0.053932631378176284,2.5106386304550954,0.624113475177305
2027241.0972179635,0.15181062490289032,-0.07193847510090146,1.2572521106375756,0.48936170212765956
2797293.1891805707,0.22842203364857094,-0.05226344548077298,1.9556817671916116,0.5531914893617021
4556711.810350638,0.35434813018409606,-0.04091151206599948,2.8796967943413616,0.6737588652482269
2080849.011265816,0.1578388391937715,-0.06909856686865232,1.5457443941214337,0.5531914893617021
2345256.47265606,0.1858726928268961,-0.054917811761776694,1.5817661697843954,0.5602836879432624
3279996.615772623,0.2681618351605375,-0.04243108778861337,2.121326346040272,0.5886524822695035
3374161.8730399106,0.27536114810077006,-0.04323120984925128,2.1657411322708238,0.624113475177305
3353186.4253130746,0.2737715361664974,-0.07342270324500527,2.0331488366078716,0.5815602836879432
2208454.168007781,0.1717033676664983,-0.06544563549113246,1.5754365054001984,0.5106382978723404
2780729.6292326995,0.22696380923168036,-0.052208093469513064,1.9674188142412612,0.5390070921985816
2263606.1044416265,0.17749798141937223,-0.052485232621227715,1.6280630879123328,0.5531914893617021
2476649.0371714123,0.19887221057391802,-0.04844213573673605,1.8070974124384067,0.5602836879432624
2451413.6564656585,0.19641905208600186,-0.10099866036264064,1.6676136645245605,0.5531914893617021
2840680.789409468,0.2322093130114926,-0.06060282046820498,2.022914720335324,0.5815602836879432
2162682.7503369683,0.1668057570106356,-0.0771431298093536,1.4555389873245341,0.5177304964539007
3025882.993159695,0.24787310924160644,-0.054404840696524646,2.2560859131727313,0.624113475177305
3041073.644219205,0.24912352466154974,-0.07406269466335018,1.9933438582873482,0.5957446808510638
2715047.7835151884,0.22111198973894663,-0.10046746940852527,2.213830094555695,0.6170212765957447
2339025.7339819977,0.1852419108554224,-0.06851926093899482,2.0712284947186395,0.5957446808510638
1948073.5413437218,0.14267064233096893,-0.08003590081909631,1.3108710903127192,0.5177304964539007
3006446.1029171827,0.24626582074927938,-0.03479450232124907,2.2332658584127123,0.6737588652482269
2261692.486406092,0.17729882630027194,-0.0858048447025432,1.6588196620553748,0.5815602836879432
3938075.6234283815,0.31539688885077544,-0.050327012878285,2.1104407423104923,0.5886524822695035
4560494.070522763,0.35457288861945413,-0.05336071133430944,2.646877288102989,0.6382978723404256
2398836.0935307373,0.19124232331478974,-0.09194940468324946,1.6213030993411626,0.5460992907801419
3284640.9795906628,0.2685207667423648,-0.09032323974895903,1.9725470579206201,0.5673758865248227
2939990.2164978245,0.24070684155870925,-0.06767793389294811,1.9443514665911754,0.5531914893617021
2139022.310738745,0.16424146516997462,-0.07515343175337254,1.5880623518306645,0.574468085106383
3058657.3938887147,0.2505647032531888,-0.06464211214755462,1.8179304750874836,0.5602836879432624
2652903.2170685385,0.21547010394371102,-0.05582868950732138,1.7859453859519951,0.5815602836879432
2373775.4019964547,0.18874286987735656,-0.059705308194344074,1.655921378114086,0.5531914893617021
2047566.0029133682,0.15411100436354164,-0.098389148535513,1.4219396446401225,0.5319148936170213
2494468.9611658007,0.2005924857455581,-0.06041734022388294,1.7799881962808537,0.6028368794326241
2974667.8532077107,0.24361999495350428,-0.09768873080973632,1.7676450799720154,0.5602836879432624
3634410.528037997,0.2944545201430748,-0.060610433124327186,2.281113976002933,0.5815602836879432
2301509.76428545,0.18141522772644914,-0.05157005540448552,1.6699334908173247,0.5815602836879432
2679826.6783168092,0.21792723245271461,-0.044554140633376434,2.015666885341141,0.5957446808510638
1809705.7871741042,0.12595645503392472,-0.10816599525716546,1.2626645304715127,0.49645390070921985
3055688.0176112344,0.25032179667509324,-0.08429238417887586,2.053926445554765,0.5815602836879432
2965715.8966269135,0.24287058303650433,-0.04966182450241659,2.073851796164712,0.5815602836879432
2397873.4811425633,0.19114670288232793,-0.12485111577342102,1.5650664956570675,0.5319148936170213
1805366.1193628332,0.12541592842633942,-0.08246333516798424,1.1630075255715044,0.46808510638297873
4084326.02889666,0.32502502437260516,-0.042128620829071234,2.218351749233161,0.6382978723404256
4024521.941590721,0.3211218028295997,-0.08171446151328676,2.1967600686718622,0.5673758865248227
4433658.415116417,0.34695301300047565,-0.05254994033939335,2.880651395597209,0.6666666666666666
3663807.456286439,0.2965418167687208,-0.062224528917444184,2.188376009581098,0.574468085106383
2241446.57451004,0.17518348156065056,-0.08100659133972499,1.342259078937237,0.475177304964539
3011451.8207371035,0.24668054991195332,-0.05074248632980111,1.9486465555100505,0.5319148936170213
2268829.998198337,0.1780409605204356,-0.04527279248091196,1.7232305472561171,0.5177304964539007
3147549.894540679,0.25775057529046297,-0.06353345092151227,2.1924437645044335,0.6099290780141844
2767161.4884820343,0.22576410935972802,-0.048341527562260345,1.9077804208619324,0.574468085106383
1794334.0579454508,0.12403713698603092,-0.11245962173116138,1.12098177490336,0.5035460992907801
2520738.620397766,0.203110627419687,-0.09787764738028817,1.7052925273625763,0.574468085106383
2551872.485375717,0.20606799768354866,-0.05219355680295523,2.090139593223793,0.6170212765957447
3009611.5283189705,0.24652814383591326,-0.05442030700279268,2.3259991641174262,0.6170212765957447
2042499.0223203553,0.15353923718332174,-0.11175697959596878,1.4135643451797046,0.5390070921985816
2445769.157165726,0.1958675813126285,-0.10070409447899256,1.5932054160293492,0.5390070921985816
2269530.890566672,0.17811373617220094,-0.06546112775374788,1.5230063881707627,0.5177304964539007
3618307.4296008446,0.29330540559608465,-0.04790133453481001,2.206018990842736,0.5815602836879432
3573836.952949551,0.29011061024514273,-0.0608054852779715,2.038183525146807,0.5390070921985816
2093236.0534053412,0.1592140633391148,-0.05928751929975542,1.915675285887163,0.5815602836879432
2133334.85458,0.16362168425739343,-0.09784118348398292,1.5020136023121127,0.5390070921985816
3003954.8492443557,0.24605921176322676,-0.13169790866837297,1.8627320490183352,0.5602836879432624
2010424.7070037676,0.14989335047071783,-0.07819538280610483,1.3669076784120355,0.5106382978723404
2381240.592492384,0.18948961700004996,-0.0636819740258117,1.6693658011393548,0.5957446808510638
1990052.4349840228,0.14755339966489345,-0.08624472252269262,1.447601775599203,0.5460992907801419
3005162.399460076,0.24615937553128253,-0.0780808665923316,1.8601410312754265,0.5460992907801419
2785499.289046122,0.22738443185055202,-0.10225798281144934,1.6839853940452318,0.5035460992907801
1470827.9335545292,0.08022039792538216,-0.09980657624675532,0.8921357313001099,0.49645390070921985
2176008.149336226,0.16824008419170866,-0.0994724149236069,1.5032378098799617,0.5531914893617021
2492146.887623255,0.20036887881784438,-0.051045937586991524,1.8401901137541825,0.5815602836879432
2630572.99861028,0.21341699015136095,-0.08999319228980453,1.8839425493662922,0.6028368794326241
2642964.029203812,0.21455797636547347,-0.10164554343768568,1.8423615323447682,0.574468085106383
2251084.627594337,0.17619238802386983,-0.09244559219189219,1.5201983526084548,0.5531914893617021
2989464.3933772324,0.24485473916654543,-0.07558740295172439,2.0708772194084757,0.6312056737588653
3428862.737327092,0.2794697426518189,-0.165577673347137,2.1322617129907266,0.574468085106383
2701999.5317534823,0.2199360181716732,-0.09889680742104713,1.739207981897966,0.5177304964539007
2373370.519434468,0.18870231556890094,-0.04884842548416239,1.839472797616805,0.574468085106383
3354352.65355325,0.27386012663118287,-0.0780970327577871,1.8786694564667368,0.5673758865248227
1309075.114082516,0.05534124923384609,-0.11047546238906632,0.6566027282079873,0.5035460992907801
2895153.860341627,0.23689926022057728,-0.06147359115768308,2.1743580785623955,0.5886524822695035
2550249.0810017656,0.20591450768825825,-0.054317985322599995,1.7903586451596532,0.5957446808510638
2895720.4447602932,0.23694766890826946,-0.07400453369861607,2.096539385837944,0.5673758865248227
2267410.2030564332,0.17789348400969351,-0.07441237016233586,1.6630423957545306,0.5177304964539007
2505721.1947472463,0.20167368077982162,-0.059912656272520765,1.929892312841709,0.6028368794326241
1664167.6139343202,0.10723399985442672,-0.09001116783010489,1.0120584696922479,0.46099290780141844
2436506.8109911447,0.1949604346303626,-0.11698290159408432,1.6770355380056599,0.5673758865248227
2903113.2515209178,0.23757861316707007,-0.0624155240805626,2.0794630223566792,0.6028368794326241
2935668.421045983,0.24034185824349552,-0.047220310509320226,2.0785829169070698,0.6028368794326241
2644959.138764497,0.21474128910497936,-0.11053259302427122,1.757833741733906,0.5673758865248227
2972878.3757512644,0.24347033349540048,-0.066638912023802,2.0331137590892143,0.5460992907801419
1792356.949423164,0.12378932097569373,-0.10453378865122072,1.1112579227790584,0.5106382978723404
2560835.040876596,0.20691398803700478,-0.05772404060101372,1.8416829798147654,0.5390070921985816
4680875.972135967,0.361649800549271,-0.050130661752439076,2.5550452138386195,0.6312056737588653
2778249.3850440225,0.226744855462351,-0.07516058320565165,1.8422794660818251,0.574468085106383
2796635.011049052,0.22836422085813757,-0.05960072713349449,1.9519445128065533,0.5886524822695035
1929614.6387709342,0.1404969207084783,-0.09094457809774847,1.2502326750314978,0.5177304964539007
2339517.43462524,0.18529173802948495,-0.08538455726936224,1.6458857789076675,0.5886524822695035
3400256.5335287526,0.2773277188554075,-0.058493781071692515,1.9382342589449297,0.574468085106383
5584135.041388716,0.4105587602554659,-0.041991429831469085,2.9151930324621818,0.6808510638297872
2472004.1747414107,0.19842218486658392,-0.07319308585723476,1.8336212086558794,0.5886524822695035
3700522.010606382,0.2991299598125827,-0.05015279442414418,2.3071924911066146,0.6312056737588653
2389061.97986573,0.19026998836889364,-0.06498311621089777,1.7024856326878244,0.5602836879432624
2164594.5756420945,0.16701197684559044,-0.10358957585521233,1.338976657633228,0.48936170212765956
3974614.2347632474,0.31782880690907733,-0.09140064507343466,2.078350154367078,0.5531914893617021
2450924.950568357,0.19637134543512658,-0.058926974202109975,1.683860896347174,0.524822695035461
3393551.101267599,0.27682353344226196,-0.0734492295495436,2.2826290327451844,0.574468085106383
2984677.9279510477,0.2444558534054433,-0.06603490844660519,1.913000524453548,0.5815602836879432
3036173.3461077698,0.24872070463710028,-0.052471352162623365,2.0456542521924868,0.5673758865248227
2715460.635064326,0.22114912406260023,-0.06810902076064489,1.730097591630423,0.5673758865248227
2522057.9566867207,0.20323654093469945,-0.0693178683337672,1.6800579957511033,0.5673758865248227
3214154.256597712,0.26302906058249387,-0.07273142376879538,2.1370719254901376,0.6099290780141844
5013737.868889978,0.38048701137578056,-0.05943154839980372,2.6690621203445946,0.6595744680851063
3207039.8504618104,0.2624694316808285,-0.08147896312943739,1.8602994177985455,0.5460992907801419
2124536.170281397,0.16266025314750032,-0.07090889464430332,1.3179885895463337,0.5035460992907801
1981333.230213244,0.14654605585809977,-0.07625327905141499,1.3713211516020818,0.5035460992907801
2428296.9338492807,0.19415405659928564,-0.11688662871255069,1.6856294030818895,0.5460992907801419
2588020.3615789055,0.20946564801651069,-0.08033461137307085,1.8524692034660875,0.5815602836879432
2877553.441912348,0.23539170119984032,-0.06462276621719715,2.0094678968967963,0.5602836879432624
2145542.7240499724,0.16495039616994056,-0.059597347527443605,1.5759526800449866,0.524822695035461
3334383.28175802,0.27233977486316596,-0.06037792631654094,2.0615416049705417,0.5815602836879432
3599561.2894034823,0.29196251889483316,-0.04621430518384597,2.171318659356317,0.6028368794326241
2266952.283125725,0.17784590333991557,-0.11611811974941856,1.5871481689485007,0.5390070921985816
4152275.6082029426,0.32940477525560397,-0.09710367026088997,2.232626471432259,0.5957446808510638
3084046.55356968,0.25263396977825314,-0.052364235200845724,1.8639750527642167,0.574468085106383
2949092.169812252,0.24147411601614732,-0.056525494799888124,1.90311870673222,0.5815602836879432
1790850.2133240078,0.1236003158117489,-0.09829115207819802,1.1368490161693432,0.49645390070921985
2662200.7516303114,0.21632087498961083,-0.07176803996769093,1.5855318932987572,0.5106382978723404
1787597.307277859,0.12319183667839395,-0.07911604098392798,1.268206324364602,0.48936170212765956
2684838.5627403078,0.21838245213262697,-0.07521752341131889,2.0497330464491554,0.5815602836879432
2063414.8302690252,0.1558921372169817,-0.0569856113617612,1.3474335790003236,0.524822695035461
2992388.7505231863,0.24509819255902077,-0.05992457657113289,1.8928244860346566,0.6028368794326241
3227338.8129069074,0.2640635611020956,-0.04385119078585965,2.0993107050903332,0.5886524822695035
2174471.3388851923,0.16807502313915346,-0.10832300772002677,1.7606039357281253,0.5815602836879432
2899684.9359033057,0.2372861811954714,-0.08087733485729179,2.2728735690428903,0.5673758865248227
2635805.626689644,0.21389934239054909,-0.07816356335545131,1.7878774071152952,0.5460992907801419
2495202.1729614055,0.20066305668511752,-0.08783998070190505,1.7006809238875584,0.5815602836879432
2090206.8418465415,0.1588783592927121,-0.07398706291445939,1.5458994154588035,0.5531914893617021
2755261.9146515825,0.22470806509236763,-0.06295274389969241,1.7461325581162306,0.5390070921985816
2072110.3914603677,0.15686472213255587,-0.0726283262683482,1.3559471730451378,0.524822695035461
2352908.6999745686,0.18664555047068765,-0.06686565227789763,1.5473217429528094,0.524822695035461
3648103.865007342,0.29542847443317655,-0.05892953832701022,2.10156553396352,0.5602836879432624
2609264.073406393,0.21144473529363017,-0.058097705076636315,1.7472617591547457,0.5957446808510638
1997470.196543627,0.14840760974724887,-0.07947244863183474,1.4751559204168363,0.5390070921985816
2937675.3503572624,0.24051140041577757,-0.05305025018779146,2.1396894494476317,0.5815602836879432
2368288.12379561,0.18819277548620028,-0.08542521543773232,1.6761161185930813,0.5177304964539007
2337000.962735623,0.18503663948064863,-0.0844246386624261,1.6853087185400026,0.574468085106383
2693330.5866431836,0.2191522166607054,-0.07348267262933399,1.8201730525098707,0.574468085106383
2894376.7502997755,0.23683285200182436,-0.09704015409896773,2.0187143791149857,0.5886524822695035
3155404.917975005,0.2583777178646125,-0.059781090286068705,1.803964830575019,0.5390070921985816
2540360.954999752,0.20497791122419673,-0.08207479932653972,2.0385256653654844,0.6099290780141844
4116927.4468687424,0.3271335939741413,-0.06391346164617769,2.3111570063845748,0.6312056737588653
3530468.5856763106,0.2869642123437266,-0.0705473066114037,2.060465899350742,0.5886524822695035
2204647.5476179444,0.17129916563740655,-0.08557321733409971,1.4582469259147899,0.48226950354609927
1928497.1497799507,0.14036479193347362,-0.0736407492523734,1.2822205439774081,0.5390070921985816
2079226.7724695408,0.1576582516472229,-0.0699674837926425,1.4570205561728946,0.5602836879432624
2905737.465111266,0.23780226940801907,-0.04807044592467967,1.9468985697873515,0.5531914893617021
3196288.9487070693,0.26162186370904417,-0.0501366560762719,2.14890798505757,0.6099290780141844
2554215.1804644223,0.20628935769454637,-0.07206963641743987,1.7446447026072545,0.5319148936170213
2895740.7118641585,0.2369494003790502,-0.07214683581608708,2.0162236632153716,0.574468085106383
3402430.038546813,0.2774909752798951,-0.05396626864649415,2.2419561096043417,0.574468085106383
2228739.6203904166,0.17384800642723852,-0.10533233758571203,1.4767451160369502,0.5673758865248227
3424576.4351420198,0.2791496984463362,-0.04926086497270232,2.257041180861937,0.6453900709219859
2138589.810489382,0.16419438053216062,-0.09893444157560026,1.4934438587441163,0.5460992907801419
3854218.8171458244,0.30974658115960074,-0.04868211693679147,2.1311075755047897,0.6170212765957447
2414544.9373911927,0.19279842915142797,-0.06106024950531567,1.91351346565717,0.5602836879432624
3537274.8042713306,0.2874600452704952,-0.03887606075955293,2.332730989967918,0.6170212765957447
3358232.9075846043,0.2741547059938856,-0.05876246116306424,2.05774593125455,0.5815602836879432
2365658.196102171,0.18792876622034038,-0.11919460495937788,1.6118292137983878,0.5531914893617021
2491653.536754602,0.20032134952243208,-0.08689102547850847,1.5653235398450327,0.5177304964539007
2744852.6477114176,0.22378128408956766,-0.06485283618734687,2.077797926236442,0.5673758865248227
3015352.6542595886,0.24700335603978463,-0.08081363809481143,2.1501229100305492,0.6099290780141844
2782320.62570699,0.22710417875702404,-0.051198046707842414,1.8934732113362627,0.5531914893617021
2218259.6870831535,0.17274199544213942,-0.05656268155532433,1.4497744963767967,0.5319148936170213
2513206.011017605,0.20239072617444842,-0.06227701074469629,1.8176514919115554,0.5531914893617021
3798413.920639542,0.3059316812766122,-0.0707099535305095,2.2957311740382838,0.6170212765957447
1934042.4219229652,0.1410198483699181,-0.0756893573310596,1.3133013431203504,0.524822695035461
3414202.847499319,0.27837380811031487,-0.0799934721855089,2.2300115452446065,0.6028368794326241
2053583.7202856184,0.15478858580704613,-0.05806543905596141,1.4183835088092818,0.5177304964539007
3020172.3239292763,0.24740173765764517,-0.0811799296894105,1.9959472452285472,0.5815602836879432
2374519.437705447,0.18881738040377116,-0.07210907439426192,1.7239000080264335,0.5460992907801419
1802425.1199097154,0.1250490215209492,-0.05942536066127536,1.2337042736891468,0.46808510638297873
1912217.7769026347,0.13843298430395268,-0.09026452839981526,1.294477931856692,0.5106382978723404
2915949.7819570927,0.23867110878837505,-0.05945650665002241,1.8314632327065048,0.5460992907801419
2407917.002788782,0.1921428617396963,-0.07532707594639357,1.6334281257594518,0.5531914893617021
2324156.2279222044,0.18373111527981112,-0.10986637277820004,1.7479604828692383,0.5460992907801419
4362201.076878433,0.3425829763451016,-0.10168431622040434,2.403522267887328,0.6453900709219859
2953410.158666055,0.2418374505107188,-0.06613479620224763,2.0390360953495015,0.5815602836879432
3461210.949113717,0.28187481128481395,-0.04348398400831164,2.1964672018522933,0.574468085106383
2495920.1093034586,0.20073214130369355,-0.0731018187352331,1.5516480314418977,0.5319148936170213
2691998.186348859,0.2190315689901845,-0.04509181014835591,1.948669672154798,0.574468085106383
2333547.50916324,0.18468619972884492,-0.06994529632289957,1.6384031147074924,0.5460992907801419
2523386.4752266803,0.20336327754199712,-0.08723984663515119,1.5230818560944313,0.5531914893617021
2950375.9533329373,0.2415821836161467,-0.10463727843244025,1.8219222661163343,0.5531914893617021
3560697.893602214,0.2891606048116788,-0.07923438612057827,2.359106812560753,0.624113475177305
2901710.810317779,0.23745901971226324,-0.08117438430252809,1.871169049330931,0.6028368794326241
3501693.607955585,0.28485946664689465,-0.050434794028002126,2.397349691295095,0.6170212765957447
3172249.2919813357,0.25971836787577884,-0.05557742932574452,2.173448691638296,0.5815602836879432
3029503.203318831,0.24817156113265582,-0.07072992878544077,1.8674051640337879,0.5390070921985816
1795574.8572245354,0.12419255050475875,-0.07667166375292157,1.0475027547422464,0.44680851063829785
3313531.8008566354,0.2707444705053006,-0.05434466869878596,2.304334854013218,0.5957446808510638
2229928.5466565727,0.17397321809498356,-0.06844923681922967,1.5780072841039787,0.5531914893617021
3202383.2629395477,0.2621026001454434,-0.05064316099949289,1.981902557316869,0.574468085106383
2544663.1681737937,0.20538577165965854,-0.07219393866618734,1.8090220840739215,0.5886524822695035
3779895.545842054,0.3046558312842649,-0.06117385718040454,2.4292163191630385,0.6312056737588653
3158170.590480574,0.25859823099848,-0.07902505947774521,1.8754355250776362,0.5602836879432624
2895548.7003726894,0.23693299595457784,-0.08395311481317083,1.6705877091436565,0.5106382978723404
5813828.917231831,0.42197659941862864,-0.05417433257807446,2.6631885302183,0.624113475177305
1783963.590551978,0.12273483402632479,-0.0762694353640052,1.2840745833027334,0.48226950354609927
1831409.144848452,0.12864425604539464,-0.0809004480035041,1.311754643303799,0.5106382978723404
2513996.5432311627,0.20246635937162516,-0.11094092985264281,1.6542751197969496,0.5957446808510638
4920953.913834391,0.3753393206487541,-0.0726916809373024,2.4660424076473944,0.5673758865248227
2099710.4488661806,0.15993026942421773,-0.07961447385837632,1.353343406705205,0.524822695035461
4187264.7833808623,0.33163770900827827,-0.0409037661077489,2.5805943178471145,0.6808510638297872
4452198.511187671,0.3480776360316429,-0.049084919101705336,2.2500517652313325,0.5815602836879432
1829091.191784349,0.12835841386839197,-0.12990907596688214,1.1154003445814566,0.49645390070921985
2344613.6368668014,0.1858076760569063,-0.06833363136783892,1.7567283812034482,0.5390070921985816
2443061.2115992308,0.19560265202021765,-0.06824405392395841,1.7951981143095745,0.5673758865248227
2427441.0106238876,0.19406986192638498,-0.09409554783540452,1.7067515988922621,0.5531914893617021
2978071.984055045,0.24390449788752178,-0.0779112509328915,2.1561221278934806,0.6170212765957447
2395076.3261691965,0.1908686750641746,-0.05552432635815647,1.5896421049890666,0.48936170212765956
1907403.0700836715,0.13785912186382943,-0.12718310572273575,1.4127174683253119,0.5106382978723404
3136457.029368939,0.25686278840049637,-0.06290103127711125,2.2453311540180168,0.6170212765957447
4561470.282924077,0.3546308752157432,-0.04747336583127203,2.831908024136371,0.6666666666666666
1910428.0005288322,0.13821979690013708,-0.13843150250190547,1.1777002427355503,0.5177304964539007
2472762.325783376,0.19849568584159094,-0.09454832675105225,1.7078924480459852,0.5673758865248227
2582567.7078470197,0.20895557767104145,-0.0786120994405849,1.7213632535487204,0.524822695035461
2621309.1297059273,0.21256114589422848,-0.07664983817634131,1.808017708690621,0.5531914893617021
1978206.6506715426,0.14618397316923515,-0.07638919755375852,1.3391152258783174,0.46099290780141844
2218662.214771196,0.1727845537473094,-0.07542758249475252,1.732603411013983,0.5673758865248227
3566679.177766413,0.289593422212717,-0.10191563066694577,2.0233577778964356,0.5531914893617021
4562183.347975203,0.35467322469871254,-0.07326966025025704,2.417901352609615,0.6312056737588653
2691167.608536032,0.21895633672890868,-0.08500972231889933,1.6407215758268978,0.5035460992907801
2017323.4045816758,0.15068143275115586,-0.1085958750639047,1.3737428255205817,0.48936170212765956
2734380.6607390395,0.22284607734217254,-0.07647038721943779,1.7395154428180215,0.5602836879432624
2621780.5031980104,0.2126047522027703,-0.09018111383791179,1.6577254862005515,0.5531914893617021
3757982.6549948403,0.3031396356008107,-0.05770801741191401,2.4618829563238815,0.624113475177305
3164523.255531007,0.25910415855194957,-0.0456269556743079,2.075268065737975,0.5886524822695035
4172124.99082746,0.3306733592008928,-0.0498399525623719,2.4874730127062445,0.624113475177305
3410793.9237088975,0.2781184266592456,-0.05713536274025082,2.4525355643800837,0.6028368794326241
3306616.5533270678,0.27021362559391804,-0.07895005150309257,2.143849431749495,0.6028368794326241
3173050.150386682,0.25978196654590335,-0.0771821609851225,2.234361814672698,0.5957446808510638
3481279.7680821354,0.28335789078664475,-0.07162619355826078,2.043966817261818,0.5815602836879432
2669949.0577915236,0.21702806987481793,-0.13406545008871704,1.719718974199868,0.5319148936170213
3175609.0767550813,0.25998509285887916,-0.08874341362978538,2.222614481797529,0.6099290780141844
4164719.854872703,0.3302006590558595,-0.09242524850962582,2.144215202631504,0.5531914893617021
2621270.2026874525,0.2125575445127681,-0.07367586329195784,1.836584316155593,0.5815602836879432
3179955.8574601235,0.2603298382297885,-0.16009009792556195,2.0860696684591815,0.6099290780141844
2888005.36484691,0.23628784438952,-0.05970060125304414,1.9793546021331467,0.5957446808510638
2767700.8724291422,0.225811891604627,-0.0916184773336604,1.846677058319797,0.5815602836879432
3557407.809247526,0.2889222798668707,-0.06556123801768617,2.3899147609103593,0.6312056737588653
2602332.2524851565,0.21080038074937257,-0.0791073627880692,1.7312950455920302,0.5531914893617021
2925503.307373512,0.2394816987472308,-0.07742440995568048,1.8591737653049172,0.5531914893617021
2452037.283936264,0.1964799185067454,-0.09547963668671523,1.8233263722364565,0.5886524822695035
3290635.8073876053,0.2689834668066593,-0.0740380179430064,1.8561746812519588,0.5390070921985816
2876634.4628122468,0.23531278386726706,-0.07594288859974095,1.8930210391051594,0.5531914893617021
2986297.674151735,0.24459089412160884,-0.06405039291687215,1.920805707332348,0.5957446808510638
2456914.4576936127,0.19695550697241648,-0.08891402456993724,1.706211442862313,0.5602836879432624
3264601.8822976104,0.2669691650467696,-0.06226187001691518,1.9505575153998502,0.5886524822695035
3815952.096358609,0.3071354192549014,-0.10633100628607677,2.2240066795182374,0.5957446808510638
2184703.203909394,0.1691722235509585,-0.09456342932998531,1.4843505068176588,0.5319148936170213
2217107.1606400292,0.17262010735516098,-0.0762070370238564,1.5081490020517847,0.5106382978723404
3402479.8275479213,0.27749471405639103,-0.07300954560472166,1.99640379842007,0.5815602836879432
3467656.4735637475,0.28235188176153025,-0.08709865868707697,2.243761962426141,0.6028368794326241
2056739.849539463,0.15514332406191977,-0.06746318855692095,1.5689926865036758,0.5602836879432624
3296375.7354383715,0.2694258613691345,-0.08920065777723982,1.9362364342037777,0.5815602836879432
2659522.78140534,0.2160760713245975,-0.09992119599985452,1.4793848749644214,0.48226950354609927
1850581.5006525503,0.13099749567645858,-0.06137402145612214,1.2793969590573815,0.5177304964539007
2494926.6342028086,0.20063653828707073,-0.08299137036333412,1.7070958423617881,0.5815602836879432
2552016.2618238805,0.20608158772506768,-0.07032678939176297,1.76361217834408,0.5460992907801419
2975087.357973594,0.24365506946357107,-0.06535353734915679,1.846894235429448,0.5319148936170213
2739289.6904453887,0.22328483713752334,-0.05565914494915609,1.9680902444114998,0.6028368794326241
3727126.4561695782,0.3009925978559729,-0.07345486815495635,2.1060758932220436,0.574468085106383
2786136.1204657494,0.22744054857639107,-0.044558071858253535,1.8993953653096085,0.5673758865248227
1257410.2353364718,0.04687637284286117,-0.1797513710594079,0.5638261814398905,0.44680851063829785
1967975.5111828179,0.14499591694116387,-0.07876701715926496,1.3735775988241359,0.5106382978723404
2757864.344705181,0.2249393326586555,-0.07319137345612363,1.6801330360133346,0.5390070921985816
1691364.6678838958,0.11082961801569025,-0.11052561283981834,1.11514823195939,0.48936170212765956
1749718.3479571205,0.11839091157652026,-0.1687125911448942,1.0842337566752827,0.48226950354609927
1955181.0149502694,0.14350322639322655,-0.14134638766131552,1.1966949108139902,0.46808510638297873
2365942.764788338,0.18795734440330025,-0.06673417519005069,1.8819866981619542,0.5815602836879432
2763580.7265205076,0.22544671240625003,-0.08061884842231982,2.0612469522454244,0.5673758865248227
4963262.6033048965,0.3776961691933063,-0.05800663639507926,2.8876747866509107,0.6595744680851063
2885965.363576891,0.2361131396123033,-0.06334091981940877,1.8395790282243503,0.574468085106383
1685880.6387868389,0.1101083379460388,-0.09356829501971381,1.1404598344289092,0.48936170212765956
3337617.9394860645,0.2725865363941127,-0.052275212993425225,2.0630760670132164,0.574468085106383
3701423.348007657,0.29919323955264665,-0.04229770747458135,2.2231168802536554,0.5602836879432624
2158563.888207236,0.16636097819073914,-0.07162512984399125,1.6240766261476478,0.5886524822695035
2507054.6277470198,0.20180154898584401,-0.12405634195890315,1.7895362756792481,0.5957446808510638
2631535.913447745,0.21350581081389497,-0.039266157608130375,1.9942477317082397,0.6170212765957447
2525678.147398477,0.20358177065951089,-0.07668963004657268,1.804557133695228,0.5673758865248227
2612232.9796449915,0.21172029421646177,-0.06609554599799014,1.7789370758028697,0.5673758865248227
2476051.0778683405,0.19881431411595885,-0.09270092037614498,1.5665359721219638,0.5602836879432624
2205766.9250865434,0.17141808348398313,-0.06821690096307649,1.382051760425762,0.48226950354609927
2250953.304978259,0.1761786644824288,-0.08571056352399532,1.6508551410259904,0.5815602836879432
2341258.2342942203,0.18546807709702318,-0.08935320239061081,1.6616474695996126,0.5460992907801419
2422231.2153466144,0.1935568766968363,-0.08442498804264878,1.5590040728843784,0.5460992907801419
3688746.9611744992,0.29830214000141764,-0.052299057658160716,2.315629842113844,0.6312056737588653
2970564.6380901677,0.24327671910135829,-0.09006484705248816,2.186247474768543,0.6028368794326241
2911388.446685153,0.23828334265988782,-0.0534215899311451,1.7746536744641364,0.5460992907801419
2355452.516670306,0.18690202486746554,-0.06852106574351856,1.5869255883456475,0.524822695035461
2849285.4037745465,0.23295489926616986,-0.0643535490801562,1.8176940090849623,0.5815602836879432
4455745.42602501,0.348292361119777,-0.04964263113416144,2.544017953517474,0.6170212765957447
3210389.588537341,0.26273305024399374,-0.06555655264224179,2.2218033939717254,0.5886524822695035
2093700.0651665605,0.1592654518359511,-0.09748399590489497,1.4931949353808285,0.5390070921985816
2344415.575309414,0.18578764112681623,-0.08645661624357923,1.5733275374393982,0.574468085106383
2142522.743306733,0.1646222637874828,-0.13030860358253854,1.4222051067127108,0.5035460992907801
3011006.4693766125,0.2466436744274283,-0.07027197135638678,2.0197422511948018,0.5957446808510638
1486314.5678654714,0.08248564767843813,-0.06593706487162065,0.904867851830129,0.48226950354609927
3469993.021892212,0.2825246480043273,-0.0789259593368613,2.265049093946936,0.6170212765957447
3760776.8765286887,0.3033333660500943,-0.04959126740095536,2.40112434221981,0.5886524822695035
2762155.66609563,0.2253203042350238,-0.06249555281577116,1.8978708488409979,0.5531914893617021
3598695.0937928837,0.2919003335390362,-0.09159931645800756,2.2049797757204335,0.5957446808510638
5147938.598126093,0.3877993241194315,-0.04163079614500008,2.713150005789136,0.6737588652482269
2561820.158172201,0.2070068303261745,-0.07065960733481177,1.9318521277728997,0.5673758865248227
1558419.6192438332,0.09279042580377306,-0.09636412805902411,0.9860640273799764,0.524822695035461
4546717.857732164,0.35375352680776917,-0.03229591560000006,2.617717344153791,0.6382978723404256
2818242.4173635617,0.23025650325925584,-0.08643785004053034,1.8942905134698675,0.5602836879432624
3078545.9461524906,0.25218681902723783,-0.05592918486599739,2.0186100543126875,0.5673758865248227
2908297.753036355,0.23802032171902976,-0.05356184312961996,2.121013409587147,0.5886524822695035
2853410.089289054,0.23331166303445317,-0.04900560475049231,1.796340240666885,0.5673758865248227
5438749.685549064,0.40313615137844705,-0.05720445592407262,2.6520873381988945,0.6170212765957447
3400924.5807391508,0.277377906137374,-0.10460199273037196,2.1010338380295357,0.574468085106383
4355315.17697357,0.34215884482406556,-0.0823699283448484,2.3630431952186073,0.574468085106383
3467957.667316689,0.2823741574950358,-0.03654180703573174,2.219732773472229,0.574468085106383
2802429.6355341338,0.22887283334179087,-0.0986187615381764,1.8182087459851497,0.5319148936170213
3818107.8540863274,0.3072830747109041,-0.054519172208674624,2.1888278869411413,0.5815602836879432
4438817.05192962,0.3472663077630487,-0.06758985182852638,2.4353642327375766,0.5957446808510638
3387687.2991441633,0.276381977060012,-0.06194614037734198,2.0511395090352864,0.5886524822695035
2016705.3589392023,0.15061091745227406,-0.05772884267137099,1.2332139216452784,0.49645390070921985
3006453.8205756564,0.24626646059072432,-0.06715823507904085,1.8286485363383076,0.5390070921985816
3232307.9346108106,0.2644525763931116,-0.0708216514123901,2.224411763292381,0.6099290780141844
2908320.056770969,0.2380222205887017,-0.04496140983693338,1.8069499320788638,0.574468085106383
2686912.9419555506,0.21857066505095024,-0.08111556320830117,1.83526800802521,0.5531914893617021
2522471.0627505146,0.20327595571071777,-0.07159136300067796,1.6121604352696453,0.5460992907801419
2856562.312468386,0.2335840358591985,-0.06321975912701082,2.1341048318809848,0.574468085106383
2356798.0486611947,0.1870375954082324,-0.07226126079483589,1.5583017113666964,0.524822695035461
2517735.650933952,0.2028238362936965,-0.07261139313341726,1.7821144739950652,0.574468085106383
3201211.956624924,0.26201026109953296,-0.08957990115079918,1.9795791951146517,0.5460992907801419
2340814.468818749,0.1854231346223716,-0.07936267859473924,1.6046464655311545,0.5390070921985816
2600463.594243708,0.21062644275488318,-0.07125201524179818,1.6488637462431186,0.5390070921985816
2210119.9618469267,0.17188007295285224,-0.0754204424783492,1.6337161708404857,0.5886524822695035
3662357.2632157966,0.2964391621536784,-0.07455222857782258,2.084157380111071,0.5673758865248227
2958417.3276416725,0.2422582439042218,-0.048608052657844764,1.9104620895750724,0.5815602836879432
3364886.603292599,0.27465920505770236,-0.0522557773393493,1.90556075555538,0.574468085106383
2830904.826626546,0.23136003428134222,-0.07317433207887036,1.9339762344889249,0.5602836879432624
3243351.0647632633,0.2653153946162474,-0.04569276001212347,2.3709610095267433,0.6099290780141844
2530412.3901552716,0.20403264210684724,-0.10990679426933554,1.8087023896339283,0.5531914893617021
3570149.9460748606,0.289844307619906,-0.057034925732592584,2.0352535299261767,0.5602836879432624
3000353.8037950904,0.24576032118511515,-0.07658741107231612,1.9569632631460447,0.5390070921985816
2111219.251069641,0.16119903826378668,-0.10383780089461057,1.2944716671375012,0.49645390070921985
2659299.7331571425,0.2160556727223235,-0.05822899137591778,1.8138164833736703,0.5673758865248227
2171340.295760412,0.16773844463420584,-0.06443385387017991,1.400551148862348,0.5177304964539007
3399488.334694071,0.2772699978957205,-0.05362265572833915,2.372261110877716,0.6170212765957447
2562755.0702427267,0.20709491461742857,-0.05713622207965149,1.7136365438210006,0.5319148936170213
2304994.5485288724,0.18177277441534767,-0.095797065761478,1.486499529891069,0.5460992907801419
2603207.1099253073,0.21088177967952704,-0.14205795510922534,1.785420291620051,0.524822695035461
2240937.434809495,0.17513008863627078,-0.09049317864726004,1.6656338925556147,0.5815602836879432
2019480.7903455126,0.1509274421404978,-0.11317370814741291,1.3345400289830034,0.5035460992907801
3155425.8047717744,0.2583793837940729,-0.06945904485037263,1.959576224743925,0.5531914893617021
3466098.399853016,0.2822366247884063,-0.057777740679887,2.10021489367081,0.5602836879432624
2902683.25613013,0.23754195013782575,-0.11087272927666185,1.8608667541364374,0.5602836879432624
2318465.353370361,0.18315085541521303,-0.06417541285417619,1.726214913762134,0.5602836879432624
2069882.91647588,0.15661589407835597,-0.08448949236644786,1.4101399209097207,0.5106382978723404
2682079.351064056,0.2181319225143814,-0.04851212299073589,1.943715638626053,0.5957446808510638
2284867.8324546074,0.17970173108560683,-0.05640917572284513,1.8867630145474836,0.5957446808510638
3657332.373991076,0.2960832142825407,-0.05574368949176184,2.045439491722414,0.6099290780141844
2138882.8164414763,0.1642262797947851,-0.049526317521862435,1.6834585521403773,0.5531914893617021
2592533.363248035,0.20988716843808475,-0.0840800721736202,1.7224270612928032,0.5319148936170213
1810855.7837931667,0.12609951885365311,-0.07826371527567105,1.1924830278292393,0.5177304964539007
2698912.82749131,0.21965716515710287,-0.0874501108779973,1.6216147432792838,0.5177304964539007
2043943.8582135565,0.15370239060300372,-0.08693732054972995,1.4318140489058457,0.5177304964539007
2668210.618677483,0.21686954397032965,-0.07606688062528598,1.9206776984808538,0.5957446808510638
2632037.187585684,0.21355203877773077,-0.09212051968073523,1.858091677153098,0.5673758865248227
3520961.3262618417,0.28627032690954723,-0.056537482743625314,2.0360909932858737,0.5531914893617021
3509817.6596588725,0.285455097933508,-0.045276660334047335,2.205848079942327,0.574468085106383
2283745.7240381916,0.17958583699847241,-0.06634301710141816,1.5768811227766624,0.5390070921985816
2915312.8514743373,0.23861699151015037,-0.09899639630796943,2.005462538066842,0.574468085106383
2607873.3738953085,0.2113155712957675,-0.06514455693545836,1.7963580312611487,0.5177304964539007
2659548.971473755,0.216078466415196,-0.08158108824180606,1.770053281711275,0.5886524822695035
3748265.2471815185,0.30246500463209514,-0.08106252612518781,1.9770910532375956,0.5531914893617021
1384167.0937679366,0.06718006521100373,-0.09350886090928662,0.7212345214989513,0.46099290780141844
1864183.3743120958,0.13265520760244032,-0.10924818774678739,1.1798475711453638,0.48226950354609927
2115574.2878328096,0.16167770924571245,-0.08987525448762022,1.4435433388135432,0.5460992907801419
1569523.642890622,0.0943432725281439,-0.07976335416313442,1.0339959848808344,0.49645390070921985
2511641.7336108168,0.20224100974903725,-0.06282414895195311,2.0887378738413522,0.5886524822695035
2856702.128888373,0.2335961113477132,-0.07104594593550864,1.9808386468625059,0.5390070921985816
2026380.675548977,0.15171283573358774,-0.05779127117753866,1.6035826823860853,0.5531914893617021
2854612.776000856,0.23341561146727652,-0.06647584729162151,1.8413513514762698,0.574468085106383
4013273.827780792,0.32038249666999663,-0.06512118948032951,2.4061961072628026,0.6028368794326241
2953113.989338566,0.2418125431056024,-0.11300771977772214,1.8111679440930166,0.5602836879432624
1950342.1752911543,0.1429366584386309,-0.07409214600934581,1.371004429753136,0.5390070921985816
3045589.370837614,0.2494942722075857,-0.06797887316508537,2.012840197396999,0.5460992907801419
4270163.760599952,0.3368691641953556,-0.0657764842644591,2.2757795525314455,0.6453900709219859
2570967.1606938033,0.20786752775696105,-0.07522200814355393,1.7987493441979299,0.6170212765957447
2015298.9887283745,0.15045039459914666,-0.08567868380974489,1.2650471773458156,0.49645390070921985
4326440.553430945,0.340374472716227,-0.05045120311340831,2.4666895388489585,0.6099290780141844
2562864.8835778562,0.2071052591757525,-0.06853750502197285,1.5831337445629403,0.48936170212765956
2146988.8535165167,0.1651073928181377,-0.06694349834476182,1.640607352907723,0.5390070921985816
2362869.4529815745,0.18764855740492314,-0.05396329854511981,1.7205423276868987,0.5460992907801419
2418619.178495042,0.1932006972181377,-0.04666147580550956,1.8661792016217154,0.5815602836879432
2745393.0711457524,0.22382946940881054,-0.12545274796295744,1.8355975179491724,0.5602836879432624
3122081.412575338,0.2557085309402052,-0.056675838220915466,2.1900806552805916,0.5886524822695035
2296466.4040387794,0.1808969998918677,-0.06612297630828116,1.6456478355030113,0.524822695035461
2838197.539212949,0.23199380449392537,-0.07295811364363841,1.9249851503063027,0.5886524822695035
3052588.978741852,0.2500680817219352,-0.07676608773172207,1.9405328727568618,0.5815602836879432
2964973.27876151,0.24280833362413956,-0.07077804801366928,1.8811719841961456,0.5886524822695035
3479774.8623944214,0.28324691627387155,-0.08272775776000846,2.0877963797963712,0.5815602836879432
3363799.8857328705,0.2745768621033764,-0.05961004404243045,2.269525835136092,0.6595744680851063
2839448.0275261463,0.23210234679200958,-0.06274596538566318,1.9548621505102008,0.5815602836879432
2429202.677831117,0.19424312614417527,-0.044939281477650896,1.6963050014837269,0.5390070921985816
2556300.000002339,0.2064862146353459,-0.07017533607915573,1.5819312620707087,0.5177304964539007
4447129.461363836,0.34777052542489084,-0.03863038922893609,2.537650365171788,0.6170212765957447
2864087.0658464637,0.23423325330065947,-0.07519164091113206,1.8718738127333778,0.5815602836879432
2465413.605552633,0.19778248361524176,-0.0594012487864052,1.784772249328183,0.574468085106383
2161847.083464567,0.16671557164627715,-0.11742813661391867,1.409785400327411,0.48226950354609927
2533057.019893823,0.2042842129731841,-0.07157907307428235,1.6749352070023622,0.5815602836879432
2787548.479406977,0.22756496713650143,-0.08178532899529008,1.8423553598984312,0.5390070921985816
2028031.3219127888,0.15190040675628635,-0.08153506702844036,1.3915134290400624,0.48226950354609927
3039779.0876200516,0.24901715850875727,-0.07802253762035526,2.024430935907427,0.5957446808510638
2236323.6484317346,0.17464580293205167,-0.07837415308475808,1.4386823508504978,0.5106382978723404
1879584.5192137752,0.13452056318279482,-0.05543693169841894,1.5376456801536174,0.5673758865248227
2735510.2554905578,0.2229470941708389,-0.10003956529968494,1.8249964985070983,0.5531914893617021
3360907.5864678957,0.2743576025520733,-0.09401423045015798,2.0994261700260286,0.6099290780141844
2945183.111701807,0.24114482352120503,-0.0558265666268521,1.7472342271516115,0.524822695035461
2323870.4692570865,0.1837020055275118,-0.03978223782181514,1.853835348557247,0.574468085106383
5030315.70545611,0.38139871758690047,-0.060526722728532246,2.598318992547899,0.6382978723404256
2724690.1229273886,0.2219781023338161,-0.06679149324969617,2.108976513083181,0.6028368794326241
3255455.87740754,0.26625846806331777,-0.06906359966355059,2.0405913366790713,0.5531914893617021
2942946.9338593693,0.2409562944046324,-0.048038784486716626,1.8492821066812055,0.5602836879432624
1941725.297109795,0.141924938828621,-0.13489904028008723,1.3766673923774402,0.5177304964539007
3644219.7621007753,0.29515251070578175,-0.09662263588399327,2.3699302098545543,0.624113475177305
3192205.790802168,0.26129936247785235,-0.07783800643510247,1.8442848005611525,0.5319148936170213
3091885.1157946796,0.2532700744490204,-0.057090494578570135,2.1275806821651884,0.6382978723404256
2003202.9600047483,0.14906604302326576,-0.08497429662706776,1.4554230093080762,0.5602836879432624
2212181.5804390823,0.1720986193518952,-0.14780005018867268,1.588694170260663,0.5460992907801419
2915154.296237296,0.2386035182746351,-0.06465593861926447,1.9892401482101572,0.574468085106383
1549361.5415604583,0.0915171262853105,-0.08706557637103732,0.932655293705289,0.524822695035461
2014488.7335309894,0.15035787151811064,-0.0807877334824737,1.46581979016837,0.5531914893617021
5069156.520015855,0.383525411165355,-0.04952678230450004,2.6419695403719654,0.6312056737588653
2655440.4564604424,0.21570251042513022,-0.04740225080207013,1.7970393981767725,0.5815602836879432
2720317.038206297,0.2215855991477813,-0.07480509675910764,2.0026796974175403,0.5957446808510638
3404979.5378372213,0.27768236711088745,-0.05938866066654725,2.269051976894924,0.6170212765957447
1940893.3949630493,0.14182707404298367,-0.05900838228881663,1.2943548250049373,0.5035460992907801
2619716.3090381464,0.21241374915704436,-0.06936549826706824,1.6024689329737178,0.5319148936170213
2320447.201812461,0.1833530602344069,-0.11322541061526158,1.3328509259457597,0.46099290780141844
2629853.4066254008,0.21335059695884073,-0.06086772777974756,1.8460766243696591,0.5390070921985816
2823467.787089369,0.23071237480655848,-0.07405817109821242,1.705644522806375,0.5035460992907801
2215358.820790649,0.172435110844944,-0.06207989897824131,1.4729066822785637,0.5390070921985816
3204161.918356343,0.26224276744452935,-0.04647848682518838,1.9718530073556984,0.5531914893617021
1971678.1870804378,0.14542644686732165,-0.15139560118869486,1.2816023228829496,0.524822695035461
2895801.684949691,0.23695460940802593,-0.0783147805266407,1.8887608381209522,0.5531914893617021
2751709.9061397975,0.2243921300855909,-0.04801446367569738,2.274432517534415,0.6099290780141844
2510563.083330033,0.2021377290611901,-0.10240082885540029,1.814064146844594,0.5531914893617021
2967358.059558359,0.2430081919086169,-0.0589207078910845,1.9530104517605382,0.5886524822695035
3865761.7212841376,0.3105301485428065,-0.04424139314742412,2.4410435409256896,0.6312056737588653
2794738.927846651,0.22819761258438054,-0.0638269749050311,1.9684372079566084,0.624113475177305
2690834.386675629,0.21892614886428086,-0.07821715585712123,1.878913326052921,0.5602836879432624
2700501.4711180576,0.21980071514631616,-0.0773093068796534,2.0509798213123664,0.6312056737588653
2119295.991020495,0.1620861449668367,-0.06604184217632526,1.5092954957754214,0.5177304964539007
3550929.7616638355,0.28845251149106654,-0.101573784192994,2.114098171225894,0.5957446808510638
2282466.657974861,0.17945367637137366,-0.10938318784569552,1.547046024718342,0.5390070921985816
1567525.629344443,0.09406450936053523,-0.11517800048503064,1.1169191125101154,0.5460992907801419
1608139.4273340933,0.09967598256467536,-0.08510014148279917,1.058463917204098,0.48226950354609927
2533379.740798436,0.20431489746887577,-0.07460236072071413,1.6151140972510667,0.524822695035461
3492283.4662207523,0.28416815960280384,-0.05463770780743813,2.177844480322004,0.5815602836879432
2816097.9302789704,0.2300692182657076,-0.05520501517443196,2.0030486798805893,0.5957446808510638
2163828.919382069,0.1669294065125051,-0.10123871656175237,1.4115093834077685,0.5177304964539007
2173847.976804913,0.16800804435933014,-0.054417756673604815,1.7128227632884367,0.5886524822695035
2061643.6688772407,0.15569363376721257,-0.09673211379913514,1.4917616526270565,0.5460992907801419
2329432.8483222784,0.1842681217931792,-0.07055470518133053,1.6804804102978463,0.5390070921985816
2254712.609386081,0.17657126816546698,-0.07095457678582565,1.6293561876887515,0.574468085106383
2931485.69705297,0.2399882102033617,-0.07655840248313556,1.914692522519402,0.5886524822695035
2902618.943024197,0.23753646618626112,-0.04842308819847825,1.8043905827442828,0.5673758865248227
1903963.6275671415,0.13744846645763964,-0.09831398811773398,1.4143055109117753,0.524822695035461
2145924.305291307,0.16499183012448904,-0.06607309702132169,1.4719093024487675,0.524822695035461
2469296.194819859,0.19815950519785708,-0.08513459040894525,1.5231814097495904,0.5177304964539007
2069251.0844161073,0.1565452740213098,-0.08046945654134684,1.6107736314598424,0.5602836879432624
1538307.8947279744,0.0899552153212122,-0.07833455786278679,0.9264819923652996,0.46099290780141844
1758437.0673018575,0.11950326878633932,-0.055188834211829595,1.335425294104003,0.5390070921985816
3755404.6109723584,0.30296079104928664,-0.06741559275510971,2.2700031151476376,0.5815602836879432
1659692.5979483738,0.10663787864823471,-0.07554426951280706,1.0896992910579788,0.48226950354609927
2017543.000421986,0.15070648315744073,-0.07703007620901287,1.3822583675547133,0.5106382978723404
3895888.968636448,0.3125664953352074,-0.04966436381414668,2.3606321508304675,0.5886524822695035
2777899.0253286343,0.22671391341208236,-0.04059214587710374,1.8690268968838226,0.5319148936170213
6025449.793833562,0.4321809556518894,-0.039756778595565055,2.581594315179432,0.6170212765957447
2091034.9762654006,0.15897017365100208,-0.062438192124856955,1.5362711798634296,0.5460992907801419
3151544.487410769,0.2580696585825224,-0.0693860413797145,2.137140330021168,0.5815602836879432
1893246.0171017388,0.13616501002566062,-0.18840787978339324,1.2316703781114573,0.5106382978723404
1950248.1858318788,0.1429256423132872,-0.08282229207393135,1.3836565680032373,0.5531914893617021
2623548.9995233207,0.2127682982099739,-0.07879646473203056,1.896796890971032,0.624113475177305
3368766.1703414563,0.27495299485831626,-0.039897768132484725,2.3345024438741944,0.6382978723404256
1392299.368096314,0.06843111029693216,-0.10632589653982562,0.7488888250674993,0.44680851063829785
3024881.3637779285,0.2477904839778733,-0.042622733249599934,1.9822961624218884,0.6028368794326241
2443317.803794595,0.19562776554747674,-0.08374109330506338,1.6761518536320488,0.5673758865248227
2546387.566003946,0.2055490939764315,-0.07868760318858768,1.6401818754038944,0.5460992907801419
1969487.0186144854,0.14517174620072604,-0.05903092784149911,1.4438152637903325,0.5390070921985816
2964798.983624545,0.24279372165148305,-0.07157145576631249,2.0272932409103808,0.5602836879432624
2935794.959887749,0.24035255078049955,-0.04470862078028513,2.135175859894707,0.624113475177305
2480635.89231104,0.19925794589697254,-0.07124021211324354,1.6767332228868288,0.524822695035461
2276394.896351343,0.17882549686037885,-0.057293078396226466,1.5378040761856382,0.5390070921985816
2720404.2065027347,0.2215934278066709,-0.07677934768353768,1.7301586557154793,0.5390070921985816
2449436.0953271943,0.19622595895815076,-0.08849453085362292,1.8609250153280845,0.5815602836879432
2699626.3958734954,0.21972165162403545,-0.05158545718730155,1.893536468166139,0.6099290780141844
2329658.9886680143,0.18429111454901004,-0.05702730344546756,1.7134228304468393,0.5886524822695035
2201730.6930834963,0.17098906447814155,-0.0523710056376446,1.6217832182835044,0.5460992907801419
3028021.2191860178,0.2480494201490102,-0.0738499352839184,1.953151648863647,0.5673758865248227
3586530.2410946623,0.2910257348310423,-0.0507229725722576,2.2223060774511154,0.5957446808510638
2141594.283365832,0.16452130872380355,-0.07202037676574556,1.481147258599499,0.524822695035461
2552810.731086526,0.20615667152981443,-0.0568196214767368,1.8299495587480556,0.574468085106383
3094095.0825841352,0.25344918160277663,-0.07011626739499013,2.077790023250222,0.5957446808510638
2439526.783789927,0.195256510976215,-0.08914451564366932,1.7025915199981478,0.5531914893617021
3191049.662669584,0.2612079877314053,-0.08015753717090342,1.9117135996371788,0.5602836879432624
3374164.9669565135,0.2753613819875682,-0.06540920059036745,2.075963994549663,0.5815602836879432
1631042.9886539602,0.10279066587220687,-0.14810080033495174,0.8745113164758064,0.4397163120567376
1888715.077038213,0.1356206718247588,-0.0653391646228996,1.428024718329227,0.5319148936170213
2265802.811214507,0.17772643232354457,-0.07365089682682134,1.4391391977121797,0.5390070921985816
2925710.445378318,0.23949925035924347,-0.08341329088144742,1.9838443129262688,0.5815602836879432
3331180.7714041527,0.2720952770191627,-0.041557465213589384,2.272455794634305,0.5886524822695035
2173793.0538811353,0.16800214228468646,-0.07497527471195031,1.5592270219199116,0.5602836879432624
2982694.0487271366,0.24429037445997204,-0.06306541587819481,2.3019261913701685,0.5957446808510638
2004161.2909018744,0.14917596446924652,-0.06486641219621786,1.4365540119044473,0.5035460992907801
1998689.5485445356,0.14854778418559444,-0.08913922863554208,1.3919922695624878,0.5035460992907801
1648848.2075438965,0.10518793521378011,-0.06581060828176671,1.0642335436153068,0.48936170212765956
2468299.4793682145,0.19806276370868958,-0.057575806540175155,1.7174978682084783,0.524822695035461
1760403.6422238913,0.1197535595568664,-0.0657351321139728,1.0921670173378661,0.48936170212765956
2252616.0095515433,0.17635237400098647,-0.05634891380157417,1.5224125692038826,0.5319148936170213
2378977.321487307,0.18926341881917041,-0.07740762577324675,2.0134956431631026,0.5957446808510638
2610318.2253077645,0.21154260506937095,-0.06967812003968955,1.796153548211261,0.5815602836879432
2547340.4323953106,0.20563930454184232,-0.07373486468834277,1.6062135798036274,0.5319148936170213
1973555.7406812087,0.14564451296534164,-0.10327199498613428,1.2645119557450266,0.5035460992907801
2159787.279838225,0.16649315800607978,-0.07951138446266716,1.4325599666785775,0.5035460992907801
2775279.287354192,0.22648245201203054,-0.0994163189306233,1.8452827556295814,0.5531914893617021
3684432.697502318,0.29799830566018315,-0.06360329094790722,2.20109165559988,0.6099290780141844
1683806.2924426724,0.10983502282525359,-0.055918311818763916,1.2638951856749483,0.5602836879432624
4167938.251689394,0.3304061850452087,-0.06030244118239923,2.4094838061263086,0.6382978723404256
1988372.204673786,0.14735955497132358,-0.07604225829754227,1.3748820203467942,0.5177304964539007
2881414.383024526,0.23572303938949957,-0.0526690494725715,1.8573406316636423,0.524822695035461
2606307.200927837,0.2111700438618922,-0.09149433002408071,1.8707120121610643,0.5602836879432624
3585909.4188644467,0.2909810368682215,-0.08661327502087676,2.080449469814725,0.6099290780141844
3924538.20416405,0.3144912884123725,-0.051751035583314835,2.2215816049422945,0.6099290780141844
2803849.8668072643,0.22899736313694508,-0.09488213958081908,1.708696315113168,0.574468085106383
2233571.010767616,0.17435649173046674,-0.07747378164522674,1.4608943889848471,0.5177304964539007
2756736.0463363016,0.22483908673562403,-0.05870944924640436,2.0466910596033774,0.6028368794326241
3030415.514311379,0.24824672748287746,-0.0681719181123562,1.7608909644635096,0.5602836879432624
2354996.3812419525,0.18685605238441383,-0.07752722205392562,1.5322559836361171,0.5035460992907801
3114334.3178688334,0.2550847315131415,-0.05315853082601646,1.9415046275915013,0.5390070921985816
4109502.7451319904,0.32665456260302883,-0.040999173590720014,2.571557856507677,0.6382978723404256
1840017.7286596592,0.12970331069505514,-0.11978724453623439,1.1889551817864397,0.5106382978723404
2055830.999505407,0.1550412170632196,-0.0944483180021319,1.4790993665600154,0.5460992907801419
1704621.9916316594,0.11256557381187227,-0.131692475799345,1.0782624797704279,0.5106382978723404
1828187.6830164583,0.12824691770895957,-0.07701973376704246,1.1426781103712986,0.48226950354609927
2129922.894434639,0.16324923703784955,-0.08500735125354755,1.4095472257050994,0.5106382978723404
3042052.4768674695,0.24920392557535398,-0.05768506090860363,2.0954732477478797,0.5886524822695035
2257250.6402204162,0.17683603188660757,-0.07034976479801205,1.7362715891037075,0.6028368794326241
2631065.7640459845,0.2134624467993922,-0.09377998296280608,1.5721846125591885,0.524822695035461
1335433.3953819345,0.059557296400293724,-0.09659517131066965,0.6326725269291678,0.44680851063829785
2689239.9299619733,0.21878165942189254,-0.10061612481877333,1.6134741795684089,0.5106382978723404
2699615.857680825,0.21972069936768923,-0.06108012816509986,1.985506458295031,0.5460992907801419
2312779.5660519768,0.1825699752320462,-0.052564770073107926,1.7594680396899391,0.574468085106383
2733793.746343384,0.22279357787823195,-0.046095327675128236,2.2465682372395746,0.5673758865248227
3992378.397473276,0.3190046888495097,-0.06686442010054099,2.2086831759964323,0.5957446808510638
2637232.879661453,0.21403077592943887,-0.061453701019053085,1.822917547823996,0.574468085106383
4650669.352009836,0.3598878473745417,-0.057551485070738595,2.7727843154358522,0.6737588652482269
1612795.4761959682,0.10031202513092863,-0.13798547543170311,0.9204972147921586,0.48936170212765956
2163854.6949028242,0.16693218659087017,-0.08081993425744033,1.392017311980907,0.5035460992907801
2976965.8217996843,0.24381207804743243,-0.04979234624048651,2.1244958939475227,0.5815602836879432
1916705.9022626295,0.1389668816309091,-0.07351062608511388,1.2351096034570404,0.5035460992907801
1527292.9908319765,0.08838982169969589,-0.07507647501600859,0.9723483708909564,0.45390070921985815
2683792.642972478,0.21828750944746966,-0.08903230064803003,1.9516253364859857,0.574468085106383
3699141.367872889,0.29903300581142345,-0.07923269531618786,2.106218465925206,0.5886524822695035
1689903.8593305647,0.1106376700184808,-0.07944179609344244,1.1179716572242309,0.48226950354609927
3581612.962166408,0.29067153076131524,-0.04883274985753823,2.431519704717449,0.6666666666666666
1699089.187153738,0.11184240876016682,-0.07002343916528865,1.1356292307550788,0.48226950354609927
2297169.628057706,0.18096931389855886,-0.12429617812804179,1.6179857504088462,0.524822695035461
3325895.237532059,0.27169133772179554,-0.06422015957323977,2.3089598634347763,0.6099290780141844
2506369.9390468393,0.20173589825475258,-0.05918933110950997,1.8600834026890072,0.5602836879432624
5770105.425796856,0.4198313122186206,-0.05388342595663765,2.8862954882744325,0.6808510638297872
2679621.623176187,0.2179085931962128,-0.06435007740303028,2.159855750068425,0.6312056737588653
2247888.74518615,0.17585822830435904,-0.08470669406907641,1.7401304892951017,0.5673758865248227
1586525.3039144601,0.09670393222805984,-0.08947490630693886,0.9015344249508453,0.45390070921985815
2899615.8552005,0.23728028583681193,-0.07803239970271376,1.8876714220202688,0.5460992907801419
2444058.675796197,0.1957002653029234,-0.07127571358800536,1.7217911348324113,0.5531914893617021
2047633.3809070229,0.1541185997876009,-0.11287324840655842,1.4399192417266684,0.5460992907801419
2865625.9174063196,0.23436585357872097,-0.06180143923070975,1.8656434839901987,0.5531914893617021
2693366.7031584145,0.21915548631454174,-0.060008541784591696,1.8913284381605726,0.5602836879432624
2845644.2979770717,0.2326396191085709,-0.061280002951871,1.8896598017452395,0.5319148936170213
3864829.519457914,0.31046693738067654,-0.05635086716463058,2.4988534211003945,0.6524822695035462
2445093.829827481,0.19580153327361094,-0.05781920314514877,1.7233478328530354,0.5106382978723404
3687449.234259653,0.29821077679358066,-0.0882669592805725,2.1718534914474317,0.5957446808510638
3378889.4863404743,0.2757183353498045,-0.06840976287763076,2.2060042834157403,0.6170212765957447
3399643.7243599626,0.2772816744134725,-0.06706360566969168,1.9265183509446207,0.5177304964539007
4012060.9201976974,0.32030267676975743,-0.04782759392385157,2.365891888346981,0.6028368794326241
2275377.261269783,0.1787200820442254,-0.0768088128702914,1.446028268751384,0.5106382978723404
2872662.142530124,0.2349714286632263,-0.060852274425839674,1.9205806653224597,0.5531914893617021
3396015.8878571116,0.27700895476130416,-0.04349474304986203,2.3367985104351323,0.6524822695035462
4756416.658937012,0.36601660417452786,-0.057695462477437315,2.373508423097882,0.5957446808510638
4211210.758766536,0.3331573010199347,-0.06113276005804491,2.5436234037571968,0.6524822695035462
3404915.0293172006,0.27767752584695304,-0.08351746982334697,2.148951394421354,0.574468085106383
2506306.9244411476,0.2017298554376752,-0.06117263977953831,1.682855214526743,0.5460992907801419
2672537.6948450147,0.21726397121970775,-0.10646240952492171,1.893895486264251,0.5815602836879432
3807779.1036277385,0.3065750153351303,-0.052451248760611004,2.215664605674609,0.624113475177305
1922202.5636154457,0.13961939134473766,-0.07290813738727582,1.4122745164279864,0.5319148936170213
2054191.2088458936,0.15485689934634905,-0.06784501365212096,1.4552695138179472,0.5106382978723404
2801431.19747258,0.22878525731240518,-0.043334741751870055,1.891178610195742,0.574468085106383
2950802.6608971213,0.24161809509801668,-0.061560521119764976,2.0421558221256606,0.5602836879432624
3216790.959709803,0.26323621556982046,-0.11250822932312572,2.2143834697508007,0.574468085106383
2291712.0693527265,0.18040763634775603,-0.06884671530562819,1.3692054878216215,0.48226950354609927
3524975.971798962,0.28656351762492926,-0.03305002908131192,2.5369281744859244,0.6453900709219859
2868957.343986147,0.2346527220266008,-0.08884135652341431,1.852540937180665,0.5957446808510638
3740563.919639476,0.3019293454448031,-0.05808824996166688,2.2821496557383547,0.6099290780141844
2452800.373871845,0.19655437970322165,-0.059219953597806595,1.5293284227512487,0.5177304964539007
3050875.808643318,0.2499277378896434,-0.05150132069246874,2.187575262994632,0.6170212765957447
4326193.249321384,0.34035914890947505,-0.04436848990158886,2.363791693829604,0.6099290780141844
2056059.1686069702,0.15506685467814663,-0.061250816747199566,1.5799411946821966,0.5390070921985816
3579023.431967475,0.29048484392812735,-0.06402992773618038,2.01358988410323,0.574468085106383
3532506.395411869,0.28711274689868094,-0.12392365258883885,2.07149932364748,0.6028368794326241
2400122.242129599,0.1913700340970561,-0.09212594185787122,1.6798697877446802,0.5531914893617021
2817407.4150644327,0.2301835933655232,-0.057303769393745686,2.058072653579391,0.6099290780141844
3345850.1234928216,0.27321368103852284,-0.0445912031284545,2.1307890945083505,0.574468085106383
2526047.0421490297,0.20361692708355728,-0.07476455364821415,1.8426541717820988,0.5886524822695035
2589083.027300985,0.20956495532194364,-0.08862113111927787,1.7803961741451684,0.5531914893617021
3221940.602613613,0.2636404105521437,-0.0953844633390259,2.014488309933701,0.5460992907801419
4279961.3578226715,0.33748207282299214,-0.0670345782783769,2.1244668314761017,0.5531914893617021
3432737.0058421846,0.27975874637516673,-0.048483354716781654,2.2259426891048646,0.5815602836879432
2652350.045030539,0.21541941078938787,-0.057385276749721936,1.9919814614160816,0.5673758865248227
2202539.544943721,0.17107508930702897,-0.13350581801503741,1.4221111487351472,0.48226950354609927
1877973.4901463476,0.13432601246720743,-0.09436261204516502,1.3259955198836628,0.5035460992907801
2656511.77727682,0.2158005881112175,-0.08448739487045273,1.8359466838665097,0.5673758865248227
2918360.2676993073,0.23887583194678452,-0.05146394177407829,1.9887966131720427,0.5815602836879432
1722304.878171194,0.11486429372683404,-0.07340979479427874,1.1278884130076459,0.48226950354609927
2207164.5312369224,0.1715664913978432,-0.07014290784165625,1.605005523970578,0.5460992907801419
2454751.502381031,0.1967446837239475,-0.08610361209875235,1.6405161796165224,0.524822695035461
2570914.5248347716,0.20786258193995133,-0.06800907525879693,1.6890283017536782,0.5390070921985816
2425569.259179923,0.19388566040356436,-0.08141392775976501,1.602171798465754,0.5177304964539007
1799024.7454695343,0.12462420741470992,-0.1005144820770031,1.2488220769428433,0.5106382978723404
1955715.0366290067,0.14356568493830668,-0.07527277188130915,1.3358205373600402,0.524822695035461
2625044.8160255984,0.21290655865465213,-0.07008744549803102,1.770414713032239,0.5106382978723404
2296341.753654326,0.1808841799820422,-0.07300450720747811,1.6778014076312122,0.5886524822695035
2389826.1462148144,0.1903461226783414,-0.05012768786489533,1.7110813060969632,0.574468085106383
2821708.5937781585,0.2305589747376282,-0.04210427589129198,2.0102390572075417,0.6028368794326241
2910588.543024896,0.23821529153781773,-0.060580027051867644,2.0481258567545235,0.574468085106383
3158465.547895885,0.2586217394824426,-0.0633092514454871,1.9562474883680607,0.5390070921985816
2987094.787653709,0.24465732917982908,-0.046111152603510674,2.3369690332646744,0.6312056737588653
2369252.076949407,0.18828948464339468,-0.09959770497756278,1.627767779790064,0.5319148936170213
3167898.532377995,0.25937263584140746,-0.07249964572376691,2.0747614296202204,0.5531914893617021
2054928.0355764646,0.1549397355854103,-0.062487816949071844,1.5761993321088443,0.5460992907801419
3250038.3417496993,0.26583674086887177,-0.05711284249245592,2.0301271757018635,0.5319148936170213
2652193.6622481053,0.21540507820516264,-0.04697438660214206,1.8968352886856896,0.624113475177305
4004109.789304971,0.3197789443816452,-0.035159481364725007,2.4382909063134925,0.6312056737588653
2853092.156317274,0.23328417817199276,-0.06953120417074457,1.6504822137200714,0.5319148936170213
2608136.5264922692,0.21134001634560917,-0.069503331776304,1.808606157514306,0.5319148936170213
5557030.045555087,0.4091867433382004,-0.04776898262320002,2.714807476617417,0.6170212765957447
3542868.2987327706,0.287866960215831,-0.06759410745956416,2.09531289866849,0.5815602836879432
1888686.7899195629,0.1356172701863092,-0.07409524054685036,1.2555767150295227,0.49645390070921985
2691359.8788596746,0.2189737538850247,-0.062046682734427365,1.9097756018309127,0.5815602836879432
3030404.603174483,0.2482458286087479,-0.05475985500076316,1.8419650844649753,0.5390070921985816
6882419.849343725,0.47078175047650395,-0.05769182656282203,3.022536656057231,0.6879432624113475
2667887.8489859994,0.21684010194570225,-0.059950179418405684,2.0303774538840225,0.5815602836879432
3145172.9597477927,0.2575605548191502,-0.0536234563605231,1.995819154533225,0.574468085106383
2808205.9295834964,0.2293790002488929,-0.07320763725878794,1.8214210151410608,0.574468085106383
3304080.8493806617,0.2700187512206542,-0.06729111751982507,1.9409468441174584,0.6028368794326241
1511073.6634473219,0.08606827375271853,-0.13382487967889073,0.870519122206387,0.475177304964539
2698850.6358860065,0.21965154414293653,-0.07913724669200523,1.9158209256261542,0.5602836879432624
2197517.8891859315,0.1705406057001917,-0.09768498245678787,1.3562839245137461,0.45390070921985815
2275473.6034909864,0.17873006356153653,-0.06468580405371645,1.505220841243635,0.5319148936170213
3317296.439605793,0.27103308830475603,-0.06495594719617495,1.9516876683265991,0.5673758865248227
2142197.183400601,0.16458686837677683,-0.06738814660671144,1.552058774504457,0.5177304964539007
2685176.0245786426,0.21841307869749538,-0.05375199893306417,1.7776714052697071,0.5460992907801419
3273985.2504092245,0.2676966530377465,-0.06378716173718697,2.115699214091094,0.5673758865248227
2496964.9798671976,0.20083265731218702,-0.0681527290386025,1.8626895344380567,0.6099290780141844
3624309.3195807706,0.29373417687855286,-0.05227175753038014,2.3311570989772563,0.574468085106383
3792706.4963310785,0.3055389915792672,-0.04352732382827966,2.3187758984721927,0.6170212765957447
2454954.1099914173,0.19676443819405964,-0.0721696381150774,1.5638969058245478,0.5177304964539007
2970564.802532717,0.24327673286625595,-0.042035221393561285,2.0361894942223238,0.5531914893617021
3069596.2874422837,0.25145792303507863,-0.059127229877933354,2.345140835441013,0.6099290780141844
1922116.4709015964,0.13960918277610967,-0.07574573091762028,1.4308070645576516,0.524822695035461
2223851.3249502266,0.17333263382790398,-0.09095108981572846,1.3936572887428438,0.5319148936170213
2487843.0040882654,0.19995398992179436,-0.07113257519587464,1.9064295651876741,0.5957446808510638
1924010.3932793562,0.13983367293572657,-0.068364918630786,1.3749590378695529,0.5177304964539007
2673015.316123738,0.2173074766579164,-0.06006171182048438,1.9140502689382755,0.5957446808510638
4758971.4337640805,0.3661633161021205,-0.05871316498894143,2.495696199624504,0.6382978723404256
2921530.5737545826,0.2391448809761394,-0.10243907605360528,2.029442994935971,0.5602836879432624
3674495.278274596,0.29729737323318584,-0.05522925345254757,2.1898593879933745,0.5815602836879432
2070624.1479920116,0.15669871976561578,-0.05967466920079114,1.5649787314843022,0.5177304964539007
2718789.3758366485,0.2214483659014983,-0.05726844302996999,1.8931652600226032,0.5602836879432624
3343647.7382452018,0.2730460198743423,-0.05571219383073994,2.172514884008768,0.5957446808510638
3142511.611303682,0.25734766095097994,-0.07632313326308933,2.1531098078975974,0.6099290780141844
2909010.734707799,0.23808101696609563,-0.09324303810748599,1.8845563590971517,0.5673758865248227
2190648.086962092,0.16980782833609065,-0.07466851582392807,1.6167514346662686,0.5319148936170213
2816789.8327401504,0.23012965680936381,-0.07560504882846235,1.9453798522810088,0.5815602836879432
2047107.9268353225,0.15405936080653504,-0.0547419678341368,1.5224283239637166,0.574468085106383
4344041.107229785,0.3414632678609737,-0.06917736437843895,2.1276744671774876,0.574468085106383
2856620.5318529983,0.23358906413515368,-0.08301846922671784,1.8431825579867027,0.5602836879432624
2907489.449280053,0.2379514974218313,-0.07095361250708183,1.8761924021598468,0.574468085106383
2136281.1567596504,0.16394291734653987,-0.09602270396747399,1.339484753298468,0.48936170212765956
2310745.8332166793,0.18236192446817645,-0.07023234706276615,1.481411691516159,0.5035460992907801
3773783.995319406,0.3042336697867618,-0.07741731518095792,2.2497219004858455,0.5673758865248227
2063557.7149359456,0.15590814511671125,-0.06334790604184766,1.481615109569949,0.5177304964539007
3458914.2500492623,0.2817046475787277,-0.09832962295424995,2.191547823174954,0.6028368794326241
3211783.0311104786,0.2628426469477758,-0.15452173218417714,2.284377856903062,0.6382978723404256
2180296.3753048927,0.16870016823442757,-0.08905999912401556,1.6042022299346588,0.5886524822695035
2630950.77695791,0.2134518400745853,-0.05497566174600805,1.8822013362288725,0.574468085106383
4179091.3282601777,0.3311174367167924,-0.08096891707458585,2.2884303073839827,0.5957446808510638
2142581.755042543,0.16462867918021562,-0.058082784066311004,1.4007836741249247,0.5460992907801419
2644999.5679412535,0.21474500263607355,-0.06510779772402162,1.6617934309399622,0.5319148936170213
2216460.101895604,0.1725516539488714,-0.07136721766652057,1.379314684325096,0.5106382978723404
3406959.6856575226,0.27783093843756945,-0.0831685779257491,2.003922376647726,0.5815602836879432
2136993.307793702,0.1640205094408509,-0.07837699969061324,1.5341405011521618,0.5106382978723404
2305787.0838936656,0.18185402995936117,-0.09800288600693953,1.598964240738847,0.5531914893617021
1976360.7150401522,0.14596998420072027,-0.06156696787194133,1.4781200342236194,0.5602836879432624
2183994.7553571644,0.16909638662924897,-0.10444633558141588,1.4027570680563894,0.5035460992907801
2629252.9546353654,0.21329518510005974,-0.05177242195353829,2.0192910237700294,0.5886524822695035
3282725.1682613604,0.268372755823689,-0.09158699882066247,2.0872957119965836,0.574468085106383
2442526.1496971445,0.195550276952712,-0.12257051269206888,1.764600679995045,0.5673758865248227
2519670.1560133607,0.20300861772685908,-0.10639390395390129,1.7529543704743522,0.5602836879432624
2468573.8793430477,0.19808940016647747,-0.08237911638741524,1.7329367534039717,0.5390070921985816
3097639.273166245,0.253736207604383,-0.07074006865470914,1.8062046689087095,0.5531914893617021
1978992.5565624973,0.14627503035205724,-0.1026303966367459,1.378761830794703,0.5531914893617021
1763037.3270746018,0.12008840489446992,-0.11422947966776033,1.0826258305416867,0.48936170212765956
3136068.1480269255,0.25683161980958813,-0.04223153876725667,2.2325815197274874,0.624113475177305
4677218.5014490755,0.36143694502692614,-0.06056916309772068,2.437650726381481,0.6099290780141844
2173166.635461032,0.16793481826723133,-0.059749610080177304,1.4629232031259978,0.5390070921985816
2635435.5471510245,0.21386525303765702,-0.06755721822369037,1.8427513559697306,0.5460992907801419
2089408.6729912201,0.1587898396387688,-0.0886851585060535,1.4175543934339503,0.524822695035461
2890761.6880853954,0.23652373791014347,-0.06925128763019071,1.994134804258305,0.6028368794326241
2423489.382449087,0.19368084356490445,-0.07227924265822959,1.5175197478567937,0.524822695035461
2604160.7787064863,0.21097048648776684,-0.056907927294315694,1.8487895449513876,0.5602836879432624
2683471.371323422,0.21825834028038726,-0.04153763371752868,1.9560219308869693,0.624113475177305
2551009.668452742,0.20598642960749647,-0.07436979147279223,1.7428295465188544,0.5319148936170213
3141294.1993290354,0.2572502263163523,-0.06001599482770673,2.1024356609097974,0.6028368794326241
1539506.0025168394,0.0901249443063592,-0.10302759430765712,1.016772481196884,0.5815602836879432
2834850.4228224587,0.23170308665690587,-0.07054853221977024,1.8674746524751162,0.5957446808510638
2792432.000497078,0.22799478157055675,-0.08111320573719091,1.9646546793404076,0.6028368794326241
1558121.7028606164,0.09274864179842801,-0.07257467049685132,1.015957245526933,0.46099290780141844
1975671.5941726107,0.14589005729365723,-0.05671108310222084,1.1927083712817066,0.5035460992907801
3641932.4224250526,0.2949898861679754,-0.05203181696452303,2.1936975885955454,0.6312056737588653
2229127.582683951,0.17388887051511337,-0.059362159097700394,1.6743103515972788,0.5390070921985816
3217610.850546644,0.26330060335468763,-0.06085374216745885,2.138432909977464,0.5531914893617021
1980667.5615215728,0.14646900446769306,-0.12453421690209725,1.4944384245232696,0.5319148936170213
3002889.2954581347,0.2459707995462057,-0.04408655694504583,1.9375505290531758,0.574468085106383
4072311.670771665,0.3242445729909815,-0.03959916132973007,2.6773827507600245,0.6524822695035462
2556150.943711109,0.20647214441235695,-0.05752197684273257,1.8522219252392793,0.5531914893617021
3128284.1782648233,0.25620708830302474,-0.06056793757312342,2.0350486056450237,0.5673758865248227
2069276.4186998922,0.15654810597369218,-0.08409908652703854,1.4966446108078204,0.5319148936170213
3418297.334870517,0.2786802794339194,-0.07896573716181537,2.118866848176032,0.5957446808510638
2707707.371909807,0.22045099409165747,-0.15944395068997827,1.8053295868521697,0.5177304964539007
2236746.203687363,0.17469018964214356,-0.057086152978855456,1.483201734111246,0.5390070921985816
3964302.9175170497,0.3171443292129943,-0.06022882560651344,2.4964202180243,0.6382978723404256
3343380.9789401283,0.2730257062686019,-0.0409042143385802,2.1604318242898386,0.5319148936170213
2003221.2904041097,0.14906814593173645,-0.10120380577472551,1.4474139812914308,0.5319148936170213
2281206.1118720225,0.17932337135444887,-0.08429325542153325,1.6429213511251763,0.574468085106383
2922637.6073314976,0.23923877471327404,-0.0618920919803155,1.8255200568623746,0.5957446808510638
3127027.1483946117,0.2561061164211291,-0.07881056831831235,1.9846322577622721,0.574468085106383
3050036.4827762092,0.2498589568435432,-0.06974341690724187,1.8543253495665462,0.5673758865248227
2486369.2103803265,0.19981178610546735,-0.05384772034015124,1.6288627334373185,0.5390070921985816
4548908.368399422,0.35388394353168606,-0.041895177371258426,2.296529208607132,0.574468085106383
2654667.1962442524,0.21563170003283982,-0.0788017810350138,1.8158585827463452,0.5319148936170213
2457184.0296930484,0.19698177174757414,-0.06935241745251562,1.766841303291459,0.5460992907801419
3606940.811322679,0.29249181989482786,-0.07579633143173595,2.053477473911351,0.5460992907801419
2907209.5215035365,0.2379276589617092,-0.06237071195534154,1.9884213074351105,0.5602836879432624
1742398.4913364046,0.11745359561703972,-0.11003323833126089,1.1688135266067685,0.475177304964539
3973759.0878419564,0.31777209527981376,-0.054381395498056956,2.4309832145699675,0.6028368794326241
2104637.672960013,0.16047414244420377,-0.07610673633909425,1.408044386953775,0.5319148936170213
3122174.1980544403,0.2557159945593255,-0.06477842308202673,1.984426364641099,0.5886524822695035
2243574.9525279496,0.1754065772377007,-0.10747259619243743,1.3687673211930313,0.48226950354609927
3443436.395575371,0.28055552155277796,-0.035852456787913656,2.173382321377611,0.574468085106383
2626099.29291156,0.21300398757979133,-0.05288660003563757,1.7981321945701743,0.574468085106383
3577182.8462810284,0.29035208499339915,-0.05618062862866926,2.4864301800217183,0.6382978723404256
2049251.5648034106,0.1543009552887249,-0.054967419445144765,1.4911474134511766,0.5319148936170213
3870536.338246731,0.31085371687739105,-0.04592346755084072,2.430667462545616,0.6453900709219859
3044070.8520816322,0.24936964877477474,-0.06837586671090283,1.8223868769109526,0.5815602836879432
3833621.5173898954,0.3083436978585359,-0.047434740299772696,2.330397616161277,0.574468085106383
2546335.249869246,0.2055441402774778,-0.06077171144779092,1.765121950345064,0.5602836879432624
2788242.674330306,0.22762610218039314,-0.07636252226845902,1.85132851038858,0.5531914893617021
3760820.2163558933,0.3033363700029661,-0.06014354803025528,2.0843170276268608,0.5673758865248227
2538177.502518589,0.2047707031092565,-0.08843130511366885,1.9112202490444643,0.5602836879432624
2492169.8277024985,0.20037108867601527,-0.06730164159115085,1.7921278922912744,0.5460992907801419
2025295.3848743811,0.15158944222911397,-0.10106365471214639,1.3474534736004533,0.5319148936170213
2867472.538390674,0.23452489866255055,-0.06221351283257035,1.764088920094145,0.5815602836879432
3310218.978126531,0.27049027432008854,-0.04611055055486814,2.107497649062781,0.574468085106383
3263538.0898419796,0.266886584199419,-0.059082353033225586,2.024121157804853,0.5531914893617021
2596874.002131508,0.21029203649234085,-0.07108260690499767,1.9402963455858269,0.6028368794326241
2311700.833313096,0.18245963916409602,-0.039540469994553594,1.7822848475737412,0.5390070921985816
2821375.1161144846,0.23052988716044975,-0.11145366078041656,1.7571029378456866,0.524822695035461
2679550.8896107296,0.21790216333864865,-0.06669454508592018,1.7681776803825768,0.5319148936170213
3101650.31451425,0.25406072474117014,-0.0936967317626381,1.9452964684861203,0.5602836879432624
1739129.667963138,0.11703400128890062,-0.09169777625546477,1.1463223315206559,0.5177304964539007
3547105.6986974315,0.28817488012794623,-0.057170453609491904,2.027185802415646,0.5673758865248227
2522428.304606905,0.20327187636204047,-0.06523938917021904,1.7585429379035515,0.5106382978723404
2309406.9162775986,0.18222487335431592,-0.11754610273655006,1.5142887193686043,0.5460992907801419
3828501.2660682276,0.30799402169282053,-0.04924202268176959,2.5773828263779763,0.6382978723404256
3180283.5261691213,0.26035581051677936,-0.06810808756927239,2.148050771094757,0.5886524822695035
3798109.3689677482,0.30591073903907406,-0.055991427127796305,2.182643118228805,0.5957446808510638
3170270.79391787,0.2595611940766469,-0.052474673331339414,2.1307021876171954,0.6099290780141844
1763006.4223697572,0.12008447800718947,-0.08670489468095552,1.0560435157685655,0.48226950354609927
2855503.1693996466,0.23349254576341738,-0.05507881849052994,1.8807757422376754,0.5531914893617021
2326635.3296231427,0.18398353708298565,-0.0986481202022695,1.5424465534968383,0.5390070921985816
2868957.584831994,0.23465274275615067,-0.0730345442288741,1.821856111224545,0.5319148936170213
2415357.9742601756,0.192878747267754,-0.10226375580865622,1.6180430650426503,0.5319148936170213
3237788.358599475,0.2648810653465956,-0.06244398492679496,2.1950577718724866,0.624113475177305
3130785.993567265,0.2564079519746476,-0.06470132334698264,1.9282107891606177,0.5957446808510638
2101691.7416496435,0.1601490895518647,-0.06898855746351534,1.5420148880232838,0.5531914893617021
2613979.145802226,0.21188224756954632,-0.06515498238379898,1.8757980669857846,0.574468085106383
3872867.236276222,0.31101156221584003,-0.04492720908886006,2.473512706348438,0.6382978723404256
2751650.8309898796,0.22438687286210057,-0.10946324765604179,1.835076844294428,0.624113475177305
2064379.825836488,0.15600023202855318,-0.10880186254346108,1.393045092165413,0.5106382978723404
2923434.92008865,0.23930638166391827,-0.06366124290879467,1.8855884427625729,0.5531914893617021
2635747.76949939,0.21389401320988743,-0.05382208792637509,1.8346975520011541,0.574468085106383
2339821.9800157766,0.1853225953623252,-0.064024290557711,1.6045134630574702,0.5035460992907801
2673517.1888329373,0.21735318440379703,-0.06217226252951101,1.7936725877254953,0.5460992907801419
2748758.9728219477,0.22412940977516205,-0.10147545769364483,1.9440129782106297,0.5886524822695035
2327304.8451016773,0.18405167015629287,-0.10699929559534987,1.6573387142976912,0.524822695035461
1495226.619291684,0.08378067805923672,-0.09885777937036587,0.8934054652942981,0.475177304964539
2366577.0921843834,0.18802103766753886,-0.0795616422199302,1.656070906389905,0.5390070921985816
3504230.967831751,0.28504561693292185,-0.0926956159273884,2.2255649340236667,0.6099290780141844
2267159.2841250915,0.1778674129566855,-0.07649754326472506,1.7911535915874623,0.574468085106383
1892376.2111742625,0.13606059414825467,-0.09051904002139345,1.425930622126527,0.5460992907801419
3105845.375638792,0.2543997711834749,-0.07018556121699226,2.0626875138766745,0.5886524822695035
2985379.023349225,0.2445143119947364,-0.08771262829824354,2.334112824606771,0.6312056737588653
2063555.5028888904,0.15590789729962462,-0.05914773460641989,1.6646823584780608,0.5390070921985816
2648233.1289307014,0.21504186715811624,-0.05477590704679347,1.7082968622764585,0.5531914893617021
2611253.3125061076,0.21162939415662962,-0.07026128124016559,1.8164700746440292,0.5531914893617021
3049133.6550196307,0.24978495504100118,-0.10151334000610979,1.8319288050519171,0.524822695035461
2285642.781507214,0.17978174313039763,-0.13375445588081103,1.5321604973643144,0.5106382978723404
4806551.246478277,0.36888421456094966,-0.050031836176214615,2.5833874089329667,0.6524822695035462
2355249.7236198783,0.1868815868607563,-0.08546167194872188,1.6992108592212865,0.5390070921985816
4196470.878595752,0.332222740869782,-0.04088485584978259,2.4862033179649456,0.6595744680851063
2664812.193493622,0.21655940738935775,-0.0975250702218383,1.6002034867700046,0.5106382978723404
3831837.9716314636,0.30822193700056677,-0.0695029748893179,2.0836576205622164,0.574468085106383
2694613.62263106,0.21926834931817107,-0.12229320194200799,1.7174332502736038,0.5531914893617021
3824837.9318678915,0.3077436127774391,-0.06753664200166651,2.2199150435842014,0.6099290780141844
3248903.3327481947,0.2657483150297588,-0.0636037257815856,1.976133793375054,0.5602836879432624
1519455.7719860196,0.08727051954121978,-0.12866446655461714,0.9154165224016969,0.49645390070921985
2730529.989952534,0.2225014704322723,-0.05524950602602423,1.8019039027887678,0.5390070921985816
2290820.5766767384,0.1803157846217398,-0.07160557875052163,1.8550551839912823,0.5673758865248227
2453194.622366622,0.1965928426324688,-0.09882704994111709,1.6497197286852219,0.5460992907801419
2260194.655547635,0.17714284914254863,-0.1386784541924555,1.5584828124918084,0.5460992907801419
2384418.3867798895,0.18980692531225296,-0.0952366934150815,1.6315821922709095,0.524822695035461
3096038.302243493,0.2536065856490157,-0.048977834212646135,2.03392149132952,0.574468085106383
2481402.9295567293,0.1993321012183391,-0.09731244033592996,2.0984489357749085,0.6099290780141844
2595236.63130207,0.21013937626624668,-0.04653061209257892,1.7902151060603066,0.5460992907801419
1698576.940599357,0.11177536035070323,-0.14536667289483537,1.0819391190405692,0.5035460992907801
2444232.2948394483,0.19571725265593276,-0.07409843044791745,1.513751325124195,0.5177304964539007
1969804.1777886606,0.14520862670094337,-0.07535051008726178,1.4545386780372207,0.5177304964539007
2241885.985263686,0.1752295542868143,-0.15512815491813323,1.3885181704958345,0.49645390070921985
3792204.000612936,0.30550439557119846,-0.07356865190173224,2.063666477697088,0.574468085106383
2704990.9391140635,0.2202060190013453,-0.07452121528520339,1.890124034838982,0.5886524822695035
1966032.9373569046,0.14476978426636755,-0.0716187316139212,1.343497449689308,0.5390070921985816
3983610.2397740227,0.3184248132305805,-0.05931783057642342,2.285394279154426,0.6028368794326241
3511471.0014892113,0.285576180938097,-0.08649648667014231,1.9926359750725877,0.5815602836879432
3079577.417595466,0.2522707171987866,-0.04778480773455312,2.1893167109041594,0.5673758865248227
2165712.9064638466,0.16713253852951082,-0.10954170825666402,1.4691901756853991,0.524822695035461
4075516.9132570545,0.32445296515861477,-0.049489393524134735,2.4083833770872682,0.6028368794326241
1674383.5669809354,0.10859008645765766,-0.0754770328542032,1.1424454683835752,0.5106382978723404
2937004.884935038,0.24045477088116907,-0.0604784857114237,1.8189731758434349,0.6028368794326241
2712756.924724012,0.22090585415870723,-0.08478767333149073,1.8424362427632752,0.5531914893617021
2836750.492483929,0.23186815317726572,-0.07702676378484137,1.7713047492400449,0.5390070921985816
3349914.0194035037,0.2735228219538606,-0.060660801039975995,1.956881431488934,0.5886524822695035
3874366.9154987787,0.31111307833920754,-0.06927530516270938,2.5148101054219256,0.6099290780141844
1813693.4513729834,0.12645222446711735,-0.13026766638368054,1.1666979505395676,0.46808510638297873
3551425.138930503,0.28848845894776654,-0.07130949838220277,2.259288891167852,0.5886524822695035
2938784.8854018254,0.24060509238745342,-0.07875859316363593,1.8890555004023122,0.5460992907801419
2808045.938044336,0.22936499168072166,-0.053792545887819405,2.1814339218110423,0.6099290780141844
3716990.720526393,0.30028422991182047,-0.05822772210118576,2.511132928286044,0.6453900709219859
2625542.1420608186,0.2129525132455321,-0.07882486810202373,1.745095765196898,0.5319148936170213
3225274.2444131756,0.2639017922885476,-0.0469266131504702,1.955360267347724,0.574468085106383
3397780.41564672,0.2771416307964105,-0.0606050370731782,2.049773233387709,0.6028368794326241
2896775.808722168,0.23703781847553929,-0.06667846813382712,1.961799220110627,0.574468085106383
2263778.3755740863,0.17751590350709834,-0.07284592958140851,1.6132106716563328,0.524822695035461
2425751.9074719665,0.19390364006818395,-0.05731660125150072,1.886244999680946,0.5886524822695035
2198557.5481632203,0.17065134271119042,-0.09468570500985589,1.5025560332080004,0.5319148936170213
3017236.2196825747,0.24715910735717395,-0.05056939470642237,2.177296890907136,0.5886524822695035
3126219.484115319,0.2560412230369251,-0.06404491479383205,2.0790819584134,0.6099290780141844
1827215.322742365,0.12812687577177728,-0.0832955293563879,1.4222080899502414,0.5602836879432624
3201737.1232421454,0.2620516655539491,-0.11737649490691779,2.0530335410888223,0.5815602836879432
1912436.092690545,0.13845897784376926,-0.07092253256896947,1.3881102068379667,0.5177304964539007
3088413.860066397,0.2529885390255464,-0.04044512446839998,2.2453236074968626,0.6099290780141844
2993472.2428444424,0.24518834521618027,-0.06964168493677164,2.061364265049974,0.5957446808510638
2341042.365856459,0.18544621581093623,-0.09156530388432288,1.637658616531653,0.5602836879432624
2761044.3802301562,0.22522169282509763,-0.05881001859116557,2.1192008335382915,0.5886524822695035
2952645.478639848,0.24177313796316757,-0.06135429552318311,1.9179085008935686,0.574468085106383
2381360.0268238415,0.18950154885166648,-0.05782822654110283,1.5429732569043422,0.5106382978723404
3103147.829647173,0.2541817965670521,-0.06228008729750461,2.051043579698662,0.574468085106383
2365358.5774993473,0.18789867365744906,-0.09984085217831795,1.631976617260847,0.5460992907801419
2305667.5755770234,0.1818417786708606,-0.15259145788683806,1.5027857317262747,0.5319148936170213
4080968.544648188,0.3248071076754018,-0.06831633933152209,2.2945254925778267,0.574468085106383
2684641.049317527,0.21836452524693462,-0.061236336167972596,1.7981816572460867,0.5531914893617021
3704228.311491516,0.2993900873659525,-0.04637536685762169,2.665055923739676,0.6595744680851063
1837304.4069466756,0.12936993802120145,-0.1619322686556126,1.1474274108568183,0.5106382978723404
2055970.8058652137,0.1550569263034809,-0.08056500497393969,1.4354377606902202,0.5177304964539007
2003759.4954256618,0.149129883274294,-0.07868778567266994,1.3565707138144483,0.5390070921985816
2338932.797071507,0.185232492021717,-0.070475614569327,1.5410911714487685,0.524822695035461
2569363.4266072246,0.20771679990083824,-0.06663862661057905,1.5817384730235442,0.5035460992907801
3720066.196916162,0.30049933244411053,-0.07659371140709799,2.3381056998685117,0.624113475177305
2641531.0991288177,0.21442624894230433,-0.06466893954208125,1.9083585035278263,0.5886524822695035
2307334.7098624003,0.18201263758936292,-0.0763344516281627,1.4691842038026104,0.5319148936170213
2235138.123971409,0.17452123538838382,-0.0608699829269482,1.4970250848141098,0.5177304964539007
2441493.583766201,0.19544917725421085,-0.08147998285058954,1.597536802356129,0.5035460992907801
2320059.594487957,0.1833135241516004,-0.10851971913972892,1.5116573858228872,0.5177304964539007
2661108.497416794,0.216221051587274,-0.08700179255041071,1.6570296917310445,0.5177304964539007
2535545.581253316,0.2045207459933298,-0.08215007866365559,1.5980768165459571,0.5390070921985816
2603989.965945024,0.21095460001548516,-0.05396575349466546,1.6482386175163901,0.5390070921985816
3158118.6741262637,0.25859409301672875,-0.047934031019712796,2.14683930725513,0.5886524822695035
1731962.9763996045,0.11611185422833259,-0.08773921077454448,1.247761636355579,0.5460992907801419
2905958.5169350114,0.23782110181298521,-0.06564501072798917,1.8622035698362172,0.5957446808510638
3232826.1438910994,0.2644931176445311,-0.03565656778740496,2.2721562776888113,0.6524822695035462
3530397.509062716,0.2869590303803442,-0.05608297614093825,2.070826986468878,0.6099290780141844
2075301.807972639,0.15722085805421693,-0.07484577050041902,1.4649671359288114,0.5390070921985816
2371307.128018717,0.1884955537891344,-0.057737463306432785,1.5658919396744577,0.5035460992907801
3318155.2558301254,0.2710988931452394,-0.08178015379920167,1.8259122409456212,0.5177304964539007
2693260.0526536573,0.2191458310672758,-0.09095536513495227,1.896108612062936,0.5815602836879432
2431298.6870750575,0.19444914280783654,-0.08559252681162138,1.5132462436545753,0.5106382978723404
2297426.5140760285,0.180995725612505,-0.05562548406665316,1.6426784583521716,0.5886524822695035
3740833.4554768926,0.3019481076694239,-0.039938527000000015,2.3601596700647076,0.6028368794326241
2211162.83411143,0.17199064528762298,-0.11415200943709693,1.6204316418873417,0.5390070921985816
3019310.0625839354,0.2473305027055679,-0.07209782842088718,1.8259211517982992,0.524822695035461
2446029.890831669,0.19589307755722452,-0.08193980235304314,1.5833782269258714,0.524822695035461
2065250.1013636966,0.15609768203231544,-0.0936362194585407,1.4278039120137425,0.5460992907801419
2957961.8610716267,0.2422199908867595,-0.09531610171728237,1.884152512793676,0.5673758865248227
2462056.125933572,0.19745607000908683,-0.11780245431279807,1.8285000180249449,0.5957446808510638
2178021.4539802163,0.1684561820226771,-0.0741815564186945,1.5333035439672218,0.5319148936170213
2704746.9558092626,0.2201840063110696,-0.07597359351511163,2.1519094206965983,0.6028368794326241
4049472.877140777,0.3227558743047323,-0.05422325423399406,2.334188144954235,0.5815602836879432
2842506.703723759,0.23236767859635954,-0.06881651583786534,1.7981789053293076,0.5319148936170213
3533041.2526000957,0.28715172091530694,-0.07880980126459827,2.1018588283273707,0.5957446808510638
2880381.946989589,0.23563447261515758,-0.04215666061516254,2.0182744820452974,0.5815602836879432
3255959.864907452,0.26629767233748924,-0.05238137128623898,2.3130437263602857,0.624113475177305
2810343.7010646616,0.22956611839636754,-0.05736441380533782,1.7403710469462543,0.5319148936170213
2138368.4610539014,0.1641702801238354,-0.07882981344889402,1.4893951299650607,0.5177304964539007
2217810.7052482497,0.1726945183599502,-0.09112653109899917,1.4645198292853074,0.48936170212765956
2993901.264047351,0.2452240349795003,-0.07052325201227624,1.8899451740627211,0.5390070921985816
2792309.323124379,0.22798399170560524,-0.05628934972722574,1.6924643296217248,0.49645390070921985
3259721.7892159508,0.26659015235111294,-0.07572534967609847,2.0382515712484692,0.5815602836879432
1722768.808650939,0.11492434857701128,-0.11145155788191795,0.976523745989683,0.4326241134751773
3383364.266187187,0.2760560520525488,-0.06444464940457705,2.134818483659725,0.5815602836879432
3203564.5976037295,0.2621957024055588,-0.06547358633735004,1.865599368823899,0.5460992907801419
3728420.5198477507,0.30108292661300085,-0.05315305199522965,2.313706559260326,0.6312056737588653
5065391.518729936,0.383319833643301,-0.06910065259168421,2.7733860375879082,0.6808510638297872
3266546.81484328,0.2671200920287793,-0.08327835677815083,2.0722637972931137,0.5957446808510638
3621044.0130821546,0.2935009759311564,-0.0581292142857682,2.1630055549452534,0.5531914893617021
2599364.976038634,0.2105241347613127,-0.07088784058562025,1.6503368334934017,0.5177304964539007
2600007.942266065,0.21058401470472687,-0.09622777290394333,1.8167848898679795,0.5460992907801419
3362953.447363841,0.27451271088138984,-0.04567196357578412,2.223463079024425,0.624113475177305
3751919.0778419888,0.3027188357621742,-0.0636627196315247,2.342590005969224,0.5957446808510638
2492816.9020133233,0.20043341577988727,-0.0932098518990178,1.556112320055547,0.5390070921985816
3879579.9224185883,0.3114657122596183,-0.06004341460430855,2.349354782261931,0.6028368794326241
2899545.8866140833,0.23727431459147952,-0.07217519663605616,1.8415547792964828,0.574468085106383
1901334.0987481242,0.13713411095735362,-0.1312400489029887,1.3367786341390497,0.5319148936170213
2636090.5531436997,0.21392558537883222,-0.07995194194933501,1.7717409167624247,0.5815602836879432
4203129.269701473,0.33264523090397047,-0.04542196342286349,2.39988817849609,0.6382978723404256
2306410.5537984394,0.18191793618398666,-0.1535068989869699,1.7865505422418875,0.6028368794326241
3326447.535246821,0.2717335702950543,-0.04442266958983892,1.9462651850804915,0.5815602836879432
4131567.5626548366,0.3280761323880381,-0.04803427422396365,2.2286558874033133,0.6028368794326241
2237469.457319788,0.1747661472165125,-0.0982375233990323,1.641537846419414,0.5673758865248227
4309426.448597102,0.3393185825506013,-0.07151047664461065,2.379917547558294,0.624113475177305
2857133.9886335446,0.2336334066810397,-0.05939403767331293,2.0784283180213787,0.5815602836879432
2359529.880016586,0.18731265368465544,-0.0842134454180461,1.5259088531222291,0.5035460992907801
2768524.956667826,0.22588488012584373,-0.08385734115934398,1.7549546476895608,0.5390070921985816
1916435.4819581825,0.13893474136841255,-0.06499830139434104,1.4564982456827564,0.5106382978723404
4631639.910944993,0.35877315344649285,-0.06363048976867378,2.479179302291327,0.6312056737588653
2378600.388086346,0.18922573022801625,-0.05755321526572703,1.6468189458749352,0.5602836879432624
2874183.3091453672,0.23510219235420493,-0.06206777144835987,2.0951636954903097,0.6099290780141844
2723260.4908642326,0.22184984218202763,-0.08047348633824404,1.8134610181738495,0.6028368794326241
2074589.9771341684,0.1571414615508231,-0.08264652803118522,1.5866906244531331,0.574468085106383
3037201.576082532,0.24880527149252618,-0.049807099868067084,2.193603304909059,0.624113475177305
3112907.9689183785,0.2549697459877742,-0.04626812994046709,2.166236013134936,0.5957446808510638
2094870.0158560353,0.15939498140751307,-0.09063706456504542,1.364720790900531,0.5177304964539007
3760747.1954978975,0.303331308794311,-0.05167637956962053,2.379402207835909,0.5815602836879432
2467198.913009874,0.1979559061079259,-0.08887273307661225,1.540188229975125,0.5106382978723404
2617509.0794908884,0.21220937757807046,-0.05977326547826169,2.0051468990230847,0.5815602836879432
2259136.948115749,0.17703265457449024,-0.11495132815136648,1.355358737377183,0.48936170212765956
2709940.116573369,0.22065220173543665,-0.08541482116817166,1.7913675901188486,0.5460992907801419
2276518.2808294706,0.17883827545302466,-0.07445534805733198,1.5762165010762916,0.5390070921985816
3613463.82472545,0.29295896641599994,-0.10339211545252501,2.072135182503618,0.6382978723404256
2602451.7104218034,0.21081149670578325,-0.06447767968092143,1.8649451234548196,0.5886524822695035
3022858.128162819,0.24762351876145372,-0.060245087242486436,2.128552529988963,0.6099290780141844
4371675.609706753,0.34316567803165055,-0.055788552185996335,2.5967792734725843,0.6382978723404256
2751508.112541902,0.22437417167067908,-0.09091015812881868,1.7409597376650723,0.524822695035461
2202027.136589886,0.17102059543799197,-0.06598080046401947,1.6731504685780823,0.574468085106383
2597930.74459374,0.2103905209669128,-0.04810258738643842,1.9016033531004977,0.5815602836879432
3462063.975082371,0.2819379894463738,-0.05652277925133161,2.0331634198399704,0.5886524822695035
2701238.310444027,0.2198672730850335,-0.08511056746553533,1.7964466788351936,0.524822695035461
2390527.737395522,0.19041600544286608,-0.11647478800090619,1.6743769098292585,0.5531914893617021
3582878.131410112,0.2907627012627487,-0.07108390131623608,2.1903945176003496,0.6028368794326241
1851290.3861865727,0.131084130601139,-0.09949695361828377,1.2118542078247854,0.48226950354609927
3393306.7056026002,0.2768051421396489,-0.04703417413288012,2.1935296014596943,0.5815602836879432
1577265.2718237678,0.09542071200768332,-0.09273033916625649,0.8748113647773449,0.45390070921985815
3226858.7220363636,0.2640259510757432,-0.08427143470443774,2.144976750662567,0.624113475177305
3442534.1632542675,0.28048840954283394,-0.05341251029225892,2.1734013435705672,0.5886524822695035
2878923.862964683,0.2355093486671731,-0.058450666096325384,1.9620139249260153,0.5602836879432624
4153114.1004033377,0.3294584617452603,-0.046627429088574965,2.5933423391579833,0.6312056737588653
2911937.3866230827,0.2383300346031647,-0.06832756060447295,1.8904616473266438,0.5673758865248227
3391282.679989553,0.2766527890904631,-0.08211973452602332,2.108697692918765,0.5602836879432624
2631053.5764002986,0.2134613225950519,-0.09708580201850808,1.5937459403352876,0.5177304964539007
1600379.5900311624,0.09861266368911648,-0.06199245525061601,1.0835388649478992,0.5106382978723404
3931149.8678484424,0.3149338945539195,-0.0547621398364415,2.1396137952213965,0.5886524822695035
3079618.5902208635,0.25227406564504506,-0.04733460678792234,2.035694235097226,0.574468085106383
3230294.68975877,0.26429502413304307,-0.07488792081489397,1.9372977145293107,0.524822695035461
3007709.101881892,0.2463705136628136,-0.07263420942352843,2.075609615141809,0.5957446808510638
4800245.49297281,0.3685248558758485,-0.04161125139473608,2.572103828024227,0.624113475177305
2418245.487526983,0.1931638236262052,-0.08581818472997692,1.4981506681735952,0.475177304964539
4234088.241101557,0.33460264414718477,-0.04543430551200902,2.894697237207105,0.6524822695035462
1922748.0221229729,0.13968406138092182,-0.1091764087205829,1.6221312349369847,0.574468085106383
2893908.213837606,0.23679280615666576,-0.07551818837153397,1.9046952216148503,0.574468085106383
3680019.903685523,0.29768723769485383,-0.04724016606409005,2.38587512174832,0.5886524822695035
2372888.4059292576,0.18865401834714857,-0.04705778687281973,1.7059921311169137,0.5460992907801419
2540344.2620238946,0.20497632761301654,-0.06860787212150357,1.7645358246994345,0.5460992907801419
2156873.9580591726,0.16617829319931432,-0.09740465009489957,1.4108751709349454,0.5319148936170213
2706763.280558152,0.22036587573870636,-0.07228394575599544,1.730650256570096,0.5815602836879432
2652422.846106972,0.21542608282501385,-0.05965889301599482,2.0133565737696917,0.5602836879432624
2529573.589379143,0.20395280709980823,-0.06961950643540776,1.4768074168994816,0.5319148936170213
2017210.8767096484,0.15066859528326204,-0.0895826603272019,1.2889032993405272,0.5035460992907801
3362442.3913134616,0.27447397189560463,-0.058311602436660975,2.421796825454083,0.6099290780141844
2910952.966055856,0.23824629637176575,-0.07078109711906089,1.7955971808075186,0.5673758865248227
2374092.4254207416,0.18877462007615908,-0.06034934667178251,1.7247780977293459,0.5886524822695035
2224086.499106604,0.17335744896169514,-0.06789932833277004,1.4979080020922464,0.5319148936170213
3844266.38227647,0.30906947106693994,-0.04618877200637603,2.234189937914234,0.624113475177305
3818131.241978444,0.30728467626443656,-0.06387323206067592,2.3280325327229976,0.6170212765957447
2478692.262506142,0.19906995826316254,-0.1072163974624359,1.6569194027703964,0.5531914893617021
2322012.9978123545,0.18351271821503468,-0.06669591421116214,1.5698482106942038,0.49645390070921985
5087648.242632993,0.38453333107596954,-0.046856425991953485,2.556912322313459,0.6312056737588653
3130715.839044078,0.2564023212166826,-0.10022372276412886,1.8048564122764124,0.5602836879432624
2824769.0496760737,0.23082579453991925,-0.08316129802432211,1.970799752615345,0.5673758865248227
1958533.491372185,0.14389510223150914,-0.08579213964064533,1.3187821079420627,0.49645390070921985
2759603.1487702746,0.22509375595646475,-0.05820136860681416,1.7969481987838696,0.6099290780141844
2032098.9839484564,0.15236211431153968,-0.08165913692757305,1.4537239228251515,0.524822695035461
2143901.6171129937,0.16477212953803355,-0.05761044660470301,1.4530276637423905,0.5035460992907801
1547061.619582359,0.09119287708979718,-0.0949785313637624,0.9426272402258474,0.475177304964539
3662309.0831249184,0.2964357510781961,-0.07127563007831168,2.091714592007956,0.574468085106383
2941951.224068463,0.24087231058715042,-0.07716617594015333,1.8484683741606274,0.5602836879432624
3228872.5454736827,0.2641836827954418,-0.07750734994819355,2.0205213549393912,0.6028368794326241
2415533.7486890918,0.19289610879175734,-0.07713233310254583,1.812011233685098,0.5886524822695035
3493271.807608632,0.2842408371446523,-0.03310845051976005,2.4746977559337147,0.6170212765957447
2863415.1083350177,0.23417533396170875,-0.05741629594753976,2.026913669844441,0.574468085106383
2449889.4781783717,0.19627023920588904,-0.06917825059364778,1.5556110061977915,0.5390070921985816
1589979.2363560023,0.09718103107797926,-0.08455948053147366,0.8648242223107722,0.46099290780141844
3459575.4791938392,0.2817536476757725,-0.0768014347552679,2.0396659085553437,0.574468085106383
3407552.974718465,0.2778754397164249,-0.07423188676307334,1.9297057664971569,0.5602836879432624
2220213.9002446337,0.17294855202222403,-0.08315939764284211,1.6050038161952078,0.5602836879432624
2428599.451192293,0.19418380867010754,-0.08354042147710714,1.806254412425977,0.5886524822695035
2516258.3508372684,0.20268264998868935,-0.07302085744052339,2.0408442253617194,0.5815602836879432
2910317.6801600647,0.2381922447195215,-0.06406973477782113,1.8312709722831508,0.5390070921985816
2159926.1260925015,0.16650815569056943,-0.06471853153367498,1.509180522832366,0.5390070921985816
3391056.5586980004,0.2766357639053405,-0.06395510832310342,2.104417310566296,0.5886524822695035
2605781.2849626495,0.2111211605160197,-0.05504133239920196,1.5744996815389378,0.524822695035461
2989396.925734342,0.2448491202220031,-0.06172274713231408,1.9299294130570197,0.5390070921985816
1309289.5862169145,0.055375827304459335,-0.11040459668243298,0.6523238014178498,0.425531914893617
1830310.2385143875,0.1285087787147392,-0.1271471318916555,1.3362882790833546,0.5602836879432624
2033062.5538191276,0.15247137777520203,-0.0961465874464909,1.4505857092149486,0.5106382978723404
2584960.684559113,0.20917953546943613,-0.0805054468546435,1.8299235893760586,0.5460992907801419
4261501.560904751,0.33632634494283686,-0.05766480492518647,2.417622017542921,0.5886524822695035
3158253.036291871,0.2586048022121461,-0.07788375284227009,2.01105151207615,0.5460992907801419
2434778.3622928476,0.1947908464206618,-0.10157932549134599,1.7262157046642828,0.5531914893617021
2598124.944203337,0.2104086161635661,-0.05846362315055182,1.8040650498462094,0.5886524822695035
2844182.810522982,0.23251297941978843,-0.05195563830318799,1.7868054268588796,0.5460992907801419
2752845.3041005773,0.22449315402992176,-0.0677667621264399,1.7901253209395538,0.5957446808510638
4210207.325517733,0.33309376290907067,-0.052200665478623474,2.4352277065892447,0.624113475177305
2829526.40257967,0.23124009616480623,-0.04930663624801953,1.9071494451325735,0.5531914893617021
4813258.323035558,0.3692660305635107,-0.04472432730556858,2.5225970128082738,0.5815602836879432
2985664.831741256,0.24453814005886687,-0.06324570201555561,2.0223811808041963,0.5602836879432624
2570084.3469316233,0.20778456531515865,-0.048883778680257665,1.7226390417966144,0.49645390070921985
2366175.5243317387,0.18798071754087142,-0.068121373266526,1.5915458054986455,0.5319148936170213
3294566.7802566527,0.2692865059737093,-0.10495187976922746,2.201926202252267,0.5673758865248227
2675485.6744211433,0.2175323967731202,-0.07082877853096688,1.9236549577251465,0.5602836879432624
3792006.5691658324,0.3054908017355433,-0.05705310586792714,2.4064699272161643,0.6595744680851063
3770888.049318763,0.3040334383913621,-0.052722214099091315,2.2358820176601357,0.6099290780141844
2492663.0542246224,0.20041859811833063,-0.05272321976670293,1.6975553699380668,0.5531914893617021
2480007.8000046574,0.1991972097775636,-0.07192477991836552,1.666980936408626,0.524822695035461
3183408.280879518,0.2606033831510852,-0.048338588908379714,2.4460210975529506,0.6028368794326241
3814490.8532570847,0.30703529560563614,-0.06379740961804636,2.222168555449284,0.5886524822695035
2891039.8910826608,0.2365475372686061,-0.09017653809742003,1.816162034321081,0.5815602836879432
2611962.9287398434,0.2116952398130454,-0.05826018150854398,1.9558807871720327,0.5602836879432624
1975612.7053184335,0.1458832261019496,-0.07356152119335624,1.4333008625784882,0.5673758865248227
2554420.3161615795,0.20630873312236475,-0.07943231155886918,1.9325631563252212,0.574468085106383
2706327.2294508615,0.22032655377885035,-0.06519069236274573,1.945975282839843,0.5957446808510638
2778028.0439489875,0.22672530806646063,-0.05139208330236054,1.8964464916508352,0.5460992907801419
2454760.4236768074,0.19674555358778179,-0.10407592180972616,1.5075848030725196,0.5177304964539007
2210741.560497154,0.1719459840480202,-0.08499571875786283,1.477410259082981,0.5106382978723404
1830631.1467766454,0.12854834822465344,-0.08850588106032105,1.1745717285105541,0.5035460992907801
3162382.0371054825,0.2589337223258663,-0.05628829773999722,2.105336625925739,0.5815602836879432
3066998.596669357,0.25124603838297066,-0.058014689417384864,1.934983065613492,0.574468085106383
1445159.7674869513,0.0764235049219184,-0.12195877673499568,0.7976029407952814,0.49645390070921985
2738781.248153657,0.2232394227418777,-0.07300387929500961,1.6479296023062568,0.5673758865248227
2762435.79587659,0.2253451569099818,-0.060784133426624413,1.8892742538989034,0.5602836879432624
2417556.284714905,0.1930958052526357,-0.059911793620510446,1.9044530380637739,0.6028368794326241
4272829.3305474175,0.33703602565626145,-0.06785125890540179,2.636672559223191,0.6028368794326241
2476746.2291252646,0.19888161997361853,-0.06966160783813156,1.7535833544243196,0.5531914893617021
2696826.26569589,0.21946852050154875,-0.08254973085247645,1.7203798251192344,0.5531914893617021
3819255.3365361886,0.30736164263736176,-0.04629495435241675,2.389739368995807,0.6453900709219859
2755729.9029321717,0.22474966622525416,-0.07176260862314875,1.8922735982892758,0.5319148936170213
2898489.3274532077,0.23718413191161947,-0.0816388198163057,1.8897414679890532,0.5673758865248227
1733389.5058696696,0.11629565055403113,-0.0948200868333204,1.13085286506083,0.48936170212765956
3967252.0311606745,0.317340240223676,-0.0608804062090195,2.084925500356026,0.5815602836879432
2386282.2360336017,0.18999287654466168,-0.1130135926048253,1.825637040368948,0.524822695035461
2390621.8829612476,0.19042538166729406,-0.06491013756221346,1.5623422693199147,0.5106382978723404
2150874.639823552,0.16552882810555114,-0.12050762113151287,1.5028793716054902,0.5460992907801419
2515887.019884797,0.2026471512762369,-0.09907818095515653,1.6581197865733046,0.5673758865248227
3013992.001134491,0.24689079571621741,-0.06594813141902739,1.9364909072663585,0.5815602836879432
2807201.776124421,0.22929106782409892,-0.04755698600606104,1.9369015562782952,0.6170212765957447
2396512.160093258,0.1910114245660639,-0.08756000121912558,1.6952373224364385,0.5602836879432624
2405777.104919403,0.19193089668481056,-0.07202632496727902,1.6547760754272502,0.5390070921985816
3153945.5311745773,0.258261295426204,-0.07771720683925017,2.1124214267890555,0.5886524822695035
2994275.110654869,0.24525513149805223,-0.06947800315992542,2.1534809127347567,0.5886524822695035
3465518.1570455474,0.28219369130421,-0.07077629451236078,2.0352202764423266,0.5531914893617021
3074148.138123575,0.25182885609619876,-0.0630656061287286,1.9142257762128847,0.5602836879432624
3160432.749854225,0.25877848309716844,-0.06256991846430063,2.098022063577718,0.5673758865248227
2205234.550521178,0.17136153232241935,-0.1019265115820853,1.6441156948221984,0.5602836879432624
3351663.3010745896,0.2736557976029128,-0.07907285616165038,2.194310195223748,0.5815602836879432
2312953.916198457,0.18258780443068479,-0.06563449615302944,1.7523135299989545,0.5602836879432624
3616229.1180770257,0.2931567996884721,-0.08535171570732347,2.212372912438827,0.5886524822695035
4581860.165456592,0.3558397621998859,-0.06023597440602011,2.2357175935495115,0.5886524822695035
3160459.0166639974,0.25878057546790756,-0.11458805163903162,2.05577399566539,0.5957446808510638
2900205.2927613407,0.23733058492581138,-0.06594578136067963,1.8791897064390113,0.5886524822695035
2564752.847221301,0.20728305236512035,-0.08999499792997125,1.9282027593011346,0.5602836879432624
1768212.5478227206,0.12074521577040165,-0.0995338907876502,1.0716619942165069,0.48226950354609927
1710062.1222902518,0.11327479738133972,-0.11310726286365556,1.1954753012603303,0.524822695035461
3649877.094908423,0.29555438345894225,-0.05140556887176006,2.226901124636175,0.5957446808510638
2848926.1323031974,0.23292380460197148,-0.07686443348613776,1.8132551407655046,0.5035460992907801
2153503.5725326557,0.16581360527003097,-0.11082001899088294,1.3461305347350419,0.5177304964539007
3710191.415891576,0.29980817251241376,-0.08906406228040734,1.9398909483904714,0.5035460992907801
3693128.900929552,0.29861044959676897,-0.042045512843719005,2.059357453775539,0.574468085106383
1955302.134497018,0.14351739358896154,-0.07345332896305229,1.4174393170288107,0.524822695035461
4273320.132258517,0.3370667401720846,-0.047618149615206246,2.5297256650202753,0.6382978723404256
2549518.1271615955,0.20584537178126117,-0.06063445663777327,2.006338800250666,0.6028368794326241
2079470.646359143,0.15768540687432986,-0.06486113171291961,1.4803705778280736,0.5106382978723404
2223659.5130881816,0.1733123926472191,-0.07023096610948369,1.6251858416850005,0.5602836879432624
2357460.733624616,0.18710434219688743,-0.07487837267987761,1.4700943768936092,0.475177304964539
3811292.918798505,0.30681606762686453,-0.11619915875845604,2.289683394155936,0.6099290780141844
3300609.2035454884,0.26975175354463743,-0.05258300087686637,2.1126825987841724,0.574468085106383
2601340.957276393,0.21070812169667774,-0.05241857211691012,1.6795348512760202,0.5319148936170213
4553305.9019653415,0.3541456084714072,-0.07350046709827812,2.4808899471217556,0.6312056737588653
3796571.0993107767,0.30580494069634456,-0.08372868397785188,2.1158812577821307,0.5460992907801419
3089298.836544531,0.2530603388787762,-0.048489101663292934,1.9833775784724503,0.5815602836879432
3692022.185987686,0.29853260969839135,-0.036391828757816144,2.4175914983740387,0.6666666666666666
2100057.9011822417,0.15996865507737423,-0.05332263302867384,1.4320727335366823,0.49645390070921985
2303303.542430672,0.181599327440787,-0.11051928553914814,1.4244542072393254,0.44680851063829785
5522964.887952478,0.4074547997970961,-0.06100160395511491,2.590672026478571,0.6808510638297872
3011573.8974559754,0.24669065720985217,-0.053091990833448,2.0608946235210968,0.5673758865248227
4600291.838390701,0.3569288517355136,-0.038130416535747925,2.3212472783302944,0.6028368794326241
2388881.9267929187,0.19025204674731389,-0.08442208290915425,1.4381176542777019,0.5177304964539007
1919504.86317208,0.13929933360260427,-0.10018406274217591,1.2291649411116483,0.49645390070921985
3635365.9784321324,0.29452257283204997,-0.05177219892710905,2.219475248315832,0.6099290780141844
3491934.702007592,0.2841425093487955,-0.12558082538230086,2.2052071693448956,0.6099290780141844
2662116.219183743,0.2163131505619733,-0.08638554918987494,1.7026470745686666,0.5390070921985816
2615473.550803989,0.21202078187192153,-0.07036173955409845,1.8203300691200568,0.6099290780141844
1964500.816253798,0.1445913057782482,-0.1168060988818249,1.3706235453501268,0.5390070921985816
2266308.4697597316,0.1777789942037875,-0.08761607535157172,1.7750114721295875,0.6099290780141844
4139270.3025860474,0.3285709665923957,-0.09981920441597836,2.162075678787257,0.5390070921985816
3354283.408280503,0.2738548672247101,-0.04383233197508866,2.294464360056304,0.6099290780141844
2974758.448064143,0.2436275698632402,-0.04510046200000013,2.2562699688168877,0.6099290780141844
2444735.3197570825,0.1957664645140902,-0.10878904381192836,1.5366595559598268,0.524822695035461
3536614.212617785,0.28741195463879965,-0.09140725431822685,2.3250697117458574,0.6453900709219859
2192961.1426407965,0.1700547587828185,-0.09303900730534932,1.6020914192236537,0.5673758865248227
3355908.105987782,0.27397824548256144,-0.06726311700981207,2.005712323558116,0.5886524822695035
4672823.889704167,0.36118101357329135,-0.04906505315111835,2.7027083845321975,0.6382978723404256
3235510.4360890184,0.26470303565951125,-0.0679771170956822,2.0370189623866786,0.5886524822695035
2205040.526859749,0.17134091956245956,-0.09809971351632307,1.462216029016407,0.5460992907801419
2549503.5747118494,0.20584399520393437,-0.09225622407203427,1.4985291361291875,0.5177304964539007
1981412.1472821254,0.14655518916401222,-0.07789766446083612,1.404228660400988,0.5177304964539007
1634916.0411184314,0.10331390345763891,-0.11095281282611956,0.9631410658496437,0.46808510638297873
2317503.304560214,0.1830526492595821,-0.08219544683371995,1.568400836599407,0.5460992907801419
2561530.341370555,0.2069795195339923,-0.09299393491991699,1.6911669684748087,0.5460992907801419
2443816.6002514525,0.19567657837067243,-0.07721988658739357,1.5928451577643503,0.5319148936170213
2115382.209801247,0.1616566141820288,-0.07825580188747788,1.6339377454842527,0.5319148936170213
2806710.097602225,0.22924800299204406,-0.07699010504711024,1.7204718108766306,0.5531914893617021
2353424.017001995,0.18669752402106976,-0.07580863868762079,1.5641077037613689,0.5602836879432624
2645888.3074335386,0.21482662433453248,-0.07165870535583202,1.7328056885949352,0.5035460992907801
1797626.3612694237,0.12444931866722997,-0.07347932917126929,1.2355472445507278,0.5106382978723404
1669714.1178636367,0.10797107786370064,-0.1407478325174169,1.134994554616192,0.5177304964539007
3733737.4661784605,0.3014537992310551,-0.0570812178048129,2.135157418500827,0.6170212765957447
3690626.8651977675,0.2984344443342377,-0.04857897211250611,2.2699614373146324,0.6453900709219859
2101992.769163662,0.1601823215223288,-0.06439147913988393,1.683534189226086,0.5957446808510638
2815107.52875109,0.229982684779928,-0.07967519426603768,1.957978054797591,0.574468085106383
2272771.170995734,0.17844995020344556,-0.0892316818281981,1.5072917088514597,0.5390070921985816
2187890.8336807922,0.16951320487697652,-0.0767747089411396,1.667405873859689,0.5602836879432624
3431481.9997817366,0.2796651569211701,-0.06311948588121365,2.1008038388781505,0.574468085106383
4105049.535497627,0.32636691547354935,-0.06975017763212156,2.184053216472343,0.5815602836879432
2954965.4512115284,0.24196821553913073,-0.043919436224287775,1.9402954589912447,0.574468085106383
2852965.4610372745,0.2332732248588012,-0.06444483041613833,1.7613519616762183,0.5815602836879432
3993599.900299406,0.3190853911602922,-0.05316857912685421,2.415366446187046,0.6312056737588653
3293744.4421030977,0.26922313576330126,-0.12154219219003712,1.9114843809876132,0.5106382978723404
2524952.6386454836,0.203512616206039,-0.04987567995757925,1.847253806418435,0.5815602836879432
2793403.9070492773,0.22808025044142743,-0.05754627716736732,1.890000981403383,0.5602836879432624
2113277.395301076,0.16142535144392167,-0.052017520194231066,1.6348728562632682,0.5602836879432624
1837770.0960227558,0.1294271829640663,-0.07803188408594419,1.2861576744729146,0.5390070921985816
3816248.847462396,0.3071557487455898,-0.06257448932686725,2.06620626285912,0.5673758865248227
2430366.599785165,0.19435754553624207,-0.12916901061179495,1.628859975963599,0.5602836879432624
2750323.684857584,0.22426874349302706,-0.07837183280469169,1.7459715499833972,0.5390070921985816
2419700.900402133,0.19330740938680613,-0.07674532774984445,1.7642843758566353,0.5673758865248227
2971369.4761946085,0.24334408192111412,-0.06368370821435577,2.100480014071208,0.5602836879432624
3240388.292499787,0.26508413923591045,-0.05512543869473611,2.096797399602384,0.5531914893617021
1962385.5019955577,0.14434470737727523,-0.08045685510351863,1.433142001456732,0.524822695035461
1968049.1427825736,0.1450044847936478,-0.07291588932839507,1.5291694341557776,0.5390070921985816
2464820.593806844,0.1977248569817298,-0.05837272281011602,1.5904160768742328,0.5531914893617021
2472571.850951077,0.19847722144681224,-0.0740522171740056,2.001168792007486,0.5886524822695035
2645867.0783140524,0.21482467491117552,-0.07904779196001332,1.7194498567439467,0.5460992907801419
2682245.551463193,0.21814701893527144,-0.07429206563434503,1.8150581996126218,0.5602836879432624
2431449.252187448,0.19446393637603543,-0.0668312021100461,1.7349001167187685,0.5319148936170213
3827729.484372864,0.3079412821384333,-0.06204775215041524,2.181941184535455,0.5815602836879432
3530404.5362690683,0.28695954271468893,-0.06989530604464739,2.0450961061174575,0.574468085106383
3505520.39965096,0.2851401731932286,-0.036905091089005033,2.1680324191008165,0.5673758865248227
2427972.9496623226,0.1941221900120631,-0.08406099430943517,1.6998916863470994,0.5815602836879432
2773215.406661777,0.22629997907817967,-0.05496690580012072,1.9414975312187017,0.5602836879432624
2818583.2140093185,0.2302862556331906,-0.04813620221090066,1.9173440274961242,0.5886524822695035
2508367.959256469,0.20192743640734045,-0.07799664653025586,1.7908897779587447,0.5602836879432624
3230541.628244332,0.2643143532396721,-0.056388252379775836,2.2156353869806567,0.5886524822695035
3723946.573562587,0.3007705277793573,-0.07139178502831885,2.2192318452126862,0.5957446808510638
2811495.41054629,0.22966687980000655,-0.08429059975250609,1.7339174904086891,0.524822695035461
2685727.2896366226,0.21846310248735912,-0.09667190806765814,1.9543454776072127,0.5886524822695035
1839942.731679402,0.12969410146658844,-0.06301114980406401,1.3046871134782871,0.5106382978723404
2146420.4128929083,0.16504569109825185,-0.08453858245432422,1.4412707795336068,0.5319148936170213
2592327.423604821,0.2098679461860049,-0.04857160134166712,2.136219373869368,0.624113475177305
2245666.130083782,0.1756256087395185,-0.06094527113523749,1.4574826308824895,0.5319148936170213
2641508.8487350508,0.2144242030414787,-0.06836758536852995,1.678191693850777,0.5177304964539007
2629781.792500021,0.2133439886826487,-0.08818665899631624,1.746233582911411,0.5531914893617021
2104333.2203127868,0.160440566130843,-0.13425800221083867,1.3867607663679504,0.48226950354609927
3057459.9352745134,0.25046676916995936,-0.06799465480248307,1.8932881030760824,0.5390070921985816
2747618.7092477093,0.22402783216434607,-0.1161087702282738,1.7181666320185673,0.5460992907801419
2874625.3082052637,0.23514017743528526,-0.08112124779316288,1.8257871389153284,0.5602836879432624
3109676.0861537107,0.2547090508078751,-0.05487000579652951,2.33279057792278,0.6312056737588653
3300627.905824913,0.2697531925031331,-0.05209240054322365,2.083654391487827,0.5886524822695035
2150798.451998301,0.16552057096557338,-0.1114073259405796,1.525759306480973,0.5177304964539007
2722923.6010420904,0.22181961010194118,-0.07694934893530879,1.929081654228788,0.574468085106383
4120765.6205852404,0.32738095664236866,-0.056838807770127314,2.346199637440356,0.6099290780141844
2645100.2456804304,0.2147542499660191,-0.07957256122305584,1.8834109595211626,0.5460992907801419
2133063.9891449036,0.16359213419386687,-0.06345627082502772,1.4789059540792824,0.5319148936170213
2388993.9954939657,0.1902632141052567,-0.06519353018693334,1.8281377058873725,0.5815602836879432
3096080.8339901282,0.2536100299077424,-0.10432642079149443,1.941898927401672,0.5531914893617021
3167995.897450595,0.25938037708686856,-0.05664593299755945,2.175235398856179,0.6028368794326241
3559621.152322534,0.28908262794237927,-0.09124128035332355,2.0911092843664885,0.6453900709219859
2349800.26418256,0.1863318483484595,-0.0756272186309311,1.6368308220447476,0.5460992907801419
3738843.506587132,0.3018095630550055,-0.07677468032031212,1.9850309269216138,0.5460992907801419
4384389.592325788,0.3439460265962022,-0.05939904013912293,2.344213308170315,0.6099290780141844
2640917.8188283094,0.21436985340178616,-0.05249168295491403,1.716495453425027,0.5390070921985816
2577387.4911563895,0.20847019386882026,-0.09266878028161196,1.6438629561261613,0.5460992907801419
2230718.7571622664,0.1740564095051833,-0.07188476774657684,1.578569709450274,0.5390070921985816
3507855.2657042006,0.28531132216448696,-0.07628130590945655,2.0653200126678755,0.5673758865248227
2847852.121664741,0.23283083111335579,-0.05528918241261986,2.0869630144799056,0.5957446808510638
3179075.48101441,0.26026004558815763,-0.07054126328952671,1.8451108626739894,0.5460992907801419
3344327.8334379024,0.27309780296358976,-0.09964123867348307,2.0088073174374816,0.5602836879432624
2212124.665241989,0.1720925881191009,-0.08370268501933728,1.5086085919914012,0.48936170212765956
1864729.5919777441,0.13272157487019998,-0.10226881890110644,1.3438722094254028,0.5177304964539007
2055657.1118860203,0.15502167711434223,-0.10659535414758167,1.4256105525671883,0.5106382978723404
1915193.3691749452,0.13878706592391854,-0.07591476744668253,1.2989111653077097,0.5035460992907801
2866278.7810702375,0.2344220925441407,-0.05293161958441113,1.82611843721524,0.5815602836879432
2671345.6755728303,0.21715536575019057,-0.1177178457726105,1.756628832734756,0.5602836879432624
2644229.7778180684,0.21467428749535844,-0.08751429588866057,1.8419134935184942,0.5815602836879432
3511956.8647662853,0.2856117546158523,-0.06416409659234847,2.3024174643297908,0.624113475177305
3837846.3732421068,0.30863194376102254,-0.05446366243129602,2.3539343557199586,0.6312056737588653
2286642.860280949,0.17988496732990011,-0.08107399001005866,1.7296908130142783,0.5531914893617021
2348392.226135083,0.18618964044073438,-0.0895536621515511,1.5097666580552522,0.5460992907801419
3338282.6720059104,0.272637222978799,-0.06214133015436365,2.227943984185466,0.624113475177305
1643732.967960139,0.10450135539967609,-0.08814607163775816,1.0091143561162406,0.524822695035461
2940249.8948384468,0.24072875818344253,-0.04249216920962928,1.8383888739519398,0.5957446808510638
2674835.5712365336,0.2174732225724516,-0.05639575201875659,1.6635121238317985,0.5390070921985816
3501000.0079098344,0.2848085627528756,-0.0572145157642658,2.216016650360595,0.5957446808510638
2903597.520326116,0.23761989855136645,-0.10998507413207564,1.7911770632782333,0.5602836879432624
3090634.45398849,0.2531686689553023,-0.056608789064377885,1.7942326959255466,0.5106382978723404
2168254.790526143,0.16740638126859575,-0.09851256535474032,1.5543269711356078,0.5319148936170213
3314408.310007547,0.2708116919107182,-0.05561868506028212,1.9044135180092912,0.5886524822695035
2337270.1524055963,0.185063938136514,-0.0808712182635634,1.4434135225167617,0.5177304964539007
3121850.4042715332,0.25568994797293176,-0.05238950553796951,2.0069555821566047,0.5815602836879432
3461142.5381393014,0.28186974398325226,-0.06162651838097378,1.9462017148374389,0.5531914893617021
3598538.9333092705,0.2918891212925159,-0.056941937259213975,2.154912904182343,0.5957446808510638
2591908.493258011,0.20982883977062983,-0.06631213040665675,1.8050520919719357,0.574468085106383
3899681.663726744,0.3128219557527281,-0.05487668117041901,2.2581754409194925,0.5957446808510638
2654943.081937496,0.21565696583294547,-0.06859290152877004,1.8323464763895394,0.6028368794326241
3476559.90806958,0.28300971094438476,-0.050548201557339745,2.110336621947967,0.6099290780141844
2888475.1241827076,0.23632806037950815,-0.09974188135062959,1.6896118896230605,0.5390070921985816
1549418.9711843296,0.09152521793944501,-0.14696163928313627,0.9463278164675337,0.48936170212765956
4602849.775788041,0.35707971900415836,-0.04563726158203967,2.697061725284378,0.6382978723404256
3007323.354292868,0.2463385418815609,-0.047437182730930595,1.9396098041435534,0.5815602836879432
2323447.372117439,0.18365890007767938,-0.06816035197022882,1.479006129734844,0.49645390070921985
3209214.514713631,0.262640599044373,-0.061826931323577125,1.9283674674157596,0.5460992907801419
2438137.330569789,0.19512032624507336,-0.08757089008605648,1.492103812896275,0.5177304964539007
2645835.763228666,0.21482179929290734,-0.07454830240975274,1.7375654485773881,0.5319148936170213
2367332.1643129634,0.18809683719384673,-0.08861280972089983,1.642274902319493,0.5460992907801419
2484030.1399277397,0.1995859547240526,-0.053746032497433274,1.6703865355963354,0.49645390070921985
2920475.3811136982,0.23905535766164943,-0.052511337433410604,2.0203953290527195,0.6170212765957447
3276260.7541447235,0.26787282040694893,-0.08267041945763885,1.8492149615881068,0.5602836879432624
3819511.3016100684,0.30737916594593195,-0.07374925210941277,2.3511041739368457,0.6382978723404256
4053146.8519475306,0.3229958072150094,-0.05735630329660031,2.245478157296091,0.5957446808510638
1598450.050125996,0.09834762156365784,-0.0851867382334794,1.038233437992358,0.48226950354609927
1920924.0612686018,0.13946775343889328,-0.07847379134065222,1.352022245178368,0.5319148936170213
2153627.746558621,0.16582704944834026,-0.12456169090127256,1.4283826438346006,0.5177304964539007
2989236.24399469,0.24483573766840316,-0.09054218946431924,2.0857527071981763,0.5673758865248227
1811025.3189316443,0.12612060350219712,-0.12309961865635338,1.206847208066098,0.48936170212765956
3526609.8976460765,0.2866827672168899,-0.038146570757391945,2.372338995152225,0.6312056737588653
3461733.0606424,0.2819134822151492,-0.04994425877310604,2.218091049216268,0.574468085106383
2851043.1439362518,0.23310698510160965,-0.10016253820974297,1.6825198870875426,0.5602836879432624
2559809.5468082177,0.20681731008491244,-0.11209581868382217,1.7465081453704792,0.5602836879432624
1939416.7094533953,0.14165327440286934,-0.07703770873327655,1.2897471685418787,0.5177304964539007
2107132.561158909,0.16074914287917097,-0.0699223567452847,1.5144352099726648,0.5177304964539007
5177213.185107143,0.38937413516028996,-0.06913686577375755,2.639865126128679,0.6524822695035462
3178408.3931369097,0.2602071512937516,-0.06015690581454633,1.8872784566716758,0.5602836879432624
3112428.552110505,0.25493108820134847,-0.08067991730010787,2.4680301984392377,0.6666666666666666
5260508.486333311,0.393816319367017,-0.05592015783855477,2.634553586284192,0.6170212765957447
3487203.5730210715,0.2837943505411833,-0.06358602133006863,1.8888424289122951,0.5106382978723404
3297117.3585798447,0.26948297566434687,-0.04803124676711085,2.281282761109279,0.6312056737588653
2815716.440344848,0.2300358895629082,-0.050473441829561955,2.0673158350477725,0.6099290780141844
3091831.403229312,0.25326572002988446,-0.07997048929613115,2.0533199193941365,0.5957446808510638
2220424.147074479,0.17297076604168682,-0.09029681412523274,1.8518189534606846,0.5531914893617021
2107442.843748143,0.16078332573449527,-0.09922922455840671,1.3242446012545899,0.46099290780141844
2525903.42925124,0.20360324096901605,-0.08672804470534899,1.6231115035879238,0.5319148936170213
4404896.497153229,0.34520087653763754,-0.08399905482912257,2.2304193433248583,0.6028368794326241
3363134.503844303,0.2745264341648086,-0.08522516354129839,2.052114504081493,0.5319148936170213
3180732.671138792,0.26039140800308336,-0.0914628050817843,2.237864265760706,0.5815602836879432
2599543.002027664,0.21054071564585541,-0.07817508581639092,1.7002106710655929,0.5602836879432624
3135370.2824307177,0.25677567857434136,-0.07507206509343238,1.957624727667378,0.5957446808510638
3126780.4894212335,0.25608629954032813,-0.08096297517410225,2.0562038139016257,0.5673758865248227
4409157.837216677,0.34546104798380317,-0.04803459243421537,2.4321977438562215,0.5957446808510638
2139076.209050071,0.16424733233799582,-0.10476972271163763,1.4664543534441628,0.5035460992907801
2961182.2711150195,0.2424903606142117,-0.0807160798634009,1.8479429509949914,0.5319148936170213
3636919.0977984504,0.2946331644255997,-0.07321212711283971,2.152825644584405,0.6170212765957447
2028925.2674081759,0.1520019391789591,-0.08267860943207053,1.5179976434651272,0.5177304964539007
2440902.184055573,0.19539125723236128,-0.09319526475934746,1.7195427598297854,0.5602836879432624
2766425.9387007286,0.2256989374204803,-0.04655551152008092,1.8786072001297305,0.574468085106383
2186645.226470784,0.1693800093889679,-0.08137715428808873,1.5141395283284023,0.5815602836879432
3236430.7932293126,0.2647749776961703,-0.04107916221577912,2.328401560156283,0.6170212765957447
2304618.2221331275,0.18173418331883395,-0.10302787700654745,1.5755604447279132,0.5319148936170213
2727764.5261223135,0.22225374167200607,-0.0632450336602457,1.8808267068150955,0.5602836879432624
2931509.1638242668,0.2399901954374426,-0.05389590177663263,2.0745020344917733,0.6028368794326241
2164227.958244786,0.16697244280193058,-0.10317852457806698,1.467610800410582,0.524822695035461
3086406.955654961,0.25282565398391466,-0.06030383207346381,2.151100036575629,0.5957446808510638
2775144.2857682733,0.22647051949779828,-0.057131982717298406,1.9183005935359743,0.574468085106383
2632063.0166713726,0.21355442056904494,-0.06238831130879861,1.7874130946080529,0.5673758865248227
3224729.3949182658,0.2638590869098085,-0.052102717465163935,2.1190958674548206,0.5815602836879432
2112056.7277078377,0.16129114833700786,-0.0876606681947575,1.5746283520387965,0.5531914893617021
2258214.6371703623,0.17693653225440586,-0.09122129910547641,1.4897331074220306,0.5390070921985816
2489087.76139912,0.20007404192329759,-0.0808719982262952,2.005667844644357,0.5957446808510638
2908757.8999469965,0.23805949481787336,-0.07628732711357426,1.893934841440132,0.5602836879432624
2478230.7861494105,0.19902530700437482,-0.127041946589862,1.5466785883705416,0.5035460992907801
3163491.687436312,0.2590220595458472,-0.06241631999804295,2.1200906897677827,0.5815602836879432
3114934.4596375073,0.25513309951995433,-0.052185770341872134,2.0034107346299552,0.6028368794326241
3144632.4128421284,0.25751732557791196,-0.061977066507009744,2.028599539617777,0.5957446808510638
2070499.6373102828,0.15668480851952782,-0.12287518358610647,1.6256860684316587,0.5673758865248227
2707033.793864941,0.22039026738127432,-0.08054228515014818,2.0661329336667835,0.6170212765957447
3217799.127893883,0.26331538732518656,-0.08755351649061681,2.11582939892235,0.6028368794326241
2442141.9063742114,0.19551265924935035,-0.056346601381942724,1.7315963663172842,0.5319148936170213
2199296.359057997,0.17073001008415867,-0.07691040801506657,1.5269966214579613,0.5390070921985816
3473460.1179359895,0.28278083641740204,-0.054539058933461435,2.2030611151057164,0.5957446808510638
1858891.8695485778,0.13201146545652298,-0.10997970744315744,1.1980232399007644,0.48936170212765956
2582001.592451722,0.2089025708607073,-0.08225261476244586,1.8692944427617126,0.5815602836879432
2662717.3737479863,0.21636807875474373,-0.07773542535786301,1.749127468433843,0.5390070921985816
1655119.9868486614,0.10602742699592738,-0.07966479697435826,0.9860021239378159,0.46808510638297873
2586788.4248732673,0.20935048130983924,-0.0759516136984602,1.6997521224843715,0.5319148936170213
2849868.4285942833,0.23300535293275337,-0.062389329004932874,2.174634773903025,0.574468085106383
3022307.01162647,0.24757802300399967,-0.0974528156768955,2.0414618458301454,0.5673758865248227
2704750.557292657,0.22018433125607695,-0.07799876465208659,1.9696267997674957,0.6170212765957447
3022193.2917068913,0.24756863437423693,-0.07072165180378835,2.178025566319816,0.6028368794326241
3550150.8027396263,0.28839597758424973,-0.06496174495876861,2.441109964287565,0.6312056737588653
2504957.162965532,0.20160039019307985,-0.07380565924903727,1.832721140457552,0.5673758865248227
2905433.195816512,0.23777634545555348,-0.07704590501630955,1.9711326893255652,0.5815602836879432
2499938.4248949843,0.2011185171740857,-0.11249138989062993,1.6796254342552666,0.5390070921985816
2214304.900795924,0.17232353632276198,-0.10186248354324001,1.5392785367118225,0.5106382978723404
2085281.038845802,0.158331638747905,-0.07967098837945844,1.3946152276059047,0.5035460992907801
2856787.8052582745,0.23360351070291951,-0.06324314808467195,1.8888307685180656,0.5390070921985816
1846501.3271480452,0.13049832920541227,-0.05635505117948173,1.3336273674825925,0.5319148936170213
3831581.190376807,0.30820440307153696,-0.08423811028598009,2.2973872042583983,0.6099290780141844
1999604.7333548,0.14865294719274247,-0.07551954295356335,1.3660464574768434,0.5177304964539007
3856067.988647115,0.3098722347097145,-0.045344967372991846,2.358874548115258,0.5886524822695035
2716840.596692572,0.22127321324805838,-0.0781335387301779,1.7926897572969753,0.574468085106383
3718802.1124781314,0.300410938078427,-0.11162064711679404,2.113835796607966,0.5602836879432624
3111949.734129509,0.2548924739463114,-0.060656869271206657,2.006705486051731,0.5815602836879432
2857276.1811765525,0.23364568541770936,-0.07925048474725988,2.0185045767053147,0.6028368794326241
1928559.089945576,0.14037211716873754,-0.06803346801441382,1.2986149475545763,0.46808510638297873
2269939.5635579615,0.17815616155549718,-0.08127819787923425,1.6662583790060905,0.5602836879432624
2992437.537642441,0.24510225248324358,-0.07127990874198967,1.789674372141141,0.5460992907801419
2230932.273762097,0.17407888395962612,-0.05977513504287661,1.4951375212091818,0.5177304964539007
3228098.760759375,0.2641230858050936,-0.0788433967340289,2.0203518275730072,0.5886524822695035
2677038.282626561,0.21767367296573137,-0.06667900586948167,1.7238526890466903,0.5460992907801419
1583030.4329873875,0.09622033194625046,-0.13444253916194934,0.9609340876990516,0.475177304964539
2095207.3585059522,0.15943231911171218,-0.1144173732177889,1.4217600571549762,0.5106382978723404
3134076.9404553943,0.25667197732972236,-0.05628269419130252,1.9828347787408278,0.5531914893617021
1722688.1908318286,0.11491391369433912,-0.06718447227198898,1.1988400424463008,0.5106382978723404
2333584.0334651684,0.1846899082083493,-0.07242152752317295,1.5658697553442376,0.5177304964539007
2899736.4348558676,0.23729057605154025,-0.08234576514914754,1.970367554394033,0.5957446808510638
2112733.386992168,0.16136554953513427,-0.12089091856729567,1.5032587844942034,0.5177304964539007
3249877.309073913,0.26582419670193347,-0.049916412830123665,2.1292122998673646,0.5957446808510638
3489343.9256672063,0.28395190361901324,-0.04051682333999211,2.2889560992505413,0.574468085106383
3171593.249644989,0.2596662599310373,-0.06486430137123708,2.0934337798197564,0.5886524822695035
1984736.2310211018,0.14693963118807396,-0.07002526731306678,1.4324785125599415,0.5673758865248227
3238460.024364272,0.2649335398585959,-0.0724449665758585,2.0960968191857643,0.5673758865248227
3429150.0826981487,0.2794911863439604,-0.08000472438303817,1.9807634129418847,0.5390070921985816
2852698.2058503535,0.23325011830376852,-0.06139712203611791,2.0003183696705347,0.6028368794326241
4905402.920735911,0.37446896178403133,-0.04833770076804637,2.5590295459951826,0.6028368794326241
2653802.715734129,0.21555251671167253,-0.06312981774430121,1.9812205139121366,0.5815602836879432
2312794.390379099,0.18257149122254246,-0.06418306255629469,1.7526150923131711,0.5886524822695035
2668273.1087430436,0.21687524378613032,-0.08392538297870959,1.7439732837882465,0.5460992907801419
2481651.172648908,0.1993560968373138,-0.04805264388724898,1.755643524853645,0.5531914893617021
2174007.3384979917,0.16802516885778318,-0.06284304229266467,1.575621379487932,0.5177304964539007
4816111.799173753,0.3694283423069209,-0.04805899268056374,2.5082212790406992,0.6312056737588653
3711871.5048258347,0.2999258698295837,-0.04020150216666585,2.1292250077892363,0.5673758865248227
2506961.4483336248,0.201792615408811,-0.04666319758050373,1.6931390685503722,0.5460992907801419
3260392.0567216896,0.2666422355938287,-0.048322013136334545,2.181681666902303,0.5886524822695035
3850840.064471812,0.3095168660060481,-0.05404802994524758,2.2513623333391743,0.5602836879432624
2892948.333028713,0.23671074887410204,-0.11079979082673652,2.030550765285443,0.5673758865248227
3039402.3390504937,0.248986196472067,-0.049165781606168954,2.0010686370120863,0.5957446808510638
2135181.0565765034,0.1638230157458338,-0.12543424386339203,1.2751309519210208,0.46099290780141844
2087297.2277120696,0.1585555426361056,-0.10208990954330686,1.1731190479478188,0.44680851063829785
1802783.6765559465,0.12509377918710762,-0.10378460862486864,1.3104954151842083,0.524822695035461
1813917.5373617215,0.1264800582431378,-0.11933179156758507,1.297941786943845,0.5390070921985816
2619023.4095548177,0.21234960711615636,-0.07670266183438576,1.6742287834256213,0.5390070921985816
2944563.256111734,0.24109257581350296,-0.0522764219479924,1.8540438053296955,0.5531914893617021
1909432.5990091383,0.13810116150329477,-0.09885729935369657,1.3957039948291947,0.5106382978723404
4421960.1298360005,0.34624146981895687,-0.12875246876263613,2.342312358104467,0.6312056737588653
2452953.875431819,0.196569355921274,-0.08049476039322367,1.8331956208442213,0.6099290780141844
2244674.2426045723,0.17552173805454063,-0.05391668855446769,1.6930802648599124,0.5319148936170213
2735890.0039488627,0.22298104662900253,-0.1293781187908292,1.9560332898800148,0.6099290780141844
2892204.6566425064,0.23664715927210067,-0.09698389410638342,1.9136178246439985,0.5673758865248227
3140897.8040514495,0.25721849460463964,-0.05023184599453551,2.2077493102945382,0.6099290780141844
4176617.1692084386,0.3309597863477143,-0.04792479524151001,2.124462718152722,0.5673758865248227
1968302.4968172044,0.14503396338368213,-0.08213160137537995,1.3956816651457051,0.5177304964539007
2426572.739162327,0.19398442832372154,-0.08230366817628457,1.5547933046134337,0.5460992907801419
4205951.257547887,0.33282413090119856,-0.043012522404460046,2.3618244044266024,0.624113475177305
2328388.4658703078,0.18416191132960602,-0.06868097292249585,1.7358824096858094,0.5531914893617021
2577091.0841984767,0.20844239708204904,-0.04626571208429081,2.026479732904879,0.5673758865248227
2322013.3793365243,0.1835127571070374,-0.07623646797426549,1.6641073594568598,0.5390070921985816
2753390.0541914636,0.22454161225333147,-0.07572699679708866,2.0217677937174714,0.5957446808510638
3010050.242129447,0.24656448322539593,-0.07753446161328033,2.056945385262945,0.5886524822695035
2517224.9661294566,0.20277503738987268,-0.07508206657468579,1.6527446556898366,0.5177304964539007
2714474.1300082747,0.2210603844309933,-0.06913877184655334,1.819484956858305,0.5390070921985816
2876584.9898908343,0.2353085348079238,-0.06762967608170369,1.9793980406808656,0.5886524822695035
2246085.3599323044,0.175669499551244,-0.12944233637582253,1.4801905545107694,0.5177304964539007
2385404.5389617607,0.1899053255462677,-0.09378444567972691,1.6332317320644223,0.5460992907801419
1999441.2633399176,0.14863416583543532,-0.10005841818116347,1.339842169016189,0.5035460992907801
3310567.2324165837,0.27051700578849713,-0.04991671685175013,2.1643957846998054,0.6099290780141844
3307127.6150034023,0.27025288732053454,-0.061536026444202044,2.1244342319104472,0.574468085106383
2393696.9456708003,0.19073147362652776,-0.09584906744860122,1.6815572687378573,0.5531914893617021
2861927.5920743095,0.23404707889487364,-0.056959850478213336,2.0134243729884163,0.5815602836879432
3526838.385442682,0.28669943952827115,-0.04762229112954614,2.3799699061153703,0.6028368794326241
3510159.7021037196,0.285480151261561,-0.08335492408985161,1.9250753621777659,0.5531914893617021
2436654.7039491218,0.1949749408030419,-0.06967620019894047,1.8515116069368838,0.5815602836879432
4083299.2975328006,0.3249583998397607,-0.07409789169424864,2.1919076137204536,0.5957446808510638
2548201.717566826,0.20572082162786454,-0.1233389111413452,1.664780332951807,0.5319148936170213
2525174.4754874134,0.20353376306256044,-0.11466175220155772,1.606189133088517,0.5106382978723404
1751903.7546362644,0.11867014723620728,-0.08600533335234993,1.1529764338372308,0.46808510638297873
1805795.0422970767,0.12546939911349364,-0.06531767616454506,1.3640042898099813,0.49645390070921985
2459062.764271541,0.1971647554855922,-0.07095043867549843,1.836183960623541,0.5815602836879432
1707215.478463714,0.11290390920546223,-0.09191305961697767,1.1130855909570512,0.5106382978723404
3357607.3479128415,0.2741072334559398,-0.11128941519880933,2.134806787974979,0.6099290780141844
3475722.6578005166,0.2829479082573765,-0.07417624580696386,2.1113031982573256,0.574468085106383
1947077.0731511815,0.1425537198464344,-0.05995695517518522,1.334047445433652,0.5106382978723404
3119891.929034421,0.25553235842199307,-0.0738691994316858,2.131253983323683,0.6099290780141844
2076094.8818281863,0.15730929062317567,-0.06951435635983715,1.3664577968715157,0.5460992907801419
3542190.9173465823,0.2878177095094119,-0.06803318026526166,2.2560744789205165,0.5957446808510638
2294444.7190507194,0.18068900704920465,-0.08226710472026862,1.5481319227062407,0.5390070921985816
5944539.889416189,0.4283138554821986,-0.04900998670836119,2.7686814000030253,0.6595744680851063
2086829.836081395,0.15850365278879064,-0.1103497060366104,1.6569011029608791,0.5460992907801419
3261963.131698232,0.2667642826625689,-0.051625762338044494,2.0298636934655434,0.5957446808510638
3512536.1232630014,0.2856541613101118,-0.057926472854004554,2.1356569271571475,0.5886524822695035
2820545.11340135,0.23045747825988627,-0.07895418928229163,2.054050736184669,0.574468085106383
2109569.6881943773,0.16101752516404622,-0.10566692363806995,1.466316890178791,0.5106382978723404
2143738.7328475975,0.16475443014202074,-0.10332392567789216,1.3835620826466672,0.5106382978723404
2195034.9873886807,0.17027597515603232,-0.07631211208163971,1.5490975529725675,0.5460992907801419
2465876.675441708,0.1978274752818383,-0.05950892641668644,1.6023551801652531,0.5390070921985816
2647463.849634716,0.21497126799755106,-0.09805419570110556,1.7206870400697454,0.5673758865248227
3182887.2867513197,0.26056211857543143,-0.06490673703358106,1.899204330573773,0.5460992907801419
2175757.966881177,0.1682132197137618,-0.05231117070091755,1.7566145411657232,0.574468085106383
3721993.6949631553,0.3006340714743383,-0.0518837622876733,2.195800278353816,0.5815602836879432
2627900.016425875,0.21317029400602694,-0.048598840929668506,1.8166289458178007,0.574468085106383
2604913.511663561,0.2110404846252827,-0.0550046881397463,1.7949429792115479,0.5460992907801419
3202081.487226192,0.2620788124699174,-0.055893465893898014,2.166781464494865,0.5957446808510638
2870509.3221941055,0.23478627156409315,-0.06900290711005577,1.9272698337127163,0.5460992907801419
2896758.2735455763,0.23703632082915216,-0.057802028419569246,2.170695335352843,0.624113475177305
2686483.4103154535,0.21853170226054996,-0.07866519648935268,1.8626777527247205,0.5531914893617021
1588627.949718204,0.09699447388240645,-0.12992868745019853,0.9830415379735972,0.45390070921985815
3119952.712794609,0.25553725060318344,-0.06355040807616863,1.9111631663228623,0.5602836879432624
6985637.61630605,0.4751670748161161,-0.03868039618302827,3.058853983739591,0.6879432624113475
3088907.7428357713,0.2530286107191413,-0.04996607297906441,2.1829728093316008,0.5957446808510638
1825923.179965948,0.1279672762451789,-0.0956605208942037,1.2948220281901492,0.5390070921985816
2407040.7033581077,0.1920560791623953,-0.08835859979376719,1.5737001696220423,0.5531914893617021
2408743.896870868,0.19222472839003601,-0.058948678370404066,1.9174691481567185,0.5531914893617021
4735168.19854671,0.3647939292813138,-0.05945419148107327,2.4336664165481565,0.6099290780141844
1963354.6111083156,0.14445771023836973,-0.06203300477150163,1.462062717104992,0.5531914893617021
4008961.6200393676,0.32009862805821143,-0.05595332346117208,2.294184105856016,0.6170212765957447
3502709.4896648168,0.28493400850775275,-0.08236440137436374,2.2429925198868945,0.6312056737588653
2875413.3745828304,0.23520789170203282,-0.09994114442026755,1.96290410188549,0.6099290780141844
1490045.402498052,0.0830285376153046,-0.062425581290289064,0.8269058196678396,0.425531914893617
2165893.5273949504,0.16715200570200284,-0.07642528163889942,1.644143954241397,0.5531914893617021
4658332.402245258,0.3603356980625254,-0.06879160291504094,2.5456019797387577,0.624113475177305
2778682.04013417,0.22678306112885194,-0.04455090007346764,1.8178360928496518,0.5531914893617021
3140101.084022479,0.2571547069321376,-0.09795744595909535,1.8827108448226124,0.5531914893617021
3157597.9537327182,0.2585525861002711,-0.0756421829608327,2.2672308220512214,0.6028368794326241
2586783.0230927733,0.2093499762317097,-0.051032174771547124,1.5530567321729292,0.5177304964539007
3970518.969614812,0.31755712851643203,-0.0663689943661234,2.1395160007755294,0.5957446808510638
2855992.9808456604,0.23353485965917642,-0.06716801564295417,2.0823935424791804,0.6028368794326241
2461086.1164527023,0.19736169954989968,-0.07194795340677237,1.6467758036717626,0.5460992907801419
2502810.307267457,0.20139435493704605,-0.07441098148664232,1.6728147627366934,0.5390070921985816
2765692.833553111,0.22563396828819005,-0.055149426778102,1.8666482433305724,0.6028368794326241
3936283.8695528978,0.3152771706559545,-0.07382632353315927,2.382402735611638,0.624113475177305
3378266.543148405,0.27567129275388,-0.05327281791758031,2.334112381263237,0.624113475177305
2998538.776688655,0.2456095632262365,-0.07224530506568565,1.7695901678807096,0.5390070921985816
2863430.91681611,0.23417669669771501,-0.05863638098929036,1.74480103735935,0.5319148936170213
3796769.022794712,0.30581855530106017,-0.06268427870456685,2.419733055954394,0.6808510638297872
3776197.1017617215,0.30440042283844226,-0.04904350278648554,2.3265792356378245,0.6028368794326241
1744607.6715767274,0.1177368150260163,-0.19633412059364935,1.0305565117669546,0.5035460992907801
2989039.1049429798,0.2448193179417002,-0.06304966322088253,2.011384683096627,0.5602836879432624
2612177.894820939,0.21171518380228793,-0.0847744104908579,1.787936422359163,0.5177304964539007
4551939.419267287,0.35406432077608163,-0.0471288524977261,3.062269156133631,0.723404255319149
1505228.195211389,0.08522669677338435,-0.1105171409071342,0.9824706976544927,0.5035460992907801
3114070.4547889926,0.2550634632925264,-0.07373424740936316,1.8388324537560443,0.5531914893617021
2222222.952831919,0.17316075345286164,-0.06701075731125063,1.3563192440846457,0.5035460992907801
3447025.1600351743,0.280822330460343,-0.05928992855021658,2.066390597512109,0.5673758865248227
4358969.251716791,0.342383981397713,-0.08355519813152522,2.42367960632494,0.6170212765957447
2594508.2833814174,0.21007144400527533,-0.18235643422653666,1.8078543498527588,0.5460992907801419
1775441.3473129638,0.12166008614818469,-0.06586984422460528,1.1730865553686887,0.5177304964539007
2090552.3353037483,0.1589166673121245,-0.073931095446774,1.5522994880523053,0.5460992907801419
1694905.470076855,0.11129432424171792,-0.06459654938628451,1.1267109753003932,0.5035460992907801
2006316.2675143925,0.14942298878848748,-0.11134320133009004,1.1294045030059783,0.45390070921985815
1679015.8981635827,0.10920281140006516,-0.08756954371923704,1.189557704414707,0.5106382978723404
3095695.5695489626,0.25357882946854526,-0.07803243442592327,2.1444400265198507,0.6099290780141844
2922233.4398334255,0.23920449829518997,-0.07191549678084719,2.1505170820996864,0.6028368794326241
2613306.2073344877,0.21181984415093336,-0.054037985214279646,1.8657630042312339,0.5602836879432624
4288016.6322378535,0.3379851466815569,-0.062392070074431843,2.353897834409331,0.6170212765957447
3568465.600569877,0.28972257863930206,-0.05714423580675961,2.259231576700211,0.6099290780141844
2155267.697255061,0.16600454686397637,-0.11080080417794887,1.3607691302022078,0.475177304964539
3158010.9421559763,0.25858550608978836,-0.0611231171568435,2.178896554025825,0.6028368794326241
2901413.817895781,0.23743368769108275,-0.08767279257640748,1.8641568228722756,0.5460992907801419
2861241.4695113706,0.23398790278189785,-0.05058727137941597,2.009205347269432,0.6099290780141844
2832986.4689410473,0.23154107163225768,-0.09852616679131262,1.8994189247528495,0.5319148936170213
2130380.6728337617,0.16329923552374948,-0.057174344697108165,1.5504342559729274,0.5531914893617021
2822860.877430441,0.2306594614734554,-0.0768654269339459,1.7942211638108376,0.524822695035461
3975679.433924692,0.317899435131036,-0.05035780700506704,2.4728173288334716,0.6382978723404256
2416740.056518491,0.19301523050142255,-0.13919717100037318,1.642394988588962,0.5460992907801419
2207686.770139274,0.17162192720166436,-0.055375140902593885,1.5342355651821953,0.5460992907801419
3588861.263685447,0.2911935085780224,-0.049751840714119346,2.2302314565430787,0.6099290780141844
2042311.1017012228,0.1535180100705107,-0.11525888243665322,1.4040696268534805,0.5390070921985816
3014764.694583481,0.24695472193522638,-0.06278034827023937,2.078249794066736,0.6028368794326241
2023821.5158213926,0.1514217840852614,-0.11761837424025817,1.4290561122361063,0.5319148936170213
3022531.312488513,0.24759654028356048,-0.049033603042497674,2.169297084495149,0.6099290780141844
3343926.4614745774,0.273067243142757,-0.08111199557723058,1.8901709668351696,0.5390070921985816
2361444.2578797056,0.18750525372597382,-0.06801010221075204,1.6467837240587875,0.5602836879432624
3935885.9664190114,0.3152505783629078,-0.05229071778960114,2.2579901538009133,0.5957446808510638
2533057.7295986745,0.20428428045577496,-0.07537994568165922,1.953743537569761,0.5815602836879432
3848199.5538324425,0.3093372302928332,-0.0808014687598593,2.1170793838235444,0.574468085106383
3068259.5337942545,0.25134890658672826,-0.09527244570386566,2.2662861515767676,0.5957446808510638
2463382.705733951,0.19758508240356387,-0.08073594314703346,1.825236597530196,0.5531914893617021
2988385.116936162,0.24476484102563312,-0.08632049587276634,2.095597743134407,0.5531914893617021
2196914.697075062,0.17047633879277524,-0.09781390045565867,1.447331559508947,0.49645390070921985
2778700.4233960053,0.22678468435988175,-0.07537793905467788,1.89566557345113,0.5815602836879432
2259259.920951659,0.1770454683078202,-0.09780236189626207,1.530745606141349,0.524822695035461
2737237.927868553,0.2231015310511122,-0.10013862938618305,1.7603056156051977,0.574468085106383
2852344.6487452304,0.23321954752986818,-0.08026382463602273,2.071358978810173,0.5531914893617021
2084156.9671117838,0.15820673196861557,-0.10618820230406247,1.505189234283599,0.524822695035461
4248322.562405146,0.33549878362370067,-0.07497705003521556,2.4035808098616593,0.6099290780141844
2543059.065741148,0.20523376333037158,-0.05087755643013742,1.8365726170105539,0.6028368794326241
2394252.768556248,0.1907867667028882,-0.051637483149158565,1.6016382350266167,0.5177304964539007
3295054.300983243,0.26932406883988547,-0.05396893039413837,2.144161747743619,0.5815602836879432
2246853.9927847856,0.1757499537090581,-0.13146577155291006,1.5148146507830023,0.5177304964539007
1863718.8295684021,0.1325987516243825,-0.07135829485696592,1.3699250853209566,0.5177304964539007
2361891.687770571,0.18755025034871098,-0.06052058953896664,1.5587672069370928,0.5035460992907801
3785563.0574955475,0.3050468326416591,-0.05934769606685144,2.0406543148538443,0.5673758865248227
2401970.0950896977,0.19155342467209713,-0.08323241508160911,1.5807111911899154,0.5106382978723404
3990732.344780546,0.31889590610612206,-0.05442734890746159,2.5027668962449394,0.6099290780141844
2198143.801420674,0.17060727839780343,-0.09215641862996087,1.3767800247234492,0.5106382978723404
3368790.238318353,0.27495481662034904,-0.05564089895638564,2.369675600832124,0.6099290780141844
1972279.915577447,0.14549635194779587,-0.09435029981224508,1.2868353890383826,0.5035460992907801
2152136.4902507844,0.16566555183766885,-0.08868929323766764,1.4236266517522653,0.5319148936170213
1980735.1495216768,0.14647682874785506,-0.10388925224826871,1.3690114266636344,0.524822695035461
2389181.7754891817,0.19028192495962748,-0.09514465479116697,1.4400473752928196,0.5319148936170213
2444820.944063642,0.19577484049157445,-0.056065944153270215,1.6013608648938855,0.5177304964539007
3470627.250914305,0.2825715273430398,-0.08220413113391327,2.3902148137268644,0.624113475177305
2598977.9558251374,0.2104880855556206,-0.06371643381032853,1.7785343867971026,0.5390070921985816
3011952.083002777,0.24672196686538905,-0.07351749261380736,2.008497475834989,0.5602836879432624
2458276.1598493205,0.19708815592747686,-0.09931200265109892,1.8131760760897673,0.5673758865248227
2497386.5890384405,0.20087320636874018,-0.08129775534871778,1.552627722364457,0.524822695035461
1848192.2362537538,0.13070530117746526,-0.10347544901619803,1.24172442357812,0.5177304964539007
2723484.4646990127,0.22186993966393387,-0.04760405425349601,2.075016206296753,0.5886524822695035
2392058.4400561284,0.19056841584062,-0.07195873458439261,1.626683016234377,0.5602836879432624
1798501.3839772055,0.12455876601286264,-0.15947519046609568,1.1501789141506038,0.5177304964539007
1756845.412933611,0.11930053104896188,-0.11256107658161234,1.1377260688369424,0.49645390070921985
2958130.7577187,0.24223417646517476,-0.05713093863178403,1.82567750276259,0.5390070921985816
2443230.0571504394,0.1956191777304488,-0.08993168847920276,1.739616996329109,0.5602836879432624
2747840.3775467887,0.22404758158672178,-0.06860070281073047,2.0087472324960367,0.5815602836879432
5257222.422755151,0.3936421417598881,-0.0560372032890567,2.650156345643577,0.6453900709219859
2787570.506043489,0.22756690712370253,-0.07619028640444908,1.8970858705442484,0.5957446808510638
2722597.4167001005,0.22179033586718466,-0.07490446815505575,1.9707320411236091,0.5460992907801419
2595886.9537800467,0.2102000182869852,-0.061205537880267544,1.7712468548784257,0.5602836879432624
2721959.8566326015,0.2217331083314773,-0.060250378667324696,1.7704152154399004,0.5460992907801419
3218175.5200601644,0.2633449404296433,-0.05996749602915984,1.9097747119368262,0.5390070921985816
2894660.955433281,0.23685714050816498,-0.08719358882537927,1.889030957286366,0.524822695035461
1738208.6889832374,0.11691566821211863,-0.08194556428883615,1.0929336070450988,0.46808510638297873
2394802.5923305345,0.19084145288726018,-0.06957457091227187,1.8490961919867757,0.5602836879432624
3236048.1657218686,0.2647450706402079,-0.04730549153901509,1.9998204306733678,0.6099290780141844
2150758.532264107,0.1655162444219329,-0.060660659862648694,1.5136238990774882,0.524822695035461
3200458.926795098,0.2619508822881782,-0.06098445153528544,2.097338001877126,0.5602836879432624
4116887.835641281,0.32713104014759664,-0.04398910771273656,2.5049685657490572,0.6382978723404256
2459890.531344874,0.19724534229899926,-0.06216443905492717,1.7610707815205209,0.5319148936170213
2699675.5219447096,0.2197260907343257,-0.05111140059880292,1.803755957790983,0.5815602836879432
2534204.7735650386,0.20439332786198738,-0.05924705877364262,1.831371995612338,0.5531914893617021
1946950.5778009004,0.14253887385076758,-0.10584194276933385,1.4397137854381543,0.5319148936170213
2003418.9657558391,0.14909082275589713,-0.11688209684036745,1.5061067115745963,0.5319148936170213
3184559.063668655,0.2606945100710314,-0.06235626630463681,2.002870319854288,0.5815602836879432
4270500.682400636,0.33689025969316266,-0.0418057981300001,2.4939355645105756,0.624113475177305
2459434.247968569,0.1972009237627701,-0.07524323969844193,1.6019266181449174,0.524822695035461
4690686.37627501,0.3622200848364594,-0.0794574157005665,2.462106199465063,0.6099290780141844
2425335.2914549713,0.1938626273370827,-0.043486431402241975,1.8459830518494382,0.574468085106383
2876372.290318897,0.23529026610603654,-0.046020030199832834,2.028315609532227,0.5602836879432624
2586359.1893807426,0.2093103442346811,-0.10191714669840454,1.8162939257043942,0.5390070921985816
2913382.0678305747,0.23845288320691238,-0.050082243957815194,1.8496930863974506,0.5602836879432624
3244583.483690567,0.2654115397233361,-0.06438763459872691,2.0919890089564404,0.5957446808510638
2328803.402669969,0.18420411368025347,-0.08830603061169544,1.6282105421218989,0.574468085106383
2533297.765491678,0.204307103504205,-0.06964692101531592,1.9326553482470294,0.5602836879432624
2533967.858952208,0.20437080805201102,-0.09608736697594028,2.009139926724432,0.5815602836879432
3712178.0486977156,0.2999473399233594,-0.062312716770952195,2.099134099612845,0.5319148936170213
2811693.9603228243,0.22968424729680237,-0.06854560723662455,2.1149494908982076,0.5886524822695035
2583103.818216105,0.2090057664663052,-0.05021067771751123,1.806425497835155,0.5815602836879432
2285227.222825789,0.17973884017038988,-0.05038425636351078,1.5895809726864885,0.5602836879432624
1832890.5678101873,0.12882678858247543,-0.10116037411069417,1.0982186879778846,0.49645390070921985
2241342.3571915277,0.17517255319407954,-0.09803289226521567,1.6649586284416702,0.5602836879432624
2077300.5185369847,0.1574436747091119,-0.05578185968585685,1.4779002890121953,0.524822695035461
2657324.514239335,0.21587497175853843,-0.04686413367045438,1.9902328540598626,0.5815602836879432
3781709.7371541336,0.3047810432628659,-0.10936048672232232,2.084705173450697,0.5886524822695035
3451739.615585106,0.2811724920590577,-0.05403112019472684,2.4140559096166516,0.6170212765957447
3418039.3358583082,0.2786609769463413,-0.07352670363925791,2.176445790542567,0.5602836879432624
3948397.1846135543,0.31608568912904755,-0.03956842599999998,2.189433744176558,0.574468085106383
2379872.905111091,0.189352946742386,-0.08488466166233181,1.7580122068254822,0.5957446808510638
3015576.8378791194,0.24702189777898353,-0.045018784265496124,2.1224426076584293,0.5673758865248227
2091774.2354709897,0.15905210994033725,-0.13689459344255323,1.3504697666377021,0.45390070921985815
1878259.7972315368,0.13436059716959003,-0.07804165803987256,1.2251712337130582,0.5035460992907801
2940537.4834737456,0.240753028605589,-0.09780821311347612,1.7110913450343441,0.5390070921985816
2271249.3801226285,0.17829209578248872,-0.06995544410111627,1.4227571430658645,0.49645390070921985
2310335.6159805497,0.18231994151364517,-0.08009759485535621,1.5371632670981374,0.5106382978723404
2784592.725339926,0.22730452897156894,-0.04085117868285068,2.1178352686150914,0.624113475177305
2101580.8115387815,0.16013684244809157,-0.0571595094007803,1.5272701169258556,0.5531914893617021
5503810.85674412,0.4064772122435629,-0.03836028866676406,2.890257592334683,0.6808510638297872
3509792.03519067,0.28545322095853853,-0.057630554854144735,2.156336655184498,0.574468085106383
2210777.1276226747,0.17194975495298914,-0.06055890019852626,1.6256354207747445,0.5673758865248227
3015901.8388963146,0.24704877594767516,-0.0847188764289785,2.0425510554188593,0.5602836879432624
3472107.6280569746,0.2826809234589738,-0.06820812710380224,1.9784050939263622,0.5602836879432624
1869032.5053639421,0.1332438500901696,-0.0808690622317556,1.4559920716058352,0.524822695035461
2476614.2335409964,0.19886884107430403,-0.0667656373316407,2.0301248394075735,0.5815602836879432
2085912.1622468985,0.1584017455299762,-0.055366032891630126,1.5267144686820615,0.5673758865248227
4894208.418032045,0.37384105980401405,-0.04914952358057125,2.9864059901215443,0.6950354609929078
1648341.9121027205,0.10512005505965472,-0.06513533477820331,1.2545424225247608,0.5106382978723404
4348207.2299100645,0.3417204734314574,-0.05655754038008177,2.3845092049122822,0.624113475177305
3465487.642144758,0.28219143327817653,-0.0772248474465587,2.306122057066951,0.6170212765957447
2671343.2188418796,0.21715514187617924,-0.06459510061922026,1.9388328015530756,0.5673758865248227
1649603.1765222282,0.10528912461699669,-0.09157610456466608,1.063692563323325,0.49645390070921985
2365583.736450788,0.18792128805839825,-0.07921575156706177,1.6848052548696095,0.5531914893617021
3897390.276805353,0.3126676410885414,-0.08347824684937476,2.4259339376651274,0.6028368794326241
3090330.598644288,0.2531440269616654,-0.06399164236369785,2.0284783757762512,0.5886524822695035
3765428.2452938976,0.30365560198023345,-0.05571381925489966,2.2058721566281236,0.574468085106383
3132843.85926733,0.2565730759606566,-0.07290752548866793,2.069943396769802,0.5957446808510638
3456006.4916992662,0.2814890804402055,-0.11213157165015288,1.8580792095729646,0.5319148936170213
2665524.398581808,0.21662442864602638,-0.06700845998219591,1.8602445553038427,0.5602836879432624
3068459.011938803,0.2513651770660794,-0.0503916325117357,1.8953068243300337,0.574468085106383
3647758.2096737656,0.2954039253112537,-0.05788231384882301,2.255524326044813,0.6170212765957447
1892482.9164786628,0.136073405655472,-0.06512829516388613,1.2912350712173735,0.5390070921985816
2074433.9595735674,0.15712405668324902,-0.07938636297675265,1.3658445516771307,0.48936170212765956
1726771.7397201592,0.11544198310872922,-0.12436386689777534,1.088539776178833,0.5035460992907801
2631019.7941134586,0.21345820645105706,-0.10176595303653355,1.8556079999559263,0.5531914893617021
2009765.4113479508,0.14981792171636554,-0.08263136783223281,1.339985757236088,0.5035460992907801
2088830.523208164,0.15872570395605412,-0.07184052221898551,1.4905844916942017,0.5319148936170213
3015825.1007334744,0.24704242977255775,-0.06489117007848354,2.0788273230509464,0.5673758865248227
1765814.3635425458,0.12044104273601808,-0.1093598600700142,1.2297748765420862,0.5035460992907801
2269029.0186628783,0.17806162721061103,-0.1318851164914827,1.5763386316755978,0.5531914893617021
2983463.194720526,0.24435454076325858,-0.08657760168324924,1.867078775258099,0.5602836879432624
3270433.5586663834,0.2674214885263724,-0.09639667577156452,2.1105431862361796,0.624113475177305
3358068.7427493767,0.2741422485203677,-0.07908103268902118,2.132402590955616,0.5673758865248227
4788634.703456607,0.3678621793556156,-0.07005526648323888,2.435448119849,0.6099290780141844
1682262.6580451475,0.10963145925677953,-0.06877272793763112,1.1492486064160132,0.49645390070921985
1708170.6698102597,0.113028415850146,-0.14069784464385493,1.1046796115636162,0.475177304964539
2114989.931197862,0.16161352723182731,-0.06464537232594755,1.4584460209694334,0.5106382978723404
2142976.6061402746,0.16467160132466852,-0.06710784388442614,1.5328472160715862,0.5460992907801419
3124784.5481558642,0.25592589717912895,-0.0738929052653891,1.9798464236551807,0.5673758865248227
3126367.3405758883,0.2560531038595757,-0.0670800436803508,1.83728667716658,0.574468085106383
2046656.7356418336,0.1540084844139895,-0.06428490670913528,1.3498475102396685,0.5035460992907801
4142099.365753053,0.3287525243924456,-0.06179030725227832,2.703045851703545,0.6453900709219859
3211774.0223255623,0.26284193851321214,-0.06067081165030162,2.0553946612870497,0.574468085106383
2591824.5780662745,0.20982100582632945,-0.07384170605367761,1.5656007975744475,0.49645390070921985
2554375.169392873,0.20630446903739474,-0.08254208327790326,1.8139208478589195,0.49645390070921985
3146749.0088652144,0.25768656251914224,-0.06011949269951045,2.0846804588822,0.5886524822695035
2698076.100321839,0.21958153123110846,-0.06402068732022187,1.681076014632509,0.5390070921985816
3122337.8449645485,0.25572915780527183,-0.04922909682783377,1.8248792592757956,0.5602836879432624
2798274.8623039885,0.22850824124781877,-0.06456260450727296,2.0257946077871383,0.624113475177305
2156013.6600634144,0.166085249194726,-0.06918144586136876,1.5635065840262272,0.5460992907801419
3032882.5821821652,0.24844990140784473,-0.05751777841902446,2.0672956306459502,0.574468085106383
2673814.1388571686,0.2173802257110038,-0.11242394947851946,1.8448381675390801,0.5815602836879432
2903591.377310223,0.23761937487512763,-0.08077173587685078,1.8295618442894122,0.5319148936170213
2399334.3125837445,0.1912918015033096,-0.09818076581036819,1.5795145522091567,0.524822695035461
2126534.338202351,0.1628788718694334,-0.07111594318928025,1.4462751661879243,0.5531914893617021
3151392.1511845975,0.2580574960831239,-0.0706122792349969,2.0422829486921428,0.5957446808510638
2132764.731644174,0.16355948320745717,-0.10430399490058008,1.3765479212325553,0.5035460992907801
3120455.5803363873,0.2555777209748702,-0.057037497369539794,1.8984312436780553,0.524822695035461
3042267.805423593,0.24922160979769492,-0.08698852108620095,1.85256468680721,0.5390070921985816
3200140.956015072,0.2619258059186327,-0.09204357257944504,1.9834966867115678,0.5602836879432624
2961832.8601945555,0.24254495229791462,-0.047355577317948774,2.007170149699976,0.5673758865248227
6328287.7574337805,0.446296195548032,-0.0497440175769701,2.7445768769466854,0.6524822695035462
5004727.334662859,0.3799904606032305,-0.04079164909523389,2.6447818656356015,0.6170212765957447
2600039.903857273,0.2105869910034157,-0.07400678679969191,1.8312251132905368,0.574468085106383
2617390.2113578375,0.21219836743990217,-0.11015646118004681,1.6912078341095689,0.5602836879432624
3516599.101596538,0.285951449060601,-0.0545203643801869,2.1850275291076686,0.6028368794326241
4755644.62543982,0.3659722565435397,-0.04166574511377531,2.4709634283900197,0.6312056737588653
2351520.4458111175,0.18650548940052136,-0.0622039953495673,1.9420506681175933,0.5957446808510638
2289137.694534843,0.1801423169732479,-0.05450479500360229,1.6996357450278545,0.5815602836879432
3472208.2978285025,0.2826883613446507,-0.047153945833381866,2.254556138625284,0.5957446808510638
2812337.864241882,0.22974056395113962,-0.08605009314299208,1.9875642811757468,0.5815602836879432
2192751.5388934007,0.1700323911052335,-0.05716817852689134,1.4916787738253376,0.5319148936170213
2940039.182126888,0.2407109743334317,-0.08995824018401301,2.3221872940553308,0.5815602836879432
1701359.9614191682,0.11213943784332958,-0.07309649736872911,1.1136225020427484,0.5177304964539007
3778799.656373753,0.3045801718166228,-0.04751552490909999,2.486072238582806,0.6453900709219859
2337968.2335380875,0.1851347191679027,-0.10699606526366912,1.600435755268909,0.5602836879432624
2558970.1634217356,0.20673815456381184,-0.08115284416771104,1.6352766399939125,0.524822695035461
3797599.0172368363,0.3058756421229063,-0.04247504097345877,2.3164258178928896,0.6382978723404256
2797818.435153159,0.228468162189724,-0.062200416420648136,2.1923285472294918,0.624113475177305
4208105.411133466,0.3329606289103111,-0.07889178949842354,2.1233918899194033,0.5602836879432624
2085019.967156344,0.1583026332817219,-0.10308018981012983,1.4916393654323112,0.5460992907801419
3034422.4478299194,0.24857664913082678,-0.07254547052510565,2.067415419935716,0.574468085106383
3072017.688630858,0.2516552992184924,-0.06440072053035178,1.9596715567962502,0.574468085106383
3116505.3227257403,0.2552596668479419,-0.06763166830875143,1.892889769114961,0.5957446808510638
3458444.72911884,0.2816698493852485,-0.0638629306712251,2.1117587567568292,0.5957446808510638
2324723.9683262995,0.18378894154090775,-0.08178988244295246,1.9853418657979534,0.5886524822695035
2419446.983647251,0.19328236385624953,-0.057412951273869924,1.5958591531656128,0.5390070921985816
2656773.068070867,0.21582450406039566,-0.05974610046069537,2.1665218638594474,0.6170212765957447
2082999.6913051123,0.15807807923682482,-0.06003190238125023,1.5128476968753202,0.5390070921985816
3191580.450753651,0.2612499419286811,-0.12448740544423778,1.8035197216757837,0.475177304964539
1710019.196606913,0.11326920827897524,-0.16441341048195504,1.2260770779677859,0.5390070921985816
2641134.0167013584,0.21438973554887242,-0.10260065160125288,1.723853671674951,0.5460992907801419
3520071.2415872775,0.2862052875531811,-0.10817358115532644,2.0748873481331964,0.574468085106383
1694997.3420615066,0.1113063714742415,-0.149609327666735,1.043430440754676,0.475177304964539
2581005.230988965,0.2088092564412669,-0.058056823190583993,1.895708381294592,0.574468085106383
2696856.7014560476,0.21947127301729918,-0.14515506583305565,1.8665836076075768,0.5602836879432624
2801367.256944553,0.2287796480441442,-0.07531254473083665,1.8782735529765795,0.5390070921985816
2052960.1790797145,0.15471845029415499,-0.0750363952398065,1.4613276248443527,0.5035460992907801
2296512.7227557725,0.18090176348802167,-0.0951950303006149,1.3869458784736646,0.5390070921985816
3028683.723720304,0.24810402782759056,-0.049903235825262904,1.9757535632913399,0.574468085106383
4061384.572542406,0.32353314873566585,-0.05272472402956448,2.507216435683686,0.624113475177305
3425399.433470284,0.2792111738959189,-0.0485057484504971,2.059509288839929,0.5602836879432624
2577974.1743696206,0.2085252049708468,-0.10097525874972055,1.7955361364980427,0.5602836879432624
2295656.3975147116,0.18081368325757774,-0.1039526412550363,1.4317159148535796,0.49645390070921985
3254643.7578272643,0.2661952845360569,-0.07173660245852463,1.817734522896526,0.5460992907801419
3191776.891431879,0.26126546744641255,-0.0628809688738971,2.0497411311329916,0.5886524822695035
2298958.9128445173,0.18115322999662875,-0.0711780232687483,1.5098662486571366,0.5319148936170213
3202119.685956037,0.2620818236098743,-0.062298694622944455,2.010361816274813,0.5673758865248227
2095917.4370627888,0.159510896197681,-0.07292580372866007,1.5068800464781695,0.5531914893617021
1586982.61753317,0.09676714960324606,-0.07882219126371472,1.0167575340593507,0.48936170212765956
3190099.8648232003,0.26113290050926263,-0.044042281157465356,2.053775761105368,0.6099290780141844
1840300.8158858141,0.12973806958814937,-0.08590085188283951,1.2293410188510752,0.5177304964539007
2180358.3785613733,0.16870681525662423,-0.06490804367657502,1.4904613473186583,0.5460992907801419
3001505.1957711717,0.24585591913170357,-0.056394925717931955,2.054077530743698,0.5673758865248227
2560796.682684132,0.20691037239478804,-0.09207047447082338,1.6961106242455695,0.5390070921985816
2830111.187127685,0.23129098458679898,-0.07323997220714555,2.161250426300816,0.6453900709219859
2656267.240642905,0.21577820396569547,-0.04231267393273439,1.9635260320153574,0.574468085106383
3050599.532611835,0.24990509930282778,-0.03863271132910015,2.175249674063164,0.6028368794326241
2553217.598626666,0.2061951165824698,-0.06159372182864981,1.7986421191708946,0.5531914893617021
2570819.0343654016,0.2078536091734582,-0.10089802576687962,1.9271468899195932,0.5602836879432624
3174838.8584942566,0.2599239670925546,-0.06490408093592086,1.819586550069163,0.5390070921985816
2130808.687325328,0.1633459754259723,-0.07014409354425212,1.6194167669050676,0.5957446808510638
3627056.834472184,0.2939302681190774,-0.05471269140563082,2.2179144640117245,0.6099290780141844
4062526.4035781804,0.32360756086170395,-0.042880029048359566,2.3399189044034925,0.5815602836879432
3888945.245681979,0.31209827856458894,-0.058936176238166466,2.555111436285862,0.6595744680851063
2330564.630108001,0.1843831774969764,-0.09794834820824576,1.5320598803280123,0.5460992907801419
3116150.7395142983,0.2552311018871576,-0.10892218266068239,1.7821702882570116,0.5531914893617021
2215034.9151396793,0.1724008246998885,-0.11372269537530263,1.4069141688868436,0.5106382978723404
2137203.6392139383,0.16404342204874256,-0.10571100008598194,1.3727706747403663,0.46099290780141844
2067526.205372443,0.15635239591047667,-0.08126026781701565,1.3500331963864245,0.574468085106383
2764540.6601347374,0.22553183270485966,-0.09676579133229407,2.0056401086358853,0.5602836879432624
2624459.6400241368,0.21285247751267677,-0.08457143677015301,1.7127574225755664,0.5602836879432624
2822465.7964249835,0.23062501150086745,-0.07286145174219956,1.9399371745307747,0.6170212765957447
3376239.5079262173,0.27551816975690846,-0.059513431433296335,1.8969860525681594,0.5673758865248227
2875317.8433086895,0.2351996840089785,-0.05783617179958965,1.808677242068753,0.5106382978723404
3471049.5576673998,0.282602738545938,-0.049084227756901584,2.1204685673856853,0.5390070921985816
4823294.437210572,0.3698365656213831,-0.05250529236193633,2.533264549327378,0.6312056737588653
2824870.776745237,0.23083465944143433,-0.07461528592979477,1.833842426272018,0.5531914893617021
1776796.3178407692,0.12183123825297226,-0.08523059229628448,1.2392537955111422,0.5390070921985816
2299213.656759285,0.1811794051718727,-0.07386846714787146,1.516783405303287,0.5106382978723404
3118676.3303878237,0.255434504945653,-0.11722040367556598,2.2090812712014523,0.5815602836879432
2421319.197101186,0.1934669835749665,-0.06208429823578289,1.617633092667037,0.5531914893617021
3822111.438981921,0.30755711751560133,-0.04457452900000001,2.329657167001807,0.6028368794326241
2955837.6955437944,0.24204152751995567,-0.07477602535372792,1.9284183566275703,0.5035460992907801
2505327.1156783737,0.201635880545725,-0.0653232296012766,1.9522062623626226,0.574468085106383
3134052.768340354,0.25667003886338,-0.0892896290054598,2.214621473568152,0.6028368794326241
1958497.7514283617,0.1438909273685014,-0.0847430309326707,1.3813823987438139,0.524822695035461
2606604.988846246,0.2111977194423873,-0.09808289121541616,1.6341288689733322,0.5390070921985816
2876802.652167253,0.2353272286362622,-0.07118322429639314,1.8640966778220562,0.5531914893617021
3115499.3752077245,0.25517862168482197,-0.09960226509542891,1.9393618221770377,0.5886524822695035
4988344.947416557,0.3790858279977807,-0.04324381284280824,2.3841070952622885,0.5957446808510638
2254956.0706729805,0.1765966760318609,-0.060723994841304384,1.7254906844619973,0.5460992907801419
3224643.6123880516,0.2638523627372862,-0.04636364621344738,2.5744735605328852,0.6312056737588653
2410653.3647561083,0.1924136893931745,-0.09136615394343613,1.692866631409597,0.5390070921985816
3405868.892615995,0.2777491043236313,-0.07914129110800774,2.09089022709116,0.5886524822695035
3312649.9891511905,0.27067682807914095,-0.05815114140750058,2.153938607062388,0.5602836879432624
3283395.7150775604,0.2684245684968052,-0.03404186410883741,2.4874351328125757,0.6382978723404256
3797931.2007898423,0.3058984868325034,-0.06089865902015162,2.0438615360518404,0.5815602836879432
1932976.0954389342,0.14089400127503438,-0.07667072831002135,1.240061919510207,0.5319148936170213
2542694.170495428,0.20519917433323887,-0.06939165822975846,1.6278946353684702,0.524822695035461
2757314.7338929465,0.22489050548723366,-0.06977637613625387,1.8713790681230489,0.5460992907801419
1688205.1441414484,0.11041429445485718,-0.11616248204965679,1.0907353772456096,0.5035460992907801
2179303.7787153833,0.16859373691433155,-0.07355343573358339,1.4890871325560466,0.48936170212765956
2678903.8570188577,0.21784334015890217,-0.09846790919903824,1.9567454256164125,0.574468085106383
3299106.8403931777,0.26963613999888647,-0.10048574444313778,2.106735471262019,0.5957446808510638
3819389.938430886,0.3073708575684395,-0.06855254165991903,2.3022770168418063,0.6382978723404256
1581335.0096289683,0.09598542120353293,-0.10351604497255433,0.9947455915561086,0.475177304964539
3368383.3294811,0.27492401532893473,-0.10073814908990794,2.084577908455056,0.624113475177305
2409472.1823126776,0.192296813672594,-0.08015386989821324,1.6147720821878302,0.5390070921985816
2374343.5195186497,0.18879976498294027,-0.0821390741533424,1.6485994419679295,0.5531914893617021
1983751.0916226057,0.14682575007878285,-0.07442634280235046,1.3913490184851283,0.5390070921985816
2114206.4087803196,0.1615274478490436,-0.06016048742575503,1.549049749581589,0.574468085106383
2871397.169111314,0.2348626458553853,-0.06670507958487436,1.8245639690850313,0.5815602836879432
3690766.2333533913,0.29844425067267033,-0.06525740236628132,2.308469483405902,0.6028368794326241
4594583.728225892,0.3565919450000128,-0.0580136678287058,2.2894734844651174,0.6028368794326241
3783871.278084482,0.3049301659206243,-0.04854116228933152,2.1790206257388927,0.5957446808510638
2885273.0552911344,0.236053828193878,-0.062188333633311804,1.938569408539044,0.6312056737588653
4098348.376183995,0.3259335952261011,-0.0641950860621379,2.3190664061332864,0.624113475177305
2188921.0981897986,0.16962332746991593,-0.07467187993501681,1.3850403438304952,0.49645390070921985
2555054.411653283,0.2063686166884644,-0.0531260912529077,2.0251359349481968,0.5957446808510638
4388500.641635817,0.34419796393907065,-0.057921337963548584,2.394258393984096,0.5957446808510638
3509949.83555023,0.2854647795540657,-0.05250198305967667,2.3143568122308205,0.6028368794326241
3851344.161150035,0.3095511488393188,-0.06344199145495553,2.087972377980931,0.5673758865248227
2848753.3909232854,0.23290885285418472,-0.09151020541438352,1.708802384759064,0.574468085106383
2881034.912312784,0.2356904897216714,-0.09892516338701901,1.7131494041705373,0.524822695035461
3504084.227867634,0.2850348544741661,-0.07504421121926041,2.268669197387274,0.5957446808510638
2087854.028848158,0.15861734660081495,-0.12659078728809678,1.2322021957727318,0.45390070921985815
2350872.93217714,0.18644013907642276,-0.0628293660752607,1.6442832582165163,0.5815602836879432
2251422.3973118598,0.17622768286116264,-0.07285306487635776,1.5113894671121064,0.524822695035461
2991055.854161677,0.244987252252852,-0.05929075995892566,1.9961572530931793,0.5886524822695035
2037305.3711793611,0.15295199740959786,-0.04866469265663884,1.5199841123652058,0.5531914893617021
3189473.5689771334,0.2610833782771087,-0.11243178923408081,1.9225697582869434,0.5460992907801419
2490527.8484447766,0.2002128728072492,-0.08535305510730633,1.7139667039834592,0.524822695035461
2645554.3011911246,0.214795951825419,-0.045241454040782066,1.979919464623279,0.574468085106383
3464247.958419899,0.2820996863434424,-0.08075517775846254,2.1158273210114475,0.6028368794326241
2297495.573094441,0.18100282550662072,-0.07417631596080296,1.7435862945680944,0.574468085106383
2270433.6838495624,0.17820744928077747,-0.05588715893727918,1.4611364631121588,0.524822695035461
2545310.654415437,0.20544710718641945,-0.08043653647774986,2.0653235858364325,0.5957446808510638
2709169.4182001394,0.22058276391297515,-0.08673885840338685,1.8205239920101606,0.5390070921985816
2908739.2469783053,0.23805790695494178,-0.0688730000464713,2.2402365290060793,0.6099290780141844
3258359.8144661686,0.26648429348979374,-0.06882759772511758,2.0259827325745676,0.5531914893617021
2515186.8447528994,0.2025802041219491,-0.07886044556843903,1.6437483102044388,0.5106382978723404
3343520.2292867624,0.2730363102840454,-0.056039308082524615,2.5195952348885697,0.6028368794326241
3082214.4491047375,0.2524851067971672,-0.03838018515617205,2.174194897380154,0.6170212765957447
2664253.1145115276,0.2165083561458554,-0.0657776534902079,1.92226277646377,0.6028368794326241
2847514.9654849446,0.23280163885190674,-0.07298732424845308,1.8384626643714856,0.5602836879432624
3416602.1414775546,0.2785534302889008,-0.04866629030340941,2.232621333550225,0.6028368794326241
1991334.3851806726,0.1477012075683013,-0.10268135698717978,1.4319778998963681,0.5531914893617021
2288419.3926257887,0.18006824498535123,-0.10530905575364859,1.5802543034845056,0.5460992907801419
2080719.2526990606,0.15782439862118625,-0.07462865460893421,1.584751306443836,0.5319148936170213
3096454.6675097407,0.2536403016507742,-0.0609851416419402,2.0824533117681665,0.5886524822695035
2059409.1532590077,0.15544300502625719,-0.09474609390426207,1.5795407292898043,0.5602836879432624
3231354.375507655,0.2643779626746974,-0.07294510148490545,2.021094524714172,0.574468085106383
3359682.432510463,0.27426468051098807,-0.06911808590776579,2.1710535349500253,0.5815602836879432
3389369.2637459436,0.2765086949584783,-0.043210246253800974,2.2274136083534612,0.6028368794326241
2797438.9041706007,0.22843483143290477,-0.0891708565279934,1.825547281126086,0.574468085106383
1997411.9665733473,0.14840091402574207,-0.08602253341643121,1.3320711201532482,0.5177304964539007
4272830.419637687,0.3370360938149761,-0.0426498367451999,2.3237291438307097,0.6099290780141844
1911523.827953305,0.13835034423155168,-0.08748781435118848,1.299181907923547,0.524822695035461
1927087.4709732917,0.1401980280557047,-0.06446232490571563,1.3097360446239834,0.5390070921985816
2667447.905619087,0.21679996712167582,-0.059115660913189094,1.7602157902149338,0.5531914893617021
2333044.468809671,0.1846351190153841,-0.07410594880654976,1.6862274046926562,0.5531914893617021
2259298.866462565,0.1770495263022649,-0.11659639995689827,1.5346069435550371,0.49645390070921985
1961749.5223766244,0.1442705247792544,-0.06641993346556957,1.4431537804072554,0.5319148936170213
3249421.6294165817,0.26578869735011756,-0.0670785673205814,2.182070123927144,0.6028368794326241
4585567.941395557,0.35605912828302677,-0.05466076190873011,2.3458101965971943,0.6099290780141844
1885629.6062670627,0.13524939122953317,-0.07420637863592341,1.44218713203151,0.5531914893617021
3121495.2881725803,0.255661379274952,-0.07008218149253183,1.8098878861852965,0.5531914893617021
2710606.85718751,0.220712260502814,-0.060945139665751207,1.8109581745077845,0.5602836879432624
2309062.179690491,0.18218957593639362,-0.08221047270342031,1.6908676193198382,0.574468085106383
2204378.111067659,0.17127053464505315,-0.07727541402864445,1.4929049041817173,0.5531914893617021
2332421.9378538667,0.18457189255160733,-0.0480752962160623,1.7053054544083097,0.5390070921985816
2482046.5823870683,0.1993943138811609,-0.048949276125223186,1.7930085377983265,0.5886524822695035
2537682.9030845803,0.2047237461601188,-0.05013685503127875,1.7084711091943194,0.5319148936170213
3438738.5758361183,0.2802059228429312,-0.0648398124546516,2.0124917074017104,0.5390070921985816
3282447.3977807513,0.26835129021708815,-0.07258878127792825,1.9347433589191607,0.574468085106383
2175109.6195039684,0.1681435889658789,-0.09190510958827913,1.5917418454782886,0.5673758865248227
2412581.5075187217,0.19260437699932953,-0.08756007109461117,1.606604518491909,0.524822695035461
3332412.1274362234,0.2721893079797222,-0.061731326534487985,1.993762124806892,0.5673758865248227
3800413.3013627892,0.3060691336502903,-0.05853323882564198,2.2121415297719835,0.6099290780141844
2490498.5717564276,0.2002100510420981,-0.06287163523839952,1.8109177607832287,0.5957446808510638
2399147.592424973,0.191273259267017,-0.06685682950447915,1.7557064661384831,0.524822695035461
3288475.495761748,0.2688168047951085,-0.05320452459703632,1.963520792868126,0.5602836879432624
4512735.894403927,0.351723871374072,-0.06296769214511506,2.3982508616249625,0.6312056737588653
4476975.354298249,0.34957473924322047,-0.06141786687601288,2.5432998936307136,0.624113475177305
2406831.241913469,0.19203533182066823,-0.05644962701724874,1.856644660201794,0.5602836879432624
3128268.1496607545,0.25620580099751367,-0.05946708125141754,2.298812820048931,0.5673758865248227
1665913.2885172463,0.10746619518496114,-0.12319332383053781,1.0462750444224724,0.4397163120567376
2456752.35722719,0.19693971218834405,-0.07311300178918581,1.5338156571873178,0.5035460992907801
3247103.928950369,0.26560807711948486,-0.10251653509792795,2.081741733673654,0.5531914893617021
2863684.671122417,0.23419857021656898,-0.10180247525125846,1.8519378706397962,0.5460992907801419
2487120.6559171774,0.19988430021429293,-0.08706686597386692,1.6314862523232316,0.524822695035461
4159801.6388143627,0.32988633746862717,-0.056923160173275186,2.5739212059168075,0.624113475177305
2753981.1811754,0.22459418725515645,-0.06128087080877118,1.780021061007136,0.5602836879432624
1979225.1783467724,0.1463019769927092,-0.06579218522945743,1.45698366686913,0.5390070921985816
2912872.3252484077,0.238409542763238,-0.06881773487856609,1.8338799333557492,0.5390070921985816
3999969.0777981593,0.31950587066208835,-0.04687674542344256,2.323704439853589,0.6170212765957447
3583245.002208764,0.29078913385305305,-0.07636689654713284,2.2459431162503978,0.5673758865248227
3219349.088363238,0.26343706749665086,-0.067919876836535,2.0141705937404217,0.5531914893617021
4601684.852346219,0.3570110200841339,-0.03846605611324413,2.409050543464828,0.6453900709219859
3310061.88685379,0.270478215497139,-0.06654995255990898,2.0210230031468277,0.574468085106383
2289932.643788543,0.18022427123632823,-0.0590940045272185,1.579968283752891,0.5460992907801419
2585673.704888724,0.2092462347028532,-0.0901472264235942,1.7221174629979776,0.5531914893617021
2349970.0414166017,0.1863489907687952,-0.07722826889590186,1.4518779373733506,0.48936170212765956
3634103.0634498857,0.29443261769746654,-0.064846318358058,2.1292748027530655,0.5602836879432624
4079647.5845878366,0.3247213317677695,-0.07803589073796005,2.589510903809854,0.6524822695035462
2141537.1513957446,0.16451509539880016,-0.054552342465861874,1.6353733817696927,0.5390070921985816
3249522.323866741,0.26579654221185445,-0.05438357992332654,2.0196460621417422,0.5815602836879432
2786826.760714177,0.22750139526632784,-0.07447129829949685,1.983715392379635,0.6099290780141844
2211960.002688564,0.17207513833354593,-0.07873400045750083,1.619932734092437,0.5319148936170213
4487728.2595315855,0.35022240541182614,-0.03826909689344428,2.516871706482067,0.5957446808510638
2278891.722888724,0.17908397857663982,-0.09762537618148569,1.577712930654752,0.5390070921985816
3042188.2828078233,0.24921507898481843,-0.09096775628824919,2.1070300657318355,0.5957446808510638
2651486.497665911,0.21534025766667564,-0.051234928478468875,1.8180699367775124,0.5602836879432624
3121460.667981019,0.2556585939796796,-0.059330597023982926,2.002378275939855,0.5673758865248227
5171990.540000024,0.3890937087031825,-0.045931944364372805,2.7067921220617657,0.6595744680851063
2759769.1724195355,0.2251084964557757,-0.08063441487031328,1.9035769770863955,0.574468085106383
2369471.86899959,0.1883115310008534,-0.06366807220876985,1.8163099898480608,0.5815602836879432
2521344.553872768,0.20316846244569065,-0.12575173590953986,1.6728054787467301,0.5460992907801419
3038177.081528317,0.24888548084533224,-0.05225721200189042,2.2180865327376464,0.6170212765957447
2337508.449579383,0.18508810187050595,-0.08204665174806984,1.6170328621932764,0.524822695035461
2358112.466637976,0.18716997124754942,-0.0803015659131426,1.6986328836693503,0.5460992907801419
2514150.1747421254,0.20248105566932662,-0.0678165736369876,1.6487335863239385,0.5602836879432624
2925444.6024094857,0.2394767242655811,-0.06547504322001416,1.8824615257517043,0.5531914893617021
2415382.232853381,0.19288114338827356,-0.08252351734500592,1.6324314351722793,0.5106382978723404
2255090.6964012682,0.17661072476690065,-0.05539927889525022,1.6403146543209453,0.524822695035461
2035423.1572626294,0.15273888211220332,-0.06586353769563812,1.4435595835000075,0.5106382978723404
4372221.488691266,0.34319921982949664,-0.048299332059958365,2.2914579525955565,0.5886524822695035
2940190.1965625356,0.24072371983827123,-0.07732710381251848,1.8802032176128602,0.5460992907801419
3254195.897563387,0.26616043526759525,-0.05316698317039768,2.04089420392633,0.5815602836879432
3193821.5174818602,0.261427017315645,-0.09916243209388459,2.102661782340548,0.5815602836879432
3993560.8258150727,0.3190828098910383,-0.064025398848341,2.234764601208156,0.6028368794326241
2999936.06456238,0.24572562981340051,-0.06408772592641199,1.7049369930337324,0.5177304964539007
3138468.7075314666,0.25702397377482256,-0.03783018662241437,2.008653823658152,0.5602836879432624
2716517.5571421264,0.22124416934203261,-0.06012217311341313,1.9020421930259894,0.6099290780141844
2006886.9236384784,0.14948836737960947,-0.07720843446701356,1.4798855720182795,0.5602836879432624
1901689.941179285,0.13717667162864355,-0.15367010554731006,1.4005067955637869,0.5106382978723404
3226640.2995164376,0.2640088385069628,-0.08899572636965922,2.093301071737462,0.6028368794326241
2662229.0125113577,0.21632345737590009,-0.0714381192127914,1.9267416443199532,0.5673758865248227
1811666.6212594395,0.1262003463401975,-0.07064865007013113,1.5462097638761791,0.5390070921985816
2986912.464271733,0.24464213477252383,-0.07042895671352978,1.8353550977901931,0.5673758865248227
3492427.889135558,0.2841787807475451,-0.036580516519380546,2.4413977165133764,0.6312056737588653
3000905.528200023,0.24580613350373803,-0.05316251938419495,2.0668494612878763,0.6170212765957447
2070797.6264286558,0.1567181009325409,-0.05974443386978347,1.5616720849057002,0.524822695035461
1925244.4463580376,0.13997985244888245,-0.053642086346066875,1.4217622984498792,0.5531914893617021
2877131.2527331724,0.23535544820708387,-0.0723452008896617,1.8298463436592642,0.5177304964539007
2223701.1537381867,0.1733167869462957,-0.08848280136345578,1.5347999576849718,0.5319148936170213
2457277.205120563,0.19699084942310385,-0.06000530556742849,1.798658918016601,0.5460992907801419
3025408.7234697393,0.24783398905737175,-0.06872374845140251,2.0503455856698465,0.5886524822695035
3056752.548181755,0.2504089011392969,-0.15423037718945,1.8137751695185407,0.5602836879432624
1865457.1195819767,0.13280994775169264,-0.08013613063686251,1.2732266006616315,0.5106382978723404
3205781.60045955,0.2623703526801786,-0.08291880508508262,2.0153771220700083,0.5815602836879432
3547009.246187653,0.28816787446968806,-0.10237778518766835,2.1683826058235876,0.6170212765957447
2643309.234497503,0.21458970210483952,-0.10076464199977297,1.799527645805932,0.5460992907801419
3164723.4751824806,0.25912009087385646,-0.06868121166556923,1.917131644551866,0.5886524822695035
2640231.077888142,0.2143066901903503,-0.13700869634496707,1.6646557424677562,0.5177304964539007
2446451.5029542465,0.19593430095039133,-0.07894798803248598,1.793694895342545,0.5319148936170213
3160617.7444676645,0.25879321916689024,-0.06933678917078723,2.045705755058896,0.574468085106383
4176739.6644068835,0.33096759334863957,-0.06879207718022441,2.12120623140193,0.574468085106383
3043358.641021209,0.24931118113639505,-0.09699449947118872,2.158420415663913,0.6028368794326241
2488638.97968247,0.20003076420984045,-0.0923225931246345,1.7707570409454154,0.5531914893617021
3665045.213679544,0.29662940802014615,-0.05237926365737066,2.5325663395792155,0.6453900709219859
3116417.0258413795,0.25525255395948077,-0.0700262620755216,1.9102896635097417,0.5602836879432624
3617415.1851786436,0.29324161563932294,-0.06630585605730721,2.261342184406955,0.6312056737588653
2197125.8905850807,0.1704988419424749,-0.07026621671818609,1.5945287514179851,0.5602836879432624
2892886.7526874323,0.23670548381509215,-0.05955190350343883,1.9545601559010974,0.624113475177305
3047586.478082574,0.24965809729974553,-0.04647449797395904,2.0604632643338663,0.5815602836879432
2684497.2507209983,0.2183514730094549,-0.0678559707330773,1.8656256923202834,0.5673758865248227
4341870.753545963,0.3413291976857247,-0.041596434768695706,2.4881348362584843,0.6312056737588653
2923279.0551117477,0.23929316648482635,-0.06008200929354729,1.776703886002326,0.5531914893617021
2619239.3762765285,0.21236960071632782,-0.08466491589949518,1.8024499151739446,0.5460992907801419
3640278.7791168173,0.29487226507273956,-0.068455307255027,2.411672471337882,0.6028368794326241
3487768.6641190895,0.2838359548653957,-0.05168405318808771,2.2203201754658792,0.624113475177305
3672948.732374694,0.29718815182225167,-0.055164595805029734,2.306910516871737,0.5815602836879432
2792035.16960947,0.22795987766158077,-0.09248976551810437,1.8308903739558169,0.5602836879432624
2850923.577555352,0.2330966421776075,-0.10470288789043168,1.763806172155373,0.5531914893617021
2035114.8236875474,0.15270395574930107,-0.10272664069246012,1.5812950286060323,0.5531914893617021
2793259.013152497,0.2280675100693932,-0.05894992488408397,1.883152989729201,0.574468085106383
1899130.7439457816,0.13687043587627157,-0.09318198827512003,1.2308539875685107,0.48226950354609927
2365209.2021618914,0.18788366982256388,-0.08633783858922589,1.5055928246728825,0.524822695035461
4044307.5183506454,0.3224182502396167,-0.07571724299635936,2.21044595245472,0.6028368794326241
2122824.092098382,0.16247280449508272,-0.11124610739703933,1.4584211049992273,0.5035460992907801
2403986.839498441,0.19175344814905904,-0.057246600874392456,1.7593822806442707,0.574468085106383
3585451.4283223688,0.2909480584940263,-0.06306262685942852,2.1350142252144995,0.574468085106383
2411137.5345232384,0.19246158381802658,-0.04532727201808276,1.883567932634279,0.5319148936170213
2599706.078355151,0.21055590336004792,-0.09104185580259258,1.5872837474870125,0.49645390070921985
1858121.2622719295,0.1319175943740465,-0.08623893389033005,1.2621667278950743,0.46808510638297873
2702643.9096053746,0.21999419914203355,-0.08426826601173805,1.762925708360589,0.5531914893617021
4000391.346174881,0.3195337289812086,-0.06898076202786635,2.27121459212623,0.6028368794326241
2566384.6001763097,0.2074366333654587,-0.06463342013556642,1.745825702217237,0.5815602836879432
3980684.5594906616,0.31823109833825103,-0.0510787429467361,2.3884857436954148,0.5957446808510638
2049617.4830885734,0.154342175182683,-0.07259935599165503,1.3799692657520854,0.5531914893617021
3544955.9246180654,0.28801869890345544,-0.07735783623317616,2.107658644424554,0.5815602836879432
2651968.856219163,0.21538447340111677,-0.07740050189342643,1.9805022069992686,0.5957446808510638
3125166.2402355145,0.2559565779214057,-0.051658344111599086,2.0647258818101477,0.5957446808510638
2577994.6610120516,0.20852712574610432,-0.0660057902929205,1.9418103108787275,0.5886524822695035
2088388.8073810884,0.15867669368202297,-0.13387574300537552,1.384769786085177,0.5602836879432624
2224522.521118697,0.1734034516294174,-0.08846822941347585,1.5545655066861315,0.5460992907801419
3672597.6794867152,0.2971633543589105,-0.04567967894199682,2.3181162674486835,0.5886524822695035
3421062.634241845,0.27888709527210653,-0.09716951225542693,2.0106893141056696,0.5886524822695035
2761220.7386168237,0.22523734433741116,-0.07682322879256012,1.9272888605106584,0.5815602836879432
2132910.74578344,0.16357541478035875,-0.07638388030805929,1.5751468715980355,0.5673758865248227
2882478.9070095974,0.23581433222607417,-0.06875504792286286,1.9962206637393172,0.6099290780141844
4399746.295056943,0.3448861677236983,-0.08728577430497232,2.3177802464982515,0.5957446808510638
2067991.048165618,0.15640438787480648,-0.06672405511904371,1.438084140567774,0.524822695035461
2947557.6779153226,0.24134489465030895,-0.04868024738460702,2.044782440884752,0.6312056737588653
2004643.9736979345,0.14923131271307266,-0.08205217345835596,1.3527369908280504,0.5531914893617021
3737133.684792761,0.3016904743776003,-0.07990022048590495,2.31349856320319,0.624113475177305
2349440.5506761144,0.18629552477420153,-0.10352661729886814,1.56671783867806,0.5673758865248227
4135842.7206176855,0.3283508652394218,-0.05096353051456316,2.32754155316181,0.5957446808510638
2623834.076776416,0.21279465316877877,-0.08923207460607505,1.8684763978482095,0.5602836879432624
2596275.450518035,0.21023623948035763,-0.0565567559245969,1.665973707819122,0.5531914893617021
2881783.0315868654,0.23575465748742186,-0.06855967088780111,1.9176865395031781,0.5673758865248227
3130515.3551965663,0.25638622938103106,-0.08409424589003117,1.7947247657996799,0.5390070921985816
2634672.497851626,0.21379495374145407,-0.04420006225965487,2.0916208603746544,0.6099290780141844
1843319.4410961324,0.13010844604682625,-0.06541375513138921,1.2369511132707018,0.5106382978723404
3349159.9980679164,0.2734654861630157,-0.06338118489065155,2.1297283027644047,0.5886524822695035
3619378.4109675004,0.2933819575229768,-0.07127858895194891,2.0463575245259777,0.5602836879432624
2994328.530610595,0.2452595747103039,-0.06806688749276735,2.0210952679711056,0.5673758865248227
2704797.919887144,0.22018860452931754,-0.06615781288521054,1.9403615582841682,0.5957446808510638
3444915.1515837777,0.28066548751447273,-0.05703438176108377,2.0861998060927176,0.5957446808510638
3323409.571754924,0.2715011967337808,-0.055596523858654434,1.9509495860619828,0.5602836879432624
4688506.919124652,0.3620934742723776,-0.09212643200744054,2.3866990484940556,0.5957446808510638
2369035.227614325,0.18826773185301282,-0.07774684593457787,1.6313899500680027,0.5390070921985816
2567844.0763447606,0.20757393346181385,-0.057001083664749375,1.8199849826127277,0.5319148936170213
4637758.123961189,0.3591319410307874,-0.053234370904923944,2.3562894404934305,0.5602836879432624
2273431.766724599,0.17851844706943054,-0.116827172298623,1.3496045306296056,0.49645390070921985
2187050.2596844104,0.1694233271296306,-0.06346351073182299,1.6780304591310493,0.5531914893617021
3335240.4773571584,0.2724051861748633,-0.04577951525082733,2.034302251214311,0.5957446808510638
3789855.0165987522,0.30534262320606564,-0.05629899953047165,2.308628069512903,0.6170212765957447
2733137.6745397244,0.22273488161331856,-0.053620254618156185,2.0509052829890404,0.5815602836879432
3226973.1247886843,0.2640349137239144,-0.09945287728032243,2.0408011241951196,0.5673758865248227
1847131.7403655213,0.130575511254736,-0.11001784303843651,1.0451512906100904,0.45390070921985815
2161537.9176930445,0.1666821993362413,-0.13353966844353535,1.4008861292222186,0.5106382978723404
2456975.1445259205,0.1969614199760399,-0.05649322525344472,1.7252593642502674,0.5815602836879432
2290641.285646745,0.18029730856471615,-0.08152245700975128,1.6148980896806746,0.5531914893617021
3411699.8116130326,0.2781863116773826,-0.09237856569388526,1.9688576251864849,0.5531914893617021
2454251.6686933488,0.19669594379784106,-0.06878710280887251,1.6438462194331664,0.5319148936170213
3300408.2627466344,0.26973629269305044,-0.06295463546625797,2.299954280091367,0.5886524822695035
2656977.1494587003,0.21584318232324606,-0.08555653815288886,1.7933817260906324,0.5319148936170213
2279469.3294930016,0.1791437425092215,-0.08568177432691483,1.517199102314716,0.5035460992907801
1740315.0608802305,0.11718623413908569,-0.1258272618979539,1.0715437272062007,0.49645390070921985
2766007.829726252,0.22566188551874844,-0.08368563145491867,1.8303292358692111,0.5531914893617021
2719958.066510342,0.22155335747915061,-0.05966382536918542,1.8997313357542487,0.5319148936170213
3131172.948697756,0.25643900803980113,-0.06744713183312027,2.0183622273186175,0.5886524822695035
3406395.9877913343,0.2777886509838816,-0.056879473990173735,1.956717826972007,0.5531914893617021
3658324.8241615416,0.2961535474258663,-0.052717392009528484,2.2296242544392513,0.5673758865248227
3324292.9287541765,0.27156878214928204,-0.07396722520873979,1.875475638160083,0.5531914893617021
2925581.3338184976,0.23948831034931506,-0.053208911922461716,2.135867499271938,0.6312056737588653
3367047.1901514707,0.2748228542492972,-0.04264983674519994,2.0459557245788558,0.5673758865248227
3342235.7731319196,0.27293848460710435,-0.05131430555490198,2.070479579651056,0.5886524822695035
3353217.947438314,0.27377393101305936,-0.0982612177871429,2.2422529270072364,0.6099290780141844
2421410.287867317,0.19347596315817173,-0.13481164162584677,1.631336947575785,0.5460992907801419
2053447.0295783088,0.15477321238254027,-0.08164923555979887,1.4052495469025013,0.5390070921985816
2503896.007606708,0.201498568027922,-0.07845448279677093,1.9601025493102535,0.5673758865248227
2604647.0779020344,0.21101571026928556,-0.06298025047286035,1.6588336907164416,0.5602836879432624
2155745.453152698,0.16605623567855488,-0.11390900686363369,1.6249242178151895,0.5460992907801419
3893434.233965838,0.3124010483797799,-0.059197771525715905,2.33060044575514,0.6028368794326241
2107420.7992416895,0.16078089729353828,-0.07068249747433315,1.4512398083863245,0.5319148936170213
1996255.654791397,0.14826792021878066,-0.06250069559082452,1.3996091494275487,0.5390070921985816
1900627.3718619975,0.13704956371630028,-0.09937691416621725,1.181305763272222,0.48936170212765956
1785024.5980321346,0.12286835096267912,-0.04929319209100776,1.196760633308971,0.5319148936170213
3374740.1170232776,0.27540485788057034,-0.07742872149656954,2.0295242914666094,0.5531914893617021
2412394.1950804526,0.19258585770197545,-0.09295527352098071,1.660530722597744,0.5886524822695035
2578390.460720879,0.2085642325189705,-0.053194760048948075,1.6064251942428427,0.5460992907801419
2701173.793113354,0.219861445881129,-0.04874705565864888,1.990294036511311,0.5886524822695035
3056370.9717170307,0.25037768170453845,-0.10294299566333269,2.0259411749498684,0.6170212765957447
1538955.708599499,0.0900470004834486,-0.0810775096660749,0.933546481373529,0.5177304964539007
2290910.146954196,0.1803250144636548,-0.08733325548083415,1.4675508779834092,0.5319148936170213
3009244.323279561,0.24649772437793493,-0.04761500064011964,2.1164872443837566,0.6099290780141844
3316801.6140462924,0.27099516723256567,-0.06341241152365067,2.2088174792473385,0.6312056737588653
4151849.4297933043,0.32937748482847407,-0.06697157320241132,2.513829164093171,0.6524822695035462
3036020.080110655,0.2487080973010436,-0.09641479652186348,1.795952209080808,0.5460992907801419
2324211.787187501,0.18373677467580363,-0.04678415224684507,1.7359091521734278,0.5460992907801419
2228799.155987019,0.17385427768423267,-0.09277486108371541,1.702273762523375,0.5602836879432624
3781573.7972412915,0.3047716626184458,-0.05317428882888268,2.1447087997481815,0.6170212765957447
3168188.065918989,0.2593956553469481,-0.06203069365745904,2.2253205632098423,0.574468085106383
2786028.5229108194,0.22743106794541412,-0.10257124875839192,1.7683210182199776,0.49645390070921985
1795354.0576427944,0.12416490103592914,-0.10194904346819278,1.238507060733881,0.524822695035461
2242917.11683395,0.1753376412654033,-0.11826831921023917,1.4007259344740999,0.5177304964539007
3221648.544277205,0.26361750075063695,-0.09047035683827244,2.180914179248681,0.5815602836879432
3807142.601335591,0.30653133141433675,-0.0641641333673129,2.225605502608986,0.6099290780141844
2299632.2455361923,0.18122241052192023,-0.11220134057581595,1.4963170132828394,0.5602836879432624
3587667.7393542035,0.2911076163800195,-0.045560732408162385,2.2550995431692518,0.5602836879432624
3996905.5022509894,0.31930368685308186,-0.04783500994266452,2.385737630963762,0.6028368794326241
2552018.2947157663,0.20608177987374088,-0.0656173375924786,1.553068152005067,0.5035460992907801
2424580.5313737355,0.19378831249546025,-0.07569960735074562,1.6949407140971864,0.5390070921985816
2456077.0942273755,0.19687390677860672,-0.06803587112243654,1.8202701717084904,0.5886524822695035
2592708.1743074274,0.20990348421294658,-0.08909779150903784,1.681591002908177,0.524822695035461
2827122.5682516457,0.23103082414754983,-0.056858486735492306,1.796117419476379,0.5390070921985816
3355966.8726280117,0.27398270727915675,-0.050084768127397795,2.2051211329429017,0.5815602836879432
3771469.012348614,0.3040736171781173,-0.058665492003073624,2.321437404831449,0.6028368794326241
2135230.1975876796,0.16382837275414475,-0.09885692781056218,1.5438892387874268,0.5602836879432624
1995200.9604367544,0.14814656024040418,-0.134642396387765,1.4233730964763078,0.5319148936170213
2286772.927765558,0.17989838973012695,-0.06965836659331875,1.697819485369817,0.5319148936170213
2684766.104080964,0.21837587569907013,-0.04980415352500003,1.9140102136398465,0.5957446808510638
3353519.395608996,0.2737968321796762,-0.054368363939008776,1.995637869302874,0.574468085106383
2674945.2698372626,0.2174832084511742,-0.05549905773026843,2.06359208803363,0.6028368794326241
3150453.980587829,0.2579825823264488,-0.055217340043160354,2.0178241387568074,0.5460992907801419
3389239.305880185,0.2764989058279894,-0.050238702607891206,1.9771134167709343,0.574468085106383
3259186.723813773,0.26654856885937184,-0.05938761753045477,2.1205426818741486,0.5815602836879432
2831675.2367812023,0.23142704812192494,-0.08071214170830339,2.051021537088114,0.6170212765957447
2621628.4778902545,0.21259068917298296,-0.05784641236809295,1.9445829159433639,0.5673758865248227
3694143.852066076,0.29868181895983215,-0.06205547523848117,2.04508956009913,0.574468085106383
2933657.654619801,0.24017189890214774,-0.10430757668315939,1.7991705458196714,0.5460992907801419
2407739.705503487,0.19212530549350793,-0.07684027341242904,1.679725160659997,0.49645390070921985
2331003.0304777557,0.18442773279071023,-0.07934027055358983,1.510062089210146,0.5177304964539007
2891328.688577042,0.23657224101365482,-0.06544221284022542,1.7963062157257181,0.5106382978723404
4005949.738897811,0.3199002138093503,-0.05850989860643771,2.571670934247769,0.6666666666666666
3313163.9579009744,0.2707162555861271,-0.0454611044526446,2.2902728160308654,0.6099290780141844
2938497.3954245797,0.24058081871647463,-0.07229535479213198,2.1846476190810113,0.5815602836879432
2496844.0235637324,0.20082102310065686,-0.08936133213903931,1.556362062932209,0.5106382978723404
2268114.5865128594,0.17796665873588302,-0.10708337547507911,1.6184397185786565,0.5319148936170213
3079388.4877443006,0.25225535164083945,-0.0999175509338438,1.9865541788687677,0.5815602836879432
2893160.105659837,0.23672885454282633,-0.07453645884450334,1.8969157403030357,0.5886524822695035
1432175.2297007444,0.07448221559471202,-0.11167275322159582,0.7942661851274948,0.48226950354609927
2625459.2560933065,0.21294485478821312,-0.09107723691623712,1.7059918667226504,0.5319148936170213
2487049.254433819,0.19987741076142052,-0.07781425362170333,1.6502254740593723,0.5319148936170213
2336305.2925851773,0.18496607957852618,-0.0772834445422924,1.6811262308038142,0.49645390070921985
2622051.3089430756,0.21262980134524168,-0.07604105302778925,1.7712693786244624,0.5531914893617021
3609496.985919273,0.29267496116493064,-0.05109711021642355,2.349068414869125,0.6099290780141844
1886649.37828199,0.1353721560819776,-0.10760579881045833,1.10163996754622,0.475177304964539
1935488.1461436097,0.14119038310004028,-0.0648988924761597,1.4038656121589344,0.5106382978723404
2902945.1855512243,0.23756428374563132,-0.057281808275411204,2.282787268738328,0.5957446808510638
4647591.434417964,0.3597077988306687,-0.05854497670173404,2.5444142972278097,0.6170212765957447
2848807.7739483775,0.23291356009218633,-0.06942288625401824,1.892821032722985,0.5460992907801419
2809953.4711161843,0.2295319702475238,-0.09041360940191039,1.9385130351841613,0.6099290780141844
2630009.2424663086,0.21336497639371776,-0.12676119298420804,1.5188908874077331,0.48226950354609927
2694881.503949024,0.2192925907323937,-0.10463502172399482,1.8045739292059508,0.5390070921985816
3253401.41810225,0.2660986051416705,-0.04860922827042312,1.866278911739942,0.5531914893617021
2529650.336553785,0.20396011258840052,-0.08844641228539031,1.536734278845645,0.5319148936170213
3469836.4008698715,0.28251307023186745,-0.04713663269275277,2.165127563229499,0.5815602836879432
2783825.5749030877,0.22723689746698605,-0.05919240591420429,1.9670803318795806,0.5673758865248227
2865400.1126309983,0.23434639992371786,-0.05179903881633656,1.982526785477147,0.5673758865248227
2666541.058754085,0.2167172212641808,-0.04976405847297593,1.914153451109423,0.5390070921985816
3916458.3899751552,0.31394958887568136,-0.07538785961963737,1.9287961692751037,0.524822695035461
2851694.362889103,0.23316331180312733,-0.07293851520031891,2.055213955803656,0.6170212765957447
2939946.3722640085,0.24070314099092838,-0.06164668708662761,1.8732528020702677,0.5673758865248227
2607662.5864620414,0.21129598918275816,-0.06011710804822622,1.8190997646271259,0.5886524822695035
2539062.2288618665,0.20485468019868103,-0.05403514873135436,1.8611822895689998,0.5531914893617021
1991637.622964169,0.14773615952574515,-0.08293164757901893,1.4416022761535288,0.5106382978723404
2727643.2877795612,0.22224287661007036,-0.06672427274836723,1.775505700365201,0.5531914893617021
3170188.4083514544,0.25955464758596314,-0.07144423880130274,2.092830922120181,0.5886524822695035
2420986.63868505,0.1934341981993788,-0.1019069575543334,1.6343609061799904,0.5177304964539007
3680559.1316048237,0.2977252651076241,-0.07486503587381135,1.9869586634424548,0.5460992907801419
2050160.8689092353,0.15440337554500116,-0.0696519995458411,1.5999428779769185,0.6099290780141844
2343708.3148738323,0.18571608709747256,-0.11161090984423505,1.4858981602570183,0.5106382978723404
1927690.0610901015,0.1402693259237935,-0.13144901141894227,1.34075430888941,0.5177304964539007
3248399.9616278214,0.2657090906778947,-0.05689532771131413,2.2478545342200573,0.5957446808510638
2343404.7311773575,0.1856853680252648,-0.10814513821810186,1.6216141906592223,0.5390070921985816
2852443.4135699193,0.23322808766372272,-0.1072995630620422,1.8077605430045574,0.5177304964539007
2010039.193766211,0.1498492470419195,-0.07104273391956784,1.378071070024994,0.5106382978723404
2249415.115105814,0.17601787208998076,-0.07005190830659203,1.6506493648412068,0.5815602836879432
3176168.6851313924,0.2600294968455801,-0.06721774059122286,2.2023712860192957,0.5957446808510638
4946398.222087725,0.3767586553857938,-0.04265129650283066,2.49799743853907,0.6382978723404256
3218344.457398057,0.26335820394795584,-0.05367175550774027,2.1774263686309006,0.574468085106383
3666772.1600956284,0.29675157773196714,-0.05592401175103485,2.3337129918212542,0.6099290780141844
3562466.379151216,0.2892886364037428,-0.044505111652611985,2.389339213358932,0.6312056737588653
4209851.989405979,0.33307125986775965,-0.06556956907892306,2.394297646305937,0.6099290780141844
1939216.2909198957,0.14162967783050995,-0.09194299694203348,1.3563256577999423,0.5319148936170213
3417238.2663586535,0.2786010365977587,-0.08282041083962959,2.150075738309235,0.5815602836879432
4325093.18603364,0.3402909767404503,-0.07227678689772313,2.2461805835554385,0.5815602836879432
1715926.7130166343,0.11403733847372743,-0.08349594255236077,1.1015768270418032,0.475177304964539
4005700.0119855483,0.31988375714634554,-0.048074812482531974,2.4393794530112114,0.6382978723404256
3301064.784158149,0.2697868041859117,-0.05585858254463719,2.1526804904849337,0.6170212765957447
2163015.504957445,0.1668416602066647,-0.0690000103260248,1.6211326206936114,0.524822695035461
1825258.6222307521,0.12788515794586042,-0.06744930440601944,1.270612318590083,0.48936170212765956
2154855.725966204,0.16595996798141432,-0.07336925705975006,1.485567990026186,0.5177304964539007
3129696.2043697345,0.2563204716741725,-0.055922290856928104,2.4369855697951155,0.624113475177305
3257704.0245357254,0.2664333098927829,-0.05341737308369938,2.0163503052573364,0.5531914893617021
3378011.726096082,0.2756520478185014,-0.059244055312644914,2.1192771606217393,0.6382978723404256
2700291.0220471392,0.21978170283083864,-0.06248564276062329,1.9924736414671036,0.5602836879432624
2600024.3542816034,0.21058554301340404,-0.060847625904646,1.6109662882839906,0.5177304964539007
2606185.226631115,0.21115870717987306,-0.04596579171612709,1.7834689876992633,0.5390070921985816
3167553.6171806008,0.2593452109933101,-0.06277834423302026,2.2113855570168393,0.5886524822695035
2214684.7587677897,0.17236375534469817,-0.06156586745564683,1.47796329591126,0.5106382978723404
2195455.732901906,0.17032083554508692,-0.08008575192569813,1.4401092112987373,0.49645390070921985
2881612.7225964586,0.23574005089829786,-0.047915697663653556,2.003472330574228,0.5886524822695035
2846899.395097419,0.23274833329802913,-0.06344262689689639,2.018087077624452,0.5886524822695035
2566031.8946992056,0.2074034432561409,-0.07267174993613106,1.73793945341272,0.524822695035461
1870587.6846534747,0.13343237662173313,-0.08717449545638753,1.1794056600254896,0.5035460992907801
2269830.343234479,0.17814482371410145,-0.06592798421466776,1.4936127179674077,0.5390070921985816
3098302.2530119717,0.25378986980409945,-0.048924086600000666,2.066130093485677,0.5673758865248227
3210931.097792934,0.2627756454172827,-0.0517379122430497,2.1131650934733823,0.6028368794326241
3826645.563075213,0.3078671982185037,-0.05194988628840268,2.2833915652584147,0.5886524822695035
1884737.8299168642,0.13514199154441675,-0.0858451964416402,1.4374039972202495,0.5177304964539007
3781007.1043146686,0.3047325546048245,-0.04801610258177504,2.372688241874638,0.6666666666666666
3247596.565150606,0.2656464772775504,-0.07762094560765022,2.007839907146373,0.5602836879432624
2517179.165932199,0.20277066052760295,-0.09775574980292749,1.7417317765876457,0.5460992907801419
2221872.533746215,0.1731237523184157,-0.0998838615172924,1.439381457319605,0.48936170212765956
1977776.2035330706,0.14613408813231477,-0.1365828082947376,1.341433455038251,0.48226950354609927
1605790.1264992508,0.09935449542971497,-0.06258387268372252,0.984665433813463,0.5035460992907801
2375451.5877521457,0.18891070305182378,-0.07163661839708764,1.542604773523952,0.5390070921985816
2747701.9569274927,0.22403524922274487,-0.08094425487803218,1.946908464499629,0.6028368794326241
2018472.1322221125,0.15081244978021946,-0.1648612299697077,1.2746551103384034,0.44680851063829785
4264337.310873202,0.3365041451419786,-0.04658404291826599,2.4011044587248933,0.6170212765957447
2038578.6239149072,0.15309607325226127,-0.08587891070514977,1.4128706248227854,0.5177304964539007
2818416.9392441525,0.2302717398023637,-0.09167499887128888,2.0854762823808355,0.6099290780141844
2316617.0127045796,0.18296214752351658,-0.08914371756122227,1.7436726312215216,0.5531914893617021
3534053.6149213626,0.2872254768940157,-0.06316722541479249,2.1122612537368846,0.6028368794326241
4119282.8878240692,0.32728541932016997,-0.08333076443488673,2.301984585830191,0.6099290780141844
1752609.9150426323,0.11876031580020485,-0.08672399749691255,1.2472082170992458,0.5035460992907801
3210580.3268160108,0.262748054392127,-0.05034095218363071,2.026372645246607,0.6028368794326241
3074736.438874615,0.251876765009861,-0.10587988051097458,1.810186646180817,0.5460992907801419
3261468.250829939,0.26672584351230455,-0.08849832633691529,2.086472186617198,0.574468085106383
2337118.3220447255,0.18504854125475556,-0.06991924596992227,1.7809539433734722,0.5815602836879432
3976015.161816337,0.31792169249164726,-0.04251949315009123,2.2386757535638693,0.5815602836879432
3914048.827255344,0.3137878701457215,-0.04398669118944877,2.4862763897725633,0.6382978723404256
3350081.9234058866,0.2735355879705885,-0.07891780554204898,2.211717156733657,0.5957446808510638
2656330.0926661496,0.2157839574076339,-0.05046399190778895,1.8067494542870015,0.5390070921985816
1948911.229676725,0.14276889706783558,-0.11621506565226741,1.2144666992202207,0.5177304964539007
2527574.8447707943,0.20376248608139624,-0.0873660443965206,1.6787562518300236,0.5177304964539007
3198431.4487981447,0.26179095358472315,-0.04506661084404408,2.3063158732473092,0.5957446808510638
2194743.908400078,0.17024493594076717,-0.11328889139922839,1.4995846826919832,0.524822695035461
2807707.8390814518,0.2293353862499361,-0.0775184399707321,1.975479213688262,0.5531914893617021
3011435.8577408707,0.24667922823720612,-0.06488605729197018,2.026136956296514,0.5673758865248227
2712429.3945260686,0.22087637102690594,-0.06345945495228293,1.6768438081112718,0.5460992907801419
2772293.4357287595,0.22621843017905108,-0.06633115967613809,1.9468739811102838,0.574468085106383
2044751.1625210203,0.15379351265519636,-0.06778219217842016,1.6161871541801984,0.5319148936170213
2474798.4340257384,0.19869299260054385,-0.058699160446346745,1.7019120552674896,0.5531914893617021
2932193.729239364,0.24004810247963881,-0.05763429337821491,1.8753858107698334,0.524822695035461
1287674.8412067972,0.05186799737940784,-0.13967648096263188,0.5929747206661161,0.48226950354609927
2566012.8054501065,0.2074016468253388,-0.07293324713292287,1.6737709551447828,0.5390070921985816
3033122.119562982,0.24846962132539474,-0.07433576861240616,2.219902930802702,0.5957446808510638
3111546.015957815,0.2548599124186146,-0.07115690445924709,1.9200732644134595,0.574468085106383
3486076.614277984,0.2837113631103505,-0.10253223450334584,2.3541253761633896,0.5886524822695035
3338616.6564149885,0.2726626866092987,-0.05564479562380739,2.1951256813141904,0.6382978723404256
2415964.6745397816,0.19293866775766166,-0.06939168824440205,1.619876844172339,0.5390070921985816
2453105.237839864,0.19658412270109027,-0.06830438441755492,1.614776980131407,0.5106382978723404
1912458.1336823937,0.1384616019993654,-0.1275560430533614,1.374522790904937,0.5673758865248227
3113831.409023857,0.2550441941833157,-0.08461226793574646,1.8628745562644011,0.5390070921985816
2203590.820008155,0.17118685911053655,-0.11501585716583447,1.4450604377100216,0.524822695035461
2524533.569470386,0.20347266389024088,-0.09858907703020134,1.7605686631615594,0.5531914893617021
3005015.5317558334,0.24614719488210635,-0.07040583947947353,1.8450971194799688,0.5673758865248227
2179456.282530659,0.16861009168018537,-0.12990560743055768,1.4486486429838397,0.5035460992907801
3004486.3406811105,0.24610330183572393,-0.06298614669447736,1.7904813008152933,0.5319148936170213
3492014.4279361363,0.2841483730620491,-0.06380210272774009,1.9746994350457034,0.5886524822695035
3821288.963766136,0.30750083836623854,-0.06247992920160631,2.1129185994473203,0.5602836879432624
3605595.3449715152,0.29239538006527366,-0.10080474591590283,2.063710417087027,0.6028368794326241
4548690.688794817,0.3538709857607669,-0.060569025270006675,2.492797125916168,0.6524822695035462
3005676.8528067376,0.2462020385811421,-0.047887369994062866,2.0072695948352584,0.5886524822695035
2410920.2839506036,0.19244009418538166,-0.08563626229840451,1.7635348879430535,0.5106382978723404
3239715.2239536955,0.26503158015841266,-0.06297362672539546,2.33864674746688,0.6382978723404256
2605571.359963844,0.21110164600012826,-0.08156337719770698,1.8339482804887972,0.5886524822695035
2109006.420538758,0.16095551882415093,-0.08291155614150032,1.2986432751396741,0.46099290780141844
2477818.724430374,0.1989854313563535,-0.06461975562893549,1.7925546637286325,0.5106382978723404
2227219.8081660955,0.17368786969746863,-0.08971305497304612,1.517069730324194,0.5319148936170213
1717125.6008666663,0.11419296664946677,-0.11714973579671353,1.152685428901343,0.5177304964539007
3733949.9737266744,0.301468613473475,-0.04620354572718215,2.330450100191329,0.624113475177305
2295200.2656969954,0.18076675554623045,-0.06782519210890425,1.5548045972123956,0.5390070921985816
2846993.129907894,0.2327564508950044,-0.1360680937911555,1.8747551982466846,0.5886524822695035
3425155.826750168,0.2791929784527507,-0.07138212641136295,2.085313786332747,0.574468085106383
2566927.5945720435,0.20748772281205663,-0.0903644874927837,1.770419016639671,0.574468085106383
3281754.7033748496,0.26829775369942355,-0.06917580663607702,2.1746609287638,0.5957446808510638
3174300.5604286576,0.259881239844586,-0.05505222860428742,1.9602266829285713,0.5602836879432624
2688104.784349976,0.2186787509168342,-0.0667892358276497,2.0109420820559487,0.5957446808510638
3719000.9056194,0.300424840794411,-0.030256067233234585,2.60134734110723,0.6453900709219859
2286768.8450158983,0.17989796841735628,-0.05749464271541307,1.5735503963283997,0.5602836879432624
2762449.593338766,0.22534638094709458,-0.12926195749498037,1.8611500128238463,0.574468085106383
2147377.3058154224,0.16514955008350785,-0.07860438175895325,1.497915208429995,0.5319148936170213
4097058.5777925807,0.3258501273415637,-0.053325153358399664,2.4374166775507438,0.6170212765957447
2760098.766200758,0.2251377575155573,-0.0649205419399525,1.85996361827212,0.5673758865248227
2299415.948776048,0.1812001892129369,-0.06742239463707736,1.6511931724953521,0.5531914893617021
3131571.8593795663,0.2564710204140812,-0.06444971766858736,1.9086990985832584,0.574468085106383
1885428.8409291245,0.13522521591596637,-0.1294583951289706,1.3383884280167038,0.524822695035461
2958162.8343983726,0.24223687050260523,-0.07137258888774467,2.038752784505935,0.5886524822695035
2932223.2193717607,0.24005059679201945,-0.11789618771369777,1.9569452684875348,0.5460992907801419
2595716.7423179904,0.2101841473865147,-0.04284120540020522,1.9472570740912405,0.5602836879432624
2016428.0036679774,0.1505792672601578,-0.12937569226208917,1.1562318801891838,0.4397163120567376
3694413.81964669,0.2987007999066693,-0.09864383303065252,2.0973238632453,0.574468085106383
2543304.2163648326,0.20525699931575114,-0.059322975321207505,1.7613696580831373,0.5390070921985816
2828813.9920217353,0.23117809025492408,-0.13705981316611607,1.6330423510262628,0.5177304964539007
2378777.4368335274,0.18924343346712513,-0.08735727389602636,1.7133400746268113,0.5886524822695035
2725805.7330072285,0.22207815245410467,-0.09305619102452752,2.0751469339349655,0.6099290780141844
2361368.960011968,0.18749768058477212,-0.06132761198141317,1.841662774338886,0.574468085106383
2285077.252672991,0.17972335547312213,-0.06770653139295377,1.7658897425948414,0.5815602836879432
3266703.2975882455,0.2671322319821974,-0.05465740139829548,2.0885540050829228,0.574468085106383
2549189.557095767,0.20581428942770152,-0.07525152571914498,1.7538806872123858,0.5177304964539007
3523503.979946566,0.2864560486694543,-0.050608703811383916,2.2557542940567012,0.6028368794326241
2392465.8612920293,0.19060896918194525,-0.056484783044617314,1.7712773933869976,0.524822695035461
2734232.082130409,0.22283278784517857,-0.053554636871474555,1.7711912784943973,0.5390070921985816
1421210.5083870878,0.07283190860075694,-0.12837948989391154,0.7433884849867338,0.44680851063829785
3200393.798454749,0.26194574618504696,-0.05245308713688786,2.2388646631248954,0.6170212765957447
3683839.006720202,0.29795647239214995,-0.06949088130599847,2.0922663799993786,0.5460992907801419
3306996.69576935,0.27024283006313055,-0.056592509511766205,2.2345358323953395,0.5815602836879432
2756887.960375391,0.22485258575391498,-0.08504597193144889,1.719270949739294,0.5602836879432624
3748385.0845721504,0.3024733328586853,-0.0794365819065074,2.0005042797182857,0.5957446808510638
3549457.5242517875,0.288345653694118,-0.03688523671726065,2.1783158481922857,0.5957446808510638
3844451.359000594,0.3090820686706359,-0.04257027201851084,2.5721481465017546,0.6524822695035462
2613520.899158753,0.21183975450535342,-0.10677698922046264,1.667706974584351,0.5602836879432624
4852448.406067791,0.3714885470856393,-0.05420495505549777,2.511685964899079,0.6312056737588653
1924527.2290048609,0.13989490373533497,-0.09036322652355532,1.320015425456364,0.5460992907801419
2495692.846561695,0.20071027428825228,-0.0754667771396695,1.5367595397077056,0.48936170212765956
3701605.9980266024,0.29920606126817506,-0.0526024217907077,2.2940070669173354,0.6028368794326241
2119677.934464773,0.16212802861059616,-0.07316126705738395,1.2764736863891515,0.524822695035461
2118662.003304346,0.16201660899646586,-0.1416731296273977,1.370420477204218,0.48226950354609927
1585086.789237437,0.09650498208358815,-0.10351275435211932,0.9457997747016141,0.46808510638297873
2541112.347743812,0.20504918491896262,-0.0815319176615348,1.644645449020681,0.5319148936170213
1207046.1825072737,0.03835241511676668,-0.20250348541372162,0.4419097270177725,0.425531914893617
3137654.315154548,0.25695873068274655,-0.08273918433037467,2.0027352426736247,0.6099290780141844
2444511.577645578,0.19574457640978404,-0.07249476172151217,1.7839187398538343,0.5957446808510638
3325259.0068738596,0.27164268008970804,-0.08099448668901328,1.8785555619882226,0.5319148936170213
2208260.3004129445,0.1716827955130229,-0.08627815910506215,1.4867914454604312,0.5390070921985816
2160784.3255087263,0.1666008382632298,-0.08430117418471862,1.5518732059352476,0.5390070921985816
2377275.9200475346,0.18909326220884726,-0.06089125732564602,1.6418425742748972,0.5319148936170213
2179123.412684048,0.16857439297570997,-0.09079310409303416,1.3988865117549767,0.5106382978723404
2400461.8797466382,0.19140374997790377,-0.1684727185328924,1.6708836884002987,0.5531914893617021
2235034.046652476,0.17451029706678467,-0.05799885416814714,1.7663981331858516,0.5531914893617021
2265743.9454693757,0.17772031277385358,-0.057795026156932224,1.8046515100034144,0.5673758865248227
2144755.222254703,0.16486486673842182,-0.06338119456568361,1.4144887648030051,0.5106382978723404
2508881.448428733,0.20197664180333175,-0.05872430373230025,1.6141294252718343,0.49645390070921985
3120825.4354606518,0.25560748328534677,-0.04777301192190886,2.353868611897054,0.6382978723404256
2505708.8297124337,0.20167249479262894,-0.08491204778945174,1.8710574807857987,0.6028368794326241
1771714.5041427747,0.12118879312751174,-0.09443048390074082,1.172430203561005,0.5390070921985816
2093970.9990565123,0.15929545308085635,-0.1520964848455769,1.3487178626798388,0.5460992907801419
2788286.71244553,0.22762998003497814,-0.05145247456008955,1.9153769311456748,0.5673758865248227
3078856.4339542123,0.25221207595410955,-0.04004190714650723,2.150090792632331,0.6312056737588653
1938322.4698385394,0.14152441872549004,-0.07642303127462759,1.3587201385970826,0.49645390070921985
1789907.1262321002,0.12348195010720509,-0.0779353725501849,1.0484690277117448,0.4326241134751773
2203614.712694913,0.17118939884515005,-0.08743322552069428,1.5456793554530837,0.524822695035461
2139360.1661054124,0.1642782408853256,-0.09164241059050866,1.6199661017513602,0.5390070921985816
2142236.530509479,0.1645911464880545,-0.10937098145704766,1.4873869927607482,0.5177304964539007
2498591.0397988367,0.20098901652841095,-0.10351282769685366,1.8539901741374203,0.5815602836879432
2748518.4491193714,0.22410798611110416,-0.06978652685667062,2.015173665058171,0.6312056737588653
2582202.442233903,0.20892137799576438,-0.04729499416381001,1.853047596812323,0.524822695035461
2332384.255614443,0.1845680649756949,-0.05903114702994718,1.4519836218423907,0.5035460992907801
2640941.7189126816,0.21437205138285798,-0.09650659195260437,1.7156990693029823,0.5886524822695035
2537618.6730573894,0.20471764766591405,-0.06434227521870418,1.822317706994542,0.5460992907801419
2900484.52415637,0.23735441001440316,-0.08982676752531972,1.781369173917934,0.5106382978723404
2944971.338896277,0.24112697415350803,-0.1359885242567693,1.8764202498863976,0.524822695035461
3028396.4934663884,0.24808035372559623,-0.055313374485332224,2.1513700885307507,0.6028368794326241
2789234.502277125,0.22771342748220902,-0.06231194755905781,1.9510398571359833,0.5531914893617021
2105554.9220707454,0.16057527703604313,-0.12406492972050188,1.516658278914314,0.5035460992907801
3464484.768355026,0.28211721428288117,-0.04803513314491855,2.3703104094540435,0.6170212765957447
2219839.7083116686,0.17290901191502295,-0.07718902037285315,1.6432613473914157,0.5460992907801419
2214061.4173421715,0.1722977536097272,-0.09502590310640917,1.4927614448739193,0.5106382978723404
2482796.518664474,0.1994667831591479,-0.10568244727185036,1.6593909330880396,0.5106382978723404
2638399.620082155,0.2141381770006907,-0.06631173181671374,2.003012590895963,0.574468085106383
2591096.905750637,0.20975306510665392,-0.13184276595691724,1.6351209722586877,0.5106382978723404
2088070.926325832,0.15864141827772715,-0.1664932857977631,1.5834572548039754,0.5319148936170213
2309160.843007056,0.18219967845783436,-0.09594409467527329,1.6363471066428215,0.5390070921985816
4309296.039602389,0.3393104765389896,-0.08039983527692333,2.188453688101592,0.5602836879432624
2045433.690149258,0.15387052846428673,-0.0825919678824284,1.3469057670454316,0.49645390070921985
4576549.643297014,0.3555253240774767,-0.06422572011989595,2.402230330053643,0.624113475177305
2012965.7610963818,0.15018388262059656,-0.09919212615315799,1.2754847413709822,0.49645390070921985
2730983.2370120483,0.2225420529134905,-0.07996830812840156,1.8666903204491323,0.5815602836879432
2118056.780795177,0.16195021247067443,-0.10223348031801457,1.3590948668358467,0.48936170212765956
2703698.397754377,0.2200893850961294,-0.05933969945044598,1.7205430247518694,0.5460992907801419
2555817.4169333586,0.20644065865280137,-0.0670217292096307,1.5865528600619716,0.524822695035461
2681385.2841347153,0.21806887049380408,-0.09912753258160391,1.825618175704512,0.574468085106383
1640918.380901777,0.10412284542142891,-0.09467692487129846,1.0574061873216627,0.46808510638297873
2506915.482663032,0.20178820835192024,-0.0738271957439422,1.7956352855882047,0.5460992907801419
2257992.994079308,0.17691342815361577,-0.08240384003041179,1.7414209069258024,0.5460992907801419
2623618.5990350186,0.21277473279043657,-0.05259583371977022,1.8160301788093567,0.5531914893617021
2953541.4901772514,0.24184849465829128,-0.04810552829741421,2.061341735032943,0.6099290780141844
3171147.6314918725,0.25963086058073115,-0.051746120727986254,1.9124699699199215,0.5815602836879432
3841234.2513627824,0.3088629025048224,-0.05794015727058198,2.3997626095027575,0.6099290780141844
2747702.7124632904,0.22403531653734876,-0.06135772328714661,2.022054211073525,0.5815602836879432
2171877.584332225,0.16779622925980586,-0.10193067981369042,1.5479753581414346,0.5673758865248227
2828045.8383175507,0.231111218643419,-0.05326776903060526,1.983540018355801,0.5602836879432624
2289654.341744358,0.18019558263740798,-0.10402525886924421,1.6034132248090869,0.5460992907801419
3067047.6400658023,0.25125004001264695,-0.10239124489359011,2.1547563933541936,0.5957446808510638
3045408.453468408,0.24947942709482884,-0.05782808625575674,2.031043824323794,0.5886524822695035
3116045.923370541,0.2552226574783434,-0.05988185335353086,2.205956573828253,0.6170212765957447
2110962.2286031335,0.1611707637228541,-0.10185042960923414,1.2629177562364233,0.475177304964539
2610673.730804553,0.21157560385010687,-0.07321619341004577,1.8250071095165192,0.5673758865248227
3593418.489953678,0.2915212601418,-0.05996462045537617,2.0287393424165368,0.5602836879432624
2257318.1361117205,0.17684306970911878,-0.07674834385186333,1.5806767103300812,0.524822695035461
2267725.626074323,0.17792625391121297,-0.08319118845534174,1.3842225901210703,0.49645390070921985
2602944.643096123,0.21085736140575606,-0.07243848636084199,1.8705672701056588,0.5673758865248227
4722651.251222555,0.3640716256735519,-0.06233246759734904,2.5500711703600922,0.6312056737588653
2778360.988039096,0.22675471103550393,-0.07327437407135817,1.886297475798191,0.5460992907801419
1976505.2117265977,0.1459867406583637,-0.0675176400846823,1.3309137731104816,0.5035460992907801
4118267.6316119973,0.3272199871723329,-0.09165147126358962,2.2746211936921337,0.6028368794326241
3213178.238451002,0.2629523443488291,-0.059959217586597724,2.3186140989782724,0.5886524822695035
3173493.00842525,0.25981712977374527,-0.06263419854890821,2.2863136733697718,0.6099290780141844
2840506.2104849177,0.23219416713055763,-0.07671935897973038,1.9213584322256707,0.5390070921985816
2907903.17279562,0.23798672647460695,-0.0957478069938212,1.977082606898741,0.5957446808510638
3734749.5390180675,0.3015243464114128,-0.053644797752876665,2.631644625008181,0.6312056737588653
2494755.111707667,0.20062002943784552,-0.06520554421800216,1.786178005100691,0.5602836879432624
2812249.347797012,0.22973282280206475,-0.048896296425976045,1.8458415752873865,0.524822695035461
3035353.1805268256,0.24865323362631297,-0.07956941799207333,2.113896037681349,0.6170212765957447
1654571.6637068682,0.10595413432591427,-0.060185256486352395,1.1342098841050383,0.5177304964539007
2662345.334357413,0.21633408625242256,-0.08909522492748702,1.8707198187906946,0.6099290780141844
1946968.9232893453,0.14254102699784243,-0.09589035901883561,1.4455033496597363,0.5106382978723404
3755211.70152772,0.30294740454991076,-0.05878223383534382,2.3247123502125224,0.6028368794326241
1934483.0532094052,0.14107183515428456,-0.08881177897538767,1.4771830225128384,0.5673758865248227
4205308.499966475,0.3327833917135661,-0.05554227331932451,2.6116189140475536,0.6312056737588653
3293070.3929149806,0.2691711834106527,-0.09396454532085968,2.0930251124382777,0.6028368794326241
2777713.2355311774,0.2266975041023933,-0.05499963767724555,1.7579276570102929,0.5177304964539007
2336121.6172034657,0.18494744708709288,-0.0927902493315571,1.7255436392472192,0.5460992907801419
2893376.006504994,0.23674731206507227,-0.07824955106271457,1.8945533559693362,0.5815602836879432
2568524.856768378,0.20763795647122807,-0.04548471223890069,1.8882965956411044,0.5815602836879432
2199057.519337139,0.17070458113504894,-0.07299555519657261,1.466987627403397,0.524822695035461
2237168.3914523562,0.1747345310507058,-0.07044168225021182,1.5482193924464946,0.5673758865248227
3725253.076423488,0.3008617869818331,-0.05131392496252451,2.378176092537969,0.574468085106383
4157108.6898229094,0.32971410599590056,-0.07132971162996998,2.448642605101823,0.624113475177305
2149587.8816438634,0.16538933947662904,-0.0663016570604549,1.5016717411739426,0.475177304964539
3315298.8052952415,0.27087997138136855,-0.07146794823081515,2.1904391735759843,0.5886524822695035
2924529.5260421033,0.23939917312708614,-0.09997557322291149,2.107918414553649,0.5957446808510638
3526431.674361834,0.28666976200957084,-0.0834978059742537,1.92216759517564,0.5673758865248227
2797715.2835254897,0.22845910367772815,-0.06828879725672268,2.0007969904501772,0.5602836879432624
3324844.092871805,0.27161094429478805,-0.10575378255383916,2.220869433549482,0.5460992907801419
3392881.1946856296,0.2767731189936711,-0.058096685989879146,2.480390244823493,0.6453900709219859
2717877.9544131192,0.2213664615416313,-0.08609294636713913,2.052006516434544,0.5460992907801419
2335530.2446425967,0.184887448808974,-0.08751045059099173,1.7355472279176936,0.574468085106383
2008516.3114423498,0.1496749602901235,-0.06772631551956111,1.3812945607560771,0.48226950354609927
2140888.210823705,0.1644445112665538,-0.06076400993720592,1.5647805123289238,0.524822695035461
2342430.871392439,0.18558680346454648,-0.07058306162262527,1.4109391931812008,0.5177304964539007
1877298.796595948,0.13424449561360174,-0.09354549205513173,1.2844388966280302,0.49645390070921985
2764364.9372786283,0.2255162525809975,-0.05691596822860656,1.8767768966476606,0.5460992907801419
3894814.4305452965,0.312494082679885,-0.05350171849191296,2.2028491717675873,0.5957446808510638
1847460.3922981732,0.1306157400459007,-0.15275517300254615,1.4105847524197206,0.5390070921985816
3240785.3667842657,0.265115142172208,-0.06007675321350027,1.9016565602824664,0.5390070921985816
2038484.2881358191,0.15308540108796898,-0.08302390808654035,1.4207076759441966,0.5106382978723404
3049324.4514942933,0.24980059545708566,-0.04084608549206762,2.0956229533115525,0.5815602836879432
2560041.1634279573,0.20683914833692874,-0.043311426895345805,2.0328256668346283,0.5815602836879432
2757931.944967988,0.22494533769723457,-0.06390355308117046,2.0199302467882845,0.574468085106383
2673746.6233478896,0.21737407772375938,-0.07357059164674828,1.6420093067700763,0.5319148936170213
3808522.3069707784,0.306626014885776,-0.09519473646578272,2.1664758052161255,0.5886524822695035
4193617.5289198174,0.3320415251902258,-0.04278136349057381,2.395645256103862,0.624113475177305
3065788.83424077,0.251147313242726,-0.06423975155793017,2.059345814564021,0.5957446808510638
3260127.7528784503,0.26662169884480535,-0.05588172496869631,2.1371211460637975,0.5957446808510638
3159530.335816399,0.25870658983279804,-0.05435521643945683,1.9717152960242035,0.5460992907801419
2329259.2781105787,0.18425047287958218,-0.08688731851505321,1.549609694882338,0.5460992907801419
2263829.6946403747,0.17752124223366317,-0.0752652128777089,1.8416081092938084,0.5319148936170213
2419636.4281583256,0.19330105025157573,-0.07081754249274362,1.6510873472355458,0.5390070921985816
2509484.257175332,0.20203439601943396,-0.05701600803342966,1.9245040145619088,0.5957446808510638
2832613.7622770737,0.2315086657082739,-0.058997261132598705,2.0159519030128177,0.5531914893617021
2005449.446858886,0.14932365092876587,-0.06169916508910482,1.4509943943049812,0.5673758865248227
2461991.9357906342,0.1974498259858819,-0.11667812758503601,1.685207668256736,0.5460992907801419
3633930.7575621386,0.29442034272410633,-0.09798650751893717,2.194619482814769,0.5815602836879432
1725651.4718973816,0.11529721375258273,-0.06521817186906859,1.228279912056795,0.5035460992907801
2456073.6504211654,0.1968735711373426,-0.07609343034062598,1.5011536188639274,0.5177304964539007
3314507.2288562553,0.27081927732066524,-0.06665864945140085,2.080169536357603,0.5673758865248227
3083909.0221012845,0.25262279746555616,-0.044778223832148,2.102098047602407,0.5673758865248227
2760792.358656072,0.22519932494311634,-0.07151368803600788,1.9207519727579327,0.5886524822695035
2540488.194520043,0.2049899817718419,-0.057405484579850265,1.8299988430738188,0.5673758865248227
2502309.150028864,0.20134623816961095,-0.05297058553668894,1.6862626520834343,0.5390070921985816
1899745.6579062024,0.13694404713038089,-0.11510445118982195,1.3381069343950396,0.5106382978723404
2011456.7790332604,0.15001138813092574,-0.09931919215517983,1.4202312586560426,0.5177304964539007
2440043.609677638,0.19530715089290784,-0.10575429354440509,1.6131825753449338,0.524822695035461
3721604.4320516773,0.30060686509903345,-0.07984864630721972,2.1301355096822387,0.5673758865248227
3864142.908205518,0.3104203715340792,-0.05573698182007955,2.216029398534932,0.574468085106383
5226006.4391443245,0.3919831818665138,-0.06732129662244604,2.3898001354153244,0.5886524822695035
3275619.921240849,0.2678232176275066,-0.06322544382766498,2.17784002368799,0.6028368794326241
2589519.116887311,0.2096056989474584,-0.056696041842889795,1.9118733944739943,0.574468085106383
1982558.3376105593,0.14668780836614093,-0.1091825792858468,1.4106096711414764,0.475177304964539
3569904.8132156204,0.2898265945315417,-0.09292697356306917,2.31768271181965,0.6312056737588653
2571759.43511783,0.20794196236090978,-0.04920971464696432,1.7866245093635633,0.524822695035461
2237962.565396092,0.17481792317376899,-0.05633051121868923,1.4924300866757074,0.5035460992907801
3534005.0758800698,0.28722194095253606,-0.04480983128803121,2.498346343171152,0.6382978723404256
4101233.198756904,0.3261202073088578,-0.04897121358322596,2.2966661448554593,0.5815602836879432
2507099.272055935,0.20180582916521028,-0.0789172544756127,2.050906003106557,0.6170212765957447
2872386.224475222,0.23494770404892074,-0.05778451039206547,1.9524300896881668,0.5886524822695035
2480730.9686665316,0.1992671386468743,-0.06904432248609196,1.5581978085293418,0.5106382978723404
3222714.5632450413,0.2637011139660841,-0.05942259366433276,2.0240738410802854,0.5815602836879432
2324899.668487473,0.1838068349014117,-0.08600238137703868,1.8805010890133316,0.5815602836879432
2743632.528892604,0.22367246774655403,-0.12710808080819969,1.9737323347621814,0.5602836879432624
2789366.6888095224,0.22772506394406178,-0.05703345061443286,2.018100181419522,0.5886524822695035
2557016.9738751715,0.2065538844756818,-0.07471314849892448,1.7498593291492142,0.5531914893617021
1485241.385110789,0.08232928231405134,-0.10091563901713818,0.8271553031344394,0.46808510638297873
2935832.018327635,0.24035568215029768,-0.08881146313224998,1.9646373469503333,0.574468085106383
2405658.0138316015,0.1919190958278183,-0.07834500986571973,1.4221551660612612,0.5106382978723404
2636873.754562389,0.21399771000823886,-0.12231995323236947,1.8224164317427078,0.5602836879432624
4164825.3241839996,0.33020739631220075,-0.04319319250692943,2.55176083766364,0.6453900709219859
3285872.071313459,0.2686158414462374,-0.03790862384102202,2.3709888665064995,0.624113475177305
3086968.883815652,0.2528712699225535,-0.044554429314729325,2.15648059740613,0.5886524822695035
4006237.309884797,0.31991916332861225,-0.03866196714692168,2.3828517013209893,0.624113475177305
2437903.5578618357,0.19509740733666514,-0.082970029546833,1.558300288125376,0.5106382978723404
2928914.084340436,0.23977058069474455,-0.03877596940819621,2.1938894163736933,0.5886524822695035
3496244.096221913,0.28445930488204496,-0.06489181084406265,2.1461391650703647,0.5957446808510638
3598576.517655506,0.2918918198658025,-0.06704114570553074,2.1790885585864506,0.624113475177305
3160363.616168233,0.25877297595528415,-0.0996575075493482,1.782540796629096,0.5319148936170213
3032837.214103068,0.2484461663398856,-0.06531243810820539,2.4586012282039493,0.5957446808510638
3013844.346939266,0.24687857854611384,-0.10279532882227733,2.0117412841566322,0.5886524822695035
2089000.930539299,0.15874460916731636,-0.08627110262125208,1.5813978679195715,0.524822695035461
5219999.769047591,0.3916630509758634,-0.06716533245746381,2.921963266125193,0.6666666666666666
1994815.3520578472,0.1481021768250812,-0.04873033155607163,1.5095057783407202,0.5460992907801419
2500642.5266499077,0.2011861679919329,-0.052160027198288134,1.6793763503175052,0.5602836879432624
2995725.3285355796,0.24537573107114308,-0.09007669978501937,1.8860226221250638,0.5319148936170213
2383752.9309754553,0.18974050640426054,-0.0887476871037435,1.6421954325733121,0.5177304964539007
3500518.2035415657,0.28477319797393963,-0.04846574282395449,2.1433769128408415,0.5602836879432624
1595640.9565844855,0.09796130578636486,-0.09660952896328724,0.9673540392474695,0.48226950354609927
3011640.373080987,0.2466961608974081,-0.07125878655348916,2.0010129602403075,0.574468085106383
2982418.529562118,0.2442673859464204,-0.044474778603495704,1.9681613320153466,0.5460992907801419
3129721.224033228,0.2563224803429298,-0.07533220996580592,2.0078514704021977,0.574468085106383
2482950.1876268405,0.19948163063065372,-0.1402949054242748,1.5072086979857315,0.49645390070921985
2657373.8422515127,0.21587948579133776,-0.051326365950377026,1.8865946943210994,0.574468085106383
2885777.4741536044,0.23609704387973718,-0.11126300650661052,1.6261714353635601,0.5177304964539007
3229119.2556140875,0.26420300083278914,-0.03387274099669102,2.200060429386338,0.6312056737588653
2154405.2230387754,0.16591121183464108,-0.0942254882452654,1.4069947145806738,0.5035460992907801
2249782.056966125,0.1760562377991639,-0.07922061306286683,1.5658901435791288,0.49645390070921985
3459225.189376244,0.2817276905351025,-0.058254435374297,2.4482396118328857,0.6595744680851063
4419124.160634587,0.3460687464548413,-0.10151023886444024,2.130708628518931,0.574468085106383
3325360.013585805,0.27165040537576957,-0.06535526239510606,2.0190841200211884,0.5673758865248227
3134748.1444828706,0.25672579930413253,-0.07393174165881011,2.1079876157897255,0.574468085106383
3471287.0277175647,0.2826202877855486,-0.06871459821116659,2.529805929034979,0.6382978723404256
2278301.4284817437,0.17902288933787247,-0.05743870339320413,1.45949669717293,0.48226950354609927
2623290.952933311,0.21274444021936123,-0.06033219099030178,1.843147184725676,0.5886524822695035
2829013.5261882436,0.23119545832251753,-0.1311607501752864,2.018500957622777,0.6099290780141844
3003241.70519594,0.24600004282418442,-0.08128497420053259,1.9021813144601531,0.6028368794326241
1734986.4394810463,0.11650125852326809,-0.09622395890085449,1.2750607711914288,0.524822695035461
2434068.9781643017,0.19472121671878173,-0.07492119590043668,1.8439367966351246,0.5390070921985816
3606317.1897710166,0.2924471237633819,-0.06994214795009863,2.1577726396563484,0.6028368794326241
1866103.9947933687,0.13288850062176039,-0.05816015496065139,1.2441909334097982,0.49645390070921985
3294568.7683062437,0.26928665915948935,-0.04729047347092106,2.2535267146147335,0.6099290780141844
2285698.38541524,0.1797874832957218,-0.0736129285491666,1.6884592172717354,0.5319148936170213
3569061.812490074,0.2897656726004971,-0.06721946439185647,2.1982759726991055,0.5957446808510638
4619291.728529514,0.35804786821036383,-0.05059259995766303,2.843022394263809,0.6737588652482269
2626931.782604788,0.21308088378076562,-0.08386054936609269,1.8172212361958406,0.5460992907801419
2817213.710825082,0.23016667722272555,-0.06230128442495474,2.2566255108876163,0.6099290780141844
3120895.931384665,0.2556131557852537,-0.043502561432525295,2.1486708542652693,0.6170212765957447
2524117.444292495,0.2034329869927256,-0.07782489363900465,1.6693030013916772,0.5602836879432624
2345304.8760688514,0.18587758779785335,-0.06780309132116687,1.5384259349321054,0.524822695035461
2962995.252759431,0.24264246612812235,-0.06202948916259154,2.077620395705517,0.5957446808510638
3248228.9674387234,0.2656957651355121,-0.14882100780295004,2.016834024607347,0.6028368794326241
3224963.422523447,0.2638774307330183,-0.05475847830515577,2.0840618762276635,0.5602836879432624
2928781.866660652,0.23975938729371737,-0.07747071944033498,1.7551816778523353,0.5531914893617021
3791639.7859205757,0.305465545941739,-0.05278125012309166,2.6742582892064863,0.6028368794326241
2692882.522581736,0.21911165018510093,-0.06237717807016806,1.9941325250286848,0.574468085106383
2107614.6977974107,0.16080225662117154,-0.10574964006806246,1.255650482690268,0.49645390070921985
2638292.676662491,0.21412833420107336,-0.0805615076817435,1.871497336117154,0.5531914893617021
2760493.523119595,0.22517280002537432,-0.05980906883705326,2.0210444612512664,0.5815602836879432
2599377.0131679624,0.21052525589733717,-0.05168122842844941,1.813784092895145,0.5460992907801419
3221802.2875882625,0.26362956097554857,-0.05429121739416708,1.954447778388492,0.5886524822695035
2353387.4342338927,0.18669383467737743,-0.06468899895782516,1.4991392838177577,0.5035460992907801
2001955.026353148,0.14892284079464058,-0.1054241395032653,1.2386456698132917,0.475177304964539
2034417.746238724,0.15262497897248517,-0.0885528003803374,1.365126858264839,0.49645390070921985
3215927.2763429703,0.26316837446269226,-0.05126601555995749,2.3648243775584383,0.6382978723404256
2584201.429505707,0.2091084950423836,-0.07195676265329404,1.8118783547417203,0.5673758865248227
2189975.3060106277,0.16973596639449484,-0.06846669366814742,1.5464655311312234,0.5390070921985816
1489232.3468523575,0.08291031910694024,-0.09478322923400345,0.9246437986739697,0.44680851063829785
3385554.9543777443,0.27622125549971366,-0.05631247227311572,2.322992823476621,0.5957446808510638
3472746.274008076,0.28272810625409894,-0.10621034236997307,2.199259728527886,0.6453900709219859
2283427.764601409,0.17955298909131656,-0.11297370186889084,1.4375427819587339,0.5035460992907801
2390748.874889396,0.1904380286863403,-0.09164172794864432,1.7254193294886089,0.5815602836879432
3352243.7071094112,0.27369990622867624,-0.11603676748669335,1.9998332836247223,0.5319148936170213
3156249.4654369564,0.25844507187933874,-0.0715491472727126,1.9804539214572696,0.5673758865248227
4375461.357390005,0.3433982262065396,-0.0610664434621675,2.212217779992498,0.624113475177305
3502956.830082899,0.28495215486783665,-0.05135365316740256,2.230725186280662,0.6099290780141844
2388475.1130049448,0.19021150527683495,-0.0666094106064571,1.601846442841119,0.574468085106383
2585361.4360206737,0.20921702543372356,-0.060109654801494355,1.891409722354249,0.5815602836879432
2087490.9770773407,0.1585770499771899,-0.07007553575946925,1.5030752682599722,0.524822695035461
3020724.169202,0.24744731932465425,-0.07788538305386769,1.850479984567334,0.5390070921985816
2721245.1796324733,0.22166894601356701,-0.06693997050178964,1.893066975320647,0.574468085106383
2056208.316960185,0.1550836121064585,-0.06427507211626969,1.5540935929141237,0.5531914893617021
2786656.4232834573,0.22748638934281473,-0.0783572258519652,1.6805112206181119,0.5602836879432624
2799789.650503662,0.22864121796090742,-0.1260964258792597,1.714616376714963,0.5319148936170213
1955452.9066150712,0.1435350282264818,-0.08490772245312822,1.4414408954815858,0.5106382978723404
4505886.22495722,0.3513132783998736,-0.05961264169799144,2.4340414867302513,0.6312056737588653
2248167.5707697584,0.17588739728273817,-0.08444661745027865,1.674561874072718,0.5673758865248227
1707412.3326691794,0.11292957318445929,-0.1048240393344904,1.0241835873411815,0.45390070921985815
4085925.9784993976,0.3251288182980794,-0.08611770099172952,2.106930143985609,0.5957446808510638
3521909.4837128865,0.28633959523339625,-0.05625727096723777,2.057811765600766,0.6099290780141844
3108024.451018446,0.2545757403341964,-0.07069015098132658,2.1190183894112065,0.5886524822695035
1937330.3760758436,0.14140754124983967,-0.12923139742162584,1.5236533946525648,0.5319148936170213
4606072.372149634,0.35726969243947826,-0.07131518575062233,2.589267579142412,0.6524822695035462
2298446.461327745,0.1811005680950506,-0.0799982848414874,1.4593628035184556,0.5319148936170213
3218861.2421708177,0.26339877402119316,-0.06534787058563332,2.0035408382351605,0.5602836879432624
3291221.115029681,0.2690286065866183,-0.03429199493336801,2.197061116469802,0.6170212765957447
3182779.960901428,0.26055361731771476,-0.05151668055614151,2.109100816103681,0.5886524822695035
3794971.975752304,0.30569492061296577,-0.06442267743210481,2.5203408247756593,0.6524822695035462
5355441.323236776,0.3988110457437264,-0.0490580349575441,2.684308332439166,0.6737588652482269
3035961.095776372,0.2487032452390492,-0.0636623569793341,1.940528851996075,0.5460992907801419
2735574.175641862,0.22295280939215867,-0.08309081977225242,2.053145293471833,0.6028368794326241
3439719.228219087,0.2802789318127361,-0.058190038882093315,2.1861470358053188,0.6170212765957447
3621359.0899973675,0.2935234853572608,-0.08813534512562823,2.167662628048245,0.5815602836879432
3256713.3707753182,0.26635627713927557,-0.055749201391670875,2.0945528011588097,0.5815602836879432
3202086.900523864,0.26207923919257925,-0.05130379387639636,2.0696656873921353,0.5957446808510638
2124334.5509557175,0.16263818492588644,-0.08825907036613038,1.4352554930273103,0.5177304964539007
2632669.402016506,0.21361033213398173,-0.05162612450367502,2.1936406214694153,0.6453900709219859
4228516.072383891,0.3342511848249683,-0.05884881043851713,2.441994818143273,0.6028368794326241
2653262.625073411,0.21550303586605768,-0.1726054618966466,1.6772934149254608,0.5106382978723404
2614471.91423546,0.2119279351789698,-0.044892155075801646,2.072639261629408,0.5815602836879432
2840611.244283358,0.23220327959925013,-0.07776840749442741,1.7053965752823599,0.5390070921985816
2947377.7204377283,0.24132973669405366,-0.039939969479786085,1.9505186377904602,0.5957446808510638
3239045.221345148,0.2649792518194598,-0.05201053443519183,1.9768923929515496,0.5531914893617021
2339814.1545871454,0.1853218025097183,-0.12238689140838874,1.4751114824689164,0.5460992907801419
2049061.58224979,0.15427955184762387,-0.15689717768460398,1.358663588635939,0.5177304964539007
2590669.351814686,0.20971313847742845,-0.0799258568677527,1.6037784343738857,0.5177304964539007
3112617.7046872387,0.2549463410930892,-0.04960079970349495,2.1177499649332754,0.6170212765957447
2764929.5669894936,0.22556631155481588,-0.08102578637596444,1.659384921461213,0.5390070921985816
2641522.5311749177,0.21442546112938632,-0.08561837846060336,1.840922890383697,0.5673758865248227
2569750.9572641677,0.2077532290837263,-0.11521926814099823,1.7832857020036779,0.5390070921985816
3285996.271104824,0.2686254315603531,-0.05744229562303597,1.9903431505894182,0.5815602836879432
2670830.19522634,0.21710838807078225,-0.06865926445607785,1.7035142592565526,0.524822695035461
1854064.2649734446,0.13142287935349328,-0.06725033076849214,1.3891106049787132,0.5531914893617021
4012604.660769048,0.3203384620298202,-0.06875570591372136,2.212125824178291,0.5886524822695035
2052118.364605041,0.15462373650559802,-0.09563677272563607,1.5222001307394684,0.5106382978723404
3455566.0191924544,0.2814564132859181,-0.05612537145009,2.331755285529148,0.6312056737588653
3426336.685379561,0.27928116934835123,-0.04684423741185814,2.0702027224613655,0.6028368794326241
3123442.420346062,0.25581799196405,-0.0469909291947513,2.4381384145277862,0.5957446808510638
3398822.584320511,0.27721996627247236,-0.049873916892376434,2.0603720954333364,0.5602836879432624
2056817.4630781543,0.1551520420733723,-0.17813109811694028,1.286316976923753,0.48226950354609927
3597997.425775951,0.2918502383004742,-0.0384236461589512,2.3774809522724767,0.5886524822695035
2176421.9108369285,0.1682845082909472,-0.08636233964474442,1.7031616296760679,0.5602836879432624
1768221.8965269255,0.12074640086473498,-0.09052199990079858,1.2598519782536666,0.48936170212765956
3647556.8607102637,0.29538962425390536,-0.06727540202627155,2.301005267702364,0.6099290780141844
1832414.4943807255,0.12876814238802847,-0.07125606968116285,1.30856698828846,0.5390070921985816
2858357.7410953883,0.23373906524285304,-0.06789462011357073,2.0549018579602905,0.5673758865248227
2530352.8832139987,0.20402697907943024,-0.054262758109442887,1.598922203109578,0.5390070921985816
3579565.38046499,0.2905239235250372,-0.0652755011741263,2.193377394336698,0.6028368794326241
2582604.8523888094,0.20895905528307024,-0.07242633173796627,1.7974258820938855,0.5602836879432624
3252712.5925540086,0.26604498772267093,-0.07120065141677914,2.0731490362723837,0.5815602836879432
2158014.721667367,0.16630162469007503,-0.07820527443978319,1.5041840562466873,0.5035460992907801
1847340.1316456161,0.13060102014957686,-0.07072838578499956,1.2026189192594692,0.475177304964539
2531253.9408721277,0.20411271757366478,-0.04701435191620526,1.8749428357079998,0.5957446808510638
2177470.2557697734,0.16839703511556348,-0.0774986120475152,1.5199268708880147,0.5319148936170213
2638790.822932843,0.21417417959442653,-0.08234784720160247,1.7455438615886563,0.5815602836879432
3737937.8897863883,0.3017464924905031,-0.09476081696785207,2.3569085976384194,0.6028368794326241
2568003.939980359,0.20758896882582833,-0.08550838332167787,1.6924296790715538,0.524822695035461
2024742.254003449,0.1515265329593043,-0.08628871240923967,1.5363076197143521,0.5602836879432624
4505297.786330909,0.35127798205948224,-0.07338504229055906,2.5838782556987616,0.6524822695035462
2558913.498453148,0.20673281019627865,-0.05892544332703823,1.8147530239446505,0.5531914893617021
4222478.9186503645,0.33386997858142564,-0.05790580885549454,2.3513800263099713,0.5886524822695035
2351906.687383357,0.18654446398314017,-0.13000359890533253,1.5950373930389703,0.5531914893617021
4510555.954868748,0.3515932523476095,-0.04631204957505359,2.3791946382045768,0.5886524822695035
3835212.7673176024,0.30845229262883533,-0.04407052152430028,2.3618730408161883,0.5957446808510638
2865151.553062779,0.23432498446742178,-0.059000562955961865,1.7561703089029905,0.5319148936170213
3899335.8872552672,0.3127986739013564,-0.05681348504960523,2.5787405932703282,0.6312056737588653
3229203.972145737,0.26420963408236386,-0.05166558643708797,2.0230331410647064,0.574468085106383
5147956.495872925,0.3878002891055494,-0.05137870642313407,2.6884053547916595,0.6453900709219859
3321811.328839108,0.2713788790500524,-0.05233386621740107,2.098140336408489,0.5815602836879432
1680806.753578185,0.10943932791068645,-0.10533166876117332,1.0671427530959465,0.5106382978723404
3209799.792406865,0.2626866502802905,-0.09068319382114469,2.301547520224677,0.624113475177305
3338480.7952480307,0.2726523285316824,-0.050706626696108224,1.9111353597872898,0.5460992907801419
3431427.9200446825,0.27966112342243865,-0.06653075563074162,2.3732500849774905,0.6453900709219859
3550839.060183817,0.288445929229427,-0.05738820490424726,2.3983235171809256,0.6312056737588653
2903210.5616153963,0.23758690959002693,-0.04411693783985834,2.2143145296346565,0.6453900709219859
3912468.1521699014,0.31368173926235476,-0.054607143075758216,2.3677026760483657,0.6170212765957447
3976984.047679466,0.31798591715870317,-0.04024872038738546,2.619577590510435,0.6453900709219859
2196905.8769636415,0.17047539895216013,-0.0874361818904405,1.4807156359260565,0.5319148936170213
3416422.163677417,0.2785399598247944,-0.060577719810002484,2.047995524920002,0.5815602836879432
2161006.2860220107,0.16662480443874594,-0.1284513247983669,1.3523582166902208,0.524822695035461
2595361.116739873,0.21015098536870314,-0.04899114399137801,1.681754678007357,0.5815602836879432
3176209.6708254195,0.2600327487457137,-0.04246975455185221,2.1314718766559975,0.5886524822695035
5624320.543982795,0.41258312197470337,-0.05770629533666043,2.6610115557358647,0.6312056737588653
2835895.0939535773,0.23179385229447713,-0.061744863711447585,1.8780966598850246,0.5460992907801419
2078365.835899876,0.1575623664409478,-0.09233148096608366,1.323712280670269,0.5106382978723404
2575675.481084182,0.20830960776571472,-0.09930889092797679,1.6376689886110851,0.5106382978723404
3048910.062082735,0.24976662515997994,-0.09299126888172966,2.0812047446095856,0.5460992907801419
2471555.491849439,0.19837867761198114,-0.10762939973522229,1.8152215771144848,0.5390070921985816
1949341.5698197582,0.14281935969464588,-0.06735939036078244,1.2313872485694488,0.475177304964539
2498265.766302456,0.20095774528519916,-0.12285089864465722,1.85405867260999,0.5957446808510638
1927619.1778542195,0.14026094001466016,-0.12726729877349083,1.1809956131865393,0.475177304964539
2577472.9320177576,0.20847820596366784,-0.0480403057615912,1.702664172884117,0.5319148936170213
2667307.124521015,0.2167871229306706,-0.06320560672078539,1.8310384402436017,0.5815602836879432
3784939.525690815,0.30500383814847054,-0.08345545096124318,2.1332556883680756,0.6028368794326241
3239130.690953293,0.2649859276225084,-0.09877716014440238,2.05535012169591,0.5957446808510638
1891968.3641725422,0.1360116209204949,-0.07080679774759037,1.3189172338329012,0.5531914893617021
2817604.889846536,0.2302008378311371,-0.047703242549786855,1.948247796549183,0.5957446808510638
2028780.7529218085,0.15198552795725528,-0.12149123408524402,1.3057419669633792,0.48936170212765956
2641731.475190409,0.214444672694021,-0.0749713535631154,1.718032465969823,0.5460992907801419
2959134.9639173737,0.24231850606418526,-0.0789973453318095,2.1033787378678914,0.624113475177305
2456898.171142908,0.19695392007726142,-0.12543002299840597,1.5424131571933226,0.5106382978723404
2686414.0306074885,0.21852540836372825,-0.048951804428932565,2.032224272026168,0.574468085106383
2958858.67743025,0.24229530680902234,-0.09198372467199992,2.116616482791173,0.5957446808510638
3534846.199020277,0.28728320906476146,-0.10017938907676541,1.9287838442510845,0.5390070921985816
2033340.2791071401,0.15250286258681678,-0.061837291456514294,1.4428303441694754,0.5319148936170213
2653104.3066269467,0.21548852986550715,-0.06243888931100505,1.8811398217464248,0.5460992907801419
2411608.8122356404,0.1925081955626382,-0.06759906358081129,1.7221827048589835,0.5531914893617021
3852851.45055036,0.30965363584397365,-0.0399726514809401,2.157588222646463,0.5815602836879432
1062035.7196308784,0.012110253737150245,-0.15130767790731986,0.19891723867834568,0.4326241134751773
4055202.226155315,0.32312995977088654,-0.061961183624404795,2.1319838640074367,0.574468085106383
2334869.293780379,0.1848203770123178,-0.09862128120040042,1.5243777767481155,0.48936170212765956
2415083.6257650703,0.19285164740408223,-0.14574490528920028,1.5070106462643738,0.5390070921985816
3602510.894342851,0.29217418527643213,-0.07360644133258445,1.9902899078977623,0.5106382978723404
2648308.558535666,0.21504878868499278,-0.05051311938521313,1.7361708618713845,0.5319148936170213
2110073.747286352,0.16107300240358313,-0.12232834714740481,1.48498916204542,0.5390070921985816
2556526.430325109,0.2065075873525002,-0.08073721046059815,1.6296470146804969,0.5177304964539007
3356160.846953038,0.27399743413623967,-0.05279518493582871,2.204821233617305,0.5390070921985816
3333416.823880952,0.272266009774766,-0.05167913875824989,2.05980813818451,0.574468085106383
4038550.1526809023,0.32204152396258556,-0.07214451393991181,2.379761049231393,0.624113475177305
2016522.7835281647,0.15059008338566326,-0.06273599881981766,1.353163578227266,0.524822695035461
2687256.0561398496,0.21860178533908048,-0.08100721181773732,1.960467279860159,0.574468085106383
2156209.9957355424,0.16610648614664414,-0.09868095261493949,1.3825066260030463,0.5035460992907801
2635713.7551667225,0.21389088013255697,-0.06367358593413323,1.8522718818408621,0.5602836879432624
1911514.1040835318,0.13834918607774105,-0.08466514234466369,1.1965241069625778,0.5177304964539007
2689902.176777174,0.2188416804538449,-0.06370162488149735,1.7759851196257623,0.5886524822695035
3002480.8837768724,0.24593690574160743,-0.07357429230947186,2.0631161001000375,0.6028368794326241
3768891.522135786,0.30389532292709087,-0.05927620375869169,2.3994212611642327,0.6170212765957447
2260880.7123773037,0.17721430217898804,-0.06825604402969453,1.6202097091195427,0.5177304964539007
3499245.5160851344,0.2846797630890203,-0.085724624959851,2.0978795853557317,0.5886524822695035
3068115.5346302916,0.25133716073686085,-0.07336305845805868,1.8363723698192131,0.5673758865248227
1973834.9400233713,0.14567692604482763,-0.04069558527597415,1.4237893043085539,0.524822695035461
3606646.526719847,0.29247072873333724,-0.04923290758480048,2.2066929074897113,0.6099290780141844
2688308.035438594,0.2186971795356203,-0.04519255443745616,1.764618521357056,0.5602836879432624
2294022.793314754,0.18064558044397327,-0.06326063523433283,1.4794963035099906,0.524822695035461
2997471.7465318004,0.2455209005614143,-0.0474403831728612,2.1499780422962003,0.5957446808510638
2827269.1709711263,0.23104359110185957,-0.06241919290142531,1.8874057579653638,0.5815602836879432
3542750.912832024,0.2878584259202239,-0.07307509812186111,2.0153749755342933,0.5957446808510638
3004813.0211115386,0.24613039863785513,-0.06626096723885107,1.8047006128043042,0.5390070921985816
4383132.333394662,0.34386894029010096,-0.048703516455848736,2.5538421667734927,0.624113475177305
2254827.2838354423,0.17658323598051995,-0.06608465275956403,1.680977506310359,0.5390070921985816
2671884.3091607615,0.21720444572494668,-0.06723264437227404,1.6351577716389836,0.5460992907801419
4018706.630281228,0.32073978583213925,-0.055549414906616176,2.2628630970094474,0.5815602836879432
3160765.980603158,0.2588050266777451,-0.052795841407064094,2.1591772514631247,0.5815602836879432
2687648.105217291,0.21863734010707536,-0.058456268572983305,1.949064402026312,0.5886524822695035
2936327.569828103,0.2403975522994981,-0.08881045877711803,1.9899748523968677,0.5673758865248227
2834578.080279586,0.23167941993790442,-0.059369552673867586,2.0136863661330255,0.5673758865248227
5087240.562160142,0.38451114144064014,-0.10182314412595099,2.4719932238071025,0.6382978723404256
2195934.6719098454,0.17037189222435511,-0.06594642489180527,1.4280286642132811,0.5035460992907801
2287320.4822782013,0.17995488828411976,-0.055457307548326715,1.9187938132106592,0.5531914893617021
2944198.080502808,0.24106179099538427,-0.13176156065547992,1.8670456935605029,0.524822695035461
2524262.1408896395,0.20344678418474893,-0.06139653031855808,1.6963737621935098,0.5460992907801419
2357695.4380795932,0.187127978440649,-0.057820083596700905,1.7209184665854076,0.5319148936170213
2987341.8766122716,0.2446779198158704,-0.04488151158814256,1.9527403927758147,0.5460992907801419
2910467.5681862338,0.2382049984040855,-0.05709948518897721,1.9484521268131973,0.6028368794326241
4004826.849770275,0.3198262104942573,-0.049986833263766677,2.370130765355441,0.6099290780141844
2153430.2527928404,0.16580566673531827,-0.13154041006908124,1.404556284642005,0.5106382978723404
2209524.332930859,0.1718169016384401,-0.113003007275469,1.4910323639073844,0.5319148936170213
2565582.0260728667,0.2073611046535282,-0.06650196442399663,1.9077498980439336,0.5815602836879432
3582316.305633013,0.29072221820854693,-0.06432626798541696,2.103207891281022,0.5815602836879432
2634428.0167791066,0.2137724263945011,-0.12048663553835756,1.8252712159348745,0.574468085106383
2762835.2194614983,0.2253805896575245,-0.05828284357837997,1.7073235199477486,0.5106382978723404
2634923.305921799,0.21381806234252343,-0.044693438454070325,2.0743390732826574,0.624113475177305
3012976.1939700185,0.24680673634307593,-0.05555429790381531,1.8507428578933518,0.5460992907801419
2476608.320439149,0.19886826859593953,-0.041735636316032616,1.786929292659225,0.5460992907801419
2141639.776350146,0.16452625616878835,-0.06526709280679542,1.5518602749568162,0.5177304964539007
1851831.832536144,0.13115028443036336,-0.09081998195398831,1.3175048428828149,0.5177304964539007
2936033.908903936,0.24037274097614225,-0.04506749674478963,2.0362291501065752,0.6170212765957447
2289049.94889,0.18013326955450926,-0.05127242752969854,1.905875247409662,0.574468085106383
3322423.138612025,0.27142570800254706,-0.058069170519970854,2.4358096167019276,0.624113475177305
2656347.6796239745,0.21578556728922327,-0.0811443272303507,1.8192614593589131,0.5177304964539007
3781924.456597341,0.3047958596034077,-0.0536393596960535,2.3732409592973323,0.5886524822695035
2980747.3368921634,0.24412791009831047,-0.17519922839686494,1.9326029094498165,0.5531914893617021
3311078.641743621,0.2705562567117359,-0.09210343290701498,1.9205307380861103,0.5460992907801419
2588066.7051700433,0.20946997955739355,-0.1159627970735987,1.527744309089659,0.49645390070921985
2459370.4140842888,0.19719470909948256,-0.106372344025759,1.7203175811313591,0.5390070921985816
1627578.432717706,0.10232177199579073,-0.08190767077966017,1.0126853797276352,0.5106382978723404
2898787.996787906,0.23720962751920238,-0.06375099068843351,1.7500522355963997,0.5319148936170213
2384064.334780909,0.1897715893540235,-0.08216741339340394,1.5281730081606724,0.5319148936170213
2063261.629855025,0.155874972620635,-0.05634722977164863,1.3115246493698347,0.49645390070921985
2440357.510211608,0.1953379034782654,-0.06971223552389615,1.64604197756585,0.5886524822695035
3472015.0992120937,0.282674086905383,-0.0763756519128943,2.1659969243335713,0.5957446808510638
1764251.0903276203,0.12024258744005989,-0.08560531128025312,1.380217320084468,0.5531914893617021
3594711.069502991,0.29161416075036817,-0.05690622517999202,2.2358417077981128,0.574468085106383
2066406.14659963,0.156227080604332,-0.053892269731234184,1.5493240125677574,0.5602836879432624
2384752.075200699,0.18984022505304687,-0.09474316665257992,1.4698357330182723,0.524822695035461
3059755.472550272,0.25065448259643097,-0.07742824710946547,1.86062577084704,0.5460992907801419
4335942.786595491,0.3409627334785763,-0.05412043430074614,2.192040671178829,0.5886524822695035
3858520.8576423125,0.3100388359109252,-0.06321972646923638,2.388830756955337,0.6170212765957447
1643601.0250935624,0.10448362310894721,-0.12282363604744197,0.9866561071353555,0.46808510638297873
2930356.213284033,0.23989264347709205,-0.0907093737404763,2.0613430537945,0.5602836879432624
1874210.137302419,0.13387102255425587,-0.08914737857371847,1.487704098339557,0.5460992907801419
2299706.062394162,0.18122999373506632,-0.05345058953809143,1.763429226233418,0.5531914893617021
3781044.5234085843,0.30473513707639244,-0.1480479620023406,2.35183335250573,0.6524822695035462
3142971.0728988205,0.2573844257589011,-0.05994987465448428,2.1497234404416417,0.6099290780141844
3505859.199580472,0.2851650133606838,-0.054131179884186115,2.322924914670248,0.624113475177305
2504097.966610936,0.201517949473897,-0.08113018022225156,1.6874739169092814,0.5390070921985816
2771916.719470354,0.22618510314927853,-0.10374463885531425,1.949528978606564,0.5531914893617021
3671239.041335276,0.2970673658176981,-0.09474544188270846,2.0592237938745814,0.5319148936170213
2349860.7269925326,0.1863379533966163,-0.06671953980702944,1.8316240697295794,0.5390070921985816
2270215.442905776,0.17818479783804464,-0.05981991309229822,1.9069628695612142,0.6028368794326241
2860777.887109053,0.23394791369602919,-0.06985831209735464,1.821452357130938,0.574468085106383
3236670.4544278323,0.26479370873219765,-0.06331774930713059,2.027032176645751,0.5673758865248227
2412604.642241186,0.19260666421452677,-0.07619866256651915,1.6985611433505938,0.524822695035461
2414981.634059632,0.19284157213979225,-0.08704277792328997,1.5363664668900623,0.5106382978723404
3429243.342883028,0.279498145752773,-0.0525979044290025,2.231970094731657,0.6312056737588653
1730204.7251577636,0.11588515164373625,-0.11407940115011007,1.2319591681687307,0.5390070921985816
2590386.050488606,0.20968667980735956,-0.10148696832833708,1.6501210331322773,0.5106382978723404
3985457.4081043554,0.31854705917526704,-0.03993495320846899,2.366707185734381,0.6524822695035462
2757641.7084918,0.2249195546980831,-0.1025837557048442,1.8047215280821955,0.5602836879432624
2579276.0000400804,0.20864723656101836,-0.08701353934707023,1.679746389454862,0.5531914893617021
1613331.2676328414,0.10038512298424584,-0.12510567724595723,1.0566822999837877,0.48226950354609927
5215320.590980739,0.39141346570231583,-0.052747947778040656,2.50328653625412,0.6099290780141844
2235839.429910915,0.17459493064240572,-0.046987574210120904,1.5371878985531766,0.574468085106383
2638763.692973864,0.2141716829485485,-0.07456979803605779,1.7678857773652108,0.5602836879432624
2577015.472417494,0.2084353058655386,-0.051890763094420034,1.7810526429359999,0.5460992907801419
1928803.0855088215,0.14040097100665494,-0.09668262332405778,1.3989880034723756,0.524822695035461
4280695.825136276,0.3375279736786241,-0.05781074602679722,2.539566523812984,0.6028368794326241
2350086.6231416776,0.18636076146075964,-0.07167987517565826,1.6378792560758595,0.5602836879432624
1830214.8948667857,0.12849702132158725,-0.15063164961964912,1.2401880600267594,0.46808510638297873
2643415.936219325,0.21459950774681968,-0.10590768175438603,1.6157605120938534,0.524822695035461
2843400.005343964,0.23244512697540531,-0.048798014655273114,2.001126286821071,0.6028368794326241
1976534.9228408409,0.1459901859655699,-0.13745001444973923,1.3126634004742435,0.48936170212765956
3514638.007103654,0.2858079902831172,-0.05038242600134708,2.244449294928433,0.5957446808510638
1573072.0325914132,0.09483764539654249,-0.12706908497858374,0.9907069659174138,0.5106382978723404
2399004.446387535,0.19125904337491795,-0.11303423547973022,1.734679167040532,0.5886524822695035
1889689.173012814,0.13573778587773755,-0.07568497689776567,1.3506041311524148,0.5106382978723404
2848009.048108014,0.23284441745739004,-0.06595245819022333,1.9105988238244653,0.5673758865248227
3357830.433746883,0.2741241638287695,-0.048033997471431875,2.1596573790516196,0.574468085106383
2388214.7558287918,0.1901855562001875,-0.053376608097792246,1.8190829509413904,0.5886524822695035
2865937.545187846,0.23439269908978067,-0.06306014037089937,1.9455417678219291,0.5886524822695035
2408694.0696336594,0.19221979588094107,-0.0989387381313575,1.6902778474057536,0.5460992907801419
2929031.2805326907,0.23978050205547197,-0.0717426921714241,1.9971737494579287,0.5815602836879432
2177820.2992675966,0.16843459829120633,-0.08903126020437095,1.6725964008408853,0.5390070921985816
3079037.470422563,0.25222680159819366,-0.060372560374127186,2.117529404766865,0.5957446808510638
2550921.965559655,0.20597813720823566,-0.09512006622193286,1.5803933034541358,0.5106382978723404
2340535.586164145,0.18539488721440178,-0.05838855382109528,1.6837401977264643,0.5531914893617021
1783410.2608422618,0.12266517793766485,-0.06124132776151524,1.356453516869854,0.5390070921985816
2717326.055470963,0.22131685478021823,-0.05996028035798453,2.00006729053108,0.5886524822695035
2570105.6114376457,0.2077865639154921,-0.08837143252663851,1.805644533006653,0.5602836879432624
2298124.254550799,0.18106745181804573,-0.10835186677364511,1.578425134409332,0.5460992907801419
3831714.0887743374,0.3082134779598462,-0.05490461299714069,2.2446442129478856,0.6312056737588653
3283721.8283839137,0.26844976397934506,-0.06630473594543418,2.079938110674721,0.5815602836879432
2075792.120500923,0.15727553407949357,-0.11504225054476587,1.4765449459755648,0.5319148936170213
2601700.798959322,0.21074161512573641,-0.07456142607823685,1.8002679965677415,0.574468085106383
2369095.9375056042,0.18827382200013343,-0.06264781830927618,1.6210963702613455,0.5531914893617021
4076052.5655236226,0.32448777835916265,-0.06279952073953489,2.3626504277751486,0.6170212765957447
2289653.01900798,0.1801954462772628,-0.10874297880491691,1.6148536460697809,0.5460992907801419
2368625.124535258,0.1882265888597121,-0.08604767061832233,1.837015629812196,0.5886524822695035
1686240.8588362664,0.11015577298960233,-0.0861543848854243,1.0303088670020755,0.5035460992907801
1996349.6453143626,0.14827873288894233,-0.08629167580285814,1.4442256688671953,0.5531914893617021
2224839.263394764,0.17343686512019207,-0.07616771898999479,1.42675392718912,0.5177304964539007
2638191.310093815,0.21411900438594422,-0.06778600155944758,2.1441030871204956,0.5957446808510638
2253655.921973499,0.17646096575476578,-0.0914209700373759,1.6046982856940983,0.5957446808510638
1979346.2013279304,0.1463159951540669,-0.12911854543485943,1.3635512817846374,0.5106382978723404
2594136.3812328214,0.21003675119058918,-0.0566456480653742,1.8025255891448517,0.5460992907801419
2498137.523370851,0.20094541533163235,-0.061480239828658495,1.6908367340588657,0.5460992907801419
2990682.779745485,0.24495619324959916,-0.06327614114295876,2.3289046793623065,0.6099290780141844
3493878.814356443,0.28428546514497866,-0.057131926993640274,2.0608422387744714,0.574468085106383
2352319.528985187,0.18658611704095573,-0.10891169214849845,1.7395369313424651,0.5390070921985816
2515916.353137787,0.202649955646095,-0.06033057224041022,1.7983310373076344,0.5319148936170213
2510328.4032856068,0.20211525376178496,-0.12937221274159105,1.7242993675374065,0.5531914893617021
2020439.3060982693,0.15103667543502097,-0.06985054759253519,1.4148195423282337,0.524822695035461
2231296.788130594,0.17411724824887242,-0.08000300909713587,1.6969928214555101,0.5602836879432624
2219528.183835446,0.17287608968402024,-0.046267852906951706,1.6178768183877945,0.5319148936170213
2613698.504866807,0.2118562245330049,-0.053088454362354126,1.5467837865207248,0.5177304964539007
2544845.1748286146,0.205403014173984,-0.05673491428577471,1.8321484315068084,0.5886524822695035
3096305.1637731977,0.2536281957070867,-0.062116999923026224,2.1735526675358687,0.6170212765957447
2641517.124152963,0.21442496395925592,-0.06523350307116552,1.7403579399413793,0.5460992907801419
2995393.444170952,0.24534813581422354,-0.10088883474634011,2.2001170104534555,0.6595744680851063
3156801.5907752886,0.2584890969670677,-0.04593968857274272,2.0238745734000654,0.574468085106383
2646507.742962001,0.21488350022844838,-0.061451339446136614,1.8405853567287045,0.574468085106383
5162804.821643513,0.3885999375723055,-0.06695063384310886,2.5817686190313,0.6382978723404256
2292622.0558157274,0.18050136403858996,-0.06996243308350936,1.7212640111333857,0.5390070921985816
2417475.7933560675,0.19308786043809856,-0.06928829637626803,1.6738741410831306,0.5531914893617021
2892394.855673689,0.23666342388215345,-0.07084615240451268,1.883058520885638,0.5531914893617021
2519105.2717906884,0.20295467244876986,-0.06624619812413693,1.6460634897467117,0.5177304964539007
2544984.7608554126,0.20541623727514735,-0.07219124884253937,2.0328808621313468,0.5886524822695035
3498384.9935693555,0.28461657206017854,-0.0846662987849901,2.278009664597848,0.5886524822695035
3428826.918884752,0.27946706953200007,-0.09205012882533975,2.114298608294774,0.5815602836879432
3210638.7403534735,0.26275264926510755,-0.14633693928952854,1.9281412121770316,0.6028368794326241
2488437.9725719783,0.2000113783116113,-0.08211235015824984,1.7593311921110528,0.5602836879432624
3714812.777060743,0.30013181578267467,-0.05424683192863936,2.6039855644343746,0.6595744680851063
3734804.3144355565,0.3015281641304042,-0.06067513970872878,2.4225985356292985,0.6382978723404256
1743640.2210490843,0.11761282210431423,-0.07779066280644342,1.3521507430403847,0.5602836879432624
2463898.6411499246,0.1976352430870043,-0.0827379322288698,1.8718393537991171,0.5673758865248227
3451170.6122672446,0.28113025020115257,-0.051746721234924846,2.2200050082116354,0.6028368794326241
2712161.128178449,0.2208522204994552,-0.059979786269642454,1.9561803345495115,0.5602836879432624
2490109.16954467,0.20017251689641147,-0.06021003710469124,1.7026198047029122,0.5602836879432624
2647176.094657032,0.21494485560811794,-0.07981067174278074,1.7181969900965568,0.5460992907801419
2326173.533076093,0.18393653333329696,-0.0599286712218663,1.5035357936265312,0.48936170212765956
2679667.6117278365,0.21791277359744998,-0.044238192759933744,1.7701549964219063,0.5390070921985816
2716682.6911577373,0.22125901659009717,-0.09624486993908417,1.9635935194085246,0.5815602836879432
5643203.850383721,0.4135303826741874,-0.05234982173523908,2.888597945216156,0.6666666666666666
2578794.6353347115,0.2086021197485628,-0.05509017831268046,1.6955674040957662,0.5319148936170213
2962597.793180279,0.2426091264422603,-0.07809085588478429,2.0455746585428574,0.5602836879432624
3338240.762874788,0.27263402760001765,-0.06063796345493785,1.8720165456067177,0.5460992907801419
2690938.4770465544,0.21893557913709216,-0.05810073827547969,1.824854811988504,0.5957446808510638
1985237.930451868,0.1469976097525214,-0.11315129205403533,1.262736728828018,0.45390070921985815
2705894.328904347,0.2202875109143554,-0.049162780035368156,1.9536783002561622,0.6099290780141844
3621052.9424571274,0.2935016138766664,-0.09046321109612518,2.049717059587787,0.5815602836879432
3213131.2684929557,0.26294865198188955,-0.04634410609334521,2.2359770683057265,0.5673758865248227
2358956.0147196823,0.18725489439712772,-0.08477463196346657,1.5231488256421082,0.5106382978723404
3581601.38485183,0.29067069635906084,-0.07346864861942559,2.191473984522285,0.624113475177305
2787539.901016455,0.22756421159486906,-0.07520008497318857,2.0030923900468642,0.5886524822695035
2529412.057790607,0.2039374304862991,-0.10690892554956832,1.538302960975614,0.5035460992907801
4162403.5082523664,0.33005265911238224,-0.05376653952906743,2.494032346712133,0.6312056737588653
1704961.2146020678,0.11260985081430652,-0.08797714821692121,1.1351012935017775,0.5035460992907801
3725402.3778359587,0.30087221405267717,-0.07911665853976588,2.37764491149148,0.6170212765957447
2250590.0299956053,0.17614069800232213,-0.11252075209397946,1.5794355322714082,0.5177304964539007
2309634.022670929,0.1822481243686349,-0.07589181140484692,1.793742220399003,0.5886524822695035
2800037.477709043,0.22866296816196363,-0.10523862088019978,1.7985298216991212,0.5035460992907801
2042346.0695591476,0.15352196008357288,-0.07215938949476183,1.4853712435962538,0.5460992907801419
2493876.7290365803,0.20053547184886433,-0.07366692269295343,1.5979357280940205,0.524822695035461
2543631.1625775984,0.20528798530223424,-0.050505723850716826,1.6892916593508833,0.574468085106383
3614862.8678293205,0.2930590712092469,-0.04765443147539188,2.2171805185165274,0.5815602836879432
3018056.3628502632,0.24722690038049255,-0.06654468113785063,2.1891532172580717,0.6170212765957447
1883424.3130843702,0.1349837261436806,-0.06328458112472339,1.2117190380150782,0.49645390070921985
3195596.9684048826,0.2615672320343825,-0.12812010141640365,1.9437935886007438,0.574468085106383
3003916.65322737,0.2460560429578833,-0.0762069723680963,2.046914864104367,0.5602836879432624
3092498.1687491057,0.2533197696973133,-0.06489030621034976,2.1061444646678624,0.5815602836879432
2617007.848956304,0.21216294848223627,-0.06921438749741189,1.999026093193008,0.5886524822695035
2326722.505428834,0.1839924093949088,-0.07672412420028413,1.460337296395188,0.5319148936170213
2054623.0887394813,0.15490545544313394,-0.09065444393729276,1.5736374502798758,0.5815602836879432
2648503.7744023623,0.21506670123586002,-0.08303144064669492,1.7211883644565935,0.5390070921985816
3688873.4114486626,0.29831104104083384,-0.040546598824791925,2.504094606697991,0.6312056737588653
5016172.880533131,0.38062107698489567,-0.04498675273783096,2.584672079581028,0.6879432624113475
2779357.0130241164,0.2268426551990832,-0.058610943959985035,1.8379250099605802,0.574468085106383
2703772.088073363,0.22009603582284298,-0.07660643598646827,1.7559441970912704,0.5319148936170213
5441728.699044728,0.4032898280969235,-0.06274607989941926,2.585526716013938,0.6170212765957447
2628161.967077222,0.21319447895038945,-0.06637730472931554,1.614060309344309,0.5035460992907801
2176857.661023574,0.16833128593317803,-0.05734895253114448,1.6106833265583853,0.5390070921985816
3417168.3447983977,0.2785958041554073,-0.061147802664276524,2.3520558200561816,0.6170212765957447
2501891.8372579827,0.2013061655371633,-0.08015424741503109,1.8873910685590904,0.574468085106383
2329270.9754108423,0.1842516623139807,-0.08261605953451814,1.6567283179021872,0.5531914893617021
2885648.5038792854,0.2360859950288654,-0.09927367731833026,1.988356035053213,0.5886524822695035
1442483.9556842386,0.07602459507254578,-0.13748099974715922,0.8670662679859649,0.45390070921985815
2577281.1112978584,0.20846021795241687,-0.08241627390195595,1.7392570719588525,0.5390070921985816
1637557.2859389326,0.1036701591613145,-0.1369849374795616,1.0101677669595028,0.475177304964539
2607739.706770579,0.21130315379184772,-0.05699960810103328,1.7489910027337645,0.5886524822695035
2937440.1855664896,0.24049153886466934,-0.04520086153684537,2.157547602483364,0.624113475177305
2046089.687632625,0.15394453126196983,-0.057735747575118596,1.5099914840165072,0.5319148936170213
2715628.171156279,0.2211641919667724,-0.05053318993763674,1.9227146531999553,0.6028368794326241
3709225.1980558205,0.29974046556445955,-0.07133040826421862,2.195730225770292,0.6382978723404256
2591511.5291678975,0.20979177920077152,-0.0814770943775487,1.9250124082102957,0.5673758865248227
4859260.505483636,0.3718734032927622,-0.037928555850218836,2.4240490411759192,0.5815602836879432
3213468.0775606437,0.2629751280071815,-0.05152602129710193,2.115282713348699,0.5957446808510638
2393463.4578937334,0.19070824327620461,-0.07165445478517331,1.7334405299400284,0.5177304964539007
2717568.3522177283,0.2213386343194128,-0.07647303895592132,1.9484886514714357,0.574468085106383
2928960.398723405,0.2397745015230539,-0.049231774221034606,2.0991747325269863,0.6028368794326241
2947021.398863833,0.2412997212702932,-0.10424091254165095,1.9055463320430601,0.5957446808510638
2293547.006577454,0.18059660254207355,-0.08025622443432089,1.5421710187796178,0.524822695035461
2647188.3344718134,0.21494597912026592,-0.10736507674423973,1.6643055408232788,0.5106382978723404
4588187.039077459,0.3562139985288426,-0.09284377899456778,2.380031730063167,0.6099290780141844
2051043.8376897576,0.15450279472748996,-0.10198229281823924,1.3401633805024211,0.5390070921985816
3117092.419615353,0.25530695722249797,-0.08288366691591866,1.8692684420735506,0.5531914893617021
3215339.949448379,0.26312223243908006,-0.07430730503400909,1.9967774413345085,0.6099290780141844
2620247.868707762,0.21246294669412014,-0.06814209462486624,2.186768929936213,0.624113475177305
3882911.046325912,0.31169084772398703,-0.058693446665011646,2.2105125066993088,0.5886524822695035
3082101.8951064264,0.25247595920097377,-0.06432519934641955,2.045779325313746,0.5815602836879432
2312128.3476268905,0.18250337155566498,-0.06885052226173467,1.4779480110233367,0.49645390070921985
2032516.4149448322,0.15240945375209702,-0.11880939994913721,1.4925579221017728,0.5460992907801419
3473237.4458347177,0.2827643890237679,-0.06926839337082188,2.074634156088753,0.5886524822695035
3272634.2674741806,0.26759201485729167,-0.047682771144700535,2.2469619004539085,0.624113475177305
4360333.553175062,0.34246800067276384,-0.060050557923065746,2.391044117075879,0.6382978723404256
2950452.857708016,0.24158865615442116,-0.07655281827453915,2.0232301220105806,0.5673758865248227
3078180.535182457,0.2521570917121938,-0.05704105122511344,1.9647796029725433,0.5460992907801419
1908956.4397160092,0.1380443936960849,-0.06688803906870068,1.2636164540696426,0.5035460992907801
1502460.1677123897,0.08482726904318572,-0.10415539864669822,0.8578292184246374,0.475177304964539
2501328.935789776,0.20125210421769246,-0.09354112229392442,1.7037099862345952,0.5319148936170213
4138070.630861093,0.3284939465519088,-0.07865764192859756,2.477008733012153,0.5886524822695035
2241570.422824597,0.17519646793101495,-0.0669568371156842,1.706677844109559,0.574468085106383
3099866.0125264674,0.2539164055630381,-0.05860236133766112,1.8308509643664281,0.5177304964539007
2103463.0282105673,0.16034457626773047,-0.07401888881069026,1.4794422567723189,0.524822695035461
2444357.646358842,0.19572951678484385,-0.0564576564682297,1.6878647011868861,0.5390070921985816
3622742.272310315,0.293622282823788,-0.08623224943044705,2.1084193233485173,0.524822695035461
3763118.2035412965,0.3034956075278732,-0.056286901912686406,2.1943043346644364,0.624113475177305
2705089.4641081686,0.22021490768467422,-0.05067446530150188,1.9563194220790288,0.574468085106383
2214267.441111066,0.17231956982588303,-0.08922984126846988,1.4718218764945197,0.5319148936170213
4043218.3543838067,0.322347015029004,-0.0702633570763856,2.333067291176331,0.5815602836879432
1922001.3049329815,0.1395955262320927,-0.10280239228559064,1.1778494894433376,0.5106382978723404
4991045.779591451,0.3792351309436819,-0.11518977870196415,2.554089581886366,0.6382978723404256
1951076.570441902,0.14302271931085575,-0.0779727594368654,1.4743674615804045,0.524822695035461
2307667.6206672997,0.1820467446539631,-0.052442386226303546,1.724720857458193,0.5602836879432624
3290025.0150379012,0.2689363547594872,-0.051804133013898024,2.127730719255198,0.6170212765957447
3202367.7005340215,0.26210137347211626,-0.04077307737772903,2.3358353400543574,0.624113475177305
2426870.3805804104,0.1940137175164791,-0.07304850409553658,1.5902822687665423,0.5319148936170213
3735888.241642342,0.30160370211970045,-0.06316049536158781,2.1760560598720935,0.5886524822695035
3256080.52820802,0.26630705779664976,-0.0740009189808591,1.8131425631893985,0.5390070921985816
3317798.6055699415,0.2710715672844539,-0.12474796650910396,2.027372588469116,0.5886524822695035
1705359.2640611273,0.11266179714516511,-0.05781420516254064,1.2324466753655658,0.5106382978723404
2385623.3260499486,0.18992715214771505,-0.04450513933480698,1.7656680081774991,0.5673758865248227
3245545.4290990885,0.2654865639905004,-0.07561005482947444,2.0066082416507784,0.5673758865248227
1605343.7154148642,0.09929336432589642,-0.15094182133314676,0.9199612713359765,0.46808510638297873
3604921.182453014,0.29234704687132096,-0.0845207239236736,2.408158747721465,0.6382978723404256
2028574.7665568644,0.15196213430579508,-0.07227486626054999,1.2324646092188125,0.48226950354609927
2238698.36745813,0.1748951648401018,-0.08439320936263918,1.4345166754458578,0.49645390070921985
3451365.904653434,0.28114474901032427,-0.08176623687648156,1.92693176107548,0.5319148936170213
2845173.581276435,0.23259883660808267,-0.052860934478481364,1.8668376643933442,0.5460992907801419
2692533.127414448,0.21908001316985048,-0.06280304344495873,1.8282212084346907,0.5319148936170213
3038559.6911968156,0.24891693467955722,-0.07311909264017497,1.9573781214556614,0.574468085106383
3802573.572183486,0.3062175818064252,-0.05331618990984789,2.4558868297307184,0.5957446808510638
2345690.3164476166,0.18591656397244605,-0.058987168092933855,1.7189797782935397,0.574468085106383
2621105.212533764,0.21254227976878637,-0.11355974668807446,1.7736699728495657,0.5673758865248227
2794630.5924889087,0.2281880904576734,-0.07402611044724262,1.6537183351163702,0.5319148936170213
3110180.6347902804,0.25474976377226954,-0.07238115407477114,2.0965418236245443,0.5886524822695035
2574435.2448970065,0.2081932205861292,-0.07551924268846208,1.760982492371727,0.5602836879432624
2402867.023957197,0.19164239989031295,-0.08342084676380644,1.7972864146647995,0.6099290780141844
2557511.1850327295,0.20660052056012157,-0.09758981464481875,1.6708554037290593,0.5531914893617021
2783245.7250594893,0.22718576837137472,-0.056629682176467105,1.9478931580980094,0.574468085106383
2613361.060539642,0.21182493131938251,-0.09650664286480926,1.684315122913808,0.5106382978723404
3254554.3374074623,0.26618832678788795,-0.07609592397348708,1.8863028916573403,0.574468085106383
2020221.688871992,0.15101187922359371,-0.11667754471007712,1.336194027426614,0.5035460992907801
1701465.9454881533,0.11215329336228885,-0.07322770865387233,1.1940227395053362,0.5602836879432624
3128879.6310179136,0.2562549071699163,-0.05240040548733642,2.0435094772363374,0.5815602836879432
2322380.099247474,0.18355013762183225,-0.09462415153779695,1.659307975728586,0.5815602836879432
3269046.741748949,0.26731398108175664,-0.04011383799999995,2.289271444419746,0.6028368794326241
3553576.5177966226,0.2886445289918278,-0.0651343384817888,2.512880080823518,0.624113475177305
2647383.3742603227,0.21496388157325375,-0.05514953646630295,2.023236742005226,0.5531914893617021
2092504.823799847,0.15913306243053205,-0.0774070397617864,1.3574338805576258,0.5177304964539007
2304290.85454834,0.18170060869507632,-0.07674459825773956,1.5811159904718317,0.5390070921985816
2728585.489633454,0.22232730410283796,-0.09515783545063711,1.661315819394001,0.5106382978723404
2316368.4568339135,0.1829367618162776,-0.13447768135632063,1.6435034868968785,0.5177304964539007
2129767.0544732395,0.1632322142599445,-0.06241982508659987,1.3462740067151655,0.49645390070921985
1622202.1037767231,0.10159255483030827,-0.19660264063262906,1.0141930041117202,0.4326241134751773
2232677.592269189,0.17426252921774332,-0.09942427120903946,1.4033211717333252,0.49645390070921985
2621279.832658711,0.21255843544550213,-0.04873348531049845,1.792942891501034,0.5390070921985816
2133263.0112084136,0.16361384679755764,-0.05362138301980417,1.5240916519065468,0.5531914893617021
3322852.4848717144,0.27145856677065594,-0.05883902667701116,2.2498316490795762,0.624113475177305
2492329.523377942,0.20038647199030013,-0.08251901375874024,1.8168746363874262,0.5673758865248227
3373298.924991201,0.2752959062385236,-0.06025893037575053,2.2772321300077207,0.6099290780141844
2897598.4451637613,0.23710807015393476,-0.054986513223531555,2.105285955858645,0.5886524822695035
3679635.1895594797,0.2976601041737139,-0.05939393474748254,2.495851494590541,0.624113475177305
2605099.40569234,0.21105776878982319,-0.039684350370663944,2.1024807838408446,0.5815602836879432
2064829.341759791,0.15605057114257082,-0.09628337572725387,1.4668301133213622,0.5460992907801419
2519032.4711150117,0.20294771943046452,-0.08319516087161545,1.8591978180688853,0.5531914893617021
2462223.145041939,0.1974723159927838,-0.05379784036975005,1.8850216871703043,0.5957446808510638
1927656.699771947,0.14026537911181625,-0.09353117827341974,1.155031352544099,0.4397163120567376
1891450.0714282969,0.13594937346223923,-0.09836595573015865,1.1898022684076395,0.46808510638297873
2604390.1097775116,0.2109918141553131,-0.07882540687069134,1.8490955233401059,0.5460992907801419
3212366.6742213657,0.26288854019992103,-0.056263446302256874,2.01083166112611,0.5673758865248227
2455873.241928943,0.19685403821682246,-0.0760221189503702,1.707923135457948,0.5673758865248227
2999947.9468396106,0.24572661663668716,-0.06194827205970843,2.0894970288157646,0.624113475177305
2960785.816450262,0.2424570889384816,-0.10382061282254569,1.8548540429836198,0.5602836879432624
2367176.1149033825,0.18808117342671915,-0.08319448119998388,1.6952686873221614,0.5673758865248227
1315944.4341910398,0.05644650407870255,-0.12122124839107426,0.5946708495534767,0.41134751773049644
2206146.76872827,0.1714584254674918,-0.07027461485424762,1.5283628150063195,0.5460992907801419
2074762.6306719456,0.1571607210593442,-0.08940729539204366,1.3315018085515233,0.5106382978723404
2492630.8273473918,0.20041549413339488,-0.141547631351104,1.8060529537942813,0.5602836879432624
1976180.3559547528,0.14594906760975546,-0.09653952909299036,1.187841614423934,0.46808510638297873
3569598.948964804,0.2898044916808027,-0.04944671346768653,2.200221254104195,0.624113475177305
4885568.938236587,0.3733556835869247,-0.054617716506190864,2.4317229882072158,0.6028368794326241
1973681.2210989504,0.145659080812927,-0.06682310564426439,1.5088367562713503,0.5673758865248227
4956057.361829425,0.37729593234690983,-0.062431828347325975,2.5168492886334364,0.6170212765957447
3743117.276937643,0.302107039693976,-0.04381965722846778,2.359137702182889,0.6170212765957447
2809541.2976564844,0.2294958977510697,-0.08363011563760443,1.7236410840218497,0.5531914893617021
1782009.311907997,0.1224887416960283,-0.09101654758609841,1.2005321077673967,0.5177304964539007
3033329.8016686733,0.248486717748716,-0.056443943676188574,1.9530751526708559,0.5602836879432624
2787042.0073746233,0.22752035643156576,-0.0693309814681795,2.1207437128323603,0.5886524822695035
2490274.8199304426,0.20018848436907355,-0.07193572849187306,1.616935281066952,0.5531914893617021
2285678.4820628227,0.1797854286232421,-0.06933701915898863,1.5806008811524621,0.5531914893617021
1901886.5929398593,0.1372001895050592,-0.07667208910447437,1.1900071418394234,0.48936170212765956
3794393.515084868,0.3056551132459828,-0.08422765800981802,1.9790676181405424,0.5815602836879432
2341171.784087361,0.1854593223622658,-0.056151726428506285,1.6609199290685805,0.5460992907801419
3680183.3324323124,0.2976987634820656,-0.05349539028558622,2.1569331286515316,0.6099290780141844
1896178.220560257,0.13651672395893177,-0.0931095023468531,1.2636245838069942,0.5177304964539007
2405750.412434614,0.19192825173998473,-0.09650208504854862,1.8388061032028593,0.6099290780141844
2420529.963857122,0.19338917089723529,-0.045255287935172306,1.8103712904986586,0.5390070921985816
2906494.019273383,0.23786671892942368,-0.09653436383562507,1.9763620331990768,0.5815602836879432
2141002.131704443,0.164456903480233,-0.11216486775554163,1.3654834730129841,0.5035460992907801
4210799.127812614,0.33313123771888775,-0.06154706182015645,2.31897755980018,0.5460992907801419
1715036.0605484687,0.11392166614731702,-0.08731026805702748,1.1104269490242789,0.5035460992907801
3766156.371309567,0.3037060160146934,-0.08151931736739618,2.2091444459936724,0.6099290780141844
2725779.47342136,0.22207579781896247,-0.06488219196883137,1.9868598518501208,0.5815602836879432
3284037.934190065,0.26847418437288617,-0.04424608751965835,2.234040141702435,0.6099290780141844
1776960.6551577959,0.12185198929953667,-0.15924016399368937,1.1712648074175198,0.5177304964539007
2377653.922471573,0.18913107452557054,-0.07893615634563057,1.471552023951932,0.48936170212765956
2060075.944642808,0.1555178167437683,-0.08757849672032106,1.4785410958171845,0.5177304964539007
1916474.549948307,0.13893938494017055,-0.10466251204030506,1.3934094392806127,0.5390070921985816
3148371.860972015,0.257816259445556,-0.05062570107077167,1.8942357589312766,0.5531914893617021
1656832.946854564,0.1062562680387531,-0.06612737573935001,1.300879393492637,0.5177304964539007
3778856.4804395773,0.3045840953431602,-0.08206677700205012,2.3725084597378223,0.5957446808510638
2765681.1125496877,0.225632929439326,-0.057103173293703145,1.717050187744664,0.5673758865248227
3208077.0897514047,0.2625510841442944,-0.06957835538534797,2.041256292137398,0.6028368794326241
3808003.27289451,0.306590398951575,-0.07476789869165004,2.1929298413948124,0.574468085106383
2031835.7265538396,0.1523322551785007,-0.09900056133623128,1.4337871635582489,0.5035460992907801
3074440.025293207,0.25185262716308143,-0.04473301229077004,2.0467095700637117,0.6028368794326241
2014307.3222047624,0.15033715207091247,-0.11993132489834427,1.2888073781047555,0.5177304964539007
2935517.698677674,0.24032912171641074,-0.07781922710915776,1.762551598806212,0.5460992907801419
2026365.469688592,0.15171110724916614,-0.07749468263047364,1.604589436760235,0.5460992907801419
2809939.420360292,0.22953074062658452,-0.04583319038978701,2.100905155806269,0.6170212765957447
2342762.886697576,0.18562041048822975,-0.05866329116264025,1.658224125483827,0.5886524822695035
3810987.6858993163,0.3067951353057756,-0.05630305618559882,2.100147961671208,0.5673758865248227
3297110.688560014,0.2694824620348606,-0.08249923370500156,2.207818745162056,0.624113475177305
2135026.5824199617,0.1638061754145621,-0.04959207419468498,1.664054860873016,0.5460992907801419
1782099.7042517357,0.12250012910336183,-0.06774602629148259,1.3336496195956715,0.5531914893617021
3429480.8539322284,0.2795158689936077,-0.04076853598834759,2.150150139852328,0.6099290780141844
2624337.4139485834,0.21284118033302613,-0.05823151488039048,2.25245061004114,0.6099290780141844
2798542.5549795195,0.2285317450200255,-0.07461605911628838,1.9563182687690355,0.5673758865248227
2326562.5273729116,0.1839761274349394,-0.07293116591857374,1.9259770010275663,0.624113475177305
2563964.2433177214,0.20720880074697434,-0.07349577890024776,1.8117206263591237,0.5886524822695035
2659015.8474424565,0.21602970832488455,-0.04704788334705066,1.9377544847239652,0.5957446808510638
2073471.1578105327,0.1570166261271162,-0.06232528966559292,1.4690845688173533,0.5177304964539007
2362068.64709865,0.1875680447122534,-0.053352041971272364,1.7383869763570152,0.5602836879432624
3326410.501736124,0.2717307386274561,-0.05687983516829477,2.2534804555513763,0.574468085106383
2439741.2786880666,0.19527752877434001,-0.077158718292869,1.995563276880543,0.5886524822695035
2340148.56655524,0.18535568239175904,-0.06378471828825323,1.7521909954957309,0.524822695035461
1741379.5767166275,0.11732287279638642,-0.11726524681490837,1.1581447055335665,0.5035460992907801
2632548.467639715,0.21359918224133612,-0.08760011017913508,1.61561051349198,0.5035460992907801
2493835.907038885,0.2005315415361444,-0.06060851035811714,1.756343379153034,0.5602836879432624
2614584.791222061,0.21193839973283723,-0.06545021201686049,1.904430259565585,0.5886524822695035
2765149.1751072938,0.22558577937516722,-0.12444401877307687,1.5959131588589484,0.5460992907801419
2322158.7730493397,0.18352757795223917,-0.06686230553691666,1.495745184605887,0.5319148936170213
2845097.0286435396,0.23259220364182598,-0.05810789792739904,2.0082347497092625,0.5673758865248227
2353098.463764106,0.18666469061772362,-0.07544811115657632,1.973254428722507,0.6099290780141844
4182586.7714275876,0.33134003484092345,-0.07745411455850994,2.2279575866269683,0.6028368794326241
2647168.6956318263,0.21494417643776131,-0.06023796001992415,1.7538956646347035,0.5531914893617021
4074253.24625264,0.3243708221979955,-0.04570236314865604,2.1664932568871356,0.5815602836879432
3448116.9586221646,0.28090345681188467,-0.05096808191681101,2.294060290065081,0.6099290780141844
3172822.4193070657,0.2597638830155331,-0.06885908879587493,1.9235870329414448,0.5460992907801419
2530964.5372054228,0.2040851825588803,-0.04124459286538396,2.005781375513117,0.6170212765957447
2839674.6522127497,0.2321220137055522,-0.05723047395826383,2.022601263401495,0.6028368794326241
2272092.6320961434,0.17837957623431988,-0.07055771977795032,1.5510244849631365,0.5106382978723404
2371313.9015921247,0.1884962327693125,-0.05438391167626906,1.734411486121804,0.574468085106383
3075629.097920823,0.2519494456698572,-0.0387822027934445,2.110976923600558,0.6028368794326241
4183155.1710674036,0.3313762178112225,-0.06082374235609659,2.3276363262264423,0.6382978723404256
2055701.3714132856,0.15502665073303157,-0.06530390142123733,1.5201974790506148,0.5460992907801419
2459587.8151082625,0.19721587404086494,-0.10477186601447779,1.7492504880552346,0.5460992907801419
3355778.738194357,0.27396842314591274,-0.11556391599129567,2.1731852253671073,0.5815602836879432
4141876.21840133,0.3287382073048801,-0.0604716927478352,2.4590472394063356,0.6453900709219859
3255756.463907568,0.2662818507266751,-0.07186520064525521,2.045602137649575,0.5602836879432624
3184131.690259136,0.2606606707717647,-0.06576982561353228,2.26259600100598,0.6312056737588653
3162949.4197613085,0.25897889371208205,-0.07812312748838886,1.9167287454336626,0.5602836879432624
2413690.9685562383,0.1927140441558448,-0.09345737999841021,1.6627166861239508,0.524822695035461
3259110.476893583,0.26654264275942574,-0.04818534992152211,2.400394566586164,0.624113475177305
2460428.1749350913,0.19729767267779263,-0.07679282649165281,1.8072434736080751,0.5460992907801419
2224072.455620461,0.17335596717843704,-0.09868495284155276,1.66109696899285,0.5319148936170213
2506134.076320226,0.2017132794568426,-0.10017366198328927,1.8199439002611708,0.5815602836879432
2297921.650044,0.18104662630985735,-0.07631070486042914,1.5604289593374316,0.5390070921985816
3858607.92211813,0.3100447478559072,-0.07135450702207444,2.272390865239023,0.6028368794326241
2136550.9479982066,0.1639723147634815,-0.06578026075335779,1.342706215489958,0.475177304964539
2661362.6706211404,0.21624428393517103,-0.05079865177394425,1.9038633145356818,0.5886524822695035
2033345.0641576252,0.15250340502226134,-0.12515183618476128,1.2823880377996468,0.46808510638297873
2253200.5104453,0.17641341482267414,-0.0642725988774425,1.4666555131540258,0.5460992907801419
1860747.5812561808,0.1322373902269558,-0.07926358312822565,1.3105421918346565,0.5460992907801419
3084257.049839971,0.25265106858501407,-0.06598216723483644,2.1017130093871863,0.5673758865248227
2245745.0778737566,0.17563387459322422,-0.04526566567675353,1.7145609640004669,0.5602836879432624
2206706.5343772965,0.1715178662674126,-0.09098065178800303,1.5300889720344397,0.5531914893617021
1485440.2319819208,0.08235826161248783,-0.0875427889503336,0.8174792667576692,0.45390070921985815
1840878.9255236683,0.12980903955229395,-0.0931058690971661,1.2667812539004852,0.5035460992907801
2773162.00380091,0.22629525615392065,-0.07270735378275257,1.8312170291176137,0.5815602836879432
2566569.1649067434,0.20745399972640022,-0.08702791113339539,1.6673069142245256,0.5390070921985816
4496479.69760417,0.35074860399971675,-0.04051867228059954,2.7285304197036866,0.6524822695035462
2004706.1707253135,0.14923844394288532,-0.10271199126527085,1.362622712622345,0.5177304964539007
2073525.0942296209,0.15702264547144917,-0.07518548706301266,1.4815505556423492,0.5531914893617021
3062871.0831200792,0.250909075896834,-0.06282986311277404,2.097069036413034,0.5460992907801419
3474194.9278401188,0.2828351062393546,-0.04662273343534314,2.4106260107943296,0.6099290780141844
2620510.1952293743,0.21248722290514999,-0.05874595879516463,1.8941315011721989,0.574468085106383
3359543.271106894,0.27425412407280425,-0.07168726667320542,2.150224981998926,0.5886524822695035
2052805.8793851647,0.1547010921337011,-0.10173939318269123,1.4210447907368162,0.5106382978723404
2345484.84061715,0.1858957866577462,-0.08798505307124388,1.5763061509911815,0.5673758865248227
1633386.4931252252,0.10310738478595738,-0.10499668676625631,1.067193610290645,0.48226950354609927
4747088.9378468795,0.3654804094010091,-0.05541152037557214,2.5212845115011873,0.6170212765957447
2427589.281977474,0.19408444864782504,-0.08701932920575615,1.7449455396156035,0.524822695035461
2207483.7683909084,0.17160037975649578,-0.12272970825882415,1.5647339254595796,0.5390070921985816
2113813.580321764,0.161484281301977,-0.0994248045076765,1.5787712853527578,0.574468085106383
3632140.830564314,0.2942928017941615,-0.051631293792422296,2.2934974786075886,0.5886524822695035
4199477.818401901,0.3324136043853534,-0.06843150610486894,2.26021369611242,0.5602836879432624
3239207.8135820697,0.2649919513443204,-0.07066628464745744,1.8886867151673636,0.574468085106383
2015904.0993176906,0.1505194727979915,-0.08874935706989508,1.3792646888821738,0.5390070921985816
2399412.8826328847,0.1912996035531438,-0.058741389701071595,1.8351679349230208,0.5886524822695035
3021672.7442230526,0.24752565476318944,-0.03918399633893199,2.125606186526656,0.6028368794326241
2113410.229938054,0.1614399518590348,-0.08534313100107739,1.4670422883775105,0.5035460992907801
2820677.9383763415,0.23046906697048608,-0.09325118306360408,1.8237054341790784,0.5602836879432624
3199662.780846349,0.2618880914765034,-0.06708828386094744,1.9974959430663874,0.5673758865248227
2568527.787708804,0.20763823207792753,-0.10466087524923785,1.7206850919037713,0.5602836879432624
2549239.995518291,0.2058190610531856,-0.1020550115591337,1.6323253779139804,0.524822695035461
2116641.617516849,0.16179490134523045,-0.09917747029679735,1.5241756283780117,0.5390070921985816
2136804.0287927585,0.16399988865138893,-0.0839693077369325,1.5361468509062277,0.5319148936170213
2990709.3072420363,0.24495840180573047,-0.09863682696130678,1.9771277628253894,0.5531914893617021
1857851.9136819157,0.13188477648496,-0.15581342969753761,1.2606901394633634,0.5106382978723404
4133984.710204932,0.328231492548658,-0.07559561786406772,2.332685662849242,0.6028368794326241
2521369.704911636,0.20317086281703012,-0.0798788523286235,1.9418617627690582,0.5602836879432624
2359955.9685831103,0.18735553204040545,-0.05677671435571665,1.5774546552148334,0.5177304964539007
1676626.0014484266,0.10888686552432403,-0.06334501048280035,1.0750087133527428,0.5319148936170213
3531640.5043542604,0.2870496410704777,-0.06585357305214086,2.224018768416493,0.5957446808510638
2588039.234168406,0.20946741196570118,-0.05549462896041659,1.6892540197388335,0.5673758865248227
3135292.563005941,0.25676944793218404,-0.05943815043560609,1.978913136828223,0.5815602836879432
2009436.7217026036,0.14978030956829835,-0.10230965436701062,1.5232609573026044,0.5390070921985816
2919246.902377723,0.23895110002280284,-0.046490402558203255,2.065400429808057,0.574468085106383
2016294.36490056,0.1505640159274837,-0.08019958337040195,1.2935036193896152,0.524822695035461
3100433.6272675074,0.25396232298708465,-0.06903835639230806,1.9697781554867109,0.574468085106383
2575680.698905096,0.20831009732568284,-0.05508817679882144,1.894959255745638,0.5602836879432624
3162780.06401802,0.25896541136730145,-0.05831604228505027,2.109848783792731,0.6170212765957447
4026586.629020198,0.32125732918711325,-0.0596152045713976,2.096618726735619,0.5531914893617021
4754626.687587064,0.36591377471648556,-0.07313462904055877,2.4457317356267274,0.5957446808510638
1814445.62703089,0.1265456415130901,-0.06266045156149956,1.284511794891328,0.5177304964539007
1941390.8138983292,0.14188559432995107,-0.06489747818941348,1.368501430370127,0.48936170212765956
1895649.4684942854,0.13645333301822715,-0.09997618246302867,1.2655387176478703,0.524822695035461
2867732.0654898086,0.23454724454820108,-0.13995956026906764,1.7116232925912147,0.5460992907801419
1942507.9259584795,0.1420169764974335,-0.14279104234409754,1.2587857884133233,0.49645390070921985
2117525.9654280613,0.16189196635818504,-0.04809365569177596,1.4870444163399188,0.5390070921985816
3603894.7797779394,0.2922734463960295,-0.045329490590123575,2.213104032308948,0.6028368794326241
3724961.313813178,0.30084140958927774,-0.08054781051961298,2.163764994231871,0.5957446808510638
2860608.5436766036,0.2339333046679004,-0.06406638711371963,2.032608958283078,0.5886524822695035
3287846.306503473,0.26876824813045785,-0.08399825872365103,1.8781492919427245,0.5531914893617021
2037080.6933799805,0.15292656635256785,-0.10362202166099621,1.370814970918612,0.48936170212765956
2814847.6094642193,0.2299599710450726,-0.08970903275938676,1.9512381127503393,0.5673758865248227
2909627.042388621,0.2381334728869966,-0.11412941084336797,1.802242313658863,0.5673758865248227
2596982.038272167,0.21030210653075998,-0.09881598947418668,1.7748485790070896,0.574468085106383
3816277.728898393,0.3071577272549755,-0.05310493333945391,2.2961609138191763,0.5886524822695035
2558625.9901713086,0.20670569233780656,-0.04747187640712144,1.8831204220017537,0.5390070921985816
2919721.7530518244,0.23899140346473224,-0.05725553412033932,2.075626301004516,0.574468085106383
3403708.0921415323,0.2775869335599159,-0.06129101046044858,2.0476663859819535,0.6099290780141844
2933238.3451377098,0.24013644516958044,-0.07048388941987399,1.9949332247967664,0.6028368794326241
3604701.790084662,0.2923313162648844,-0.04783616592281488,2.434155683853719,0.6382978723404256
3730573.198877371,0.30123313323794365,-0.06571596307779182,2.2835824528887603,0.6170212765957447
2942319.363642961,0.2409033642182996,-0.07619192083972277,1.9422235752330723,0.574468085106383
2798139.1232187613,0.22849632248867024,-0.06373068967467856,1.6979447149603681,0.5035460992907801
1452664.6819503084,0.0775391929688154,-0.10621605624192365,0.8385484709667428,0.46099290780141844
2595789.619992879,0.21019094276714712,-0.09886967552947794,1.9515042816436656,0.5602836879432624
1948940.2060796223,0.14277229518413193,-0.09228254497309714,1.3616086671377559,0.5460992907801419
3237181.4405954354,0.2648336418233115,-0.054286669919247056,2.0680718781160867,0.574468085106383
1948680.8804264267,0.14274188214784078,-0.092604278711101,1.2275617582126097,0.5106382978723404
3222784.089949436,0.26370656652564994,-0.046157282440214,2.0500470654045477,0.5957446808510638
2297141.5836512847,0.18096643037226268,-0.07664587830474955,1.569638244770519,0.5531914893617021
2704403.8741772915,0.2201530500723825,-0.08427434453422158,2.098578538962126,0.574468085106383
2639795.3838028186,0.2142666102766313,-0.08570364269450143,1.7500012750244047,0.574468085106383
2670750.441394716,0.21710111915364338,-0.06687432347466093,2.175765565815215,0.574468085106383
3380152.1832122914,0.2758136687320616,-0.04730546377778186,2.295129466863264,0.6028368794326241
2396867.233297574,0.191046715117827,-0.10555597653115718,1.55116547554901,0.5390070921985816
2192880.177690036,0.17004611888280774,-0.09470250629487967,1.3937564399110614,0.5177304964539007
3873996.510697266,0.31108800786122015,-0.034869461269641966,2.397092282206546,0.6453900709219859
2041466.0149474968,0.15342253155322694,-0.06403060310286066,1.3421577370228126,0.5035460992907801
4403604.013752323,0.34512192558373855,-0.0740337898400649,2.359249209675596,0.6028368794326241
2392647.055561976,0.19062700287608036,-0.07486411752846268,1.748105069005307,0.5673758865248227
1712852.9673512974,0.1136379363762452,-0.04873471816167395,1.1992339725272538,0.5106382978723404
3615169.7050490105,0.2930810219827291,-0.05570708273639784,2.1518246203576266,0.5673758865248227
1865248.204393751,0.13278457361649587,-0.14691054820303404,1.2535908117450365,0.48936170212765956
2004606.9424276347,0.14922706679106357,-0.0766432036900758,1.5327353706646567,0.524822695035461
3509586.055960267,0.2854381327209268,-0.052033940541827015,2.109057196070058,0.5957446808510638
2685978.2841816484,0.21848587592094026,-0.07115040666994588,1.9497388793437158,0.5673758865248227
3413032.458077645,0.2782861507302816,-0.04823657029226562,2.254486502434764,0.5815602836879432
2132416.586428974,0.16352149363333224,-0.16675419016270596,1.3460495131019923,0.5106382978723404
1848434.7922092993,0.13073497827523162,-0.10012641809956717,1.3112360033267338,0.5177304964539007
2754929.741010751,0.22467853357273748,-0.10426443538100702,1.9685330306806825,0.5460992907801419
3475892.8655091487,0.28296047331897434,-0.11109666063603098,2.16630323042231,0.5673758865248227
2482480.9444405353,0.19943629012095387,-0.06007039965260327,2.0046839524934468,0.5957446808510638
2027055.4698061717,0.151789530672219,-0.056446921086274596,1.362150618916993,0.5035460992907801
2257803.1382424133,0.1768936361170741,-0.08109534752310098,1.722647463375995,0.5460992907801419
2360663.8985167546,0.1874267591050376,-0.08306834089148685,1.7284736302857617,0.5319148936170213
2652922.9599871696,0.2154719130452094,-0.07459454493771477,1.7723471592098292,0.5390070921985816
2856568.0917698196,0.23358453500799614,-0.06677739235114726,1.9288795060322874,0.574468085106383
3747390.36197487,0.3024041971014768,-0.049775438343784964,2.456861747815129,0.6028368794326241
1848106.7541328412,0.1306948415647029,-0.08295817707860792,1.2404938532017302,0.524822695035461
1599105.9616445221,0.09843774644908332,-0.08620941823656733,1.1026758930715248,0.5106382978723404
3406391.2458509076,0.27778829522952675,-0.06461979884853686,2.044978794325966,0.5602836879432624
3595169.1232547536,0.29164707569389847,-0.07477534030134907,2.0554622457649816,0.5460992907801419
2507465.4036947973,0.20184092896689632,-0.11957998642416098,1.7600249740037606,0.5177304964539007
2738027.9197700648,0.2231721225599772,-0.06607233689166846,1.9274184989944692,0.524822695035461
1702341.2201125098,0.11226769345548582,-0.12634895392165824,1.3411190211817123,0.5460992907801419
2698344.320700742,0.2196057784058607,-0.06573544861172508,1.9504341726098025,0.6028368794326241
2673968.1029942115,0.21739424527774998,-0.08770810295996849,1.9306712551815604,0.5815602836879432
2079504.9797765592,0.15768922967739574,-0.11825346226260405,1.4178577339197784,0.5319148936170213
2682429.600972094,0.21816373576472947,-0.05076098114005648,1.8782329984515205,0.5602836879432624
3466524.556696864,0.28226815343984146,-0.06487713113798782,2.1400103427277397,0.5531914893617021
2580046.680548992,0.20871945601777675,-0.04572410939067893,1.8454900452579213,0.5460992907801419
2191607.290220332,0.16991025345962463,-0.056170826721067935,1.417026420944622,0.5460992907801419
3640044.3062234386,0.2948555839179363,-0.05190554537388374,2.0307618010898962,0.5602836879432624
4355792.903245561,0.3421882873045763,-0.09758432576435881,2.493609986309578,0.6099290780141844
2734188.86483533,0.22282892219969108,-0.07422701644206549,1.8020509155543443,0.5390070921985816
2226930.4882447803,0.17365737527328906,-0.09730430618803373,1.5242566522217922,0.48936170212765956
2004997.5160605249,0.1492718459248934,-0.14019508186533966,1.4691716378588668,0.5319148936170213
2683963.9073851476,0.2183030578893057,-0.0600132928915503,1.7660238069941334,0.5460992907801419
3022918.7578211874,0.24762852345420772,-0.10963416127437825,2.043132782652854,0.574468085106383
4318406.803947507,0.33987631541060637,-0.05825268246256893,2.464258046048379,0.6382978723404256
2898763.2326459656,0.23720751363301562,-0.073812441371317,1.9386266806609433,0.5531914893617021
3847529.763156542,0.3092916483047321,-0.04010083070633167,2.268407014291028,0.6312056737588653
3295299.5515739243,0.2693429634122684,-0.05120012893684723,2.289091683178702,0.5673758865248227
2310517.7469318286,0.18233858211843157,-0.09639601797167133,1.8151345670865608,0.5886524822695035
3048254.7150641903,0.24971289440094746,-0.07771273042781117,1.7943327548003967,0.5460992907801419
2578916.708243453,0.20861356189914892,-0.08170149764817507,1.7801340511346269,0.574468085106383
2612383.670331299,0.21173427388450894,-0.08782652381426105,1.7091221584735286,0.5531914893617021
2309600.050570409,0.18224464644199956,-0.07653650190914114,1.5684212858196847,0.5673758865248227
3608261.273636194,0.2925864395164388,-0.0915219815350071,2.0505189902235315,0.6028368794326241
2016076.2194925235,0.1505391186581384,-0.07374479280720073,1.4835297703549235,0.524822695035461
3032044.6284401137,0.24838090705195737,-0.0514243383296666,2.002121636559523,0.5531914893617021
3385109.559515431,0.27618767445835,-0.07213460393128986,2.1272963849579893,0.6028368794326241
2147036.5248235418,0.1651125667340485,-0.14444068759225565,1.53971910941737,0.5390070921985816
3167610.998831292,0.2593497736806143,-0.10487439013518275,1.7816543235878637,0.524822695035461
2461501.6707384936,0.1974021317135839,-0.06997422005570239,1.811236534952134,0.524822695035461
2178542.204659968,0.16851205072547515,-0.06628310371540959,1.6881063346861764,0.574468085106383
4006927.5701484997,0.31996464365815425,-0.04861152714581084,2.5404092896586326,0.6453900709219859
3049250.6213714825,0.2497945433739719,-0.06600178572199428,2.1994676488054847,0.6028368794326241
2312242.7837741,0.1825150766542245,-0.06863424787396546,1.629576499268186,0.5390070921985816
2095494.6198505333,0.1594641099338987,-0.07593717602715228,1.394836197854137,0.5177304964539007
2518638.4436363336,0.20291008401909094,-0.07544844296730865,1.7129194982977043,0.5602836879432624
3206882.499194677,0.26245704299388684,-0.059841800814209915,2.0028865052376044,0.5460992907801419
1740010.8822996172,0.11714717823577381,-0.07980817968948531,1.022386000982982,0.48226950354609927
2074658.8150014183,0.1571491405711587,-0.08218721302042573,1.4483864573820397,0.5319148936170213
2101510.0016921507,0.16012902450279864,-0.09310766741255393,1.484658433133112,0.574468085106383
3628407.366592908,0.29402661257992313,-0.06585912928206046,2.1530494533096336,0.5957446808510638
3119217.3037595977,0.25547805608381946,-0.10791706231646143,1.9564887552483359,0.5673758865248227
2723138.7393438825,0.22183891669496258,-0.07970716826969519,1.713863894342139,0.5319148936170213
2112375.8912625927,0.16132624392931438,-0.10955701198774444,1.3811605124380082,0.5035460992907801
2033681.3253747465,0.1525415211857608,-0.053004196066035784,1.4465320226020129,0.5177304964539007
1966075.5279104642,0.14477474409744695,-0.06319731909971704,1.340980034823977,0.5106382978723404
2453609.8654614086,0.1966333484506586,-0.05926885712378542,1.6575887207900828,0.49645390070921985
2699768.3534843125,0.2197344789641409,-0.08055312743807644,1.8090037547666116,0.5531914893617021
2576870.3038868234,0.20842169083430329,-0.060627256609915366,1.7036555719322188,0.5106382978723404
2502930.511263391,0.2014058947351287,-0.05444417859116902,1.6964805179975815,0.5177304964539007
4080634.9407058456,0.3247854473601457,-0.05064225430908352,2.79716078467484,0.6595744680851063
2186357.771312622,0.16934926256377536,-0.09386247728123935,1.5719033849539692,0.5531914893617021
2972965.371197255,0.24347761095356457,-0.11216042832587893,1.7604829031572844,0.5460992907801419
2255465.566797108,0.17664984046217524,-0.07718433436342512,1.4668789745012298,0.5035460992907801
4867870.711715823,0.37235922823545753,-0.05406967482627081,2.5612088711012966,0.6524822695035462
2710046.7990802433,0.2206618122936601,-0.059421906899719615,1.6968375029521472,0.524822695035461
2177546.254146719,0.16840519091364303,-0.0699475421133572,1.5226066094555561,0.49645390070921985
3689811.7929261792,0.29837708760571435,-0.10816210150885909,2.067317510402307,0.5531914893617021
3310357.9751181267,0.2705009437870407,-0.045820777680244826,2.1266864185779197,0.5815602836879432
3492817.382841816,0.28420742312798253,-0.08990054477493356,2.118657133570901,0.5602836879432624
2459645.9328454225,0.19722153180347313,-0.06424428625216305,1.7304790499787814,0.5390070921985816
3564777.47348129,0.2894558741787052,-0.10574824784299022,2.002731712210262,0.5815602836879432
3068636.671721027,0.2513796672134403,-0.0719449846069993,2.380348738804719,0.5957446808510638
1879703.8250861985,0.13453496546454158,-0.08037296450521851,1.1594756516418134,0.48226950354609927
2095797.41090438,0.1594976156338468,-0.09752779598353786,1.4971301241583457,0.5177304964539007
3819738.67965345,0.307394731405219,-0.07856571804584836,2.179578994748883,0.6099290780141844
1840100.9340146175,0.1297135275167005,-0.10016831868234118,1.1408969331044987,0.4397163120567376
2983178.1266081748,0.24433076038889556,-0.07857051032076151,1.8959377678840346,0.5319148936170213
2779175.923662791,0.22682666776441973,-0.1380619050965877,1.7880049930344417,0.524822695035461
2833857.9393554553,0.23161683052377913,-0.09745005190621721,1.8960488518353273,0.574468085106383
2353058.243932197,0.1866606340275354,-0.07166327181575075,1.7130167756150456,0.5319148936170213
2624190.95723996,0.2128276429965752,-0.052728137398365335,1.9306510503436747,0.5460992907801419
2182656.4640588285,0.1689530735417386,-0.11055683355839016,1.3162885795491353,0.5177304964539007
3103990.4652883047,0.25424990183116725,-0.10823840741936525,2.0021629415358855,0.6099290780141844
2415756.041565219,0.19291806357061203,-0.14791914571572154,1.6696940890499767,0.5531914893617021
3103055.8078768384,0.25417435809459854,-0.05365131369437204,2.031914846891844,0.5886524822695035
3561826.0365474503,0.2892422839209603,-0.06263216000465421,2.051979792549833,0.5673758865248227
2506554.9340071683,0.2017536377367044,-0.056042722545160024,1.8110485192253893,0.5531914893617021
2837998.354655812,0.23197651175612655,-0.05847043916798666,1.8843560007737767,0.5460992907801419
2659259.4063859363,0.2160519845411275,-0.06294095455964904,1.9203240383374383,0.5390070921985816
3048723.7128764116,0.2497513476537292,-0.09237020593633775,1.8353104308701684,0.5673758865248227
3234450.193316758,0.264620138813886,-0.04712922529289241,2.0908659023716534,0.574468085106383
3113134.454405479,0.25498800699423296,-0.058186345069460924,2.1660146877466167,0.5957446808510638
3701462.0926473117,0.2991959594016571,-0.05171285800553703,2.1665569295230847,0.5673758865248227
2025915.2122652412,0.15165992076976886,-0.0946525532552188,1.4044939700985106,0.5177304964539007
5873710.889345279,0.4248938540676779,-0.06188663781834457,2.431441909274529,0.5815602836879432
3715699.4050166463,0.3001938713019343,-0.06915006513848417,2.276676167995199,0.5815602836879432
2671140.7176994234,0.21713668803026387,-0.07837855974585375,1.8089888027216612,0.5106382978723404
4558972.622938109,0.3544824954869146,-0.07490627775279467,2.583496352773585,0.6312056737588653
2412162.681679599,0.19256296673269468,-0.093594550431797,1.5393434873440845,0.5319148936170213
3684804.898503158,0.2980245293308299,-0.058244325046774896,2.244150256360755,0.6170212765957447
2262008.0554314773,0.1773316776549343,-0.08316608568052057,1.5971272195092634,0.5460992907801419
3930007.5078220223,0.3148574638605137,-0.06145384147778171,2.3260948080536226,0.624113475177305
3986946.781304551,0.31864559316854457,-0.042968640182286605,2.549181876342128,0.6099290780141844
2088419.3095296258,0.1586800782933575,-0.09939869909430708,1.3829846192181887,0.5177304964539007
2146839.610832554,0.1650911944490434,-0.1133341025445774,1.582540692394861,0.5390070921985816
1879829.6216158953,0.1345501504888178,-0.08837758618701891,1.2856974048094933,0.5319148936170213
2636278.1225392446,0.21394286011225772,-0.08249898213517115,1.7910445680425358,0.5886524822695035
3136222.415801586,0.2568439846430679,-0.08228943431642356,2.2997264114032356,0.6099290780141844
2499808.8460119553,0.20110606544157195,-0.11086088103737934,1.6421133622087343,0.5390070921985816
2803062.474343344,0.2289283286287871,-0.05401681653842031,1.8720480786413565,0.5177304964539007
2383120.0224301396,0.18967732226237732,-0.0888779934035711,1.4545293038495553,0.48226950354609927
3327983.5162063306,0.27185099273114566,-0.09293894500556027,2.2914671480516087,0.624113475177305
3261346.63235433,0.2667163962601964,-0.05847766138783,2.1500908901863345,0.6170212765957447
2590476.662950894,0.20969514272777645,-0.09166375680620435,1.8183551901715207,0.5673758865248227
3532955.6801277706,0.28714548573070164,-0.04608388395474404,2.2464244655225425,0.6099290780141844
2342996.380880054,0.1856440427929975,-0.0742344638084511,1.5531581032964346,0.5106382978723404
1760170.493288273,0.11972389781612969,-0.06198896693110882,1.2852759966812342,0.5602836879432624
2189051.164217808,0.16963722697912442,-0.06129274900489585,1.4910033909282772,0.5319148936170213
2997394.72615024,0.24551449973504402,-0.07820046311597156,1.8292117677816637,0.5390070921985816
3758499.556001907,0.3031754823406396,-0.13741106425958333,2.0411963579313155,0.5886524822695035
2676156.4698368944,0.21759344238169653,-0.06287101802194545,2.1404875855980765,0.6028368794326241
5451772.278723034,0.40380744521295964,-0.03840041147200931,2.671707754993289,0.6453900709219859
2049429.558497778,0.15432100662425374,-0.11876175922929143,1.47687923741304,0.5106382978723404
1922818.6717542403,0.13969243658915187,-0.06567284195732631,1.4601792975630066,0.5319148936170213
3114339.5725454274,0.2550851550424891,-0.06616453160035687,2.045876705724833,0.5673758865248227
3134422.7929521096,0.25669971142596704,-0.15038074906332663,1.942970281034267,0.5390070921985816
3336686.5107441787,0.272515500341727,-0.09217729170576834,1.8873503632682103,0.5460992907801419
2573137.31139426,0.2080713708872941,-0.06682135363350107,1.7994823429533036,0.5886524822695035
3611719.5066369767,0.2928341129550245,-0.06283373092340588,2.2506858529060425,0.6170212765957447
2997464.0100759845,0.24552025762442087,-0.08534382582032973,2.0369258203462137,0.5957446808510638
2102989.6484833173,0.1602923449668361,-0.0699658194188952,1.5554352859630518,0.5531914893617021
2509501.126842095,0.20203601211765143,-0.080079833400609,1.756374467304672,0.5460992907801419
1843094.7935663578,0.13008089917219356,-0.08109031815241098,1.2913067066727406,0.5106382978723404
2915792.041313509,0.23865770711684275,-0.06408216070795142,1.9358102380353637,0.574468085106383
3058819.6754367636,0.2505779730799784,-0.06072893606654172,2.0128886453613055,0.5815602836879432
4028967.9088787404,0.321413567696228,-0.04788178507168463,2.2906338087882325,0.574468085106383
2285558.151455843,0.17977300629110293,-0.10310787152300155,1.4940853494147333,0.5531914893617021
2604875.164378443,0.21103691902604038,-0.04337206940291647,1.6603631281098084,0.48226950354609927
4038659.341907138,0.3220486726235896,-0.11901042666759942,2.457346715821966,0.624113475177305
3391180.6748017706,0.27664510900085704,-0.07130810917602852,1.994558341218118,0.5602836879432624
2880989.658198195,0.23568660775341543,-0.06102851014184657,2.0576692021488583,0.6028368794326241
2130536.466743642,0.1633162493501843,-0.10389112257087038,1.5912490033902142,0.5177304964539007
2450058.2682099333,0.196286722637393,-0.06810748763584556,1.908105845384396,0.5531914893617021
4173524.855207101,0.33076264282913526,-0.07681145756750446,2.3780439130487023,0.6382978723404256
2166145.072530675,0.16717911486207315,-0.04742832233756095,1.5320626454072683,0.5319148936170213
3982639.5707026236,0.3183605559933893,-0.07243916167588732,2.148341135486346,0.5886524822695035
3274826.390876953,0.26776178475398305,-0.10893509183711446,1.9802139809695674,0.5673758865248227
3882681.512804997,0.31167533955836557,-0.07466630833805289,2.14825998589802,0.5673758865248227
1901728.529566341,0.13718128662464646,-0.05733818657638698,1.3622015354550465,0.5460992907801419
2063530.9141645695,0.15590514259435428,-0.10787732533546401,1.5292393660058594,0.5815602836879432
2930227.798222208,0.23988177628758156,-0.04627271729969081,1.8041952047639689,0.5531914893617021
2423029.0858459626,0.19363549663752377,-0.04715642749035087,1.8164309211588578,0.574468085106383
2520098.2539729825,0.20304949375475734,-0.0947812714287167,2.037821391470662,0.5815602836879432
2270365.7748512523,0.17820040112557045,-0.07683074682097481,1.4575007825362378,0.49645390070921985
2342996.861359415,0.18564409142110905,-0.0877112401454578,1.7697151666746516,0.5602836879432624
1824069.6226569603,0.1277381755374125,-0.11138213887545922,1.2707703567445117,0.5035460992907801
2028437.434849438,0.15194653663460533,-0.1048601945979177,1.3422748307194021,0.5177304964539007
2738089.6539731408,0.22317763827255654,-0.06826383514489691,2.3607925237941263,0.6170212765957447
3024050.429079588,0.24772192285228933,-0.08413783818205192,1.9123871277050328,0.5673758865248227
1915362.3707941037,0.1388071631181047,-0.07821902272535464,1.2396866690454047,0.5106382978723404
3098735.717534771,0.2538249498558287,-0.08433589467910724,1.8056378872949874,0.5319148936170213
3089605.356994256,0.25308520363910625,-0.08834597942183524,1.9595757781687475,0.5957446808510638
1385168.952706169,0.06733450530458085,-0.1254440216390298,0.7169435043281488,0.48936170212765956
2655337.0784063344,0.21569304465709038,-0.057629655233935824,1.9890890211840953,0.5815602836879432
2839393.923114075,0.2320976513244024,-0.07041124017051185,1.859854766205385,0.5531914893617021
2215855.4834351647,0.17248767591976022,-0.12684181951396076,1.6463872375277626,0.5673758865248227
2942265.2220457867,0.24089879741393316,-0.07726077027228224,1.9850620624811952,0.6028368794326241
2078495.4547767069,0.1575768045334487,-0.08357304109175759,1.3506458822830183,0.5390070921985816
2470081.346708823,0.19823569027234544,-0.07135492720073434,1.7556490138936713,0.5602836879432624
2436454.9328693408,0.19495534596566588,-0.06823455944990778,1.6947066073135992,0.574468085106383
2432254.338135163,0.19454302655560718,-0.06114897687967139,1.6836839762405733,0.5531914893617021
4355160.879046349,0.3421493348228779,-0.056205812892643384,2.6142966410736332,0.6524822695035462
1928494.1093099532,0.14036443235325624,-0.0891540786511371,1.4567287505523627,0.5106382978723404
2876418.5576751824,0.2352942400872433,-0.0685635695638457,1.8797368521303321,0.5390070921985816
2644105.390242558,0.21466285934838059,-0.05095400889972608,1.7462594663395898,0.5886524822695035
1938876.4849901833,0.14158966581849564,-0.1055300979380964,1.3198304400863203,0.5106382978723404
2083734.3830919173,0.15815976052023295,-0.09797699021125582,1.5328326491354523,0.5319148936170213
2124563.4183550174,0.16266323545395323,-0.06191322797898257,1.4210123233667074,0.45390070921985815
3944649.1023803744,0.315835730918574,-0.07548381895737168,2.283281650898807,0.5957446808510638
3557448.867907312,0.2889252551331263,-0.04365219886951601,2.143810354595822,0.574468085106383
2647696.9112694934,0.214992658523395,-0.06065084827525037,1.8530374380739323,0.5815602836879432
2396093.1593622286,0.19096977490790135,-0.10730407882489887,1.9206622885988462,0.5957446808510638
2719771.810895375,0.2215366272650423,-0.0719245300496859,1.7876947125893734,0.6028368794326241
2566984.765893138,0.20749310146422095,-0.08241561009348759,1.8097062498552987,0.5602836879432624
2882530.7792667723,0.2358187800655549,-0.07346012332126114,1.861300347626811,0.5673758865248227
3180687.6116665024,0.26038783694575707,-0.06353331220112796,2.2354240035145136,0.6099290780141844
2624119.6964409645,0.21282105597550172,-0.11759357226388926,1.6240895422431758,0.48936170212765956
2951893.4646119806,0.2417098776783808,-0.051599414681429694,1.8609053152405153,0.6312056737588653
3321992.0477452697,0.27139271229810835,-0.07198224811602925,2.1428274108684016,0.5815602836879432
2804388.262553006,0.2290445579702085,-0.192663221950385,1.6662783137733423,0.5035460992907801
1884407.0314343907,0.13510214201123594,-0.056526449823082955,1.3656299631026245,0.5460992907801419
2940664.221781285,0.24076372380868305,-0.09621994553520881,1.8448319797741497,0.5673758865248227
2365427.9452048927,0.1879056409595392,-0.05106272999581786,1.7861469615225027,0.5673758865248227
2627594.189071715,0.21314205564601552,-0.06889010876327253,1.6376224311060286,0.5319148936170213
3194846.3205395583,0.2615079578673778,-0.0754299936916666,2.331674202488956,0.6170212765957447
3304442.9788577775,0.27004658898165146,-0.04528409512117555,2.1537199079733824,0.6453900709219859
2076567.117051258,0.15736193489267492,-0.06682489837173983,1.4974483538513235,0.5177304964539007
2165126.6421294753,0.16706934249997718,-0.05146588384377182,1.6383949121858783,0.5673758865248227
2000880.1395908345,0.14879943869506373,-0.06220523488751784,1.3508534248712327,0.5177304964539007
3061403.130975774,0.25078914745436043,-0.051086270499186806,2.1849201308445605,0.5886524822695035
1881129.800784146,0.1347070488075388,-0.07953102187761432,1.1783612248165074,0.48936170212765956
2692638.883193081,0.21908958948512103,-0.05294807159690975,1.7050144222839787,0.5602836879432624
2331919.1675326787,0.18452081954981336,-0.08022774544387097,1.5166021817907105,0.5106382978723404
2922946.9897978166,0.23926501009150414,-0.09189838658231766,2.109980638668004,0.6099290780141844
1923509.8916197792,0.13977436473055915,-0.08135250976503966,1.2435307584252406,0.48936170212765956
1897842.709079197,0.1367161836023405,-0.07207194592008782,1.34979389202021,0.5106382978723404
2735888.410414343,0.22298090416253147,-0.08597240417075747,1.7524724222982886,0.5106382978723404
3053698.476145484,0.2501589387422605,-0.07433185426184032,1.9171145258967996,0.574468085106383
2551897.0330324173,0.20607031802121556,-0.10243711394817778,1.750351345118405,0.574468085106383
2055048.629868573,0.15495329088935117,-0.058650394403625794,1.6197274768305576,0.5035460992907801
3177996.8944365084,0.2601745185796267,-0.09701558783415022,2.261587998670535,0.6028368794326241
2052097.6220194162,0.15462140233433708,-0.07235489269627597,1.5452344765490795,0.5602836879432624
2019365.4512796935,0.15091429520398014,-0.057537258956155114,1.3131918727160103,0.5106382978723404
2312289.646977012,0.1825198699220525,-0.1721484289726195,1.3908442526338347,0.5106382978723404
2942674.2405269695,0.2409332961611672,-0.06004072680685377,1.9477241445491071,0.5673758865248227
2747308.149767451,0.22400016088421948,-0.06949072643011397,1.9462192744448719,0.5673758865248227
2468442.0040361243,0.19807659910874809,-0.07658678706343397,1.7118782860524984,0.5957446808510638
2899519.7077853293,0.23727208041339476,-0.0862714281372757,1.9142980599945518,0.5390070921985816
3895928.8808762175,0.3125691846959373,-0.06291977699228385,2.370149245760224,0.574468085106383
2336507.969431391,0.1849866382662324,-0.1614750409485734,1.46894870597084,0.5106382978723404
2630885.247977027,0.21344579533552444,-0.05984138632424185,1.8121365171026416,0.5815602836879432
2121867.3972578645,0.16236800709102162,-0.07600842903102827,1.6127339030462018,0.5460992907801419
4281115.609484193,0.3375542054553371,-0.04625756622556807,2.7203395461574518,0.6382978723404256
4134611.268139175,0.328271752181436,-0.060105885195581354,2.4078862947098885,0.6312056737588653
3706864.4030617485,0.2995749753557382,-0.050829856714264106,2.2549826783579143,0.5957446808510638
2685064.380019867,0.21840294666505344,-0.055942912166955856,1.9153714910281046,0.5815602836879432
2075080.9615273436,0.1571962275169807,-0.0901291616754711,1.5098354328906924,0.5319148936170213
3324842.944281435,0.2716108564374182,-0.07622973958210677,1.9065117839220043,0.524822695035461
2224257.3856440405,0.1733754792702762,-0.07012968422879061,1.4415458267793524,0.5390070921985816
2469570.574692371,0.19818613110381955,-0.10377050663693528,1.928061447326601,0.5957446808510638
2924138.42206945,0.2393660218206688,-0.08290619991024156,1.9041966503074472,0.5460992907801419
4017138.642096749,0.3206367065158797,-0.06080715881093171,2.339032115120797,0.5957446808510638
2097944.382968716,0.15973508033583816,-0.03854577850000006,1.6717098586095969,0.5602836879432624
4189403.6692639515,0.3317737233023734,-0.07051843243654177,2.489763204531608,0.6099290780141844
2872266.633221407,0.2349374205151309,-0.12306137494375491,1.8191521414423093,0.5815602836879432
3553996.3848294974,0.2886749790909169,-0.04515867681035137,2.5947094158513266,0.6312056737588653
2929925.6856922717,0.23985620835941002,-0.09882612691472223,1.9850590945026925,0.5886524822695035
1996699.6997359833,0.14831899956853678,-0.0899061667697951,1.4202977232269773,0.5035460992907801
2213495.248201587,0.17223779260719296,-0.06994971537925866,1.7548080649278828,0.5886524822695035
2563476.622607671,0.20716287929542987,-0.08125262882482846,1.929474245831054,0.574468085106383
3236962.3332114667,0.2648165194037684,-0.08594539547604244,1.9401662621915903,0.5460992907801419
2490566.198205239,0.20021656901909513,-0.07730622891822612,1.7530357344834078,0.5319148936170213
2443018.862219049,0.195598506943369,-0.07281978296956403,1.554074406730524,0.49645390070921985
3504667.3831789675,0.2850776231390735,-0.07343078144093089,2.019508936311385,0.574468085106383
3752183.4802886257,0.3027371960909242,-0.07319752641045674,2.513824903389889,0.624113475177305
2447717.7458003066,0.19605807449168777,-0.06876134665729014,1.614510175567874,0.524822695035461
3653762.9913051613,0.29583013233336075,-0.05330314916746483,2.1551439063256805,0.5531914893617021
2038222.9733202874,0.1530558365971062,-0.09772427145740045,1.428320529847448,0.49645390070921985
2367271.5429858267,0.18809075230674255,-0.07348272190568905,1.813522724386888,0.5460992907801419
2314368.7356877048,0.18273244536193545,-0.09653275471160007,1.8447011461652696,0.5602836879432624
3237452.742580049,0.2648548417702743,-0.0867880901429762,2.0288934422210003,0.5673758865248227
2729429.6319352826,0.22240292500797598,-0.05290653478964133,1.8147987703147896,0.5602836879432624
2171794.588075409,0.16778730387671703,-0.045434036401679395,1.6134072014561391,0.5035460992907801
2539708.5079230773,0.20491600938354781,-0.06613311342029969,1.7665405590065417,0.5673758865248227
2537241.4847033205,0.20468183200213685,-0.0923411751519867,1.814541770618031,0.5886524822695035
5188288.340624372,0.3899680602727149,-0.055932316348987564,2.736314195441096,0.6453900709219859
2518087.3858749955,0.20285744200850142,-0.08560899860776616,1.4946020506445583,0.524822695035461
1705489.2501332904,0.11267875851281217,-0.13851285075617623,1.0186323025769786,0.46099290780141844
2242002.6844417998,0.17524178911663357,-0.09474758805787345,1.7308713795876602,0.5602836879432624
3360397.3499074266,0.27431890685382365,-0.07759333010831883,2.1343149216034343,0.6312056737588653
4014990.792801131,0.3204954549579102,-0.04649637368890985,2.3111964617780107,0.6170212765957447
3785724.2430490702,0.30505794597461966,-0.05933260708358746,2.3747321285641827,0.624113475177305
2858933.826482762,0.23378879182157353,-0.05733175317486434,1.909912923006751,0.5319148936170213
2036820.9100424345,0.15289715893715927,-0.07080014237603696,1.359430575888384,0.5319148936170213
2389988.114140387,0.19036225712946475,-0.09737774555828929,1.7164296367645688,0.5460992907801419
2863694.4918924575,0.2341994167318182,-0.058671903990387186,1.8674773620458982,0.5673758865248227
1907490.4249372166,0.13786954396051998,-0.09328730109471418,1.1641914370069673,0.5035460992907801
3755468.7096357085,0.30296523890423455,-0.05544976552542952,2.1738329798535982,0.5957446808510638
3062162.968680392,0.25085123025581324,-0.09910221534332621,1.9070422061708923,0.5531914893617021
1875967.271751016,0.13408355124048854,-0.08772600090527982,1.2275768355750718,0.49645390070921985
2567053.4015180073,0.2074995585463415,-0.06054252205724266,2.1909773778915804,0.624113475177305
5087021.02911129,0.3844991918897971,-0.047380995073348565,2.5731054209402897,0.6666666666666666
4267785.6914502615,0.33672022959109627,-0.0470771240113229,2.479703862206386,0.624113475177305
4853978.643203096,0.3715750369499915,-0.06159368191147307,2.6162639496712337,0.6524822695035462
3616224.106941689,0.29315644129373997,-0.05765315298499416,2.3867935261215645,0.624113475177305
2200589.745124877,0.17086767682527504,-0.07610102618303914,1.5295469809110787,0.5460992907801419
4372523.864454764,0.3432177980124933,-0.07117176734520018,2.571156687011476,0.6453900709219859
2470052.130974529,0.19823285575021754,-0.06444931126555081,1.6908653905388833,0.5319148936170213
2699533.5267636394,0.21971325964631938,-0.09124278698814135,1.940633990361894,0.6099290780141844
2781458.0401467658,0.22702808302441824,-0.05923027131540984,1.7666576422657871,0.5815602836879432
2616752.242456266,0.2121392688563284,-0.04949053426713497,2.070105242500794,0.5815602836879432
2763781.1416942244,0.22546448579635792,-0.0779105988094456,1.7831774186101705,0.5531914893617021
2465763.4827469275,0.19781647815365488,-0.0579190047770578,1.7625827237698706,0.5815602836879432
1734793.8070477142,0.11647646479558027,-0.0955230024608109,1.013966557651948,0.46099290780141844
5434196.955826369,0.40290116208588267,-0.032690822901916196,3.237261552810838,0.723404255319149
3596530.4079231485,0.29174487543874617,-0.06649418655773853,2.1024217295944005,0.5815602836879432
2862229.4981702836,0.23407311383838403,-0.05227088925900899,2.108482881769212,0.5957446808510638
3493025.258770523,0.2842227087513933,-0.04064654299269194,2.3230050333651526,0.6453900709219859
2291324.1355000087,0.18036767049885816,-0.04384389934320797,1.769148281020487,0.5390070921985816
2429275.284227759,0.1942502650012372,-0.0738141567111445,1.5966055607657461,0.5602836879432624
3520514.251165646,0.28623766034002784,-0.08843159598584717,2.056916040222777,0.5602836879432624
3336092.7104784152,0.2724702054760584,-0.11097724054497249,2.4040473679625265,0.6028368794326241
2613904.8825488165,0.21187536156654518,-0.039858093068041285,2.1760508986022473,0.6312056737588653
2808052.2880084002,0.22936554768419382,-0.11216150514069202,1.983337215326208,0.5673758865248227
3415827.915610665,0.2784954792114589,-0.053464479476615194,2.093144442224358,0.5815602836879432
2225177.6210060795,0.17347255463271938,-0.10348830162462701,1.4080715525369731,0.46808510638297873
3074591.3286087792,0.2518649484783819,-0.05177660535084245,2.148752624252041,0.5957446808510638
2239522.439240034,0.17498164861468513,-0.08729324316833303,1.551067988471081,0.574468085106383
3664639.12744309,0.29660067349363484,-0.05473563396817765,2.162266368933352,0.574468085106383
1831108.4989114238,0.128607197740376,-0.07434245015140943,1.2271744399570683,0.48226950354609927
3853052.269283387,0.309667287940562,-0.07795351338737094,2.0442037190455777,0.5531914893617021
3316531.7402353073,0.27097448348275943,-0.060805223136551026,2.401607804277745,0.6170212765957447
3180993.152430035,0.2604120508964902,-0.07400194469695637,2.049878933474832,0.5957446808510638
3188607.637753431,0.2610148948700759,-0.06354163174990254,2.4304844345023207,0.624113475177305
3230059.9071191256,0.2642766454288261,-0.057506051023509704,2.2876366740397875,0.5815602836879432
2690562.6350928536,0.21890152761714088,-0.05684097003803067,1.7945230617905068,0.5177304964539007
4537089.639369055,0.3531796935661857,-0.05145765606888145,2.5125269158834085,0.6382978723404256
1827668.1630858544,0.12818278716002052,-0.1613028751201472,1.1698738493302554,0.5035460992907801
1672403.450833751,0.10832775991623511,-0.09865491941492033,1.1369542318902266,0.5035460992907801
3919318.7057603234,0.3141414567793095,-0.07890910348321012,2.311917542618913,0.5815602836879432
1952646.1694358487,0.14320656758151418,-0.06627824752530938,1.2146004627975933,0.5177304964539007
1984120.8910311018,0.1468685038160218,-0.08479706211923743,1.2431454928874726,0.5177304964539007
2366558.29770134,0.18801915069649944,-0.06951646889820084,1.6153571706138143,0.5390070921985816
3022067.283038409,0.2475582308646549,-0.06056767889150006,1.9132215552368161,0.5602836879432624
3343774.3701876546,0.27305566238819945,-0.06157934158515702,2.0494350456170176,0.5390070921985816
2326201.324520907,0.18393936228385654,-0.05340968080729753,1.4991712479503696,0.5319148936170213
2382173.2020018,0.189582774792302,-0.06478042036202514,1.719219899585388,0.5815602836879432
2235774.737454493,0.1745881333465158,-0.09067199835965163,1.4554766189503592,0.49645390070921985
3918089.054311077,0.3140589863858263,-0.060870899388816235,2.0992279186590608,0.5815602836879432
2018057.2939016635,0.15076514267625596,-0.08071942865971604,1.249133166191248,0.48936170212765956
2094177.7742285817,0.15931834776745712,-0.09160355500352398,1.4218742260107284,0.5390070921985816
2867227.8568943837,0.23450382953592452,-0.06941680271573374,1.812550379756946,0.5673758865248227
3218085.221522467,0.26333785073050153,-0.05403650001660682,2.070651186757322,0.5886524822695035
2689166.6450177752,0.21877501670336574,-0.055644239822460605,1.7712624750663761,0.524822695035461
2145121.65968315,0.1649046681025501,-0.14419060547470586,1.3772895135594472,0.524822695035461
2061224.8700753665,0.1556466768222191,-0.08505189184415683,1.3267160482206048,0.49645390070921985
3621435.3918800163,0.29352893620833154,-0.06180200250980113,2.2843076618667606,0.6099290780141844
2532175.4834164595,0.20420038001810914,-0.10703243681535617,1.629037402446572,0.5035460992907801
1788479.1673130284,0.12330263373462658,-0.10017148061822005,1.0634354990505956,0.4397163120567376
2061527.498522513,0.15568060917255577,-0.12851228746151505,1.3988037711872348,0.49645390070921985
2200388.507605521,0.17084626155452143,-0.10137110722389399,1.4381070262050502,0.5106382978723404
2786697.093268726,0.22748997224320555,-0.03699687706478645,2.1236576357154777,0.5815602836879432
3102221.7797128865,0.25410693235185255,-0.08635997222538373,1.8647235021009538,0.5460992907801419
2759429.922509711,0.2250783752131107,-0.07620208940259732,1.8479190407139086,0.5886524822695035
3391976.7214647923,0.276705039377092,-0.058778914172966275,2.134072552975978,0.5673758865248227
1901589.2982118016,0.13716463483387797,-0.09419689281156769,1.2677451115063063,0.5035460992907801
2456771.866455497,0.1969416131773365,-0.05132588349513942,1.9377786016972192,0.5957446808510638
2729472.4575151564,0.2224067609585303,-0.0530715456847558,1.8379474223666785,0.5673758865248227
3012644.5445020837,0.2467792870058345,-0.09827091644888132,1.9396495128424633,0.5531914893617021
2996440.5743530327,0.24543519344694564,-0.05218315577138484,2.0292607555029445,0.6028368794326241
4221101.385286739,0.33378293538906934,-0.09008303700219011,2.2245760499663096,0.5957446808510638
2507983.2731794734,0.20189056836214347,-0.0725553601714677,1.8198970212456822,0.574468085106383
2620991.2528701616,0.21253173587204977,-0.08281124780126776,1.8101325720998767,0.5957446808510638
2281725.5027202205,0.1793770687372187,-0.12068427761170063,1.6573637654059983,0.5177304964539007
2405403.2262285706,0.19189384709553092,-0.09149150197191896,1.586536639797574,0.5460992907801419
2586919.8850929593,0.2093627728638574,-0.04825057974580226,1.946291763929444,0.5319148936170213
3325578.83561713,0.27166714087506016,-0.06484716149304631,2.155470980100183,0.5886524822695035
2049464.8926991129,0.15432498692495789,-0.05579119337501401,1.4834766485260558,0.524822695035461
3679705.762507399,0.2976650817865294,-0.08486295947926933,2.2417802967386513,0.574468085106383
2773108.4772368157,0.226290522216392,-0.11963143403923111,1.8264985734875183,0.574468085106383
3201919.309084032,0.2620660279268212,-0.06006134717227981,2.121298937956867,0.6099290780141844
2778908.757077951,0.22680307949910272,-0.07223340127117779,1.8434157120730805,0.5460992907801419
2442461.108560335,0.19554390971055113,-0.0734507278246592,1.7513112315942276,0.5390070921985816
3245257.5762538323,0.26546411557066163,-0.11004861478186403,2.0712172179538704,0.574468085106383
2654331.7888416974,0.21560098036453046,-0.07033851887343495,1.892056343417437,0.5673758865248227
3497266.213824985,0.2845343977492083,-0.08222016107119819,2.002313028571303,0.5390070921985816
2571941.4657362094,0.20795906164276912,-0.0787900681343281,1.6070252593221268,0.524822695035461
2662207.2859154036,0.216321472073024,-0.059827529295365174,1.9735449476220146,0.5531914893617021
2009634.2706003843,0.14980291579410276,-0.07190496169533947,1.492268656184031,0.524822695035461
2615611.976030071,0.21203361095971673,-0.06455606633593658,1.7551053107786383,0.5390070921985816
2440554.34927485,0.1953571860302028,-0.09429401787864339,1.6565256203298007,0.5460992907801419
2056635.5647378317,0.15513160976215512,-0.05807436108351468,1.5152277822750193,0.5531914893617021
2552222.1976407394,0.20610105212927032,-0.07569096346480739,1.7797973039028185,0.5673758865248227
2794753.4130191305,0.22819888573495617,-0.05766069642906531,1.789636270475273,0.5319148936170213
2981183.088539738,0.24416428346557484,-0.059878980310936525,1.8803883036493318,0.5531914893617021
2604817.408535121,0.21103154870504803,-0.046621754896773504,1.9587459587496274,0.5886524822695035
1996068.9853938946,0.14824644456277758,-0.08936847976803475,1.5373539131215217,0.5602836879432624
2921642.951954798,0.23915441370054458,-0.061977356082336656,1.7245433545298121,0.5177304964539007
2028181.536828304,0.1519174703483599,-0.05910161250717617,1.3194346321948303,0.524822695035461
2268708.0659088925,0.17802829810681842,-0.08532641205391985,1.3346891045591,0.5035460992907801
2546113.8259095424,0.20552317323140423,-0.05359592536330816,1.9014763720824814,0.5602836879432624
7044458.031932394,0.47764298797337434,-0.062047714810996836,2.894983745829441,0.6382978723404256
2747526.56793845,0.22401962250704877,-0.052445403597725676,1.9320727316118955,0.5531914893617021
3157443.880935318,0.2585403038208154,-0.05446366243129598,1.8805324488844732,0.5673758865248227
2140063.681446159,0.1643548039528102,-0.09065353934628413,1.6011007517116078,0.5460992907801419
4158195.6942718267,0.32978363768738284,-0.04857468075803291,2.359045925944106,0.574468085106383
2223877.016021375,0.17333534480345736,-0.136725542722334,1.5548441384180014,0.524822695035461
2762619.7213419382,0.22536147339245582,-0.05806630587070156,1.8495788984598522,0.5957446808510638
2193605.116678561,0.17012346920203347,-0.12603665804007821,1.4603037855028147,0.5035460992907801
3282641.843238982,0.2683663167673611,-0.06041890343420712,2.1274763436668254,0.5673758865248227
1924771.4189760538,0.1399238289459921,-0.06845044912166987,1.36023580118494,0.48936170212765956
3284508.255784556,0.2685105150511362,-0.09267150302265713,1.9410848112706607,0.5957446808510638
4463980.551084985,0.3487903768606122,-0.04153973350433402,2.5909190295630267,0.624113475177305
2559611.7338225166,0.20679865779767148,-0.08043383995991485,1.8029868702990726,0.5957446808510638
4263800.349869313,0.33647048519886313,-0.058115875559172685,2.2514615061362298,0.6099290780141844
3020377.2808986316,0.24741866760154063,-0.09626674092506438,1.7892467439740873,0.5177304964539007
3181077.4500622596,0.2604187311136539,-0.07142478404426399,1.989705959359987,0.5673758865248227
1907254.8831574707,0.13784144116607444,-0.08044301856498749,1.3586320523686979,0.5673758865248227
2083225.031790198,0.15810313450548796,-0.1032052140864684,1.457341468738124,0.5035460992907801
2982792.532110364,0.24429859121337527,-0.07745998053601959,1.9167995014106662,0.5957446808510638
1898926.462223185,0.13684597712376934,-0.09235081011740744,1.3815714171144695,0.5106382978723404
2746320.74256905,0.22391216490473487,-0.040418474195227455,2.201829772864074,0.5957446808510638
3135644.3467748067,0.25679764888908196,-0.0594576948382452,2.1441164556631653,0.6170212765957447
1968280.1494782497,0.14503136331805755,-0.05840727397255698,1.3569899437431057,0.48226950354609927
2772077.5415611225,0.2261993310713728,-0.03723687485198632,2.128236873864818,0.574468085106383
2750204.089884994,0.2242580960965479,-0.08809273846125223,1.922487999584819,0.5673758865248227
1840793.530552489,0.1297985574071301,-0.10404238100036002,1.2368003333657742,0.46808510638297873
2769423.9895192483,0.22596448696829619,-0.09308290122834136,1.7420052417213252,0.5460992907801419
2543553.607322017,0.20528063537201002,-0.0653799101734107,1.6044839949272087,0.5177304964539007
3078392.243822875,0.2521743152102842,-0.04353347595577127,1.9130668818036092,0.5390070921985816
1674952.0410969798,0.10866535227062402,-0.0735676580116747,1.1000605850698915,0.48226950354609927
2958221.4434971036,0.2422417928689844,-0.06039983619178773,2.003515813579641,0.5886524822695035
2383954.7116783303,0.18976064763151745,-0.07827786067002453,1.7884437454420234,0.5673758865248227
3505200.535503766,0.2851167195987343,-0.08578018105958646,2.3158726537535195,0.6028368794326241
2911016.165747595,0.2382516730374511,-0.06029756681671146,2.1957158176779235,0.6170212765957447
3763038.2677374464,0.3034900697345375,-0.0738248800052703,2.3234578715058087,0.624113475177305
2460434.4169217814,0.19729828017437634,-0.05574619743371829,1.5700752397643518,0.5531914893617021
1559757.117790659,0.09297793680313893,-0.1070976515822068,0.9314900384204741,0.5035460992907801
2760505.3206124394,0.22517384722526912,-0.06150107655900208,1.9741396703881118,0.574468085106383
3169713.433158782,0.2595169026325874,-0.06640413957118166,1.9131308253408048,0.5602836879432624
2586038.5814108113,0.20928036125612848,-0.07336658760314041,1.7842145260920073,0.5886524822695035
2430530.6443401715,0.19437366841765624,-0.0779508391884901,1.6932942661142616,0.524822695035461
4102976.411095344,0.3262329205374328,-0.06344051464862116,2.4128598026668344,0.5957446808510638
3133412.738597332,0.2566187077613826,-0.12602518191355497,1.9510813564342224,0.5673758865248227
6613203.874444245,0.45909101229879945,-0.08405925972042985,2.7751590763701426,0.6666666666666666
2495603.652739644,0.20070169170408314,-0.0653799791094756,1.6240227394082982,0.5319148936170213
1631473.061075577,0.1028488163734862,-0.1435688255314299,1.0511333354011503,0.5106382978723404
3857116.317865016,0.3099434486009798,-0.042771493324306846,2.198055988226433,0.624113475177305
2514310.9217563034,0.20249643186267852,-0.055191740200097185,1.8271246373287957,0.5390070921985816
2213127.346352256,0.17219882282605892,-0.060426757602723126,1.4843209842466578,0.5106382978723404
3508383.6517198696,0.2853500409576679,-0.07408998281875175,2.1256284771982332,0.6028368794326241
2797125.9476394784,0.2284073445835766,-0.06467526467119968,1.835618638853729,0.5531914893617021
2419208.057000249,0.1932587949813176,-0.09621745387769569,1.7724403444613954,0.5460992907801419
4055964.204318927,0.3231796796276385,-0.06751682982189576,2.320293889022662,0.6312056737588653
2752812.213581401,0.22449021021691773,-0.056658558955420324,1.7783172587482046,0.5177304964539007
3387328.8269921737,0.27635496354186406,-0.08895197723359767,1.9367378602642553,0.5531914893617021
2400164.5248385617,0.19137423171637402,-0.10813784198796143,1.6775421371457229,0.524822695035461
2534037.5386909544,0.20437743160249644,-0.06356348761150565,1.910129689636615,0.5886524822695035
2077354.6378750224,0.15744970555849225,-0.07993901830686426,1.4320374414134982,0.5531914893617021
1559364.419609725,0.0929228957106587,-0.10385897895490186,0.8724239113516463,0.48226950354609927
2736883.281833874,0.22306983555357962,-0.06311853826345977,1.8035142579074914,0.5673758865248227
2557231.1649951027,0.20657409744037336,-0.07061067892549577,1.9427946663174402,0.574468085106383
1989406.8774132847,0.14747893851843252,-0.09814360701112619,1.2959710908670303,0.524822695035461
2120209.153678517,0.16218627169092525,-0.07016356177404098,1.4771113647165253,0.5460992907801419
1794009.8876979598,0.123996519607108,-0.09715450076424162,1.1985432393334612,0.524822695035461
2141111.766596,0.16446882896966364,-0.0663436892225111,1.537020737180754,0.5460992907801419
3062171.9200675534,0.25085196155853384,-0.07048004327931494,2.064548608295571,0.5673758865248227
1670683.8871613808,0.10809974980668668,-0.08560081269381303,1.1928135902325172,0.5177304964539007
2987725.750256407,0.24470990641208834,-0.06492394269228687,1.7487606358274017,0.5602836879432624
2836157.1682500346,0.23181661826881617,-0.1125936593055406,1.9254141258583317,0.574468085106383
2648858.107710326,0.21509921133228538,-0.058870861351814296,1.9282322630296336,0.5815602836879432
2250372.490461179,0.176117960232282,-0.07733851307631993,1.6535464700325575,0.5602836879432624
1719187.499168574,0.11446041941223428,-0.12050083877417787,1.2657772878276705,0.5673758865248227
2490457.5516693555,0.20020609737228123,-0.08274731061099883,1.7739820739852339,0.5815602836879432
3032353.231483512,0.2484063181860836,-0.0587431078587622,2.07220811629047,0.5673758865248227
2514177.3140079067,0.20248365172046046,-0.0732241224614051,1.659294595234314,0.5390070921985816
4183404.201765296,0.331392069274542,-0.07697270427092835,2.3684696451081138,0.624113475177305
2141779.972832462,0.1645415022630794,-0.10950069394279614,1.584599086362433,0.5460992907801419
2331406.8680463135,0.18446876948318303,-0.07612436035189614,1.7441946663036516,0.5602836879432624
2589359.091217109,0.20959074846909576,-0.07075703613764212,1.703131730113813,0.5460992907801419
2215306.313836031,0.17242955313752262,-0.08207679143170837,1.5283510557750983,0.5460992907801419
2513513.5623288555,0.20242015302945005,-0.039392940202045985,1.9126362133028811,0.6028368794326241
4070069.5431444957,0.324098720723613,-0.056687967554256195,2.3407892491037425,0.5957446808510638
2114006.7684559217,0.16150551087309872,-0.07802468141526042,1.4434744394229182,0.49645390070921985
3321231.261458163,0.27133447334112115,-0.07277304056853756,2.2184926842709882,0.6099290780141844
2438853.3706232775,0.19519051536043364,-0.118664877766455,1.672604848704013,0.5602836879432624
2283279.146147849,0.1795376342893893,-0.059474667142687204,1.5442950945001472,0.5319148936170213
2138465.9869402316,0.16418089893619414,-0.08318881584513914,1.458489902026752,0.46808510638297873
2938627.2358887987,0.24059178178506735,-0.05511650197656821,1.8300534330388816,0.5460992907801419
2448135.4974350138,0.19609889791667134,-0.09568830364454291,1.5691136247061985,0.5460992907801419
2728780.117308095,0.22234474111805302,-0.12407151931486513,1.783500687422292,0.5460992907801419
2832782.9557742514,0.23152337708775317,-0.0501288847505755,1.8713559197001246,0.5531914893617021
3493078.9787368374,0.2842266587930422,-0.06847548859610048,2.040441946417,0.5886524822695035
2784647.4557912783,0.2273093534043933,-0.10988618753371522,1.831794265200325,0.5602836879432624
2421019.118547252,0.19343740039551438,-0.08636719100738484,1.677900540934513,0.5531914893617021
3747085.7924037008,0.3023830258038025,-0.057263975888440385,2.466767457767033,0.5815602836879432
3343771.0187966954,0.27305540719700083,-0.06947622517170732,2.1132643429156412,0.6170212765957447
2292392.7795729386,0.1804777516211471,-0.08844536178409534,1.475049567804037,0.48936170212765956
2837505.3522777655,0.23193370626563858,-0.08833766256414413,1.8326086427010575,0.5531914893617021
3255046.4478530246,0.2662266157057216,-0.07268094963580272,2.049437713298286,0.5390070921985816
3293039.813418093,0.2691688262936902,-0.05481179030146018,2.2952018540404073,0.6028368794326241
2223260.6028684378,0.17327029268622773,-0.1044681957559914,1.348364592906534,0.48936170212765956
2043151.6898704325,0.1536129489851068,-0.06998109694510052,1.5042173005698047,0.524822695035461
1993625.8684403528,0.14796522434238968,-0.11558896861802989,1.4317216681857547,0.5319148936170213
2515488.522457424,0.20260905082428038,-0.07239601031313003,1.6631123834562591,0.5106382978723404
3256046.517278481,0.26630441237927216,-0.06181789806321029,2.022676019180791,0.5673758865248227
3394942.4790552743,0.276928217448136,-0.06326605652921623,2.239991580042337,0.6099290780141844
2813835.3248203024,0.22987149387649142,-0.049961327486673736,1.845388316336493,0.5815602836879432
3429000.8278784864,0.27948004809998905,-0.05050962242473612,2.1129076067233656,0.5886524822695035
2332021.9282066193,0.18453125902077727,-0.05998885540808761,1.6694485938271952,0.524822695035461
3270703.404220663,0.2674424029868425,-0.05042339351147627,2.3728688290460562,0.624113475177305
1707196.9534333805,0.11290149396632909,-0.06800590168372439,1.1345756507653868,0.46808510638297873
2061717.232761104,0.15570188117680384,-0.07550408590984241,1.5623791601857506,0.5390070921985816
4899600.183037606,0.374143628288198,-0.05835628799482804,2.5042550451830428,0.6595744680851063
3043118.3893867964,0.24929145565761512,-0.1241745177279362,1.9428034741770188,0.5815602836879432
4893388.54421972,0.3737950277720914,-0.04090021531601851,2.570361825091984,0.6312056737588653
1838588.2900457943,0.12952773156377173,-0.09876747314652282,1.2501146804782939,0.5177304964539007
3465742.7772714957,0.28221031214743975,-0.07004078976628413,2.2339492460109347,0.5815602836879432
3511356.201858079,0.28556777502494524,-0.05013474530917017,2.3339490482809477,0.5815602836879432
3531491.914036451,0.2870388106174011,-0.04690904652948949,2.4308947679076316,0.6453900709219859
3594027.0267231055,0.2915650003821426,-0.054539616662530085,2.2124817260546723,0.5815602836879432
4125540.6329648457,0.3276884395372781,-0.059899489565967294,2.2559813026846554,0.5886524822695035
3352996.1941602957,0.2737570832553964,-0.04950392599419421,2.296760913984258,0.5957446808510638
1867402.6321214077,0.13304613405903387,-0.1021501131709416,1.288329943221674,0.49645390070921985
1890118.6033252198,0.13578940028201103,-0.06751947337735456,1.4463822325715396,0.5460992907801419
2248408.479801509,0.1759125973395692,-0.05151923281589586,1.5236622019671073,0.46099290780141844
2681936.831153774,0.21811897645874567,-0.11549391950135655,1.8511310073935705,0.574468085106383
1486292.7409879067,0.08248246834870576,-0.07874566054523736,0.8632264136931225,0.46808510638297873
2621222.817677342,0.21255316057196594,-0.09829350064084734,1.6819861043631346,0.5177304964539007
1870841.5472958714,0.13346313920206576,-0.12831925840674763,1.2010055317177786,0.49645390070921985
3203698.39886559,0.26220624569576967,-0.05242917745846008,2.426156114056373,0.6382978723404256
1719472.9333345199,0.11449742339891356,-0.08307472626287986,1.235904905297567,0.5106382978723404
2266618.877422964,0.177811255619428,-0.1436519108971923,1.327321454861725,0.49645390070921985
4797534.884671427,0.3683702649072733,-0.07370813838437464,2.2489691171867983,0.5531914893617021
3692393.4145085686,0.29855872183580456,-0.08640104499883863,2.292341793652352,0.6099290780141844
3494115.059970203,0.2843028325820438,-0.05449305893068012,2.27107500256083,0.6099290780141844
2641009.3190327464,0.21437826816949768,-0.05453961666252998,1.969129268053725,0.5957446808510638
1442648.3318715314,0.07604911732225417,-0.1106632948627358,0.8006449773967385,0.49645390070921985
3000243.209151352,0.24575113717153974,-0.07822121776879341,1.8130196939194678,0.5531914893617021
2676171.209448399,0.21759478361977247,-0.07707705372859527,1.646172598706405,0.5319148936170213
2988493.1802314557,0.24477384330878627,-0.09335297144123013,1.8423401343553396,0.5035460992907801
1879008.2290468116,0.13445098469480343,-0.06450117572290952,1.3010169215569072,0.5106382978723404
2071215.0951231592,0.15676473558711979,-0.11728542982686387,1.3970633138451023,0.48936170212765956
2511684.8980079843,0.20224514199855426,-0.06939192631958463,1.712347479023855,0.5602836879432624
3159995.7400608826,0.2587436695765626,-0.0900674733100868,2.1677208590768116,0.6170212765957447
1972681.4346413387,0.14554298844902758,-0.07158269486935895,1.3281231382731935,0.5035460992907801
2444255.664357491,0.19571953911856577,-0.08281126199344918,1.575728387078615,0.48936170212765956
4078597.745521017,0.3246531451239345,-0.04697960119283023,2.2202007906155488,0.5886524822695035
3321229.617966415,0.2713343475186194,-0.04575850745522506,2.417165422758178,0.6453900709219859
4254772.360424709,0.3359040481073321,-0.08723270498568605,2.2067954129125735,0.5886524822695035
2627730.00217949,0.21315459618116606,-0.09484754038189518,1.8438882958843477,0.5815602836879432
2037443.9962731744,0.1529676871271184,-0.09039137715228997,1.453058513534424,0.5602836879432624
2027391.7282727421,0.15182774110018782,-0.1295801829204716,1.2851451108758336,0.48226950354609927
3148802.7529023946,0.25785068696757407,-0.09598723073817413,1.9284682490491332,0.5815602836879432
2327299.283785186,0.184051104274914,-0.0781508684840545,1.6450236327865795,0.5460992907801419
3953221.831983755,0.31640716378401246,-0.07233195382584154,2.1065337183421278,0.5602836879432624
2683676.199595008,0.2182769375446978,-0.08208984881489653,1.8677679335587691,0.5390070921985816
2627983.4612711896,0.21317799837233609,-0.10395458168406717,1.847565192597568,0.5531914893617021
2340395.5024901624,0.18538069743258734,-0.11984192413657539,1.7013158546219638,0.5531914893617021
2021799.3636154342,0.15119159765700352,-0.05878911472531157,1.444351734070214,0.5390070921985816
1970825.8720274754,0.14532740098241792,-0.12794829757980394,1.4463996249996574,0.5602836879432624
2042718.7578827476,0.1535640560628717,-0.10256772242417865,1.5445435657098912,0.5531914893617021
3499685.4651211537,0.2847120652066575,-0.046466531117450284,2.1546774876001518,0.5602836879432624
2321979.6758559104,0.18350932140496856,-0.12371637261620215,1.7133032440566196,0.5460992907801419
2134779.3631828935,0.16377922225115515,-0.17128797780000718,1.6001745316580782,0.5602836879432624
3669950.9168284396,0.29697633285677405,-0.07018655252335021,2.133487983366343,0.5886524822695035
2799493.3988791215,0.2286152158386836,-0.09272653736845682,1.8344971031244872,0.574468085106383
2299279.733618473,0.18118619425193971,-0.0867549553723058,1.6830450549588951,0.5390070921985816
3119827.441817127,0.25552716808468134,-0.07193352787906662,2.1476719720849693,0.6170212765957447
3779313.085229895,0.30461562078276083,-0.09871173524416252,2.184485278863116,0.5957446808510638
3513144.404425044,0.28569868669084864,-0.06920455694293008,2.298830942983209,0.6099290780141844
2714270.0385915334,0.2210420224627443,-0.10456705393731766,1.8059500528337842,0.5319148936170213
2513741.7652755585,0.20244198588221396,-0.06077216437423415,1.8042689999207526,0.5602836879432624
4248821.773290703,0.3355301684437604,-0.05858974592788545,2.5156746907273004,0.6028368794326241
1649725.25587561,0.10530548358010128,-0.11597796429351549,1.0046196466586692,0.48936170212765956
2376710.255517849,0.18903666870161717,-0.08430541749665035,1.5722110098320177,0.5319148936170213
2945964.398757565,0.24121066577754124,-0.09378801168257729,1.8319966458549355,0.5602836879432624
2900813.975311508,0.23738251768513963,-0.05745047026911925,1.8795886758945344,0.5673758865248227
2015236.566350877,0.15044326764289928,-0.0766804977662367,1.3553531779657515,0.5106382978723404
1641062.5479631373,0.10414224584428378,-0.08895372747083008,1.0218940406606962,0.5035460992907801
2542844.7623547656,0.20521344965484056,-0.07948209419959618,1.6903469485619163,0.5673758865248227
2014686.9309984297,0.1503805064468442,-0.05812881935575146,1.3012517544400803,0.5106382978723404
1582763.5083902043,0.09618336134836158,-0.07914388113461064,0.8960057822757721,0.4397163120567376
2746167.559026087,0.22389851119110382,-0.06967784776443298,1.8530445072124886,0.5815602836879432
4845984.362579755,0.3711229547685748,-0.05999856697159109,2.4345319608576004,0.6312056737588653
2652989.391325321,0.2154780002643355,-0.10548750149240332,1.8794416999921442,0.524822695035461
2964163.1163163944,0.2427404081077098,-0.06675687865432278,2.281429050475105,0.5673758865248227
3760191.65076251,0.30329280040239004,-0.05566959497195938,2.3034789106188023,0.6028368794326241
2272387.6407380323,0.1784101748199829,-0.08468458654525175,1.5504102363841623,0.5319148936170213
3038545.4984483747,0.24891576796908943,-0.04081489070353756,2.3712116932801677,0.6099290780141844
4503523.579025855,0.35117153737501194,-0.050484724351786595,2.1279667580326382,0.5602836879432624
3476661.114131743,0.2830171807911308,-0.060478683766157566,2.066474648079723,0.5673758865248227
1491508.3977976022,0.08324112761328828,-0.14619251979538633,0.8905283237924299,0.48936170212765956
4312122.21995751,0.33948610338603413,-0.07371030385214315,2.5119871517730923,0.6453900709219859
3088453.1155986586,0.2529917242516313,-0.06824284248060672,1.9802463823879068,0.5177304964539007
2557445.6839796114,0.20659433998778054,-0.07503322707586119,1.8426813422393253,0.574468085106383
2134834.987587009,0.1637852869388874,-0.06651230421096223,1.5073790036701924,0.5035460992907801
1626230.271838641,0.10213909573332902,-0.039059393490844085,1.0259499616138914,0.48226950354609927
2287936.8800598746,0.18001847737826893,-0.06766588957129624,1.5154527027751534,0.5460992907801419
2472196.2557756477,0.19844080838030909,-0.08875398260780536,1.6304653203952115,0.5460992907801419
2712522.6410848657,0.22088476504852572,-0.0609171293794245,1.8240637832000808,0.5602836879432624
3140609.7390090358,0.25719543279184487,-0.04933582466938426,2.001656476933625,0.574468085106383
2858522.6368170166,0.23375329954223734,-0.06659675407163672,2.027417769888789,0.5815602836879432
2593437.9979675333,0.20997159189975578,-0.054375262944244294,2.13947101885041,0.5673758865248227
2120285.9267696277,0.16219468815682547,-0.10212867845110543,1.6831267779903445,0.5460992907801419
2906343.280967973,0.23785387886842124,-0.10941918686331822,1.9105726010482946,0.5673758865248227
2342227.83067223,0.18556624953929735,-0.09098878619678791,1.4217738407760712,0.5319148936170213
3660766.2387499576,0.2963265011104599,-0.058130421538462415,2.357833431699156,0.624113475177305
3906611.320047703,0.313288196142125,-0.040924707794855235,2.353067077669636,0.5886524822695035
2729430.621017397,0.2224030136020676,-0.07326741970097565,1.8964569793669415,0.5673758865248227
3550484.5446096323,0.2884202005279297,-0.09676130032611445,2.2507296089653983,0.6028368794326241
3136317.0940993456,0.25685157303421713,-0.08061924111506218,1.6523950776666936,0.5106382978723404
3502545.4630100266,0.28492197397416286,-0.10422143709260319,1.949767117417959,0.5460992907801419
3347543.182117641,0.2733425086394703,-0.06181241677766641,2.103875720456118,0.6170212765957447
3094976.8514823727,0.2535206161582122,-0.07735836264436079,1.8713884486933194,0.5390070921985816
3552390.441613693,0.28855849540426615,-0.04862484036613551,2.393681738988559,0.6099290780141844
2078813.3074648022,0.15761220671760867,-0.07797309205160742,1.51950688940872,0.574468085106383
2634577.1133409645,0.21378616487570667,-0.0611745387563647,1.7525927837115423,0.574468085106383
2739351.388812712,0.2232903476169379,-0.07993639714422807,1.8601101134903033,0.5602836879432624
2389864.1012470014,0.19034990365115045,-0.07087825925034782,1.5973969291413992,0.5531914893617021
2756241.966126652,0.22479517885817968,-0.06124495549750926,2.128672558669363,0.574468085106383
2656379.7425351925,0.2157885022541599,-0.06997609402825307,1.8986665590327665,0.5886524822695035
3405539.210710546,0.27772436660857824,-0.049336278495261954,2.2653503492786045,0.6312056737588653
2678809.791014919,0.21783478746185936,-0.08340841721559787,1.698332185281045,0.5106382978723404
3168181.453040191,0.2593951296055712,-0.07393813869317344,1.905949914615646,0.5602836879432624
4315801.381912676,0.3397145990084556,-0.052001742738007097,2.435987879707718,0.5957446808510638
2082862.5215029658,0.15806282647167524,-0.08539795296135527,1.4698203103873853,0.5390070921985816
2957997.3014523103,0.24222296756735573,-0.07260639862616829,2.236122266457175,0.6170212765957447
2897940.5764634227,0.2371372828561904,-0.05097545681622522,2.0110322419949025,0.5957446808510638
2088355.8468022186,0.15867303623131113,-0.07962684511620467,1.3700360143159527,0.5106382978723404
2712950.3541552667,0.22092326466736867,-0.07238223127082989,1.8435959598068736,0.5460992907801419
3379711.4562583156,0.2757803971650019,-0.06647111741155044,2.3451337246745574,0.6382978723404256
2123258.9910530974,0.16252043131309657,-0.08674424016330425,1.565910393217454,0.5177304964539007
2171142.125386804,0.16771712880335343,-0.11773787584622479,1.5820150843651122,0.5390070921985816
2395070.6931064064,0.1908681148946083,-0.07091054148452035,1.4556019097646935,0.5035460992907801
2846238.1849129256,0.23269106527582806,-0.07348315473286086,1.93699713570721,0.5815602836879432
2573744.6545552076,0.20812839424314644,-0.06122507665773945,1.8056172985035672,0.5460992907801419
3060727.3271232494,0.25073392030934816,-0.056261860897039266,1.962888093396694,0.5460992907801419
2532288.192270506,0.20421109978294072,-0.06501608831775926,1.7977552570801936,0.574468085106383
2773790.739876854,0.22635085666722055,-0.0493859513379962,1.9656277371159465,0.5815602836879432
4363393.30741631,0.34265635643159587,-0.06069720464917357,2.421896119758533,0.6099290780141844
2998671.6095099263,0.24562059892815857,-0.07374582090455618,2.0138688757848597,0.574468085106383
2168369.6525975782,0.1674187495450994,-0.06600644213980968,1.6301846670082263,0.5460992907801419
1821499.1218567018,0.12742015178783572,-0.08776349430170241,1.1338627484949053,0.5035460992907801
2779637.6504779244,0.2268674295690123,-0.06989562010763369,1.9233130158995468,0.5886524822695035
1863272.7359620514,0.13254452741050327,-0.10470001795429348,1.200270971643572,0.46099290780141844
3242615.7008340796,0.26525801250256564,-0.06239474352810057,2.117670076354937,0.5673758865248227
3770004.2678010534,0.3039723075015548,-0.0603791282606093,2.3933609587229365,0.6312056737588653
2371777.821892088,0.1885427322551898,-0.08214530364969924,1.699649360402911,0.5319148936170213
3262815.8194528525,0.26683050299821187,-0.08014369685459255,1.9974825826008118,0.574468085106383
2821081.079387167,0.23050423753569782,-0.053043499360755156,2.0566810693787954,0.6028368794326241
2041319.4670959178,0.15340597125327138,-0.1484024280054901,1.1963655366749382,0.475177304964539
3666161.36979159,0.2967083737348404,-0.041529326336196715,2.400078550662445,0.6099290780141844
2634185.0367578906,0.21375003570253903,-0.07457927523298546,1.8941465120595289,0.5957446808510638
2618292.4292474273,0.2122819251978454,-0.10225681777449887,1.6790996779622576,0.5531914893617021
2424747.005040814,0.1938047053401315,-0.11006931391427303,1.655281159010752,0.5815602836879432
3324099.575429716,0.27155398996478564,-0.051964673018806494,1.9406355343345416,0.5531914893617021
3172700.2510785693,0.2597541815275821,-0.052095785498771155,2.0659641563550433,0.624113475177305
3119568.9738360653,0.2555063640926103,-0.050564895743181106,2.186692733968461,0.5957446808510638
3541364.580779223,0.28775761844115366,-0.037783269594105426,2.1824312782936928,0.6170212765957447
1708528.061868635,0.1130749866333749,-0.08967748674226658,1.1263508675630043,0.5106382978723404
2706767.941396566,0.22036629601367297,-0.11377424482342803,1.7262600180218068,0.5815602836879432
3229097.8010785365,0.2642013209344538,-0.056351598428420135,2.3611424828860414,0.6524822695035462
3184995.0060611237,0.2607290241169924,-0.05000874967508121,2.0898130052744976,0.5957446808510638
2997305.014369171,0.2455070440161904,-0.04198382199999992,1.9413271906086067,0.5886524822695035
2507747.0026177047,0.20186792211371807,-0.09183914196748558,1.918712750705836,0.5673758865248227
2713636.810924595,0.22098504436228206,-0.08867759652968127,1.7857742150481786,0.5531914893617021
2735752.912529095,0.22296879002743064,-0.06249837352571142,1.949030720124311,0.574468085106383
1644828.5153736125,0.10464854611262431,-0.0864865323603025,1.0462834124442912,0.5177304964539007
2752559.771226827,0.2244677513997404,-0.09672577032782903,1.8014479260936853,0.5390070921985816
1783628.8589019594,0.12269269829049434,-0.09990200956731218,1.2186795533834816,0.5035460992907801
2407736.361758033,0.19212497438082354,-0.05172027534550629,1.9258018638811785,0.5886524822695035
2975629.5770240184,0.2437003981706174,-0.06442344914228,2.115218499477794,0.624113475177305
3359221.8113145777,0.27422973759453195,-0.0611089731458547,1.9450889442601296,0.5673758865248227
2497578.7585170954,0.20089168681356706,-0.08011467066931095,1.7107173336987662,0.6170212765957447
2609302.984920727,0.21144834848621374,-0.06061694976197297,1.8267655099511353,0.5460992907801419
3083496.8355918066,0.25258931127509276,-0.054369381334731626,2.3333757324456808,0.6453900709219859
3208153.083399069,0.2625570656061149,-0.09340088681628152,1.9347834381459483,0.5602836879432624
5413719.093466491,0.40184224506108435,-0.055283220748367,2.525098192422524,0.6382978723404256
2746127.5650969497,0.22389494631063522,-0.05145142427450248,1.8696012692018202,0.5673758865248227
2946093.652166919,0.24122155714438054,-0.054726126172637495,1.873508736101292,0.5673758865248227
2888080.490628973,0.23629427624216848,-0.057748122793477574,2.084558496090404,0.6099290780141844
2571007.859187876,0.207871351849225,-0.06474905332985025,1.9214617099131086,0.5815602836879432
3087344.543872536,0.25290176137238385,-0.10853449426419716,1.9937839172956866,0.5531914893617021
2697925.2949281987,0.21956789754709316,-0.05542242248800699,1.9900326543206042,0.5815602836879432
2147275.1543528624,0.1651384645611691,-0.08030320300334896,1.7419066514085038,0.5602836879432624
2091989.1261540183,0.15907592314743058,-0.07340297718307912,1.462521778183833,0.5390070921985816
1606568.157439782,0.09946100574851124,-0.09133531101962948,1.0837185589681289,0.5106382978723404
3846953.8011211916,0.3092524466617188,-0.06027307391160493,2.358789951869914,0.6382978723404256
2309741.216653663,0.18225909818796326,-0.09401769972757096,1.617945347220067,0.5673758865248227
4148604.044135599,0.32916959230781484,-0.0737294571293426,2.3084941430299786,0.5815602836879432
2217516.3077057432,0.17266338344694154,-0.10342150172279989,1.4705283222143992,0.5106382978723404
1938925.4184995277,0.14159542806535175,-0.07858121818967766,1.562415103195156,0.5531914893617021
4673853.708058984,0.3612410049476764,-0.05518679592196498,2.5478413418557433,0.6666666666666666
1949047.8041671647,0.14278491305694163,-0.07368334483592663,1.2845286208040463,0.48226950354609927
2215572.429242322,0.17245771958784517,-0.06769749158313833,1.7093378625910705,0.574468085106383
2835647.738602218,0.23177236338730545,-0.053693078252378006,1.8807773503544905,0.5886524822695035
1888444.8641441849,0.13558817598522466,-0.12456279401171295,1.3200940741767615,0.48226950354609927
2045450.760212514,0.15387245437146757,-0.08500376362628702,1.5085291903983564,0.5460992907801419
4947016.460489596,0.37679306921508204,-0.051692208443391056,2.6885896467939125,0.6382978723404256
2746945.1757814903,0.22396781622725692,-0.06867103510840983,1.947665519811274,0.5957446808510638
2480224.8414567043,0.19921819893677695,-0.06830104721060544,1.5524681894170942,0.524822695035461
2417472.146173152,0.1930875004417505,-0.0638861131305314,1.6202089660347907,0.5602836879432624
3435673.919552596,0.27997765364352234,-0.12848850913554652,2.0592155141946447,0.5815602836879432
2456781.4924174375,0.19694255113144732,-0.11232899948631,1.6263634002287055,0.5460992907801419
2864427.461817309,0.23426258956351953,-0.06420037253049965,2.096189038635277,0.5531914893617021
3095003.4512871355,0.25352277082951535,-0.057617990400596925,2.325601869022518,0.5886524822695035
1653360.6505614351,0.10579219304433907,-0.08555306231018008,1.0978779403188106,0.49645390070921985
2860106.4854941415,0.2338899887231609,-0.07335480736073269,1.828715354925111,0.5602836879432624
3128549.346945252,0.25622838403341475,-0.07209111965168198,2.188480853180321,0.6453900709219859
1757119.5516621303,0.11933546007253515,-0.05803951890877718,1.2189221475643313,0.5106382978723404
2718919.349880225,0.22146004415424092,-0.04658897650180705,2.048722467699777,0.5886524822695035
2935551.0184444604,0.24033193738939795,-0.043835641347936695,2.1073704965473916,0.5886524822695035
1916982.9783610567,0.1389998091919995,-0.0674955407258581,1.315115113967192,0.49645390070921985
2910608.7426706036,0.2382170101895884,-0.09230205950287232,1.8349718006427371,0.5815602836879432
2864548.2767532887,0.23427300105705684,-0.04130850500416403,2.2202336691374733,0.5886524822695035
2105754.0688443636,0.16059723002107096,-0.07350133079454116,1.5601904703705138,0.5177304964539007
2314029.8117436725,0.18269780266891078,-0.05908543489214198,1.4981178330172287,0.5177304964539007
3115821.8571363217,0.25520460504196185,-0.052094868575945696,2.271313027754528,0.6099290780141844
1614667.265800243,0.10056730823280602,-0.13158557656205128,1.0171249615802964,0.5035460992907801
3187517.0539823794,0.2609286233232926,-0.06360416835880696,2.0815745308479783,0.6099290780141844
2522339.510006548,0.20326340471987958,-0.06706892283665773,1.7035998434474267,0.5460992907801419
3202357.3968927716,0.26210056130701065,-0.07461217701504695,2.0520668954028443,0.5886524822695035
4191247.407614203,0.3318909242380501,-0.09294019620763393,2.2946443293354477,0.5815602836879432
3949510.3801024593,0.31615989116041576,-0.04010174147777213,2.4092498374711893,0.624113475177305
2723929.9297702946,0.22190990793098697,-0.08557271490755279,2.0228137207266244,0.574468085106383
3089806.351617819,0.25310150713459856,-0.056600183810492526,2.17564363267472,0.6312056737588653
2968208.4114320753,0.2430794251864392,-0.05003663404991208,1.9581757447291979,0.574468085106383
3308015.3648091797,0.2703210761431347,-0.03662574166202971,2.1857515188736154,0.5886524822695035
3498456.9104606095,0.2846218536327223,-0.056648052279558034,2.0556176108628024,0.5673758865248227
2533936.3668020447,0.20436781445327568,-0.07920366968154699,1.832566257898556,0.6170212765957447
2362788.6846434064,0.1876404379794694,-0.08531501999759696,1.6375634205495448,0.5531914893617021
2501125.805497765,0.20123259309990682,-0.062260842732239134,1.6170804328635333,0.5460992907801419
2734449.864318015,0.22285226700476146,-0.07054089770764686,1.8865582399422667,0.5673758865248227
2741943.501126792,0.2235217678340924,-0.12442941442563661,1.6796685777704605,0.5177304964539007
2512274.702874013,0.20230159999137043,-0.05677972235713658,1.8013026489366304,0.5460992907801419
2101685.985212698,0.1601484540321767,-0.11342885009053874,1.6291782781398183,0.574468085106383
2689820.011071207,0.21883423421943093,-0.07711387821560621,1.643963787784658,0.49645390070921985
1983627.176461501,0.14681142240944434,-0.07390420235780656,1.4169439738659484,0.49645390070921985
2248096.9644959494,0.17588001117223317,-0.11478495081712808,1.3641669459426717,0.5035460992907801
2069831.737894934,0.15661017447507475,-0.08001793992837207,1.5410505216897663,0.5673758865248227
2831809.685109062,0.2314387415648067,-0.05580645856899879,1.9255522760525015,0.5815602836879432
4104445.677653835,0.32632789113581984,-0.05542798037771062,2.2427677441834994,0.5815602836879432
3304257.331119423,0.27003231809986405,-0.05601426020955057,2.0166942795137524,0.5886524822695035
2100374.796862293,0.16000366048080905,-0.08802150942405058,1.3815032804702365,0.5390070921985816
3168883.790800775,0.2594509624134216,-0.054279009851686426,1.9599107609013513,0.6028368794326241
2341731.078572498,0.18551595703708657,-0.04765725597772731,1.8583774463841984,0.5673758865248227
2205955.54911553,0.17143811733601155,-0.07219142240413011,1.6614293555856476,0.5673758865248227
2357134.9745297018,0.1870715330470325,-0.07883669650457027,1.8470980690985654,0.5673758865248227
2711505.0359494817,0.22079314811147022,-0.06479439000275283,1.7875591873438865,0.5673758865248227
2050920.093869257,0.1544888636713342,-0.08145172281344966,1.3871148179595498,0.5177304964539007
3728844.0388359926,0.3011124838094741,-0.03756317180072508,2.4255384244645413,0.6312056737588653
4088643.4013151214,0.32530503185346116,-0.06251407105555055,2.4519950001672126,0.6028368794326241
3318269.872293873,0.27110767434057537,-0.07689815289921219,2.23402735343671,0.6099290780141844
2932928.7726563234,0.24011026739064834,-0.07830085536381948,2.1448632198547233,0.5815602836879432
3054993.4805421727,0.250264953581564,-0.05822337036620168,2.007484834124422,0.5673758865248227
2063555.0555360273,0.1559078471823634,-0.10080943502286506,1.3682549269504827,0.524822695035461
2787552.879930641,0.22756535471184325,-0.08072866042798527,1.72746280408874,0.5177304964539007
2205113.4075563285,0.17134866245992564,-0.08112976023029007,1.4479840885536053,0.5177304964539007
4110363.627715975,0.3267101410118911,-0.0525076694971941,2.5553597730503523,0.6312056737588653
2516637.4465107513,0.2027188866744427,-0.07939693725328134,1.7748849538667202,0.5957446808510638
2679053.656696989,0.2178569597936273,-0.05317631653495953,1.8471237760525294,0.5106382978723404
2050335.9357725608,0.1544230901809005,-0.09577541805369605,1.2743488883279137,0.45390070921985815
3229651.1267331596,0.2642446436905319,-0.0971784943403905,1.8263754225682223,0.5390070921985816
2882798.9384427867,0.2358417726259152,-0.07639296524203198,2.075326375977168,0.5886524822695035
3141227.532707266,0.25724488983199123,-0.053434825083883336,2.059680119315072,0.624113475177305
2583452.4303823607,0.20903839785847045,-0.05127205942789054,1.9234979561481589,0.6028368794326241
1546544.0030734427,0.09111984896388026,-0.07992939090585399,0.9846695023426691,0.49645390070921985
3116035.69356762,0.25522183331223114,-0.0718385492957623,1.9282420200282144,0.5815602836879432
1851104.0176306162,0.13106135653969853,-0.0662031223278561,1.2679479762835402,0.48226950354609927
3550158.690483915,0.2883965500967738,-0.04399352488563712,2.1117070048595084,0.6099290780141844
2384705.2542300196,0.1898355528766491,-0.06852304979064186,1.813274188008624,0.5815602836879432
3406288.4083396145,0.2777805799586959,-0.08424478443180869,2.238321664711371,0.5815602836879432
3250282.630555122,0.26585576959505297,-0.0627369511897942,1.955192118779604,0.624113475177305
2710497.0342140077,0.2207023686645635,-0.06614146051428235,1.8336340034836665,0.5035460992907801
2972145.2197867716,0.24340899579361297,-0.08659743339462199,1.7441923643059931,0.5106382978723404
2662230.770916519,0.21632361805245126,-0.07585283856143875,1.5712264995243908,0.5106382978723404
2071877.7248470543,0.15683874128828323,-0.11762822252696108,1.4940942960988355,0.524822695035461
3383859.9407586525,0.27609343918703333,-0.07117740917939717,2.053240370560766,0.5673758865248227
2713311.895991002,0.2209558042462454,-0.08104041275183316,1.6939923078990002,0.5460992907801419
2265955.7343232334,0.17774232926959965,-0.06175383953741183,1.571761453789881,0.5460992907801419
1963174.3027708242,0.1444366887838937,-0.1053187813036714,1.3768928394791762,0.524822695035461
2203300.32702036,0.17115597864865872,-0.09320716229172053,1.6348856685997473,0.5531914893617021
4851950.80069242,0.37146041744832337,-0.030806371913330598,2.7635361151622684,0.6595744680851063
3554416.2676655115,0.28870542745818817,-0.0857455814416384,2.207352174742209,0.5957446808510638
1753458.8538787249,0.11886867706255577,-0.11264502625550009,1.203135884682227,0.48226950354609927
3319603.8408051683,0.2712098568081147,-0.06034301751030756,2.1489862899810777,0.5957446808510638
2619912.2641032306,0.21243188635046972,-0.08087350951936136,1.68196027865458,0.524822695035461
3000543.7780455067,0.2457760964173037,-0.08175736563562314,2.10435021782953,0.5815602836879432
2720213.4366021836,0.2215762943385362,-0.05161208443742088,1.9170674045878808,0.574468085106383
3160108.786050102,0.2587526755309275,-0.08684674535167575,1.9921658029062403,0.5815602836879432
1960228.6560683334,0.14409304825753622,-0.0942028702508928,1.4174292278295446,0.48936170212765956
2915627.6219306635,0.23864373740112166,-0.08261506352880507,2.1542409871942056,0.6170212765957447
3082486.8302834327,0.25250724291498816,-0.05161445485416073,1.9975895296907196,0.6028368794326241
2771497.616250637,0.2261480220058456,-0.09837784118423436,1.8880094386461226,0.574468085106383
3023970.214513955,0.2477153034829127,-0.08412023980362002,1.8759093762403654,0.5886524822695035
2125853.174042842,0.16280436445093516,-0.07182144630365436,1.5898940573811973,0.48936170212765956
2007135.9267441556,0.14951689035873472,-0.05543183622558515,1.466772622294636,0.5390070921985816
2955854.5834492664,0.24204294677460592,-0.07067687299445284,2.082625088617588,0.6099290780141844
1958142.3317686687,0.14384940668363555,-0.07883693780127195,1.2647385644941778,0.5106382978723404
1968752.1831237045,0.14508627841616173,-0.07166136575077393,1.5251824755295427,0.5460992907801419
2673793.8805203415,0.21737838099240192,-0.053425201734214466,1.7386186850094705,0.5390070921985816
2931283.4410089506,0.2399710992870816,-0.06942153772034244,2.0716475215872885,0.574468085106383
3109518.603499786,0.25469634215857706,-0.05849434500949269,2.00839772093647,0.574468085106383
2449268.2196487198,0.19620956149014557,-0.12102986257691874,1.5956025776038059,0.5319148936170213
3418805.770976999,0.278718315244302,-0.052397526015665226,2.0252803473505034,0.574468085106383
2176009.8563743304,0.1682402674841943,-0.06926547653320363,1.4120373213376511,0.524822695035461
1947062.2305492393,0.14255197789980012,-0.08129517165683404,1.261743991470019,0.49645390070921985
2208112.487758899,0.17166710948353425,-0.10521370611575444,1.4980030014413366,0.524822695035461
4051939.9438502938,0.3229170079694408,-0.06042724201638236,2.3186232615620432,0.6170212765957447
4262686.578317281,0.33640065649024753,-0.07857693160740706,2.617622997058186,0.6382978723404256
2577549.5897973008,0.2084853942567182,-0.05990764127528408,1.6228352108702522,0.5319148936170213
2863621.4457965316,0.23419312036402506,-0.06916898293799673,1.779765976982288,0.5319148936170213
3092135.3196202978,0.25329035740300054,-0.07673133732199057,2.010062818248328,0.5886524822695035
2383535.463654534,0.18971879785224322,-0.0661002303630446,1.6795269209884676,0.5460992907801419
2093398.4482525089,0.1592320493229482,-0.0937997672344947,1.463141081378929,0.524822695035461
4164974.767892101,0.3302169423679029,-0.04705264443246414,2.225397163205703,0.5673758865248227
2667456.694218164,0.2168007689332465,-0.11189106605413697,1.6890210630970288,0.5106382978723404
2612642.3902912945,0.2117582739904702,-0.06556030211707746,1.7065049309913702,0.5319148936170213
2694692.2160221585,0.21927546167858258,-0.0793164296090169,1.945272052754491,0.5957446808510638
3160542.1655712123,0.25878719888097934,-0.06221398692756727,2.1594571816548527,0.5886524822695035
2788402.324797763,0.2276401602531839,-0.06005517586754649,1.9250076993654306,0.5531914893617021
3075810.243416105,0.251964192549444,-0.04811737348461748,2.210525287762289,0.574468085106383
2693637.1026646434,0.21917996466006584,-0.06532007612588496,2.0040580371968475,0.5957446808510638
2042969.6378462184,0.15359239005555825,-0.06095061011992418,1.4748450108935862,0.5390070921985816
2517070.8258659067,0.2027603068349999,-0.07523221653968672,1.7759545840744877,0.5815602836879432
2049078.3460688624,0.15428144052392434,-0.07148233698260445,1.4869634681529589,0.5531914893617021
2811140.7806848916,0.2296358572632382,-0.0687878073385071,2.15526142405766,0.574468085106383
4709485.443022354,0.3633102243097297,-0.04353452105065451,2.819959075483258,0.6453900709219859
2842400.8420380335,0.23235849920105855,-0.048236794037582,1.9223360965318312,0.6170212765957447
2708814.865035871,0.22055081433207913,-0.07331329399269029,1.7096246755161033,0.5673758865248227
2269861.421855589,0.17814804993901867,-0.1471308146193153,1.478023998903426,0.5673758865248227
2040670.948410293,0.15333267548453744,-0.07092937261271796,1.3939798737485163,0.49645390070921985
1657336.786027067,0.10632354186469528,-0.10669743164291678,1.09522131966505,0.46099290780141844
3341228.7120862096,0.2728617646279541,-0.04540794641627208,2.0250739857106876,0.5460992907801419
2207570.172981321,0.1716095512908442,-0.08724996077087066,1.5315494515139072,0.524822695035461
3008113.2024279754,0.2464040030677186,-0.05261310541384255,2.0674477649891236,0.5886524822695035
1735040.756338506,0.11650824924998604,-0.06305174474238445,1.1493821891448215,0.5177304964539007
2504580.331831493,0.2015642356676839,-0.0962464849912088,1.7158147556919487,0.5177304964539007
3403929.4659310826,0.2776035517243267,-0.054190740506329355,2.1017393364834844,0.624113475177305
2257021.4272580193,0.17681213050626865,-0.051399823547144056,1.6981154976164048,0.574468085106383
2065765.9616676117,0.15615543051748815,-0.10019679214194668,1.4393103373904457,0.5177304964539007
1472562.0538436219,0.08047499593334351,-0.1438239808632183,0.8666667460020429,0.46808510638297873
3762034.521921,0.3034205242114425,-0.06887903231356689,2.1540189124680316,0.574468085106383
3170453.352327263,0.25957569997893626,-0.07888908201287965,2.1109594118749,0.5886524822695035
2377107.3229227024,0.18907639555984845,-0.06065114673754578,1.715310554819726,0.6028368794326241
3081257.6120832525,0.25240733330144205,-0.06288729378108149,2.082573766166978,0.5957446808510638
2699991.575605561,0.21975464830297065,-0.08289068815989191,1.714459808851519,0.5177304964539007
3075797.6208295077,0.2519631649793974,-0.06267304686937772,2.116271310991943,0.5815602836879432
2363902.9570335066,0.1877524332158731,-0.057309716320067865,1.8022557955219118,0.5673758865248227
1802738.385739159,0.1250881260486909,-0.07424686678742654,1.23402005971226,0.49645390070921985
2554294.950631404,0.20629689227520065,-0.08640397352847869,1.824871275310356,0.5460992907801419
3131321.72725556,0.2564509478230015,-0.06878603498011841,1.8934373394750124,0.5460992907801419
2112044.35308652,0.16128978752394918,-0.053429160608657614,1.5271459032675758,0.5319148936170213
2708249.659279639,0.2204998754555072,-0.058501848211085325,1.845812438857439,0.5815602836879432
3018167.761997241,0.24723610749558733,-0.09431060261659296,1.9152136121653152,0.5886524822695035
2769685.9068567026,0.22598767512647822,-0.04694157032974221,1.958650714705632,0.5886524822695035
2514974.460309609,0.2025598940638773,-0.09398689032714048,1.7172553805451187,0.5319148936170213
3618246.1739541427,0.29330102659861024,-0.10189489142276886,2.090351824581152,0.5815602836879432
3025066.8032219503,0.24780578268693843,-0.05646476848986573,1.9583569936446321,0.6028368794326241
4061554.514687753,0.32354422477607403,-0.051198898928315535,2.7352911802597255,0.6170212765957447
4547819.022309888,0.3538190932706724,-0.06501139006644742,2.4088008666963225,0.6382978723404256
3759563.9422367956,0.30324928439518284,-0.0520896199669913,2.2550849589349906,0.5957446808510638
2978637.5352396644,0.2439517390713155,-0.07167279305462868,2.0981624709555446,0.5815602836879432
2797272.0343686864,0.2284201756298443,-0.0442626243267309,1.8984042542211719,0.5815602836879432
2020878.8982334877,0.15108675787388126,-0.1174036271112231,1.3239311539668492,0.48936170212765956
3089565.126305404,0.25308194026157516,-0.0499568274557753,2.052009667089854,0.5602836879432624
2660033.124404199,0.2161227389660434,-0.07631516431428184,1.6760404093653392,0.5106382978723404
2703982.7640672177,0.22011504903293933,-0.044983571881274324,2.1705785778391746,0.6170212765957447
1686674.9866244087,0.11021292969335827,-0.05383124941151994,1.18655218534951,0.5460992907801419
1958789.7209924087,0.14392503120356248,-0.10876164527003791,1.3108818034688614,0.5177304964539007
3062856.0137606687,0.2509078449971296,-0.054101968311898875,1.9029915439352665,0.5815602836879432
3364910.9952594643,0.2746610530459772,-0.05683803808269672,1.9298863515405311,0.5886524822695035
2831135.745805127,0.23138012223115578,-0.05861115061433282,1.7508685303740668,0.5531914893617021
2519242.7931243074,0.20296780634359735,-0.09346752769307186,1.7209838011375234,0.5460992907801419
4158005.7686210065,0.3297714898879136,-0.04690623412817078,2.4938954258233132,0.6099290780141844
3096509.7039952334,0.25364475806775144,-0.05614255299441124,2.1816414164305877,0.6312056737588653
3371018.3081082115,0.27512341940599283,-0.05558249249986213,2.3652878252608107,0.6099290780141844
2539822.3182476796,0.2049268082152802,-0.06305277971498709,1.9321184318205387,0.5957446808510638
2761613.1318448368,0.22527216571212683,-0.05033680981756294,1.9532269569265037,0.5957446808510638
2376784.415025909,0.18904408881298118,-0.10006113075693909,1.460291147400681,0.5177304964539007
3620295.4557628827,0.29344749192518904,-0.053388675787619314,2.2383443198338124,0.5673758865248227
3211380.216741555,0.262810968800129,-0.07906252428465539,2.0416237877734518,0.574468085106383
2793733.403971642,0.22810922080057083,-0.03902943643091595,2.216770139802749,0.624113475177305
3244755.096389739,0.26542492548435614,-0.06908372470610194,2.190090418604815,0.6028368794326241
2442253.0019741347,0.19552353607669892,-0.05279003288064479,1.5797264738645178,0.49645390070921985
3053533.2908234196,0.2501454133482517,-0.0719396013420741,2.1152210309328345,0.6170212765957447
2408910.4825657886,0.19224121848607223,-0.04784626997094082,1.7201594033596703,0.5602836879432624
2464786.1155255167,0.1977215061718789,-0.08819705841081237,1.7609146310501689,0.5319148936170213
2478278.2994016167,0.19902990457093273,-0.06011868928091734,1.7791577265074197,0.5531914893617021
3227708.641783559,0.26409253021920276,-0.08819867904525618,2.1896494338189996,0.5957446808510638
1658208.42367348,0.10643988640698643,-0.08806742884253543,1.0902063702533245,0.48936170212765956
2627218.8457590137,0.2131073949834308,-0.11978642414820873,1.826695121531504,0.5390070921985816
2963379.4807427493,0.24267469252095109,-0.06658215312013967,1.8442623179453266,0.5602836879432624
2588590.724086645,0.20951895308833457,-0.06934707480714292,1.9936689465978263,0.6028368794326241
3481986.4678188,0.2834099908825074,-0.044859213606045646,2.2365385557291537,0.5957446808510638
2538877.47238833,0.20483714528529595,-0.06392598649454184,1.8358048127891713,0.5460992907801419
3122360.3799670637,0.25573097040720283,-0.04171063525940838,2.233737238177675,0.6028368794326241
2877366.4397723675,0.2353756440247412,-0.12783705465872977,1.9533923815945409,0.5602836879432624
2458707.5320657673,0.1971301653922699,-0.044014517199557714,1.7880873836136515,0.5815602836879432
2537401.671177272,0.2046970429202113,-0.06004780353732043,1.9160664668885659,0.5602836879432624
3408779.823468181,0.2779674432253718,-0.0943473723379476,2.007849645177525,0.5815602836879432
2058858.3898261853,0.1553811966340668,-0.08625666475050574,1.4029302194330888,0.5319148936170213
2709654.913346179,0.220626507543781,-0.07092351601551172,1.5723406434886245,0.524822695035461
3398435.437096493,0.27719086827261696,-0.07396793976182776,2.323088234600369,0.6170212765957447
3976874.650260733,0.31797866614426473,-0.04826562695248792,2.258762894405549,0.5815602836879432
2548530.5191393066,0.20575193552589877,-0.07505112386858856,1.6868698491471914,0.5460992907801419
2172613.6988900076,0.16787537877474712,-0.09595688788301711,1.6604469883988648,0.574468085106383
4407859.822860301,0.34538182045284294,-0.05284971024527457,2.7169821243462864,0.6595744680851063
2332691.687847461,0.18459929098017902,-0.08225040108223124,1.5056407669974972,0.5390070921985816
1817834.3000032417,0.12696611662337598,-0.0787548342526773,1.297431460659298,0.5106382978723404
2017993.3092773787,0.15075784534041148,-0.09355246412053643,1.2568172846344738,0.48226950354609927
4094557.9642440495,0.32568824298242705,-0.03561202789831231,2.4725187478430763,0.624113475177305
2074862.189926694,0.15717182631505566,-0.056545810171425105,1.349922589683127,0.49645390070921985
4165532.078663594,0.33025253944089905,-0.0639469446222489,2.3715079897062785,0.6666666666666666
2961679.021352014,0.24253204436841203,-0.06831475470520605,1.9787742711134058,0.5390070921985816
2449998.2386661973,0.19628086047069448,-0.09039384394571048,1.7587769566741245,0.5319148936170213
1975250.8917435426,0.14584125163192274,-0.06839057834744856,1.4555609850067612,0.5106382978723404
1982406.9500228192,0.14667029568059786,-0.08494550758401091,1.640651048190091,0.5673758865248227
3404216.0315781715,0.2776250624497354,-0.06333838892177829,2.079266729836154,0.5886524822695035
2169381.019044233,0.16752763023664152,-0.05791180512951976,1.618077719552258,0.5602836879432624
2214923.9728967757,0.17238908029061406,-0.0707915834702547,1.5757137761314193,0.5460992907801419
1747455.6249470976,0.11810150283878151,-0.06472502691322934,1.1961476357562013,0.49645390070921985
3180210.29806591,0.26035000636034655,-0.047965812321208855,2.1044721700625426,0.6099290780141844
2158673.5828933907,0.1663728324612077,-0.0729778994654963,1.4983992590478823,0.5390070921985816
2215247.3597610784,0.17242331289570156,-0.05983724129866753,1.6389472059904067,0.5460992907801419
2314030.8734297203,0.18269791119417866,-0.08205103389769249,1.5779373764399323,0.5035460992907801
2974512.2104242593,0.2436069807590937,-0.07650839169272802,1.907059810408232,0.5531914893617021
3582500.651886457,0.29073550206665755,-0.0568076854975366,2.3420903257559673,0.6028368794326241
2579674.6527890787,0.2086845959407435,-0.052842562022649024,1.9453429768873247,0.574468085106383
2959420.0413319105,0.2423424416605895,-0.13914560235359535,1.8077397477705102,0.5531914893617021
2429507.943807155,0.19427313956982828,-0.08142865016157626,1.7155163747603241,0.5673758865248227
3343268.4498055684,0.273017136834814,-0.05176563781144697,1.9878087073578234,0.5886524822695035
3220082.277450782,0.26349461042656674,-0.06841937560706388,1.9926148723969934,0.574468085106383
2453188.467108029,0.19659224216272198,-0.06692071497473367,1.8383050364969573,0.5957446808510638
3838722.655101047,0.3086916973625804,-0.05587636550259602,2.378108427128597,0.6453900709219859
1523513.887972879,0.08785066986028367,-0.10085550343493366,0.9577233876338077,0.48936170212765956
2771678.295495661,0.22616400857720675,-0.05364501391112399,2.0052477794046415,0.5886524822695035
2153641.4384154696,0.1658285318119015,-0.0863874025087213,1.5636443339914545,0.5602836879432624
2232356.839057748,0.17422878765786254,-0.07777446188815786,1.4007624288954936,0.48936170212765956
3319940.3693094878,0.2712356298235674,-0.13408016055027394,2.1302979499536936,0.5815602836879432
2871920.4649065374,0.23490765191278218,-0.06686505777039828,1.7705881644456138,0.5531914893617021
2644771.875029278,0.21472408782347507,-0.062473438140213486,1.7350752238546605,0.5673758865248227
1779865.4481617282,0.12221852741746497,-0.07816397544813972,1.1307832747426119,0.475177304964539
2868143.0238709515,0.23458262570975608,-0.061689458465293626,1.8481594834953212,0.5531914893617021
1790030.248099914,0.12349740581306912,-0.08223291318269527,1.1360476385515028,0.475177304964539
3344205.4514577286,0.27308848530584307,-0.07527169904692256,2.0989349573840452,0.6099290780141844
3574930.974961502,0.2901895862382655,-0.05631800753031241,2.1385491608134615,0.5460992907801419
1965537.3242806478,0.1447120619279081,-0.06404792311851101,1.4339730048626431,0.5319148936170213
2405073.689772755,0.19186118778957728,-0.04819491022267525,1.641041078124523,0.5177304964539007
3315501.386346562,0.27089550240426097,-0.07425187549770232,2.114530270728435,0.5957446808510638
2763078.030245324,0.2254021273272626,-0.06949405707509507,1.9886659698327906,0.5460992907801419
2297321.9044540804,0.18098497046836215,-0.08002506999792473,1.7916911120620989,0.5886524822695035
2326735.329521156,0.18399371454362834,-0.11805395582166986,1.647337234236672,0.5886524822695035
2064477.4637933963,0.15601116677652493,-0.0752719968309908,1.5284815521461288,0.5390070921985816
1894762.271122995,0.1363469370592152,-0.10454901022504652,1.379075261585033,0.5106382978723404
2755747.554464274,0.22475123522173956,-0.11059821494198491,1.6466181897387449,0.524822695035461
2557091.566985003,0.206560923893657,-0.08986688168837888,1.7589455109375671,0.5531914893617021
2907744.5567411575,0.23797322060161852,-0.10899188487480858,1.9088863623090102,0.6170212765957447
1619190.5899875879,0.10118324363906694,-0.06145684824732095,1.1778267641777056,0.5035460992907801
3749331.5764745176,0.30253910283373187,-0.05591473263621635,2.2835743350756426,0.5886524822695035
2267895.401950513,0.17794389074267247,-0.08969670985850049,1.5732797887468228,0.5177304964539007
2337434.9296820047,0.18508064703954585,-0.07126810205469811,1.5750751219961625,0.5319148936170213
3752237.321059749,0.3027409347126093,-0.07035199998343261,2.155331242884012,0.5602836879432624
2447780.74724955,0.19606423146108587,-0.062037102176926096,1.694335577628978,0.524822695035461
3592245.0220471947,0.29143689720100174,-0.05089564193250713,2.125101175415863,0.5602836879432624
3113493.536467169,0.2550169567808438,-0.08464405732722559,2.1405221877147302,0.5602836879432624
2505693.1917084963,0.20167099487325335,-0.05610093931619872,1.7839340932702785,0.5106382978723404
2871673.812256742,0.23488643936788334,-0.05008554939490809,1.9137024410055326,0.5602836879432624
2638942.046630942,0.21418809564257657,-0.06792023097170886,1.8412542568711734,0.5460992907801419
2410850.59842937,0.19243320082015525,-0.06714559911191585,1.8506776048123923,0.5602836879432624
3233650.6825758177,0.26455761335773453,-0.08061287138386995,1.8906763030809466,0.5531914893617021
2589017.1057459284,0.2095587958273235,-0.1359241581239355,1.5892453941770146,0.5390070921985816
1868260.3475769234,0.13315019867423983,-0.12197462390845737,1.2746354581781512,0.48226950354609927
2209813.9647892453,0.17184762116549934,-0.07185954131302173,1.4319813704995088,0.524822695035461
4018975.465413665,0.32075745578356507,-0.03708586623460975,2.3881755838189687,0.5957446808510638
1945704.0848451804,0.1423925392153591,-0.1179264256470054,1.3575489440450357,0.5106382978723404
3481446.9414561964,0.2833702160901044,-0.06243384247588402,2.1186044666678487,0.574468085106383
2267674.32887722,0.17792092479544475,-0.09216425238946936,1.5021167531355657,0.524822695035461
3989454.071578721,0.3188114040551522,-0.045463691920645956,2.5829704571612204,0.6524822695035462
2384276.780857421,0.18979279291748008,-0.06841504302717501,1.5830696988397008,0.5177304964539007
2210114.4680065964,0.17187949034842176,-0.07127396041558211,1.513769184357811,0.5390070921985816
2171596.826065427,0.16776603553227898,-0.06541183675878351,1.5100208298763589,0.5319148936170213
3302317.81732481,0.2698831878414141,-0.04042062903947502,2.2154167638772906,0.6170212765957447
2721753.5480966726,0.22171458773424724,-0.08154589581945075,2.0065894201687904,0.5886524822695035
3005043.542057089,0.2461495179867843,-0.051373161648241086,2.1222968624396157,0.5815602836879432
3146824.166082931,0.2576925702000532,-0.058444797796369276,2.0185856461924936,0.5460992907801419
1992103.6216294563,0.14778986341873557,-0.08399945241659526,1.4889607378464806,0.5460992907801419
3438978.5127804494,0.28022378754056865,-0.04860034704452843,2.183211952921291,0.624113475177305
2471833.937387903,0.1984056782729966,-0.0792044285370443,1.853447385879463,0.5815602836879432
2950535.0108970115,0.24159557030193768,-0.06594295342299583,1.9497110598740073,0.5602836879432624
2889061.556769893,0.23637825739765406,-0.10138185266721655,2.078920942104301,0.5815602836879432
3387169.1326039517,0.27634292865660126,-0.04234418350000003,2.2210895340474424,0.6170212765957447
2578137.03988131,0.20854047448783142,-0.08118913230102814,1.672307175334329,0.5035460992907801
2667351.462076702,0.21679116813473565,-0.061349959313131745,2.0399567417682087,0.5957446808510638
2409763.26767841,0.19232562026240796,-0.1010108659102668,1.6072654750805455,0.5177304964539007
2648767.6330895475,0.21509091061266172,-0.04853271644693434,1.9714160353767325,0.5602836879432624
3301824.621950132,0.26984525460982467,-0.051955184945662584,2.2073349399536863,0.5815602836879432
3886339.9103448833,0.31192242767347245,-0.06804538982249762,2.5063056012555083,0.624113475177305
4937628.027469601,0.37627009731393346,-0.049434704444063254,2.481918815016954,0.5957446808510638
2261186.357734563,0.17724612965477426,-0.06562802924495434,1.7246243988079222,0.5673758865248227
3615541.522151261,0.2931076193432678,-0.0582498361631985,2.3773422071526022,0.6028368794326241
2000027.1146895261,0.14870146964007014,-0.07274655743857988,1.4473258751889118,0.524822695035461
1934997.712738694,0.14113254398367037,-0.11051198413500517,1.293105057492976,0.48936170212765956
4260855.078277743,0.3362857975357014,-0.07029737259690273,2.382653810509171,0.624113475177305
2001082.5165148284,0.14882267657789905,-0.07324940077494262,1.4277997504269155,0.5177304964539007
2748830.0643671555,0.22413574167634742,-0.06277960669633675,1.6495090708243327,0.5390070921985816
3345885.2518128264,0.2732163545396147,-0.048328473115820406,2.2412218926371312,0.6099290780141844
4213680.899070823,0.33331366048046895,-0.0686888648682383,2.376216873993341,0.5460992907801419
3719071.345054816,0.3004297668753628,-0.09572029481271449,2.1745084373532753,0.6028368794326241
2814876.3114905055,0.22996247933001968,-0.05869253899459742,1.7922846698841217,0.524822695035461
3074223.1319181025,0.25183496370557457,-0.08774273691911873,2.108773136145035,0.5673758865248227
2748649.8793026744,0.22411969290243583,-0.1080885787447487,1.9144677566364898,0.5886524822695035
3467278.5413506557,0.28232392840353526,-0.058102583110634466,2.0924256566716632,0.5886524822695035
2909126.4594766046,0.23809086734979434,-0.08576475625077967,1.9242904293086287,0.6028368794326241
2897722.8594631213,0.23711869352313641,-0.04334772706234918,2.012203579944247,0.5673758865248227
1620523.550974878,0.10136448866446757,-0.08385128300708723,0.9895082879675888,0.475177304964539
3599010.738992969,0.29192299552192713,-0.1169218096038968,1.9742019628198437,0.5673758865248227
2197248.2198671345,0.17051187561476722,-0.07323066451504019,1.6599692455486723,0.5460992907801419
2194613.9436575784,0.17023107608369625,-0.07317619146072464,1.512564457417777,0.5106382978723404
4153288.6250733435,0.32946963501879534,-0.09063294875649207,2.1750441985889815,0.5815602836879432
2698922.540595115,0.21965804303944703,-0.06150516423568629,1.8782695908393425,0.6099290780141844
2132376.0771835097,0.16351707294590678,-0.07930596697005954,1.6123317465218565,0.5460992907801419
3157696.7146841153,0.2585604588122239,-0.08795167595032076,1.924747877304903,0.6170212765957447
3569604.7425734797,0.2898049103618785,-0.10983784324098861,2.0224414707392198,0.524822695035461
2954081.489099194,0.2418939010162915,-0.05546289425257089,1.9149613475044345,0.574468085106383
3023728.498278475,0.24769535601861126,-0.10757736990791666,1.8402363573355018,0.5390070921985816
4390736.396336652,0.34433489839212283,-0.05251331964538678,2.449490894658931,0.6312056737588653
3668754.3984490675,0.29689175088409825,-0.04070081498487679,2.4008287924489693,0.6170212765957447
3656599.9480573037,0.2960312987926186,-0.10988475215288042,2.1525853049889294,0.624113475177305
2478327.7451434936,0.19903468905781097,-0.07279123503142514,1.6626916412168569,0.5390070921985816
4184319.431166704,0.3314503195648675,-0.04134469794614255,2.435810625775417,0.6312056737588653
2751470.9594625584,0.22437086515551874,-0.09906255629097659,1.9620313387881425,0.6170212765957447
2253232.7145249266,0.17641677760326302,-0.05744767435921577,1.5276245488408422,0.5602836879432624
3118767.810109067,0.25544186995817086,-0.0542546501202639,2.0559082456636895,0.5886524822695035
2543062.838222991,0.20523412090915172,-0.07843072287666872,1.7253407154449765,0.5673758865248227
1500645.7082701991,0.08456512211062184,-0.10067666996078663,0.899392618433736,0.48936170212765956
2615409.741732011,0.21201486793897328,-0.06077278772702232,1.845407510408282,0.574468085106383
2552528.9341970873,0.20613004157226356,-0.08525319350781739,1.5404626131267358,0.5035460992907801
3480858.7753080404,0.28332684987231294,-0.07566534489095127,2.042829069342413,0.5673758865248227
2559602.5548159694,0.20679779225790829,-0.08839958220014302,1.6999565137671129,0.5390070921985816
3805350.406946645,0.30640829955543736,-0.038266786851047084,2.4469191796109566,0.6099290780141844
2980138.1502285013,0.24407705251052358,-0.08715193495546229,2.1135338491319215,0.5886524822695035
2354163.280187821,0.18677206830863646,-0.1134347213176013,1.7117079294656,0.574468085106383
2892465.5187331154,0.23666946631905583,-0.06348818441214296,2.0926659678755914,0.5602836879432624
3288484.751506708,0.2688175190368012,-0.11005371206889832,1.9746440730781007,0.5460992907801419
2846174.7100595254,0.2326855671005128,-0.0704599356434877,2.293572289840697,0.6099290780141844
2855295.4958862886,0.23347460348369542,-0.07081129876287527,1.652145511300832,0.524822695035461
2753456.6836628653,0.2245475387489586,-0.047460295869051025,1.883238749566597,0.5390070921985816
2031471.9054539257,0.1522909848322629,-0.07501630893738634,1.5053419978535916,0.5390070921985816
3195634.473942766,0.26157019332993703,-0.07563902394030371,1.9480140710266975,0.6170212765957447
3188075.1841963767,0.2609727776330246,-0.12296386339098601,2.166554147253791,0.5886524822695035
2782541.6482397225,0.22712367392615773,-0.07613080050490996,1.6602633947619252,0.524822695035461
2564351.2186431736,0.2072452389944437,-0.07534010678594744,1.6187710838036031,0.524822695035461
2207873.8908526073,0.17164178756422066,-0.08615708543702139,1.4427293996710762,0.5319148936170213
2398662.0950417933,0.1912250415689578,-0.07165261142379543,1.6854915520592397,0.5673758865248227
3987516.6443270636,0.31868328639325205,-0.046807126111591754,2.315425569412597,0.624113475177305
3090210.8328662585,0.25313431369046446,-0.04874200064865733,1.9553397214148305,0.574468085106383
1963208.4324087691,0.14444066794541488,-0.059320703857288486,1.4177533274410108,0.5390070921985816
2643331.0526622725,0.21459170716958242,-0.056892132406299874,1.855537810118001,0.5673758865248227
2401324.449345947,0.19148936025023322,-0.06619650779262122,1.6173768766948209,0.5531914893617021
2018764.405067587,0.1508457751597767,-0.06970420845081403,1.386448699884692,0.5106382978723404
2671781.053910585,0.21719503778074922,-0.07024551938803669,1.8096685247547954,0.5673758865248227
1510655.0456042294,0.08600809165060075,-0.1261942467248487,0.9199109831582747,0.48226950354609927
2943984.300183656,0.24104376759582213,-0.06820936090504628,1.810793447181854,0.5531914893617021
2385742.12581549,0.18993900315951362,-0.05705479175345698,1.6483437182923908,0.5390070921985816
2084409.423022307,0.1582347895452232,-0.08767769296824486,1.3163723519992465,0.48226950354609927
2388793.5495998897,0.19024323989165715,-0.09087544356986987,1.5116308365910587,0.5106382978723404
2434177.3941055764,0.19473185935206727,-0.1129095302621938,1.521292268976593,0.5531914893617021
4947445.951630691,0.3768169745284031,-0.05999341313328009,2.4939167056356486,0.6099290780141844
2871603.9188359403,0.23488042815048993,-0.04977510057034468,1.746016417266583,0.5106382978723404
3973975.265628997,0.3177864326792532,-0.049690265790313555,2.439190664334426,0.6382978723404256
3314121.1096915817,0.2707896674564936,-0.04975963282161692,2.295516022755647,0.5957446808510638
1515733.3367423243,0.08673726729162357,-0.12321425535170229,0.8692403938426609,0.46808510638297873
1857155.010210193,0.13179984691562052,-0.11621367753715393,1.287596820688789,0.48936170212765956
3469134.7640890726,0.28246119855660345,-0.0686037873821651,2.328134341824323,0.624113475177305
2139088.2525747675,0.16424864333475808,-0.05558434191482125,1.6537450188806393,0.5390070921985816
3193014.604050555,0.2613632714064029,-0.06989039417856774,1.9206586662879974,0.574468085106383
1964061.5088935387,0.14454010983427312,-0.08610318535011052,1.4027133393209357,0.5177304964539007
2895440.8002000423,0.23692377716483803,-0.10597290575804472,2.027929657811157,0.574468085106383
2869465.6193877817,0.23469646608177142,-0.07348967914443463,2.098317617125044,0.6170212765957447
2026944.2518489785,0.15177689140387307,-0.10489387412320159,1.493075272130438,0.524822695035461
2638179.167230461,0.21411788673323628,-0.07973911822196678,1.5504708546695916,0.49645390070921985
2019941.1340033114,0.15097990848216503,-0.04544390172822407,1.5490346398724577,0.5673758865248227
2553031.753009379,0.2061775565748052,-0.1281904694506518,1.6854150395099792,0.524822695035461
3064413.040037869,0.2510350008573128,-0.09883667672086073,2.0307616740409893,0.6099290780141844
2464440.9374709628,0.19768795759434443,-0.08154426790453843,1.661945714977119,0.5390070921985816
4094588.249694946,0.3256902040706693,-0.0766345736584341,2.533307770800534,0.6524822695035462
2856486.959229483,0.2335775276494536,-0.05277106933895111,1.7813616692823286,0.5319148936170213
2607229.6442305064,0.21125576495881004,-0.05604046659299798,1.9109517812287555,0.5531914893617021
3137112.569318905,0.25691532251068305,-0.09681390704913295,1.7621025384083693,0.5390070921985816
3596021.908071508,0.2917083463869048,-0.13819509199948252,2.0517954122661224,0.574468085106383
2644706.0898042587,0.2147180448302557,-0.060065044204800605,1.686006065712116,0.5319148936170213
4039035.1557843722,0.3220732761220857,-0.061555712976491206,2.4422984752097605,0.624113475177305
3728437.6345379637,0.301084121091479,-0.05635891482217395,2.448678786587452,0.624113475177305
2592564.269242217,0.2098900530750205,-0.09444711848062255,1.757943582514245,0.5886524822695035
3001605.2086849883,0.24586422163407073,-0.04657734505123604,2.151375131484853,0.5815602836879432
2209904.6250043777,0.17185723629290162,-0.07009716370358114,1.5708305583190278,0.5390070921985816
3261999.142418788,0.26676707956071355,-0.06656924570371059,2.2142528343223873,0.6028368794326241
2384240.449074142,0.1897891668655276,-0.08155243401535935,1.6991692336659379,0.5106382978723404
2530451.321627939,0.20403634699507855,-0.04938706976827369,1.7192624662456393,0.5531914893617021
2399907.8711479506,0.19134875149035024,-0.04869743642595984,1.8985567489749149,0.6099290780141844
2125654.253756465,0.162782602455519,-0.09135258762781479,1.4717832600734027,0.5460992907801419
2278414.83154863,0.17903462634052802,-0.058740994788438985,1.9026270671730587,0.5957446808510638
3508612.097866902,0.2853667794700996,-0.10128742131862904,2.1278708749100006,0.5815602836879432
3076559.29126656,0.2520251644349505,-0.05102309013302917,2.102889387317668,0.6170212765957447
2147759.553527371,0.16519102803336017,-0.07044479472382235,1.7685672935108954,0.5390070921985816
4435105.809558997,0.34704094570042376,-0.07542784943455369,2.1885445874070495,0.5602836879432624
2622089.4124584207,0.21263332569959026,-0.055014502680440024,1.6860900578620603,0.5319148936170213
2709440.601497937,0.22060719859060307,-0.07502720781462785,1.8258596037487138,0.574468085106383
2313500.4966270714,0.1826436912561067,-0.0688149729127268,1.6473344790735123,0.5602836879432624
2801136.3941809167,0.2287593944471551,-0.05677152900335176,1.6920996399534247,0.524822695035461
2866392.2011185507,0.2344318617262786,-0.04074690549999996,2.099304878068535,0.5957446808510638
1581688.258783441,0.09603438253449004,-0.11392791902864349,0.9439120676308455,0.48226950354609927
1694211.013340521,0.11120324277932547,-0.10883576070964347,1.0644838166517205,0.48226950354609927
2241010.1543856915,0.17513771525283683,-0.06360968931675529,1.5870855672049695,0.524822695035461
2670948.671023815,0.21711918586156775,-0.08523883426399055,2.046532986883365,0.5957446808510638
2566094.7449476686,0.20740935782509862,-0.08144871786600913,1.8939251443056264,0.5602836879432624
4074311.7653322993,0.3243746266014873,-0.0904545016912683,2.382831454625434,0.6170212765957447
3470929.2070443486,0.2825938441653162,-0.04337410870403579,2.190593878325476,0.6099290780141844
3681845.2033926174,0.29781594342962503,-0.03695556090900631,2.1967954241328638,0.5815602836879432
2299822.252502161,0.1812419295619241,-0.05658342839021128,1.5451191259973416,0.5177304964539007
2756354.9696793975,0.2248052218035046,-0.08166562727142158,1.8373518456102704,0.5602836879432624
4100340.072463092,0.3260624443896498,-0.03434802525617972,2.292961216153136,0.5957446808510638
2542002.820240292,0.2051336292590047,-0.05903446453051384,1.6377522711674062,0.5319148936170213
2354417.6272619297,0.18679771130133704,-0.05341889423986879,1.56516048569867,0.5390070921985816
2743628.6481111776,0.22367212157715843,-0.0909500753298503,1.9179671026702616,0.5390070921985816
2564710.1649603327,0.20727903405096737,-0.040522471066432114,2.286387686083087,0.5886524822695035
2791407.4775927286,0.22790465988043573,-0.051844276426447115,1.826719591612944,0.574468085106383
2526119.7622259906,0.2036238569709452,-0.0625908474404062,1.6910404427565666,0.574468085106383
2457279.969878223,0.1969911187771778,-0.05816575419612126,1.6950319210150777,0.5460992907801419
2728145.8452078435,0.22228791196902042,-0.05085920609461005,1.9566997247711904,0.5815602836879432
2160643.7768072314,0.1665856615056749,-0.08565630970564267,1.2837875919133002,0.5106382978723404
3706805.4329218795,0.2995708405076616,-0.07218181283016274,2.2630235579229625,0.6170212765957447
1940447.4455050218,0.14177459883018861,-0.05169826833734016,1.5186681656557954,0.5319148936170213
2501333.066482378,0.20125250096678315,-0.09959731602817683,1.5901047184989408,0.49645390070921985
1780974.9089112934,0.12235839721363106,-0.19325633141861515,1.1866962887774075,0.5177304964539007
1893994.910429131,0.1362548802053869,-0.11787002671541796,1.2758423414161264,0.5035460992907801
2463883.1799140014,0.19763374002456402,-0.05540518728317951,1.945376317436622,0.5319148936170213
1946423.358155675,0.142476988951993,-0.09411260024081672,1.3740497406711027,0.5106382978723404
2163515.5420246054,0.16689560435404793,-0.06815327210827975,1.4223616431850268,0.5035460992907801
2326511.3124746727,0.18397091478751615,-0.061029581910631084,1.7471889806541994,0.5460992907801419
3225656.404340726,0.2639317425929062,-0.08723526437619533,1.9934208467800159,0.574468085106383
2175476.246049526,0.16818296570098767,-0.13873423658358616,1.4936354463180481,0.5460992907801419
3038826.838985448,0.24893889466706942,-0.0657844894537027,1.9204151166494705,0.5886524822695035
1959943.0833704544,0.14405971125083172,-0.08196912702772445,1.3709253153891439,0.5319148936170213
3523425.1318287114,0.2864502910176008,-0.05311394739793444,2.385162587928602,0.6028368794326241
2047553.3270746446,0.1541095754121753,-0.07128655148934615,1.3840841094317224,0.5390070921985816
2544410.4325699606,0.20536182695780103,-0.04844628431528067,1.8010596643309573,0.5602836879432624
3204520.2936894596,0.2622710017502403,-0.06228317955797663,2.1317390417452824,0.6028368794326241
3054835.1599563323,0.2502519946810273,-0.08082562314575434,1.9452757790499173,0.5460992907801419
4061112.6994498633,0.3235154285380719,-0.0634096610314964,2.386586092698573,0.6099290780141844
3828081.4434975754,0.3079653342528945,-0.07197362667279032,2.3611875393829407,0.624113475177305
3387080.5843006824,0.2763362552855273,-0.0667473732910592,1.9275671180251954,0.5531914893617021
2311860.485576973,0.18247597148017292,-0.08344782988203622,1.6492756190021631,0.5531914893617021
2387176.1757329544,0.19008202128120044,-0.07705019548065598,1.8113093755602623,0.5886524822695035
2123576.0650750315,0.16255514992389353,-0.055544087603259844,1.4976154632956695,0.524822695035461
3574371.5680013793,0.2901492058102755,-0.04861875746926201,2.268558131857999,0.6099290780141844
3261099.2321367385,0.26669717748605226,-0.06457011355874752,2.1381588726689778,0.5957446808510638
2317398.7177582793,0.18304197105027953,-0.07417453544185008,1.7811588578505149,0.5460992907801419
2766572.191501915,0.22571189696584892,-0.16604636434238998,1.8404366511587007,0.5531914893617021
3988884.4226825433,0.31877373963494215,-0.0790403758441313,2.4621795000958975,0.6312056737588653
2199899.210722882,0.1707941850791328,-0.08009208907150321,1.7189128158256917,0.6028368794326241
2556987.7500250665,0.20655112655022267,-0.07376151831420019,1.6893978973333075,0.5390070921985816
2186070.4663734958,0.16931852857470697,-0.0903340951834985,1.4710261841688579,0.524822695035461
2779403.0345455306,0.22684671806623613,-0.08371024211073519,1.8124697969118646,0.5460992907801419
2596924.7512410805,0.21029676685376786,-0.06031646067790157,2.1687431007935998,0.6170212765957447
3531585.8573507564,0.2870456580013354,-0.07181669298622799,2.035048568458271,0.5531914893617021
3087174.217344341,0.2528879367335326,-0.059385345247141334,1.9938460773246682,0.6170212765957447
2929096.2621885478,0.23978600300560116,-0.08845418394741704,1.8483040866930958,0.5602836879432624
1896945.1401334773,0.13660864316078514,-0.10854010600001981,1.231451590342015,0.475177304964539
3033923.9668564014,0.24853562434830145,-0.09588129324036682,2.0265446508365383,0.5602836879432624
2852494.7992798323,0.23323253086100637,-0.10368052124258252,1.964021966218781,0.5886524822695035
2114062.0769315907,0.1615115884720888,-0.08953721449846634,1.5548690655773107,0.5460992907801419
2657865.0297838077,0.21592443096866343,-0.08782954524006553,1.7092975141641131,0.5460992907801419
2686952.02570621,0.2185742100883934,-0.09215187186796389,1.7850035899567098,0.5602836879432624
1809489.0450719928,0.1259294833722604,-0.06965509097008814,1.2746843009808662,0.524822695035461
2704323.0242000814,0.22014575452552054,-0.05153954561252207,1.8703448425964444,0.6099290780141844
2503565.522646183,0.20146684960422578,-0.061398959314743505,1.8863111987838985,0.5815602836879432
2574738.9293445093,0.20822172331736954,-0.08247875171041177,1.845584559631668,0.6099290780141844
2235495.845986272,0.17455882816206092,-0.08610110313637435,1.5297158066333476,0.5106382978723404
2774231.4164758553,0.22638982065804947,-0.05514015714785172,1.8666841267324406,0.6028368794326241
2489355.101644805,0.2000998195846293,-0.0674613025248488,1.6393454692964402,0.524822695035461
1488610.5098259847,0.08281986898558058,-0.09442915564304605,0.8228953132553257,0.46808510638297873
2734347.0081603527,0.22284306736429937,-0.08141845618804101,1.900077116327189,0.5673758865248227
2642165.9437017567,0.21448461644050365,-0.06896054639259537,1.865940276036416,0.574468085106383
2569458.2403222206,0.2077257131145236,-0.04398030524131146,1.753071267249617,0.5673758865248227
2721142.764980566,0.22165975032004037,-0.07332703609046395,1.880509263985911,0.5815602836879432
3166049.202305813,0.25922556422941145,-0.05740544588280701,2.097419826507199,0.5957446808510638
1916898.9550183667,0.13898982430947182,-0.08667502279067736,1.255969477854738,0.5035460992907801
2882910.6805262924,0.23585135313405536,-0.07357628037789771,1.893927233406368,0.5957446808510638
2807010.385514313,0.22927430513991998,-0.052361627579458433,1.7717910696261057,0.5531914893617021
4533038.46552158,0.35293795599372446,-0.08786225102282487,2.453514642085457,0.6382978723404256
4485906.201717376,0.35011274712672824,-0.052593351455799374,2.5397990305004825,0.6312056737588653
2054846.9633879475,0.1549306223738509,-0.07802765317472976,1.4348350652961641,0.524822695035461
3777078.390239487,0.3044613013219568,-0.04425066930283006,2.4002738374266874,0.624113475177305
2529800.135626327,0.20397437130501483,-0.06302932517285376,1.7334295307546863,0.5815602836879432
2877854.6294220076,0.23541756129108116,-0.04820047009198766,2.134546762896109,0.5815602836879432
2001271.744461785,0.14884440293175016,-0.08421310444601218,1.3829735940546464,0.5177304964539007
3521254.3074766975,0.2862917324556724,-0.04627229988006624,2.3837325018775033,0.6028368794326241
2393891.5841693045,0.19075083736836085,-0.054971407929076156,1.584967503426195,0.5602836879432624
2314431.3997353083,0.182738850045721,-0.07676463959082537,1.7599290255287046,0.5673758865248227
2012373.615764778,0.15011620574466034,-0.07232197740942786,1.3458946541741696,0.5035460992907801
2498853.317577349,0.20101422909830657,-0.058277171243087914,1.8907393791115015,0.5602836879432624
2504847.8628054475,0.2015899039932154,-0.04901747975898887,1.6865337302420462,0.574468085106383
2285338.0459463075,0.179750282341415,-0.0910384754330803,1.527086155923038,0.5106382978723404
2005314.205806559,0.1493081491734598,-0.0577902608590952,1.5612337325877592,0.5390070921985816
3186448.1293187165,0.2608440422204754,-0.05812101008146061,2.104579074598436,0.6028368794326241
2545111.8303257003,0.2054282741679485,-0.06795260244239099,1.6917086174711384,0.5390070921985816
2875151.493029557,0.23518539128875293,-0.07060341689598833,2.0015175001140437,0.5815602836879432
2703083.307204728,0.22003386605208908,-0.08160368218784582,1.7293132533481765,0.5531914893617021
2408273.612463396,0.19217817063907128,-0.08409049938889451,1.5947098421039445,0.5319148936170213
3765052.154262344,0.303629559111398,-0.07375057452332956,2.297379121405656,0.6312056737588653
3113830.8863050886,0.25504415204646813,-0.06330784132393683,2.0556356505484494,0.5957446808510638
4170900.387296321,0.3305952340894034,-0.04896519483533244,2.3902738796117773,0.6170212765957447
1862981.5958566293,0.1325091327270509,-0.08449767606918553,1.3795225546277605,0.524822695035461
3152527.901467388,0.2581481628839255,-0.07866290653425262,2.107734229053949,0.5602836879432624
2224784.4949341267,0.1734310878072287,-0.08763424149186869,1.5642722485033,0.5177304964539007
2859557.293369316,0.23384259924853845,-0.053280407862700614,2.1296986991480304,0.5957446808510638
3383043.3121761773,0.2760318411891951,-0.061609330499697426,2.0507313283176507,0.574468085106383
2761530.8703652807,0.22526486607257823,-0.12879789582193807,1.9075959050922005,0.5815602836879432
2339070.277561623,0.185246425086669,-0.07185121623433632,1.5685544821746649,0.524822695035461
2708684.4894627184,0.22053906505547105,-0.06593308793123207,1.7943883887016938,0.574468085106383
2656315.4431496924,0.21578261640815244,-0.06891197850881042,2.050095255704658,0.6028368794326241
3451088.6450686986,0.28112416463384693,-0.04417038870102557,2.1311227026731037,0.5957446808510638
3625513.348153642,0.2938201235142657,-0.06668503147174536,2.2667545131764135,0.6170212765957447
2139380.253003345,0.16428042720726688,-0.07423817305819384,1.323695686639334,0.48936170212765956
3382783.886182295,0.2760122702908865,-0.062414554077721694,2.1111612036715113,0.5886524822695035
2582796.202042031,0.2089769695249728,-0.06990129654242555,1.8841024194493126,0.6028368794326241
3748550.5227450803,0.30248482981001645,-0.052385911929386346,2.178445727556397,0.6312056737588653
2264249.195566647,0.17756487931844522,-0.09929702624795816,1.3939177958159679,0.48226950354609927
2271096.579337037,0.17827624117799434,-0.07983636518747284,1.4479636254698627,0.5177304964539007
2141834.1486162697,0.1645473935601438,-0.07598791257765188,1.6274760327755833,0.5106382978723404
1691191.7662299792,0.11080690592575504,-0.06986503047154984,1.0955330214777401,0.45390070921985815
1947588.055399228,0.14261368289560572,-0.10738935655511764,1.3663504723188757,0.5319148936170213
3903059.4581694156,0.3130493028795367,-0.06831345525353136,2.0140487510200313,0.5319148936170213
2459406.334514048,0.1971982062137827,-0.07604347654250287,1.6149192366438478,0.5106382978723404
2560463.227760333,0.20687893911680155,-0.07291461544017569,2.0407038054506152,0.624113475177305
3652319.74579044,0.29572774492648923,-0.06153203596917352,2.443497117028089,0.5957446808510638
3058832.610079657,0.25057903072664267,-0.03806341885684013,2.0019567808924483,0.6099290780141844
3122502.6297813486,0.25574241202319126,-0.08183175557673465,2.177458896296457,0.5673758865248227
3269403.987162624,0.2673416785944571,-0.06764225503669062,1.8673334156907735,0.5460992907801419
1983321.9621979566,0.14677612900828185,-0.09035002576429878,1.2170541667110817,0.45390070921985815
2655870.273797402,0.2157418633080983,-0.0502331833892704,1.6903838119403773,0.5319148936170213
2520808.6405702466,0.20311731126044386,-0.15307885862697154,1.5829350847400063,0.5106382978723404
2994673.377311535,0.24528825585674596,-0.06670612425412276,2.0592285163847377,0.5886524822695035
2696643.9489940377,0.21945203182417994,-0.053778097597723146,2.009014932379844,0.5673758865248227
3449802.446100492,0.2810286570158107,-0.049911821540434394,2.3050088289985697,0.5886524822695035
1776502.4070037515,0.12179412199227535,-0.13242321867089293,1.160133205691347,0.46099290780141844
2756034.8509966764,0.22477677109565763,-0.050286092642024355,1.7731228364805591,0.5319148936170213
2911464.985929808,0.23828985338676634,-0.05181056395690812,2.0480169028442337,0.5886524822695035
1901915.9636893999,0.13720370182968988,-0.09841082435298108,1.1498063655996367,0.475177304964539
1491949.006180301,0.08330512037844451,-0.11466253700439394,0.8522032622758714,0.48226950354609927
3975920.4581577727,0.3179154141858529,-0.04206675707214409,2.4397838532621265,0.5957446808510638
3551023.368396537,0.2884593044476278,-0.03881349292921006,2.521593975151751,0.5957446808510638
2918610.8019216405,0.23889710211955428,-0.0719560579889333,2.075152402162249,0.5815602836879432
3746723.136977693,0.30235781503558345,-0.0648605292122812,2.1996140111001066,0.6170212765957447
3007784.9736393862,0.2463768017288459,-0.07548411307143771,1.9383102768084985,0.5319148936170213
2057429.6876320702,0.1552208015300487,-0.09195773276880581,1.4226246171175267,0.524822695035461
2674068.5644764397,0.21740339268622444,-0.07295891872186011,1.785429125898638,0.524822695035461
2038450.515439751,0.15308158030199626,-0.08312762924990391,1.3640625629404193,0.5106382978723404
2085575.2915676683,0.15836432719559035,-0.08253884001411087,1.4186536740563152,0.5177304964539007
3070988.181765113,0.25157139602364587,-0.09358772588619481,2.0348360031155455,0.5815602836879432
2022195.7518592265,0.1512367339887537,-0.1387328438344458,1.3700176162593167,0.5390070921985816
2471186.0057600043,0.19834284505772404,-0.05243539062379834,1.6236491617784168,0.5390070921985816
3322876.1727918703,0.271460379557908,-0.04843880921473578,2.159131721888933,0.5815602836879432
3192555.053399738,0.2613269612883602,-0.07954560004947486,2.2399671321698835,0.6099290780141844
2931231.3767587948,0.23996669448451202,-0.053186046134811336,2.0294054534662145,0.624113475177305
3547449.1579841897,0.28819982545115086,-0.053782173002562016,2.1858741337260024,0.5957446808510638
4406160.033102488,0.3452780413326686,-0.03497088866020377,2.6117516016663984,0.6524822695035462
2536022.562527676,0.2045660609438893,-0.06201559550868524,1.9223564128250759,0.5602836879432624
3593136.1302684913,0.29150096275645776,-0.04847023169888792,2.2282417414810594,0.6170212765957447
4065516.41471849,0.3238023380204951,-0.05222847485490483,2.3449846131308836,0.6312056737588653
3032527.8022811157,0.24842069185904814,-0.06866569330546518,2.029127249631473,0.5815602836879432
2422992.2288208203,0.19363186530503618,-0.055724272208497405,1.8448955027225278,0.5390070921985816
1766708.419563934,0.12055447869688396,-0.13516202110648914,1.2893863532221883,0.5460992907801419
2984763.174564325,0.24446296200727402,-0.04686266376787114,1.9508134981168026,0.5815602836879432
2643129.912802909,0.21457322214167163,-0.09294193323581708,2.1060262709738184,0.6028368794326241
1892414.7284085627,0.13606521876312483,-0.1182645742741444,1.366418508754821,0.524822695035461
3347048.97890531,0.27330490929640217,-0.05456301097392176,2.217795442534541,0.6028368794326241
2760555.6914882213,0.2251783183363214,-0.05839752364328073,1.8240690475376036,0.5460992907801419
2871007.74607277,0.23482914926645626,-0.05135938508487257,2.066473227126908,0.6099290780141844
2984866.296812562,0.24447156101748013,-0.07240942153658952,1.793948239101524,0.5531914893617021
5269722.140084852,0.3943042247988393,-0.03937678983967465,2.81085401115317,0.6666666666666666
2320297.0954721295,0.18333774996202057,-0.11402209877717419,1.6275187646349052,0.5602836879432624
3467907.4541026307,0.2823704439260022,-0.0631212195164387,2.0651939424967227,0.5673758865248227
1971025.5238427874,0.1453506052068636,-0.11209508618256611,1.3054853726509603,0.5177304964539007
3499804.0305387857,0.2847207700094121,-0.06647197487866867,2.214157314936219,0.5673758865248227
2583699.144378529,0.20906148907528666,-0.06958188839799877,1.8312239153468801,0.5531914893617021
3234818.919350288,0.2646489707375923,-0.05439908438220953,2.1576106380411977,0.6099290780141844
2640971.379897906,0.21437477914541336,-0.05645123742952438,2.186316702431317,0.5886524822695035
3446151.751920171,0.2807574168630682,-0.0601395148258603,2.4021423108065427,0.6382978723404256
2382399.612290355,0.18960538637573165,-0.05286950778068252,1.6780566380168278,0.5531914893617021
2244352.9295492615,0.17548808220347611,-0.06511456196180172,1.6978260941888974,0.5602836879432624
3740239.834334646,0.30190678463304543,-0.09737692839629376,2.114834884352129,0.6170212765957447
2902687.670561867,0.23754232655100305,-0.06346329134471562,2.0588408318383213,0.574468085106383
3500683.4881551033,0.2847853304193999,-0.06374405223061735,2.017314840670113,0.5815602836879432
2318732.396218259,0.18317810942768475,-0.11287553181370702,1.5591271197661487,0.524822695035461
3842800.750848783,0.3089696389625298,-0.05607862881809525,2.308703836428264,0.5886524822695035
3389105.9876277233,0.27648886326293165,-0.05140947472362065,2.289387650155333,0.6028368794326241
3180249.1484992187,0.260353085710453,-0.06523703748351115,2.144350616873959,0.6170212765957447
2745871.126881265,0.22387208756480437,-0.058348013011508125,2.1572800019848777,0.6028368794326241
1610446.0685730383,0.09999126665635893,-0.08964032194055895,0.9756938414248642,0.48226950354609927
2977497.4017842156,0.24385649497555106,-0.10333822155577162,1.9650623453055636,0.5602836879432624
3828536.7825732273,0.3079964485016733,-0.06487539578732773,2.201107517016807,0.574468085106383
3034393.165630212,0.24857423936669254,-0.06315894103784038,1.8934893732058888,0.5815602836879432
2869868.965007212,0.23473117508186525,-0.08022870834259352,2.052394173652927,0.5957446808510638
4007340.806937642,0.3199918682805918,-0.04599752505162453,2.2644556331046286,0.5815602836879432
3569380.1776069566,0.28978868154629,-0.06856787670091204,2.3409606749412655,0.624113475177305
3103231.6830007485,0.25418857460140254,-0.06410810277993936,2.0696320804807873,0.574468085106383
4026146.95288128,0.32122847344653405,-0.04509549551882305,2.3665689862122723,0.6382978723404256
2560344.024316708,0.20686770155610112,-0.047392172721597216,1.681763930038816,0.5460992907801419
2609425.915983624,0.21145976316879933,-0.08840152863833353,1.707756945079359,0.5390070921985816
2720751.7406721367,0.22162463815133204,-0.06838112656054382,1.6873707730619765,0.5390070921985816
3023329.246777365,0.2476624052721359,-0.054611258350885365,2.0249304396676657,0.5957446808510638
2140181.602560191,0.16436763525224052,-0.14593730700759455,1.2807923989066512,0.5106382978723404
2280025.3062371206,0.17920125699647627,-0.07208301752094362,1.4872764344951084,0.5531914893617021
3697559.727186824,0.29892190138286545,-0.0390192095620475,2.25987590911818,0.5886524822695035
2551595.1291756113,0.20604177968225024,-0.0387374064,1.8796411232540784,0.574468085106383
2676474.336130878,0.2176223654684113,-0.14040047028146224,1.6713239036404903,0.5319148936170213
3658032.0649788994,0.29613280170105716,-0.05533647586757581,2.26261477898371,0.6028368794326241
2366070.434280908,0.1879701648856955,-0.10920210229196044,1.476459666577904,0.5177304964539007
2209743.784022412,0.17184017780504068,-0.055037225643042975,1.3814587407851115,0.49645390070921985
2931392.9036136246,0.23998035997043732,-0.06578102119237088,2.0827416707446544,0.6099290780141844
2564195.1125782817,0.20723054031421517,-0.05940459180252302,1.720331653362506,0.5673758865248227
2311070.5936486577,0.18239515726938138,-0.12346602671844273,1.503894261852467,0.5106382978723404
3110918.07397862,0.25480925960296585,-0.04293915046234159,1.9691230986803543,0.574468085106383
2687797.2132302932,0.21865086156174285,-0.09469675079140694,2.145593433095433,0.5957446808510638
2642114.76692986,0.21447991167289526,-0.07142790783511135,1.7615680158715439,0.5957446808510638
3564252.0305886054,0.28941785916204976,-0.06294293752268112,2.1250903800613026,0.6028368794326241
2706392.8602466187,0.22033247251809507,-0.05719985232990823,1.8813691892656939,0.574468085106383
2263834.0369134825,0.17752169395623874,-0.07593751291472993,1.50860781222774,0.5460992907801419
2256572.1136707594,0.17676527230782813,-0.06769634121176425,1.6383483011116209,0.574468085106383
2733013.5395614044,0.22272377445782965,-0.06244072579945215,1.8929756515308975,0.5390070921985816
2452179.4373969235,0.19649379103781417,-0.13062458473796107,1.6069626149059726,0.5602836879432624
2203749.8043977935,0.17120375835089496,-0.10034918476956668,1.4441612013236147,0.524822695035461
1958397.5029175733,0.14387921678983462,-0.0918556092845371,1.4112660210558554,0.5815602836879432
1820583.1749214367,0.12730674357444682,-0.11857774554316562,1.1323732127839963,0.475177304964539
1885690.6998187692,0.13525674744820115,-0.06209138307762897,1.4971032794406531,0.5531914893617021
2822879.8586663827,0.23066111648769727,-0.05876822826112125,1.7722654557076505,0.5602836879432624
2182932.3383483076,0.1689826217368986,-0.07150818023524864,1.546049417870046,0.5319148936170213
2432746.335510667,0.19459134917364107,-0.0977127952817816,1.5267823700206775,0.5177304964539007
2440340.578458838,0.19533624476867528,-0.06763880868198023,1.8042143685652625,0.5815602836879432
2023256.0808304523,0.1513574378044944,-0.1164815492701666,1.374166724552927,0.5390070921985816
4257317.438544392,0.3360638294850409,-0.07058730069067017,2.3944961083949576,0.624113475177305
3526048.975601491,0.2866418341581485,-0.054516064121607415,2.398366790476083,0.6382978723404256
2870482.2287554382,0.23478394063751074,-0.042816925517931405,2.204814094283081,0.5886524822695035
3162787.5878357,0.25896601034775646,-0.0474543525791199,2.2273290358087845,0.6170212765957447
2910115.537957714,0.23817504399514222,-0.05543317482979165,1.9100065616526944,0.5602836879432624
3164347.139240658,0.2590901435694546,-0.0638383020205878,2.1210900060640605,0.5957446808510638
2187944.9386187503,0.169518989060768,-0.08161926773304466,1.6288892642137964,0.5673758865248227
3286749.6860393276,0.26868360044558526,-0.048631985177183396,2.014721134809111,0.6028368794326241
2481152.251117678,0.19930786824552604,-0.11838988142246158,1.621123276164896,0.5319148936170213
2439231.669891293,0.1952275911151269,-0.06271745310896387,1.6684859886772412,0.524822695035461
2736845.9169133226,0.22306649597698125,-0.05950665187218333,1.8619047648452662,0.5531914893617021
3659962.2763322927,0.29626955732955285,-0.10345169963244266,2.3173269550989684,0.6382978723404256
2451598.782796658,0.19643712182128303,-0.06818204395402787,1.819891768839809,0.5602836879432624
2912331.7390204747,0.2383635732340974,-0.05247349058015443,2.0851260246854513,0.5815602836879432
4169973.9465925833,0.33053611845442243,-0.04992959303030877,2.6137061982168874,0.6950354609929078
3182338.1354627977,0.2605186180032937,-0.058470366092739784,1.98270373016303,0.5957446808510638
2500621.339247734,0.20118413250701983,-0.049743632218449074,1.69061098933627,0.5531914893617021
3411258.3544647354,0.2781532317628068,-0.06429786927924203,2.0840820292370905,0.574468085106383
3309601.669156374,0.2704428850955214,-0.09884367598668861,2.1185433254737354,0.5886524822695035
2543430.9029397503,0.2052690062819602,-0.0791904127497087,1.8926522078815757,0.5957446808510638
2867985.274148248,0.23456904484227192,-0.06823401242261139,1.8869111174645032,0.5886524822695035
2822961.3417013055,0.23066822106528861,-0.06409208528162154,1.882977659849065,0.5390070921985816
2076607.401634494,0.15736642533086287,-0.050688449516348336,1.510509676625641,0.5673758865248227
2844944.5603257157,0.23257899247281677,-0.061544095456667544,1.9383289211352221,0.5815602836879432
1975202.6927221194,0.14583565953561362,-0.05850476945505744,1.3730376937900834,0.5319148936170213
2335703.2190799215,0.18490499935611138,-0.0723590622899894,1.499827307273337,0.5035460992907801
3186124.0317480783,0.2608183927762895,-0.05651994043381736,2.099334026404556,0.574468085106383
2174571.648853353,0.1680857997729308,-0.07405506002649945,1.4453493637369432,0.524822695035461
2992041.2330971383,0.24506927162282865,-0.04844955011437998,2.1219942076788447,0.5886524822695035
2065424.746598598,0.15611723415550482,-0.07328397146026266,1.4185514032740922,0.5319148936170213
1811585.7772328712,0.12619029502116952,-0.10898009742405973,1.354164576276395,0.475177304964539
2028177.5128999485,0.15191701326530627,-0.0695092715987306,1.4376140047066555,0.5177304964539007
2404717.5412070304,0.1918258870169014,-0.07763652290662243,1.469163011569076,0.48936170212765956
2720997.271168114,0.22164668612227456,-0.06905623719785325,1.7021354799378527,0.524822695035461
2580091.339337829,0.20872364040510716,-0.08309347113073451,1.7132629038004195,0.5673758865248227
2380242.7059519915,0.18938990639551,-0.05851090594867997,1.6787914657517309,0.5390070921985816
3326715.8612379665,0.27175408636556453,-0.07168869628254633,2.0357959539614807,0.5673758865248227
2628631.9041605773,0.21323786168777525,-0.04434056527000009,1.8522420023992483,0.5886524822695035
3231199.440649722,0.26436583772927524,-0.0483694286752377,2.0502535018098516,0.574468085106383
2464648.9375370843,0.19770817400616392,-0.06331679052603803,1.7031055236628898,0.5177304964539007
2269329.527624796,0.17809282992515207,-0.1283782565119123,1.4432789894434943,0.49645390070921985
3033328.352956618,0.24848659849375698,-0.08642723314617749,2.0868467303968252,0.5957446808510638
2422683.5432644184,0.19360145037510978,-0.07092836235099971,1.7058843021714059,0.5106382978723404
2932843.206434794,0.24010303142984601,-0.16646417912997466,2.1182472963099803,0.6099290780141844
2612811.856751823,0.21177399348263548,-0.06449706478264393,1.6621678220508342,0.5177304964539007
2117787.171499771,0.16192062983315147,-0.0815394468483819,1.5561115240305945,0.5673758865248227
1941060.6305809089,0.14184675029884453,-0.08923370552042514,1.472473683349839,0.5673758865248227
2291109.3890281958,0.18034554448954343,-0.07678204716012817,1.5046878576944067,0.5390070921985816
2619302.215949205,0.2123754179912556,-0.05679824001871417,1.8727389528907181,0.5815602836879432
2733528.5175850736,0.22276985022068474,-0.0800920835468222,1.8650829825078854,0.5531914893617021
3095780.6271448345,0.25358571808063424,-0.09579880529326378,2.0515681669807657,0.5673758865248227
3350849.901598649,0.2735939720883671,-0.06437198732703596,2.0310297128949615,0.6028368794326241
3201604.885084938,0.2620412403293053,-0.06872681928089527,2.472791640517214,0.6028368794326241
3746644.0037423978,0.3023523136598836,-0.07467553725705735,2.2478394635615566,0.5957446808510638
2822909.3290181397,0.23066368605256438,-0.0765530534477408,1.9141838907803743,0.5815602836879432
2061069.3052679822,0.15562923249745642,-0.05077189954573263,1.3933576139981503,0.5177304964539007
3172654.430627166,0.25975054280761833,-0.06002493984102298,2.153260440835613,0.5886524822695035
2198352.6759977555,0.17062952451354207,-0.061036000622027034,1.5159025114464464,0.5673758865248227
2291602.8539821105,0.18039638527334656,-0.09575762922150002,1.4726631747516783,0.5106382978723404
2872547.8902374036,0.23496160498366048,-0.06965471903526067,1.8207766181313683,0.5602836879432624
2811675.4375085835,0.22968262711528675,-0.07271895432214835,1.718395414252233,0.5531914893617021
2631419.0546709984,0.21349503297705108,-0.08381110614167779,2.011260055936609,0.5531914893617021
1873080.5533442462,0.13373431308085038,-0.06711837877394032,1.2901044256224286,0.5177304964539007
2437299.275828136,0.19503815581276784,-0.062209289897886856,1.5903334035652121,0.5319148936170213
2973523.6395751704,0.24352430790460633,-0.06968339648075933,2.0017015646814476,0.5673758865248227
3479946.764990559,0.2832595946295857,-0.04686370793904577,2.3020417837989084,0.624113475177305
1949187.6172737847,0.14280130790617918,-0.13677838309812615,1.2427760868852278,0.45390070921985815
2570898.7585998,0.2078611004833093,-0.04946263747052503,1.6599951075190467,0.524822695035461
2952528.235877304,0.24176327621534477,-0.05364395351740182,1.7727542797362248,0.5460992907801419
2669610.8585341508,0.21699723641419677,-0.10358608733153189,1.859739613784543,0.5673758865248227
3051961.9060971923,0.25001671890024135,-0.10697278873416367,1.7933034042070202,0.5460992907801419
3515885.6023806753,0.2858992622859644,-0.04322432650452897,2.31639531869033,0.6028368794326241
2570282.3349717655,0.20780317322824993,-0.08652367821835598,1.773906101306542,0.5602836879432624
3204845.7227389114,0.2622966382218017,-0.06970311921491043,1.895309334278719,0.5815602836879432
2908699.6680039363,0.23805453770629414,-0.09294662892469369,1.7266272516022694,0.5460992907801419
2563028.1775140148,0.20712064102026018,-0.08846750835852318,1.8837425353434518,0.5815602836879432
4956841.554329185,0.37733951524793974,-0.04440832299505692,2.7854880813918887,0.6453900709219859
2268120.286841771,0.17796725083918252,-0.07941530270325965,1.620993177173202,0.5460992907801419
3220407.0883841435,0.263520099235274,-0.0745800089668538,1.8577931628357505,0.574468085106383
3242171.021582996,0.265223308121731,-0.0923131779729627,2.0006687598304023,0.5602836879432624
3601107.742906702,0.2920735111265862,-0.12361861308136428,2.1826906106183936,0.6099290780141844
2796450.9453887534,0.22834805102380407,-0.04683806232282702,2.0587551262951127,0.5957446808510638
2678052.1495017726,0.21776589219382148,-0.07010246485507489,1.907302466635357,0.5886524822695035
2047606.6911539824,0.1541155911141443,-0.06746820854768996,1.6407432015732404,0.5106382978723404
4337488.39350237,0.34105832080086973,-0.04357334458466196,2.6812064250762893,0.6595744680851063
2552819.8014077777,0.2061575286409829,-0.07391602777179641,1.7340269285433205,0.5602836879432624
2147294.478528848,0.1651405616617332,-0.0580787191853959,1.5652564661342991,0.5460992907801419
3902563.829717862,0.3130159537769599,-0.029952291900000115,2.4836786597980463,0.6595744680851063
2996374.2614397923,0.24542968096205042,-0.05273582785713503,1.806892948957711,0.5319148936170213
2199216.1804585075,0.1707214738210885,-0.06853217906736907,1.4059431239968454,0.49645390070921985
2918185.288732207,0.2388609754936566,-0.0622395565571997,1.893795846936285,0.5531914893617021
2084538.3459095317,0.1582491167956499,-0.0858907158029726,1.5155095368574811,0.524822695035461
2885185.1817724463,0.23604629908170605,-0.09411480115576447,1.8710091986230162,0.5177304964539007
2140167.828687284,0.16436613651091014,-0.10168402302057582,1.6004474014574115,0.5177304964539007
2600026.7846588045,0.2105857693326998,-0.060936247594716574,1.786843350320793,0.5815602836879432
3446056.43523799,0.2807503319227014,-0.1050179928689428,2.294128172940506,0.5957446808510638
1998484.4718784075,0.1485242137398155,-0.07534101264430859,1.3825379181093087,0.5177304964539007
2047771.4243634574,0.15413416060293583,-0.11522853771537316,1.2811743448250243,0.5177304964539007
2227936.7881086166,0.17376342598702332,-0.08122152011502955,1.4813902195624804,0.5390070921985816
2752504.2591049653,0.22446281248055078,-0.047637564145481634,1.968226593836202,0.5886524822695035
3798284.3411055827,0.3059227710139938,-0.07998415094702035,2.480913336937131,0.6028368794326241
2579474.7600709028,0.20866586375387564,-0.057188973121635546,1.7319079615019515,0.5177304964539007
3593371.842260345,0.29151790696706237,-0.05294435419761631,2.193264435331636,0.5886524822695035
2394428.3591203843,0.19080423225952403,-0.07184027614527046,1.7981616327284322,0.5602836879432624
1891808.3073729202,0.13599239940062224,-0.09852107926366133,1.2063580168486132,0.5390070921985816
2927832.255538636,0.23967898239686414,-0.06975010059146054,1.9693619492312706,0.5815602836879432
2182606.2280044984,0.16894769256385977,-0.057921033128151424,1.8241137192394314,0.5602836879432624
4011647.5096475133,0.32027546633773807,-0.10001910849244056,2.355109977506493,0.6099290780141844
1623631.7371604056,0.10178665131336517,-0.11539237639889693,1.1244421548797645,0.5177304964539007
3981476.909010816,0.31828357256021333,-0.05984668624767174,2.268900746755161,0.5886524822695035
3239877.0010052416,0.2650442139226381,-0.10468206353948493,2.018117655431963,0.5602836879432624
3879543.740365114,0.31146326603087693,-0.05202724880971093,2.46555289435433,0.5815602836879432
1975143.4533641774,0.1458287863794201,-0.07013277715424175,1.239911681093631,0.49645390070921985
2074206.923590966,0.15709872733520336,-0.12238900765440264,1.348761416788999,0.5035460992907801
2558408.6662855237,0.2066851926726463,-0.09291084830796113,1.7109025479564424,0.5602836879432624
2337273.9648144883,0.18506432473669743,-0.06012235694558037,1.5203277195922167,0.5177304964539007
2502419.813432491,0.20135686377212214,-0.10070668698534534,1.7255568439077698,0.5886524822695035
2162869.1731964257,0.16682587200586174,-0.06834878045131401,1.353125773397581,0.49645390070921985
2701431.6486667506,0.21988473472236603,-0.06015238939194764,1.8442557080655642,0.5177304964539007
2875771.307562602,0.23523864203745615,-0.06450338597760763,2.022510663465889,0.5815602836879432
2676677.6379161496,0.21764086273374295,-0.05738243897717823,1.9863480034934786,0.5531914893617021
2565066.4364691195,0.2073125735308825,-0.07409474737659606,1.9480002195319872,0.5815602836879432
2816849.633360908,0.230134879910608,-0.09196039860251927,1.8345052515772406,0.5673758865248227
3872455.814802329,0.3109837068209911,-0.046304255237428676,2.515241159128948,0.6170212765957447
1809316.3160345526,0.12590798690145388,-0.07561678146447956,1.1262070209243749,0.46099290780141844
3952856.0427889135,0.3163828016125909,-0.041783878703288195,2.4086870063037047,0.6099290780141844
2360111.7408968043,0.1873712062510866,-0.07789421416701277,1.615637244590083,0.5319148936170213
3042704.022647057,0.24925743180716342,-0.06359642254060915,1.9452134690900877,0.5602836879432624
2656109.8473639935,0.2157637957878904,-0.07738129919031478,1.7734210241158836,0.5815602836879432
3079131.4997907253,0.2522344497452389,-0.060486518874297075,1.9307864239057768,0.574468085106383
3076688.2354963687,0.252035659192164,-0.05046316023285328,2.185022540026426,0.6099290780141844
2411247.0215557967,0.19247241328810305,-0.059925105651473264,1.8178521263334684,0.5319148936170213
2547396.650353847,0.2056446260121294,-0.05110775215442439,1.745624285993176,0.5673758865248227
2831809.679517444,0.23143874107849327,-0.0499019981726926,2.087990334033692,0.5886524822695035
2700711.9076750916,0.21981972514611336,-0.051404176844470705,1.7665460925340613,0.5460992907801419
2506982.4835203537,0.2017946321807278,-0.10376484185888746,1.6067466239305577,0.5035460992907801
2801726.1657580324,0.22881113247339324,-0.09945295650696609,2.091988182169685,0.6382978723404256
3332988.678369029,0.2722333260152263,-0.053626398286337196,2.1679284849865708,0.5460992907801419
3372926.801309939,0.27526776827862465,-0.06443305585793144,2.0869196378345016,0.5886524822695035
1366862.7870255234,0.06449832888347706,-0.09630889546636404,0.7483814838965651,0.5035460992907801
3309625.684743916,0.2704447288427041,-0.05973813192264473,2.0714863795161276,0.5957446808510638
2060679.9952021665,0.15558557243349824,-0.09696471624461281,1.5572181643094978,0.5673758865248227
2920673.399180752,0.23907215963124573,-0.06019688694606706,1.8813546426217713,0.5531914893617021
3105002.98723235,0.254331718440574,-0.05751439112261257,2.173876422981723,0.5886524822695035
2335440.2308467603,0.18487831530608334,-0.07402882827679082,1.8177841765117249,0.5531914893617021
2952188.9037229395,0.2417347318935621,-0.08474821330048701,1.8466783093007284,0.5390070921985816
1792168.858487281,0.12376573377020428,-0.12002703484041152,1.1584425446050253,0.475177304964539
2422559.996086918,0.193589276346122,-0.05381803668786888,1.8338328734097329,0.5531914893617021
2395125.1703959648,0.19087353224425607,-0.10335447143508307,1.619422057904342,0.5319148936170213
3835858.6269916804,0.30849635900549055,-0.03985962645847223,2.251324532405265,0.5531914893617021
3175073.409529364,0.2599425826980275,-0.038195086370028955,2.0904155271583225,0.6028368794326241
2577543.870220559,0.20848485793096794,-0.07669930749278533,1.6051034979997871,0.5177304964539007
4156630.923137948,0.32968354041030357,-0.05150003126004176,2.547965394671382,0.624113475177305
4571879.938422248,0.355248587724146,-0.047202272191294595,2.6639034704334486,0.6099290780141844
2979561.882757167,0.24402893550656435,-0.10026331554066518,2.039400621326919,0.574468085106383
2709716.2649003332,0.22063203493803973,-0.06473926090560117,1.724523811123439,0.5319148936170213
3246830.247716803,0.26558674211663247,-0.05539580971642743,2.232807729775149,0.5815602836879432
2565530.065491223,0.2073562140912426,-0.08466939805578946,1.6908480970018673,0.5319148936170213
3552673.5803440646,0.28857903533034035,-0.06794054383425696,2.0060790532156707,0.574468085106383
2225619.2374202213,0.17351912921644774,-0.11286827444301746,1.592611532684161,0.5531914893617021
3608228.588322128,0.2925840977377474,-0.053121424497940065,2.2277761299013457,0.6312056737588653
1295659.519405374,0.05316926885294171,-0.0955953488828042,0.6140273569239988,0.46808510638297873
3365473.4742071945,0.27470366469746677,-0.06670264693492949,2.0334539550145476,0.5673758865248227
1527595.865421755,0.08843298558210688,-0.12954093833425154,0.8583079667474427,0.45390070921985815
3960780.9397258395,0.31691020974270323,-0.06718317629570271,2.1150455508224053,0.5531914893617021
4235106.886168841,0.3346668542209754,-0.05572089984993868,2.3374710074858127,0.5957446808510638
2278242.497144702,0.17901678987155023,-0.05715235127780977,1.7973247230246243,0.5531914893617021
2697757.467178218,0.21955272422634553,-0.07312534253704935,1.718185716184913,0.5673758865248227
2955285.0358728035,0.24199507858226066,-0.0777727724767276,1.9332503626594042,0.5602836879432624
2432375.98082106,0.19455497469056282,-0.04384360486321411,1.951609356317344,0.5957446808510638
4457175.798324701,0.3483789150975263,-0.051331968076998455,2.5821034151645614,0.624113475177305
2818116.1905441447,0.2302454826212339,-0.06420907500459384,1.9190535663080464,0.5673758865248227
2112024.5527964532,0.16128761011126014,-0.07435873923532862,1.447947521843165,0.5106382978723404
3715193.950810269,0.3001584957695185,-0.11732735160624613,2.2347085256957437,0.6099290780141844
2778234.1356235296,0.2267435087733669,-0.07631277802109207,1.7475805990300715,0.5531914893617021
2843488.606695108,0.2324528075649981,-0.06312328826043996,1.9533690348950346,0.6312056737588653
2103085.5542169283,0.16030292767786003,-0.06226155478477535,1.5161339843811035,0.5531914893617021
3524060.427076506,0.2864966786539642,-0.0686438009636983,2.388821016336668,0.6099290780141844
2280393.12938614,0.17923930127013077,-0.09987869876117211,1.6536493451668128,0.5106382978723404
2817533.9801491825,0.23019464576016446,-0.07344716879396017,1.7402463649499278,0.5460992907801419
3048029.2780988202,0.24969440908108376,-0.09844144188265713,2.180059516552205,0.574468085106383
2146240.7708531483,0.16502618902959787,-0.07507666969149732,1.6863362710535597,0.5531914893617021
4036104.697710868,0.3218813785517436,-0.03977461433774428,2.5087389964520894,0.6312056737588653
3131211.8792534648,0.2564421323402686,-0.05693161787760259,2.087936265961071,0.5886524822695035
4202338.71716292,0.3325950965743649,-0.044621020782881035,2.377630670217227,0.574468085106383
2632756.7762210597,0.21361838759507812,-0.0664763945470935,1.7989969324942432,0.574468085106383
1656234.952064512,0.10617640108379556,-0.08982981298255725,1.0765222349295487,0.46099290780141844
4267072.577881299,0.33667555550855943,-0.05841767192352321,2.3926640279704365,0.6028368794326241
1672435.098866012,0.10833195461305634,-0.059737748278064544,1.1536049233842225,0.5460992907801419
2618231.7740072277,0.21227630841249945,-0.05131536663908577,2.0909871359625125,0.5886524822695035
3485266.622831467,0.28365170338446344,-0.040737496669208235,2.295577011344729,0.5673758865248227
2785407.728854419,0.22737636284605256,-0.09222602263320452,1.923352905591012,0.5319148936170213
2574165.7288972526,0.20816792252970018,-0.08796333821587052,2.203049174735033,0.6028368794326241
2953800.7567444835,0.2418702961797996,-0.05715808186432573,1.781425227580943,0.5460992907801419
2737387.3925543996,0.22311488805537394,-0.06312674459723597,1.888539993319416,0.5531914893617021
2871290.4926689276,0.2348534703422971,-0.061467015572946905,1.8969712801730367,0.5602836879432624
2906439.622580926,0.23786208541847453,-0.07272649354085005,1.8849334232111419,0.574468085106383
3113997.281248763,0.25505756501235877,-0.052536758549333915,1.9111794189948805,0.5460992907801419
3471329.4480499416,0.28262342258324935,-0.07210943124315386,2.2631937086931053,0.6382978723404256
2521908.6989591,0.20322229886679288,-0.06756394283858813,1.6712906878318854,0.5106382978723404
2380958.422788298,0.18946142548977107,-0.03926114994695326,1.810874506249686,0.5886524822695035
1847003.99028848,0.1305598724022068,-0.10780977529159508,1.1701932337352767,0.5035460992907801
3014386.332401874,0.24692342103824094,-0.08345809745523997,1.9338611728217678,0.5815602836879432
2851219.9405553294,0.23312227801213536,-0.08122202738583531,1.8327099331006969,0.5815602836879432
4318160.535977571,0.3398610331010734,-0.07917049373560713,2.4120885302700144,0.6028368794326241
2061551.608775807,0.15568331237412703,-0.09706957453112286,1.4537623440411427,0.524822695035461
2862498.5224159784,0.23409631135679687,-0.06173595553111583,2.0032617791211575,0.574468085106383
2361228.637953033,0.18748356706983538,-0.13274886469477395,1.551090659419226,0.48936170212765956
1860932.4368334447,0.1322598857101489,-0.09168215155720169,1.2737953973482063,0.48936170212765956
3594717.148543105,0.29161459760155495,-0.09064952473050368,2.1965997614533035,0.5886524822695035
3826988.770267151,0.30789065758094414,-0.06629951361719484,2.370049924482036,0.6099290780141844
4365290.836643005,0.34277311357158435,-0.05128939654961459,2.491455506679519,0.6382978723404256
3427663.578685124,0.279380237647215,-0.07400218623461664,2.223858500204919,0.5815602836879432
5617864.210110662,0.41225866326805005,-0.04236732828854064,2.7612949288302007,0.6312056737588653
2289848.9772121855,0.18021564681084223,-0.1000657947379732,1.5710698851539688,0.5460992907801419
2793674.1014482076,0.22810400694629718,-0.050203763846433866,2.0008326229482933,0.5957446808510638
2030474.8240385926,0.15217784976454718,-0.07215387666705625,1.3170798436891993,0.5106382978723404
3679537.821756977,0.2976532365553981,-0.04393207397309299,2.4798979605525253,0.6666666666666666
2750000.3398103467,0.22423995561950183,-0.04831942840711443,2.02068348120098,0.5886524822695035
2965333.0050658644,0.24283848898218285,-0.08910181724796364,1.7587581413487345,0.5390070921985816
3668528.012802393,0.2968757451833719,-0.0743924960349882,2.3414132459831367,0.6028368794326241
2270333.4773758836,0.17819704896836397,-0.05289610871647021,1.601592974910515,0.5673758865248227
1515971.6299080232,0.08677143501414708,-0.10360345575630793,0.9768090334583095,0.5177304964539007
1929226.5142496715,0.14045103688990035,-0.0874000031351928,1.3318350657439575,0.5177304964539007
2443101.736530825,0.1956066184696852,-0.08585470419305598,1.589478081649893,0.5390070921985816
2253819.85595757,0.17647808072959137,-0.0707689458208633,1.563461685572662,0.5673758865248227
2620844.208013699,0.2125181302901029,-0.06517960408856874,1.6576263046546913,0.5531914893617021
2261267.2684638305,0.177254554478252,-0.09780454065436324,1.4187907607648016,0.5035460992907801
3990087.557202617,0.31885328422175285,-0.07858602860861255,2.413032960337089,0.6170212765957447
3084792.6006640135,0.25269456766507514,-0.05934482922152909,2.1465914913707653,0.6028368794326241
2637030.5073604556,0.21401214323718798,-0.08887394364483402,1.61888503263477,0.5177304964539007
2952067.887206885,0.24172455145592475,-0.05390089754070948,1.789615530174186,0.6028368794326241
2056121.3305168725,0.15507383894149296,-0.159568626035006,1.3377029336442126,0.48936170212765956
3901547.121200992,0.31294753241614925,-0.05435178363408089,2.724611277097274,0.6524822695035462
3661176.3153956914,0.2963555425389912,-0.07929262560149317,2.1830702279760805,0.6099290780141844
3088193.9687401876,0.2529706962641092,-0.07090934285069436,2.076916056277853,0.5957446808510638
2716278.8776153377,0.2212227083193008,-0.04719754032410114,2.1275034398795385,0.5815602836879432
2190295.5449005417,0.16977017436364772,-0.08015712815250559,1.360525981204583,0.46808510638297873
4467508.873588724,0.3490035257982633,-0.05587082342563002,2.4458101139367407,0.624113475177305
2124385.5560687627,0.1626437678433712,-0.11961479470277314,1.4265781739615286,0.5390070921985816
3796048.852841257,0.30576901409160384,-0.06860496286034788,2.3534298990115623,0.6382978723404256
2631511.018948496,0.21350351483657937,-0.05731963491889732,1.882230400927739,0.5886524822695035
2148405.705687512,0.16526112900087053,-0.1068792362084272,1.4976784372608571,0.5390070921985816
2217879.2117083045,0.17270176299605788,-0.11634335469401384,1.4271128209758066,0.5035460992907801
1901447.1621717648,0.13714763464240987,-0.11590743406196706,1.3389250879018784,0.49645390070921985
1979120.9926833785,0.14628990855825608,-0.06332365529190871,1.5952048932497858,0.574468085106383
2186616.6123004653,0.16937694890037136,-0.07775503468894593,1.6278092295095692,0.5460992907801419
2456446.4824315235,0.1969099060157209,-0.06518826739542173,1.7627966709589744,0.5602836879432624
3332935.1897853585,0.2722292425692796,-0.05055932080342765,2.1343326387305663,0.5957446808510638
1493524.318212895,0.08353379083319346,-0.09553826281371178,0.8981734766479021,0.45390070921985815
2621182.632678802,0.2125494427082677,-0.07112541769708701,1.7601648866117152,0.5886524822695035
2608870.7384727523,0.21140820911183544,-0.06754057678926159,1.751453159255428,0.5957446808510638
3203959.5296069495,0.2622268212972143,-0.04978827557969998,2.0785761854532776,0.5815602836879432
3426265.640009205,0.2792758641044921,-0.03809671744610643,2.3411754519682515,0.6028368794326241
2716560.9103497746,0.2212480673116184,-0.06368421759263412,1.803019031498038,0.5390070921985816
3251101.6924406304,0.26591956156869845,-0.05441137042072562,1.9655197241805602,0.5602836879432624
2705342.7608186267,0.2202377583038877,-0.07663135749640068,1.7220392224128545,0.5460992907801419
2583848.1919086888,0.20907543833644504,-0.05995176675797272,1.7743955204877189,0.5531914893617021
2445776.4576416984,0.19586829523054616,-0.0585962663269622,1.6120964331288434,0.5319148936170213
2393709.6014245367,0.19073273273098157,-0.1018564862259999,1.4921749706969034,0.5531914893617021
1667405.8689770019,0.10766457169524202,-0.10783852828011005,1.1617564296298932,0.48936170212765956
2598248.6497137886,0.2104201422731471,-0.0685381075968504,1.7744733030670299,0.5390070921985816
2974238.2571359426,0.24358407261487347,-0.05378372619569476,2.0953174267397423,0.5673758865248227
2388432.5169395707,0.190207260000133,-0.07252917151612202,1.5396720481589723,0.5177304964539007
3357137.416792607,0.2740715666193907,-0.07851603877300632,2.281979785971932,0.6099290780141844
2544767.4057007576,0.2053956467877105,-0.0844821825648549,1.5484664600520337,0.5106382978723404
2440832.2680123905,0.19538440910998278,-0.07491061879574999,1.601683333312307,0.5035460992907801
1868968.520246264,0.13323609081002208,-0.13817626523792959,1.1110248511846905,0.44680851063829785
2629822.674050991,0.21334776109264997,-0.07921689332292088,1.8163131973275635,0.5602836879432624
2217606.4863935085,0.17267292092133157,-0.07896561505583656,1.466559027059567,0.49645390070921985
1359578.2795396592,0.0633612828736485,-0.15331165932955398,0.6780515217082511,0.45390070921985815
3825549.948132421,0.30779229799819685,-0.050967447510944126,2.2804387719839623,0.624113475177305
2224050.3774640434,0.17335363761049716,-0.11681647590176428,1.5286274701788412,0.524822695035461
3718360.1205487764,0.3003800249806381,-0.061444012739536626,2.1051255195616507,0.5957446808510638
2112828.938184105,0.16137605420702195,-0.06787259172489454,1.5005301211119813,0.5177304964539007
2317463.9016752606,0.18304862630916174,-0.06874130966831428,1.486303797232337,0.5035460992907801
2353593.2684882837,0.18671459230461607,-0.09627401430619792,1.6232213157352449,0.5602836879432624
3085470.796078249,0.25274964410743617,-0.06245507116859437,1.9891105745927562,0.5957446808510638
2235551.0262655173,0.17456462659325278,-0.10156847934799068,1.437707476277059,0.5319148936170213
2411859.347176415,0.1925329717663311,-0.05227528309787196,1.686977622990533,0.5460992907801419
3753708.426550774,0.30284306944983896,-0.061838424205757116,2.1679363119745196,0.574468085106383
2551655.3888630257,0.20604747612000351,-0.051641818740130824,1.6517840552524055,0.5460992907801419
1461263.7257426374,0.0788118809964824,-0.08250923900688951,0.9104604821240962,0.5106382978723404
2323838.973172919,0.1836987968994399,-0.05901482236122968,1.6775374975686796,0.5602836879432624
2549404.2662730515,0.2058346010338974,-0.10989297630690652,1.6370189982143384,0.5319148936170213
2022712.8538796436,0.15129560523885965,-0.06166855538256096,1.55857231925582,0.5673758865248227
1791048.5746259806,0.12362520554800716,-0.07569276340757085,1.1654935472807328,0.475177304964539
2819732.663776778,0.23038658416825064,-0.057777136221550444,1.8990185788333371,0.6028368794326241
2308991.413684866,0.1821823297166516,-0.07459614799933639,1.435137372385072,0.48936170212765956
1856235.2869651627,0.13168772392245232,-0.06147211077388421,1.1499618428154348,0.5319148936170213
2924603.839842853,0.23940547181726712,-0.056977750593532765,2.079676006443966,0.5886524822695035
1900481.2714053798,0.1370320822708484,-0.1278029579452074,1.2354769463319275,0.475177304964539
2224108.36960371,0.17335975658864777,-0.05093100450491928,1.7254113924158696,0.5460992907801419
1714513.3983849834,0.11385376370423983,-0.06915020139043021,1.2007378939289461,0.49645390070921985
2501483.514027206,0.20126695095299518,-0.07671526160293114,1.7295124144704996,0.5460992907801419
2101248.386268836,0.16010013834378856,-0.07768059239084005,1.3528038702463145,0.49645390070921985
3306740.125296548,0.27022311931358867,-0.036883558998240425,2.279685229250508,0.5886524822695035
3072945.827397387,0.25173092179331213,-0.07867386422521887,1.9552780654837119,0.5815602836879432
1680609.592915619,0.10941329897470009,-0.09983178117157544,1.0881143340358133,0.475177304964539
2194218.5846535712,0.17018890969384337,-0.051961408835617735,1.6949533136684838,0.5673758865248227
2702131.3352378765,0.21994791963048277,-0.06044798929181608,2.1244502379641634,0.5886524822695035
2007654.4171025713,0.1495762736661015,-0.06469396204979481,1.5802584009599003,0.5390070921985816
2752978.9615293383,0.22450504423151507,-0.068451729797582,2.023092213184269,0.5886524822695035
2826912.430194995,0.23101252327021937,-0.06760354698739161,1.8751909632393564,0.5531914893617021
2950979.8179484955,0.241633003320884,-0.060908208982697734,1.8201668316313324,0.5673758865248227
3102004.342163796,0.25408935155959544,-0.05959263881187524,2.108658031805938,0.5886524822695035
3987887.63924815,0.3187078232987808,-0.05939085301479714,2.485796650454409,0.6170212765957447
4554293.078715986,0.3542043203250591,-0.11847412538476351,2.5570090584296614,0.6382978723404256
1959561.9201561857,0.14401520920309752,-0.11228678710569234,1.2014889567429763,0.5177304964539007
3067245.514530204,0.2512661847923412,-0.059679727340319046,2.0599194946996473,0.5886524822695035
2599483.479754344,0.21053517199489602,-0.0542170217033365,1.8934238279796598,0.574468085106383
1619308.9994579875,0.1011993488105698,-0.1635855650115492,0.9706054738380991,0.44680851063829785
2772093.1590479547,0.22620071271445208,-0.0568778659134477,1.9563720825536122,0.6099290780141844
2217041.479312176,0.17261315954859802,-0.05008710487937401,1.4051906497989348,0.5035460992907801
2827528.051354341,0.23106613450649993,-0.05095938550537644,1.862878683534827,0.5531914893617021
2592646.3105929266,0.20989771033998594,-0.09885502906861127,1.7631468826027528,0.5957446808510638
2238614.222752831,0.174886332681629,-0.12175735340239469,1.6082739625298845,0.5815602836879432
2339583.9355716156,0.1852984763529475,-0.09212973778846686,1.5790051312869675,0.5531914893617021
3581659.97274948,0.29067491889416486,-0.06419788327331646,2.1757992686042877,0.5815602836879432
2639931.4235996353,0.21427912527524962,-0.049234112554531806,1.6893600418532606,0.5390070921985816
2494620.227986271,0.200607046391996,-0.048620185164894726,1.7059866545275932,0.5460992907801419
1705485.0122259262,0.11267820554137709,-0.0756434193519748,1.1260192906376547,0.48936170212765956
2489037.3381733424,0.20006917973276805,-0.07433220008536744,1.6321965776369283,0.5319148936170213
3085674.21902159,0.25276616225435533,-0.06095975482167783,2.2338958859155285,0.6099290780141844
2885889.5154995187,0.23610664211292987,-0.08232194571597536,1.9126917154741987,0.5815602836879432
2122660.898598038,0.1624549307729437,-0.08105003546832824,1.4389463004672534,0.5106382978723404
2473100.624871035,0.19852847733204682,-0.09292447927450796,1.9068876579115472,0.5531914893617021
2168088.4970201054,0.1673884739583673,-0.08647101194321094,1.5653990704628458,0.5106382978723404
2960084.303856689,0.2423982071438866,-0.10707381340779916,1.9743196784970167,0.6028368794326241
2689576.9856016557,0.21881220906782994,-0.03877727277542514,1.9753464338855824,0.574468085106383
2048085.8946176202,0.15416960582560613,-0.08328917007194689,1.3505576344067052,0.5319148936170213
4276273.157386562,0.33725148180701003,-0.05827122038378613,2.3068662616509945,0.5957446808510638
2180100.6773330187,0.1686791875579341,-0.06666600419894328,1.5376965376671794,0.5460992907801419
2245884.6093119103,0.17564848300183367,-0.0685708480509324,1.5296046058422443,0.524822695035461
3383484.1357879424,0.27606509383166644,-0.11185815395744486,2.096559157307617,0.5886524822695035
2961672.0032847286,0.24253145550096922,-0.0771182565716603,1.8026968894162694,0.5177304964539007
2817832.1130511025,0.23022067887848152,-0.06815830145755918,1.839644659878425,0.5531914893617021
2788466.6851501013,0.22764582734240468,-0.09039479168588598,1.8212268507684923,0.574468085106383
2590127.386214157,0.20966252007054687,-0.06136848219779942,1.6491249264475567,0.5106382978723404
2636432.282949131,0.21395705721461056,-0.0829085029595727,1.6877886405232094,0.5460992907801419
3041668.954894164,0.2491724257034329,-0.0856630106601569,1.9068475525468884,0.5531914893617021
2441834.6760435724,0.19548257776776423,-0.11452780432816453,1.5164369956968728,0.5177304964539007
2902242.3017611094,0.23750434819203292,-0.09122338817733647,1.7644943379676556,0.5177304964539007
2274398.185176231,0.17861862587195065,-0.0697715691969418,1.6396116006334,0.5815602836879432
3352011.9471245664,0.27368229409421074,-0.05398512628137809,2.2891604139216506,0.6170212765957447
2810894.97475079,0.22961435265808428,-0.03977447905554414,2.109262880271649,0.6099290780141844
2742784.0363254203,0.22359677208068174,-0.07691954479091986,1.9526780992836317,0.5390070921985816
2513895.0727258045,0.20245665237028065,-0.07955110115818768,1.8173478236486298,0.5460992907801419
1727196.767746026,0.11549688873668007,-0.09933790915557825,1.0592795380420532,0.5177304964539007
3282525.5263047256,0.26835732799675305,-0.04845437394730028,2.0494954148399422,0.5673758865248227
3528527.912812411,0.2868226942531886,-0.045449831580827556,2.221673296034635,0.5886524822695035
2355807.8839342166,0.18693783630246297,-0.06975042400633492,1.6438360112964425,0.5035460992907801
2746081.903924684,0.22389087622660986,-0.09259059796733665,1.6929663725054627,0.5035460992907801
4149270.554903587,0.32921229818720477,-0.06460589325052732,2.171374456619131,0.574468085106383
3065732.940798296,0.2511427511907296,-0.11755912174603862,1.888722126172076,0.5460992907801419
5096384.761505971,0.38500850943109466,-0.08381474082544517,2.439614767638694,0.6382978723404256
2584219.8288935707,0.20911021679615693,-0.09534883610299974,1.782435153044807,0.5602836879432624
2341216.8690106124,0.1854638881041939,-0.09855107971243833,1.6093232359274134,0.5177304964539007
3151544.529033619,0.25806966190561975,-0.05094198380703724,2.2214945744032235,0.6312056737588653
3549220.256545042,0.28832842903426625,-0.04959022619009493,2.2317335532423743,0.624113475177305
3292343.5494861403,0.26911515240737693,-0.06620111921081857,2.248342949927858,0.574468085106383
2758111.9511836544,0.22496132736069496,-0.06901270813736109,1.6297594775977648,0.5177304964539007
3622665.6415264136,0.2936168100564245,-0.08246147115098741,2.281479829853634,0.6170212765957447
3706944.006580046,0.29958055688451646,-0.06568179498110331,2.071092886904998,0.6028368794326241
2595647.3190989066,0.21017767397000942,-0.107709764122053,1.6111593612382382,0.5177304964539007
2805138.6207284327,0.22911032097157458,-0.08385359467331623,1.7260849917004015,0.5460992907801419
2486925.1559410403,0.19986543625387942,-0.04607180054831434,1.8174152187751216,0.5319148936170213
2963906.2187373033,0.24271886623851757,-0.05919590426046059,2.0468109478042016,0.5957446808510638
2810687.588719018,0.2295962080906444,-0.04919918638046302,1.9640463709563236,0.5602836879432624
3308800.5753119066,0.2703813766344063,-0.05280842706036298,2.068859347567644,0.5957446808510638
2197601.1743070846,0.17054947817752253,-0.08713957706140381,1.4196146804904555,0.48936170212765956
3286156.342537832,0.26863779108344765,-0.0663594051476363,1.980801346963107,0.574468085106383
2135192.672047132,0.16382428199185983,-0.06751015156496147,1.5400839344321853,0.5106382978723404
1595467.7393498723,0.09793746657877644,-0.0828714382006822,1.1070971227954585,0.5177304964539007
3137289.4980931957,0.256929499845145,-0.04805799175136173,2.04026883482079,0.5886524822695035
2766926.4670655415,0.22574328725694048,-0.05875391667986191,1.6717392463089216,0.574468085106383
2454476.225298932,0.19671784180838126,-0.07903886691863558,1.8060692524319397,0.5531914893617021
2022704.9886126632,0.15129470988078886,-0.10666048625336579,1.4923047938750853,0.5390070921985816
1835344.4430176849,0.12912888167171,-0.07976876545594502,1.2437767679669653,0.5106382978723404
4931311.759954904,0.3759178090697961,-0.04205639656237082,2.618847281960141,0.624113475177305
5141439.490019856,0.3874487365656223,-0.05903422702326086,2.929732440868847,0.6879432624113475
3506585.450700506,0.2852182542438997,-0.042423077577311286,2.236862092891382,0.624113475177305
3270708.612885581,0.2674428066723964,-0.05777640966503743,1.9745039671012041,0.5531914893617021
2986877.9073728006,0.24463925479716342,-0.07846129121333184,1.9139987000644383,0.5106382978723404
3975574.5776472306,0.31789248328851305,-0.04697938744962638,2.4503956352995413,0.6312056737588653
2715719.221407063,0.22117238055576793,-0.06355225830605642,1.8057035244866724,0.5673758865248227
2674909.047186573,0.21747991113452603,-0.055021145514797025,1.7861344906997003,0.5531914893617021
4052878.6948747276,0.3229783008139335,-0.05030729170607041,2.3329033057319704,0.6312056737588653
3350938.1291774083,0.27360067874085003,-0.06745415152481604,2.0404419171733696,0.5957446808510638
3078720.6268226393,0.2522010288439642,-0.05731024198096833,1.80775742768412,0.5531914893617021
2938459.810444596,0.24057764515954938,-0.1356160293231961,1.8085935623032847,0.5460992907801419
2196256.2830758714,0.17040617217127463,-0.0519939644440253,1.736172128104545,0.5673758865248227
2409868.7442805246,0.19233605782321805,-0.10330002418032018,1.6936778276406272,0.5460992907801419
3607565.0219575255,0.29253655205645623,-0.08830321581483795,2.2791797500704707,0.6099290780141844
3338227.8502745666,0.27263304306708425,-0.06409418523751831,2.0583295586302213,0.5815602836879432
2440895.852150809,0.19539063704270365,-0.084706596032975,1.4522887617581324,0.46808510638297873
1989566.8526608627,0.14749739249334337,-0.07319407108840373,1.2837278797258553,0.5035460992907801
2773090.4493358987,0.22628892779614485,-0.050887192433297555,1.7252638243101903,0.5319148936170213
1973653.7948832805,0.1456558967863122,-0.06054182329638605,1.3989899271256148,0.5390070921985816
2099012.3787596636,0.15985313304119564,-0.06571419288348264,1.675725716067778,0.5815602836879432
2278219.6223399593,0.17901442226694186,-0.08085637500146657,1.6718863341160504,0.5460992907801419
2781162.6338812746,0.22700201847999502,-0.06809201336616598,1.8620480106800494,0.6028368794326241
3003435.4117700197,0.24601611560130765,-0.058117904119643696,1.9906318985491616,0.574468085106383
2597718.056459425,0.21037070179867867,-0.07021747583586392,1.7093362089318482,0.5460992907801419
4497261.851593071,0.3507955927543578,-0.04363112382358358,2.5432407164788975,0.6099290780141844
2483254.519883563,0.19951103299705042,-0.11015229709680759,1.5226777721255447,0.5390070921985816
2223724.116304785,0.17331921013643803,-0.06829750530316854,1.5064078452721943,0.524822695035461
4248640.446760805,0.33551876899242905,-0.05067749651748477,2.6590091733384154,0.6453900709219859
1853749.352984485,0.13138444240765978,-0.08132160799120841,1.3177294426027395,0.49645390070921985
2042225.912290989,0.1535083867414777,-0.05984731026666387,1.4329522473883425,0.5106382978723404
4471201.965531368,0.3492264843933828,-0.05263700948239272,2.463489468265147,0.6099290780141844
1784084.514369143,0.12275005425857466,-0.07109931743362871,1.4052787784867427,0.5815602836879432
2814098.8507055845,0.22989452939890898,-0.10307313849214016,1.6915835944726878,0.48936170212765956
1672153.9446232207,0.10829468761382555,-0.08528068778252473,1.0934189666425618,0.524822695035461
3439907.4224806996,0.2802929408558852,-0.051408828713615726,1.9944733780308939,0.5602836879432624
2180223.072002828,0.1686923096024946,-0.07047152085255674,1.5728718906907955,0.48226950354609927
3309039.0016738907,0.27039968439717943,-0.10684365591243505,2.128481862137959,0.5815602836879432
3087659.6177248578,0.2529273328928552,-0.06180303932939429,1.985000636471935,0.6028368794326241
2829459.7630086956,0.2312342966016947,-0.06636798035387995,1.8822260909459587,0.5602836879432624
1867118.9349037604,0.13301170532198103,-0.06822009372582025,1.181123287944932,0.475177304964539
2436064.299819516,0.1949170264397344,-0.06619420425885099,1.6446918791323721,0.5673758865248227
2737776.4708208507,0.22314965553971566,-0.07957851887712124,1.8267309931741171,0.5602836879432624
2229208.191021742,0.17389736028148262,-0.10075636717069213,1.5997240759248756,0.5460992907801419
2656513.4539520713,0.2158007415833203,-0.10786545075164151,1.7439564217537031,0.5319148936170213
4207172.105760668,0.3329014968507942,-0.04833025898187623,2.6191290415464796,0.6666666666666666
3326839.870786486,0.27176356762607123,-0.0653437513157513,1.9236785825233997,0.5886524822695035
2822516.606461239,0.23062944221186377,-0.055892395318886075,1.9539657529186794,0.574468085106383
2132134.0031137555,0.16349065451936262,-0.076591739851921,1.5864841155394624,0.5602836879432624
2925959.631726575,0.23952036357434525,-0.06854515469109303,1.9253020948408102,0.5815602836879432
3328056.1916481336,0.2718565475378303,-0.07499489148975123,1.9754107490968897,0.5673758865248227
2245941.6205170015,0.17565445164830318,-0.09155023297133628,1.5741613151101157,0.5177304964539007
3194877.4419436343,0.2615104155596726,-0.07689970425394761,2.0046785379344434,0.5886524822695035
2762126.53692915,0.22531771982530824,-0.07550469240648866,1.6712346538846095,0.5177304964539007
3379487.1878718087,0.27576346525767215,-0.07952587487999693,2.1084402721959674,0.5673758865248227
2793953.4479437023,0.22812856620533561,-0.039913198136543204,2.1143247149939524,0.6382978723404256
3271148.0374977416,0.26747686141107807,-0.07404420431894451,1.9280439046438056,0.574468085106383
2538937.3999322653,0.20484283301540862,-0.06291466775259019,1.7287646266802756,0.5673758865248227
3514387.689789759,0.28578967436145586,-0.08166501740692626,2.264056969495413,0.6099290780141844
2282082.8162259636,0.17941400402679597,-0.07915720815574333,1.6170024178188158,0.5460992907801419
4007282.3078068527,0.31998801441182634,-0.04527738595859503,2.5507995951675766,0.6382978723404256
3002967.259116619,0.24597726927742358,-0.05195130692785039,2.0538327927584774,0.5886524822695035
2323699.7236033026,0.18368461058955798,-0.06741702008582127,1.6517658936272284,0.5460992907801419
4143050.2213905915,0.3288135241762995,-0.054654815411210776,2.41514630313007,0.6170212765957447
2519108.744088002,0.20295500407555966,-0.05410043210162286,1.7522650679326528,0.5602836879432624
2341559.039250244,0.18549853732929233,-0.0886831675534216,1.5273587993879234,0.48936170212765956
2866073.2844129377,0.23440439176148153,-0.05707174809641429,1.9019054422085064,0.5602836879432624
3035186.9610205004,0.24863955778313085,-0.06201948540862765,2.066847555041962,0.5815602836879432
2639783.7189432774,0.21426553714235919,-0.07889282443544114,1.743453518790492,0.5319148936170213
3526915.6680515097,0.2867050784947909,-0.11379696808589192,2.208588580922207,0.5957446808510638
3729442.999079953,0.3011542803863885,-0.08785673524196987,2.107694227964572,0.5673758865248227
2976314.764837452,0.24375766940380328,-0.051647720087337576,2.03915249746466,0.5886524822695035
2611062.566472474,0.2116116922926794,-0.05377094389879044,1.9745448172922833,0.5815602836879432
5958561.343491502,0.42898701670236017,-0.03309807848835258,2.5216636268763124,0.6453900709219859
2356663.5888471953,0.18702405054834093,-0.05972736116900018,1.5669115817148596,0.5390070921985816
3206244.6624447554,0.2624068194157634,-0.04720720374018388,2.2909218941474148,0.5957446808510638
2888347.160070335,0.23631710591948152,-0.04795060927791086,2.073637743969165,0.5815602836879432
2069463.934905849,0.15656906631037937,-0.11616548680203684,1.655779062846952,0.5106382978723404
3930307.6691771797,0.3148775481652142,-0.03169783396094807,2.564852425185376,0.6453900709219859
2821986.5183066186,0.23058321459358733,-0.04186593001363675,1.8912892750254615,0.5460992907801419
2334490.751819687,0.18478195659039498,-0.09904657081428402,1.6220026962465528,0.5106382978723404
1593052.3455900436,0.09760482949361338,-0.15347129619725305,0.9401296083138289,0.48936170212765956
2654859.0220227595,0.21564926779107063,-0.07798642705953981,1.8476750084192095,0.5531914893617021
2425479.413362927,0.19387681569863724,-0.04779011525417487,1.8363980143169927,0.5460992907801419
2428065.8334343056,0.19413132626508656,-0.0563201863727921,1.756125700684302,0.524822695035461
1936773.9285767735,0.14134196582064562,-0.08967884112076151,1.2770029201179052,0.5177304964539007
3012994.093581726,0.24680821775560524,-0.12819635250060615,1.8710006727090904,0.5602836879432624
2262181.1704817954,0.17734969771398212,-0.12446989126599405,1.6239930553208484,0.5531914893617021
2529951.197534306,0.20398874954139545,-0.08530830835702072,1.6152314061156623,0.524822695035461
2184979.472565102,0.16920179180542538,-0.0855569077984259,1.5005283862880312,0.5390070921985816
2727813.7017028015,0.2222581485482782,-0.09874614011889925,1.904404081332198,0.574468085106383
2290901.8119038707,0.18032415558381376,-0.09886043520378211,1.6971214473774252,0.5673758865248227
3253890.4739855784,0.2661366671982275,-0.05781863514689052,2.018113845657373,0.6028368794326241
3924987.382369853,0.3145213767324928,-0.05483394090533278,2.3029002284948037,0.624113475177305
3545169.2700649253,0.28803420184994266,-0.08305414705036279,2.1188601065406263,0.5815602836879432
3756607.257335736,0.30304423347579856,-0.04864096620416033,2.434396731863587,0.6028368794326241
2332415.1321876026,0.18457120126927573,-0.10264560240657937,1.610095390955805,0.5319148936170213
2899748.3544575702,0.23729159324651228,-0.054583043087410694,1.9968190957405136,0.5531914893617021
2391716.156813108,0.1905343418449208,-0.05788708338560516,1.592404184022996,0.49645390070921985
2953991.7598467446,0.2418863565009688,-0.03950218547398696,1.9646592460795267,0.6028368794326241
1313459.3760427658,0.05604719902178035,-0.08301454289563893,0.6115080575058209,0.4397163120567376
2999720.2729723104,0.24570770777482198,-0.05270441716057964,1.9913079815434103,0.5531914893617021
3500084.909173536,0.28474139053726,-0.07639307209005045,2.1656053485996645,0.5957446808510638
3270190.563502857,0.2674026539321266,-0.07704963599064166,2.0292086159521463,0.5673758865248227
2780102.3728195922,0.2269084503530998,-0.09968318842278408,1.7860979540367385,0.5390070921985816
1824787.8793073036,0.12782697454853031,-0.08254541641160619,1.1373782836776776,0.475177304964539
1725205.7688417449,0.11523959577492282,-0.10446819130839978,1.283476330915052,0.5460992907801419
2049522.4273380707,0.15433146792649532,-0.09796939039228716,1.406179862166171,0.5319148936170213
2927892.340365882,0.2396840704811234,-0.06280277898440977,1.9842774885028263,0.574468085106383
2672098.9031559685,0.21722399719826258,-0.06305674654271151,1.879275390922728,0.5460992907801419
2550915.301303278,0.2059775070865777,-0.060071760179538025,1.7010408676312148,0.5177304964539007
2903283.197076183,0.23759310216848006,-0.09936807879913281,1.966678981096439,0.574468085106383
3225403.9556834428,0.26391195822528934,-0.08240543863559091,1.8496539759928812,0.524822695035461
2691788.62172376,0.21901258875087137,-0.059043246830507136,1.9136457508636213,0.5957446808510638
3515445.697603923,0.28586708253925863,-0.04113644956309986,2.2905972104802235,0.6312056737588653
3466741.909972663,0.2822842328409425,-0.05211024852298449,2.047223579826956,0.5957446808510638
2445152.3440957074,0.19580725663530907,-0.0651236562053209,1.6386208459014968,0.5390070921985816
4393541.240869114,0.3445066093274807,-0.05755575973644197,2.3878425877810163,0.5886524822695035
2581707.1206988953,0.20887499505277285,-0.14944787163691817,1.6650067669826032,0.5460992907801419
2257278.5651361393,0.17683894364871344,-0.057313285484250666,1.6053251015534158,0.5390070921985816
3109314.510827644,0.25467987137418424,-0.05546271438270142,2.4045860046390506,0.6170212765957447
2343534.019245586,0.18569845083472192,-0.0729535504605021,1.6121204633355288,0.5602836879432624
2618279.1113340533,0.21228069194381072,-0.0474699618157816,2.2014204493249947,0.6312056737588653
3283916.6049792003,0.26846481144545287,-0.052878130590974584,2.0942795382510626,0.5886524822695035
3064715.8783965944,0.25105972640220675,-0.07862911299870898,1.9201005374362357,0.5390070921985816
3110776.863942178,0.2547978677967937,-0.07309902422512117,2.0372855310232625,0.5390070921985816
1391962.218710702,0.06837936053719673,-0.08707808830443427,0.8624698881557666,0.49645390070921985
4028061.0846222513,0.3213540786260609,-0.04306331730180633,2.4513325859646558,0.6382978723404256
4933473.252789605,0.37603840640110864,-0.07808498019271204,2.252379060872263,0.5886524822695035
3519190.3970235214,0.2861409104269348,-0.03127106686830404,2.523709915588163,0.6312056737588653
2660275.0534726004,0.2161448593476032,-0.061763667235474086,1.6738320910877766,0.5177304964539007
4226618.974618642,0.33413144261451877,-0.04577316587430527,2.385975947261491,0.6312056737588653
3713243.291530215,0.3000219376742215,-0.06382507122937335,2.148207415820466,0.6099290780141844
2480957.761267719,0.19928906564917703,-0.09215093848066915,1.7087609084621662,0.5460992907801419
2643892.5070120916,0.2146432996377592,-0.055214056902076675,1.7721259236502613,0.5602836879432624
4500016.457476019,0.3509610266699428,-0.05607518685158807,2.5238988413072816,0.6312056737588653
3504688.3595866663,0.2850791614446908,-0.103576086703229,1.9600104505961942,0.574468085106383
2189166.88788954,0.16964959323667084,-0.05820539390698222,1.5601130524349192,0.574468085106383
2343656.4403175935,0.18571083823266976,-0.08241740458933304,1.5877048114155434,0.524822695035461
1948634.6374848732,0.14273645855609685,-0.11141313693328862,1.2100657051513415,0.5177304964539007
2774652.744126857,0.22642706921291356,-0.044929150966838464,1.8847126533798553,0.5390070921985816
5005712.794202656,0.3800448019319447,-0.039171107427316255,2.7592084232196115,0.6312056737588653
2670629.9768185415,0.21709013945194133,-0.09047805907121874,1.9391323387303698,0.6099290780141844
3927580.5210726694,0.31469502497421686,-0.07244619315794451,2.217497516620319,0.5815602836879432
3423388.504409178,0.2790609428204551,-0.06972208097176762,2.033503509182796,0.5531914893617021
3530276.998524821,0.28695024416053294,-0.08839758943328023,2.015139059124058,0.574468085106383
4676442.105541074,0.36139174362085535,-0.04041206303097923,2.702537686187947,0.6595744680851063
2711401.4977166834,0.22078382482465053,-0.04758519190751356,1.6510598282048967,0.5106382978723404
3320756.52250899,0.2712981261881402,-0.09593963840165211,1.9555471989046813,0.5460992907801419
2597924.2091100165,0.21038991198258739,-0.03868970666969548,1.9945766881425817,0.574468085106383
2796612.522654639,0.2283622453391425,-0.14585303426476,1.8746026592248866,0.5390070921985816
2656164.2523827157,0.2157687762377929,-0.07543756780773649,1.9350272765646523,0.5602836879432624
2905473.689638323,0.2377797956822132,-0.06394065395527353,1.8818785355796224,0.574468085106383
2350482.217902845,0.1864006992656182,-0.04704323562625606,1.7074427932595837,0.524822695035461
1945288.3449014171,0.1423437158808074,-0.07922564774346806,1.4947523013433173,0.5673758865248227
2262571.385735454,0.1773903123315148,-0.053324855313519465,1.5162645930293985,0.524822695035461
2513512.795421708,0.20242007965449504,-0.08461915339599348,1.7279563627047985,0.5390070921985816
3606447.9392751097,0.2924564953389237,-0.05741694384848171,2.2208090296905625,0.6099290780141844
1907230.8355496663,0.13783857185867743,-0.09551904111157145,1.1496116379624188,0.48226950354609927
2207584.955878771,0.17161112041310056,-0.1049099458852869,1.5789201703608342,0.5531914893617021
2451486.913991175,0.1964262027071415,-0.09466262067736189,1.7149191593468966,0.5531914893617021
2685775.9577005194,0.2184675184092979,-0.07837876735851132,1.7876066204012184,0.5106382978723404
2012987.5423983724,0.15018637172344618,-0.081985807831255,1.6260614868885674,0.5673758865248227
2384642.916886701,0.189829332236779,-0.07430499750655761,1.7149818451963994,0.5673758865248227
3451646.7877963474,0.28116560105903665,-0.04835492554392406,2.0081981119581007,0.6028368794326241
2815025.2489767303,0.22997549472555612,-0.09136393964060402,1.9987893231591094,0.5957446808510638
1788229.4119124583,0.123271258857367,-0.06719712304913797,1.3174641585439157,0.5531914893617021
3594690.855429079,0.29161270812497864,-0.10511038934817697,2.1388689564436967,0.624113475177305
2000629.7069814731,0.14877068022624296,-0.09630651885424023,1.2636087917386558,0.5035460992907801
2841592.5820439174,0.23228840497833403,-0.05899608074426299,2.0484364081710593,0.6028368794326241
2257048.6528131156,0.17681496957624998,-0.07002552288638092,1.6880139101865737,0.5602836879432624
3085777.702199583,0.2527745648578388,-0.10530040532688825,1.9049420403026749,0.5673758865248227
2785362.259776262,0.2273723556742766,-0.06926070142350509,1.830969987404729,0.5602836879432624
3105510.741470015,0.25437273937307237,-0.03897239251029819,2.5118595657125704,0.6312056737588653
2845514.9198222524,0.23262841043151083,-0.0637305563034611,1.7816463621014047,0.5886524822695035
4770000.526873697,0.36679595675488086,-0.07806385929847964,2.576005689800067,0.6524822695035462
3025132.30533515,0.24781118641604838,-0.0507400276890033,1.9923504736470339,0.5602836879432624
4277995.352813406,0.3373591754642009,-0.05546315561167581,2.412053806924967,0.5957446808510638
2349030.545308223,0.18625411734308805,-0.0740901098642524,1.702196903626113,0.5531914893617021
2904051.6271138336,0.23765860752791657,-0.07679969517469092,2.024327114480993,0.5886524822695035
2576450.9629455125,0.20838235834037877,-0.05841091026101936,1.8923292018993987,0.5531914893617021
1947090.9269776877,0.1425553457395412,-0.08925007215256858,1.4540279906320859,0.49645390070921985
3660879.4785165833,0.2963345209557362,-0.08760502706744133,2.0070649454583434,0.574468085106383
2014736.0746314267,0.15038611856701523,-0.061927321375557086,1.3334938031208319,0.49645390070921985
2797464.9276731582,0.22843711695613633,-0.05118887657960496,1.9615986496011775,0.5957446808510638
2986670.8201398784,0.24462199556825026,-0.10609609161817485,1.946800216517025,0.5602836879432624
2845607.777013041,0.23263645515597675,-0.05756312694518276,1.742669720573636,0.5319148936170213
3913404.968413207,0.3137446438274334,-0.0710305560161166,2.2381196048375918,0.574468085106383
2430775.66177142,0.19439774797981135,-0.13274418385859904,1.6371659984054925,0.5106382978723404
2058533.7450371422,0.15534475778554668,-0.1626708945261106,1.2684547639420696,0.5035460992907801
3429005.152697198,0.2794803708480278,-0.06733101892520152,2.112314323824603,0.5957446808510638
1783183.2034610626,0.12263658974306768,-0.08034257558567492,1.0421875936341587,0.44680851063829785
2371632.685488942,0.1885281857797103,-0.10174714636586144,1.564288331544609,0.5602836879432624
3482734.696609884,0.2834651434102353,-0.07542822227443323,2.3281250517583962,0.6312056737588653
1884827.0719666197,0.13515274110097297,-0.10131545836641553,1.1717257150949127,0.48226950354609927
2562914.3990419675,0.20710992348057888,-0.08856356912378203,1.871867990724008,0.574468085106383
2447819.7888286565,0.1960680468304523,-0.10141309958807485,1.5829678576770907,0.5460992907801419
3059061.6345041464,0.2505977571233975,-0.06467413954229158,1.995352895569093,0.5886524822695035
2369172.2556024496,0.18828147771610992,-0.07569882547474797,1.6348183211060272,0.5531914893617021
2673447.985853531,0.21734688219336284,-0.06520396870656753,1.966613054779223,0.5815602836879432
2045132.6089852848,0.15383655726881518,-0.06297445376716927,1.3207612990916549,0.524822695035461
2484898.2457614834,0.1996697880082372,-0.09253426070666051,1.6462803383026572,0.49645390070921985
3222051.8535026703,0.263649136918942,-0.06708422153425157,2.0403969320500264,0.5957446808510638
3291224.2756657093,0.26902885032204993,-0.08295886045122079,2.218061011926803,0.6170212765957447
2408103.8207095917,0.19216135961475755,-0.06000552917133023,1.8056210806663195,0.5815602836879432
2897434.739563169,0.23709409126069936,-0.10856262740400653,1.8993069045824704,0.5886524822695035
3996982.9604553017,0.3193088003140989,-0.0862585112603648,2.5962589591369456,0.6524822695035462
2976549.148085105,0.24377725784135906,-0.12013430955815403,1.9552462239628983,0.5815602836879432
1764483.25182824,0.12027206890253694,-0.07550330771332041,1.218049364832542,0.5035460992907801
3194231.920845133,0.26145943411040684,-0.04970826201161507,2.2197430209100912,0.6028368794326241
3121458.844663686,0.2556584472878032,-0.0782508147932874,2.297740128382575,0.5957446808510638
3064607.2519125133,0.25105085770757984,-0.054168087101893976,1.7897485241225202,0.5531914893617021
2611407.5991194933,0.21164371170882168,-0.08143453833493418,1.5416107923105682,0.5035460992907801
3028215.159465483,0.24806540688324663,-0.060527915085894765,2.077981039107011,0.5815602836879432
3499583.858948852,0.28470460532532216,-0.058874821300849804,2.3109047219814283,0.5886524822695035
2330426.0459652077,0.18436909158582115,-0.07185964909186476,1.8341780473267544,0.5531914893617021
3339802.7533829133,0.2727531005169146,-0.06936733740939456,2.0853142562802875,0.6028368794326241
2542355.702078017,0.20516708682670903,-0.07838937618022296,2.115188044922553,0.5957446808510638
3506637.8226787574,0.2852220932503231,-0.05088647338318004,2.206881865919998,0.5886524822695035
1982346.0266855694,0.14666324769885875,-0.0974395350060315,1.3078162942813512,0.5035460992907801
2996788.3147945357,0.2454640989480248,-0.0705192066585372,1.8120373610091165,0.524822695035461
4609212.194843393,0.3574546840902386,-0.0655589613746944,2.6075149587954427,0.6453900709219859
3441325.6434892253,0.28039849247437143,-0.057145016261686374,2.0833092535417976,0.5602836879432624
3464620.5221843445,0.2821272619295081,-0.07156038074290354,2.322156348943572,0.6099290780141844
3518743.2878020685,0.2861082282118772,-0.056268434958878566,1.9859223169167133,0.5957446808510638
3174995.979341746,0.25993643742013006,-0.06337763104110691,2.035211492394042,0.5815602836879432
3261900.3568338677,0.2667594069748336,-0.050204865926467834,2.0738851476752616,0.574468085106383
3139996.1267706095,0.2571463027907519,-0.058395514915754974,2.3318933137853466,0.6099290780141844
2154234.8139723674,0.16589276701047995,-0.0843707307716164,1.371724998905158,0.5531914893617021
3530732.1028499706,0.2869834237905171,-0.06307858330364816,2.1418573767872733,0.574468085106383
3629472.4935444496,0.29410257653153216,-0.0710333164816893,2.028025748888215,0.5531914893617021
2587217.61941687,0.20939060922897368,-0.053695295597383084,1.8796442834881388,0.574468085106383
2602713.5329858586,0.21083585873429533,-0.07802819910936383,1.7128692464467357,0.524822695035461
2284693.529743693,0.17968373166510054,-0.07782950836451283,1.630404972380651,0.5319148936170213
3211213.8740122775,0.2627978863395466,-0.07131494619276935,1.865098827669824,0.5460992907801419
4549304.969375322,0.3539075506446414,-0.06489726474221015,2.3610652853519087,0.6028368794326241
2299231.6777040563,0.18118125675291474,-0.1501170047412907,1.6147317320362058,0.5319148936170213
4008283.2437489,0.32005394894597305,-0.07680050417658331,2.5549271751714158,0.6170212765957447
3234612.7841186244,0.2646328526574062,-0.09000305896151663,1.8982528780150978,0.5531914893617021
2637677.2202192293,0.2140716829546938,-0.06846989926674475,1.8053227313524245,0.5886524822695035
2616540.789796695,0.21211967828500078,-0.0566239717485382,1.89928328687777,0.5531914893617021
2001607.7629459323,0.14888297910533765,-0.04770694603527625,1.5404934956575358,0.524822695035461
4414560.524146154,0.34579061407663225,-0.08416602356993971,2.4962271107884577,0.5886524822695035
1909830.8972448802,0.13814863800148847,-0.14107233878961836,1.197586293647113,0.46808510638297873
3462581.214942672,0.2819762920201734,-0.08832555758243504,2.0986778190832345,0.5673758865248227
2981751.892347333,0.24421175665704875,-0.05876905438894135,1.946722662597814,0.6099290780141844
2578865.4064875674,0.20860875333041218,-0.06511391354872872,1.8229237190622694,0.5460992907801419
3834326.1050587916,0.3083917868557764,-0.0511241040711065,2.1185385823966665,0.6099290780141844
3371359.1876474996,0.2751492066230117,-0.053407879499226714,1.9350069628326985,0.5531914893617021
1759631.519077044,0.11965531625100989,-0.1198996457989934,1.2720661531968336,0.5319148936170213
5160577.809391048,0.388480120422668,-0.06749033626519187,2.4184525232861542,0.5815602836879432
3441177.2778153145,0.2803874519347076,-0.08177024301441856,2.0105693269183638,0.5957446808510638
2692360.9598963656,0.2190644225465419,-0.05302660169204686,1.9902947789639516,0.5957446808510638
3133371.709749075,0.25661541691573797,-0.0700547542252082,2.025337795812173,0.574468085106383
3034787.8219078765,0.24860671584560445,-0.0708535176103893,1.8480258659834556,0.5673758865248227
2228069.3165202304,0.1737773898752366,-0.05870715310312813,1.745027717506063,0.5673758865248227
2683384.5018735374,0.21825045267604315,-0.08860707359801487,2.0030830740737082,0.5673758865248227
2381643.0635752873,0.1895298231693232,-0.06496821981115089,1.5731769482994749,0.524822695035461
2992241.2469436717,0.24508591741184893,-0.06633282275897111,2.028455921790695,0.5957446808510638
2808923.928805289,0.229441859093793,-0.059052360160413646,1.9803652940454983,0.5815602836879432
2131878.802363996,0.16346280093194343,-0.05561442009636745,1.5100232872487305,0.48226950354609927
2846190.099859508,0.2326869001699987,-0.06280431494302918,1.8077222593702469,0.5460992907801419
3022104.2051444612,0.2475612792582138,-0.0627482672129752,2.2511998898645866,0.6382978723404256
2891607.144301234,0.2365960582542479,-0.04766113762197222,1.9223551197088022,0.5815602836879432
2670555.1235365453,0.21708331677612192,-0.0630783843755382,1.8140112217071767,0.5602836879432624
2261439.87059753,0.17727252585626152,-0.10089074749581955,1.5944452418173833,0.5390070921985816
2742027.305604011,0.22352924686117914,-0.09279798219617745,2.024221202318536,0.624113475177305
2671407.3017566553,0.21716098149276175,-0.04729467955684569,1.7969875079904145,0.5886524822695035
2497489.2148190443,0.20088307576781972,-0.057033141527551304,1.7823467947656344,0.5673758865248227
2129897.9115124294,0.16324650815957642,-0.06496386953125428,1.4012113171169196,0.5106382978723404
2164179.0827587238,0.16696717192827948,-0.109971952391739,1.4970811114381577,0.5531914893617021
4927282.608186656,0.37569289551083496,-0.04407129518691795,2.5644736226582743,0.5957446808510638
2235573.066749652,0.17456694261025452,-0.0826225123617073,1.5831991398304324,0.5673758865248227
3213138.7097596326,0.26294923695201544,-0.0749130951264702,2.2613759832860785,0.6312056737588653
3045644.619441105,0.24949880547220493,-0.0507942016115077,2.007173771022287,0.5815602836879432
2934762.29062071,0.24026527941212472,-0.06152330882977573,1.8762124466821606,0.5673758865248227
3191345.6571186553,0.26123138421549386,-0.04273375813093738,2.1386059591503126,0.5815602836879432
3219407.5707994862,0.2634416577624983,-0.03056376160000023,2.3486061249367136,0.6028368794326241
2675744.092524119,0.21755591551292808,-0.08446352341416714,1.719019438163203,0.5531914893617021
3132668.503173196,0.25655900869844306,-0.09239824848067851,1.938743914102013,0.5886524822695035
2588933.4566863216,0.20955097975200987,-0.0945615756721813,1.868186826391351,0.5531914893617021
2775272.5638687355,0.22648185774788132,-0.10119159037073316,1.8649858694827903,0.5602836879432624
3451258.020234469,0.2811367395851361,-0.07214202939867038,2.463769570426117,0.6453900709219859
2260768.1195907225,0.17720257679441787,-0.13663134240874494,1.5640963397983185,0.5390070921985816
1802941.052956583,0.12511342181302942,-0.061453762493963504,1.3391147448328662,0.5319148936170213
2897699.675138201,0.23711671390983735,-0.05855493096502271,1.9251912935184194,0.6028368794326241
3324526.971809996,0.27158668631532645,-0.06569745638533929,1.8664276316547441,0.5531914893617021
4055300.288669244,0.32313635886951864,-0.05017206236566041,2.302041774896006,0.6170212765957447
2657556.4972691243,0.21589620006612664,-0.04272994314060523,1.7953765007686802,0.5319148936170213
3148759.480783782,0.25784722977018215,-0.09914185643075792,1.8357977132629186,0.5319148936170213
3580137.613501083,0.2905651817855941,-0.05455219065380704,2.0698432531654594,0.5815602836879432
2489164.9727679784,0.20008148707740192,-0.08404698775823936,1.5488134594975513,0.5106382978723404
2927172.5619828994,0.2396231129425208,-0.051368972344519065,2.067182588234127,0.5815602836879432
3236691.9948103814,0.26479539219476766,-0.03323591563702001,2.1204967283424407,0.5886524822695035
2182380.8415910034,0.16892354933472875,-0.07198571191964188,1.6452295211921812,0.5531914893617021
1992997.6801576207,0.14789287082578206,-0.08367425724830006,1.3116602231368213,0.5106382978723404
2409036.0252300766,0.1922536451843655,-0.06045641891596251,1.5966409456682442,0.5035460992907801
2480511.1851760633,0.1992458877766743,-0.07241105661393399,1.836826951815336,0.5673758865248227
3098550.874398345,0.253809991079895,-0.052137410780479475,1.9204423546708085,0.5815602836879432
3404411.773636952,0.2776397547727847,-0.09968025352370216,2.0778052877013584,0.6028368794326241
2492136.2548804013,0.20036785454150952,-0.11309389903022549,1.7118651768952544,0.574468085106383
2974288.8863332244,0.24358830638696571,-0.07939134447267722,1.7750399970071655,0.524822695035461
3427760.595099389,0.2793874798677578,-0.07522584739153555,2.107100093311866,0.5815602836879432
2046010.3838501356,0.15393558604461655,-0.14655214625361662,1.2455205442010024,0.5106382978723404
2139758.2600114755,0.16432156763180394,-0.108738453176956,1.4660220307363763,0.5106382978723404
3213439.23165209,0.26297286056310054,-0.07149042391317426,1.8766185765709165,0.5531914893617021
2922707.100410989,0.23924466786262655,-0.05278073253334557,1.95473006784371,0.6099290780141844
2514593.2539945547,0.20252343633997172,-0.0699408801641949,1.7608216501927036,0.5177304964539007
2389919.680938409,0.19035544025591689,-0.04681680196725582,1.7835647595328246,0.5673758865248227
2911767.576882267,0.23831559161353422,-0.11581526758817876,1.8281737051872498,0.5531914893617021
2407587.1202296605,0.19211019544012786,-0.09593897731039899,1.5509278920638971,0.49645390070921985
2599146.2444211044,0.21050376141495808,-0.07915036339563636,1.523262865234082,0.5177304964539007
2872971.0989223765,0.23499799189167425,-0.058037849751188586,1.848550892713772,0.5390070921985816
2061172.8357101916,0.1556408420441424,-0.07536490961046484,1.4227014618860319,0.5106382978723404
2038647.3775690398,0.15310385107335422,-0.06708909236603064,1.4229192879064705,0.5390070921985816
4010701.0333758895,0.3202131613947561,-0.05925782614249371,2.8474012387543457,0.6595744680851063
2727625.520279243,0.22224128430088697,-0.05062702747713517,2.0320138004510215,0.574468085106383
1843590.6609675058,0.13014170016683546,-0.1229033813330357,1.3738581590748051,0.5531914893617021
1976372.572088637,0.14597135923200422,-0.07834817749153264,1.4108824979330314,0.5460992907801419
3108217.520996329,0.25459132675546114,-0.09541014707550925,1.7977315384207648,0.5177304964539007
3211800.789163965,0.26284404340435197,-0.10048700148234814,2.104741612225384,0.5957446808510638
1923383.027126681,0.13975932964157445,-0.061774066974691365,1.3274202439816332,0.5531914893617021
3587550.4466805104,0.2910991741576183,-0.05753104707819211,2.0982384680727044,0.5673758865248227
2833626.468800091,0.23159671008354632,-0.0954902288553456,1.6693250306465628,0.5035460992907801
2215017.2202736433,0.1723989515427944,-0.056244136483583965,1.673888305265797,0.5815602836879432
3774533.834448812,0.3042854951017506,-0.05720663421186338,2.030736025815321,0.5815602836879432
2045491.7108645053,0.15387707452188581,-0.13972406262967452,1.3403745930679811,0.524822695035461
2214015.735454403,0.17229291605499886,-0.07067065619358626,1.6511238285081513,0.5602836879432624
2238384.7967845467,0.17486224988233068,-0.1319751069575634,1.5200413145803329,0.524822695035461
2258198.849242779,0.17693488657906564,-0.0765642874242852,1.6439899966884262,0.5815602836879432
2272297.5137444646,0.17840082709696947,-0.06034995803786801,1.5737285121636686,0.5390070921985816
2917068.1700690105,0.23876611060011532,-0.0735014088724965,1.9861819226236135,0.5602836879432624
2940811.8059212165,0.24077617768694148,-0.06665316743586518,2.01589255965723,0.5886524822695035
2249928.9551207833,0.17607159537379058,-0.06083803293160273,1.5588040858672296,0.5390070921985816
1952031.9920361775,0.1431346426211313,-0.10102234252106447,1.2659154586135462,0.524822695035461
2639825.62577181,0.21426939243506116,-0.0404221676426528,1.9006492238244488,0.5460992907801419
2807861.1204374083,0.22934880859235807,-0.06033199881487326,1.872203200570562,0.5390070921985816
1839142.2188076526,0.1295957840487465,-0.11774403220539105,1.2632739317089114,0.5319148936170213
1983043.9569293454,0.14674397813327666,-0.13390717726380805,1.311300436381678,0.524822695035461
1619020.1768149596,0.10116006365866581,-0.09974711116189525,1.0398647783730763,0.5177304964539007
2458151.096161776,0.19707597541592548,-0.08436790907976958,1.5491509926532592,0.5106382978723404
2460971.642042648,0.19735056057970768,-0.10416777716560006,1.4971154553616972,0.524822695035461
3621390.0572398957,0.29352569760506486,-0.051505676142006594,2.04294283003017,0.5106382978723404
2343657.4852286503,0.18571094396165977,-0.08690685750057946,1.4751875157283936,0.5602836879432624
2092482.60686483,0.15913060102705012,-0.06692324627329509,1.5465050626141494,0.5602836879432624
2903170.2255251184,0.2375834706596649,-0.06262431603090093,1.902260510443495,0.6099290780141844
1957559.0240364869,0.14378125068607361,-0.08321889172249106,1.4837847052966542,0.5319148936170213
1794385.3856445295,0.12404356762580271,-0.11126958642845458,1.1695211896685744,0.5177304964539007
2804837.7478862368,0.22908395352008748,-0.06427513115304388,1.9794622644193476,0.5673758865248227
3120388.351718225,0.25557231077238884,-0.05471008464340484,1.9538358939830345,0.5886524822695035
2470331.4270823617,0.19825995207205138,-0.06756933517489778,1.7171325769419057,0.5460992907801419
2333522.2151865377,0.18468363148843503,-0.11236934582562565,1.7387650659609055,0.5886524822695035
2856793.939807487,0.23360404050040273,-0.02808672476710365,2.3710709277874926,0.6382978723404256
3168566.6759622325,0.2594257543841618,-0.042198599210742975,2.1073117180737686,0.6028368794326241
1548574.3746975116,0.09140619274872064,-0.15474563615159279,0.9404684705150936,0.46099290780141844
3064341.7598426603,0.25102918082929326,-0.0564324687491552,2.2605669701772753,0.6170212765957447
2107606.2595038866,0.16080132711485695,-0.07464603040612824,1.5981177009279333,0.5319148936170213
2303545.2761431076,0.18162412837532105,-0.07719289028450131,1.674404393941744,0.5815602836879432
3025951.118633403,0.24787872817540557,-0.07432777159337788,1.9911243284850055,0.5602836879432624
2005215.073095692,0.14929678573873062,-0.07258419722721365,1.3883185777279905,0.5035460992907801
2152320.53339813,0.16568548787981352,-0.07683707564020929,1.4557199187974272,0.5319148936170213
3117927.9411803167,0.2553742458014776,-0.07074639179865988,2.0579476972946056,0.5886524822695035
2348123.586070803,0.186162500796885,-0.06720101601643227,1.6605335549193492,0.524822695035461
2800692.7902588136,0.22872047331357082,-0.10439065850097931,1.9190988614008158,0.574468085106383
3513112.228264139,0.28569633159270236,-0.1040367406770381,2.2631062940414726,0.6099290780141844
4661793.477317879,0.36053778004957393,-0.053272473391372484,2.3732228764879766,0.5886524822695035
2709194.0572338346,0.22058498406725868,-0.09169599109189071,1.9720423966520546,0.5957446808510638
1910631.2588803233,0.13824401585361645,-0.07885882637881739,1.2278444152227574,0.48936170212765956
3396246.1868710285,0.2770262742283238,-0.0680160611681122,2.3236119621299522,0.6099290780141844
2317243.2878813087,0.18302610110092665,-0.08222199795054844,1.6504053404499213,0.5460992907801419
1877218.1314240345,0.13423474803372892,-0.06347597931626754,1.2419924669035844,0.49645390070921985
2111406.1799513754,0.16121960021636217,-0.06991325354209409,1.4844492549883115,0.524822695035461
2328856.817114075,0.18420954591416816,-0.08753679714611881,1.6095461881435758,0.5815602836879432
2741092.9433222897,0.2234458505046253,-0.08738198831548029,1.718698574290129,0.5177304964539007
2659940.969224992,0.21611431248736412,-0.07028616341398349,1.9246795713392315,0.5673758865248227
2519542.233826767,0.2029964022693882,-0.0705936857305743,1.5558664612444957,0.49645390070921985
2028104.378113572,0.15190870566705006,-0.12235938679768253,1.3092494771446959,0.49645390070921985
2617113.0071787704,0.2121726899014138,-0.12594491312330003,1.7385596517221413,0.5531914893617021
2161137.847210883,0.16663900882211924,-0.07085443110717655,1.6456112408526713,0.5460992907801419
1634737.6669335938,0.10328982744364623,-0.14269442883768288,1.0594554174209352,0.5319148936170213
2298848.6184310764,0.18114189642280598,-0.09058610122564002,1.5146236600107723,0.524822695035461
2906059.7811223394,0.23782972858449947,-0.0789055998561988,1.9105888407973917,0.5673758865248227
2920751.8821452307,0.23907881871274883,-0.056750418662418756,1.8216576767646553,0.5460992907801419
3409834.151160422,0.27804648791979214,-0.056652554846322055,2.2585822842933285,0.6028368794326241
2696783.383541319,0.21946464233031726,-0.07882831345139032,1.7387955737262406,0.5390070921985816
3172125.609107824,0.2597085446870473,-0.07463690541195392,2.021379927149633,0.5957446808510638
2504651.2833768674,0.20157104334498444,-0.05725161485298291,1.700100047158706,0.5815602836879432
2274339.93696473,0.17861258883492326,-0.05886545857271709,1.8905929137941988,0.5673758865248227
2348721.786161282,0.18622293119537425,-0.11228065078129051,1.4600880047496878,0.5035460992907801
3533084.2368412623,0.28715485288953446,-0.04560149129125618,2.2228249592799894,0.6170212765957447
3361853.158304561,0.2744293011062986,-0.04593717506613084,2.049459697817982,0.5815602836879432
2188151.184401974,0.16954103708045865,-0.0829142023256165,1.5513187836389946,0.524822695035461
1808123.6767075383,0.12575951575534927,-0.13309230624096777,1.2221058529227913,0.5390070921985816
2311136.7436041697,0.18240192594981686,-0.0664980515918819,1.435834950477117,0.5035460992907801
2386194.4660071763,0.1899841225723673,-0.06151000639927851,1.9753031065177706,0.5886524822695035
3146260.1713061635,0.2576474845606349,-0.06963780109972048,1.9918026080221745,0.574468085106383
1771468.0238997424,0.12115759552031435,-0.0827070128174726,1.2311741592544683,0.475177304964539
2699183.9557837187,0.21968166911840004,-0.044166579773457275,1.7780799487150454,0.5460992907801419
2247345.588614885,0.17580139836888842,-0.11547160998310904,1.3924919823949673,0.5390070921985816
1993099.686662666,0.1479046209792243,-0.10755696158229398,1.5001192902296636,0.5602836879432624
2858980.072295654,0.233792783323294,-0.043468212367352946,1.8292162159950165,0.5673758865248227
2622164.099580894,0.21264023370672458,-0.12643342695813353,1.6844197011007327,0.5390070921985816
2894651.140064857,0.23685630170699468,-0.06236967314990637,1.8222157610569605,0.5602836879432624
3552955.997642728,0.288599521616562,-0.07702382895882097,2.092511973861788,0.5531914893617021
3247722.2501861043,0.2656562734672423,-0.05725315220781732,2.0323537622909114,0.5886524822695035
3032329.4735489567,0.24840436197278692,-0.04636379404092547,2.0228711471768537,0.5531914893617021
2689706.830755541,0.21882397700038614,-0.051272372028010264,1.7309632876790315,0.5319148936170213
2756435.3333214233,0.2248123637472368,-0.0652019055745538,2.163366781704666,0.6382978723404256
3937220.897092046,0.31533978471707136,-0.11946022441532868,2.1988265274642593,0.574468085106383
2814671.750986405,0.22994460223483282,-0.09327208435199591,2.008710060412319,0.5886524822695035
2840013.0501006,0.23215137816907738,-0.08653730626958603,1.7871230717582132,0.5390070921985816
2351416.2902091965,0.18649497846635388,-0.05849225377614288,1.7485913325746665,0.5815602836879432
2346466.6305448012,0.18599505019787665,-0.060284682008020195,1.594140502443002,0.5673758865248227
2175306.987019912,0.16816478745893115,-0.07780149856367907,1.4276669024411048,0.48936170212765956
2838912.142620027,0.2320558367031451,-0.05780845271750375,2.211552368818532,0.6170212765957447
3126704.2916521155,0.25608017746638345,-0.07272634935335422,2.013364517167075,0.5602836879432624
2637050.068288029,0.2140139442882627,-0.09216994850232461,1.779825080672572,0.5602836879432624
2789299.8007391873,0.22771917580117562,-0.08416297743325966,1.9423298588091782,0.6028368794326241
2253755.899609617,0.17647140370122338,-0.06564103034878899,1.6065929007519946,0.5319148936170213
2852714.7209684597,0.23325154623078515,-0.05003777293082902,2.046365267228951,0.5673758865248227
3257690.153429135,0.2664322314116674,-0.050939870405902817,2.3711492942919636,0.6099290780141844
2192536.173801498,0.17000940682915955,-0.07696009803223264,1.4149649364929828,0.48226950354609927
3559850.182384216,0.28909921572310404,-0.06420721979715842,2.09399976893667,0.5531914893617021
1989218.6577716854,0.14745722488599045,-0.05572707470773988,1.5359649045174997,0.5673758865248227
1666740.5954241203,0.10757616879438436,-0.09789877983021805,1.0671820217673087,0.48226950354609927
2055804.811380614,0.15503827435852546,-0.09033955292725387,1.3393880514744938,0.48936170212765956
4495927.340769232,0.3507154166203741,-0.057226153516522014,2.340200726423155,0.5886524822695035
2204898.182560284,0.17132579621156419,-0.05175369842679998,1.5083629526973372,0.5106382978723404
2135092.395072222,0.16381335024108368,-0.12686411690333035,1.4266544753366424,0.524822695035461
5554070.819845325,0.4090366275333803,-0.044574529000000015,2.696216420175591,0.6170212765957447
2804937.976091788,0.22909273742343084,-0.07382860222443413,1.7515662810563482,0.5319148936170213
3873642.6437755222,0.31106405494186173,-0.07772902775170076,2.1718704162460556,0.6170212765957447
3193385.172030138,0.26139254776117804,-0.08265089176564547,2.1376962274742,0.5673758865248227
3477595.733570147,0.2830861552372921,-0.0658776536515263,2.1078107493445586,0.5886524822695035
2691049.6713258345,0.21894565268014365,-0.06978015430136354,1.7074099810279293,0.49645390070921985
3156738.60822976,0.25848407520835814,-0.06003909350001377,2.3940082061108354,0.574468085106383
4059834.8378139935,0.3234321271069325,-0.1065312989816983,2.557248943968568,0.6170212765957447
4763127.149357647,0.36640183000073434,-0.04660297557751059,2.480478071386094,0.624113475177305
2062807.8601351436,0.15582412621297603,-0.10677883727816147,1.6675317018877818,0.5673758865248227
2350332.9671325344,0.1863856320836974,-0.0772488366097777,2.0746583141439396,0.5957446808510638
2999477.806524648,0.2456875690911242,-0.05485689234335835,1.9748828628480137,0.5815602836879432
2403496.7777058245,0.19170485549869132,-0.08641577665602741,1.6672699927501597,0.5390070921985816
2443890.0904626516,0.19568376953774336,-0.07233051475130069,1.5912618965526788,0.5602836879432624
2299296.3854586263,0.18118790512395155,-0.0529792012278359,1.5819715510460992,0.5390070921985816
3279781.3513342747,0.26814518896580486,-0.06115853383963194,2.130334213297935,0.5886524822695035
2683812.9817071864,0.21828935596503918,-0.09211149204365542,1.8606391125737105,0.5602836879432624
2039568.791828056,0.153208066673175,-0.06730964066274284,1.4410358860952655,0.5177304964539007
1980161.6560894612,0.14641043187572556,-0.07466335824792567,1.4562837048257953,0.524822695035461
3762495.571341063,0.3034524703202057,-0.07268882678146073,2.1062482677919157,0.5673758865248227
3986219.3759957976,0.31859747314761,-0.07967627981150398,2.3390754673491947,0.6028368794326241
3114182.8211670113,0.25507252056352603,-0.08159358461812317,2.051835384104326,0.574468085106383
3569355.8937447793,0.28978692655610927,-0.09787699722675507,2.4482817436799005,0.6028368794326241
2644776.6003273996,0.2147245218820344,-0.07230946168007306,1.9169062483314045,0.5886524822695035
3063989.631566972,0.25100042796602495,-0.10228551531046517,1.6171880380176753,0.5035460992907801
2178711.024111303,0.16853016021616907,-0.18376838423308697,1.500690460000904,0.48226950354609927
1974873.075567879,0.1457974141135867,-0.11062977231016477,1.2059634560449881,0.46099290780141844
3460285.765011491,0.2818062747501453,-0.053263055741683434,2.142601783333849,0.574468085106383
2896837.1961051445,0.2370430613990957,-0.07987793454555746,2.0359389593314225,0.5815602836879432
1635406.4654188603,0.10338008753351624,-0.06302184926083218,0.9955826074104761,0.475177304964539
2734095.0012698085,0.22282052624282822,-0.05210886669808743,2.1998531895753075,0.6028368794326241
2891455.124060157,0.23658305568682736,-0.0773337309281617,1.751386463690678,0.5319148936170213
2536858.794106617,0.2046454895232206,-0.05662314211259387,1.787527456096759,0.5815602836879432
2303690.303095156,0.18163900657477772,-0.07527035456432184,1.6427912200044248,0.5602836879432624
2917926.0723014316,0.23883896561427154,-0.06772367067403808,1.90230632141489,0.5886524822695035
2204487.6102204435,0.17128217063275808,-0.07874894299211015,1.5819102231694333,0.5460992907801419
4257401.479341772,0.3360691043081945,-0.06948040949266338,2.4155014187370787,0.6170212765957447
3324117.1609427035,0.2715553353445721,-0.059877109417092476,2.1615029095647067,0.5957446808510638
2084175.829871892,0.15820882844186546,-0.08224108531696629,1.434219247468523,0.5106382978723404
3102982.1615209947,0.254168404850206,-0.0704919946603065,2.1951444436033247,0.624113475177305
1675681.883235961,0.10876195320935889,-0.09017920671723842,0.9941636330371777,0.475177304964539
2705014.3138110754,0.22020812783261623,-0.05574732530560925,1.850145118820286,0.5531914893617021
3154141.7889243797,0.2582769543766683,-0.059703454841496396,2.140753050580604,0.6028368794326241
1626716.8116083338,0.10220503600633957,-0.10941368548515332,1.0254809978675132,0.5035460992907801
2838715.02701446,0.23203872703821715,-0.042891656510025335,2.038537464196312,0.5815602836879432
2446769.832243935,0.19596542203356737,-0.06447005840948915,1.838542091296263,0.5815602836879432
2407425.8549297564,0.19209422499755524,-0.08340150121502364,1.7777365355305064,0.5460992907801419
2921334.3389798547,0.2391282342326697,-0.07434309501766394,2.136487422822256,0.624113475177305
2850420.0596262454,0.23305308224913346,-0.07214654384663324,1.7867446991687614,0.5319148936170213
3497879.9812845197,0.28457948153899193,-0.07627066703970056,2.0779154801937385,0.6028368794326241
2441073.6078634975,0.19540804715260562,-0.06767018539225034,1.6097812935223126,0.5460992907801419
3091798.0255916435,0.2532630141106873,-0.0668004199983205,1.9898048674671092,0.5673758865248227
3428925.175787005,0.27947440236231014,-0.05195498051329574,2.0469896521414523,0.5815602836879432
2195724.026641112,0.17034943775292222,-0.0537346412608977,1.5383732944602064,0.5460992907801419
3020150.817146395,0.2473999610918154,-0.09453922059531877,1.8952500942793578,0.5673758865248227
2804065.0529708327,0.22901622685090106,-0.080595313576555,1.8383982480261727,0.5886524822695035
2385210.682174428,0.1898859846991532,-0.07926708100662276,1.5517153036305362,0.5531914893617021
2210051.0035568923,0.17187276005980334,-0.07570180455691308,1.5886566410980878,0.5673758865248227
3049331.88328301,0.2498012046572582,-0.07322141523642732,1.806581373321196,0.5319148936170213
2033831.7694700563,0.152558572818555,-0.0974536981061228,1.409307808038266,0.5531914893617021
2555208.7333034226,0.20638318892592333,-0.0856383489680456,1.7164033392260607,0.5602836879432624
3907409.54790112,0.31334185991686536,-0.04054029087468403,2.4790890024304795,0.6524822695035462
3575073.431200105,0.2901998685417446,-0.07759984267583314,1.8824051143698308,0.5460992907801419
2606936.977802387,0.21122857059047595,-0.061324890037889726,1.7432762376286055,0.5460992907801419
2855206.739689496,0.23346693493407766,-0.10980172435885548,1.9049129614873401,0.6099290780141844
2160883.333748357,0.16661152891634856,-0.11390792703391027,1.5150036482883469,0.5390070921985816
3068237.92151144,0.25134714372525124,-0.0608347406262154,1.8652094086667148,0.5531914893617021
2151576.423190234,0.16560487549568603,-0.06968123271883693,1.6352603945161452,0.5460992907801419
1853426.444826851,0.1313450240555305,-0.08009316629984155,1.1388406546166645,0.475177304964539
2870711.188378983,0.23480363813946048,-0.09574003192607583,1.865401925749683,0.5602836879432624
1778941.5597910557,0.12210199950937817,-0.10245179274031195,1.1284967651113202,0.5319148936170213
2761206.8699078704,0.22523611354162365,-0.05702005959159948,1.955143914409719,0.5815602836879432
2093471.9017488768,0.159240184272329,-0.07226657533787084,1.4933206930086806,0.524822695035461
2598563.635862932,0.2104494887402366,-0.05350551638255801,1.882774080026735,0.6028368794326241
2498075.943049711,0.2009394944939784,-0.06051689930972055,1.8169792065554486,0.5886524822695035
3215405.2229114287,0.2631273608357141,-0.09099179373104412,2.0031119113158526,0.5957446808510638
2314728.538004018,0.1827692176710458,-0.0740690926791713,1.6067201230484167,0.524822695035461
3548918.234766667,0.2883065021624378,-0.07463447884959488,2.188099403272935,0.6028368794326241
2756028.368026103,0.224776194891098,-0.06421737742871404,1.9771270302512258,0.5460992907801419
2184973.890198079,0.16920119437004644,-0.13473759462464838,1.4640165927634639,0.524822695035461
2976186.5121479225,0.2437469502407863,-0.07113137135691633,2.1143486012431523,0.5957446808510638
3232081.9530602326,0.26443489546970556,-0.0674665744293966,2.027838324064384,0.5815602836879432
2902926.1388004185,0.23756265976454505,-0.0682709890541303,1.8819301059354088,0.574468085106383
3061114.61903065,0.2507655712575174,-0.07373002736317325,1.861317704273296,0.524822695035461
2788464.0491009806,0.22764559523377348,-0.06107929884560097,1.7029658828809602,0.5673758865248227
2286423.369450876,0.17986231544321307,-0.0664471233091978,1.6217815213091071,0.5390070921985816
1919918.3175838522,0.1393484095664368,-0.041647487418481746,1.3547017677487985,0.5106382978723404
2509396.444579491,0.2020259835149314,-0.06650590947679523,1.6596470773956444,0.5390070921985816
2124163.195646541,0.1626194279317139,-0.08325391585016181,1.5701620730448715,0.5177304964539007
1715465.652732896,0.1139774648694385,-0.10281647825291187,1.0947707388534826,0.4397163120567376
2038191.8359715303,0.1530523135948061,-0.07560461107677881,1.3275063988452929,0.5177304964539007
2574215.110417616,0.20817255787313593,-0.0849477698868248,1.959763234785718,0.6099290780141844
3040161.1859028493,0.24904855706132523,-0.04295024131237514,2.1809030562582223,0.6028368794326241
1691724.1489769071,0.1108768329431995,-0.115878983230261,1.0059419471717521,0.475177304964539
2063481.1997137328,0.15589957294257206,-0.06973507036110507,1.4837533035548813,0.5531914893617021
1877423.114873457,0.1342595175789132,-0.12169648542450812,1.197762271512641,0.48226950354609927
2220859.95487604,0.17301680676622833,-0.06549043304275454,1.4654948223461168,0.5106382978723404
3449403.890093598,0.28099905617518495,-0.04798140398652348,2.3176382493129113,0.5957446808510638
3551185.528642067,0.2884710719320449,-0.04198276568747675,2.430205850179494,0.6312056737588653
3251185.087056162,0.26592605596979246,-0.059840727952604325,2.120721982706333,0.5957446808510638
2797995.1066566887,0.2284836764084277,-0.06186469281116448,1.841587758276752,0.5602836879432624
2879231.0685634427,0.2355357154074984,-0.05955648326000012,2.205818946758701,0.6099290780141844
2660591.0744975754,0.2161737517798854,-0.07966283095450886,1.7196208883355737,0.5531914893617021
3202343.6041587535,0.2620994741174698,-0.05497622010952148,1.9939059184480814,0.5531914893617021
2970747.057574616,0.2432919884090481,-0.04855123736397993,1.8727961633954195,0.5602836879432624
3410369.5253203176,0.27808661832298687,-0.07102366318242075,2.200490285762459,0.5602836879432624
2323677.0512511525,0.18368230073697323,-0.10484769343437052,1.5599305343998648,0.5106382978723404
2223856.6290590884,0.1733331935306155,-0.06199593887657406,1.7341737605584928,0.574468085106383
2731218.151944736,0.2225630844232498,-0.04899632457522403,1.9238237226207529,0.5460992907801419
2449539.4298012806,0.19623605183583193,-0.14471698504758224,1.5128734810930258,0.5177304964539007
3046908.801275313,0.24960251629156693,-0.053114355486835414,2.11324190044272,0.6028368794326241
3273050.6976651764,0.26762427246240805,-0.07353024614006475,2.265246003667086,0.6099290780141844
6443876.2744960785,0.45154143877073194,-0.034737633999999976,2.959025213498741,0.6879432624113475
2599451.107061646,0.2105321568975782,-0.05658296958499252,1.7777386527295551,0.574468085106383
3037608.903323672,0.24883876581996178,-0.05756895054688224,1.8435298985795476,0.574468085106383
3135575.169084166,0.25679210341793857,-0.06118561591190088,1.9815040872949914,0.6170212765957447
3085249.519829566,0.2527316752649238,-0.056778176138189466,2.2319197128413206,0.5815602836879432
2619529.7441202034,0.212396480087524,-0.08091040056601399,1.8106787897851344,0.5673758865248227
1606549.1065150916,0.09945839822164415,-0.08490242899711138,1.1045075491062066,0.5390070921985816
1914602.5554230628,0.13871679687361693,-0.07792008889667384,1.3843316988951873,0.5460992907801419
3049141.7112162914,0.24978561545827893,-0.07418893809879637,2.1558403542150346,0.5886524822695035
2470300.152137348,0.1982569180092142,-0.06177616157418677,1.702513997120315,0.5531914893617021
2710747.164845327,0.22072489765316616,-0.05835427051149002,1.8304625258081246,0.5602836879432624
2952086.09699841,0.24172608336442325,-0.1212954639203598,1.88364861363263,0.574468085106383
2717589.845014224,0.22134056618616094,-0.09031667191783974,1.6937503975428583,0.5602836879432624
2590720.0156400427,0.20971786993539787,-0.061854658200245084,1.8050747933409617,0.5319148936170213
2414101.304078176,0.19275459447225796,-0.06986093965657203,1.6279636922329168,0.5177304964539007
3487111.570155832,0.2837875764023845,-0.07305372058552367,2.2294891314988536,0.6028368794326241
3328429.2573871436,0.27188506056774964,-0.06126128212173107,2.124062352632751,0.6099290780141844
3131759.175700895,0.2564860513256466,-0.09349294991113558,1.9645555807415802,0.574468085106383
3243056.761462359,0.26529243071213493,-0.07267490482889348,2.164359720567899,0.5531914893617021
3031996.4728272534,0.2483769416136512,-0.06158886321445081,1.9133210393824533,0.574468085106383
3671188.1679662825,0.29706377103393566,-0.0548793354715669,2.391210785585366,0.5957446808510638
2854619.145750449,0.23341616191262182,-0.0932531923153618,1.964855500167996,0.574468085106383
2421114.8193367203,0.19344683535574836,-0.07099707934015405,1.7723082339985488,0.5460992907801419
1930063.831485889,0.14055001475132234,-0.08557206158154584,1.3598538104353206,0.5106382978723404
2553963.045537992,0.20626554140131792,-0.07484648146617055,1.721978607256846,0.5886524822695035
2186366.076312582,0.16935015092989292,-0.1184957033930634,1.478574501960666,0.5319148936170213
2474168.774578344,0.1986319900411011,-0.05627282393880526,1.5870155415407579,0.5673758865248227
2843849.0065062335,0.23248404758760954,-0.06453819339209865,2.108398894946764,0.6170212765957447
2414625.2360523758,0.192806362641615,-0.09736463630446456,1.6088312756071463,0.5390070921985816
2185715.269961905,0.16928052753601341,-0.054721706713498144,1.5744496729198985,0.5319148936170213
2669182.3782581603,0.21695816758949626,-0.06356387455849187,1.7120739090910004,0.5602836879432624
1634036.851169677,0.10319521464520909,-0.07791307397923344,1.1028718889109117,0.5177304964539007
3139726.597013548,0.2571247199633515,-0.06478927993407049,1.934097457321424,0.5673758865248227
2878942.5606894456,0.2355109535136246,-0.07866546155798788,2.056842015730268,0.624113475177305
2927562.5725843064,0.23965614416163716,-0.06346443144412815,2.0726827855421646,0.574468085106383
2411976.001874018,0.1925445074209302,-0.06186843168541519,1.7722923732865414,0.5886524822695035
1710870.3137436665,0.11338000632351242,-0.09966032896045922,1.142475113775619,0.5390070921985816
2230756.4939258294,0.1740603817485864,-0.07335680628648664,1.4754829568874572,0.48226950354609927
4062142.341057297,0.323582533712077,-0.06598651454332415,2.295582107299545,0.6028368794326241
2184288.312860871,0.16912781331334958,-0.08502330982454546,1.6064209746729632,0.5460992907801419
3077624.3090711925,0.25211183557409744,-0.07281383858530652,2.153754239193165,0.5815602836879432
4166033.243154985,0.3302845470328897,-0.047964052746453434,2.587432973134355,0.6595744680851063
2184393.370091873,0.16913905935327,-0.06705971216047237,1.480805196209041,0.5602836879432624
2542172.1475961846,0.20514968405267786,-0.07726752169253175,1.7753459832534642,0.5460992907801419
2122380.04626071,0.16242416792574055,-0.06727280922269492,1.5213072161708467,0.5319148936170213
3592900.289013522,0.2914840083637489,-0.03881462244588384,2.178553284983221,0.5815602836879432
2102753.7662718436,0.1602663149191077,-0.07929413918332855,1.4291313407613426,0.5177304964539007
3561430.838153014,0.28921367336617143,-0.05283213300010417,2.3314077404692606,0.5957446808510638
1781021.418362826,0.12236425914104498,-0.1249144930012814,1.1009148761063592,0.4326241134751773
2457227.0342434673,0.1969859615275804,-0.06425281664887313,1.8611462467874524,0.5886524822695035
2943220.363494914,0.2409793530343216,-0.05925967091438076,1.7944765583900293,0.5177304964539007
2197210.5140587054,0.17050785828080373,-0.1295962043081918,1.5332865655774515,0.5531914893617021
4463437.680377251,0.34875756962056537,-0.0676480346868618,2.2979705785822375,0.6028368794326241
5351676.28239883,0.3986143089279721,-0.07561354928832906,2.6844998036552408,0.6170212765957447
3501330.7070491496,0.28483283404863324,-0.037700221526852665,2.453354642859791,0.6312056737588653
2718142.6298255245,0.22139024870837076,-0.10199717120350862,1.8673760147796457,0.5673758865248227
2665995.8734445493,0.21666746462472375,-0.0603426713031739,1.9073066124146767,0.5815602836879432
3594004.697053735,0.29156339548096133,-0.06001695509991997,2.232133442282194,0.574468085106383
2433656.5267675524,0.19468072502837996,-0.05243343700984776,1.8058760356885342,0.5815602836879432
3335944.731157279,0.2724589166639919,-0.0379859733727645,1.9802703149470626,0.5673758865248227
2634072.652167446,0.21373967886528744,-0.06310723853552641,1.873316224097835,0.5673758865248227
2592912.6335751317,0.20992256605023396,-0.06773871341895796,2.133469442868176,0.5886524822695035
2326898.0406756517,0.18401027367634337,-0.09082445530928057,1.5836673585364307,0.574468085106383
2766562.0466981786,0.2257109980466081,-0.07279937125768093,1.8238413867606074,0.574468085106383
2153241.7043518336,0.16578525107156405,-0.07075885862299723,1.488935366659942,0.524822695035461
3233071.2268605656,0.26451228949709016,-0.05776668375871693,2.017920349060769,0.6099290780141844
1699992.130308956,0.11196055643148028,-0.17271713767207705,0.9759526118753598,0.46099290780141844
2752521.6679123766,0.22446436135251258,-0.06693049310906146,1.6518442322916156,0.5390070921985816
2484850.347546035,0.19966516307157223,-0.06722357431317552,1.9443603598873134,0.5886524822695035
3340526.529331963,0.27280825995647184,-0.06438846112417174,2.2282236302825416,0.6028368794326241
2702646.245695631,0.21999441004777398,-0.05670856972653553,1.9068896580484682,0.5390070921985816
2203249.835004023,0.17115061083128524,-0.0830362487761293,1.416741141595544,0.524822695035461
2981471.661443448,0.24418836908451635,-0.05131840893143856,2.085987853161327,0.6099290780141844
3963752.88831641,0.31710777761400655,-0.061745381657133856,2.436733921792725,0.6312056737588653
3094096.9518999113,0.2534493330584817,-0.03193804217237252,2.4537049919865055,0.6170212765957447
2711355.9919710183,0.22077972708765126,-0.11359941435606982,1.685539179652004,0.524822695035461
3922658.290708212,0.31436533201435957,-0.05283983991629751,2.229605105165951,0.5602836879432624
2220172.5854855073,0.1729441866367447,-0.06670205825124287,1.4410394765148349,0.5460992907801419
3193899.884067062,0.26143320756497945,-0.10691313722527528,1.8925694318434705,0.5673758865248227
3159030.508534906,0.25866676266604904,-0.061730783600005806,2.0703326033617437,0.574468085106383
3322772.7288768105,0.27145246313427474,-0.0669401434369001,2.3987002195643803,0.6453900709219859
3748927.7136854245,0.3025110407788738,-0.06378667915406461,2.270770392143772,0.6028368794326241
3715127.6146106883,0.3001538527715697,-0.09277041972575331,2.228296796956782,0.5957446808510638
2721305.0766129834,0.22167432396608322,-0.060212055985585856,2.084663854091504,0.5957446808510638
4075452.424829496,0.32444877366921476,-0.045215823553617945,2.512163320492212,0.6028368794326241
2893169.7132066176,0.23672967592250171,-0.05227174205994044,1.8273461105108582,0.5531914893617021
1755546.487282716,0.1191349708551599,-0.0726850066034838,1.2182301519909058,0.48936170212765956
2459610.667724248,0.19721809875614205,-0.10831380874782234,1.6396812771717821,0.49645390070921985
2798233.598669776,0.22850461808596378,-0.05614647551911431,1.8283683608601018,0.5531914893617021
1633144.059599916,0.1030746373508784,-0.07680221485716002,1.1460393412420093,0.5106382978723404
1987031.285846856,0.14720476189879905,-0.060999821289533504,1.4337787555999633,0.5319148936170213
3225292.4175346745,0.2639032166008588,-0.08170214565338406,1.9713360087385907,0.5673758865248227
2715024.796313684,0.22110992200057367,-0.10976579928461137,1.7598331407165482,0.5602836879432624
3090952.530624464,0.2531944621878799,-0.049568928568685375,2.105571259346139,0.574468085106383
2744468.1742141265,0.22374699898251293,-0.11987539774194411,1.6592521627141013,0.5390070921985816
3381018.03768189,0.2758790241206279,-0.05374172707825757,2.2960328908353316,0.5886524822695035
2168155.904298356,0.16739573284112974,-0.051519394170329025,1.5504945479564802,0.5177304964539007
3047089.6172320726,0.24961734723834028,-0.09151375359971825,2.075432146720183,0.6312056737588653
3541611.288220579,0.2877755601428513,-0.05829141431717709,2.123728480096639,0.5815602836879432
3040547.7225584816,0.2490803171207574,-0.1045556397553636,1.9086996795645523,0.5460992907801419
2788624.849911684,0.22765975369880387,-0.05707053409978736,1.8869372810704723,0.5886524822695035
3143005.1084470963,0.25738714901546045,-0.07266662584895243,2.22150988221407,0.6099290780141844
1544481.4308046328,0.0908286558167879,-0.08995569420274396,0.9300739224948109,0.48226950354609927
2510688.300138429,0.20214972038279333,-0.06691946797411487,1.7029445110783474,0.5177304964539007
3099240.0182964555,0.2538657577063421,-0.0926219506930984,2.0361373864305397,0.5886524822695035
1934472.8663210536,0.14107063338662362,-0.11374437751483829,1.371803890335511,0.5035460992907801
2969423.21583885,0.2431811600378202,-0.040431438201700004,2.1434537867355354,0.574468085106383
2118709.7412767652,0.16202184549164889,-0.12322761417361032,1.6131636524683552,0.5390070921985816
3091444.586287312,0.2532343594146147,-0.0523976395299621,2.105273445112922,0.5886524822695035
3301466.2029287163,0.2698176846138818,-0.08899137063994038,2.224515685811571,0.5886524822695035
5615697.42267144,0.41214970596936595,-0.047112208746312854,2.8999891334746133,0.6879432624113475
3108437.7288487596,0.2546091030552875,-0.04675001995345844,2.1122012220448236,0.6595744680851063
2406941.337241234,0.19204623704053336,-0.08953894555157856,1.5787050688887387,0.524822695035461
3220700.227162711,0.26354310087719823,-0.0689299151905628,1.7616528778138791,0.5319148936170213
3696962.838567772,0.2988799622757381,-0.07615855152231159,1.945464515857218,0.574468085106383
2986427.9949427317,0.24460175661800365,-0.08688062599329757,2.175415676420762,0.6170212765957447
2636774.343668547,0.21398855625810254,-0.06745476641092875,1.7630073401599715,0.5602836879432624
2100936.002333761,0.16006564283140712,-0.08472743860334483,1.426719504737941,0.5390070921985816
2596971.9417524305,0.2103011654493101,-0.05800506151590416,1.7879622163538467,0.5460992907801419
2551622.6066614045,0.2060443771831424,-0.05982241893874342,1.766095911454824,0.5390070921985816
2551649.046562178,0.20604687657795195,-0.07505413224947527,1.9567850058302632,0.6170212765957447
2719836.435234776,0.22154243218198433,-0.07371995494094466,1.8684369567031314,0.5673758865248227
2147393.23635519,0.1651512788347722,-0.09249970067160752,1.5280980284255365,0.5390070921985816
2234547.3653735104,0.17445914241269023,-0.06280369226856373,1.4969354197508753,0.5177304964539007
1912638.825564207,0.13848311389462853,-0.07508410706640227,1.3028352811123958,0.5319148936170213
3321090.4896879,0.2713236959501688,-0.04706859674489675,2.1983690491899277,0.5886524822695035
1706793.4767653756,0.11284888465948106,-0.06159074267439265,1.1009522745378943,0.5106382978723404
2305040.4585581594,0.18177748200048893,-0.08663043992958383,1.5319049265154485,0.5035460992907801
1604439.223904471,0.09916946242655733,-0.0846831592611606,0.9543612167955393,0.475177304964539
2682639.393913773,0.21818278969694394,-0.06211883268991241,1.893947855967754,0.5886524822695035
2213770.580578331,0.17226695363297417,-0.11058393725624024,1.4790147368506643,0.5390070921985816
2751623.7772719804,0.22438446526394484,-0.08547171451763311,1.8422550672921512,0.574468085106383
3080333.2441580915,0.2523321806034382,-0.0692562507268598,1.8712153123873605,0.5460992907801419
2958943.83159255,0.24230245722814958,-0.0464509209092185,1.8813507683119872,0.524822695035461
2493491.1717033717,0.20049834861204063,-0.06212458063869606,1.6998657326197992,0.5531914893617021
2396017.930720292,0.19096229638699258,-0.09686856613394326,1.5746105561488175,0.46808510638297873
4089689.0031725834,0.32537280981973105,-0.09443913289904929,2.324316700302913,0.6028368794326241
3473960.188513737,0.2828177704252246,-0.07950775250486226,2.160905568886857,0.5957446808510638
1909622.1115667438,0.13812375207808825,-0.0842551378001967,1.253370122521903,0.48936170212765956
3479668.2695493554,0.2832390544654977,-0.07943162930258774,2.4150761900929205,0.6099290780141844
2305623.6498398664,0.18183727553541384,-0.07168927672396944,1.7087344390102637,0.5531914893617021
2551788.1990006156,0.20606003047959964,-0.06650743000600826,1.8573863069720982,0.5815602836879432
2654934.111460393,0.2156561443435665,-0.0860431253891126,1.6546799086662438,0.5319148936170213
2655882.921899393,0.2157430212560556,-0.14794577783058974,1.8196074285579877,0.524822695035461
2278422.113774415,0.1790353800211364,-0.0923159639861194,1.6567944092014166,0.5460992907801419
3210965.981642059,0.26277838918738095,-0.05641712680549366,2.5557120026496656,0.6312056737588653
2036350.6369842135,0.15284391649946083,-0.09418182661187516,1.2360313498593136,0.475177304964539
3472857.5536036612,0.2827363268163916,-0.06793716004916571,2.1742458473663677,0.5886524822695035
2849437.1561577464,0.23296803237373265,-0.056680324112261614,1.9989387716075984,0.5886524822695035
2247657.747875815,0.17583406062664597,-0.08701088450171918,1.4094650545320042,0.5390070921985816
2212681.1779472413,0.17215155575307706,-0.05868708984418577,1.764707140162737,0.5886524822695035
2570750.986079309,0.20784721485031787,-0.12191019260564723,1.70377953256119,0.5177304964539007
2167982.660245638,0.16737707635689492,-0.057940334785364096,1.5500879138395225,0.5106382978723404
2503152.9318542564,0.20142724633956743,-0.09396897343147266,1.6078284591211558,0.5106382978723404
2900622.483302847,0.23736618053820369,-0.10414249872408204,1.772858530378551,0.524822695035461
2548615.84592578,0.20576000932053118,-0.09389094829618284,1.7013234049237074,0.5460992907801419
3737451.415518412,0.3017126075432479,-0.0487202640670631,2.324441400062168,0.6170212765957447
2216853.2959535797,0.17259325249884427,-0.09148097117279219,1.4909680661290465,0.49645390070921985
3135200.572103994,0.2567620730088178,-0.10107433276176032,1.9983232635283878,0.5531914893617021
2113758.240923316,0.16147819973308786,-0.06859731602432712,1.7659636074412468,0.5602836879432624
2056026.5194254552,0.1550631862791514,-0.07028452876920001,1.4232345881915593,0.5177304964539007
4995284.212761113,0.3794693027577527,-0.03405939441270724,2.6568063420368975,0.6453900709219859
2165965.3631278984,0.16715974773608044,-0.05972425788958528,1.5511661022067018,0.5460992907801419
3076744.105268741,0.2520402063177638,-0.06182340473187823,2.014600366483709,0.6028368794326241
4221481.698755713,0.3338069688006644,-0.05124604340691208,2.4229398898506704,0.6312056737588653
2294392.783571737,0.18068366194728935,-0.05266984470828081,1.7350008271987365,0.5815602836879432
2522738.063207491,0.2033014276880194,-0.11268174567424687,1.528110014250511,0.5177304964539007
3694270.5631355126,0.29869072793095053,-0.11411736929362322,2.234621641245801,0.5957446808510638
3484270.247106779,0.28357830035295994,-0.05472137244423786,2.08792554515408,0.5460992907801419
2092019.926200985,0.1590793361080609,-0.12369454824279592,1.5276836543806425,0.524822695035461
3368290.011317572,0.2749169511159544,-0.039538017414999974,2.279835034369253,0.6382978723404256
2276391.7961318227,0.17882517577199364,-0.06343969293528179,1.5096150984540557,0.5177304964539007
3685776.097838219,0.29809294585269974,-0.04546459731497493,2.264566859406057,0.6099290780141844
3398385.1002193363,0.2771870847562352,-0.06217386124283609,1.9436077401031955,0.6028368794326241
4318638.876668052,0.3398907161871818,-0.048843562136841066,2.5812462928651865,0.6595744680851063
3304474.0525210695,0.27004897757494106,-0.05945234839284667,2.3558310302058665,0.5957446808510638
2543308.17813553,0.2052573748075115,-0.07660804254094454,1.851699956863544,0.5531914893617021
2253193.5373738594,0.17641268668286592,-0.0963697822355268,1.5238940415974356,0.5319148936170213
3593029.0449469606,0.2914932646097934,-0.07315140836600406,2.1720542637540285,0.6028368794326241
4196955.282660591,0.332253495488841,-0.056794752111880044,2.393023822485119,0.6099290780141844
2232657.4799564434,0.1742604136216166,-0.07764514433766061,1.4413269145027587,0.5106382978723404
3962906.696600411,0.3170515369296467,-0.05110059164400965,2.411890867366213,0.6382978723404256
2342193.2776802797,0.1855627515787428,-0.07449037629104258,1.837959667638322,0.5602836879432624
2263179.3128442224,0.17745357580050047,-0.07254246969644118,1.6139872894818776,0.5602836879432624
3255444.2353830812,0.2662575623939616,-0.07247139687456933,2.060161467997665,0.5602836879432624
1993258.2237013453,0.14792288194334224,-0.09417740301776929,1.37903422999743,0.48226950354609927
2669235.8764809775,0.21696304583069748,-0.05749621951545671,1.7898512119829109,0.5460992907801419
3198502.8068515323,0.2617965837283833,-0.11614916598102572,2.0010175256706706,0.5602836879432624
2801069.2680795,0.22875350522172888,-0.05976193964006456,2.0899036558181376,0.5886524822695035
2445126.3080895357,0.19580471003098032,-0.09210420479011554,1.6168907912729638,0.524822695035461
2298260.429178775,0.1810814482421883,-0.07383606449887556,1.74343785098891,0.5460992907801419
4403336.82151944,0.34510560191553896,-0.059897958006637636,2.1609035973646984,0.574468085106383
2569179.1318087857,0.2076994740287461,-0.07001767509170867,1.727481374511959,0.5531914893617021
2379278.093655889,0.18929348881994623,-0.11011381160034522,1.6753906860795433,0.5390070921985816
2227252.9424864305,0.1736913618645448,-0.10200145343755637,1.5893270783809097,0.5531914893617021
2024148.5688422667,0.15145899602614388,-0.07121670845989043,1.2974034251298654,0.5106382978723404
2030954.9160309464,0.15223232953890897,-0.06650842308422672,1.5559230868335583,0.5673758865248227
2630309.4565234464,0.21339267611318347,-0.05416092059073295,1.8763449771225569,0.5319148936170213
4265568.5090688905,0.3365813112463234,-0.060706921929173686,2.307404149255051,0.5886524822695035
2496046.769997577,0.2007443277898584,-0.05287588064509328,1.6136354999376694,0.5815602836879432
1869231.1023881233,0.13326793199250875,-0.06008247403431158,1.3290775482751997,0.48936170212765956
3087439.9040759546,0.2529095010651212,-0.07407726029237799,2.216875683447533,0.5957446808510638
2927015.929825433,0.23960984628368664,-0.08127458406785458,2.097111425379553,0.5957446808510638
2200152.2162206084,0.1708211139255189,-0.06453683910504296,1.552265137255824,0.5886524822695035
3240133.5599843157,0.265064248520986,-0.05540715490523164,2.276950311904528,0.6595744680851063
2322327.365549566,0.18354476265824893,-0.06234627472575393,1.8169808495127395,0.5673758865248227
2579948.6669238238,0.20871027224781846,-0.06964350635556683,1.7048140543244688,0.5390070921985816
2838481.742536507,0.23201847668149855,-0.042024960595689685,1.9909486342664018,0.5602836879432624
3677185.9156783763,0.29748730597993367,-0.04222554945829191,1.9874862141402325,0.5673758865248227
3492121.5724037085,0.2841562531958768,-0.10496452742503758,2.218794057272382,0.5957446808510638
3096945.6915872456,0.2536800586371797,-0.03497702895767899,2.202080703262683,0.6028368794326241
2558561.360836309,0.20669959614596567,-0.08006461309262657,1.791342037557723,0.5602836879432624
2997263.010818106,0.24550355314610983,-0.04531976433343638,1.9320313734747865,0.5815602836879432
2592795.1459063804,0.20991160127214714,-0.07085143745181255,1.742017562424949,0.5319148936170213
3283964.467035596,0.2684685089193968,-0.04582772838568004,2.2852541211836193,0.5886524822695035
2623523.012600546,0.21276589564451887,-0.09988961059455798,1.8220911322057618,0.524822695035461
2238006.9359235615,0.1748225815964206,-0.07823374805743159,1.6856791258040418,0.5815602836879432
1975838.8138762582,0.1459094541316135,-0.17747394192883875,1.2483622699003176,0.5390070921985816
2714142.3226522803,0.22103053138324502,-0.08624194211621078,2.0000338416611743,0.6170212765957447
4230333.568898683,0.3343658624102195,-0.0569682746675319,2.39171945875618,0.6170212765957447
2320299.90011885,0.1833380360325192,-0.12051239012211198,1.6004422737692139,0.5460992907801419
3963316.085421345,0.3170787474565746,-0.05564342787217722,2.210283843009333,0.5957446808510638
2159887.3846271043,0.16650397105119286,-0.046798424718860476,1.5624594487955448,0.5460992907801419
2974219.025893734,0.2435824644230411,-0.052234969682862877,2.2530424434640786,0.5957446808510638
1808897.4954282043,0.1258558570301056,-0.10011292427309544,1.160721355035926,0.49645390070921985
2562233.434276327,0.20704577099056465,-0.08607452968299238,1.6907086715263653,0.5531914893617021
2313821.988841868,0.1826765582995986,-0.09603326558605015,1.4146873112938805,0.48936170212765956
2511645.2439630562,0.20224134580708286,-0.08118202599788239,1.542131537605941,0.5319148936170213
3302177.472581071,0.26987239394026963,-0.04151518470541204,2.1053505710697764,0.5673758865248227
1917483.8060354232,0.13905931759955248,-0.08515211336709982,1.2919600196969347,0.5106382978723404
2778199.4628213597,0.22674044676741256,-0.0668516506828539,1.8854032458896823,0.5531914893617021
1971240.5746526527,0.14537559705232184,-0.08459173724950507,1.4977810569319272,0.5460992907801419
3315657.4181295065,0.270907464176269,-0.09329659636843902,2.1459525854100256,0.6028368794326241
2225143.559621414,0.17346896207952844,-0.07890599828372859,1.4531632649548794,0.5106382978723404
3567645.663714582,0.2896633045198205,-0.08587130968101202,2.1725807701666278,0.5957446808510638
3101206.185874624,0.25402480862356347,-0.0641822503663088,2.073302517372146,0.6099290780141844
2435497.5817398764,0.19486142494298564,-0.05870985594932133,1.5894923185577388,0.5177304964539007
2637931.210009638,0.21409506336935458,-0.09682770609074982,1.8549837707940657,0.5673758865248227
2339830.1255620853,0.18532342064619134,-0.0685435475743693,1.4926483590921844,0.5177304964539007
1884106.7505214922,0.13506596392129877,-0.06783151139994117,1.1718866341055045,0.5390070921985816
1973061.8196552899,0.14558716322275878,-0.07749678266907217,1.3046402681811826,0.524822695035461
3906197.834280828,0.3132603946065238,-0.05949622911179594,2.3932552218843366,0.6524822695035462
2501143.378754652,0.20123428110053165,-0.0767793435775297,1.556506474653574,0.5390070921985816
3800151.100171602,0.30605111127711315,-0.0416766459633058,2.2856309919505167,0.6099290780141844
2670971.055852351,0.21712122595415684,-0.06821406128602932,1.8403654550031208,0.5815602836879432
2680175.162962656,0.21795890665525386,-0.05493905383543666,1.7616334693183116,0.5319148936170213
2642924.4359963667,0.21455433738033847,-0.05219289953366399,1.8466100872520095,0.574468085106383
2053630.2012575928,0.15479381327446418,-0.0765564820171267,1.3623742652662147,0.5106382978723404
2579428.214995802,0.20866150179226017,-0.08285234987158441,1.8522277504131732,0.5673758865248227
1949150.329677104,0.14279693555741724,-0.08369506751200428,1.404208450475025,0.5673758865248227
2871729.9888501395,0.23489127077807193,-0.06572988785759692,2.2404646648894864,0.6595744680851063
4974552.3794636,0.3783223600650145,-0.07634924078488949,2.5670044692574434,0.624113475177305
3436524.970711071,0.2800410600418959,-0.07765855165634662,2.021314946886813,0.5460992907801419
2936822.2432991075,0.24043934262460942,-0.06557011250083812,1.8469560694719955,0.5460992907801419
1739371.1192441108,0.11706501614865839,-0.09427350025065216,1.2216143547017235,0.5035460992907801
3109733.7354254983,0.25471370290183626,-0.1196701302374588,1.9758936128491345,0.5886524822695035
2078476.1788258264,0.15757465745380528,-0.08018144306979781,1.5607605352177658,0.5390070921985816
2998395.7047837237,0.24559767642752228,-0.058540272296546854,1.9383596840872968,0.5460992907801419
3727839.9990206794,0.3010424079656042,-0.05087676842144472,2.538658472905683,0.6312056737588653
2918794.938230905,0.2389127342266506,-0.04913064539974381,2.0517334707044133,0.5957446808510638
3277635.529954603,0.26797920683488297,-0.11273409031044121,2.328274867475358,0.5886524822695035
3721538.1870926744,0.30060223487766047,-0.05088403548024773,2.4272989822274855,0.6453900709219859
1990354.644209726,0.14758825102399387,-0.0689629282926673,1.4132457693688303,0.5390070921985816
2739559.5710600154,0.22330894030960913,-0.06700504827335294,1.9108994262844485,0.5390070921985816
2433777.497975628,0.1946926017328805,-0.05454101817658008,1.673914952718847,0.574468085106383
2276218.5873738774,0.1788072360605959,-0.11084267662549016,1.5407722845377987,0.5460992907801419
2878693.437251657,0.2354895702880837,-0.08226773880879697,1.8748044619810214,0.5602836879432624
2708274.725839402,0.22050213474646285,-0.059019598548519764,1.8926484736970761,0.5815602836879432
5084040.178184411,0.38433689834570006,-0.04802829369474381,2.576840751334426,0.6453900709219859
2361809.406503484,0.18754197609113388,-0.07335356915218738,1.517148870058096,0.524822695035461
2642101.574757824,0.2144786988822831,-0.03897827885322524,2.1060011335582383,0.5957446808510638
1517184.555942512,0.0869452841385332,-0.11206775694433332,1.0609912342837768,0.5177304964539007
3100392.1373556005,0.25395896687171104,-0.05029129656643334,2.1284546842327714,0.6382978723404256
3134852.3694788935,0.2567341559882079,-0.043479058196850454,2.16326080610561,0.6028368794326241
2268240.820558355,0.1779797706119215,-0.11895937356040118,1.5375607308600798,0.5673758865248227
2735589.1353338407,0.2229541469510139,-0.09335285200958002,1.7106583982983743,0.5319148936170213
3158089.530231228,0.25859177008505174,-0.10397671643680294,2.0631162841649306,0.6028368794326241
3142361.230263225,0.2573356269544662,-0.0558498167482658,1.9095209487335536,0.5673758865248227
1710159.57286393,0.11328748543440681,-0.0906027736999916,1.0672106253825338,0.5035460992907801
2491336.722512867,0.20029082375028362,-0.06694371150851029,1.7887479676567564,0.5460992907801419
5847197.509161696,0.4236051576911406,-0.04559773233377734,2.6152797612903047,0.624113475177305
2532960.8996725013,0.20427507320086757,-0.07774688390868154,1.9570396239240229,0.6028368794326241
3221994.3878486697,0.2636446294221395,-0.06037056878243969,2.054016803168377,0.6170212765957447
2445754.879424839,0.19586618507886855,-0.0869975721100582,1.598459933956486,0.524822695035461
2406312.2899189973,0.19198392294231081,-0.0844041379043887,1.7042396214256874,0.5319148936170213
1760012.4861099366,0.11970379399465392,-0.13337941886407556,1.1129663467735338,0.48226950354609927
1729551.9791560902,0.11580094201192015,-0.14023514323127328,1.2030097848247125,0.5460992907801419
2383411.0066278786,0.1897063732872155,-0.055155984039234905,1.7414351032151476,0.5602836879432624
2334163.563121,0.18474874429342725,-0.11997699528584607,1.6214244825524429,0.6170212765957447
2721979.599160083,0.22173488058608481,-0.06771664010850466,2.0698205993315932,0.6453900709219859
2364038.5680020913,0.18776606055716782,-0.08907983971114988,1.603767881286459,0.5531914893617021
3065705.1119942013,0.25114047976437837,-0.07502959498514587,2.0148918510162477,0.6028368794326241
2715350.6107451334,0.22113922826246624,-0.11639346649626174,1.899512126718755,0.5460992907801419
1931759.3141616252,0.14075032974789004,-0.06426794809077464,1.5157968155958266,0.524822695035461
2273965.440836674,0.17857377186491896,-0.07643612808600574,1.5215343720501242,0.5177304964539007
3570021.6776249832,0.28983503917403475,-0.054928767684374366,2.13385821981841,0.574468085106383
2597111.1486613145,0.2103141404583173,-0.0692942006698814,1.8454847257123128,0.574468085106383
2526556.7127354257,0.2036654929757653,-0.097835830566508,1.6387787304951387,0.524822695035461
3970762.1200534883,0.31757326528590735,-0.06315163247818822,2.360038054388135,0.5815602836879432
3960934.1850048425,0.31692040001337896,-0.053919353177095224,2.2843082276130358,0.6312056737588653
2822177.9606363582,0.23059991058582274,-0.08429759299500929,1.9417104158179486,0.5886524822695035
4080013.9863963225,0.32474512611987283,-0.04579314802868075,2.3566461127804796,0.6099290780141844
2210015.44068421,0.1718689886147149,-0.06611932914132236,1.4548398545415198,0.5319148936170213
2896374.1182605913,0.23700350903018208,-0.08994738716951248,1.826040195457985,0.5106382978723404
1947000.4262275726,0.14254472435181764,-0.04019421253536412,1.4509493104254547,0.5177304964539007
2162465.8463821346,0.16678235136439024,-0.06831615417156095,1.501323612748861,0.5460992907801419
2123241.9251823756,0.16251856253615893,-0.14325621498889465,1.4396568266191996,0.5106382978723404
2048301.9995058558,0.15419396136341312,-0.07920361961150321,1.5717529367447578,0.5390070921985816
4216391.066055771,0.33348512924857343,-0.062167680272016836,2.5018269323592963,0.6382978723404256
1901675.9266067026,0.1371749955308068,-0.06597590960788792,1.4497943669160074,0.5673758865248227
4072840.948340302,0.3242789935643271,-0.02930340849434781,2.583929537907478,0.6382978723404256
2056046.0032988274,0.15506537545515076,-0.0880880722159823,1.294521279902207,0.49645390070921985
1780467.8618703312,0.12229448240824259,-0.07419787408074151,1.2066939776461838,0.5177304964539007
2702916.0400576224,0.22001876650743335,-0.09530143150976303,1.7728610360791315,0.5602836879432624
2494811.1509625707,0.20062542325361754,-0.08074542144055687,1.7656256587288954,0.5460992907801419
2789016.0441227914,0.22769419550927217,-0.07036811430347746,1.912679034478975,0.5673758865248227
4967523.0968189575,0.3779326125039886,-0.04284677977853915,2.9432442447441702,0.6737588652482269
1849977.2374430299,0.13092362598136376,-0.18206493779563293,1.1758348883312328,0.48936170212765956
2611480.51745643,0.21165047817895477,-0.06645406982434655,2.0524883890332477,0.5886524822695035
2316121.037151386,0.1829114899867499,-0.08930626935302886,1.6071592765370215,0.49645390070921985
2630454.7636297448,0.2134060821922421,-0.054573290916497194,1.9043745314367264,0.6170212765957447
2847452.949069084,0.23279626893420047,-0.06329198261329903,1.8244647642988625,0.5886524822695035
3370063.176493464,0.2750511534831166,-0.053455902693076644,2.3195872624804763,0.5957446808510638
2710777.8717799773,0.220727663278105,-0.08199608198780185,1.8334886018444916,0.5460992907801419
3069345.16309504,0.25143744595540096,-0.07137828560937426,1.8635361056635056,0.5815602836879432
3642762.753676693,0.2950489302358237,-0.06619778946078823,2.1997910779191865,0.5957446808510638
2803126.230056713,0.22893391897792537,-0.07788520265345276,1.9991423841970282,0.6312056737588653
2607642.340194598,0.21129410824165462,-0.062029419909852536,1.9046841276857174,0.5673758865248227
1931835.5881016839,0.14075933792478534,-0.04203766511779617,1.5650380940268152,0.5531914893617021
1713805.7378160702,0.11376180052016238,-0.10656141769642397,1.235141343242853,0.5390070921985816
2285423.965669759,0.17975915300226641,-0.1286463964953193,1.7249716752823636,0.5673758865248227
2615871.2633169973,0.21205763994023497,-0.1139152222175595,1.8602100507117063,0.574468085106383
2936306.8301339457,0.240395800074112,-0.049159819892619194,2.035754078368261,0.6099290780141844
2366998.159292844,0.18806330977329466,-0.06619237986291963,1.6810950810775964,0.5673758865248227
3547950.472296174,0.2882362322594776,-0.047496397857533415,2.2044370277634324,0.5886524822695035
1787803.5584288104,0.12321775402760804,-0.06445740984701737,1.2277648076594,0.46808510638297873
2995347.719040645,0.24534433370578257,-0.0817429800356032,1.8817858694080765,0.5886524822695035
2965843.825216916,0.24288130530009533,-0.061591728148078374,2.0055138598277105,0.574468085106383
2526158.0465645185,0.20362750522741724,-0.044953951907649156,1.845691564190493,0.5673758865248227
3048714.450331403,0.2497505882610609,-0.05765070957599378,1.9476497679920648,0.574468085106383
2987754.9951304765,0.24471234313118417,-0.06479627342397157,2.0438739129558754,0.6099290780141844
3251751.1664818176,0.26597013619109156,-0.03723337160053752,2.0514246580731994,0.6170212765957447
2516526.601481686,0.20270829176265348,-0.10898411432809668,1.710894104712476,0.5390070921985816
1785907.0862900352,0.12297935472546384,-0.12199858194198218,1.138074183159023,0.46808510638297873
3284854.5587286497,0.26853726306735815,-0.039695039499999966,2.3480153294802144,0.6312056737588653
2512781.7093897434,0.20235012378875572,-0.08056345017649368,1.8828406198553336,0.5602836879432624
1908832.2706758499,0.13802958837587354,-0.059329604252593635,1.4819613336448114,0.5531914893617021
2905141.8394644745,0.23775151965898966,-0.04791477131495788,2.1758480499232373,0.5957446808510638
3155696.674411241,0.2584009875387141,-0.0457896664024251,2.107151843118162,0.6170212765957447
2396615.9114707974,0.19102173679716583,-0.06750133241379057,1.7350775600875539,0.5460992907801419
4234328.637116297,0.3346177985725345,-0.06902420055742328,2.461156181326603,0.6028368794326241
2153728.712841586,0.1658379804940271,-0.06641487318480001,1.7871803638985582,0.574468085106383
1956851.4539201783,0.14369855356592298,-0.09211490812256035,1.273347662616975,0.5177304964539007
2405521.8980482128,0.19190560740406504,-0.06552888674588137,1.8266960101056184,0.5673758865248227
3337567.69459013,0.2725827048373388,-0.08426205889148525,1.9860172787413461,0.5531914893617021
2361702.5715464638,0.18753123235446645,-0.0749309584310582,1.712828602319551,0.5531914893617021
1820213.7499013783,0.12726099019955583,-0.07120489491324483,1.3493811248657577,0.5460992907801419
2639391.505928049,0.2142294524396,-0.06798077851842571,1.872750378599935,0.5460992907801419
1997067.0560755495,0.14836125041109494,-0.0772940161729962,1.4272622095878669,0.5035460992907801
3088894.532877907,0.25302753898214925,-0.06591620107629603,2.0014117861632874,0.5602836879432624
2860217.7692597513,0.23389959044868913,-0.07341849517771847,1.8771038112020617,0.5602836879432624
3916725.37446616,0.31396750274387264,-0.04705099480146682,2.604408525868612,0.6808510638297872
2911699.8396471264,0.23830983010594586,-0.053183213858592863,1.9829905849307732,0.5886524822695035
3666320.4888184774,0.2967196295073933,-0.05764193097524249,2.0662572871685563,0.6028368794326241
3846332.94511866,0.3092101841463921,-0.06292022365340001,2.2740715392847712,0.6099290780141844
3481527.455120409,0.283376152006092,-0.03435483960000009,2.5411849056384432,0.6524822695035462
3473697.431686627,0.2827983643694767,-0.0622822703777183,2.0063661805513413,0.5390070921985816
2477262.415465026,0.1989315883332452,-0.0495512508109752,1.931876358932964,0.5957446808510638
3304177.286162224,0.270026164785673,-0.050098098464772624,2.2742476822820654,0.6312056737588653
3849765.0111514567,0.3094437413025559,-0.05025281233995748,2.77448933806565,0.6808510638297872
1890352.9960850214,0.13581756863155592,-0.11577084775389067,1.1118537715926622,0.46808510638297873
2552682.106582391,0.20614451673676748,-0.08809600501532988,1.6557750276002674,0.5460992907801419
2272165.170113922,0.1783871002433235,-0.09800750324928029,1.4436873140641096,0.5319148936170213
2796732.8477445957,0.2283728152878095,-0.09953618439510595,1.904783642022349,0.5957446808510638
3632430.7060428555,0.2943134602314983,-0.06121075487861776,2.0575536057317763,0.5886524822695035
2389374.660546535,0.19030114326992842,-0.11423842781760182,1.6432385384851413,0.5531914893617021
3177376.1572727463,0.26012528641827815,-0.12038332140479631,2.0776955524995633,0.5815602836879432
3913669.1476162807,0.313762380537262,-0.05261822477777033,2.3027930737190436,0.5815602836879432
2333137.879722119,0.1846446049961863,-0.09642872485821627,1.544636770248661,0.5602836879432624
3162826.367862374,0.2589690976556869,-0.09304195584646993,1.8500398642139992,0.5177304964539007
2901588.8400699003,0.23744861648940407,-0.08774270526934397,2.0786507507534164,0.6028368794326241
2651520.6439613486,0.21534338792238383,-0.09273829887444351,1.74964177436138,0.5460992907801419
1613439.7193573958,0.10039991665469672,-0.09663141856122327,1.0150602147304435,0.46808510638297873
2404536.7998698526,0.1918079706772604,-0.06154650456105789,1.7899903485758804,0.5602836879432624
2562566.790654091,0.20707717761120903,-0.09199129254712932,1.5691199602496813,0.5319148936170213
1684257.4647462352,0.10989449203702972,-0.14865557013795802,0.9992478609063724,0.46099290780141844
3715290.527651614,0.30016525524947113,-0.08229243784255345,2.178683960152831,0.5957446808510638
2747209.157573288,0.22399134001656407,-0.1009996425924955,1.6857663541584882,0.5673758865248227
3674867.508961044,0.2973236557176797,-0.09504530179792606,2.01421760362824,0.5815602836879432
2693325.1274532583,0.21915172243330328,-0.052686106715550116,2.0429984138074575,0.5957446808510638
3327133.2449219963,0.2717859966813754,-0.07888712172091979,2.2542134322482346,0.6312056737588653
4075209.5257712193,0.3244329857273538,-0.0570892546991479,2.7051652027160498,0.6808510638297872
2676723.53398435,0.217645038398679,-0.056839580524716236,1.8794601926440249,0.5531914893617021
2791983.1696895,0.22795530362958005,-0.06923363585505177,1.6291016786396253,0.5319148936170213
2292242.7992113605,0.18046230460742785,-0.07708223546159354,1.6334775540152617,0.5319148936170213
2554663.6674404084,0.20633171646501758,-0.07324967187450836,1.6409953263775177,0.49645390070921985
2696166.9904706776,0.2194088915946899,-0.05054883334371438,1.7509984386591673,0.5460992907801419
2461271.173090193,0.1973797056703921,-0.06388234673949235,1.685748422268677,0.5815602836879432
1900902.2896476022,0.137082455704298,-0.08328973579309824,1.2641714519606793,0.524822695035461
4001165.1487901383,0.3195847729701171,-0.05624528744651489,2.185595449745909,0.574468085106383
1682259.0446712454,0.10963098257535497,-0.06792296747730116,1.109880653745721,0.49645390070921985
2295886.5044744955,0.18083735426979963,-0.10340627655821714,1.4883520724937258,0.5177304964539007
2837699.104718368,0.23195052975060326,-0.06810797665043386,1.7142850043061193,0.5177304964539007
2223137.5026534074,0.1732572997852584,-0.06533811987280362,1.6619508713327933,0.5460992907801419
3556265.6790074315,0.28883950576383444,-0.07179363846318913,2.1078022371616196,0.5886524822695035
1953700.9079041253,0.1433300434596838,-0.16545866963961486,1.4004654848282987,0.5177304964539007
2660370.4298186656,0.21615357948272185,-0.07401019492974562,1.845232005085759,0.5886524822695035
3126502.9226910495,0.2560639979973369,-0.12525362749673122,1.9111332701754573,0.5673758865248227
2361120.86889112,0.18747272726174424,-0.06393557141186924,1.8425628228480266,0.6170212765957447
2772161.3150755246,0.22620674224830184,-0.06604368417122251,1.7316797966584951,0.5460992907801419
2347327.61038066,0.18608207193289172,-0.12418850349086034,1.4326780567858837,0.5319148936170213
2115434.007627866,0.1616623030545432,-0.07031835750358405,1.6432103191435938,0.5035460992907801
2760193.6058719964,0.22514617678421667,-0.05558221867802131,2.1238727469686633,0.5815602836879432
2402780.8229980324,0.19163384992139076,-0.05685538949893551,1.7265515821019148,0.5319148936170213
3067438.6007177886,0.2512819380884317,-0.040687447938136063,2.4367235596015755,0.6382978723404256
2683182.6831396385,0.21823212707561046,-0.07431983240070104,1.881582831919835,0.5886524822695035
2596265.8616422866,0.21023534552112322,-0.07230157413487061,2.0275525488675092,0.5957446808510638
2933220.3938395213,0.24013492724904362,-0.06661934957544166,1.8576872489428178,0.5390070921985816
2215699.8869099733,0.17247120912993674,-0.10829440412404182,1.4229859891501777,0.48936170212765956
2178754.437678512,0.16853481706673312,-0.060533773639476436,1.8052246011839057,0.574468085106383
1462601.0012910296,0.07900926370171413,-0.12622022482297907,0.7673704917335314,0.44680851063829785
2516510.4066538583,0.2027067437795056,-0.06762854202863834,1.7986928745160655,0.5815602836879432
3288389.5373510006,0.2688101715319695,-0.06061018622597825,2.466685872912449,0.6170212765957447
2733821.554799412,0.22279606554674247,-0.09779332055317932,2.021916366404449,0.5957446808510638
2125048.2382543012,0.16271629396212028,-0.06700231082134898,1.6407798167829102,0.5815602836879432
2834862.552285693,0.23170414067172218,-0.04703584773108133,1.8078342491961767,0.5957446808510638
3397282.3150632433,0.2771041838622692,-0.05890080039561733,1.9808485260074822,0.574468085106383
3687745.1869556117,0.29823161486461247,-0.06688349740435724,2.033867496766753,0.5602836879432624
2681168.7598450785,0.21804919782551324,-0.08623837386686466,2.1032817230536263,0.5815602836879432
2956595.1383047104,0.242105176410377,-0.09752360353967286,1.9998813951793535,0.5531914893617021
2330414.312172332,0.18436789891380956,-0.05744329387010302,1.7344137299580815,0.5673758865248227
2263675.1669334606,0.17750516641080227,-0.10641197467637703,1.35609123804097,0.48936170212765956
2501136.408205347,0.20123361154498443,-0.07297028148719412,1.7244086169825434,0.5815602836879432
2323049.184571215,0.18361832669939848,-0.08019378426331354,1.6352969393362178,0.5886524822695035
2202299.8478474156,0.1710495991387173,-0.06262588456297649,1.6827966054258017,0.5673758865248227
2110270.8170709573,0.1610946892151761,-0.11095945994308996,1.509781340096002,0.5035460992907801
1968842.2109310792,0.14509675080798323,-0.07752677617907772,1.60450903777138,0.5673758865248227
2070258.3282903773,0.15665784580140407,-0.08589132538217097,1.5230124795782887,0.5602836879432624
2639916.398093417,0.2142777430272167,-0.0780574421215448,1.7399587496972215,0.574468085106383
3159469.3156282026,0.2587017279009165,-0.045995319973925426,2.1090229391683133,0.5531914893617021
2852620.4362026504,0.23324339411030737,-0.035778365392863984,1.9967634966931902,0.5815602836879432
2197456.070857198,0.17053401993553763,-0.11607093458406358,1.4389036413232341,0.48936170212765956
2690019.0700454307,0.21885227354620662,-0.10812048955898769,1.8580755538067582,0.5673758865248227
3569517.9645895567,0.2897986392049159,-0.07623962860765453,2.1350825081521028,0.5957446808510638
2073419.6444411248,0.15701087707997297,-0.07251811923260618,1.3693343629485204,0.48226950354609927
3316840.8316814466,0.2709981728503148,-0.10959752328701991,2.0295674626741516,0.5815602836879432
2234898.837199936,0.1744960862105842,-0.17132491906313735,1.4425327777189056,0.5035460992907801
1899629.3407475762,0.13693012428344598,-0.08718173997934449,1.3476475446962444,0.5035460992907801
3405355.580337937,0.277710587054284,-0.060779659921929075,2.044568555517644,0.5815602836879432
3492154.6547277747,0.2841586862562073,-0.08494499812908976,2.0753538489792764,0.5673758865248227
2224063.044254797,0.17335497414417467,-0.08226987463106268,1.6104062693917056,0.524822695035461
3106283.145520137,0.25443513079831104,-0.08889623389092102,2.103240611989584,0.574468085106383
1815248.6535763713,0.12664533983799164,-0.129796700451392,1.3317560090828573,0.5673758865248227
3902561.582653101,0.313015802572127,-0.03690277196703902,2.4507762720864212,0.6099290780141844
2434484.9006804395,0.1947620436220867,-0.08977783729049167,1.8330498444843708,0.5957446808510638
2499549.0061382935,0.20108109487426118,-0.06166047510923561,1.6016976479712055,0.524822695035461
2137708.2287159185,0.16409838252302777,-0.07994627128351832,1.6048150376679204,0.5390070921985816
1771164.295056115,0.12111914704119497,-0.0670950571570964,1.4065559628240263,0.5460992907801419
2224678.736410251,0.17341993142783219,-0.051013011420427905,1.4309563034749528,0.48936170212765956
3519736.3270261474,0.2861808116125055,-0.05165076021022276,2.2477050498865982,0.574468085106383
2969634.0560633256,0.24319881364471407,-0.07362726897381953,1.9331769058468604,0.6170212765957447
3391231.3224279825,0.27664892234282923,-0.04575941792207456,2.0290026296029176,0.5957446808510638
3811741.576173147,0.306846833305215,-0.05859259077922395,2.046997977920261,0.5602836879432624
2091230.7629279182,0.158991876052627,-0.11151281426192304,1.4034901157746729,0.5177304964539007
1646263.511043346,0.10484122431307097,-0.05155458321935612,1.0722329596991529,0.49645390070921985
2358326.012729507,0.18719147203076303,-0.08819243340903538,1.548895307413044,0.5460992907801419
3110307.938235891,0.2547600352884216,-0.07117651064620407,1.9957382262548498,0.574468085106383
3724148.231064815,0.30078461522389,-0.07456886361552205,2.1986582135809596,0.6170212765957447
4211021.424111867,0.333145313141334,-0.04439612507069226,2.5473174373591325,0.6312056737588653
3415330.965950241,0.2784582768179862,-0.07155091484387786,2.123005293458386,0.5886524822695035
2146538.3014906803,0.16505848845936022,-0.12205289325363891,1.4127974219561437,0.5177304964539007
1831507.4314177316,0.12865637001685992,-0.10813918875368948,1.1544770781806328,0.46099290780141844
2567314.908660641,0.20752415927282652,-0.08258630600958035,1.7490088029952346,0.5390070921985816
3116139.0383972772,0.25523015920952097,-0.054449185629962905,2.2384547355097686,0.5815602836879432
3284244.2417350947,0.2684901214128581,-0.05750155968272528,1.9895242117663112,0.5531914893617021
2683460.0344918515,0.2182573109261634,-0.09197104463108756,1.8664897209797,0.5886524822695035
3270509.8585822824,0.26742740231418116,-0.08340952272582214,2.041761243471217,0.5886524822695035
2176640.35089528,0.1683079586973304,-0.1068786126078925,1.6229476792671536,0.5602836879432624
2165629.6419631173,0.1671235639140518,-0.07321852450748124,1.523838744377361,0.5177304964539007
2828215.1653415244,0.23112596065386493,-0.17576526896325334,1.6610509877757396,0.5390070921985816
3262500.9673410496,0.2668060529723557,-0.06580767079305906,2.067840329185986,0.5886524822695035
2739672.09203134,0.22331898905250025,-0.0856415198644324,1.847239758489251,0.5673758865248227
3340354.3297331035,0.272795137378979,-0.03853482515645327,2.3428953053188697,0.6099290780141844
2691552.4663171894,0.21899119877142925,-0.050320284339575125,1.8073468810661386,0.5460992907801419
3023490.9925965006,0.2476757547847337,-0.05635010482036372,1.9114543007643705,0.5460992907801419
2928273.432245692,0.23971634003773157,-0.0848270904183857,2.0634103389057805,0.574468085106383
2389013.2701434363,0.190265134732285,-0.08577137448293111,1.8250962429673188,0.574468085106383
4197000.814860421,0.33225638616386877,-0.06555119684384673,2.518139889359071,0.6382978723404256
3202061.517186108,0.26207723825467966,-0.06443888609846013,2.184520686667289,0.6028368794326241
3263349.562719051,0.26687194683375237,-0.10901592308635905,2.0699361268837007,0.5673758865248227
2806956.035907838,0.22926954483746287,-0.046697496824857444,1.7095680492725072,0.5602836879432624
2773165.8648396623,0.22629559762483797,-0.05679276901867921,1.827751310206092,0.5673758865248227
2162481.289077269,0.16678401781500285,-0.08497431900370202,1.414514075732148,0.49645390070921985
3163436.963465504,0.25901770365242394,-0.1145137900988149,1.8490956201959643,0.5531914893617021
2889184.053457547,0.236388741748345,-0.06585284246637965,1.7767912356397326,0.5390070921985816
2158876.1944099464,0.16639472661866406,-0.06831504824028348,1.5829701843133186,0.5390070921985816
3386623.090878268,0.2763017744411884,-0.0802419829772569,1.9819252356617407,0.5886524822695035
2128764.3432655274,0.1631226618377173,-0.06747045837400235,1.617635989563481,0.5531914893617021
3084378.4310673946,0.2526609280700236,-0.06875309495198305,1.8954277865927218,0.5531914893617021
3068240.999896087,0.25134739482222535,-0.05924905942649914,1.9532593516184225,0.5531914893617021
2991606.942127358,0.24503312548070788,-0.05685541617411494,2.000281323100127,0.5602836879432624
4203828.260716912,0.3326895524094391,-0.06390688645345126,2.337256714813108,0.624113475177305
2278530.8082514666,0.17904662922626402,-0.05605604962185952,1.4523897567757804,0.5177304964539007
3383238.508070099,0.2760465658264297,-0.08902625624713632,2.0387664337116904,0.6170212765957447
3052079.967800923,0.25002638984794956,-0.05932467942824431,2.333051722026431,0.6028368794326241
3064085.2686280436,0.251008237425258,-0.08126436659068927,1.8753194588026245,0.5815602836879432
3528348.121075864,0.2868095802969919,-0.059563135697089126,1.9649304423761589,0.5460992907801419
2769927.108976922,0.2260090277661726,-0.08132013584927548,1.9956945060980265,0.5886524822695035
1843148.687102452,0.13008750798510982,-0.11156073092199409,1.2065397909128746,0.49645390070921985
2002998.4034793235,0.14904257475137217,-0.13720429121510197,1.3189767603596925,0.5177304964539007
2446672.3672923883,0.19595589383293976,-0.0870603340509095,1.5173581911864948,0.5319148936170213
3412566.8556359103,0.27825127232580393,-0.0444532378925006,2.0056388960153466,0.5815602836879432
2474284.31168621,0.19864318441783402,-0.09945039815620664,1.6974310655880045,0.5673758865248227
2291285.7890939433,0.18036371966882925,-0.07458347404768208,1.6221518355677083,0.5460992907801419
3182607.829901818,0.26053998237901843,-0.06369288040202886,2.1273138616635876,0.5815602836879432
2169861.8882329213,0.16757938493414493,-0.08726340774010359,1.523381737085261,0.524822695035461
2789597.3043397223,0.2277453641150491,-0.0419843871760772,2.097793417121854,0.6170212765957447
2135331.647607228,0.1638394318116121,-0.08751246940664156,1.4442834954789965,0.5319148936170213
1887074.1750760018,0.1354232794147352,-0.07289414855476176,1.2634978374041723,0.5390070921985816
2700679.880753537,0.21981683203812552,-0.08232319447532328,1.8188217499531747,0.5602836879432624
3039695.1364020864,0.24901025947648803,-0.0644563274731026,1.8321882618212009,0.5460992907801419
1910281.248663395,0.13820230961340463,-0.07687977506567344,1.2291934830020506,0.475177304964539
2409971.3218415775,0.19234620815548675,-0.06223190114591369,1.9384735111407976,0.6099290780141844
2481831.0443237755,0.19937348235370256,-0.09178903277524342,1.983652307092431,0.6028368794326241
2566670.1515390663,0.20746350149987247,-0.08504595468607547,1.681540500251731,0.5319148936170213
1677219.303795672,0.10896533407664433,-0.09390551279086598,1.0043919663280396,0.524822695035461
1862954.9233239407,0.13250588985445133,-0.21926209845533776,1.1826944361876266,0.48226950354609927
2029009.8321873853,0.15201154201323708,-0.07085300899577746,1.617637352215415,0.574468085106383
3111312.2798376735,0.2548410590962287,-0.0592711024203521,2.1390257974656763,0.5957446808510638
3609739.905256732,0.292692360115165,-0.05243528693269218,2.539928459050564,0.6524822695035462
2888805.5457169632,0.2363563445575616,-0.048468402137320024,2.103822657910326,0.6170212765957447
1876396.5766079945,0.1341354522542666,-0.09038661325876991,1.391536357401574,0.5531914893617021
3721510.7501426605,0.3006003171403191,-0.060761127229458096,2.1202265872877395,0.5602836879432624
3129333.738841123,0.25629137019395265,-0.07380505938409904,1.9273908577129941,0.5602836879432624
3085590.766752281,0.2527593859518209,-0.030222808901415966,2.152249777079393,0.6099290780141844
2753528.929989719,0.22455396471772393,-0.07296787715399176,1.9564271576468601,0.5886524822695035
2080690.3696606213,0.15782118418730695,-0.06877720476843441,1.5956479496272495,0.5390070921985816
2569328.8092475375,0.20771354553894095,-0.09808315062514145,1.7045767633701703,0.5602836879432624
2614793.2255416624,0.21195772222731368,-0.045759873633507496,1.8648698227529545,0.574468085106383
2709783.104224094,0.22063805663233027,-0.07362707090825794,1.79081552601239,0.5390070921985816
2856423.0062534497,0.23357200396517275,-0.07262895988474366,1.94195707607984,0.5673758865248227
2629679.1216139444,0.21333451435681083,-0.1397724387667614,1.6560716508817601,0.5460992907801419
3250508.5627365904,0.26587336742491785,-0.07424203064277138,2.0609344604381388,0.5886524822695035
1939891.268152831,0.14170913949576347,-0.08754687496005657,1.4133557660969758,0.5390070921985816
2794698.332221366,0.22819404447007385,-0.07359353575288406,1.755993180888412,0.5390070921985816
1612166.9613297665,0.10022625228460202,-0.08607460347432322,1.0256756758876602,0.48226950354609927
2162468.7933518644,0.16678266937823572,-0.0797305006095105,1.4656652650864,0.5106382978723404
1527058.6153720298,0.08835641520514637,-0.17848900079971453,0.8106103462414981,0.475177304964539
3321497.24308061,0.271354835715639,-0.044513293882329046,2.211156388710579,0.6382978723404256
2171607.148661866,0.16776714571575813,-0.07486448058683644,1.3153491216860707,0.46808510638297873
2390769.9960245425,0.19044013207025468,-0.06907810648200094,1.8095196043829607,0.5815602836879432
2024698.444706336,0.15152154980606247,-0.12033689850463655,1.3044649583336874,0.45390070921985815
4345068.238774987,0.34152669861164364,-0.040186365119607735,2.648343774943705,0.6170212765957447
1661735.3659721187,0.1069101570623876,-0.12421147331796789,1.003085932969115,0.45390070921985815
2833018.5970804305,0.23154386493495438,-0.05521056123212008,2.0048070646782867,0.5957446808510638
3858571.0128067657,0.3100422416134756,-0.07834671354579234,2.308264032784257,0.6382978723404256
2455331.6016017837,0.19680124057246995,-0.07585708239882415,2.052432766083887,0.6099290780141844
2341241.3926366153,0.18546637157777623,-0.10656310624148727,1.5990565811061923,0.5531914893617021
3248048.985508095,0.2656817385740353,-0.07947446438915394,2.2789655948496286,0.574468085106383
2670575.3006822346,0.21708515588387645,-0.04768362970342747,2.1907490685799518,0.6170212765957447
2468097.926359623,0.1980431971168668,-0.09829904634724254,1.6639094545385986,0.5177304964539007
4672015.975778586,0.3611339416876498,-0.0473715882213943,2.404018216128299,0.6028368794326241
2062303.787400566,0.15576763269307792,-0.09424795964408046,1.4924997312029964,0.5177304964539007
1759518.4329719227,0.11964092452041486,-0.09807346912820657,1.2177642831366473,0.48226950354609927
2006384.265009318,0.14943077986565445,-0.20862706000766412,1.3356223605092172,0.5177304964539007
2279668.1473446037,0.17916431103751385,-0.08008502638320322,1.6102591683678187,0.5673758865248227
2568312.5703757303,0.2076179937614655,-0.05563722258137042,1.945896842213496,0.574468085106383
2628109.146405422,0.21318960236642126,-0.06232914222036995,1.765841387163768,0.5602836879432624
1748276.190431853,0.11820649013652562,-0.14529325157985531,1.232202090205207,0.5106382978723404
3865765.274006923,0.3105303894241098,-0.08971714979177191,2.370010250771908,0.6099290780141844
1844123.4743549135,0.13020701672991075,-0.09646854623867097,1.313584299294584,0.5319148936170213
1635425.5334165213,0.1033826604903012,-0.09278482452619317,1.027116348009353,0.5106382978723404
2823458.988803081,0.23071160779420885,-0.04925687915648648,1.9613379804783708,0.5815602836879432
1890367.6769400202,0.13581933282282233,-0.21634649606002185,1.099336013652087,0.45390070921985815
3107092.975428893,0.2545005319943876,-0.06994418470512219,1.997702702300767,0.5957446808510638
4031629.5468853163,0.32158811341718607,-0.07145206945502108,2.3252027019573194,0.624113475177305
2193528.891500753,0.17011533700826842,-0.12189912800410682,1.6247485038715261,0.5815602836879432
2117792.0576417358,0.16192116598749107,-0.136503760531879,1.3295240213667776,0.48226950354609927
3494059.6745760054,0.28429876104642227,-0.05281763654072666,2.080716789905517,0.5673758865248227
3511774.061576038,0.28559837069158944,-0.11596099280142359,2.165570733427085,0.574468085106383
3348655.147608913,0.27342709155637857,-0.058011432657940135,2.1368002372934303,0.5957446808510638
2218915.184817553,0.17281129651428162,-0.067416608248744,1.5208710609037541,0.5531914893617021
2672007.713723754,0.21721568916144007,-0.0713552646648932,1.730163857463931,0.5106382978723404
2926062.2791616837,0.23952906033142418,-0.0857873910374407,1.8273295084743866,0.574468085106383
2529401.18172402,0.2039363951369071,-0.16043203549578425,1.4473780481491547,0.45390070921985815
2938797.0863097124,0.2406061225059486,-0.05746785820259554,1.990317346290799,0.5886524822695035
2591901.191460694,0.20982815811578326,-0.07962381233355006,2.122565124282956,0.6170212765957447
2470489.1956943586,0.19827525714230387,-0.07205185105906076,1.7732615234833307,0.5602836879432624
3031513.7821419835,0.24833719102010487,-0.0786429076370688,2.0917417524804915,0.5886524822695035
2146502.520878272,0.165054604365223,-0.09457591782694012,1.4014374679522625,0.49645390070921985
2612321.9524331596,0.21172854835498,-0.06493117906543625,1.6654233365589348,0.5177304964539007
3808580.2921434953,0.30662999356662035,-0.04630194327361162,2.4947694163051435,0.6312056737588653
3945570.524783273,0.3158971978435565,-0.05339172732389968,2.3617043502736457,0.6170212765957447
1656951.3541405632,0.10627207953721785,-0.1538784508798472,0.9718132459648371,0.475177304964539
2074296.3673101016,0.15710870641947738,-0.08409906931459385,1.5203852946291354,0.5460992907801419
2684862.465052351,0.21838462150357207,-0.08579451444813808,1.8277990725402091,0.5673758865248227
2587026.8759591547,0.2093727761601214,-0.050666234104421906,1.8197440232356965,0.5815602836879432
2222579.4223344983,0.17319838866844117,-0.07645269763178004,1.5943234323203606,0.5460992907801419
2981094.613521436,0.24415689856090794,-0.04456243022609227,2.068199870178371,0.6028368794326241
2079140.5315693726,0.1576486481592847,-0.06888868665568419,1.523728662305147,0.5106382978723404
4359544.265923348,0.34241939569357127,-0.08898658103570882,2.2066829652719533,0.5957446808510638
2233692.234659163,0.17436923875958277,-0.05159933936301405,1.6382657080869272,0.574468085106383
2803739.6329238345,0.22898769933259944,-0.0689643968258226,1.8450500185312122,0.5460992907801419
2068048.741332583,0.156410840116173,-0.09591137257697778,1.4233284777701416,0.5177304964539007
2654986.91274744,0.21566097969508258,-0.12972973745602798,1.722943836480619,0.524822695035461
3192591.297366207,0.26132982515656167,-0.0958615585599883,2.3105305857059295,0.6028368794326241
2376772.640123506,0.18904291067450507,-0.09661902981252435,1.4965437905323815,0.5319148936170213
2695370.5244250842,0.21933683874608234,-0.05715005964074829,1.7828776679423408,0.5460992907801419
3538648.4893155596,0.2875600256251678,-0.04779427895075289,2.540986681918614,0.6808510638297872
3220201.2088733446,0.26350394354159223,-0.06200199107229499,2.177625392897127,0.5957446808510638
2410149.329475658,0.19236382168100907,-0.04832234930421073,1.86449674914577,0.6099290780141844
2223454.20424393,0.1732907256332823,-0.10838265827402381,1.552954002502206,0.5319148936170213
2309231.9515433875,0.18220695932383246,-0.0766143408856549,1.4502825306337743,0.5177304964539007
2899021.5194250667,0.23722956048055122,-0.06899483589832903,1.7621613010795936,0.5319148936170213
2818201.285691257,0.23025291216982735,-0.07541430776945575,1.744810705080809,0.5390070921985816
2435048.794826985,0.19481738649240588,-0.05337910458919451,1.8961272951967063,0.6099290780141844
2937615.7648587595,0.24050636806324777,-0.05123357309868485,1.9646224354825224,0.5602836879432624
3466977.542614452,0.2823016636053175,-0.06157128409921602,2.252641735721061,0.5886524822695035
2342629.2027112762,0.18560687927843778,-0.06894427620967362,1.7326039494232766,0.5602836879432624
2820766.8896751073,0.2304768275474376,-0.06989601333450556,1.9306501530144733,0.6028368794326241
3133813.111117189,0.256650819068011,-0.07921998791551951,1.9312511329571593,0.574468085106383
1878345.5220791886,0.13437095155339573,-0.15017128712734507,1.3781445044681702,0.524822695035461
3765526.1261696853,0.3036623795161184,-0.05765140853443441,2.2297292663652755,0.6170212765957447
2329866.7522775875,0.18431223728165258,-0.11111534151525489,1.7258449918155534,0.5531914893617021
2056570.9928063294,0.15512435616630915,-0.09184295751386465,1.4511080189622205,0.5177304964539007
2970666.3228628966,0.2432852306535409,-0.05554973784500527,2.331830740427122,0.6099290780141844
1917084.5914941267,0.13901188388297148,-0.07410383167084174,1.2552915777305753,0.5177304964539007
4746145.019140277,0.3654261022226095,-0.038791940496112017,2.6574024242756487,0.6312056737588653
2928827.9091955903,0.23976328524915136,-0.0784550517832166,1.8342844940524274,0.5531914893617021
1945724.7012438057,0.14239496013026987,-0.06239102387968104,1.2611829606386182,0.5319148936170213
2741641.4136661803,0.22349480689392864,-0.08013997679097297,1.8112501329276534,0.5602836879432624
3237464.206990203,0.2648557375853058,-0.08302604210108307,2.2285875137515836,0.624113475177305
3481250.890218138,0.28335576164103915,-0.06984018009781703,2.0513442863436557,0.5815602836879432
1745152.6491756635,0.11780663764996091,-0.14590583383229638,1.146243032389004,0.48936170212765956
2469891.2330843075,0.19821724489248393,-0.07432417929303257,1.55921868199671,0.5035460992907801
1963296.9725291796,0.1444509905464142,-0.0896935340572312,1.3053446822535204,0.5035460992907801
2386080.8183068023,0.18997278724011069,-0.10116917326443026,1.4722745891463644,0.524822695035461
2519205.9311707807,0.20296428592047389,-0.07879514112821058,1.7930057493915579,0.5602836879432624
2947081.397693985,0.24130477558884467,-0.05557041160859783,2.0475071290981948,0.5602836879432624
2574367.382062705,0.20818685085660982,-0.0711955968947041,1.8237989269015684,0.5177304964539007
2849748.0958585856,0.2329949402826994,-0.09328793457448653,1.8148965931186773,0.5815602836879432
2195010.526070161,0.1702733668494536,-0.07199503495195002,1.3663446721543056,0.48936170212765956
4892507.228164343,0.3737455391677358,-0.04672635851754666,2.502052104722793,0.6382978723404256
2510963.8901440753,0.2021761104291293,-0.08706225918314335,1.682346172337011,0.5531914893617021
1835000.931425681,0.12908661190566217,-0.10544164454384235,1.3032531845689503,0.5531914893617021
2430189.908151593,0.1943401786811303,-0.056972171617156626,1.7606973554410041,0.5673758865248227
1921236.0586810003,0.13950476561476188,-0.07851961745269795,1.1988231595357235,0.5035460992907801
2501816.5256981207,0.20129893314372227,-0.08092970761362207,1.6117896227175466,0.5319148936170213
3045410.9470716137,0.24947963171138077,-0.046240806994864,1.9008492111368942,0.5673758865248227
2956128.8622876345,0.24206599618000335,-0.13428928550640606,1.8997553086672336,0.5602836879432624
2895495.6537812995,0.23692846378697596,-0.07349273989846342,1.8364824045864492,0.5886524822695035
3321192.992064923,0.2713315434985828,-0.09016661911013388,2.1705845380946878,0.5886524822695035
1801709.036903485,0.12495961347465334,-0.07254915863819099,1.2240151533777877,0.524822695035461
4036981.2932521068,0.32193879305186424,-0.06478939189349084,2.523292501122796,0.624113475177305
3731962.026992215,0.30133000414807043,-0.08541668615265507,2.122705110541903,0.5460992907801419
3119121.1345218867,0.2554703144073096,-0.11149756284346997,2.203254422326624,0.6170212765957447
2461835.3391728434,0.19743459268141605,-0.06340524722393763,1.713546513855021,0.5531914893617021
3236279.662252226,0.26476316528547095,-0.0877766639202417,1.747021015058138,0.5460992907801419
1863277.6593273734,0.13254512591918655,-0.13370717733594728,1.3387558206989465,0.5390070921985816
1600601.7274286754,0.09864316013022112,-0.06369645898111194,1.0536319309882212,0.48226950354609927
2493166.836683317,0.20046711658521832,-0.06557782581490317,1.7563565574923827,0.574468085106383
2646543.681877034,0.21488679977350666,-0.05741909433144005,1.6971370257830518,0.574468085106383
3333856.0562852854,0.2722995363954539,-0.077310317258575,2.201527631758505,0.6312056737588653
3049151.0850618808,0.24978638388979713,-0.08322695879366658,2.1327427644656365,0.5957446808510638
2007550.641284685,0.14956438908241054,-0.07340082953206853,1.421830386977196,0.49645390070921985
2055933.3229954964,0.15505271465184745,-0.08012908292561272,1.629488274279497,0.5460992907801419
2354297.800973562,0.1867856308226412,-0.10513796514342164,1.8965326367146722,0.574468085106383
2437292.065249226,0.19503744872462292,-0.08854641295249467,1.7090488759585913,0.524822695035461
2387492.7626250926,0.19011358530126365,-0.06624343205455545,1.5592901750872334,0.5531914893617021
2433110.6973246774,0.19462713074203042,-0.058139032982145906,2.0928810979149874,0.5815602836879432
2380036.5079315165,0.18936929855225104,-0.05845842386458431,1.8380085197636753,0.5815602836879432
2557197.74408649,0.20657094363761952,-0.11993110534224397,1.5652455691069584,0.5319148936170213
3669903.9042321816,0.296973009949274,-0.05828563262707695,2.344666757180365,0.5815602836879432
3136291.402157485,0.2568495138633884,-0.057103568322642254,2.19654419132475,0.6382978723404256
3600126.934092498,0.2920031208319789,-0.04405815115351508,2.156708623781642,0.6028368794326241
2437468.8902528,0.19505478816228417,-0.054814007372754804,1.890440270375252,0.5673758865248227
2248284.3699525422,0.1758996152183383,-0.0708081203717295,1.458025598302425,0.5106382978723404
1860356.5858734502,0.1321898032452138,-0.21563142206615146,1.1829792644757717,0.46099290780141844
2569977.759962224,0.20777454726012756,-0.07522753330692772,1.7479779401644489,0.5531914893617021
2466092.4414168866,0.19784843670059127,-0.10747965617263289,1.7021180509154559,0.5460992907801419
2806294.477306711,0.22921159519323098,-0.046501926282413654,2.092830065932869,0.5815602836879432
2934897.9255693927,0.24027674338712957,-0.06082383593279082,1.6702114217532376,0.5035460992907801
2676939.234666743,0.21766466227068015,-0.060717873959992646,1.8965103268649055,0.5602836879432624
2850306.152670562,0.23304322717058357,-0.05507428060156596,1.740026556967192,0.5319148936170213
3432050.1525646504,0.27970752911918706,-0.041160482630091186,2.2447067934977096,0.6382978723404256
3709405.4439571355,0.29975309722339727,-0.0808659440286873,2.305401269082149,0.6099290780141844
6043832.659931396,0.4330537708439903,-0.06096514284934392,3.0809203194254513,0.6595744680851063
2446417.9115087814,0.19593101673384794,-0.06394570986345002,1.7605780311973303,0.5460992907801419
3050353.5424580635,0.24988494101840342,-0.06401500669119768,1.998327001757534,0.574468085106383
3458419.2920673336,0.2816679640292319,-0.05473326054562164,2.2024089434696608,0.574468085106383
4043172.258677008,0.3223439998666793,-0.08777894180506021,2.4319788501877677,0.624113475177305
2088765.8990684862,0.1587185341471491,-0.06602573685056434,1.7030638553252562,0.5673758865248227
2170334.2805272783,0.16763021835197156,-0.0801749572321649,1.3978404375120181,0.524822695035461
3031838.119815225,0.24836390146795462,-0.06300988685085525,2.033947869795926,0.6028368794326241
2472738.8881004145,0.19849341388297037,-0.07336667445691941,1.5641239007122156,0.5106382978723404
2029036.9139742213,0.15201461724372178,-0.09457282519927955,1.5190433868134248,0.5319148936170213
3700270.1748073753,0.29911227709987864,-0.04224040127270547,2.2534293900883404,0.6028368794326241
2735116.3131053797,0.22291186868055357,-0.049641284931040135,1.8192918798842739,0.5531914893617021
3478360.227034807,0.28314256344639954,-0.04204182632705532,2.312834047071277,0.5957446808510638
2659941.9299026974,0.2161144003309481,-0.07301090520728647,1.6861644912435465,0.5531914893617021
3105030.6522650425,0.25433395360778444,-0.0937956660418434,1.9019917082560638,0.5602836879432624
1782581.1581015254,0.12256077370312912,-0.12639494281554983,1.1427680553155708,0.5035460992907801
2924964.218176481,0.23943601495332612,-0.04449552854566543,1.9299703465322557,0.5390070921985816
4043461.8952171924,0.3223629448011227,-0.03707579736716792,2.420604750765663,0.6170212765957447
1800758.494435361,0.12484088757635758,-0.20524698578015613,1.1746650287934537,0.48226950354609927
3518961.62991641,0.28612418871807144,-0.04570289625729245,2.1791960542638305,0.5815602836879432
2960007.302815254,0.2423917433447882,-0.06755340248305727,1.9867747081966394,0.5531914893617021
2485109.9533285424,0.19969022912831869,-0.07133743457729526,1.9112782173232223,0.5673758865248227
4041979.593950088,0.32226597701403925,-0.05057404629946618,2.3719688235892598,0.6099290780141844
2481978.4917413048,0.19938773314813885,-0.05531494169302458,1.7734850441773657,0.5319148936170213
4894477.097325968,0.37385614353192675,-0.05593422373849706,2.810983311357259,0.7092198581560284
1669361.1335220942,0.10792422798525392,-0.10709251025664517,0.9718265918226157,0.48226950354609927
2722767.9987855726,0.22180564553575177,-0.10705999048020264,1.7218131639147813,0.574468085106383
3758064.401312835,0.30314530491596914,-0.06776252481745665,2.1897434012597463,0.5673758865248227
3390127.85912352,0.2765658304806642,-0.06437302887068841,2.4845075606429687,0.6099290780141844
2957383.841298285,0.2421714382763993,-0.1025536522833449,1.7526715176561796,0.5673758865248227
2576336.685040125,0.208371638644419,-0.07417907439003846,1.7247111578326135,0.5673758865248227
4002350.480337388,0.3196629482058968,-0.0598827186343,2.5274095522247726,0.6312056737588653
3468915.40959399,0.28244498006046004,-0.11846845018099005,2.101769720681291,0.6028368794326241
2714728.5988533185,0.22108327727579935,-0.07340779348557393,1.8362961997471714,0.5390070921985816
2606297.9477992607,0.21116918386134764,-0.07153922022254802,1.7547373515445805,0.5390070921985816
2117005.0279923053,0.16183479278845314,-0.06602216521660628,1.50690328056114,0.5106382978723404
2111524.6412005145,0.16123263005767297,-0.041892166423677664,1.561949138628837,0.5531914893617021
2284559.6756797065,0.17966990844021025,-0.140854696978285,1.5249916750484867,0.5390070921985816
2422876.6573942946,0.19362047836224572,-0.09254003671313529,1.503708011834454,0.5460992907801419
1479319.6590986983,0.0814648432198859,-0.07940689681119688,1.0116950544724101,0.49645390070921985
2651316.86917285,0.21532470702273487,-0.05044304208601263,1.791267666369237,0.5602836879432624
2755022.655995605,0.22468679436070693,-0.08394187300562703,1.9927024468710055,0.574468085106383
2565875.667960136,0.2073887409216204,-0.05333427107229235,1.97541083217187,0.5815602836879432
3333366.3798677633,0.2722621591557015,-0.06343087330982779,1.9528812014690304,0.5673758865248227
2985601.264207933,0.24453284054281887,-0.050345883716403764,2.061391245209028,0.574468085106383
6905859.217495182,0.4717821929976824,-0.05075514803864327,3.099422066794821,0.6950354609929078
2535118.8872316987,0.20448020273468548,-0.05832689283038295,1.7895905885093077,0.5602836879432624
2088156.0088340952,0.15865086034313847,-0.09860336517318195,1.3829325141506994,0.5177304964539007
3035060.6755711064,0.24862916714597372,-0.06501836484212827,1.939751958639599,0.5319148936170213
4991347.57645678,0.3792518103647884,-0.032260601421774934,2.58830009985903,0.6595744680851063
2909335.4694768353,0.23810865729049513,-0.06290936126873295,2.103606437481887,0.6382978723404256
3074396.3754232447,0.25184907246601385,-0.08505276989103921,2.049777428123818,0.6028368794326241
2468718.1996570285,0.1981034086267055,-0.05759282692709161,1.867598464022898,0.5815602836879432
1989467.875710192,0.14748597512852402,-0.0722023164274578,1.3430858676982789,0.5106382978723404
2270240.366729734,0.17818738479441754,-0.05834508655368739,1.8501463026041323,0.5815602836879432
2133649.0678156577,0.16365595958878987,-0.0736935581995771,1.5251151794056574,0.5602836879432624
3503102.0620917743,0.28496280947176467,-0.04491980448796059,2.3897341522149116,0.6453900709219859
3511397.742118338,0.2855708167310087,-0.04539797921884993,2.2673405549488956,0.6312056737588653
2353298.641432097,0.18668487980159365,-0.08190903237181868,1.7135555550732657,0.5815602836879432
2741633.6879878966,0.22349411735532843,-0.05437404110667169,1.8402994319591301,0.5673758865248227
1812136.980238637,0.12625881884675905,-0.06839884857427388,1.2794696799401413,0.524822695035461
3513262.7481958754,0.28570734858248037,-0.14349855879947146,2.0438114625156474,0.5957446808510638
2065148.4582968699,0.15608630213917118,-0.07245649554129635,1.3441340415099503,0.5106382978723404
3973630.619192694,0.31776357465303917,-0.08309862869579351,2.3518772472592238,0.6382978723404256
4417548.0816368265,0.3459727177702927,-0.05387786064722668,2.500446977224033,0.6382978723404256
2400485.193389081,0.1914060641869617,-0.06790632986913454,1.7415770356827043,0.5531914893617021
2861511.605417869,0.23401120258768393,-0.03362263849938952,2.001024909917697,0.5957446808510638
2469789.241889818,0.19820734894038328,-0.09298471928338485,1.6626968091356733,0.5602836879432624
3063763.361792586,0.2509819506223989,-0.06113730575608097,2.044817671224761,0.624113475177305
2032605.116045056,0.15241951204253534,-0.08595621036701541,1.5174069128359724,0.5460992907801419
2669441.768144557,0.2169818193544406,-0.06712367082122041,1.9105617960584915,0.5602836879432624
2788782.604927672,0.2276736433478046,-0.09601098233378524,1.7623700525769759,0.5531914893617021
2430378.7609169655,0.19435874080533933,-0.0734388066163875,1.613007355946305,0.5531914893617021
3007405.455281043,0.24634534690359833,-0.07842419216460839,1.9177576357771224,0.5602836879432624
2667537.013035804,0.21680809657400535,-0.05424255375503158,1.7150608062636183,0.5602836879432624
2098265.654285629,0.15977059765449164,-0.07607750967389379,1.4427119722447839,0.5319148936170213
3238803.905892799,0.26496040255266196,-0.09348187461954648,1.9752718407928445,0.5602836879432624
2572504.635781747,0.20801195761980162,-0.05225472631383072,1.6669461118991062,0.5531914893617021
2942086.382726603,0.24088371196954506,-0.0960527310000964,1.8337631197470672,0.5602836879432624
2903019.847835141,0.23757064958579988,-0.08405219501983946,1.7325178702972688,0.5390070921985816
2121903.5544857294,0.16237196848073743,-0.09508249853989637,1.4404418863408779,0.46808510638297873
3291767.6001548283,0.26907074652049,-0.06224391416432442,2.6001849357049442,0.6737588652482269
2532994.376623084,0.2042782564512673,-0.08156937726291995,1.7668615792969429,0.5460992907801419
5399114.391798717,0.401085071814808,-0.05987071483151519,2.606346357639177,0.5815602836879432
3857448.4385542413,0.3099660066107175,-0.07713986126641251,2.214730276778805,0.5957446808510638
3243466.71520857,0.265324418135366,-0.1088975214999416,2.0196083655330836,0.5673758865248227
3009794.6410839586,0.24654331188388534,-0.10010559718115598,1.9875892215962878,0.5886524822695035
3544904.4103375627,0.2880149554581972,-0.054457665544293134,2.237151589265557,0.5815602836879432
1995120.9400876833,0.14813735048516596,-0.07545946088525046,1.247340469078665,0.5106382978723404
2684942.861815881,0.2183919181907079,-0.0670490806812704,1.7069105616521445,0.5390070921985816
3683326.3911986677,0.2979203475957024,-0.05908766560776503,2.292866105270093,0.6170212765957447
2134750.7512715827,0.16377610266634157,-0.09754604156288463,1.3765205704432089,0.49645390070921985
2094946.0516208513,0.1594033976055218,-0.059779518922755744,1.5747531394942968,0.5957446808510638
2596205.779871114,0.21022974411047746,-0.10717727406624797,1.8754835326875023,0.574468085106383
2555762.6926706987,0.20643549223203062,-0.05120058421950561,1.7542788253713282,0.5815602836879432
1859995.1223739677,0.13214580339041326,-0.07956699871690222,1.268861947160868,0.5177304964539007
2524798.64971455,0.2034979361570366,-0.06330962655099372,1.8029589061198927,0.5531914893617021
3225819.1146586654,0.26394449352236293,-0.06589558124508123,1.8667736484452722,0.5460992907801419
2328642.9497958375,0.1841877950687132,-0.061605969253999034,1.8743372396769735,0.574468085106383
2458992.276788993,0.1971578922124304,-0.06509551030074001,1.7408044747981117,0.524822695035461
4334412.968289904,0.3408680957485477,-0.06579297336351474,2.2455709973272584,0.5957446808510638
2889736.2385157687,0.23643599821868944,-0.05521312733896466,2.030915842132566,0.6028368794326241
2904978.183246191,0.23773757401993256,-0.07260338833240049,1.9637166624038467,0.5815602836879432
2929902.922777373,0.2398542818375735,-0.06459911558610942,2.0779920138360937,0.5673758865248227
2121323.205143717,0.16230837882152538,-0.09553672775956616,1.5123633890953483,0.5460992907801419
3267145.726707815,0.26716655317871485,-0.07330923482931744,2.105772511218908,0.5886524822695035
3043217.731553859,0.24929961213949103,-0.062031755390206444,1.8303999240237758,0.5460992907801419
2238240.741852898,0.1748471274549157,-0.07095730347738569,1.6980664261839507,0.5673758865248227
1592237.5010705502,0.09749252178097167,-0.10740778420651577,1.0896155959481164,0.5035460992907801
3316385.3381489837,0.2709632623266691,-0.05863637453166686,2.0021666117500168,0.5602836879432624
2691343.5523352893,0.2189722749558658,-0.07427103041467344,1.6961242535158643,0.5460992907801419
2249748.3273905115,0.17605271140285694,-0.07466128972778123,1.5745084245856493,0.574468085106383
2277958.8958423124,0.1789874350203322,-0.11140765604883922,1.5047923230109512,0.5035460992907801
3437250.491441848,0.2800951040495161,-0.07771180141011644,2.025472888250327,0.5460992907801419
3489822.4278774364,0.28398711597636983,-0.07497200035316656,2.291374219444091,0.5957446808510638
2830605.0224022795,0.23133395197889972,-0.0667352002492691,2.0485807670834886,0.5886524822695035
2671328.387075222,0.21715379030135984,-0.1430542040052041,1.8141104833100816,0.5602836879432624
1229355.6368172416,0.042162657005526016,-0.2625924163454784,0.4802090299069827,0.4397163120567376
3171684.4643171113,0.25967350542023215,-0.055794301870175894,2.1760276796286657,0.624113475177305
2299328.5088114357,0.18119120556873192,-0.1218589684125356,1.5781160514479007,0.524822695035461
2830787.2381019252,0.2313498046039506,-0.10895114808439335,1.8667799235883034,0.5531914893617021
2475939.2070505586,0.1988034811599919,-0.07092245854846778,1.7263197188848634,0.5602836879432624
3700098.348636979,0.2991002117304178,-0.06600982280018024,2.1975548162355465,0.6028368794326241
5602320.965370449,0.4114763226874929,-0.09068289604656862,2.5587071004803192,0.6453900709219859
2181235.890539305,0.16880087219517748,-0.07168528876247258,1.4227017225063665,0.5177304964539007
2808602.8435804266,0.22941375055994384,-0.07864226259610989,1.8704198594567616,0.5602836879432624
2364540.9480696586,0.18781653852193037,-0.07383714309228481,1.5885387898541226,0.48936170212765956
2646814.771603109,0.21491168731560784,-0.07275201077605525,1.727175212687178,0.5035460992907801
1493095.38153858,0.0834715460104849,-0.14643914902676822,0.8677384344947038,0.49645390070921985
3438594.6830494707,0.28019520871174275,-0.06226162758603831,2.435603597841986,0.6028368794326241
3862807.718387964,0.31032980025580237,-0.07970095561270625,2.2935285796604825,0.6099290780141844
2842507.50765695,0.23236774830533635,-0.07213667337087898,1.88796459405359,0.5886524822695035
4010427.161696334,0.32019513068794403,-0.059702983062907396,2.2569140249610165,0.5957446808510638
2718485.0339818997,0.22142101883956355,-0.10741870647759695,1.67871691496041,0.5531914893617021
2100382.250238703,0.16000448375593668,-0.058636359175351475,1.7508266437868412,0.5673758865248227
2053035.7001208425,0.15472694575912316,-0.06509230561856334,1.5783369550560025,0.5390070921985816
5281037.98671421,0.3949025181342787,-0.06933409948727935,2.5597187604861618,0.6170212765957447
2478221.5775820366,0.19902441593952358,-0.05051619902008002,1.7718438599094206,0.574468085106383
2394234.098412238,0.19078490956983551,-0.06964856163577601,1.6530026300292917,0.5035460992907801
2598998.5131502557,0.2104900004867063,-0.10564514624594885,1.665644141273436,0.5390070921985816
2880087.89735716,0.23560924313469855,-0.09327147100711841,1.9819331532873077,0.5531914893617021
2351222.235250398,0.18647539428331816,-0.0973755686346861,1.5506713664247558,0.5035460992907801
2210700.147701383,0.1719415933110633,-0.1268339328346308,1.5185683090144881,0.5390070921985816
3836041.673451315,0.3085088470076578,-0.044608860046983445,2.267938861497808,0.6312056737588653
2215707.6277661375,0.17247202836708686,-0.10515007410861317,1.593850191871647,0.5531914893617021
2626395.472363852,0.21303134760011133,-0.08697214261359552,1.8052312130654384,0.5319148936170213
4999068.892100959,0.3796782705455801,-0.053024957244398895,2.4065051648788005,0.6170212765957447
2112195.5927146776,0.1613064186145703,-0.09315384307581699,1.3579376443178428,0.475177304964539
3087632.0540587916,0.25292509589796563,-0.059310018912297466,2.0324600733204803,0.574468085106383
3182462.758949112,0.2605284904780205,-0.07104951857700668,2.116824426934459,0.624113475177305
2869076.899266257,0.23466301195244577,-0.07408337642861638,1.9102685319468562,0.574468085106383
2293288.2437531734,0.18056996185863605,-0.053123157893776425,1.7250411655095488,0.5460992907801419
2365007.7759127067,0.18786343659304605,-0.09036486172544046,1.6815874896343967,0.5319148936170213
1978060.819851239,0.146167073632679,-0.0879207648073812,1.273713306305718,0.5106382978723404
2564168.836031567,0.20722806608910171,-0.05616278125314311,2.0395337668599214,0.6028368794326241
2968981.169864238,0.24314414436751708,-0.06366933351281898,2.083947251900803,0.5815602836879432
2958749.19868248,0.2422861136056751,-0.06255051645046254,1.822854592766792,0.5319148936170213
2290000.6552310535,0.18023128173087777,-0.09983657974941164,1.7666283782477898,0.5815602836879432
4409764.712734231,0.345498083737525,-0.049994142089714366,2.3933824654414044,0.5957446808510638
2486558.1005449924,0.1998300155589432,-0.10813715283239339,1.5639355560762775,0.5390070921985816
2819447.8099585543,0.23036172404699307,-0.056292782574823515,1.9848824598698185,0.624113475177305
1882802.4782328433,0.13490877057917494,-0.08329284947437693,1.2653362613341044,0.5390070921985816
3963587.2221129686,0.3170967676495018,-0.06520940869041547,2.322818687701292,0.6099290780141844
3115362.649507324,0.2551676046266771,-0.056369032373793315,2.0042483177239276,0.5602836879432624
2205281.714475472,0.17136654272542984,-0.05762083216974684,1.559255144107085,0.5319148936170213
2731090.3404755653,0.22255164187268894,-0.0493411345903686,1.9177772348528515,0.5815602836879432
2583207.681114612,0.20901548878739606,-0.09934475417860651,1.688562669502896,0.524822695035461
2862889.0133529995,0.23412997964536486,-0.09028070525430129,1.801577992474711,0.5531914893617021
2748432.921384364,0.22410036771678943,-0.09308009385166817,1.6151516289040295,0.5177304964539007
3713693.3705893704,0.30005345105690684,-0.06186275850671476,2.024651918840158,0.6099290780141844
2057471.8409023907,0.15522553519710347,-0.07750212046587128,1.6605824579694608,0.5673758865248227
2288995.9332360625,0.1801276998838237,-0.08369403214149845,1.5738176380798414,0.5390070921985816
1669371.3782192802,0.10792558782527073,-0.08894709816048277,1.104535112075996,0.49645390070921985
2536820.2546225926,0.20464182935121333,-0.07310049713408187,1.695569275547944,0.5390070921985816
1673307.4312460748,0.10844755039284748,-0.12950344967861857,1.237083959077921,0.48936170212765956
2791280.5459823706,0.22789349255699087,-0.06726512253632985,2.2274018260194324,0.574468085106383
1891423.773914286,0.13594621474172652,-0.09486923847777327,1.2799908418454546,0.5177304964539007
2696287.842280111,0.21941982304881424,-0.0587365452452109,1.7460960590853511,0.5602836879432624
2690494.7318836846,0.218895375137369,-0.1441664356610028,1.626374399230199,0.5106382978723404
2742233.931791609,0.2235476861789203,-0.06298568418153294,1.974952972644191,0.6028368794326241
2486117.7609427935,0.19978751744879086,-0.07095304916205121,1.7864290628088253,0.5531914893617021
3431513.0649755066,0.2796674738735603,-0.04387750693054801,2.171452085320803,0.6028368794326241
2438975.372687948,0.19520247284788717,-0.05581460962168142,1.7883687916244024,0.5815602836879432
4104631.833477361,0.32633992195318506,-0.053100330869319826,2.5133226023363364,0.6312056737588653
3135928.1678211773,0.2568203997287968,-0.062052302679961154,1.8556960006972552,0.5390070921985816
2575251.5602480574,0.20826983091117168,-0.07438753355367332,1.7893257759069798,0.524822695035461
2585578.7912418726,0.20923735688852374,-0.08383257358813208,1.991655068955535,0.6312056737588653
3216944.163520762,0.26324824799082647,-0.05499992222072105,2.0244976394459515,0.574468085106383
3395270.2948359917,0.27695287654360734,-0.0514553971419821,2.1844372713233606,0.574468085106383
3320330.6883590394,0.27126551976705526,-0.06372106015573177,2.156967878701079,0.5957446808510638
2761252.190890818,0.2252401355901743,-0.06394377795550321,1.873662620871825,0.5602836879432624
4162202.1612181356,0.3300397911941404,-0.07153805193649986,2.2912786289359315,0.6170212765957447
1949001.069416802,0.1427794326085121,-0.09717315200644391,1.3180314973500247,0.48936170212765956
2533833.3899758663,0.20435802541572823,-0.05240031415348671,1.7285648879240967,0.5390070921985816
2980152.9795926358,0.24407829062996456,-0.05090872808438638,2.1061077394760694,0.5673758865248227
3721867.817172477,0.3006252738689861,-0.0513813065147326,2.5718264850511336,0.624113475177305
1885679.4110222103,0.13525538818889604,-0.13223789878997097,1.21471368150482,0.48936170212765956
3045511.9322677315,0.24948791809862048,-0.05160471524555515,2.104929177197264,0.5957446808510638
2220469.727278507,0.1729755816808891,-0.07088103365608707,1.5723228508069638,0.5390070921985816
3608461.2188830995,0.29260076446504124,-0.052051130877376645,2.3135828739546898,0.6170212765957447
2665700.8097304096,0.21664053207628675,-0.06758233052952581,1.9111505302432035,0.5957446808510638
4185642.7020198274,0.3315345218633985,-0.04363780220292068,2.2364038487678193,0.5957446808510638
2534538.4255050183,0.20442504013822993,-0.0857313118396754,1.762028931558285,0.5815602836879432
2401291.393756343,0.19148607992714428,-0.06710895126660364,1.7289852114772786,0.5460992907801419
2724009.4668452814,0.2219170436508755,-0.11283125502956491,1.7417705129973284,0.5460992907801419
2340429.907221034,0.18538418252423328,-0.09043398259479835,1.5632861191890228,0.5390070921985816
2575438.3162527406,0.20828735503225615,-0.0674948625314265,1.8921987343269824,0.574468085106383
3430916.594961733,0.2796229840909601,-0.05846017961829268,2.226149406652282,0.5602836879432624
1903255.2671665524,0.13736381742625592,-0.14526378197236486,1.2787859289735204,0.524822695035461
1799099.2530627877,0.12463352264565608,-0.09456035269515722,1.1940458991358953,0.475177304964539
2077778.8732201126,0.1574969763479923,-0.053531102544354774,1.484918372081026,0.5177304964539007
4237852.074324963,0.3348398350751607,-0.05186104686600556,2.3305079671525815,0.5957446808510638
2647396.5687286193,0.21496509263853536,-0.04971084535705433,1.9203734486683555,0.5531914893617021
3543011.4407323394,0.2878773667484549,-0.08875957216005267,2.03787800267574,0.574468085106383
3031615.5663422993,0.24834557358442289,-0.06532222305081495,2.311768663781876,0.6099290780141844
2208745.1304349387,0.17173424027374007,-0.13176025732388008,1.5348129823656147,0.5319148936170213
2620930.5223666173,0.212526116750253,-0.059035020586263504,1.7986462195025412,0.5460992907801419
2742974.3213235405,0.22361374940338896,-0.08393506723386697,1.7859476858565495,0.5531914893617021
3771848.213209344,0.304099839636778,-0.03854577849999991,2.3240110297177443,0.6170212765957447
3022111.8427205277,0.24756190983438775,-0.07882857987236833,2.0854929795885986,0.5815602836879432
2286528.0175133324,0.17987311554668706,-0.07135018370865705,1.681903178181304,0.574468085106383
3253811.031933096,0.26613048472351464,-0.054241428219777184,2.2607748058785035,0.6312056737588653
2920791.0176628185,0.23908213920917998,-0.05934213605051527,1.991238359270991,0.5531914893617021
3759929.6981925275,0.3032746411996661,-0.05493934050421364,2.161960204072942,0.624113475177305
3083987.49691696,0.2526291723840055,-0.06576327381753866,2.0309773772299917,0.574468085106383
4573132.069156525,0.35532281375636554,-0.06175485416766728,2.376612267001637,0.6170212765957447
2582129.918269513,0.2089145871450908,-0.06997720561521537,1.6768034919345252,0.5460992907801419
2584560.2974332245,0.20914207494478387,-0.06764452645913466,1.8305141911297689,0.5531914893617021
2062440.208869596,0.15578292310251696,-0.08173422217545731,1.2906808440136137,0.49645390070921985
2766768.063855478,0.22572925246996034,-0.05872818169426737,1.861794893990984,0.574468085106383
2537539.8801476415,0.2047101662906501,-0.06040504569603738,1.8311828319168786,0.5602836879432624
5321769.856979683,0.3970476459269636,-0.071534385879543,2.6216730061399756,0.6382978723404256
2209954.9311417933,0.17186257146200457,-0.07043891835930427,1.6839533728851843,0.524822695035461
2147371.9762628484,0.1651489717285135,-0.1032976421617263,1.5099636146408704,0.5673758865248227
4152873.99053777,0.32944308901688424,-0.0742027593570725,2.260691800406745,0.6099290780141844
2741943.9375423947,0.22352180678193756,-0.08144397660995761,1.8131163426380146,0.5531914893617021
2608446.8360486543,0.21136883941461382,-0.10501933601699735,1.7645821284257173,0.5319148936170213
2086035.379360841,0.15841543081835696,-0.10214592943128292,1.626841338931382,0.574468085106383
2280768.6455558403,0.17927813617579313,-0.1283535585305532,1.4864898119421928,0.5177304964539007
2614038.4951140755,0.21188775057628262,-0.04763175961562898,1.6854436975299574,0.5602836879432624
2854440.915170047,0.2334007596500034,-0.041046103823584035,1.8553537285467965,0.5673758865248227
3090415.7144963965,0.2531509298636805,-0.051702131582218674,2.0283989959586086,0.5815602836879432
3912572.159182099,0.3136887236340875,-0.06820508545144685,2.3554416368059394,0.6099290780141844
2268547.4933003425,0.17801162214616073,-0.07976424999387259,1.5063918366761138,0.5319148936170213
2379152.0196569567,0.18928088481501315,-0.05602006153514862,1.6225291001728113,0.5460992907801419
2859681.091570774,0.23385328236021774,-0.07774173327476397,1.78698194497241,0.5673758865248227
2232389.919461036,0.1742322677226018,-0.08096858540214498,1.553214719039169,0.5531914893617021
2046798.6839715568,0.15402449149809905,-0.09373257660042555,1.3655406681141535,0.5319148936170213
4047245.164653959,0.32261030630087983,-0.06043835380048806,2.353806958584252,0.6382978723404256
2155938.636311941,0.16607713372595434,-0.04852254617558698,1.5516989809684938,0.5390070921985816
2135236.816644504,0.16382909430974957,-0.05956936771261966,1.4895398250579162,0.524822695035461
3496542.380241038,0.2844812210068395,-0.06320796572570066,2.105210540990932,0.6028368794326241
1846966.972021653,0.13055534055465645,-0.10396844665561636,1.1729781883161912,0.48936170212765956
3053467.267864432,0.25014000721670815,-0.08146741814365024,1.9305938796913567,0.5815602836879432
4163579.829811,0.330127826874518,-0.06537271899238459,2.2174225012522126,0.5673758865248227
3130852.601145893,0.25641329795354606,-0.06444527530198449,1.807856124747794,0.5673758865248227
2057551.7367285888,0.1552345070102905,-0.1171803961343764,1.2987450906676254,0.49645390070921985
3250947.299818588,0.2659075378074205,-0.0499835695905028,1.9440314072470506,0.5460992907801419
1953020.8075493707,0.14325043173810736,-0.05980356695959466,1.297763766237513,0.48226950354609927
4158096.5234569353,0.3297772946965878,-0.037227920911809965,2.468157433446101,0.6666666666666666
3019988.5461535766,0.2473865563850428,-0.07033871285233896,1.9612985164927519,0.5673758865248227
1996800.9680399024,0.14833064738501855,-0.08305154807280982,1.407056989385169,0.5319148936170213
2561353.0774725704,0.20696281390972882,-0.10029099415086691,1.5946236215622764,0.5460992907801419
2384477.6960023525,0.18981284422496758,-0.1032454001882762,1.5884188300191557,0.5319148936170213
3714813.4103801884,0.3001318601132372,-0.08229127996928758,2.31691526951302,0.6382978723404256
4745086.767009529,0.3653652067393267,-0.06544980541811136,2.2559695999017197,0.5673758865248227
2811102.5943777175,0.2296325165904396,-0.06421395921236198,1.7834837874387652,0.5319148936170213
2001760.97684466,0.14890056691193565,-0.07776472507110382,1.6327561658594278,0.5390070921985816
2126925.5189800775,0.16292165155893823,-0.11460903088364274,1.4038445058257247,0.5177304964539007
2781864.360229652,0.22706393019631177,-0.04521061939200243,1.9940576098259613,0.5531914893617021
3108376.9820324914,0.2546041993633952,-0.05015655514544124,2.3829815723926124,0.624113475177305
4105662.2954847226,0.3264065104184597,-0.060383265793215644,2.194328338462152,0.5460992907801419
1782379.2011086582,0.1225353365137134,-0.06010504771576723,1.2130016946276712,0.5035460992907801
1779194.5642222485,0.12213391518726069,-0.08552689909572458,1.0600536898789361,0.45390070921985815
1986190.983473821,0.14710771642200826,-0.1532705320414299,1.2988101845769287,0.5177304964539007
2261205.9335149243,0.17724816800351828,-0.0740010135705565,1.6418628166941291,0.524822695035461
2472926.755013689,0.1985116244928402,-0.06742686193859873,1.6882129117616596,0.5531914893617021
2857691.078536387,0.2336815102088068,-0.06827933419794548,1.8385746340806053,0.5673758865248227
3804410.325123283,0.3063437456015068,-0.06943750555547809,2.251464767295753,0.5815602836879432
2296434.921353412,0.18089376204675855,-0.12244575934749646,1.5127516873233497,0.5177304964539007
2728107.8764028843,0.22228450972644787,-0.05112187762969618,1.992005347159716,0.574468085106383
2861861.5171729806,0.23404138061709534,-0.08923476123408128,1.7450946228665642,0.5177304964539007
2933010.8937208,0.2401172118507804,-0.06434678253584344,1.9318843900923879,0.5886524822695035
3136667.3382905964,0.2568796432380327,-0.055025738408098795,2.068259340628134,0.5815602836879432
1837876.2411853503,0.12944022925997278,-0.06564439644831223,1.228648369847136,0.5106382978723404
2123268.077499804,0.16252142630823463,-0.06755843288139578,1.5369237497751902,0.5390070921985816
2980748.706580522,0.24412802443656245,-0.05333678968995565,2.218628640183254,0.6312056737588653
2201267.5369200143,0.17093979447017693,-0.09293514399378584,1.5337139763189716,0.524822695035461
2326235.721931015,0.18394286363229817,-0.08656601205638052,1.476056308662205,0.5319148936170213
2115455.795720506,0.16166469597264022,-0.0537287344822052,1.5956056283862612,0.524822695035461
3595979.666026685,0.29170531166355507,-0.05025308378445546,2.500209036984419,0.624113475177305
2191697.2669240716,0.16991985946341281,-0.1113884156996054,1.6571655642443763,0.5531914893617021
1835980.7785100734,0.1292071672666264,-0.160190026625837,1.2766159143719928,0.5035460992907801
2684185.0032066894,0.21832312916072083,-0.05723297263567022,1.7990587263191227,0.5531914893617021
3057185.2972547645,0.25044430358973635,-0.049963128656440065,1.9351065064822879,0.5602836879432624
2825672.8654812784,0.23090454770093194,-0.07134970127252337,1.9612570516417056,0.5815602836879432
2444536.1092928094,0.19574697635475857,-0.07921862886642224,1.6311421999949807,0.5319148936170213
1992007.377511893,0.14777877261439953,-0.0627261161705688,1.4061578420643723,0.524822695035461
2205917.0442751925,0.17143402782907446,-0.11866139247717351,1.4446522848706527,0.5106382978723404
2070783.3727961194,0.1567165085528759,-0.06462110403018646,1.543913909833151,0.5390070921985816
2991138.8393448098,0.2449941604721304,-0.05210267812981369,1.7775908887208014,0.5177304964539007
3210621.5617983826,0.2627512979880484,-0.05374074987586637,1.9682966881667696,0.6028368794326241
2447125.6923223776,0.19600020843528165,-0.05476354029044226,1.8067571659200676,0.5390070921985816
2050404.272993234,0.15443078540901944,-0.05519322828717752,1.374150955478174,0.5106382978723404
1547383.3620903452,0.09123826040565985,-0.16053415301078192,1.0250553164064646,0.5106382978723404
3882788.2510689753,0.3116825512963697,-0.11598047597838364,2.1877858202160456,0.5602836879432624
2691842.4981948594,0.2190174684483468,-0.09008785365951993,1.901687127729536,0.6099290780141844
1886794.4698726109,0.1353896185619412,-0.0927515763206253,1.3008553666958176,0.5531914893617021
3227264.3011749014,0.2640577241918358,-0.06285067939857815,2.288234724133416,0.624113475177305
2668729.753813019,0.21691689185008345,-0.06419056718673223,1.7935196170379042,0.524822695035461
3332284.9445008677,0.2721795971015677,-0.06401378483099499,1.9497485928256506,0.524822695035461
3157429.3078995757,0.2585391420717942,-0.05232857725569163,2.1141908189308025,0.6099290780141844
2336899.9697511597,0.1850263970838617,-0.08385608923450812,1.429384851121367,0.5319148936170213
2687264.188304087,0.21860252288382176,-0.11433553472457578,1.7164526702380152,0.5319148936170213
2715033.0714796684,0.2211106663676221,-0.047822569699105845,1.7514958412711106,0.5390070921985816
2489013.1999926977,0.2000668521181057,-0.060375272427655745,1.707026263241375,0.5673758865248227
3548380.3056159513,0.2882674446469726,-0.0584972051651273,2.410197086460146,0.624113475177305
1895758.4009205305,0.13646639384782389,-0.06114647197085972,1.2012921354908932,0.5106382978723404
1887990.7466427893,0.13553355537271727,-0.08838306373282277,1.3663249032174445,0.5035460992907801
2799320.7731535654,0.22860006339541528,-0.052910725090918764,1.7827626535397465,0.5886524822695035
2599770.290313771,0.21056188337434634,-0.06895534573553028,1.8945594291726502,0.624113475177305
1820959.5402791018,0.12735334887452843,-0.056832791028682286,1.1829121187912097,0.49645390070921985
1845587.2788854146,0.13038638401637836,-0.13261156870752394,1.174915872574103,0.5319148936170213
3680097.5871591633,0.2976927163609351,-0.043751802693672806,2.396544343376142,0.6099290780141844
3310865.788359452,0.270539920696635,-0.10306567820875671,1.9535496978970543,0.5815602836879432
2742537.111669102,0.22357473993457244,-0.12249971685050333,1.8792959980249748,0.5815602836879432
2493128.4928047163,0.20046342402458572,-0.09928125152786149,1.6409638922535974,0.5390070921985816
2794950.805913499,0.22821623473488883,-0.0651979378377078,1.8288950700326274,0.5460992907801419
3257056.769398112,0.26638298177132325,-0.06358546871968075,2.3478032787475915,0.6312056737588653
3440534.3938311036,0.2803396077210081,-0.06757036244333421,1.9635812072528405,0.5602836879432624
3400483.2028146884,0.27734474834945066,-0.060861303852674804,2.0641607967800493,0.5460992907801419
2373001.184415819,0.18866531698659883,-0.08720170345494396,1.6057484279637997,0.5319148936170213
1631481.997040924,0.10285002448380687,-0.08339943294657486,1.0749009390842206,0.475177304964539
2517330.68326652,0.20278513992732483,-0.1214500550373176,1.6050788163023648,0.5673758865248227
1842107.5353825316,0.12995980711074706,-0.09107428350949935,1.3589644698642742,0.5390070921985816
2348082.9187064753,0.18615839211733864,-0.07901165330981619,1.5363958856082283,0.5035460992907801
2738121.227679274,0.22318045922278418,-0.04375715543111057,1.980084630985611,0.5815602836879432
2432012.1452483064,0.194519236169586,-0.0763395849866504,1.962536929611947,0.5815602836879432
1648449.1908676922,0.10513443955446378,-0.10945866947905107,1.0579432934050963,0.5106382978723404
3312435.3063883972,0.2706603579126714,-0.028996566600000027,2.2312436941336644,0.5886524822695035
2842225.5916250856,0.2323433024237962,-0.059088348071876726,1.8292113012246196,0.5390070921985816
2569968.8576951427,0.20777371052553328,-0.08847319169592265,1.73634694986863,0.5602836879432624
2781178.29050691,0.22700339996468522,-0.08796921471524786,1.9474158882072385,0.6028368794326241
3965069.8867730703,0.3171952905577109,-0.04724161619091664,2.5839698783052434,0.6099290780141844
2985248.4060650594,0.24450342172430783,-0.0504047842046201,1.9738068226072547,0.5815602836879432
2614927.318352749,0.21197015238681916,-0.058036718825004927,1.8312799943204612,0.5390070921985816
2055583.0465014824,0.15501335390157456,-0.10112602353597566,1.4590798805898821,0.5106382978723404
1798125.6376696,0.12451177309708461,-0.07974815048827862,1.2265296350510442,0.475177304964539
2638076.865035881,0.2141084704773235,-0.0705341572021447,1.820503898153906,0.5602836879432624
2742970.6054655467,0.22361341788170042,-0.06724990100927454,2.0078387032112692,0.6028368794326241
3301107.536992814,0.26979009322794023,-0.07667154806497037,2.1137058739522385,0.624113475177305
3005712.9506612346,0.24620503191715004,-0.07242830906138138,1.8320842603394472,0.5602836879432624
2621160.895538134,0.2125474315973359,-0.06334541055242304,1.848179578832649,0.5460992907801419
2329648.2954155435,0.1842900273558028,-0.08989942782551957,1.6083131635214916,0.574468085106383
2393589.5942886737,0.1907207931631707,-0.06454718669115973,1.6133086244305184,0.5177304964539007
2488668.6992493,0.20003363037278543,-0.048298755716175985,1.964916797478305,0.5815602836879432
2449819.923036873,0.1962634464349129,-0.06755243238242813,1.5960554388111028,0.5035460992907801
3953872.301056315,0.3164504816564371,-0.08020406899399135,2.365056602451081,0.6170212765957447
1631303.1191736362,0.10282583983291116,-0.09046960239119392,1.0546684074288004,0.48226950354609927
4005469.2351189894,0.31986854853579283,-0.045376660519685516,2.4608861063189855,0.5886524822695035
2786806.0484435936,0.22749957065225557,-0.08639895450397717,1.8597220957846716,0.5886524822695035
2377194.292851019,0.18908509625034764,-0.055918437551143944,1.8415924271438127,0.5815602836879432
2300325.3031501947,0.1812936007320196,-0.08403923844705723,1.5917764505816783,0.5531914893617021
1979949.5738954374,0.14638587391544688,-0.0672310951956914,1.1821936098789232,0.46808510638297873
2709958.760815041,0.22065388133506159,-0.08031804338226378,1.9200083448249945,0.574468085106383
3470526.559165436,0.28256408512239495,-0.0674266129467539,2.2294352277723433,0.6099290780141844
2181993.238772931,0.1688820249367604,-0.100931102057767,1.6182768170782906,0.524822695035461
3188970.1170222564,0.2610435638708206,-0.07206213984176826,2.2110567392719513,0.5886524822695035
2423063.214475494,0.19363885911586842,-0.06406034302350684,1.7895482227444421,0.5460992907801419
3149941.972288912,0.257941690480302,-0.11203695151161051,1.9889227994704484,0.5886524822695035
2452329.1064881524,0.1965083963121077,-0.10884909232576875,1.8429649293235735,0.5673758865248227
2497348.7351191654,0.2008695659205031,-0.090620039828827,1.9474915541852598,0.6170212765957447
2729788.505280348,0.22243506833575566,-0.0949648799392203,1.8239079000037637,0.5673758865248227
2861179.1208552653,0.23398252482559267,-0.04990784658951289,2.336176032065257,0.6170212765957447
2389397.9967864743,0.19030346831714873,-0.07057481262397523,1.7103593171456517,0.5602836879432624
3461776.995253578,0.2819167360815509,-0.07257481295900693,2.122638593511065,0.5673758865248227
2829213.6758414786,0.23121287897946297,-0.041523151841982193,2.0637984016348714,0.5531914893617021
2696674.632190995,0.219454806867329,-0.0533773769529701,2.013187078495758,0.5815602836879432
2391453.7434022846,0.19050821617877856,-0.0896773844247016,1.6492089591828851,0.5319148936170213
3065145.6629927917,0.25109481324626937,-0.080273212055326,1.9439269448462764,0.5815602836879432
4039866.8390458566,0.3221277176220658,-0.07759099224947578,2.358319309946362,0.5886524822695035
2122743.3086920828,0.16246395685266868,-0.07082764071578379,1.4695191574092266,0.524822695035461
1570458.971616195,0.09447367219418612,-0.16517181404106168,0.9166544122103699,0.46808510638297873
2812756.714035094,0.22977719154880183,-0.09566885319509102,1.7779466097012735,0.5531914893617021
2137846.1150091873,0.16411339945261672,-0.0794915987915963,1.4386843466947166,0.5106382978723404
2881406.3249082277,0.2357223482281614,-0.06385090645136399,2.1064680343314808,0.574468085106383
2698009.6029060427,0.2195755195534026,-0.06328337798236626,1.7155691872083552,0.5106382978723404
3186014.0351074776,0.2608096870447205,-0.113037930502808,1.9097921410350147,0.5531914893617021
2408748.668321765,0.19222520072229599,-0.10159652947832114,1.745840956192155,0.5673758865248227
1807563.489282467,0.12568975122543646,-0.09356699777512771,1.1258382207922901,0.5177304964539007
1958433.7733179703,0.14388345378970646,-0.10938571250147176,1.252701172748217,0.48936170212765956
2409820.160122764,0.1923312501663339,-0.0659270436510387,1.6433426292501379,0.5390070921985816
2833887.3309220625,0.23161938527413772,-0.07951252811341848,1.732817771640463,0.5177304964539007
2180478.6655237065,0.16871971011757125,-0.12612599481522338,1.535750346948959,0.5602836879432624
2118799.0166245555,0.1620316380700204,-0.08855417599720572,1.4862239898753191,0.524822695035461
3243207.021457355,0.26530415541045627,-0.045831441208472656,2.1030893663795234,0.5886524822695035
1773872.4571241164,0.1214617823460522,-0.08218315705342238,1.271153148323428,0.5177304964539007
1814107.8055941553,0.12650368934795164,-0.06945473673454869,1.293811139832925,0.5390070921985816
2246628.6720785624,0.17572637127440083,-0.06693969508290068,1.5769448651884732,0.5390070921985816
3292346.261604811,0.269115361497936,-0.07284978988538464,2.06257241829794,0.5460992907801419
2889307.4369257633,0.23639930163808476,-0.09705174747905418,1.959689149453262,0.5815602836879432
2422574.0962487166,0.1935906657658073,-0.08605175324072865,1.791697713195608,0.5602836879432624
2564694.0671598786,0.2072775185124054,-0.07118223387837601,1.702492379017069,0.5531914893617021
5305981.145295332,0.3962177037801773,-0.04724599573408121,2.7059650303857756,0.6524822695035462
2258092.061116749,0.17692375513698977,-0.07834211651263201,1.6906660847325048,0.5673758865248227
2913370.0439659674,0.23845186095757964,-0.05626404024788697,2.1068778512304434,0.574468085106383
4299580.797394212,0.3387060402067392,-0.06740102117266267,2.2562387127982713,0.6099290780141844
2780070.966955801,0.22690567834771125,-0.07729854373626167,2.009151566477501,0.6170212765957447
3267435.9029569416,0.2671890614232617,-0.03924031759908428,2.5067525326411855,0.6453900709219859
4419831.193297283,0.3461118162412442,-0.06036316389019611,2.502898635748882,0.6099290780141844
2651393.3089237995,0.21533171471371904,-0.08332462044594473,1.788119024909145,0.5531914893617021
2628407.763307837,0.21321717066260493,-0.055577908565951996,1.7520099736246957,0.5177304964539007
2071711.1176409894,0.15682013556961216,-0.06898942431236607,1.4418370662547813,0.5390070921985816
4689294.521631214,0.36213923366550693,-0.03821763622286758,2.474751120467709,0.6099290780141844
4606127.844197008,0.35727296160938704,-0.051788598152814086,2.551448200479006,0.6170212765957447
2856577.8921041386,0.23358538144497043,-0.08159121926787366,1.8909986682497306,0.5602836879432624
3302820.717562748,0.2699218628384614,-0.08273628765287959,2.097299487232143,0.574468085106383
3003998.5449923677,0.24606283679590946,-0.07979194654928667,1.962529912217538,0.5602836879432624
4339367.916858999,0.3411745223183764,-0.05332231034873023,2.4972015671465186,0.6453900709219859
2602129.88017572,0.210781548404541,-0.07232830020806506,1.8303383120710957,0.574468085106383
3002115.1065562125,0.2459065470105617,-0.06724629561489438,2.0259524345393665,0.5602836879432624
3256546.977589168,0.26634333664754495,-0.0568452875847149,2.234759928884026,0.6028368794326241
3690088.8647213443,0.2983965863165283,-0.09835587504953984,2.1183716599636853,0.6028368794326241
2000602.7575525567,0.14876758531262735,-0.049428873357676636,1.4250390635162618,0.5319148936170213
2141260.747681387,0.16448503354192967,-0.06784474592683036,1.5362525227062238,0.5531914893617021
2837285.6227464564,0.23191462608305824,-0.07777950425573857,1.9811922712116112,0.6028368794326241
2109516.0930559523,0.16101162580668626,-0.07027937782187971,1.438189685756975,0.5390070921985816
2112378.473262102,0.16132652783165735,-0.10566755622664842,1.3744003250091577,0.49645390070921985
2715222.186564408,0.22112767713744863,-0.04205871312034375,1.957818605657903,0.5886524822695035
3501886.2663006387,0.2848736045743472,-0.06755757715555519,2.17692077295891,0.6170212765957447
2427097.7746793306,0.19403609213525108,-0.052501703117560035,1.6141527951500394,0.524822695035461
2578233.124208577,0.2085494825479628,-0.061745143702250926,1.7972233599241294,0.5673758865248227
2251140.188875186,0.1761981941237043,-0.13685052461414218,1.480184433185996,0.5106382978723404
1897953.7755113654,0.13672948797735462,-0.06860550414003694,1.3337115278152971,0.49645390070921985
4933933.143318197,0.37606405986683233,-0.0693992567101349,2.6749677846902187,0.6879432624113475
2385497.923758703,0.18991464198089147,-0.0681571088898402,1.7009282624569555,0.5673758865248227
2790607.8968691286,0.22783430674017824,-0.04795433364039872,2.045333172431997,0.5886524822695035
3032600.192930219,0.24842665210918935,-0.06188912078366464,2.1563448683443545,0.5957446808510638
3311196.93524332,0.27056533510670144,-0.10306410361351531,2.0354649298912464,0.574468085106383
3068604.390909749,0.2513770344012063,-0.06329631113740065,2.1081149612409957,0.5886524822695035
2914694.959238412,0.2385644827912894,-0.06726593815728854,1.9996212519499372,0.5886524822695035
2906827.362513955,0.23789511159578902,-0.08758388935685575,2.079315384148897,0.574468085106383
2904173.628877789,0.2376690063785809,-0.11006645021973864,1.8493425760901965,0.5531914893617021
2227682.671854711,0.17373664910757447,-0.0715061476449031,1.7781469550849025,0.574468085106383
2453964.491193126,0.196667936870895,-0.07322094198435668,1.6046778397687016,0.5886524822695035
3809241.176779636,0.3066753370642008,-0.05221176713924064,2.177026302463818,0.5602836879432624
2669227.5129277427,0.2169622832043545,-0.08322205651390492,1.8078302663678316,0.5390070921985816
2450785.8796952665,0.19635776817859263,-0.07089900840688047,1.5353664372891414,0.5106382978723404
1662013.8714108341,0.1069472580160391,-0.10557866125617911,1.0397446659355025,0.5177304964539007
2317131.8336810563,0.18301472070202984,-0.08220002748644192,1.406942811880374,0.475177304964539
3621703.3067054166,0.29354807477007494,-0.050309914272957376,2.365411836825698,0.624113475177305
1758181.3726942888,0.11947070946360006,-0.09905366103800149,1.1563027786256808,0.48226950354609927
3335728.3410275136,0.272442408315271,-0.05365537920612805,2.1708602699089203,0.5602836879432624
2798200.0731104254,0.22850167433588608,-0.05325864048061608,2.039336380959004,0.574468085106383
3883527.2690943303,0.31173247847214736,-0.08061824982681436,2.0849479481852806,0.5602836879432624
2649042.27641558,0.21511610744495147,-0.0755489889694485,1.786650170940093,0.5602836879432624
4616599.712629408,0.35788954354963143,-0.07594581074999728,2.247739497795798,0.5886524822695035
4120829.509116216,0.3273850725713612,-0.0959602088042373,2.2364084819232177,0.624113475177305
3656549.8658377677,0.29602774858310377,-0.06386013282667008,2.264618088687105,0.6170212765957447
3369164.311445918,0.2749831297606826,-0.05967196447487077,2.0716917592163835,0.5673758865248227
2614624.6861936864,0.21194209821323318,-0.06194089741541781,1.6966472840012559,0.524822695035461
1643933.7853127238,0.10452834180245918,-0.107442579124519,1.0842060712345447,0.49645390070921985
3358840.392625864,0.27420080011210146,-0.09226725369685018,2.0460702150268695,0.6028368794326241
3430475.815081814,0.27959010302043374,-0.06140159581198977,2.2087464811321347,0.5886524822695035
2597781.4384639086,0.21037660813422954,-0.059072177419744916,1.80153600946808,0.574468085106383
1895913.7224027195,0.13648501561524307,-0.11262669036045726,1.3467147839590572,0.524822695035461
1880818.0288781016,0.13466943383438568,-0.08789904854622563,1.2203710262295044,0.5177304964539007
2440334.2889706288,0.19533562862017262,-0.06559679488673478,1.5251703452621206,0.5177304964539007
2943071.69942072,0.24096681623779226,-0.07012032794396228,2.0637868167087734,0.5886524822695035
2186855.4159229845,0.16940248966062454,-0.0566486120792004,1.8042809385520224,0.5886524822695035
3132740.5908892304,0.2565647917319904,-0.083111874705971,1.9843186019056427,0.5673758865248227
2791201.5096686934,0.22788653881136445,-0.04618335940721931,2.197173535033951,0.6170212765957447
3168812.9065846307,0.2594453278746416,-0.0625802251619709,2.2102514786825838,0.6028368794326241
1680899.2807832267,0.10945154240942467,-0.1348913215462161,1.1001236188947743,0.5035460992907801
2718750.3830621396,0.22144486228813554,-0.08965080792260027,1.7913441509969557,0.5602836879432624
2836349.480281737,0.23183332303639603,-0.08961265542361468,1.8994618762798057,0.5390070921985816
2252721.450498592,0.17636338638707993,-0.07781194841710404,1.499438997838022,0.5319148936170213
2540498.2846267177,0.20499093894677922,-0.06022768283895317,1.840474395553243,0.5815602836879432
1884017.4490582077,0.13505520391810255,-0.10929710960944311,1.3273235044979121,0.5460992907801419
3770424.617578541,0.3040013843930378,-0.11682494914555626,2.069387987528044,0.5602836879432624
3202521.374663707,0.2621134862977166,-0.0638118460150733,2.3623272103478774,0.6170212765957447
1941533.228445663,0.14190234689180636,-0.13450000949530685,1.4623527710168998,0.5319148936170213
3127642.452002045,0.25615554520847583,-0.064388587574467,1.8828130038926987,0.5815602836879432
2505675.845354673,0.201669331088713,-0.08272319142278917,1.5769110170596252,0.5531914893617021
2541760.204645663,0.2051106241409335,-0.05457725161216275,1.8203277131413969,0.5531914893617021
2644916.3627183167,0.21473735995803223,-0.053197420718993006,1.805074831300255,0.5673758865248227
1816551.5007658037,0.12680701746706635,-0.09806768682126893,1.3922244967417812,0.49645390070921985
3340625.7295807647,0.27281581932743815,-0.044534429831108543,2.277115943706023,0.6170212765957447
1985327.867119349,0.14700800198528885,-0.0969674507976338,1.486835547504005,0.5390070921985816
2427253.2699335576,0.19405139124596849,-0.05274551982666126,1.7349100889174143,0.5177304964539007
4233783.318237369,0.33458342099636895,-0.0729277945209174,2.312226096547581,0.5815602836879432
2206696.265748893,0.17151677596348303,-0.06803419198940512,1.6686535215836789,0.5460992907801419
2445322.507617529,0.1958238999426769,-0.06571595635622164,1.7388582435628102,0.5460992907801419
4490159.202164186,0.35036865322612964,-0.04229230999643216,2.40545525347542,0.6028368794326241
3418777.1123169763,0.2787161714269111,-0.08328600342044346,1.9942391065275191,0.5815602836879432
1854574.47950642,0.13148514309209824,-0.13562351764268749,1.2187960292624318,0.46808510638297873
1702339.7740949704,0.11226750449699496,-0.052446543602080085,1.178401056143405,0.524822695035461
2198383.913610473,0.17063285131949812,-0.0901778783004172,1.5504230967528114,0.5106382978723404
2001640.053161263,0.14888668586947862,-0.1010797886723174,1.3623458788130152,0.5106382978723404
2646547.3462696495,0.2148871361986926,-0.05958958465252087,1.7706066239610456,0.5531914893617021
4065219.231525126,0.3237829838588244,-0.055375961312221174,2.4457021806659704,0.6170212765957447
2306507.951043844,0.18192791824088084,-0.07909645449526181,1.3828444017237194,0.46099290780141844
4081588.932739458,0.32484738461312834,-0.06395777512501089,2.4836359853485193,0.5957446808510638
2909328.6167722107,0.238108074036965,-0.0606027087811336,1.8156479729838066,0.5319148936170213
2565322.979987495,0.20733672228748556,-0.047892606695724926,1.653059440105739,0.5673758865248227
5114271.449818919,0.38597933527308026,-0.053695009157201185,2.419690927979954,0.6099290780141844
2663218.9169218154,0.21641389774808517,-0.10302938317173345,1.7097091189887201,0.5815602836879432
3048165.4621930313,0.2497055759987299,-0.05049892082908663,2.0177355805366415,0.6170212765957447
4021604.513824457,0.32093020762506974,-0.08541337457935581,2.2028839525933606,0.5886524822695035
2164899.663548554,0.16704487179725458,-0.06365287650056288,1.5793165586329871,0.5177304964539007
2179750.8044080855,0.16864167411090536,-0.08752727288809961,1.4563751601409671,0.49645390070921985
2929565.8772355462,0.2398257548454199,-0.07266966066315321,1.8848306247850228,0.624113475177305
2565792.5047575575,0.20738091422779403,-0.10339149657043543,1.6825042417009335,0.5673758865248227
3085141.0295781773,0.25272286488604245,-0.05850538123022474,1.9672576256310657,0.574468085106383
2452331.7018197975,0.19650864956806613,-0.09164277139030427,1.6943625287690212,0.524822695035461
3198838.50845753,0.26182306920506515,-0.04658754192247603,2.0644495957214946,0.5531914893617021
2431622.530436556,0.19448096068526421,-0.06204459924415656,1.713725199343425,0.5531914893617021
3192418.2941036746,0.2613161548251832,-0.07138565023325032,1.9860387360477092,0.5390070921985816
2435424.754084943,0.19485427897026475,-0.06735962170296153,1.6304325599742955,0.48226950354609927
2431344.382489123,0.19445363262540805,-0.0975004835161627,1.520415387070047,0.5177304964539007
3073963.287804726,0.25181380109437645,-0.07589717323289409,2.1892764368592403,0.6028368794326241
2522611.3538492853,0.20328933982069963,-0.08153709295199164,1.7148852479834753,0.5319148936170213
1902450.3737300308,0.1372676021064676,-0.0741028700872038,1.3471464150171655,0.5319148936170213
3292858.36863816,0.2691548398770651,-0.09943142318449892,1.932970233060922,0.574468085106383
3323973.34616862,0.2715443326272089,-0.052852545134161454,2.326632872721453,0.6524822695035462
2572538.236880769,0.20801511332391764,-0.0840262956943142,1.6046383216269804,0.5177304964539007
1855394.6619330805,0.13158520487094116,-0.1502371698273541,1.4406763205645299,0.5390070921985816
2837397.3023192836,0.2319243239105886,-0.07525263415380114,1.8968520793228223,0.5531914893617021
4540376.819013467,0.35337571597536477,-0.04171282987999524,2.7701901612096536,0.6524822695035462
2108139.328866587,0.16086004064612247,-0.059433936565496705,1.5232964900914348,0.5460992907801419
2545806.317054766,0.20549405222691508,-0.06194751983923266,1.8914156677661615,0.5815602836879432
1977416.4842867125,0.146092393173328,-0.08002877732199332,1.3299174120088277,0.5177304964539007
2902353.0306262653,0.23751379091574143,-0.08890767228513727,1.7659935362692785,0.524822695035461
7252336.157954291,0.48626272251233704,-0.03742621097045119,2.9447717346858306,0.6737588652482269
2370673.7777944077,0.18843206017007663,-0.10985949663171754,1.7428413145365018,0.5460992907801419
4022389.7082509454,0.32098178435475,-0.0512842158162819,2.4104960436520684,0.6170212765957447
3530522.8549867924,0.2869681688854313,-0.061536094881319475,2.245897487322335,0.5815602836879432
2929829.3371066884,0.23984805388887587,-0.05894845816832531,1.7913476828134074,0.5177304964539007
2534063.8086911384,0.20437992871342447,-0.06843898048881282,1.8273222892301535,0.574468085106383
2705922.439819761,0.2202900463612194,-0.07592647331754203,1.784289815420505,0.5673758865248227
2691891.4760163845,0.21902190439773994,-0.04902358623146483,1.8471624345893092,0.5957446808510638
2755075.4539890965,0.22469148836999864,-0.09424594572473953,1.9074762808225474,0.5602836879432624
2048716.5255099982,0.15424067368274397,-0.08539786491487326,1.4970451468901036,0.5177304964539007
2909804.4592016046,0.23814857175252735,-0.05738552835746589,2.0533690361689274,0.6170212765957447
3198098.6547726765,0.2617646948403769,-0.047706382058349796,2.205008129993196,0.5886524822695035
2108860.4807985583,0.16093945114080555,-0.0922097004153817,1.5082928167867662,0.5106382978723404
2793801.2828559014,0.22811518857640567,-0.061668487354491305,1.717220358192245,0.5531914893617021
2717680.4755737456,0.22134871232363018,-0.098503355940992,1.7080539634014544,0.5106382978723404
2606235.9932231754,0.21116342564119361,-0.048573448919192234,2.0581633730102187,0.5673758865248227
3340026.776334741,0.2727701744747357,-0.09780229104130408,2.0490594897293404,0.5460992907801419
2637568.7453737617,0.2140616970167899,-0.07610399983471577,1.904199547987641,0.5815602836879432
2925526.5543458867,0.2394836686035049,-0.09413943527321918,2.0341112062850173,0.6028368794326241
3183356.7675237046,0.2605993033520011,-0.13517687467372622,1.748526803126519,0.524822695035461
1826038.898628202,0.12798157296444423,-0.06576262261338844,1.4678843381574094,0.5531914893617021
2181431.262903778,0.16882180924376478,-0.05962680835687749,1.6076849422942265,0.5602836879432624
1978086.9951032822,0.14617010701294064,-0.11171527168261483,1.294581579461506,0.5035460992907801
2940256.398664401,0.24072930708078433,-0.07210611208920832,2.003084792632198,0.5460992907801419
2269709.918786582,0.17813232229950482,-0.10202129789208345,1.5670360293567667,0.5531914893617021
1846926.5400142889,0.1305503907073864,-0.11793730627967372,1.15622095456302,0.524822695035461
2822732.3871307266,0.23064825789743493,-0.08750007684295265,1.74640225609269,0.5460992907801419
2946049.0272061233,0.24121779692454592,-0.06179248183995071,1.7687220258832572,0.5390070921985816
2274234.046464376,0.17860161367689353,-0.06204249974745155,1.5037149257810514,0.524822695035461
2280547.314274125,0.17925524728926479,-0.11205593681950642,1.6589012201608115,0.5531914893617021
3251605.9075508,0.2659588255621266,-0.07291545168896411,2.3542539530710576,0.6312056737588653
2616820.0701587796,0.21214555265866708,-0.11140119275147323,1.769670649368928,0.5531914893617021
2402038.488681306,0.1915602102428502,-0.0908997555180358,1.5819786298340037,0.5460992907801419
2461310.40869186,0.1973835231785257,-0.10434787711339737,1.7195950696554025,0.5460992907801419
2291005.5962151256,0.1803348497924564,-0.0569442767913861,1.7921737595177758,0.5531914893617021
4264451.401183954,0.3365112965716295,-0.1075536684787148,2.4954351209364276,0.6524822695035462
2832180.804448956,0.23147101681126703,-0.042277971055912765,1.7122600489758464,0.524822695035461
3849418.468227867,0.3094201661076543,-0.052053050564879445,2.159461931206174,0.6099290780141844
2302846.0847677262,0.18155238837228027,-0.07046267895371043,1.4462236400406185,0.524822695035461
3759063.3224403383,0.3032145746705879,-0.06826998123950857,2.003053229389327,0.5673758865248227
3813350.0105357463,0.3069571042988781,-0.04083264349135595,2.559337734714828,0.6099290780141844
3392437.8115020655,0.2767397473964186,-0.08767119357891638,2.0530491067037926,0.5531914893617021
2206760.384617536,0.1715235839196485,-0.11812851918119387,1.2668579208272108,0.49645390070921985
3917871.9703162233,0.3140444248231604,-0.06580069606177616,2.2561653537371003,0.6170212765957447
3626582.8817345644,0.29389645040528434,-0.06763521124880613,2.1760462206904108,0.5886524822695035
1949809.6553529336,0.14287423831051083,-0.10499350512035488,1.4693651782946044,0.5531914893617021
3585182.2390399673,0.29092867349746143,-0.0726019286668811,2.049014937416927,0.5602836879432624
2607765.2888937537,0.21130553037757882,-0.050898491539976505,1.7012037216773128,0.5319148936170213
2715188.240044187,0.22112462374145792,-0.06851413411966492,1.9232346731832397,0.5815602836879432
2801487.996565106,0.22879024000279324,-0.08306264925936475,1.8469386913380441,0.5319148936170213
2355853.291522322,0.18694241185119242,-0.12725472857874617,1.51080304191442,0.48936170212765956
2072302.1928128023,0.15688613798030016,-0.11618258684500608,1.5945148089473646,0.5460992907801419
1746148.2212151308,0.1179341454845324,-0.13626350547872446,1.1791436255803416,0.5177304964539007
2027502.5592563164,0.15184033416824683,-0.05713038930676006,1.457649462230629,0.5531914893617021
2142348.0061230697,0.16460326660724967,-0.06776346930681035,1.5901333926635686,0.5177304964539007
2192093.800428317,0.169962190022364,-0.08379509498096267,1.458918601459638,0.5531914893617021
2299586.330322582,0.18121769354923312,-0.06270991895603452,1.5499606181197645,0.5390070921985816
1700781.0565058747,0.11206374420480048,-0.09269117484313397,1.09702616291822,0.45390070921985815
3412383.209826411,0.2782375143217657,-0.09970331628999851,2.0420919590196975,0.5957446808510638
2826990.1811310644,0.23101929470905214,-0.08288728872862022,1.7428499581610781,0.5460992907801419
2252912.5604265844,0.17638334509911058,-0.13025348612810886,1.417075367671443,0.5106382978723404
2441942.1236545607,0.19549309850345398,-0.07605177950569564,1.6080846537507274,0.5531914893617021
2480312.6130923806,0.1992266865425103,-0.07612526071152435,1.581656159008361,0.5035460992907801
2598942.2089062454,0.21048475567301161,-0.09364445815033838,1.8259029882989901,0.5390070921985816
3140155.8354332517,0.25715909090016087,-0.07195937455278925,1.9627732763408614,0.6028368794326241
2985073.731930189,0.24448885759985495,-0.12148128744506882,1.7388771254282027,0.5106382978723404
2826932.7281370685,0.23101429106103288,-0.04702507202132429,1.8527701911217747,0.5319148936170213
2912104.6634966414,0.2383442615036444,-0.03911211509157784,1.9344266105091028,0.574468085106383
2657820.2610451654,0.21592033476594352,-0.06216432909582188,1.8850870992507147,0.5602836879432624
3778756.48719225,0.3045771910861954,-0.07236462034096748,2.0250192433384506,0.5673758865248227
2682370.963469964,0.2181584099434506,-0.05133253707570376,1.7302093692918523,0.5319148936170213
2489527.9738327954,0.20011648720419273,-0.04390507023635612,1.923576643706294,0.624113475177305
3782152.9050956946,0.30481162255458494,-0.08104057968333599,2.241372669000195,0.5815602836879432
3214362.470257972,0.2630454240217459,-0.04809478780275465,2.13503415299573,0.6099290780141844
2764826.2044015597,0.22555714824002737,-0.08926560630001856,1.8036859630735724,0.5673758865248227
2665932.1346952775,0.21666164694099255,-0.06197703028867706,1.6724278931533811,0.5177304964539007
2292576.6053462885,0.18049668339212155,-0.10756717984710588,1.7178146117219988,0.5390070921985816
3860543.3697277647,0.3101761431394163,-0.049816479964439254,2.3886360497304624,0.6382978723404256
2815182.3509531366,0.22998922300510127,-0.062022092499383744,2.14098705204836,0.6666666666666666
5824211.882176143,0.4224841409229738,-0.061094233178355495,2.9656162090166944,0.6595744680851063
3361945.54063641,0.27443630518714146,-0.05481708263586749,2.0668292294962165,0.5602836879432624
4059025.9441675902,0.32337938598769256,-0.07139328067436974,2.472150527748898,0.6312056737588653
3156090.182961173,0.25843236994970287,-0.05069387527292235,2.206511826966762,0.6170212765957447
2569716.74864596,0.2077500135356214,-0.0770650722576041,1.7837727029808268,0.5531914893617021
3060190.7742593894,0.25069006590108445,-0.05432365247412473,1.9432584789180227,0.574468085106383
1986553.5231943508,0.14714958971153935,-0.0915836956970022,1.3207438601755483,0.5177304964539007
2976090.504016128,0.24373892578657497,-0.050912359549451475,1.8666865953095055,0.5886524822695035
2728155.6953787715,0.22228879459979978,-0.066680114406786,1.8623530935372876,0.5460992907801419
2271621.58148135,0.17833071181276017,-0.05345811550930196,1.725529599723049,0.574468085106383
3071999.238103348,0.251653795727409,-0.05409238958864265,2.021229193801993,0.5957446808510638
2022276.6243804954,0.15124594199226515,-0.04713311509443099,1.4992427186895143,0.5815602836879432
1415834.4072637898,0.07201902413105987,-0.1565913425350862,0.8606505307380571,0.5035460992907801
3589228.0518159,0.2912198999628417,-0.04742177354382292,2.280281344630969,0.6028368794326241
3711430.050075109,0.2998949481906348,-0.057672129936958694,2.162908233218218,0.5886524822695035
3405658.1879448094,0.27773329429829285,-0.05012768810890822,2.0213456640843486,0.574468085106383
2222265.2159914407,0.17316521575065447,-0.06613385355067115,1.3771342897823593,0.5319148936170213
3282280.9273993056,0.26833842498691673,-0.07564075636501721,2.0869737948601426,0.5815602836879432
1801613.555610013,0.12494768980953364,-0.06057384187626196,1.2578282819462212,0.49645390070921985
3160047.1254114476,0.2587477632886648,-0.05433050141734122,2.074776733037483,0.5815602836879432
3042712.7215025774,0.24925814611242614,-0.0730240291863477,1.8028986942150984,0.5460992907801419
3065174.1887567067,0.2510971418992176,-0.07441466346084688,2.005867587530985,0.5531914893617021
2668836.8910712367,0.21692666241943526,-0.08527479297087816,1.841509850775827,0.6028368794326241
2533325.846693956,0.20430977340285583,-0.1492051143527359,1.619816965943677,0.49645390070921985
3340978.3014890607,0.27284268496249675,-0.08283214317123679,1.89651904530008,0.524822695035461
2588094.6096246247,0.20947258763967302,-0.07372991609542226,1.7613120588058708,0.5531914893617021
1682345.094445629,0.10964233416147606,-0.13539510384653322,1.033738667472618,0.475177304964539
4042385.404139858,0.32229252675021236,-0.0318939333436504,2.5919755807661846,0.5957446808510638
2830311.2944991076,0.2313083961595479,-0.08760749461320573,1.7453399913677718,0.5460992907801419
2195356.78119454,0.17031028581448182,-0.1081519617202234,1.6115512644210146,0.5602836879432624
3561315.076042701,0.28920529223832125,-0.05935226761923035,2.173776011587963,0.5673758865248227
3132844.4454856995,0.2565731229866941,-0.04898171815498196,2.0153941386368373,0.6170212765957447
1963671.9858705266,0.1444947079878387,-0.07503953034872156,1.2572998571544411,0.5106382978723404
2700399.3203176386,0.21979148682290206,-0.0452414540407822,1.8524628511107164,0.6028368794326241
1826943.4349372312,0.12809330094410765,-0.08789151942129912,1.208883223266103,0.5106382978723404
3048513.1142129083,0.2497340811998947,-0.08771023447713365,1.9242700598098466,0.5531914893617021
2514591.160885832,0.2025232361475049,-0.06514612522538127,1.8879803945913867,0.5815602836879432
2657386.252585195,0.2158806214570621,-0.04503434422090971,1.768171268111992,0.5815602836879432
1803938.8978447798,0.12523793394997984,-0.1615580294874378,1.0584872294595222,0.46099290780141844
3826272.4250199627,0.30784169107128734,-0.09860238947656501,2.437356413624391,0.624113475177305
1745833.9090025162,0.11789389624874369,-0.06004950234299937,1.2242665683425902,0.524822695035461
2337210.017113286,0.18505784000535175,-0.05399491811933575,1.6119060795629265,0.5602836879432624
3897127.087849533,0.31264991184237045,-0.05551761716296698,2.1486312846434372,0.574468085106383
4251072.385714546,0.33567162526583205,-0.06749524438937018,2.232492298460904,0.5390070921985816
2505395.4893337847,0.20164243931725023,-0.06855094323957042,2.028414511015659,0.5460992907801419
1778174.5565430035,0.12200522237321065,-0.15781857501091678,1.225483734563134,0.5106382978723404
3389900.5503668846,0.2765487112222429,-0.06209561547740373,2.393661580618464,0.6028368794326241
3086977.3795297095,0.2528719595326365,-0.05448353112609015,1.858991285319912,0.5602836879432624
2594357.951435779,0.21005742080002876,-0.09450233387904194,1.7839028301230044,0.5602836879432624
3402364.173987964,0.2774860292836454,-0.03917024788175113,2.0643244423502085,0.5673758865248227
3607889.0609250977,0.2925597708846679,-0.05006431424983795,2.220219271183847,0.5957446808510638
3020192.847991287,0.24740343303646983,-0.056371459847430444,2.1894081905779914,0.5957446808510638
1495127.5132689998,0.0837663107333888,-0.12885570549930425,0.8103031913262202,0.45390070921985815
3256927.839958091,0.26637295574810205,-0.055194412387219505,2.216423996370821,0.6028368794326241
2328535.956684657,0.18417691299981898,-0.08804838681555295,1.7849203775411455,0.5886524822695035
2491972.389568125,0.20035206858064503,-0.11739015003873664,1.6578062749981135,0.5460992907801419
2725115.095341299,0.2220162185646375,-0.06255005522166872,1.7008282715170526,0.524822695035461
3435950.031672222,0.2799982263748535,-0.052591153836579065,2.2555172665466627,0.5886524822695035
3091830.8464978235,0.25326567489595253,-0.10630167168491625,1.9269546760676801,0.5390070921985816
3557410.4990588822,0.288922474781647,-0.05193414784187253,2.172371854012992,0.6028368794326241
3154908.9529844276,0.25833815713932284,-0.06648755044573619,1.9727983366831443,0.5390070921985816
2624696.1121575385,0.21287433309560888,-0.05219552214455064,1.7441497080452368,0.6028368794326241
3213830.705789286,0.26300363115398806,-0.07520373830323061,1.8249857544514274,0.574468085106383
2917539.1928745466,0.23880611305270705,-0.03942963554848076,2.0513276119666854,0.6099290780141844
2091244.614226209,0.1589934113685707,-0.05279672739904917,1.491057669083868,0.5319148936170213
3748410.6982806684,0.3024751128829015,-0.07651858475237848,2.0095276379849047,0.574468085106383
2283402.481802295,0.17955037700664178,-0.07411899658593665,1.6539194169551423,0.5531914893617021
2465613.4990084963,0.19780190600463654,-0.0876056595226191,1.7529012529449157,0.5886524822695035
1435153.9102565586,0.07492879222919901,-0.11045233847706805,0.8278848870613127,0.475177304964539
1694977.5689160968,0.11130377865306484,-0.05985893151111133,1.3236845490393905,0.5390070921985816
2110809.3305519265,0.16115394239953007,-0.058665279514018016,1.6333639323485956,0.5531914893617021
2494564.2589594,0.20060165900594473,-0.049767408208293985,1.7544914866325079,0.5390070921985816
2544811.0487090945,0.20539978128984715,-0.06914561574041424,1.8693017810963235,0.5886524822695035
2570532.403395174,0.20782667427929757,-0.10610119732916165,1.659745967448131,0.5602836879432624
3393275.879907623,0.27680282236414433,-0.06669868042137052,2.051944748474736,0.5531914893617021
3525032.1433163714,0.2865676179515677,-0.07842502994322868,2.000317546355931,0.574468085106383
2788547.6203493485,0.2276529537396197,-0.0747007560370022,1.8676740641662122,0.5673758865248227
2193602.9081056025,0.17012323358040082,-0.12056830787974043,1.583763372479828,0.5390070921985816
3922814.0809501135,0.3143757719775162,-0.0406051835840828,2.548426104726975,0.6382978723404256
1711300.5578817874,0.1134359985327591,-0.07960394443207991,1.0686245455333823,0.49645390070921985
2920881.0966719068,0.23908978192745156,-0.047841602827219436,1.9181404306622118,0.5815602836879432
2784960.2222473538,0.22733692198953004,-0.08307859168621726,2.1144006349778555,0.5815602836879432
3199358.2295616716,0.26186406867795675,-0.07420868408187521,2.0415126747169556,0.5815602836879432
1615170.9187942029,0.10063595827412408,-0.06496544166865761,1.132760772203638,0.5177304964539007
2485462.7887970577,0.1997242935547967,-0.08941551526245302,1.6596713860459111,0.524822695035461
2903333.1254504747,0.2375973587691893,-0.07717132270017596,1.7009331899335898,0.49645390070921985
2432660.4185557063,0.19458291121201854,-0.12232482461607747,1.5648537356676417,0.5035460992907801
2323839.849279178,0.18369888615224794,-0.07037439648946003,1.502613685405137,0.5177304964539007
2763008.78647965,0.22539598545885298,-0.05994649916277509,1.8869101253328353,0.5460992907801419
2483727.400987307,0.1995567136065366,-0.06410864161285418,1.7790419967644355,0.5319148936170213
1747062.1481967256,0.1180511454425357,-0.0960525727133455,1.0680793731094287,0.48226950354609927
3000702.718172859,0.24578929399953275,-0.0729033002901919,1.8173489890695307,0.5390070921985816
2507486.163226225,0.20184291899011853,-0.04897203843312401,1.726804322465321,0.5106382978723404
1232954.3864559452,0.04277209799826309,-0.13985606456617491,0.5369444190714735,0.45390070921985815
2949445.3597611864,0.24150385094138804,-0.1009087033418493,1.7114939782009484,0.5319148936170213
2316801.0917060864,0.1829809466231358,-0.1285360303673336,1.4274182790891314,0.5177304964539007
2352474.2548491135,0.1866017263771489,-0.0666103094911729,1.7472077276447702,0.5602836879432624
2643193.6146021294,0.21457907654582287,-0.06201711591502226,1.9194659586602123,0.5886524822695035
2666713.456924739,0.21673295358512767,-0.12769466117198178,1.6504352291286795,0.49645390070921985
2873481.1593046617,0.2350418404927841,-0.06029088526461584,1.8630377031076255,0.6099290780141844
2071410.0651281604,0.15678651274924915,-0.1038458631704799,1.3353929391917023,0.524822695035461
2543907.067993079,0.20531413147152366,-0.06233006369479375,1.6833072362340276,0.5531914893617021
2838312.9875233234,0.23200382700201438,-0.11497114979800337,1.854865371505548,0.5390070921985816
2201399.369895541,0.1709538195513438,-0.082726071936824,1.5284435629996953,0.5177304964539007
2573610.0299067367,0.20811575528433135,-0.06525787113900222,1.6672506064419514,0.5390070921985816
3131043.190498446,0.25642859430868814,-0.07681625719684115,1.9068646475104236,0.5460992907801419
3499712.6757793063,0.2847140629720257,-0.05767633592725375,2.188923852808596,0.5886524822695035
4206441.160788761,0.33285517854779667,-0.06809315291605796,2.389168307894834,0.5815602836879432
2470314.7196260816,0.19825833124257874,-0.044303260584939046,1.619630207928352,0.5177304964539007
2412659.645982868,0.19261210209104696,-0.05896453570058603,1.694086984749732,0.5602836879432624
4000421.3764540353,0.31953571007974735,-0.06093002845812264,2.3050771539676123,0.624113475177305
3153603.330856569,0.2582339901922168,-0.04150332632759106,1.9150585912736506,0.5390070921985816
1860992.3897968673,0.13226718113468028,-0.09605099216143898,1.1378522105365774,0.46099290780141844
2622220.7030811734,0.2126454690075319,-0.08099072576263222,1.8160104672605015,0.5815602836879432
2561149.3887590356,0.20694361682787443,-0.07205229202913942,1.518540810316535,0.48226950354609927
2808905.7924031774,0.22944027146023083,-0.09819343067800414,1.672506434409008,0.48936170212765956
4405283.572703735,0.3452245173232471,-0.0478648559596251,2.3905895288016556,0.6099290780141844
2841120.828275653,0.23224748600135214,-0.05117571380572633,2.1348956004547537,0.5886524822695035
2698103.18670967,0.2195839799334034,-0.06488407386283775,1.7218271034407786,0.5319148936170213
4133714.8789857994,0.32821415297409806,-0.07005186906879322,2.333472061638282,0.5886524822695035
3104417.91005164,0.2542844440135297,-0.0659749800644266,1.8005229787736594,0.5602836879432624
2120980.329738645,0.16227080296097296,-0.09668449125949587,1.563358828499984,0.5673758865248227
2461117.924176346,0.19736479453734423,-0.09799747978534838,1.74614948999294,0.5390070921985816
1453385.142835823,0.07764605463988761,-0.12251446851911577,0.6994369337326823,0.4326241134751773
2966641.8565685363,0.2429481835020748,-0.0659028764280687,1.8607472484931893,0.574468085106383
2722049.011673422,0.22174111155296727,-0.055096682904664525,2.026022367503241,0.5815602836879432
1567625.4005469505,0.09407843619537837,-0.10743457496244717,1.0159801800872406,0.5177304964539007
2430494.2765732943,0.19437009413948658,-0.06285965833567005,1.6336659498074775,0.5460992907801419
2447445.2471768837,0.1960314424427836,-0.1208491077284062,1.4491540128783484,0.5177304964539007
3003238.3928277045,0.2459997679736603,-0.05046345821429863,2.05051572543148,0.5886524822695035
2263551.8567614383,0.17749233758000238,-0.09556935065291988,1.6170920801986592,0.524822695035461
1961362.5075264878,0.1442253727727434,-0.06361898964484192,1.3355047808400735,0.5177304964539007
2607590.231524974,0.21128926713073537,-0.08433537164685226,1.9107798008703183,0.5815602836879432
3807157.288336163,0.30653233946676917,-0.05561667306144987,2.186706605697796,0.6099290780141844
3378544.1977735637,0.27569226116394074,-0.06535248083571227,2.1528682148466936,0.624113475177305
2621498.3002467942,0.21257864663262316,-0.0561755091583006,2.072233333167429,0.6028368794326241
1769118.3546735125,0.12086001766345533,-0.09367574382564389,1.1480144582314677,0.45390070921985815
3646772.4424266596,0.29533390395869086,-0.06483991085839677,2.4447160377866153,0.6028368794326241
5353933.045730709,0.39873224615187675,-0.052669203537962894,2.5537684567849133,0.6099290780141844
3822562.496129778,0.30758797769091295,-0.06008801339605133,2.3376113337121125,0.6099290780141844
3600785.3611908406,0.29205037625687047,-0.05831103080348432,2.1347544830910983,0.5602836879432624
1675166.8821547055,0.10869379184518357,-0.07336131758392904,1.2175936328844503,0.5106382978723404
2289448.2471362283,0.1801743357007326,-0.08574608208387884,1.7244308645791424,0.5815602836879432
2542531.799453398,0.20518378164883533,-0.07500475205453816,1.7202368021544905,0.5602836879432624
1702658.811459284,0.11230919162666653,-0.10469784278613813,1.2731694608154225,0.5035460992907801
2402090.650764628,0.19156538532421363,-0.09540123749805957,1.7790150558790545,0.5602836879432624
2995631.7662891676,0.24536795187953264,-0.051993540201809546,1.9466920095659221,0.574468085106383
2116856.5551248686,0.16181849563466,-0.08100894822207932,1.500772435873196,0.5177304964539007
2497585.5888442495,0.20089234364763864,-0.06337247559691804,1.7245300794972422,0.5460992907801419
4144271.0683027483,0.32889182816095097,-0.0391477769422644,2.6503205860214463,0.6524822695035462
3105293.777839603,0.25435521176541664,-0.06409717607756797,1.8217025314253965,0.5035460992907801
3849661.6223652684,0.3094367079769922,-0.04232503309256812,2.454435124997486,0.624113475177305
2112964.6765271155,0.16139097630576926,-0.0740436352141079,1.4129608011489394,0.5531914893617021
3236242.734562235,0.2647602789468275,-0.08108900065121583,2.230334173712077,0.5957446808510638
3470665.633608338,0.28257436419811977,-0.054612748219517095,2.3395156554914154,0.6382978723404256
2585486.925695444,0.20922876393210466,-0.058277643816683,2.025032994136117,0.5815602836879432
2178903.1572445985,0.16855076923125534,-0.09309094507147951,1.4872540731335182,0.5177304964539007
3325383.844880523,0.27165222803488565,-0.05235086279942404,2.132223566590817,0.5602836879432624
1737311.8320457218,0.11680038626971778,-0.0749379248547198,1.3451928490283633,0.5319148936170213
2946834.8378684665,0.2412840047929119,-0.047733488851067686,2.0451863819123464,0.5460992907801419
3207812.816705369,0.2625302823239921,-0.07584989467385732,2.0725846446288356,0.5319148936170213
3361980.6154007856,0.2744389643834928,-0.12325639502378029,1.9819922224920892,0.5673758865248227
4317516.557633428,0.3398210673351878,-0.0505398022308131,2.598580339963036,0.6524822695035462
2932072.610009366,0.24003785785279175,-0.11096161550688743,1.972120958272313,0.5460992907801419
2647172.914318314,0.21494456367906722,-0.1026992758048333,1.753162343639599,0.5531914893617021
1705042.650566038,0.11262047917627771,-0.11155978030876315,1.1245359340531735,0.5390070921985816
3284775.437217838,0.2685311520173852,-0.046561106924322436,2.257095341577005,0.6170212765957447
2419831.960664833,0.1933203359261364,-0.06717598114324944,1.6277007431675625,0.5177304964539007
2917011.548416506,0.23876130155728514,-0.07944657732827977,1.7669578774057721,0.5531914893617021
4256936.612584178,0.3360399258882496,-0.048336066206793905,2.721711552298972,0.6595744680851063
1770766.9735090162,0.12106884286886221,-0.09896689144001532,1.131028487498476,0.5177304964539007
1942095.9478197955,0.1419685312951815,-0.08659127650925581,1.2953118909228862,0.5106382978723404
2924158.915062205,0.23936775896467788,-0.06745005261665245,1.8638967635318546,0.6028368794326241
1866949.593855467,0.13299115254976024,-0.057126343489282264,1.4229794751031193,0.5460992907801419
2251312.9617598164,0.17621624798970137,-0.09180260327620873,1.4869265243811802,0.5035460992907801
2653663.2536761262,0.21553974055327907,-0.06772923927916599,1.849133392770135,0.5531914893617021
4051818.6954644113,0.3229090906027452,-0.05826397119673317,2.596022275345102,0.6028368794326241
2627174.7893568845,0.21310332638398388,-0.07803487686740944,1.7929658094443397,0.5602836879432624
2908012.90726583,0.2379960698233312,-0.06534731204567577,1.8372466414744664,0.524822695035461
2516898.8412472787,0.2027438701162274,-0.07982771681414247,1.7183401569016599,0.5390070921985816
2905362.53610988,0.23777032488936745,-0.051687934104101975,2.091941412578364,0.6099290780141844
3754359.6754329884,0.3028882736116969,-0.04332570374001799,2.3850043104901815,0.624113475177305
3658386.694162048,0.2961579315350966,-0.07342794143814872,2.1359501963329013,0.5886524822695035
3028341.6938674054,0.24807583682709344,-0.09127526188353403,2.041639765698377,0.5531914893617021
2253868.391221247,0.17648314769906137,-0.04813905195204747,1.8209771154523857,0.5957446808510638
2152521.065675365,0.16570720851580445,-0.09548429090636074,1.4365484350534032,0.5177304964539007
2732948.1213290887,0.22271792090513864,-0.11236210335963358,1.6682792226990177,0.5177304964539007
2667173.8365499163,0.21677496187675516,-0.06388862241710652,1.8715053260309096,0.5673758865248227
1129395.8368947208,0.02463511764257076,-0.12968835311504984,0.31946383881250556,0.4397163120567376
2437661.838410256,0.19507370748630715,-0.05819401815287697,1.8405937766395548,0.5886524822695035
1992047.421756411,0.14778338721219364,-0.06690081373236102,1.3412524071074858,0.49645390070921985
1648101.7440071045,0.1050878493568066,-0.08779013450435501,1.0537585230041244,0.48936170212765956
2542755.064277426,0.2052049468271253,-0.03737820639122744,1.8726020775184198,0.6028368794326241
1697029.4930393035,0.11157271526502255,-0.07166726428234559,1.288280458106287,0.524822695035461
2479834.3785503083,0.19918043786729211,-0.05608051529790874,1.6790094159866447,0.5390070921985816
2008418.0100919714,0.14966370652902738,-0.0887494323817378,1.3563594313013916,0.5602836879432624
1997836.320753799,0.14844970589527584,-0.05916336021590219,1.54718014413593,0.5319148936170213
4567624.857391857,0.35499622586534585,-0.06690720562484699,2.304202814753473,0.5673758865248227
2421415.5840122798,0.1934764852354267,-0.07435402459746829,1.5781949406085911,0.5390070921985816
2986090.772374669,0.24457364766914136,-0.06867911677943095,2.1941062993965588,0.5957446808510638
2606659.3945114478,0.2112027754802408,-0.07337681722782873,1.9030254257786816,0.5531914893617021
2627778.72137518,0.2131590946249029,-0.07112103460047957,1.8838113812135229,0.6099290780141844
2382981.814887142,0.1896635230250343,-0.05246407863104118,1.7476946301746237,0.5673758865248227
2805561.4892313923,0.2291473758750151,-0.06878642734776025,1.941805975639308,0.5815602836879432
3475091.086260352,0.28290128012468063,-0.07468731316813514,2.028937285104398,0.5673758865248227
3124107.675924773,0.2558714822255128,-0.07293325739300362,2.3149974180667434,0.6028368794326241
3638252.0855408115,0.2947280511770187,-0.05571930901406673,2.3185268411784925,0.6312056737588653
3548405.8306719884,0.2882692980562054,-0.0934700433487586,2.120728370131087,0.574468085106383
2515056.025465213,0.20256769419974363,-0.08666855573285014,1.6974164926579203,0.5460992907801419
2256896.424398118,0.17679909490641887,-0.07735023555657809,1.5172607646579508,0.5531914893617021
3288771.175189794,0.26883962081033563,-0.07650948873406817,2.18142854777544,0.6170212765957447
2946028.5470429054,0.24121607119537303,-0.0761081469161365,1.9135216969454432,0.574468085106383
2974765.64407226,0.24362817153531435,-0.04666405897268946,2.0161067535677017,0.5673758865248227
2766951.7169100675,0.22574552437562279,-0.07551659623596262,2.016569062437441,0.5815602836879432
2039688.403231864,0.15322159243417488,-0.08634016976905019,1.4879556677180912,0.5177304964539007
3494449.4035040406,0.2843274100161519,-0.08198347034832604,1.9442985425001442,0.5390070921985816
3516527.2248881976,0.28594619223659223,-0.06566068968478904,2.0308417351018284,0.5531914893617021
2720763.7219662713,0.22162571407590903,-0.09189704034838941,2.0289265561876073,0.6524822695035462
2788349.964950761,0.22763554976113243,-0.07266880425716335,1.884513583952155,0.5390070921985816
2947580.364007412,0.241346805464683,-0.06157308142058073,2.0643269999755556,0.5531914893617021
3124485.8631884838,0.25590188652985923,-0.03670434128439232,2.185042107043349,0.6099290780141844
1973920.0236807414,0.1456868029297027,-0.07900534848053731,1.63388656426155,0.5673758865248227
3328343.933799987,0.2718785395994361,-0.06790984558777481,2.0253418695986887,0.5673758865248227
1656689.4070352437,0.10623709925916058,-0.09580693326309149,1.1984222101965418,0.5177304964539007
2655112.6514952327,0.21567249408658573,-0.04970413873019021,1.8457722062372088,0.5390070921985816
3950115.1628393647,0.316200197018788,-0.048710380320853904,2.229400584005359,0.6099290780141844
2794394.531588366,0.2281673408828322,-0.07600752268884822,1.6594573396032897,0.48936170212765956
2701225.6322241044,0.21986612799727578,-0.05404831397409756,1.879451502473234,0.5460992907801419
2626246.0364033277,0.213017543538067,-0.08231403909255051,1.7830137667896948,0.5460992907801419
2963822.8329153443,0.24271187368931768,-0.05693808383994909,1.9929697732958571,0.5673758865248227
1721300.5622152041,0.11473424273897637,-0.09729807431359501,1.0833855837817523,0.49645390070921985
2641459.609540677,0.21441967549917806,-0.11420854833675965,1.8481636762989038,0.574468085106383
2358441.006125542,0.18720304943912391,-0.06637979116501858,1.6333457116276175,0.5319148936170213
2622589.3646127903,0.21267956458130577,-0.07485805212034621,1.603531356223636,0.5390070921985816
2733376.730773342,0.22275627037629087,-0.11717037130049902,1.7419043705601933,0.5460992907801419
3130836.9466086025,0.25641204151572117,-0.038326777334929445,2.0043355474321136,0.5673758865248227
1655194.4264198057,0.10603737560712956,-0.12110925777145765,1.0900860490191695,0.48936170212765956
2299322.4324561,0.18119058126950338,-0.09093207619939042,1.627448454947301,0.5460992907801419
3263342.4187515997,0.26687139215827527,-0.07523665418484135,1.9855006502505868,0.5815602836879432
3086715.3972747675,0.25285069333443166,-0.072288409182886,1.9932554370338753,0.6170212765957447
2213593.7810710426,0.17224822876212875,-0.13579915557656239,1.59257664749002,0.5106382978723404
2580743.8039497617,0.2087847676703498,-0.06731709721863101,1.7087380367426779,0.5460992907801419
1907525.5728370852,0.1378737372638783,-0.0635666796387274,1.5412768967882726,0.5602836879432624
1589577.4194938664,0.09712556992455945,-0.11281330498709059,0.9238362514410794,0.49645390070921985
3754796.9451233414,0.302918621636995,-0.07633771351921077,2.2527208870731115,0.5957446808510638
3422695.160757108,0.2790091286230789,-0.053713834595680986,2.016372186709408,0.6099290780141844
3643866.53591457,0.2951274024768664,-0.05854666732405885,2.172299576705769,0.6170212765957447
3408868.0748513173,0.2779740603278176,-0.06068863809679564,2.1840682086130188,0.5886524822695035
2554260.0107166097,0.2062935920971034,-0.07477067717294175,1.8546713796429188,0.5957446808510638
3212388.2339763176,0.2628902353671996,-0.06464219719348181,2.0281048199360217,0.5886524822695035
2783282.2720071925,0.22718899120277092,-0.05382697906868858,2.119815302242755,0.6028368794326241
2824864.0963203483,0.23083407729046734,-0.09942872247064165,1.828416977804573,0.5815602836879432
2279089.9078232083,0.1791044857863855,-0.12206785410920827,1.729543019208599,0.5602836879432624
2357416.2443714608,0.18709986163154646,-0.06465572586680501,1.618581543659853,0.5531914893617021
2179689.9213974816,0.16863514572993332,-0.06349697450842721,1.5793794715540235,0.5886524822695035
1832963.6152018285,0.12883578601412826,-0.07966652116122523,1.497086837947949,0.574468085106383
2581036.1315425057,0.20881215087137672,-0.06173161997622762,1.8571108036639534,0.5673758865248227
1955464.4276559392,0.14353637570794753,-0.07317584833687305,1.3499609071366823,0.48936170212765956
2314178.6848666,0.18271302005147083,-0.10332520890431598,1.5809535156262151,0.5390070921985816
1959003.187381573,0.1439499628130536,-0.08641071198696838,1.4741710987663388,0.5319148936170213
2047197.4362937096,0.15406945284128604,-0.07331852084639871,1.2575574443424316,0.48226950354609927
3994916.9291518135,0.319172382568397,-0.0567284504054714,2.3380403826139156,0.5886524822695035
2648790.343805766,0.21509299426015605,-0.0790755761969557,1.7466887337336308,0.5177304964539007
3224029.522180373,0.2638042223174084,-0.07080947291965822,2.2722111248557018,0.6312056737588653
2387304.714917066,0.19009483716625697,-0.08774988074819633,1.6723602637363735,0.5390070921985816
3727495.657272169,0.3010183715385282,-0.042203381030438365,2.4143616666404584,0.624113475177305
1565068.2301755776,0.09372126256651181,-0.10689812652642057,0.9671953676326046,0.48226950354609927
2890403.7901560124,0.23649311821532404,-0.08093371440470466,1.798248002532347,0.5319148936170213
3149332.835113801,0.2578930344521453,-0.04958314025382804,1.9042867310478802,0.6312056737588653
3128495.7149882955,0.2562240769606381,-0.09933911506326416,1.8609942042207752,0.5177304964539007
2859978.15240244,0.2338789155858494,-0.08464141591720847,1.6777604850008805,0.49645390070921985
3974385.895807332,0.31781366488264773,-0.05536033742418871,2.3325137321627776,0.6028368794326241
1984517.63727518,0.14691436587852524,-0.07193202525278683,1.507137646099968,0.5531914893617021
1689133.23304595,0.11053635742143375,-0.08436995440597388,1.2662545720359037,0.5390070921985816
2122681.982500973,0.16245724004330953,-0.05576288684512758,1.4757120666108616,0.5177304964539007
2682061.214249868,0.2181302750543921,-0.04292407358308282,2.0000576623025608,0.6028368794326241
3235865.699920506,0.2647308076925585,-0.05957520512329753,2.1089010459896196,0.574468085106383
1750824.3311533786,0.11853226106121872,-0.07891266373680035,1.1600477658557198,0.48226950354609927
2224010.7366810357,0.17334945488253162,-0.07963786222208054,1.5140053986834523,0.524822695035461
2001320.1708173275,0.14884996277730234,-0.1212440340502015,1.330603858113912,0.524822695035461
3969184.394220456,0.31746854484276543,-0.032239314767050054,2.530570488885404,0.6382978723404256
3805198.838623698,0.3063978924576056,-0.07051276855926582,2.404809269022452,0.6170212765957447
4582742.024812084,0.3558919492110999,-0.05689653602464265,2.6626098418850037,0.6666666666666666
2959673.753958538,0.24236374226350232,-0.07559061767712505,1.8828008428689467,0.5460992907801419
3224487.278644324,0.26384010795028656,-0.06340766939842869,2.152568605514286,0.5886524822695035
2963209.6011382947,0.2426604446038334,-0.08689540620048006,1.9963677968833713,0.5673758865248227
1528142.1649926195,0.08851082363426288,-0.1263701638661045,0.8883540475793875,0.46808510638297873
3191648.6979958056,0.26125533587661964,-0.05860363981380188,2.1713788725946426,0.5886524822695035
2299145.9446184197,0.18117244791253118,-0.04935781061590975,1.7186064043423497,0.574468085106383
1948258.2164944182,0.14269230628432128,-0.08299519941404498,1.4071602357651445,0.5106382978723404
2411692.2825171384,0.19251645043517018,-0.06373048577005348,1.5230402894722703,0.5390070921985816
2293183.7630161834,0.18055920446100648,-0.12197648974760882,1.7489331066731704,0.5531914893617021
2250822.822265887,0.17616502807862533,-0.04824274804463653,1.6883558353603236,0.5602836879432624
1702239.6978303245,0.11225442670883368,-0.08920718292815809,1.0709042866714198,0.48936170212765956
3086316.123855381,0.2528182798592471,-0.06035764694742346,2.1520049665924685,0.6099290780141844
2596008.4729242874,0.21021134849662482,-0.10771112217523092,1.7625230297984171,0.5531914893617021
2690293.7233509435,0.2188771617069365,-0.06806163963792292,1.9076708104780649,0.5886524822695035
2642590.1723684035,0.21452361369609085,-0.09656265446907623,1.9436744225822644,0.5673758865248227
3684305.839933476,0.2979893673410041,-0.07888863509476286,2.1934618146709144,0.5815602836879432
3452723.0659690956,0.2812454886434308,-0.05333372607336293,2.444450605492343,0.6312056737588653
3072202.9965031147,0.2516703991305116,-0.05328033537043931,2.288776236908711,0.6028368794326241
2702948.9371891688,0.22002173625727872,-0.08768827029957213,1.8299788795265004,0.5602836879432624
3541373.337616787,0.2877582552958393,-0.04686605592470041,2.381819628519993,0.6382978723404256
2462372.3058213363,0.1974868241478449,-0.10921994914397566,1.6672733791150993,0.5319148936170213
3665355.2933438695,0.29665134743875887,-0.05490877876749887,2.4990637033745697,0.6453900709219859
2698045.085090732,0.2195787273237637,-0.06939512099076077,1.7375782873684982,0.5460992907801419
2889905.010183117,0.23645044040115581,-0.07716183948829143,1.9664200145760955,0.574468085106383
2160849.3751581414,0.16660786219993984,-0.08830676761197553,1.4763748617771417,0.49645390070921985
2444246.6417993316,0.19571865635779973,-0.06382692251018456,1.6385472564082422,0.5319148936170213
1926524.486906302,0.14013140021883874,-0.12426506184295662,1.279617429337497,0.475177304964539
2505808.3550599073,0.2016820405922919,-0.06609065785205256,1.8260183305220747,0.524822695035461
3531807.3714600443,0.28706180324776875,-0.06337836875225175,2.1081635368629166,0.6028368794326241
2256402.613375373,0.17674759345295965,-0.08422593652374123,1.982674156200903,0.6170212765957447
1806007.7827253288,0.12549591613830824,-0.08669967211672056,1.4788503758575842,0.5035460992907801
2671836.582888009,0.2172000972547492,-0.09023952259898951,1.791435846608477,0.5673758865248227
1925005.2437230204,0.1399515236059563,-0.08605025395460456,1.2078993398763183,0.48226950354609927
3526082.748550093,0.2866442988727542,-0.05562957675423354,1.971899876695067,0.5531914893617021
3577586.9423673935,0.29038123657387116,-0.058639568079429695,2.476212366555056,0.6170212765957447
3623383.9567327066,0.2936681065892257,-0.06877137738843313,2.2912852189709447,0.5886524822695035
2700005.7498122146,0.21975592897497753,-0.09816625531528315,1.6784389964920727,0.524822695035461
4425838.801118473,0.34647755503466415,-0.06665808502474296,2.194352423934045,0.5957446808510638
4304533.815743251,0.3390143299060171,-0.04081177092725248,2.508735810414449,0.6099290780141844
2243224.419029537,0.1753698461152664,-0.08802681696805642,1.537270722542113,0.524822695035461
2465717.178710514,0.19781197941281214,-0.07642951391998365,1.6826175121291873,0.5460992907801419
2310662.40910391,0.18235338705851722,-0.09187885080521367,1.7202945825343519,0.5390070921985816
3471412.4316187454,0.2826295548534863,-0.062387929800378585,2.0490322189298995,0.5602836879432624
2864813.3550919257,0.23429584353657318,-0.06607766100691878,1.8707576827561452,0.574468085106383
3382001.068239407,0.27595320782584376,-0.043233895648600126,2.358766588137033,0.5886524822695035
2988735.451480991,0.2447940249265803,-0.06981380387913977,1.8225822896894583,0.5177304964539007
3530917.0850006575,0.2869969090375246,-0.07389356002669847,1.9214455206240495,0.5390070921985816
2267341.8123439285,0.1778863782864808,-0.0625010124616248,1.5578628018263625,0.524822695035461
3200550.8547921875,0.26195813170376825,-0.07261328763595047,1.977417701649786,0.6028368794326241
2003566.1701373544,0.14910770851324684,-0.05580354311863404,1.4192507417840856,0.5460992907801419
2690351.6203544303,0.2188824078796645,-0.1176639951434281,1.6377350694896737,0.5177304964539007
2137093.7025006884,0.1640314462371033,-0.0980205344042858,1.567045198155166,0.5602836879432624
3373231.4946799125,0.2752908077109726,-0.06646905734420579,2.2221846169926813,0.6028368794326241
2593685.338838556,0.20999467045504527,-0.10396517833996465,1.6472409877118475,0.5106382978723404
2452611.869382205,0.19653598743540956,-0.10396163806375851,1.7813435341236816,0.5957446808510638
2555583.564732306,0.206418580461468,-0.07499858522695278,1.6395421142455233,0.49645390070921985
1880293.5118396452,0.13460614011400507,-0.11057690818626116,1.0757002089843974,0.46808510638297873
3104806.426192166,0.25431583703938143,-0.07649050335026403,2.0839966034998127,0.574468085106383
3819613.985966572,0.30738619542871826,-0.1190316349579554,2.2109728278361276,0.5957446808510638
2548705.1711141695,0.2057684612204307,-0.070563574306422,1.8025380987608053,0.5673758865248227
3184728.466709731,0.26070792234792695,-0.04253252419470003,2.1825452036573214,0.5673758865248227
2465880.4674132913,0.19782784368022566,-0.08636707846701323,1.6533314028024695,0.5673758865248227
2735621.172155626,0.2229570113709678,-0.05602867117989522,1.9980577535502524,0.5602836879432624
2561143.279001189,0.20694304098170924,-0.046752872671689545,1.708645644747033,0.524822695035461
4771734.467920167,0.3668953110033528,-0.061686575649510834,2.600445695627884,0.5957446808510638
2568838.351708495,0.20766743408411825,-0.14304768309767926,1.6746725698734726,0.49645390070921985
2934746.119081436,0.24026391255233182,-0.06301362852772124,2.109756214311525,0.5815602836879432
3461250.314675761,0.2818777271136146,-0.05323634142488471,2.132504783616855,0.6170212765957447
2099330.0985199693,0.15988824345343322,-0.07465176425749753,1.484805988987246,0.5602836879432624
2683658.0422385633,0.21827528900390325,-0.057767215954573514,1.8849352885728432,0.5602836879432624
3236948.5276827607,0.2648154405224743,-0.09467141568982053,2.114064704253528,0.6170212765957447
3033307.27218059,0.2484848631630272,-0.06259233879207392,2.014092068305088,0.5886524822695035
2045574.6229389869,0.15388642863369295,-0.06917214186063846,1.4545515440431327,0.5390070921985816
3107788.063643478,0.2545566558711607,-0.058361315355680315,1.9450622582663322,0.574468085106383
3608275.477014207,0.29258745712927303,-0.08615320739593155,2.293892505161097,0.624113475177305
2451224.2951875003,0.1964005678582732,-0.05930347008004958,1.5154806320047012,0.5177304964539007
2255935.773370198,0.1766988966185823,-0.06691167981201963,1.6909744301124545,0.5319148936170213
3179667.4220450427,0.26030697395328284,-0.056928704879485,2.0774753808834587,0.6028368794326241
3574118.1790944906,0.2901309134329404,-0.06727422121871565,2.2982400780398016,0.6099290780141844
2505368.829354286,0.2016398819645855,-0.08278710785158877,1.605225273906071,0.5602836879432624
3045611.1548216976,0.24949605963735055,-0.06614578962405247,2.189444021248128,0.5815602836879432
1855091.7037943157,0.13154824827643452,-0.05123341580690765,1.4459045451104342,0.5602836879432624
2955258.831084179,0.24199287599715968,-0.05629408769615126,2.1454167242613833,0.6028368794326241
2593846.682283263,0.2100097239272447,-0.07602694989250897,1.8571586055867646,0.5460992907801419
2678987.692730436,0.21785096249179814,-0.06039251095524529,1.7858922078150958,0.5886524822695035
3349973.4275816786,0.2735273389136148,-0.05726042480659819,2.0793800581671356,0.5602836879432624
3593720.0767672732,0.2915429382573427,-0.05561347047919061,2.289917411565089,0.6028368794326241
2151341.3327351315,0.16557940258616388,-0.07777328638746832,1.5524545398158809,0.5390070921985816
3224121.225412116,0.26381141168165656,-0.06254510687234761,1.9817229121505313,0.5886524822695035
2756437.3047553147,0.2248125389471325,-0.04252793913347506,1.9320154642973835,0.5815602836879432
2801870.809134566,0.22882382006029456,-0.1048142950477941,1.8867304503812004,0.5815602836879432
4062466.9468980967,0.3236036865350316,-0.05027753969092378,2.5058464545811003,0.5957446808510638
2624620.4110924685,0.2128673367094247,-0.061899442347858824,1.8841638171530595,0.5531914893617021
2843407.6394398888,0.23244578876018407,-0.06459595811666631,1.9161752370268585,0.5531914893617021
1964550.87494156,0.14459713892978665,-0.08191374534301969,1.2248160200992035,0.48936170212765956
2280082.426189811,0.1792071652857279,-0.2014433179607556,1.2368415779601614,0.44680851063829785
2340166.629812819,0.18535751230283504,-0.09904413309427176,1.5518222809705855,0.49645390070921985
2013364.384641404,0.15022943273101808,-0.06923912500452832,1.5497002078843747,0.5602836879432624
2442888.2589474847,0.19558572338135205,-0.07376074960089865,1.7843599354775828,0.5602836879432624
2985371.7289535347,0.24451370383150905,-0.07645449903211411,1.9146105608997324,0.5957446808510638
2695845.4376932145,0.21937980415136127,-0.07016620925382253,1.9510901077239238,0.5602836879432624
2755570.7596669137,0.2247355200519745,-0.08261406944691546,1.8388599834364805,0.5602836879432624
1867855.8482755257,0.13310112648091388,-0.08565421582230233,1.1097473654151773,0.46099290780141844
2724722.189921772,0.2219809786227671,-0.0821392609980067,1.9857151101707131,0.5460992907801419
1807527.0654855922,0.12568521448572278,-0.0832888178008804,1.2677836367695747,0.524822695035461
3108760.3063634643,0.25463514133710685,-0.07284285384633814,1.9470449797855645,0.5886524822695035
3065106.1423215074,0.2510915870138286,-0.05466279119083169,2.152548035436907,0.5957446808510638
1723412.8391947201,0.11500769556853929,-0.06825227769168453,1.1295962147981502,0.524822695035461
3206243.667375457,0.26240674105727524,-0.0781434461386977,2.010810984250576,0.5531914893617021
2090676.98027171,0.15893048659647935,-0.06530287627510653,1.4829563152103897,0.5177304964539007
2159412.066784884,0.16645262495157742,-0.05466138311672284,1.5461334097622366,0.5390070921985816
3206390.7183645857,0.2624183206359765,-0.08756880629968132,1.9899614572490776,0.5602836879432624
2335173.449052895,0.18485124388691831,-0.08135772862567059,1.7509724484699194,0.5673758865248227
2504669.667969261,0.2015728072894627,-0.06135429023009418,1.750129134806406,0.5815602836879432
2507925.191197247,0.20188500143240695,-0.08506148019826865,1.5870582432699898,0.5319148936170213
2773999.2496229606,0.22636929341615875,-0.07999127384774792,1.8777916407710047,0.5886524822695035
2635414.5812163036,0.2138633216756347,-0.030021235599999925,2.2580349016875574,0.624113475177305
3953934.0361980926,0.31645459260101805,-0.042328759371722556,2.366274370951566,0.5815602836879432
2665030.8918841914,0.2165793750892515,-0.050794484042537995,2.263262922162946,0.6099290780141844
2057097.8806792991,0.1551835380429314,-0.1425979582045304,1.2115174957956558,0.46099290780141844
2831130.514814034,0.2313796671951709,-0.06396553910295696,1.7737865403366997,0.5106382978723404
2920106.4711538698,0.23902405296632567,-0.05514614329029365,1.9745644045373405,0.5460992907801419
3087934.036779702,0.25294960315282555,-0.06979844943670944,1.8333893968793207,0.5390070921985816
2622439.6625289004,0.21266571988220284,-0.07061404231645763,1.740880729940115,0.5035460992907801
4456589.231836681,0.3483434237658991,-0.046441372357357014,2.5252501541399592,0.6524822695035462
1973365.7441629441,0.14562245360854642,-0.06451101694429554,1.3011843650185126,0.46808510638297873
5099325.028657767,0.38516828369328704,-0.055915829746473904,2.6581616253650355,0.6453900709219859
3286626.185345889,0.2686740660621121,-0.07077464078262155,2.119862789748391,0.6028368794326241
3892644.3497757665,0.3123477931346048,-0.060000295038187025,1.99609489118746,0.5319148936170213
2538304.3266350813,0.20478274252936002,-0.06701210855321761,1.775731192743352,0.5460992907801419
2864747.0553701953,0.23429013047827807,-0.07417671153720577,1.9919242634084107,0.6170212765957447
2493823.8390778177,0.20053037963163356,-0.08123721146109819,1.7442228935609054,0.574468085106383
2177522.206581246,0.16840261026357495,-0.06115646520980375,1.4607589362871392,0.5460992907801419
3304020.8925817693,0.270014141962283,-0.09452364827457992,2.190406691912003,0.5957446808510638
2878193.0350213214,0.23544661436089065,-0.0734669715261165,1.6396412072202755,0.524822695035461
2781312.716770407,0.22701526100171954,-0.07222237055311576,2.079754434994018,0.5957446808510638
2288254.2262587086,0.1800512102396421,-0.07570888969286271,1.7215705653405684,0.5460992907801419
2426942.4294693735,0.19402080700431235,-0.06795209222097381,1.6828478113302339,0.5531914893617021
3234233.096192555,0.26460316203265544,-0.05137539935797557,2.102481484942627,0.5886524822695035
2690118.181893239,0.21886125496362974,-0.08034097589425183,1.7229959394822796,0.5177304964539007
2399205.555613389,0.1912790154221875,-0.04171752625476062,1.814570928657946,0.524822695035461
2634972.837079022,0.21382262576652056,-0.06360208139662735,1.8194732215005713,0.574468085106383
2095020.510558965,0.15941163903192757,-0.150336280059779,1.2424424471614575,0.45390070921985815
2242630.6851123725,0.17530762043406956,-0.0745198821208059,1.6696148554433625,0.5602836879432624
3237776.2970052077,0.2648801229437421,-0.09241911107622207,2.100444473589149,0.574468085106383
1884680.4950217155,0.13513508511552308,-0.05847257116933693,1.270801475263472,0.48936170212765956
3392030.9776749965,0.2767091236465007,-0.05853855579623123,2.1144899884427755,0.574468085106383
2865216.2963315113,0.23433056277700715,-0.08150490222479582,1.9435933183601983,0.574468085106383
2623916.6410791823,0.21280228568529225,-0.0833335173695107,1.652155733609644,0.5673758865248227
2264229.3683413016,0.17756281700780852,-0.06751231101299718,1.570449677083167,0.5602836879432624
3416468.6143296184,0.2785434364848305,-0.06601557543677984,2.0497506528279836,0.5460992907801419
3333032.026293261,0.27223663526060604,-0.06231932306708238,1.9026007017576485,0.5531914893617021
1905022.8388201802,0.13757499515667093,-0.08145685635476914,1.426996946401594,0.49645390070921985
2429442.9571213345,0.19426675040086683,-0.06583173753873785,1.5982712382936812,0.5319148936170213
3848361.089650802,0.309348222514354,-0.06800813674042713,2.244944498859728,0.5957446808510638
2826427.8824234223,0.23097031996254014,-0.045255903666957385,2.0488197057965585,0.5957446808510638
1868373.974231697,0.1331639818639716,-0.11294314187076232,1.2817842688499936,0.5177304964539007
2214521.686812984,0.17234649010822567,-0.08489602792375646,1.6249943449753939,0.5673758865248227
2736970.14883326,0.22307759935253513,-0.0783895752747642,1.8400063951222274,0.5319148936170213
2425338.5029983213,0.19386294351106192,-0.07986499817397634,1.665001737483794,0.5106382978723404
2918025.7783123543,0.23884743176455325,-0.09503655993492852,1.9513951976380115,0.5673758865248227
3162120.373946587,0.25891288819045877,-0.052312693430442286,2.0432120118527117,0.574468085106383
3732987.3969977987,0.30140150531135834,-0.05229631275778013,2.4714869666188615,0.6595744680851063
3400679.2191280853,0.2773594741763781,-0.08359332308259254,1.9560905293256587,0.574468085106383
5170900.159655478,0.3890351328720689,-0.05392884015894997,3.092424824876067,0.7092198581560284
2470062.3418976003,0.19823384642107245,-0.09493949981542361,1.6263411523233575,0.5319148936170213
2664395.366861837,0.21652134646393928,-0.06467059220237861,1.8732211442821742,0.5602836879432624
3115132.0580861815,0.2551490231975564,-0.06390910509377183,1.89578373023097,0.5460992907801419
2057346.9003085557,0.1552115045729614,-0.11939770512560278,1.3103672060310372,0.5035460992907801
2604506.0468797223,0.21100259567235802,-0.0555038907804615,1.734731461467017,0.574468085106383
2107834.2323847786,0.16082643804556485,-0.0778177152123175,1.582018171523008,0.5602836879432624
2761873.7544489275,0.22529529143997906,-0.0904455040689721,1.8703053328854988,0.5460992907801419
2858870.6939451844,0.2337833427339049,-0.08061975202471242,1.892029609535091,0.524822695035461
3517087.0503738117,0.28598713374318474,-0.05681434060305084,2.141748989909973,0.5886524822695035
1975342.1295443228,0.14585183682945435,-0.09382054986083714,1.3192842776027973,0.49645390070921985
2888798.647290491,0.2363557540767316,-0.07960652966236365,1.7498206349611418,0.5390070921985816
1740614.588136479,0.11722468748584958,-0.06395092966490554,1.254471868448723,0.5460992907801419
2270400.1119261766,0.17820396493111734,-0.054664941919245744,1.6220320850814056,0.574468085106383
1625387.8621926783,0.10202488742447846,-0.06796228887730976,1.0789566652063964,0.5319148936170213
2772218.7997296057,0.22621182762954328,-0.05735182307254001,1.8530934658526348,0.5531914893617021
2211086.113437169,0.17198251226737704,-0.07695952844770663,1.4733226377955695,0.5460992907801419
4158442.83821259,0.32979944455072907,-0.06777204716948658,2.349419444325075,0.6524822695035462
3893820.589210009,0.3124270939155085,-0.049436023306060756,2.20547918257026,0.5886524822695035
4038072.0861698766,0.32201022294199433,-0.0742976063296102,2.097113340265622,0.5602836879432624
3274587.466826319,0.26774328559802085,-0.04662776671866306,2.259219247886078,0.5602836879432624
1990818.569883341,0.14764174360362925,-0.06116535550678349,1.4949232613082584,0.5531914893617021
2168216.9166828804,0.16740230292176794,-0.07913426471444701,1.492840950487049,0.5673758865248227
2243809.3928497396,0.17543114081902833,-0.0919658750716515,1.7779583390774631,0.5886524822695035
2151440.926088252,0.16559019416161025,-0.07072114819051882,1.4904246288561611,0.524822695035461
2905322.033346437,0.23776687379521988,-0.034290690935252124,2.0842084471832565,0.5957446808510638
2868719.196897791,0.23463222407707818,-0.06873433781755839,1.835014317041507,0.5531914893617021
2601979.5465071085,0.2107675579085262,-0.08652678862352124,1.6749826554279903,0.5035460992907801
2302337.444903799,0.18150018881331542,-0.1032722625829395,1.5607372631181498,0.5177304964539007
3912730.2475464186,0.31369933944060313,-0.05082363289905846,2.4522586822471095,0.6170212765957447
2223608.3033046867,0.17330698843612047,-0.07149585541844586,1.5178633009717912,0.5602836879432624
2566994.9672293253,0.20749406119126368,-0.05287960014786132,1.7095331494609727,0.524822695035461
2033028.8154467908,0.152467552731405,-0.11114148462259069,1.3908830999688022,0.5177304964539007
2101425.319596803,0.16011967467908828,-0.13644341836421955,1.4689359689161705,0.5602836879432624
2324968.0071819737,0.1838137942436624,-0.06312028234814,1.5930835536967562,0.5460992907801419
2943891.3974768026,0.24103593482438335,-0.07637542692657281,2.0890032758852772,0.5319148936170213
3233910.707317951,0.26457794985810423,-0.06340283120744668,2.2989101360534736,0.5886524822695035
2433948.7544732317,0.1947094145362147,-0.0597444281826334,1.68703296554877,0.5177304964539007
2602175.2544481214,0.21078577094155015,-0.07531500571710649,1.6725544555207574,0.5035460992907801
2199540.4322520136,0.1707559939519594,-0.06780857332838314,1.4788402963132274,0.524822695035461
2627267.686738447,0.21311190537378844,-0.1293924397222664,1.8074381633494079,0.6028368794326241
3063071.9180469587,0.25092548008995785,-0.08863668364536684,2.092631557757437,0.5531914893617021
2127485.2926051985,0.16298285768423715,-0.09563474194919067,1.4391368898059398,0.5602836879432624
1912311.1379041243,0.13844410052399891,-0.07893804315074628,1.2811006355016576,0.49645390070921985
2888362.6286819642,0.23631843014175358,-0.07977551501172608,1.9862305753751581,0.5531914893617021
2980449.766618036,0.24410306865917764,-0.06071890200227628,2.2058451243858515,0.6170212765957447
2659618.773037151,0.21608484969957664,-0.08141070915766287,1.900228267806118,0.5673758865248227
2853700.8151338855,0.23333679373435046,-0.07061259589011336,1.9806262943518436,0.574468085106383
2605616.140016951,0.21110580883550756,-0.06667851493041306,1.7369256298176283,0.524822695035461
2859642.219351048,0.23384992793885706,-0.07037517885703139,1.9515427733853994,0.574468085106383
3281052.6647882513,0.2682434857700686,-0.06597742123540758,2.0841895520593097,0.5673758865248227
2657551.180415607,0.21589571354799109,-0.06305301341973911,1.8147439333003805,0.5673758865248227
3852475.7777469736,0.3096280952567312,-0.047751667433089694,2.2606016246748997,0.6099290780141844
2495619.0391164073,0.20070317225994216,-0.06025616572499454,2.053659502424877,0.574468085106383
2001243.9768895318,0.14884121487924262,-0.11560258156686404,1.4926620125906849,0.5106382978723404
2355662.6226352896,0.18692319840387062,-0.06414637186365481,1.6412012168796326,0.5319148936170213
3172764.243520301,0.2597592632617072,-0.059753044014802845,2.146886478413055,0.6099290780141844
3398917.213190816,0.27722707817864367,-0.058387917157256976,2.3518209822269145,0.6524822695035462
3127250.2075036913,0.2561240361834929,-0.07726710381330841,2.091427801336474,0.5957446808510638
2271640.643014886,0.17833268931774393,-0.09728365593046634,1.6451479358000005,0.5390070921985816
3064573.966341215,0.2510481400919109,-0.07449109250796725,2.091939603758891,0.5602836879432624
2567470.8378177043,0.20753882702156679,-0.12150010332351605,1.673660177880843,0.5319148936170213
2593769.209958317,0.2100024957909692,-0.05817119573720399,1.707655329108459,0.5460992907801419
1959890.699205305,0.14405359563920106,-0.08494275670474515,1.3432855493075118,0.524822695035461
2621131.272546814,0.21254469086940264,-0.08090789589838643,1.8178049101390588,0.5531914893617021
3614669.3338123546,0.29304522524690957,-0.05374420757291488,2.1941187096918426,0.6028368794326241
2782531.414015511,0.22712277124947722,-0.05938084189477856,1.8823740037932106,0.5886524822695035
3182202.125488641,0.260507843156099,-0.08066580219774762,2.0526989811625582,0.5460992907801419
3040499.4271119237,0.24907634906759824,-0.04975055442683503,1.9036156902581358,0.5602836879432624
1566852.6693851724,0.09397055388557796,-0.09847534869745429,1.0189549447195294,0.5177304964539007
1890216.5317572334,0.13580116925458907,-0.07919228843838068,1.3389922446647688,0.5390070921985816
2939354.317270423,0.2406531656801023,-0.08231885833738393,1.8084224850863682,0.5390070921985816
2618834.9730058154,0.21233216110552933,-0.06388437187585494,1.665395274851137,0.5319148936170213
3011137.3072762853,0.24665450837326697,-0.0828642421757699,1.7492393402209852,0.46808510638297873
2522150.0073778313,0.2032453240110681,-0.06039832766173979,1.6514882706146132,0.5390070921985816
3231953.93078141,0.2644248784958847,-0.06510797715709192,2.3962718138375902,0.6028368794326241
4417060.222927804,0.3459429875439648,-0.08776965001581898,2.5105281025961927,0.6170212765957447
2732422.9476183397,0.22267092486692075,-0.0632406163621,1.8235022648965369,0.5460992907801419
2118998.84353825,0.16205355581065417,-0.06726021567014528,1.3915029614415702,0.5460992907801419
2743237.0283523877,0.22363718670763277,-0.06707226115360378,1.7658944611829692,0.5460992907801419
3464669.15837757,0.2821308615987188,-0.1236118590589595,1.9984762922882833,0.5886524822695035
2302270.0199044244,0.18149326857815473,-0.11703136145190846,1.5556929545349814,0.5319148936170213
2705407.509622868,0.22024359920364378,-0.05586503174616463,1.6866581895838104,0.5390070921985816
2439224.222696463,0.19522686128665523,-0.1257711743709757,1.6576961256850629,0.49645390070921985
2888704.9007066316,0.2363477295899412,-0.048750308909827476,1.7945961256884082,0.5602836879432624
2613170.228538605,0.2118072329052605,-0.06290037986847896,1.8493918610754332,0.5602836879432624
2237938.862400467,0.1748154345868287,-0.08155283236356478,1.378509621518925,0.5390070921985816
3218485.406045317,0.26336926960689055,-0.08271084327329804,1.8895359386289134,0.5815602836879432
2553750.2290960723,0.20624543761023473,-0.09974862599970917,1.6670326055459699,0.5177304964539007
2723956.926058133,0.2219123299390171,-0.06587328243124749,1.9499236073597235,0.5673758865248227
2475298.446330916,0.19874142586328492,-0.12590146389495002,1.734753358777297,0.5531914893617021
2689256.436427603,0.21878315558651162,-0.07784557984574597,1.8792204057083313,0.5957446808510638
3126494.1471007145,0.2560632928826623,-0.08583674465595457,2.0600670323874812,0.6028368794326241
2684351.0094150747,0.21833819847970437,-0.07339922919276753,1.9060249576455535,0.574468085106383
2502835.691886808,0.20139679194272553,-0.06507062629023376,1.6300926677378769,0.5602836879432624
2069782.0092612966,0.15660461680627225,-0.07153096397651645,1.4131772219146612,0.5390070921985816
3432871.446825771,0.27976877040724757,-0.044126337634835866,2.051600189861399,0.5815602836879432
2758460.4675018163,0.22499228313352937,-0.1318230976075457,2.0345392916978895,0.6028368794326241
2790905.7636396224,0.2278605171888728,-0.07859841161802958,1.916937562645442,0.5886524822695035
2321586.209148469,0.18346920881589046,-0.07857632994829843,1.624454092153591,0.5319148936170213
2292699.336272797,0.18050932247680684,-0.06460167305142744,1.7782675300336066,0.5815602836879432
3729741.13430552,0.30117508282371186,-0.06602185946112354,2.4610545179186802,0.5673758865248227
3842770.124513624,0.3089675525118769,-0.07632657917674752,2.456857465581961,0.6666666666666666
3595342.1589399003,0.29165950886331715,-0.06674034318849452,2.257228803573198,0.5815602836879432
1907978.078948281,0.1379277177689382,-0.06897851258414321,1.2883713483048997,0.5177304964539007
1989260.5097955007,0.14746205321421524,-0.10852102301167228,1.3743832371971483,0.46808510638297873
3409696.3148950073,0.2780361552176387,-0.03943222901492076,2.4933764726201924,0.624113475177305
2626875.8966032816,0.21307572225982585,-0.08892881955922663,1.6519276390545152,0.5673758865248227
3439359.4058806445,0.28025214519407404,-0.06520653546996853,2.0018182131101248,0.5815602836879432
3031584.5943821203,0.24834302287398158,-0.08370679263625463,2.066263653196609,0.5673758865248227
2408241.683108963,0.19217500939684085,-0.058361782853340954,1.6553976662464998,0.5815602836879432
2921272.190642827,0.23912296195599647,-0.06623887748252152,1.8704020940638477,0.5602836879432624
2609409.5253342157,0.2114582412507391,-0.07553802463795278,1.976119379847054,0.5673758865248227
1758311.219126737,0.1194872441608994,-0.0654198239436499,1.424630008119295,0.5673758865248227
2491245.456984348,0.20028202953305518,-0.10061453471929142,1.8120782166963851,0.574468085106383
3295124.8956188275,0.26932950770031017,-0.08610471448771656,2.017464762784986,0.5673758865248227
2867206.8706497764,0.23450202237747897,-0.061527525329504465,1.8587622803160015,0.5319148936170213
1482678.066142882,0.08195543433862551,-0.10634212578034799,0.9487071714221159,0.46099290780141844
2535591.7629971257,0.20452513372460568,-0.05214946584273276,1.798649932221053,0.5957446808510638
2398147.2810161165,0.19117390372710652,-0.06402388384293677,1.7164493903649933,0.6028368794326241
1415501.3668445572,0.07196858613340229,-0.214194486905331,0.7238263355456523,0.48936170212765956
1675863.214930588,0.10878594881184012,-0.11451132119345607,1.0575140293209868,0.48936170212765956
1841758.4762820918,0.12991698087556425,-0.08437544585420875,1.270812524455189,0.5106382978723404
3096939.2303548055,0.25367953552015843,-0.05707069682274165,2.0271338304344133,0.5673758865248227
2225188.0506731113,0.1734736546712019,-0.06954207964049834,1.5790489751925136,0.5815602836879432
2511477.8595465543,0.20222532110524338,-0.03287981926487426,1.915515937851771,0.5319148936170213
2056705.7902348246,0.15513949823640338,-0.07041085924833242,1.5398793576944372,0.5602836879432624
2543460.4142450904,0.2052718032045373,-0.08355458149119042,1.663688645969926,0.5319148936170213
2579110.326004004,0.20863170921063845,-0.08687570317061168,1.5682311449001851,0.5602836879432624
3260701.5442756196,0.2666662814825964,-0.049200924563271596,2.1138663577137846,0.6099290780141844
1902661.2626718872,0.13729281448842912,-0.09861545537650379,1.3978430550153882,0.524822695035461
3888082.514643139,0.3120400577205438,-0.044242053778095994,2.251625246615664,0.574468085106383
1882277.5539090734,0.13484548112912664,-0.07906029992508455,1.13219011342461,0.425531914893617
2887301.684784106,0.23622759270726745,-0.04027004263852657,1.8534065933795296,0.5673758865248227
2379617.0684430515,0.18932737452134263,-0.05003663404991212,1.604730774607834,0.5531914893617021
3424109.775036964,0.2791148351174837,-0.040945468008892094,2.464090622963176,0.6382978723404256
1639212.618678808,0.10389319906384098,-0.1419078267016587,1.090379291234462,0.5177304964539007
4384762.148282946,0.3439688657198863,-0.04918149932594159,2.521249788114228,0.6524822695035462
3858900.4758940088,0.3100646123729862,-0.0382334972966982,2.520572907658657,0.6170212765957447
3344784.358407431,0.27313255847991447,-0.08066539052155519,1.9896860584798066,0.5460992907801419
4059612.528452941,0.3234176330298708,-0.06914939941532913,2.231296846003959,0.624113475177305
2339913.5853665965,0.18533187642667404,-0.06986201959277276,1.613770702671447,0.5035460992907801
4310546.063700493,0.33938816793610704,-0.04654745006015247,2.4268526818894247,0.6312056737588653
2318673.5325596803,0.18317210210233625,-0.0937838772066027,1.643933150111574,0.524822695035461
2926130.542514305,0.23953484377768497,-0.10645249629432015,1.949826056760917,0.5815602836879432
2798226.007368341,0.22850395152553116,-0.07952125972907627,1.9012700091007366,0.5815602836879432
5566772.893982112,0.4096805277651512,-0.057913674687757453,2.598945575093627,0.5886524822695035
3650091.2034000535,0.29556958302205194,-0.041316797230534594,2.6757305610015347,0.6170212765957447
3069705.2260529823,0.2514668056463025,-0.07241145937613654,2.2869909018720183,0.6170212765957447
2136024.0327907964,0.16391489743623833,-0.06026683857130476,1.549418620417191,0.5460992907801419
2392059.10921233,0.19056848245071079,-0.05541879205408535,1.6694573301006606,0.5460992907801419
3139747.203411967,0.2571263700907773,-0.08376113378905413,2.050210692156839,0.6028368794326241
3283173.2722443584,0.2684073814364818,-0.08798155086946689,1.9356911926718294,0.5531914893617021
2607997.4259583023,0.21132709511728276,-0.10721206562855601,1.575009166812084,0.5035460992907801
1983115.3678387054,0.1467522370375185,-0.06337056145307078,1.3166274391702102,0.49645390070921985
3016125.4798205383,0.24706727010854124,-0.07871144000884447,2.0256442413472486,0.5886524822695035
2969125.9522640854,0.24315626851863748,-0.056299883995139854,1.8394923660901568,0.5602836879432624
3286396.1908375863,0.26865630948016395,-0.06797502698567154,1.8920186800550993,0.5319148936170213
2713709.243170334,0.22099156238593176,-0.05913612722636532,1.7529941535734046,0.5460992907801419
1878854.6412929941,0.13443243837095764,-0.06345186954085699,1.2598889724172555,0.5106382978723404
2417047.1230184655,0.19304554542034325,-0.08141043362051645,1.7301384110865596,0.5886524822695035
2401065.84193941,0.1914636959758631,-0.056566130241665916,1.7839541184551175,0.5673758865248227
2321303.651462759,0.18344039966804804,-0.08540195990261631,1.6289869840185223,0.5602836879432624
2690274.29285133,0.21887540104709236,-0.10474869665279274,1.7848099399133115,0.5673758865248227
2634218.724908542,0.21375314017578728,-0.057220002272613674,1.8796226581534894,0.5815602836879432
2015516.9529061175,0.15047527885981227,-0.06787059957359212,1.3402699524825183,0.46808510638297873
3538998.581372724,0.2875855012666262,-0.05399384622923401,2.0679931957728472,0.5815602836879432
1811003.6941785836,0.12611791417521467,-0.0651105197809758,1.2602456878272996,0.5177304964539007
2510559.268697118,0.20213736374737135,-0.05884162331201143,1.82099668390199,0.6028368794326241
4021276.9947842457,0.3209086916412718,-0.08867999205091086,2.284359485731714,0.6028368794326241
1988219.1853254098,0.14734189493606675,-0.0697978218031681,1.3569421500887469,0.524822695035461
2556980.139824391,0.20655040835302918,-0.08514284837061979,1.6047240770511542,0.524822695035461
3000160.043758237,0.24574423076265361,-0.0812290341927357,2.1550680261560338,0.5957446808510638
2121325.435095373,0.1623086231869666,-0.08631050676443021,1.6475482102781667,0.5673758865248227
2460797.4871553397,0.197333613585986,-0.08069452279349515,1.7734810426095888,0.5815602836879432
2477256.772183148,0.19893104209195656,-0.04736343756068729,2.0312545935026503,0.5886524822695035
2209408.378611998,0.17180460215107773,-0.07594238847005101,1.5855503017900983,0.5531914893617021
3143745.7430934645,0.2574464029261265,-0.06867136573971432,2.090881038318463,0.5957446808510638
2542102.859472177,0.2051431145942555,-0.10469129101291014,1.7446769184652275,0.574468085106383
2318945.6094628433,0.18319986786482412,-0.07029775793181299,1.7218387358930383,0.5673758865248227
2234316.980652349,0.17443492376280378,-0.09288380827523489,1.6045245143302906,0.5319148936170213
2867387.4354383745,0.2345175707485485,-0.053461566689325224,2.0148426363344734,0.5815602836879432
2790011.689316186,0.22778183740859204,-0.07469662463898719,1.9536848948236225,0.5673758865248227
3866130.0972623527,0.31055512418588815,-0.07757508399814173,2.446345310491055,0.624113475177305
2076143.6630756408,0.1573147291472805,-0.08082981800629517,1.33642287042886,0.5106382978723404
2829773.275609682,0.23126158028069388,-0.06115615364686072,1.968936544837219,0.5886524822695035
3461465.5537650967,0.28189366952209505,-0.054666589794768,2.35535334799763,0.6099290780141844
2580920.719967607,0.20880134021996777,-0.0721286633859568,1.6262981048152052,0.5390070921985816
4325371.74692481,0.3403082407860927,-0.05082492069028839,2.861021730128306,0.6453900709219859
3574822.215653461,0.29018173591414875,-0.06221629246283191,2.033570110736432,0.5673758865248227
5337709.992702465,0.3978835519024526,-0.061840685497492054,2.6675029495830698,0.6312056737588653
2593149.0026509645,0.20994462447575857,-0.059199583947796314,1.7853268892587855,0.5886524822695035
3442092.034006364,0.2804555168866121,-0.0465002268452781,2.3483179374610637,0.6170212765957447
2343354.4303950826,0.1856802778747817,-0.07229479158037891,1.7863570618154367,0.574468085106383
3886067.0036554364,0.31190400198390655,-0.046856118911034035,2.2072698942787707,0.5815602836879432
2342076.5524986046,0.1855509346388189,-0.09982920238176722,1.5055728648570428,0.5035460992907801
1984098.5281768064,0.1468659185533001,-0.10518435226544502,1.3644178985067164,0.48226950354609927
1980663.639681265,0.14646855045188523,-0.09217898760210413,1.5146938999222679,0.5957446808510638
2620472.3066935404,0.21248371674582534,-0.0682318044541083,1.7363643491604543,0.5602836879432624
2571332.5698022544,0.20790186041690117,-0.08481801482585355,1.8162530971359143,0.5602836879432624
2479741.1971025737,0.1991714257292394,-0.10459877240643282,1.7046511619813862,0.5460992907801419
3637192.854267784,0.29465265364294035,-0.07836414827634117,1.8670025843755413,0.5673758865248227
3042224.480833088,0.24921805177279666,-0.04426535138262522,2.2365903951784074,0.6170212765957447
2133022.0970823267,0.16358756371143546,-0.046982305474858745,1.7151381655981,0.5673758865248227
2607200.7089023325,0.21125307641630076,-0.0682694540502787,1.8657648411283334,0.5815602836879432
2255879.8861869713,0.1766930663959947,-0.05744682953094109,1.5438540489564931,0.5390070921985816
3189871.7084954507,0.2611148607176901,-0.08658630986202173,1.9709142258206072,0.524822695035461
1997816.0255658403,0.1484473725612474,-0.07164899400566248,1.4590931860171932,0.524822695035461
2692271.5310179563,0.21905632400298547,-0.09123274613760002,1.7451246527744524,0.5390070921985816
3321425.9363164958,0.27134937691370453,-0.06638522875867825,2.0093236566584,0.5815602836879432
1996006.782708725,0.14823928800627262,-0.0708580457454332,1.4163947338291554,0.524822695035461
2442136.6018551155,0.19551213989990357,-0.060432831161369424,1.7800895401397225,0.5460992907801419
1882419.259470631,0.13486256777751993,-0.09347702019578238,1.267025946589981,0.49645390070921985
2030721.37687589,0.15220582932066118,-0.05654266864771755,1.4383079299563346,0.5531914893617021
2791706.5515537276,0.2279309705194943,-0.08447421972620776,1.8847232019816316,0.5602836879432624
2256686.0570724406,0.17677715599009014,-0.06619015902457341,1.5685570681003986,0.5886524822695035
3610468.7377282116,0.2927445566783735,-0.054819581010591874,2.10492023293516,0.5815602836879432
2458225.3811161113,0.19708321041945398,-0.08544157035301751,1.7346076906257166,0.5531914893617021
3408756.4661655324,0.2779656918682465,-0.08304252399177321,1.9653269163235312,0.5319148936170213
3153620.4011687418,0.2582353523420018,-0.07738380668344136,2.0071596160586775,0.5886524822695035
2514968.961140643,0.20255936816701925,-0.08751552470887103,1.8405543009542824,0.574468085106383
2184572.5626145457,0.16915824034019322,-0.07918272676591002,1.5179694756878883,0.524822695035461
3773186.0429086583,0.3041923362551908,-0.08649768544791396,2.2446774728014693,0.6382978723404256
2985289.4904076154,0.2445068471895604,-0.06548132132406444,2.0058224971268923,0.5319148936170213
2144158.0494342856,0.16479999191094152,-0.09894120566995895,1.3424575819219162,0.5106382978723404
1910315.530046865,0.1382063947573886,-0.09796979691767287,1.225409572268563,0.5177304964539007
2898679.990345374,0.23720040790036467,-0.06627922997615361,1.9113721300164457,0.5673758865248227
1903187.514091444,0.137355719616699,-0.12407829984249488,1.3327442253962192,0.5177304964539007
3861742.344110185,0.31025751368088605,-0.06046941004332744,2.3927014996559377,0.624113475177305
2441540.3735882146,0.19545375923843755,-0.07121232044770084,1.6899067730021078,0.5673758865248227
3461225.121032094,0.2818758610096479,-0.07151390965771418,2.184101995696324,0.5886524822695035
3074657.1827050424,0.251870311124647,-0.05151096939996137,1.9120016023180975,0.574468085106383
1939744.5793166172,0.14169187244027825,-0.1004517268415708,1.4101963586550574,0.5460992907801419
3885868.8363460614,0.31189062178284077,-0.030399631218735967,2.3334484164927223,0.5815602836879432
2606286.639745632,0.21116813286947123,-0.053497600518188713,1.6362813188423067,0.524822695035461
2473990.492716938,0.1986147155120488,-0.06343772449313106,1.7335675542386184,0.5319148936170213
2218335.798670839,0.17275004301481256,-0.12580095402973537,1.4467407725059436,0.48936170212765956
2285119.5154786985,0.179727719268705,-0.0807438478680229,1.35462753777802,0.49645390070921985
3897654.705329716,0.31268545287144733,-0.06183755394934987,2.194339578322518,0.5957446808510638
2331776.7468392523,0.18450635040351449,-0.06424578201233978,2.0045791084681186,0.5886524822695035
2644957.730226006,0.2147411597260258,-0.055492235447045735,1.6764873659232495,0.5035460992907801
4307137.53114971,0.33917627863982247,-0.05497051374983547,2.421795295040696,0.6382978723404256
3877021.6069360543,0.31129270237462436,-0.0671152528028419,2.3180237254433096,0.5815602836879432
2696166.3228984918,0.21940883120944354,-0.060192979662362256,1.902734946567348,0.5673758865248227
2792712.8083233107,0.22801947808424128,-0.05718830332568558,2.0360374086271165,0.5815602836879432
2244609.6680390597,0.17551497451820608,-0.13341868988056269,1.6162034533685623,0.5531914893617021
3365664.3118656697,0.2747181206690892,-0.0703393481813383,1.985297935181673,0.5460992907801419
2207660.4972604555,0.17161913857894295,-0.07976659648021098,1.3101440422999324,0.49645390070921985
2126500.3254978396,0.1628751519287024,-0.08711983273305306,1.4320139819519766,0.5035460992907801
2475046.1257178364,0.198716986022057,-0.06810120462519721,1.7414096239924872,0.6028368794326241
2458850.4972969354,0.19714408685369444,-0.08842489078999928,1.7557621081761985,0.5390070921985816
1822268.7645113457,0.1275154100298943,-0.12533863934672204,1.231500906233845,0.48936170212765956
1930086.3297429527,0.140552673758487,-0.0477132136297607,1.4229625974326798,0.5390070921985816
2727215.058757093,0.222204496756929,-0.06494602472790995,1.8258845606665954,0.574468085106383
2150581.6728847376,0.16549707543972692,-0.05857674966486252,1.5752410570171784,0.5319148936170213
3423159.3865241427,0.2790438215627684,-0.06053453435755126,2.0469982736485024,0.5673758865248227
2895382.1829571133,0.23691876890159413,-0.0477433788265678,1.8406748602082263,0.5957446808510638
2245225.6234558127,0.17557948331558082,-0.09838184753643628,1.649066146614579,0.5602836879432624
2372105.937090334,0.18857561538212586,-0.05192749109554262,1.8834735594709613,0.574468085106383
3477542.704891942,0.28308224214427824,-0.06005206128304671,2.3275534599063747,0.6028368794326241
3181500.1475101006,0.26045222589481853,-0.06659174616428648,2.1265849294006482,0.5886524822695035
2951406.7368633854,0.24166892670737328,-0.06020528970555999,1.9630423917516604,0.5886524822695035
2491505.2326201242,0.2003070604686361,-0.06743363788655536,1.812150502829928,0.5886524822695035
1996334.7815105557,0.14827702298399936,-0.08572469131641237,1.450390553106587,0.5531914893617021
1943378.0769162998,0.14211927200352115,-0.09895935950864322,1.399514458675382,0.5460992907801419
2304962.870844298,0.18176952616202713,-0.10186382499253188,1.700747956338635,0.5319148936170213
1539346.1352118177,0.09010230294269106,-0.10301397034329873,0.9313888397093603,0.4326241134751773
2243084.053574582,0.17535513644544465,-0.07579308695112394,1.5398601374475047,0.5177304964539007
2762231.113045777,0.2253269979685455,-0.062158279643352375,2.0751765228554353,0.5886524822695035
1921095.085454461,0.13948804259128877,-0.09768469528721645,1.2526964916709906,0.49645390070921985
2221993.4972916148,0.17313652551903536,-0.0752305337166668,1.7605852176979637,0.5815602836879432
3851541.847153711,0.30956459217792087,-0.050017336441568146,2.2608018989191905,0.5886524822695035
2663209.2462206907,0.21641301433649174,-0.06664346721380701,1.6974003042806314,0.524822695035461
3564330.023956775,0.28942350215029666,-0.056006874038246605,1.9879219302574545,0.5673758865248227
1838413.4254132605,0.1295062452998481,-0.13640468248052365,1.1806440254594015,0.5106382978723404
2290799.259777997,0.18031358796208252,-0.11536970564935983,1.4872646202295403,0.5319148936170213
2112013.8227825128,0.16128643013846555,-0.0901853712872832,1.4633578918685304,0.5106382978723404
4710160.263925223,0.3633492917417056,-0.0426328571187401,2.955647151204017,0.6737588652482269
1764884.2108685418,0.12032297812935844,-0.07175077513555551,1.2049723290552707,0.524822695035461
2268898.764797231,0.1780481015480273,-0.08211595009668674,1.5531379783023218,0.5390070921985816
2392081.863545945,0.19057074748582292,-0.09928447539737156,1.641464784388532,0.5319148936170213
2637759.66754439,0.21407927264084292,-0.05723020056044084,1.820484801450096,0.5673758865248227
3011426.128589476,0.2466784226981078,-0.050632498087416024,1.9476041168912184,0.5390070921985816
2320331.5392397954,0.18334126316458366,-0.12472324065650012,1.4641790160960764,0.5106382978723404
2287128.1134503367,0.17993504024122675,-0.09032151214532727,1.5773183294654762,0.5673758865248227
2769032.32017633,0.22592980828617382,-0.13221382640243315,1.796338313773971,0.5673758865248227
3366078.0831150026,0.2747494616303454,-0.08617171949546969,1.9343015815374047,0.5460992907801419
3880281.26896386,0.3115131259209174,-0.06246340551985075,2.5880921424615475,0.6382978723404256
2159778.6152872993,0.1664922220661671,-0.11888041780595292,1.3856532124145782,0.5035460992907801
2453310.2341490234,0.19660412079379608,-0.051961315728350464,1.9911935418014084,0.5673758865248227
2607320.183143016,0.21126417727927427,-0.07561891223910058,1.7352177958900208,0.5531914893617021
2173872.718759427,0.16801070311657984,-0.05023366812579796,1.6661456200472566,0.5673758865248227
2090824.6343066692,0.15894685602420466,-0.07735165239655595,1.4829604739387854,0.5460992907801419
2208168.908824304,0.17167309704361888,-0.08331240878178285,1.586172766532441,0.5035460992907801
2483868.5465317657,0.1995703470058252,-0.10398071550548085,1.6203774205204986,0.524822695035461
4062495.874666476,0.32360557153704206,-0.054768986680602934,2.315250299819401,0.6170212765957447
2567124.9606822813,0.20750629052127856,-0.10020987293189781,1.8132976860337697,0.5673758865248227
2200859.7095286264,0.17089640340504908,-0.09965579156125494,1.7488298335757642,0.5957446808510638
3395409.8685748265,0.2769633750395275,-0.042820160912722116,2.2778751467226495,0.6028368794326241
3141563.230550417,0.25727176062392765,-0.08124190043157015,1.9139093499536979,0.5602836879432624
2227077.8789981194,0.173672910707926,-0.07969945835119556,1.6974808526639404,0.5673758865248227
3960484.23261825,0.3168904788697269,-0.06781011169325504,2.2941718150447152,0.6028368794326241
1702372.3241265076,0.11227175794463218,-0.09354161680113372,1.1628973389094857,0.475177304964539
3771383.9599172915,0.30406773535159637,-0.08067568863966822,2.0793018436642186,0.6099290780141844
2803103.655705433,0.22893193958255909,-0.11487503608705864,1.8706730411553194,0.5673758865248227
3842072.9411559375,0.30892005257831245,-0.06957751650531119,2.2590777749979933,0.6099290780141844
3427883.068345112,0.27939662219222794,-0.03959701678741602,2.1153080796206387,0.6028368794326241
4705165.991730145,0.36306005202267255,-0.05252595041158448,2.6821755613869835,0.5957446808510638
2981940.490349064,0.24422749572071822,-0.09456809098560942,1.703391342794542,0.5319148936170213
2327725.7012951444,0.18409449045452297,-0.06713496067905825,1.747695788990641,0.5531914893617021
3613427.862493087,0.292956392825775,-0.055981398261328114,2.2233471307353496,0.574468085106383
2115146.376828447,0.16163071161472375,-0.06851736685025828,1.686232131897597,0.5673758865248227
2162657.738211434,0.16680305810095275,-0.05851011382779137,1.666643296628169,0.5531914893617021
2325688.602651664,0.18388716687649298,-0.08547134812320654,1.624230449643152,0.5460992907801419
1988827.0609851163,0.14741204373436423,-0.10755694544206207,1.3753433614248665,0.475177304964539
2331603.2126742224,0.18448871934685007,-0.05354353630485797,1.5689514972978056,0.5177304964539007
2826474.459550573,0.23097437700454293,-0.05418766776472391,2.221063786144875,0.6170212765957447
1957116.3609948936,0.14372951732998174,-0.11455461856668908,1.2555838886561725,0.49645390070921985
4287949.00021058,0.3379809260254074,-0.11817180774575149,2.3651142311008293,0.5957446808510638
2466252.9009977765,0.19786402421488125,-0.1069065571306399,1.594180572352619,0.5390070921985816
2267099.0415729466,0.1778611532735883,-0.1415033170973567,1.4905466502027267,0.5319148936170213
2547060.7961852243,0.20561283338734104,-0.07626198003462892,1.8545673362040338,0.574468085106383
2403595.128569294,0.19171460822931818,-0.06896945959148633,1.7383085375529834,0.5531914893617021
2672285.125948753,0.21724096277788751,-0.057655640102751114,1.9552430169893367,0.5531914893617021
2373016.1951840566,0.18866682079827468,-0.061541931327279614,1.669852315230183,0.5531914893617021
2872260.244449533,0.2349368711413098,-0.06408547015606435,1.8362464801036764,0.5390070921985816
4104478.14853769,0.32632998968485705,-0.10620283560603203,2.201255590523174,0.5815602836879432
2313424.587330029,0.1826359303042806,-0.09409098858505069,1.6580525265522204,0.5319148936170213
3494525.925400905,0.2843330348398321,-0.07209008638408672,1.9965802487289181,0.5673758865248227
3982409.7756721564,0.31834534197810904,-0.03301122504043606,2.4805380061929805,0.624113475177305
2050800.867972427,0.1544754406061104,-0.11718533334232702,1.4047906862437654,0.5460992907801419
1959075.87346564,0.14395845162100196,-0.10587216836937072,1.351815834235002,0.5177304964539007
2665977.3174166973,0.21666577095531947,-0.06875442150261085,1.7393458150799215,0.5390070921985816
1853313.0622816759,0.13133118181025205,-0.08201076204028268,1.169525882645809,0.5106382978723404
2589115.514461521,0.20956799076987953,-0.09742757753142477,1.8916881508209662,0.574468085106383
2035227.3806901341,0.15271670608951493,-0.06144987560564597,1.5107262024873125,0.5602836879432624
3407316.143759466,0.27785767630191116,-0.04741741136207364,2.2942261479728545,0.6028368794326241
2790336.068393191,0.22781038554839372,-0.07722082438212698,1.9457468771019488,0.574468085106383
1938545.7163320004,0.14155071255305574,-0.11663139384173508,1.2461434424149727,0.4397163120567376
1787503.8553198755,0.12318009279503705,-0.11677530898017781,1.2678756582334008,0.524822695035461
2545314.754685304,0.20544749555985886,-0.07264757043642116,1.7476850790696254,0.5602836879432624
2801136.5950520984,0.22875941207017014,-0.07855939280269915,1.7786391881888315,0.5319148936170213
4112288.192276447,0.3268343568464307,-0.07771120890749235,2.498601085305533,0.6382978723404256
1829089.4579563553,0.12835819995011866,-0.08400834925610479,1.2509535497860076,0.5035460992907801
2442398.576551254,0.19553778797309795,-0.06532708696898983,1.6812529587488556,0.524822695035461
2570926.423305659,0.207863699961653,-0.0839386757559023,1.8770097546325104,0.5602836879432624
2780091.518118812,0.22690749227723606,-0.09885425321518466,1.6682674954908052,0.5319148936170213
3499209.6905342084,0.2846771325477482,-0.04871350209496576,2.2333407732639765,0.5815602836879432
2849099.262032565,0.23293878923591427,-0.05010720936267731,1.939219544572543,0.5886524822695035
3224387.0711264866,0.2638322525708998,-0.06099636485687159,1.9802453413922536,0.5531914893617021
2197693.624563357,0.17055932671414675,-0.08611988509171165,1.4965429143347573,0.5035460992907801
2184826.907122892,0.1691854635265586,-0.055994050123835744,1.45376603677366,0.5531914893617021
2295312.513838824,0.1807783045411957,-0.0913811085007998,1.4906734492699782,0.524822695035461
4566762.771646904,0.35494507406697995,-0.03226322999999997,2.5486032242442307,0.6524822695035462
3759479.525340605,0.30324343173517376,-0.09554433660589352,2.1360707094554887,0.5602836879432624
3574603.621790211,0.290165957075855,-0.04402515311030187,2.145391822455979,0.5531914893617021
2591799.626158574,0.20981867638948604,-0.06668903151266191,1.9489113156114801,0.6028368794326241
2128376.8092474854,0.16308031028043235,-0.05299847648669438,1.3843890635069673,0.5390070921985816
3855029.573913968,0.3098016790467417,-0.05451101506151483,2.339702971770586,0.6170212765957447
3037263.889511987,0.24881039572933594,-0.07949214683753124,1.8374865480382019,0.5106382978723404
2011772.5858364152,0.15004749714580834,-0.09265279152274881,1.4534385203674076,0.524822695035461
4452510.343375362,0.34809651938649133,-0.068634127569599,2.5352977744071077,0.624113475177305
2593394.609613597,0.2099675432950041,-0.07443231978530028,1.869797550037674,0.5673758865248227
1815008.1372802,0.12661548266923894,-0.07825065431928174,1.1674388364277344,0.5106382978723404
3007921.550275017,0.24638812054718273,-0.04674419921581444,2.1518426594603373,0.5886524822695035
3156835.619686368,0.25849181014543454,-0.04416596185405346,2.041333201738612,0.5673758865248227
2352969.994633303,0.18665173296949455,-0.04822367426449416,1.7362015511274107,0.5886524822695035
2059729.103113334,0.15547890472584447,-0.0655208341483813,1.4398200749844046,0.5390070921985816
2614357.446244624,0.21191732275780684,-0.0894233240801052,1.8149298123784465,0.5460992907801419
3138229.023491936,0.2570047734694474,-0.08168286217668062,2.054997694406523,0.5531914893617021
4223587.192844931,0.33393999141161235,-0.042338106133207404,2.3558010623782244,0.5886524822695035
2972741.3888593176,0.24345887374129105,-0.04861122844245269,2.0929307840646687,0.5886524822695035
2027798.9253907993,0.15187400579131283,-0.08194599592112062,1.3390772415223338,0.48226950354609927
2807393.303174174,0.2293078415429215,-0.0499972531221051,1.8312468305218976,0.5460992907801419
3024969.9129952313,0.24779778936037666,-0.04316691384437765,2.0472799995451023,0.6099290780141844
2256118.1561511196,0.17671792222027127,-0.061087744061360486,1.6713764796164357,0.5602836879432624
1899013.5586299542,0.13685640547737865,-0.10703081729020235,1.3474893260778775,0.48226950354609927
2031180.488285209,0.15225792342045463,-0.07787159087589399,1.3659663640137703,0.5319148936170213
2410571.5189621556,0.19240559238744348,-0.07138719756950533,1.6165040091908047,0.5531914893617021
1623935.5524939278,0.10182788167606183,-0.08606517467750983,1.0562326584648667,0.5106382978723404
1990704.1117971616,0.14762854703207595,-0.11466659908011839,1.308081775247285,0.5106382978723404
3180284.461598132,0.2603558846594298,-0.09160627995098912,1.8482019296481966,0.5602836879432624
2275563.9854315235,0.17873942725775738,-0.08381511238816147,1.6481230003812901,0.5531914893617021
2135789.851593086,0.16388937535087056,-0.09981587396827984,1.4398963781403968,0.5673758865248227
2785099.048071481,0.2273491579030651,-0.061549069561413025,2.076489783724383,0.6028368794326241
2484661.37714806,0.1996469158479517,-0.11329504995916076,1.6707845349772599,0.5177304964539007
2238490.236735547,0.17487331813870788,-0.10585237544811149,1.3598035246973632,0.5035460992907801
2713644.814200859,0.22098576456692087,-0.08406543610842925,1.611281240733953,0.49645390070921985
1498138.698808022,0.08420250036602428,-0.11568837716922299,0.9368207001391524,0.48936170212765956
2443444.557055117,0.19564017052997285,-0.09936950529331957,1.7060192584868252,0.524822695035461
2431835.523871016,0.1945018856179328,-0.09400052632867742,1.4607348975449654,0.46099290780141844
3501820.562820429,0.2848687830984562,-0.06241338520728246,2.2962147749417996,0.624113475177305
2817009.9133198285,0.23014887863303235,-0.0651474856573525,1.6930060034361583,0.5106382978723404
2523331.639043855,0.2033580473941028,-0.09469011157629638,1.8005480044320412,0.5531914893617021
2271485.6667774343,0.1783166111981047,-0.08664669549005795,1.689813189053993,0.5319148936170213
2866645.3853398645,0.2344536680672047,-0.06898430253621055,1.802594036348663,0.5531914893617021
3386528.312065012,0.27629463058617576,-0.05026714359682035,2.11658140435265,0.5602836879432624
2735374.295233956,0.22293493735248138,-0.09980122326254823,1.7720073998951509,0.5460992907801419
4090784.1812881557,0.3254437865536175,-0.04639213632666079,2.6666437533610807,0.6453900709219859
2731606.7981626233,0.2225978760400278,-0.09531222883443217,1.7544185376381372,0.5673758865248227
3445196.508217346,0.28068640599539463,-0.0514613144208668,2.2050073212575017,0.5886524822695035
3648628.144755719,0.2954657062610566,-0.06377001844380056,2.0767323859908458,0.5957446808510638
4372842.635916277,0.34323738244602153,-0.04324453943840795,2.4109502027071334,0.6099290780141844
2440392.2732206257,0.19534130898793967,-0.0743847520309248,1.526405366178082,0.5319148936170213
2437735.022845108,0.1950808831939641,-0.08462808863359807,1.7363280987641083,0.5602836879432624
4201533.031423351,0.33254399478151453,-0.053352444695232815,2.630845498919675,0.6737588652482269
2898441.4327388764,0.23718004323192932,-0.052757220429845264,2.0023354731225447,0.5815602836879432
2433905.4468351766,0.19470516297495544,-0.06642281326399709,1.7171749242652208,0.5602836879432624
2191954.3752268846,0.16994730686688886,-0.10363087348268736,1.4696636596549078,0.46808510638297873
2616570.349986019,0.21212241704033752,-0.08951778787936077,1.7813254324965109,0.5390070921985816
1994004.370391144,0.1480088106631703,-0.07039479500454583,1.4484147884818257,0.5531914893617021
3913529.3063442316,0.3137529918627777,-0.0707131406767071,2.363318246177159,0.6028368794326241
2313512.2979326705,0.18264489780100757,-0.10760451109923552,1.5730626795132727,0.524822695035461
2722584.069509804,0.22178913793024457,-0.07321642555970173,1.99427562641684,0.5815602836879432
2425002.0476080505,0.19382981791533327,-0.09565146357688244,1.5608147851366825,0.5673758865248227
2422943.897571497,0.19362710340948452,-0.10030739625293389,1.6645488198868619,0.5602836879432624
3543858.906639019,0.2879389712771492,-0.03796986453798814,2.2438978912050476,0.6170212765957447
1846021.8804363355,0.1304396160053527,-0.10379997202936007,1.1399446900934562,0.475177304964539
2061031.9856380722,0.15562504748848793,-0.08110612259358081,1.3493421757167006,0.45390070921985815
3471795.834968862,0.2826578858429072,-0.06024371984603393,2.074186295401774,0.5815602836879432
2797538.558427905,0.22844358351083138,-0.03496960102826867,2.002993285773817,0.574468085106383
2424511.0341347707,0.1937814687596635,-0.07502859871345952,1.7895115935401642,0.5957446808510638
2553370.401993716,0.20620955375877537,-0.06407446279357785,1.7490527061970567,0.5673758865248227
5394001.511027306,0.40081960990875176,-0.052064294430286935,2.782119855369449,0.6595744680851063
2891397.8582846615,0.23657815749919453,-0.04755927822962269,2.1630011477329716,0.624113475177305
2493080.8434909047,0.20045883527628194,-0.04537077379553986,1.59233950699536,0.5106382978723404
2348250.5984198917,0.18617533266203434,-0.10060522965514349,1.629976273094881,0.5460992907801419
4192594.8702760087,0.3319765523276863,-0.04195143095526996,2.5854665294950583,0.6524822695035462
4040418.52182958,0.32216382550827327,-0.06986661388105951,2.2025160332919205,0.6099290780141844
3136542.2162909,0.25686961566502364,-0.05679701455260271,2.16542811958016,0.5957446808510638
2732296.9573404193,0.2226596493437809,-0.09074585349916892,1.82715807245063,0.5390070921985816
2312748.0487783197,0.18256675213329165,-0.08866652030220008,1.5919296017030076,0.5460992907801419
3045826.475352479,0.24951372666922378,-0.08793494678053693,2.029758972845589,0.5957446808510638
2584054.992295378,0.20909479158363498,-0.07578198780644485,2.1498757349765136,0.6099290780141844
2417746.7346690986,0.19311460257149116,-0.059789060405816545,1.6296199555096413,0.5531914893617021
4014902.2091130456,0.3204896280260001,-0.0913941237487348,2.2432061275028348,0.6170212765957447
4359623.585312252,0.342424280567067,-0.0774738807009096,2.420196682404869,0.6099290780141844
2324618.6140091433,0.18377821170474817,-0.09207044208210102,1.611616898196347,0.5815602836879432
2485638.0620642495,0.19974121383751808,-0.08992534061656318,1.6638202885542666,0.524822695035461
3278100.3675387283,0.2680151700133824,-0.08412213872166195,2.216126548808046,0.6312056737588653
2314467.2361963363,0.18274251270880093,-0.09290957119619007,1.529689994840252,0.5390070921985816
2053460.9132724642,0.154774773900759,-0.07267010011140315,1.3655732396623215,0.5106382978723404
1996794.779705368,0.14832993562023833,-0.06794034521080915,1.4745074431543013,0.5460992907801419
2357897.964214447,0.18714837260832695,-0.08914201740928752,1.5784348734780684,0.5319148936170213
3319310.4575236933,0.2711873863615035,-0.05465607794064339,2.3145683733411015,0.6028368794326241
4409323.588319996,0.345471163670656,-0.06410447660279625,2.3619201888852497,0.6170212765957447
3002394.142290156,0.24592970665041136,-0.07933600059216918,2.0074705655539002,0.5957446808510638
2782117.454021587,0.22708625701900842,-0.07026164791971154,2.0587168371668283,0.5460992907801419
2254124.1309338366,0.1765098448929594,-0.07679914546936174,1.7488500339680308,0.6312056737588653
2013716.3289381873,0.15026964287772127,-0.07245708827842987,1.3152705055288318,0.5035460992907801
2942572.8574825902,0.2409247453452099,-0.10632249886930455,1.78983155523719,0.5319148936170213
2983133.9653169657,0.2443270762925307,-0.0882747345083516,1.9821169822167106,0.6028368794326241
3678266.68775003,0.2975635666447285,-0.04612870170362254,2.2583616829414535,0.6170212765957447
2590634.705223525,0.20970990281474444,-0.076644855972879,1.792612464669485,0.5673758865248227
2885608.7070905967,0.23608258556825712,-0.06600119092633418,1.7041495605808636,0.5319148936170213
2803361.6142881545,0.2289545575026628,-0.06320500716272165,1.9709247645774315,0.5460992907801419
3630517.5681609535,0.29417709303577033,-0.06043830315034194,2.1214538837900268,0.5673758865248227
2913219.907241208,0.2384390962942311,-0.07806904756173692,1.8984650205551292,0.5886524822695035
2360459.755543358,0.18740622138979113,-0.05053890646954003,1.73346895694682,0.5460992907801419
2952771.4358898927,0.24178373237159945,-0.14139427753836112,1.7884277090311813,0.5531914893617021
2847634.824371317,0.2328120170058785,-0.08242929189827736,2.014971763428183,0.574468085106383
2863656.0530910287,0.23419610343138353,-0.05380410085675134,1.9591033549641153,0.5531914893617021
2251549.7520504277,0.17624098954052458,-0.09188309642895547,1.5305148309712384,0.5106382978723404
3067129.1625255286,0.25125669161434727,-0.06677090818699404,1.9161573289032445,0.5602836879432624
2819057.5661630356,0.23032766293670281,-0.07875159657049803,1.9289120822809074,0.574468085106383
2487680.5204690257,0.1999383154631862,-0.0707965380203024,1.7110842486331603,0.524822695035461
2571277.008655282,0.20789664032256905,-0.05773921514174177,1.668739090384441,0.5035460992907801
2542454.684501194,0.20517647091885505,-0.0569749331294424,2.1218116909103237,0.6028368794326241
2710644.2275868235,0.2207156264098198,-0.07067107767516315,1.6848067303575192,0.5460992907801419
3738219.122446298,0.3017660799005848,-0.052555390524698736,2.2235486199793653,0.5957446808510638
2274628.5733297677,0.1786425028490768,-0.06409661818195929,1.5212303612414937,0.5319148936170213
3402326.6112362104,0.27748320853312936,-0.054924214432416324,2.3924232984142906,0.6170212765957447
2421831.1877629682,0.19351745129319653,-0.0721004117365471,1.537585597574814,0.5531914893617021
1963262.1265102553,0.14444692800828962,-0.06026230495436352,1.3981451609907642,0.5106382978723404
1993874.1366243733,0.1479938143652666,-0.07859707524316478,1.2839274131932308,0.48936170212765956
2378319.3252263186,0.18919762437332732,-0.09450088651246945,1.5013661781751773,0.5106382978723404
3184492.026096396,0.2606892022962801,-0.07237799744355025,2.113482371222161,0.5673758865248227
3014020.285241988,0.24689313593881312,-0.06673722681404708,1.9725033151433098,0.5886524822695035
3723537.737308635,0.3007419653123842,-0.06692331600772265,2.3471104231228317,0.5886524822695035
3062158.2394189844,0.2508508438879964,-0.1185990296958128,2.0135666214427372,0.6028368794326241
2813582.596254455,0.2298494005561389,-0.05651681190862726,2.005620185719826,0.5957446808510638
2599515.4511577836,0.2105381496878309,-0.044126294670416254,1.8295975750970814,0.5390070921985816
3250749.974441257,0.26589216987158104,-0.060051150634315854,1.9442678085257068,0.574468085106383
1681613.530057447,0.10954581222263204,-0.058124165908380064,1.1606404312078848,0.49645390070921985
3941824.9996267906,0.315647267009626,-0.09707669651544946,1.9933688231840743,0.5602836879432624
3050734.3647512184,0.2499161479112979,-0.08698939612271853,1.995360336534848,0.5815602836879432
3155998.3708561608,0.2584250481900152,-0.08139689415349549,2.0375143639683855,0.5815602836879432
1913783.4536563607,0.13861934744808413,-0.09202510976766382,1.3908312910032603,0.5319148936170213
2588253.2505209106,0.20948741454054232,-0.08911954267636257,1.7061946370983405,0.5531914893617021
2840590.315187381,0.2322014638649248,-0.057223595761678514,2.1008295790648366,0.5815602836879432
2722738.023978354,0.22180295536530958,-0.07622884500463797,2.0009125932178917,0.6312056737588653
3737296.6816992876,0.30170182895236186,-0.0357288044999999,2.3165587326331285,0.5957446808510638
3663091.5355438003,0.2964911430501389,-0.06261175444639028,2.2104300591300503,0.6028368794326241
2348012.0125704273,0.18615122823708652,-0.07508079007533411,1.6724581251666786,0.5177304964539007
3457507.0436440906,0.28160034221343366,-0.09072008653134456,2.019638875813042,0.5602836879432624
2244951.4272581865,0.1755507685914759,-0.06434658567051006,1.5130710566938144,0.49645390070921985
2572850.5890870215,0.20804444683244228,-0.06447474567763196,1.9706369989716077,0.574468085106383
2718114.4112816737,0.22138771271213287,-0.0980637449915753,1.8610631026000342,0.574468085106383
2495178.9440187626,0.20066082117591222,-0.047960208708847006,2.2118628642764886,0.6312056737588653
2888066.881571,0.2362931111200577,-0.07533368820902749,1.963660653653662,0.574468085106383
2686497.837750395,0.21853301105322864,-0.05942216251502612,1.946309426074915,0.5390070921985816
3000970.051887865,0.24581149077433362,-0.061443779633590566,2.0105833871229093,0.5602836879432624
2023372.4589738324,0.15137068276734755,-0.10190133435130254,1.318666179447463,0.524822695035461
2423811.689357855,0.19371259209415603,-0.08080147698385069,1.822416158912935,0.6099290780141844
4495140.48852999,0.3506681343677718,-0.059312632824985695,2.414801647143387,0.6099290780141844
2022330.6535372287,0.15125209349319935,-0.09187873956347999,1.3993340144107433,0.5319148936170213
3130733.9347676733,0.2564037736293405,-0.06556589710377296,1.947811101435356,0.574468085106383
2667088.404355468,0.216767166877748,-0.09573304988539345,1.772166900070836,0.5815602836879432
3626307.645085257,0.29387680995878807,-0.07862395098960309,2.451274237813003,0.624113475177305
2410142.450788765,0.19236314106701946,-0.08718883859866966,1.5129928306204514,0.5035460992907801
2384676.4398247013,0.1898326775049839,-0.05836536965946172,1.5902984698108813,0.524822695035461
2629802.039432162,0.21334585700631092,-0.07760149674457419,1.5545894804396394,0.48936170212765956
2534991.8767968044,0.20446813350818838,-0.07424015140925115,1.7167571958813135,0.5602836879432624
2727716.225488324,0.22224941314231095,-0.05338592657416523,1.7636446944167588,0.5673758865248227
1938201.4254367577,0.14151016118123017,-0.09752093458558209,1.2625902183723912,0.5035460992907801
2898560.383164131,0.23719019770149075,-0.0645541676885199,1.956117912340116,0.5390070921985816
2104426.587540721,0.16045086347300752,-0.04948393929427435,1.547335924832717,0.5390070921985816
2697195.611336088,0.2195019212967677,-0.058421180291186425,1.8377777987683621,0.5390070921985816
2334275.94356615,0.1847601522366702,-0.06211317553257933,1.5952335072905026,0.574468085106383
3157999.32527326,0.25858458013595254,-0.05027952984529873,2.1265538270108713,0.5815602836879432
2328619.562260335,0.18418541640045394,-0.07441701186904529,1.6067027000251874,0.5177304964539007
2334351.51562032,0.1847678234461687,-0.06652697503337483,1.6668237630494347,0.5390070921985816
3578470.544399945,0.2904449706424612,-0.051554372827412355,2.42558233884455,0.6028368794326241
2844370.9673099783,0.23252928635651848,-0.049322659981929556,1.8294664057147627,0.5531914893617021
2846840.5976819694,0.2327432412308612,-0.06536845791365865,1.8626605041657218,0.5815602836879432
2906948.9352307143,0.23790546596055973,-0.06660391355319373,1.855534023730684,0.5390070921985816
2318453.535872371,0.18314964928018562,-0.054742196147594506,1.7618701851858676,0.5602836879432624
4395007.425642181,0.3445963333984863,-0.06970845248650397,2.536255500126052,0.6312056737588653
3172103.308352716,0.2597067734752969,-0.05532647768452744,2.016305235688526,0.5673758865248227
2402049.756314229,0.19156132812983873,-0.09283629043615006,1.5618015612392362,0.5106382978723404
2671354.480013126,0.2171561680692402,-0.08198144063840214,1.9664451350846759,0.6099290780141844
2903544.3374581113,0.23761536481985024,-0.06704770183817653,1.839921248308817,0.5957446808510638
3104049.0178726176,0.25425463374125656,-0.0710683151902482,1.9546414145429216,0.5673758865248227
2498122.72711381,0.20094399270865893,-0.08482699571776485,1.7793574209371417,0.5460992907801419
4141716.8510609264,0.32872798195181674,-0.05524566462493197,2.2910222415048556,0.5673758865248227
1829083.3907180398,0.1283574513779635,-0.09946881427906018,1.2626396086305147,0.5106382978723404
4905609.911298427,0.3744805611289286,-0.0442224632034488,2.542461943439157,0.6453900709219859
4626551.510835156,0.3584744678004306,-0.05299657427058821,2.592338871935424,0.6737588652482269
2752456.6680097426,0.22445857823247373,-0.07857329772349096,1.932577831727873,0.574468085106383
3404281.3926106957,0.27762996849865584,-0.06385682103886539,2.0045721510210397,0.5673758865248227
1888995.4343238494,0.13565438369911798,-0.07395774563813877,1.2552730584913856,0.5319148936170213
2356092.5540659796,0.18696652025602511,-0.054329016426328425,1.6413120790289615,0.5460992907801419
2932164.568386911,0.24004563599843465,-0.08132730097535838,1.9394910277474826,0.5390070921985816
2495437.282192437,0.20068568221280447,-0.07919114500731735,1.7124739336976984,0.5531914893617021
2658345.597318279,0.21596839795289058,-0.0596450751494023,1.7980014903165238,0.574468085106383
2754772.68457019,0.22466456965672554,-0.08179810731862008,1.7529338693711811,0.49645390070921985
2522027.8424524707,0.20323366750984273,-0.09130866325304866,1.6003526910342667,0.5106382978723404
2830539.250690772,0.2313282296903041,-0.0537072478399766,1.9018383465377484,0.5673758865248227
2385877.352518643,0.18995249228547317,-0.09769612556441863,1.633150499601367,0.5531914893617021
2088991.758212819,0.15874359160888707,-0.07253136453453284,1.6158407026622377,0.5319148936170213
2061889.3696224457,0.15572117890082948,-0.10668438670076015,1.5460859155010203,0.5531914893617021
2567363.3682032432,0.2075287177807399,-0.0545310293733682,1.7585848441004366,0.5602836879432624
2919332.61092908,0.2389583750125852,-0.05178014206354808,2.080488602804322,0.6099290780141844
2510569.9172540694,0.20213838352066427,-0.06673369280921923,1.7308921140373053,0.5531914893617021
2033135.0633723177,0.15247959827903146,-0.08058261426159265,1.4157790896520632,0.5177304964539007
2269734.5597858108,0.17813488035605118,-0.09235139868845092,1.661767170565283,0.574468085106383
2526693.4653049284,0.20367852262869324,-0.0649121132005711,1.7452737994954841,0.5602836879432624
3395517.9540508166,0.276971504805426,-0.05575920356241954,2.2694830036667364,0.6170212765957447
2002526.241244391,0.14898839740678826,-0.11028122254439193,1.3470969453192219,0.524822695035461
2650579.9393488644,0.2152571399489711,-0.053577089778657626,1.6260546666392526,0.5390070921985816
2503403.2523640906,0.20145127442413235,-0.08149044439145298,1.7996326135737883,0.5673758865248227
3418862.6806168607,0.27872257233985764,-0.04038873289573926,2.1536038058626104,0.6099290780141844
3172251.134080237,0.25971851417735037,-0.05674514352467216,2.087058699726819,0.6099290780141844
3923690.5650582905,0.3144345015785637,-0.06846892188331688,2.4052879304430346,0.6099290780141844
2262852.4432488787,0.17741956205634546,-0.061216000826729,1.4545899378291747,0.5106382978723404
1830030.3517863273,0.12847426282287722,-0.10249744177264329,1.0908965040927663,0.46099290780141844
4088666.0004837597,0.3253064969225685,-0.07110002923938978,2.2920584787231153,0.5815602836879432
5016171.865986899,0.3806210211373777,-0.07795642843999001,2.7606694567692966,0.6524822695035462
2378915.2119104844,0.1892572089727469,-0.12246880497716736,1.6983826045274601,0.5602836879432624
2526047.163884619,0.2036169386845299,-0.07650185078778286,1.8579366207752064,0.6099290780141844
2787843.4355364344,0.22759094426229054,-0.045671008847264834,2.199608427552987,0.5957446808510638
2701667.25651075,0.2199060126537251,-0.07000926229948667,1.9016312469138754,0.6028368794326241
3545290.8374548834,0.28804303532425424,-0.041013695582067945,2.4584768409606976,0.6524822695035462
2357828.4538521045,0.18714137314627544,-0.06495234443772208,1.5977759156747409,0.5035460992907801
2640266.1459822925,0.21430991590763382,-0.06300703759967713,1.9234164572876609,0.5390070921985816
1965547.9138295036,0.14471329537771682,-0.13860861226144772,1.3148477381961292,0.49645390070921985
2571874.202641395,0.2079527433096373,-0.07145375338520152,1.714988699149867,0.5390070921985816
3187988.527631813,0.2609659225401746,-0.1329188140456659,2.0660030749083202,0.5815602836879432
3973041.688928937,0.31772451129076296,-0.05914384915203601,2.4340215565537546,0.6453900709219859
4088707.4601253006,0.3253091846700844,-0.03976081421490955,2.59000419662364,0.6524822695035462
2157106.557020897,0.16620344442886337,-0.06261403486036002,1.473219311484948,0.5319148936170213
3742756.2765896986,0.30208192270220424,-0.1030638533058602,2.1671920857293046,0.5886524822695035
1971682.461224328,0.1454269434710005,-0.10158942985005476,1.3915582521864862,0.5177304964539007
2298217.614683574,0.18107704771541,-0.06630721444758991,1.5891919499367242,0.5460992907801419
1642526.85312563,0.10433921876755048,-0.07510220756069536,1.0517475656553503,0.5106382978723404
2638458.3096017265,0.21414357849876087,-0.06073145529476515,1.806337324021126,0.5035460992907801
2317132.988960954,0.183014838667942,-0.10118062886450777,1.645732912959263,0.574468085106383
2197913.156264537,0.1705827116491705,-0.1325306829745471,1.461082257720549,0.5035460992907801
2994188.833907963,0.24524795528370125,-0.07221494005989662,1.9940456919547291,0.5886524822695035
2901738.453373341,0.2374613774260621,-0.0475600125823722,2.0260446363861107,0.5673758865248227
2804792.3662018976,0.22907997623041787,-0.057934014799925354,1.8948585240075757,0.5957446808510638
2857314.670932188,0.2336490090351766,-0.06140205060127722,2.2371756366617426,0.6312056737588653
3524883.4560769354,0.2865567641830151,-0.044756828384687565,2.4075452364706917,0.6170212765957447
1968222.6674302034,0.1450246752948363,-0.06163067800505621,1.2558593556934812,0.5106382978723404
2276788.2252016,0.1788662309206619,-0.09490181338325228,1.536158449902646,0.5390070921985816
2265706.2385482853,0.17771639278081008,-0.08795979596746162,1.6235978452531388,0.5531914893617021
2395259.0341402492,0.19088684355075514,-0.14056622650136483,1.5452933404987284,0.48226950354609927
2304852.2151927305,0.18175817916899595,-0.09112476242021222,1.7353251722955,0.5460992907801419
2238769.5469380915,0.17490263591029986,-0.04633619631911456,1.884570188258549,0.6028368794326241
3662482.847715679,0.2964480531721658,-0.0485845686084334,2.3766275139797868,0.6595744680851063
2398400.495663642,0.19119905730664866,-0.10429284285448794,1.6680892933820697,0.5460992907801419
3309753.1195684695,0.27045451220934913,-0.09137125389650451,2.2059657255075598,0.574468085106383
2074420.052276579,0.15712250517460835,-0.05664459567111211,1.4647279505101864,0.5319148936170213
2416947.5881032688,0.193035719245076,-0.06550180877197306,1.5359568759248192,0.5390070921985816
2650353.992605238,0.21523642050169034,-0.07468740429945035,1.8077393194119835,0.5531914893617021
4487891.537807617,0.3502322303729415,-0.07570551474360229,2.4655951560014193,0.6028368794326241
2957441.215195774,0.24217625791886355,-0.10642462667537993,1.6774931686917014,0.524822695035461
2996881.745936938,0.2454718648407217,-0.06049133006268888,1.9044097807192522,0.574468085106383
2856376.4872106463,0.23356798600546913,-0.05619398297253898,1.9738040022205219,0.5602836879432624
3678745.587352877,0.2975973526841915,-0.08460609852223872,2.2086573948810186,0.5815602836879432
2308399.6195420874,0.18212172487341705,-0.08158286900613318,1.6264916588082527,0.5673758865248227
3166515.2042672094,0.2592626304277206,-0.07054055077329528,1.9817534856328671,0.624113475177305
2249734.1797646037,0.17605123226890584,-0.08374487962094225,1.6049274381508798,0.5886524822695035
2849680.3512289575,0.23298907803964997,-0.07731307551519945,1.7887167124317769,0.5177304964539007
2731626.645080708,0.22259965263023052,-0.08138573809950479,1.92309146391892,0.574468085106383
3692519.112078296,0.2985675629009119,-0.035292597852313874,2.551704120304198,0.6099290780141844
2552659.8754298063,0.2061424158816605,-0.10753985097214364,2.186384428452017,0.6170212765957447
2529855.9065286503,0.20397967972001618,-0.08096948100763565,1.6525372210297833,0.5319148936170213
2463368.339738803,0.19758368558109063,-0.06656403800645265,1.8417059917725163,0.5531914893617021
3529516.426173728,0.28689478657825296,-0.09591255970713973,2.0747655772271254,0.5673758865248227
2374901.024515469,0.188855586692386,-0.083646703298467,1.7521496354727322,0.5390070921985816
3891818.6849510567,0.31229211626007003,-0.05390476997882269,2.613455555804171,0.624113475177305
2417425.2836782476,0.1930828748256468,-0.05678363191538245,1.6162429293680483,0.5673758865248227
4099582.416265656,0.32601343510366165,-0.08106335380781546,2.1928293914181824,0.574468085106383
3130916.393458519,0.25641841789158715,-0.061165072150941815,2.0747296549438703,0.5886524822695035
3005274.066904233,0.24616863648598009,-0.0792543671876484,2.0757553708935963,0.5886524822695035
3299056.1991531528,0.2696322421958506,-0.08113434664833831,2.0094898832220576,0.6028368794326241
2558795.138912465,0.20672164678775817,-0.0768285213680192,1.7650543259995557,0.5531914893617021
2962698.070570391,0.24261753824310617,-0.06099990463467674,1.7795620488675032,0.5460992907801419
1908215.2833370296,0.1379560103399904,-0.14207079319779903,1.4471867613396376,0.5319148936170213
2520213.799332002,0.20306052540688957,-0.07913865090146753,1.7298503044270719,0.5531914893617021
2406529.9763897867,0.19200548867054534,-0.0781086153600353,2.003060615955541,0.5886524822695035
2708056.417150622,0.220482457657603,-0.05259854236433723,1.8178715469633133,0.5602836879432624
3046384.54728609,0.24955951177525426,-0.046230079898242744,2.011612904352383,0.5815602836879432
1710624.8621489322,0.11334805807122827,-0.1277019591212518,1.1041671150584518,0.5319148936170213
2339888.147252549,0.18532929917435448,-0.06919640859058117,1.649213740481519,0.5460992907801419
2489695.0824472476,0.20013259824379137,-0.053759784965955806,1.8575159894874964,0.5886524822695035
3775069.0792031344,0.3043224836362448,-0.064899022304629,2.09047868902016,0.5673758865248227
3390654.4551922204,0.2766054863763543,-0.05135626600377056,2.1261834123151493,0.5673758865248227
3491380.4417398013,0.2841017414407241,-0.054317653043789466,2.204680263353289,0.5815602836879432
3051330.877731654,0.2499650235464681,-0.04829875571617609,2.1217106660245375,0.624113475177305
2645457.8683295185,0.21478709561272114,-0.09911284285309305,1.8230485739017046,0.5319148936170213
5144152.189665473,0.38759511337835817,-0.04192419468452495,2.912339027191258,0.6737588652482269
3344948.9425901626,0.2731450874405348,-0.04368012316077877,1.9956839772044765,0.5815602836879432
2385819.972306327,0.18994676857268988,-0.08029811643922376,1.6425938476114441,0.5886524822695035
2420284.6956362333,0.19336498509434064,-0.08571404886958504,1.631595759137147,0.5390070921985816
2248710.5099402773,0.17594418785935928,-0.11984402055233391,1.4824223509148808,0.5177304964539007
2225269.3440123782,0.17348222870591212,-0.057509692869578556,1.5610251775326827,0.5177304964539007
2692083.878879302,0.21903932981040253,-0.06836647857477297,1.8242448640829039,0.5390070921985816
2786984.6341829887,0.22751530251846508,-0.07446795906123131,2.0424848069807533,0.574468085106383
2019538.1633468198,0.15093398158485272,-0.07923516592179562,1.4007217136148082,0.524822695035461
2495845.6276113237,0.20072497491812813,-0.05746960403570707,1.6166216101845792,0.5319148936170213
2602887.2229347797,0.21085201913013374,-0.05544998031345022,1.8324567970494672,0.5531914893617021
3697423.076303764,0.2989123003777736,-0.06790224801843375,2.4043723218544124,0.6170212765957447
2329289.770348985,0.1842535734582944,-0.08927694599934119,1.6492680919158602,0.5602836879432624
3469679.788456441,0.2825014926777474,-0.09144843850617772,2.3125407050340963,0.6312056737588653
2052195.4844072554,0.15463241466151945,-0.0845574708285678,1.261838637632896,0.475177304964539
2466970.828549366,0.19793375586867645,-0.05733564984319203,1.699757836453399,0.574468085106383
1789639.413470992,0.1234483407152569,-0.07197247313008305,1.2143578578809062,0.5177304964539007
2480736.494667529,0.19926767293661252,-0.08799919169246148,1.6421480456496746,0.48936170212765956
2851858.2276148205,0.23317748354088708,-0.042833147725659694,2.018360222133323,0.5957446808510638
3075116.8192154854,0.25190773779453846,-0.09315069102998352,2.1392720671910266,0.6099290780141844
3699920.1704990664,0.299087699862159,-0.08615411871306805,2.4697185406027238,0.624113475177305
3352416.8629635554,0.2737130642242003,-0.0654219662567502,2.219779293991025,0.5957446808510638
3877092.4555279636,0.3112974948453344,-0.061999004848109406,2.243781633340683,0.624113475177305
3015864.138704823,0.24704565819283797,-0.07555415366266476,1.9802252582430542,0.5602836879432624
2774860.3971457835,0.22644542564764447,-0.048454215259214437,2.0012391374199936,0.5815602836879432
3596816.8506386112,0.29176545077556915,-0.03592950340060004,2.4660068275433056,0.6312056737588653
2865014.1613358506,0.2343131463994521,-0.05695351731309305,1.980457950294409,0.6028368794326241
2066122.2445507878,0.1561953082174139,-0.09863231235677226,1.4814734901047757,0.5390070921985816
3773873.442530025,0.30423985238533535,-0.09629981778864931,2.1875862960749006,0.624113475177305
3289517.0940768807,0.268897172128691,-0.09152160827060356,2.0058350344205103,0.5815602836879432
3788443.276756634,0.3052453593886584,-0.09377383614180945,2.1015566476947036,0.5815602836879432
4026005.1519938135,0.3212191665825903,-0.06882840549971643,2.165270748652285,0.5886524822695035
2722033.9829082657,0.22173976247359972,-0.09562926380684512,1.6803978124416719,0.49645390070921985
5570785.3661917215,0.4098836858228838,-0.0371175297652,2.732571673002177,0.6524822695035462
2629280.366756831,0.21329771500926653,-0.12364643034400333,1.6479006166479964,0.5177304964539007
2670556.9642961877,0.2170834845582592,-0.16057363038768582,1.7982685811492056,0.524822695035461
4892308.640377482,0.37373438686879923,-0.04785339976392558,2.3884175564662233,0.6382978723404256
3554223.364347914,0.2886914391726034,-0.058259140282408334,2.466122839757761,0.624113475177305
3048548.209622455,0.2497369586503626,-0.08046153932436338,2.0786986756455654,0.6170212765957447
3495465.027476086,0.28440205651625705,-0.08499775351873148,2.1280363227942733,0.574468085106383
2252182.5892610033,0.1763071027048524,-0.05075196440224156,1.7930675181678346,0.5815602836879432
1963936.9465188393,0.14452559193346515,-0.07250856567716474,1.4849627760436273,0.5319148936170213
2263037.6134233084,0.17743883117398673,-0.06377497010876744,1.7021263014916395,0.5602836879432624
2258291.313643851,0.17694452459629284,-0.0855178268866629,1.4837114904737476,0.5531914893617021
3417155.0437566484,0.2785948087884289,-0.04971220220070124,2.058569241699048,0.5886524822695035
4014965.076061829,0.32049376335132274,-0.04318109166334887,2.652302846983994,0.6453900709219859
1783405.0410106173,0.12266452075516332,-0.08524372142440398,1.1456131576864124,0.48226950354609927
3457655.7915427675,0.28161136935379494,-0.08775812150976539,2.3203646310679784,0.574468085106383
2485575.365278892,0.1997351614135987,-0.12472422412244953,1.9108414147072732,0.6028368794326241
2017924.454475963,0.15074999236250597,-0.09417585422484359,1.3293757306275225,0.5602836879432624
3558817.8477416565,0.289024440881233,-0.07514889547982802,2.077413632190848,0.5815602836879432
2630873.257137825,0.21344468922419169,-0.11394464647226009,1.7920087453560218,0.5460992907801419
3905196.409450464,0.3131930520648709,-0.05853634316544205,2.192313484252796,0.5886524822695035
2773927.0125504714,0.2263629062298358,-0.05920010820294184,1.9614404101398548,0.5531914893617021
2141030.501144379,0.16445998940103634,-0.052679640195764106,1.6092598561647744,0.524822695035461
2964869.988429974,0.24279967439779315,-0.08189083021151296,1.9757900498904262,0.5602836879432624
2387826.267196113,0.19014683240897745,-0.06933732461303099,1.675342761641484,0.524822695035461
3191420.5713702915,0.26123730543671364,-0.07853844957112147,2.178586465852827,0.5815602836879432
4766895.305492969,0.3666179563706351,-0.05434794973022978,2.6580963398296276,0.6737588652482269
1637443.7782547905,0.10365485850362988,-0.10064637861058774,1.0542794450720374,0.48226950354609927
2550785.4722023965,0.20596523116640708,-0.07353461578259508,1.7859691117491991,0.5460992907801419
2904081.795799744,0.23766117899588157,-0.07870635708522576,1.881298519513729,0.5390070921985816
2174123.545687555,0.16803765547802318,-0.07029529464302185,1.4415392208379472,0.5106382978723404
2588066.385093826,0.20946994964142607,-0.053561843129619965,1.7870198158005814,0.5815602836879432
2134310.8588872626,0.16372813655639606,-0.05954926838312818,1.4826268641208218,0.5390070921985816
2717812.1130031175,0.22136054389039295,-0.0947400931119687,1.8704660496253618,0.5531914893617021
3588442.9446550184,0.2911634067734765,-0.05704501276202669,2.2158314106989025,0.6382978723404256
1791982.0462958294,0.1237423049630173,-0.0716148569770101,1.223923890141338,0.5319148936170213
2339145.5153465504,0.18525404983990024,-0.0869405879184293,1.6583710088832637,0.5390070921985816
2138720.1888301047,0.16420857512240672,-0.10337688580143198,1.6035398148495152,0.624113475177305
2902444.3969955007,0.23752158222968855,-0.06475934840815097,1.9681747227468633,0.6028368794326241
2313634.8785616793,0.18265742993954293,-0.09639880431188014,1.6206212452046442,0.574468085106383
2104465.635577792,0.16045516991850572,-0.08733239308879047,1.5514704202017506,0.574468085106383
2792547.5562702133,0.2280049447213559,-0.08586090097350835,1.8951301835251853,0.5886524822695035
2441445.807055596,0.19544449855451407,-0.05442845215222015,1.5556088907150198,0.574468085106383
1925613.9870630486,0.14002361173552624,-0.07700864235527506,1.3464071642119515,0.5319148936170213
2917077.2565532997,0.23876688233489296,-0.05044487441374262,1.8267427908636562,0.5319148936170213
3032772.141457461,0.24844080895427934,-0.09577386308090698,1.9584075946689,0.5957446808510638
3916018.3284801696,0.3139200599210732,-0.05166946490247999,2.3374943041567793,0.6382978723404256
3537244.4097692766,0.2874578327287136,-0.041564277745872485,2.170897280834994,0.5957446808510638
2622781.1355966404,0.2126972989589826,-0.08200653559613365,1.7908542908667295,0.574468085106383
3377642.042139563,0.2756241255506289,-0.06761917920462907,2.100605664113819,0.574468085106383
2933462.6709536305,0.24015541301858256,-0.0443451332024066,2.014289433451247,0.5602836879432624
3809066.935725441,0.30666338294297346,-0.08408821586338172,2.4356128415842013,0.624113475177305
2228151.146472861,0.17378601157622975,-0.07172914808052311,1.6241885615210376,0.5673758865248227
2584059.7851101765,0.20909524010064628,-0.06870195457293896,1.8057548475832066,0.5957446808510638
3398307.4009256056,0.27718124448568937,-0.08484484931983828,2.28036447494955,0.6028368794326241
1724932.2122995227,0.11520422603005609,-0.07527111058158424,1.0776133666788286,0.48226950354609927
2271466.8734571147,0.1783146614121014,-0.045103308816202774,1.693380064205218,0.5531914893617021
2075436.9208148427,0.15723592587008173,-0.09954479245306183,1.5433678774445405,0.5390070921985816
2371558.9279659926,0.18852079306784408,-0.06418573457187399,1.7406573667058176,0.5815602836879432
2995617.0136082475,0.24536672525666003,-0.06249610616061855,1.9091982357581658,0.6028368794326241
1995059.3195855496,0.14813025821595094,-0.07340252804444063,1.5071266884350332,0.574468085106383
3219390.096877963,0.26344028624753335,-0.044797068378746654,2.2775961400235576,0.5815602836879432
2966310.2435109527,0.2429203947565428,-0.0984208194786606,1.9648844785633717,0.5673758865248227
2616798.849844932,0.21214358674646827,-0.09324750100404713,1.6772098125566048,0.5602836879432624
3602499.433861917,0.2921733631300518,-0.06095117619535155,2.61894621717175,0.6737588652482269
3101896.8459843495,0.2540806596515377,-0.06698440258854103,2.0449558819504263,0.574468085106383
2187913.7537452136,0.16951565520084655,-0.08381458332309172,1.4841935999221048,0.5319148936170213
2409727.1586475405,0.19232204696695088,-0.059128829892927726,1.6961118296069488,0.5815602836879432
2661887.7495574877,0.21629227242381233,-0.0659580277430942,1.9195208931703918,0.5673758865248227
2254433.2305713263,0.17654210920496793,-0.09101967287543335,1.5357112809564049,0.5531914893617021
2721366.10218423,0.221679803153654,-0.08702226985421882,1.6323005167274836,0.5035460992907801
2071895.1400549938,0.15684068604778845,-0.08775446239460676,1.3636624220766242,0.524822695035461
2345102.189861415,0.18585708987942562,-0.09627731294481817,1.7628482904330658,0.5886524822695035
2129982.1185546783,0.1632557059711992,-0.10584369972402362,1.2908867812883542,0.48226950354609927
3854153.4066072884,0.3097421355474097,-0.07007909996036821,2.3385446956190457,0.6382978723404256
2336887.570731387,0.1850251395891378,-0.11348706364954586,1.5528557858730696,0.5177304964539007
2721975.8904574956,0.22173454766266532,-0.10444000611382798,1.8522684046800282,0.5886524822695035
2315938.827122043,0.18289287739122884,-0.07055249718913657,1.4853199175385878,0.5035460992907801
3677691.7659690627,0.2975230016577479,-0.0798468136876053,2.3205819306160027,0.5815602836879432
2309414.395627925,0.1822256391147783,-0.10002702591187217,1.53684556724507,0.5319148936170213
2751933.2007200164,0.22441200073054746,-0.068579910830195,1.7992333419792392,0.5531914893617021
3705278.0229123137,0.29946372375739116,-0.07681619435534312,2.1395706671060832,0.5460992907801419
2378428.6912259604,0.18920856112125595,-0.11147729070004045,1.6708009959109966,0.524822695035461
2967908.8935092473,0.24305433667883114,-0.04490890629795536,2.287461209667027,0.624113475177305
1478995.249643025,0.08141740679220599,-0.11291861358355271,0.943166925854982,0.524822695035461
3562049.200790771,0.289258438868758,-0.0391844521778856,2.5085394829161856,0.6382978723404256
3110869.769735085,0.25480536281191646,-0.08852249905484841,1.9183240177320644,0.5815602836879432
3305772.1705449233,0.27014874621831164,-0.06147681480655835,2.1325707661716446,0.574468085106383
2976693.481915362,0.24378931983965346,-0.054705575727793596,1.8364253234564982,0.5602836879432624
2709488.377353976,0.22061150317970957,-0.04808480695681451,1.851000943109531,0.5673758865248227
2760950.599807391,0.22521336964345884,-0.07931271493285358,1.705499686525391,0.5106382978723404
2355634.306996436,0.18692034496892607,-0.06653714083555366,1.686525076851323,0.5673758865248227
1849854.9257229583,0.13090867132468254,-0.08772965975909963,1.1799481564155347,0.5390070921985816
2823058.6853837725,0.23067670833165055,-0.05558106092876734,1.9600401988554486,0.5815602836879432
3252112.696352946,0.2659982850649687,-0.059575128887504464,2.249070481553839,0.6170212765957447
3668566.558051031,0.29687847042836313,-0.04393677723421734,2.534956832817226,0.6453900709219859
2941276.110077178,0.24081535470301607,-0.05300622818878252,1.8496408308392067,0.5673758865248227
3185622.2603717996,0.26077867791078524,-0.06085409224698122,2.0957831336982093,0.5460992907801419
2411780.9068817887,0.1925252147754688,-0.06493913095939065,1.7430854278907304,0.5673758865248227
3661812.455172943,0.2964005884994132,-0.0695523594950766,1.95194107473032,0.524822695035461
3044619.12807787,0.2494146510153017,-0.07808744573552387,2.0847224046265853,0.5673758865248227
3559709.002702784,0.2890889907139358,-0.06853618038528275,2.07962546539559,0.5531914893617021
2858427.9186378014,0.23374512326169827,-0.09829906024512887,1.9599114987757964,0.5673758865248227
2800846.465716669,0.22873395712284506,-0.07047218142494036,1.8909708351900947,0.5815602836879432
2941673.0839686855,0.24084884660866912,-0.0602927953947189,2.0289936699104674,0.5531914893617021
2523319.4306660476,0.20335688297497678,-0.13830676883146198,1.5933730920782951,0.5177304964539007
2567611.295226088,0.20755203878314377,-0.08351751379923589,1.8994646997393994,0.574468085106383
2701875.979511462,0.21992486135352274,-0.05401413580795347,1.8358451407519978,0.5531914893617021
1998728.2027138781,0.14855222667814072,-0.07082921343452601,1.3659140191846533,0.5390070921985816
2286789.1226136005,0.1799000609254402,-0.07512821989652455,1.5954337546312725,0.5531914893617021
2734618.6394453878,0.22286736195710066,-0.08805427798267361,1.9313556722313645,0.6099290780141844
1805604.5477621162,0.12544565280651554,-0.0731687885133272,1.200394072810265,0.48226950354609927
3524775.582903971,0.2865488895022761,-0.07262316818285544,2.204648939137349,0.6028368794326241
4766935.451767627,0.36662025826448774,-0.07210798056895527,2.353384641584525,0.574468085106383
2664293.3342988696,0.21651202902600875,-0.0652739334660915,1.7443217496224719,0.5035460992907801
2410900.576364447,0.19243814470634746,-0.04017495487930308,1.7142652522682955,0.5390070921985816
3350334.305061304,0.2735547759989416,-0.06177525384903455,2.3131238152586806,0.6453900709219859
4616279.598022134,0.35787071183963737,-0.05015813767476451,2.450129538101835,0.6312056737588653
2869398.591746667,0.2346906977906773,-0.059745287534360404,1.8581047141749871,0.5390070921985816
2587664.470825345,0.20943238233392036,-0.12857527464178356,1.5558357105852683,0.5035460992907801
2484214.1764400364,0.19960372915195257,-0.04689044226600094,2.0902484476085217,0.5815602836879432
2356712.7098223986,0.18702899883990876,-0.10229406681069046,1.5186592036210698,0.5319148936170213
3443331.6015669676,0.28054772723545796,-0.08330496433940134,2.1911972732310385,0.6524822695035462
3767376.216118657,0.3037904582342925,-0.06560508036119199,2.193657477029138,0.5957446808510638
1976035.4182376063,0.14593225779640528,-0.0700653763687842,1.3544100297670614,0.48936170212765956
3510760.016227272,0.28552411730132965,-0.06007465722713938,2.375382008480699,0.6170212765957447
3119166.8102732287,0.25547399135421434,-0.0916368299500851,1.8566643086712786,0.5602836879432624
3137003.139951443,0.25690655359564896,-0.06919901882905237,2.015055625590497,0.574468085106383
2460279.5827165283,0.19728321068965537,-0.042577606095421466,1.9815851131458033,0.5815602836879432
2927784.994503695,0.23967498019421818,-0.06334084574961732,1.8616316579531018,0.5319148936170213
3164425.7401290243,0.2590963985482022,-0.05678009951789811,2.1253714778015937,0.6028368794326241
2421083.6634836174,0.193443763791741,-0.09233306543378614,1.6132224623282663,0.5390070921985816
2331152.6331551666,0.18444293560331948,-0.051666906060632574,1.6504657109309224,0.524822695035461
2139433.2501107967,0.16428619550239953,-0.07514823251697525,1.450746579363887,0.5106382978723404
2757495.8204140677,0.22490659399036472,-0.09120292027752304,1.842333447735546,0.524822695035461
2271809.3023828957,0.17835018600635277,-0.06905413644318972,1.6764509651879373,0.5602836879432624
2823686.966968429,0.2307314817370587,-0.047950015747646874,1.9597578290362168,0.574468085106383
2866328.8002403686,0.23442640087158417,-0.04345084164741821,2.266251820307512,0.624113475177305
2453366.864374088,0.19660964503072775,-0.06949119971821563,1.5740634498096657,0.5177304964539007
2503373.7647585026,0.20144844403009166,-0.07383761751211221,1.7500284613567725,0.5106382978723404
3281079.622495373,0.26824556978563185,-0.09148805125810928,1.8410137362232053,0.524822695035461
2639638.4353020876,0.21425217113808315,-0.09684850714002721,1.8651183397690232,0.5460992907801419
2027254.6231321262,0.15181216189324487,-0.11367399087406121,1.4563533959295571,0.5531914893617021
3493267.7391336453,0.2842405380036497,-0.06129685823920808,2.1633777503671188,0.624113475177305
3683842.547168893,0.29795672187897715,-0.06771821211284415,2.331199045648497,0.5886524822695035
2521453.747699836,0.20317888357540048,-0.05808791855166829,1.7665948027910612,0.5673758865248227
2285137.420436766,0.17972956800431805,-0.06651448866953824,1.7112671736362297,0.5390070921985816
2460565.890618728,0.19731107546497295,-0.08598793325022241,1.6377256753821727,0.5319148936170213
2252675.4544982202,0.1763585825572358,-0.07703098009635607,1.624979475304854,0.5531914893617021
1704722.3401860923,0.11257867251865306,-0.1250051394786105,1.074813240761214,0.475177304964539
3953208.3845437397,0.3164062681939743,-0.0584744043412886,2.3608182248712097,0.6028368794326241
2190506.08901612,0.16979266253955072,-0.09836355237131934,1.5924353465652263,0.5390070921985816
2733845.9423824265,0.22279824717663677,-0.06086352962129608,1.8955851053057093,0.5531914893617021
3304176.4217797667,0.27002609833715296,-0.051263556002072344,2.107495844852843,0.574468085106383
2747232.01808895,0.22399337706423372,-0.07899389370610058,1.7803608431075189,0.5602836879432624
2794210.4004441686,0.22815115492083282,-0.06872654906521,2.0468661791189655,0.5815602836879432
3150420.131495493,0.25797987911276254,-0.05964147771456392,1.9989340501842305,0.6099290780141844
3783407.41876541,0.30489817045052314,-0.0727537709306618,2.158653375194651,0.5957446808510638
1722305.714708066,0.11486440202646442,-0.10231906343737054,1.208902176202653,0.5106382978723404
1724657.629760259,0.11516871911496951,-0.08670238852289566,1.1312022389268606,0.49645390070921985
1815701.3311029742,0.126701525656856,-0.1428856417218975,1.1249413703797273,0.48226950354609927
3260725.18939114,0.26666811853411865,-0.07726139862237559,1.949617567922469,0.5390070921985816
4969370.102064024,0.37803506478378224,-0.05855982691323484,2.62840135946311,0.6453900709219859
3295616.2445009993,0.2693673603740534,-0.0513869549914038,2.211671045804102,0.5957446808510638
3192469.4915594975,0.2613202003955264,-0.07194370803985708,1.9561337238390972,0.5673758865248227
2148048.2926200405,0.16522235538648888,-0.08406675518661343,1.5900592033371517,0.5319148936170213
3705206.0515046124,0.2994586755553652,-0.04758583569086986,2.1769727885344268,0.6170212765957447
3180435.944589455,0.26036789105975977,-0.05812958599460048,2.1091030555791113,0.6028368794326241
2278024.627574287,0.17899423900540423,-0.07826137815449784,1.6556207791246589,0.5390070921985816
2119479.9541073972,0.16210631898056227,-0.09592583906743012,1.320936490963177,0.46808510638297873
2355245.2430131244,0.1868811352777544,-0.10175027833114675,1.5363523851137322,0.5602836879432624
1793771.4706788845,0.12396664305536453,-0.09587528702716457,1.284657891628914,0.5177304964539007
3155739.7612131373,0.25840442387518925,-0.07425402537097937,1.9658742304339465,0.5106382978723404
2735078.41248357,0.22290847947352588,-0.06019484330655332,1.8855226258273816,0.5602836879432624
2918070.9207665967,0.23885126478534802,-0.11301119521521416,1.9390026967111456,0.5673758865248227
2869944.508527685,0.2347376753757,-0.0604182280854112,1.9066470512427325,0.574468085106383
3290331.9094160805,0.2689600272180337,-0.06475088203792093,2.436946164161926,0.6453900709219859
2073669.7107251997,0.15703878416135297,-0.0960061024981723,1.3220035658729354,0.48936170212765956
2898337.883826751,0.2371712032756077,-0.06216968945565741,1.8038482178774384,0.5319148936170213
1767156.440646906,0.12061130540455944,-0.0642010589896089,1.174953093207625,0.46099290780141844
3703181.0692755454,0.29931660755039613,-0.04525302251719005,2.1552754517899815,0.5815602836879432
2450566.927480896,0.1963363909912974,-0.1143462454839059,1.5491653818363298,0.5319148936170213
1551302.4914455859,0.09179046716384276,-0.10610018196221337,0.9506571747730599,0.48936170212765956
3051586.2347740396,0.2499859440365808,-0.05616597935893531,1.7637891041260043,0.524822695035461
4675150.947280776,0.3613165596961958,-0.061204286553478995,2.3865482149221244,0.6099290780141844
3974625.0373527375,0.3178295232527173,-0.05883014311816403,2.489670459910907,0.624113475177305
3899462.9089260353,0.31280722672742667,-0.07669011250815201,2.4850281577104116,0.6595744680851063
3783957.306232462,0.30493609951065737,-0.0762443844600828,2.222944631802436,0.6028368794326241
2695223.2789800717,0.21932351622012747,-0.08800141963516131,1.783414236959783,0.574468085106383
2554033.561088892,0.2062722023856991,-0.06330743780255504,1.8543319082312861,0.524822695035461
2462946.383769696,0.19754265540273463,-0.08055011781015559,1.7041445066352159,0.5673758865248227
3468167.935309776,0.2823897076099475,-0.049058772438857104,2.5086174997916757,0.6382978723404256
2536465.9581676554,0.20460817902270612,-0.05484093532523551,1.9139759438608843,0.5460992907801419
1688760.4948973444,0.11048734106205216,-0.09206742795270802,1.1574891602581001,0.5035460992907801
2096823.774954111,0.15961116035039602,-0.08836139460901252,1.5426451993067134,0.5390070921985816
2022535.0235743318,0.15127536089732274,-0.06955838582495898,1.6261685588389785,0.5886524822695035
2514987.9296289533,0.20256118215875074,-0.06052996586804165,1.648872058948412,0.5390070921985816
3836103.728914391,0.30851308051729753,-0.05349114941175617,2.3279231480715343,0.5957446808510638
3076920.1961149457,0.25205453755654905,-0.08180518618473537,2.1777789606283418,0.6170212765957447
2990711.7826969777,0.24495860789980983,-0.07394582246801827,2.0576180028621556,0.6028368794326241
2118745.747977645,0.16202579509246195,-0.06990496879455452,1.6160693804996802,0.5319148936170213
2319743.323120166,0.18328126044626902,-0.08157180274301201,1.6783747011637586,0.574468085106383
2860130.4298336417,0.23389205470091445,-0.09951683884657181,2.043947010360858,0.5957446808510638
2649536.0639893343,0.2151614041552099,-0.06300096618507758,1.8183675639272412,0.5602836879432624
3230818.2951297364,0.26433600793244305,-0.06842344944627883,2.049908635098546,0.5815602836879432
2889766.888479031,0.23643862105717806,-0.10861918585930759,1.9439466309035744,0.5602836879432624
2346591.07201089,0.18600762943767268,-0.0667553540372687,1.344253032170306,0.48936170212765956
2880797.2486021537,0.23567010201469007,-0.08690896108943535,2.200595221155336,0.5957446808510638
4432678.036484429,0.34689343958986285,-0.05225386774158795,2.4276183354717293,0.624113475177305
4020971.6235220153,0.32088862936712115,-0.0405577362962278,2.4312936230540183,0.624113475177305
2338789.187170426,0.18521793706728018,-0.056167990509743554,1.6271781452585194,0.5531914893617021
2912035.33079168,0.2383383648354327,-0.10553733371893982,2.022135424166105,0.5673758865248227
1878116.5462662277,0.13434329357736274,-0.0889435959354406,1.3631547930902073,0.524822695035461
2571770.4649706553,0.20794299849197473,-0.04648930431699393,1.923709771301251,0.574468085106383
3083546.0543107674,0.25259331001100516,-0.07623621781698792,1.8349329386855053,0.5319148936170213
1950045.9060401674,0.14290193247422245,-0.09919269059251164,1.2776560504740113,0.49645390070921985
3333912.0778819346,0.2723038122712662,-0.07232954196086813,1.8927678607523064,0.5673758865248227
2304766.3981446023,0.1817493789076774,-0.06795722041779861,1.6185953744475483,0.5106382978723404
1722122.2872732794,0.11484065416011768,-0.06789904753735373,1.1813001857690124,0.48936170212765956
2305367.6710811798,0.18181103199174964,-0.08507296949829987,1.788296338408146,0.5886524822695035
2891714.895711811,0.23660527409698973,-0.1152733158951333,2.0945550429504123,0.5886524822695035
3726824.3468870693,0.3009715062891032,-0.06290082119048404,2.023058631114881,0.5390070921985816
3450961.7701834966,0.28111474471518627,-0.09575618612127004,2.1288484307504008,0.5815602836879432
2149055.037717619,0.16533155796263155,-0.14725383083494498,1.5170434748080206,0.5460992907801419
2014028.036968782,0.15030525127814198,-0.07953905508423506,1.3653124629859041,0.49645390070921985
2474972.72176418,0.1987098757214425,-0.06987721648696811,1.8283810299921037,0.5531914893617021
2870191.960153997,0.23475896688902886,-0.06729077642606357,1.9100600406460075,0.5815602836879432
2313497.794317054,0.18264341497595105,-0.06456379617867172,1.5666949784898994,0.5319148936170213
3193706.2080813646,0.26141790869808634,-0.05758678868127366,2.198064513721154,0.6099290780141844
3475252.71386453,0.2829132135329082,-0.0738101632415918,2.436714574387305,0.6453900709219859
2743521.8253244674,0.22366259272915268,-0.07357621425838277,1.8523698554550398,0.5815602836879432
2955272.2884694953,0.24199400712963937,-0.08375540616605226,1.8777868738279755,0.5673758865248227
3029209.6975880256,0.24814737500843398,-0.1434256926890891,2.206558648621344,0.5957446808510638
3662387.6564028473,0.2964413139255744,-0.055309730522270874,2.2021643915374716,0.5886524822695035
2832333.7352646026,0.2314843158068074,-0.07162837123044415,2.017789695690004,0.5815602836879432
2990153.040198888,0.2449120863141634,-0.07503700338549878,2.0394999719361038,0.5886524822695035
2346409.963628597,0.18598932181201544,-0.0849947896730126,1.5252015223312978,0.5390070921985816
3629840.3349501016,0.2941288065258407,-0.04418645618548919,2.3124356921769773,0.6099290780141844
2197002.4940813417,0.17048569397401225,-0.08408076244349458,1.7662075523918634,0.574468085106383
3003526.4707706706,0.24602367092318245,-0.05058292684111105,1.8779962999543471,0.524822695035461
2962188.933586606,0.24257482676702402,-0.04333234439727024,1.9787791000243193,0.6099290780141844
2000420.4173106852,0.14874664420420158,-0.1465935722240478,1.4480822042942518,0.5602836879432624
3137365.8275123616,0.2569356159377174,-0.06103119325013789,2.2397575401298293,0.5815602836879432
3417644.7087300727,0.2786314502168705,-0.0610324538632969,2.147339482886733,0.6028368794326241
3709898.3875173205,0.2997876402720958,-0.055113232449418195,2.2956430093726956,0.6170212765957447
2010088.6243020266,0.14985490236500731,-0.08256719655822455,1.32983277569686,0.5106382978723404
4442967.2457292555,0.3475181463157373,-0.06548282628016136,2.724419760960878,0.6595744680851063
2626858.546719745,0.21307411984091207,-0.12133197061753198,1.74997116009473,0.5390070921985816
3628572.139775175,0.29403836522996185,-0.13088425941939005,1.8502807838597546,0.5106382978723404
2459511.273349462,0.19720842253628268,-0.08362574635475506,1.8174182815062685,0.5673758865248227
2634343.188339081,0.2137646096124899,-0.07893580520314511,1.8268078979097164,0.5815602836879432
3241475.4170566937,0.2651690129847266,-0.07165913461900383,2.1073282195399616,0.5531914893617021
3350531.3612777926,0.27356975695061325,-0.04640630116053456,2.2177168665729705,0.5673758865248227
3537611.457772067,0.2874845506570398,-0.05219811138691563,2.4485864197668814,0.5957446808510638
3147376.7802544557,0.2577367398063133,-0.04002828771269698,2.2289269725273138,0.5673758865248227
2197435.245380113,0.17053180127714063,-0.11027873492675726,1.7417944456147707,0.5673758865248227
1946817.5050109767,0.14252325506781527,-0.11353427987558018,1.2101055095171702,0.48936170212765956
3228686.2242107796,0.2641690925795692,-0.05776117538907526,2.026156831591702,0.5957446808510638
3229048.613961176,0.26419746953065926,-0.061033373443483065,2.0592745024263674,0.6099290780141844
4755290.784096316,0.3659519290429738,-0.0622737339173437,2.6545839293092888,0.6170212765957447
2206821.121763269,0.17153003266830202,-0.1093081190406683,1.4130225842258342,0.5106382978723404
3350917.7272250406,0.273599127891347,-0.08089852055121534,2.328430484020776,0.6099290780141844
3130179.0279328893,0.25635923222210644,-0.1404647325364248,1.797184488476729,0.5106382978723404
2751212.2608490996,0.2243478407469146,-0.04568109921143164,1.75742513499768,0.5390070921985816
2764528.495664803,0.22553075419141333,-0.06270330948169879,1.9552656909879897,0.5673758865248227
2014496.9337154569,0.1503588080466931,-0.07870167894089634,1.4473971349721961,0.48936170212765956
3541476.6677051247,0.2877657700427243,-0.07581588278944647,2.407799630698064,0.624113475177305
2822611.4027475235,0.23063770841893905,-0.060849964476708734,2.1572136763746674,0.5957446808510638
3686002.9825215335,0.2981089267559105,-0.05476366717700497,2.465185190520567,0.6382978723404256
2931924.4231783943,0.2400253233067673,-0.09609647934497621,2.203423531452368,0.5673758865248227
2724023.0176465707,0.22191825935311904,-0.07782697954300476,1.7577964046832948,0.5531914893617021
3044725.9012345006,0.2494234141524494,-0.0715017674873803,2.1143874860135456,0.6170212765957447
3568829.7824693853,0.28974890224716776,-0.04549365669950797,2.573252594354728,0.6666666666666666
2401414.0055182385,0.19149824731542675,-0.07410026969101051,1.8662416254794263,0.5673758865248227
2177864.973843227,0.16843939197336066,-0.06939260454939909,1.5249579615965607,0.5319148936170213
1929037.9526744129,0.1404287426024966,-0.08524692447219427,1.3547120834600153,0.524822695035461
3112222.5038113063,0.25491447202786444,-0.09366530364017606,2.1586655250361444,0.5886524822695035
2790211.0072729345,0.22779937941211337,-0.07306470769267787,1.8734933770518694,0.5390070921985816
3585425.033420865,0.290946157782338,-0.09267460194560316,2.2003606743681043,0.5886524822695035
2675654.3372241035,0.21754774705144309,-0.05767803983746106,1.8729728700837385,0.5531914893617021
4542384.261870182,0.35349536877828847,-0.05355987612921042,2.4323946849162104,0.6028368794326241
2368807.4539276846,0.18824488149363727,-0.07158886539597518,1.537541959932691,0.5460992907801419
4160819.6195486565,0.32995142067631167,-0.09272289482699517,2.3931626347475814,0.6099290780141844
2715635.6358636566,0.22116486331224072,-0.04629600131088845,2.0274128084132443,0.5815602836879432
3370523.759818328,0.275086003583368,-0.06489035280558107,1.9347426612913396,0.5531914893617021
3230887.0852691927,0.2643413919003197,-0.08521280397523355,1.9282345623888955,0.5602836879432624
1876462.3289911957,0.13414340058081464,-0.06358103134553746,1.341516110449834,0.524822695035461
3510890.882316237,0.2855337009244996,-0.0819842655351389,2.078753832902949,0.5815602836879432
2462947.2475421294,0.1975427394000311,-0.07856758914978594,1.5300290859445913,0.48226950354609927
4892363.154465997,0.37373744830869127,-0.05000331602130801,2.366077532462612,0.5602836879432624
2027143.7536460108,0.15179956321770804,-0.14339590888872195,1.3509269147364205,0.48226950354609927
3669218.9797789315,0.2969245947930832,-0.09772530886130731,2.192305521364447,0.6312056737588653
2603625.3399102916,0.2109206851146579,-0.07719845486902172,1.8618684400335355,0.5886524822695035
2870559.2673787125,0.23479056844608492,-0.08559620753034118,1.898082246686673,0.5602836879432624
4172666.6914634216,0.3307079118172762,-0.04351701243016132,2.4308357968793306,0.6099290780141844
2961263.262262746,0.24249715719815756,-0.07417938436663711,1.9762990485123855,0.5957446808510638
1333110.285755223,0.05918840008036286,-0.131908352515829,0.6948546019296473,0.45390070921985815
3972629.3333896133,0.31769715725807357,-0.07282805254141098,2.196341698893313,0.6028368794326241
2271876.109165391,0.17835711624108064,-0.087409537613458,1.513152192028311,0.524822695035461
2185651.8997431924,0.1692737472912924,-0.09992786946003582,1.5797864772168013,0.5531914893617021
3072918.8613428744,0.2517287249200413,-0.04419533914021078,2.3176326872521718,0.6382978723404256
2108909.30720586,0.1609448269329028,-0.05937591950634592,1.4438332056822476,0.49645390070921985
3348874.2427648515,0.2734437546281734,-0.061846248204760916,2.220569513040537,0.5815602836879432
2404505.638512383,0.19180488163768072,-0.05833813666812471,1.753419026226317,0.5531914893617021
2983910.2101693824,0.24439182712029517,-0.07525619354445887,2.10109715992598,0.5957446808510638
2299399.0078224847,0.18119844870865487,-0.10017903822157966,1.5888359541895694,0.5319148936170213
4882952.905725275,0.3732085763443336,-0.038817439912142836,2.9545283048747937,0.6453900709219859
1466342.6454390709,0.07956076664025269,-0.11171730969143263,0.8276826284703542,0.4326241134751773
3081902.0353298304,0.2524597153474617,-0.060849954952464966,2.022938361162805,0.6028368794326241
3812744.3507892825,0.30691558586495904,-0.051221366538594874,2.0467048589708883,0.5673758865248227
2694427.126468706,0.2192514715616365,-0.06650692648371076,1.8653610095944826,0.5673758865248227
3735156.2382693645,0.3015526913334208,-0.0715815515178541,2.156404670588643,0.5602836879432624
1846601.3270372702,0.13051057368714214,-0.08160816274333745,1.3320581523161739,0.5531914893617021
2112661.619379241,0.16135765932368873,-0.056291223698945125,1.4344509940103323,0.5319148936170213
2375896.7897734083,0.18895526432806897,-0.09431114571972356,1.7394958926305462,0.5602836879432624
1840609.9399434796,0.12977602053082626,-0.10063283535577472,1.2186656631540467,0.5106382978723404
2713222.647420051,0.22094777199646032,-0.06115632624529738,1.6644830851984553,0.5673758865248227
2281758.5053373566,0.17938048039253185,-0.06587701350900187,1.627782008262815,0.5319148936170213
2088296.6291609476,0.15866646506552273,-0.10866257955876062,1.2970318460828012,0.49645390070921985
2238277.219893461,0.17485095687692476,-0.1166172097075117,1.3813107132561622,0.5177304964539007
2092840.2614788713,0.1591702228681564,-0.05558226844378745,1.6671374596582296,0.5531914893617021
2755226.1147003714,0.22470488247538167,-0.06924479238464176,1.9500599825542748,0.5886524822695035
3895862.191523866,0.3125646910313513,-0.08236390385013183,2.2249654703687467,0.6028368794326241
2815168.3373220856,0.2299879984556874,-0.05666319008691129,1.8453716389302373,0.5673758865248227
1757719.9408791342,0.11941194264396349,-0.09141555941446812,1.1604208317192104,0.5035460992907801
1964464.0993736295,0.14458702722202066,-0.0778450732277206,1.2892553433906533,0.49645390070921985
4463279.393964123,0.3487480033157746,-0.11270163098986756,2.4010646604830606,0.6312056737588653
2136663.161839678,0.16398454110997007,-0.062394704455418226,1.4396580724979433,0.5177304964539007
3571130.0142277507,0.2899151167768992,-0.05130600341634393,2.1181619120983024,0.6028368794326241
2328216.9823841667,0.18414446834720488,-0.07465711086978412,1.4277319558565658,0.5035460992907801
3217339.742487681,0.2632793141103422,-0.09069884093383042,2.0222168213680796,0.574468085106383
2437511.1543979645,0.19505893243004824,-0.11155390848034356,1.5025179741998411,0.5106382978723404
3007238.356355921,0.24633149658646003,-0.11191080638985845,1.9892921859132953,0.5886524822695035
2176750.102247185,0.16831974022952556,-0.09280187064679415,1.4361618015280797,0.5531914893617021
3835962.8713684957,0.30850347094146224,-0.07488763008572011,2.1299389103860906,0.5673758865248227
2922904.0617828774,0.23926136996394942,-0.06984873037806096,1.8263159529284612,0.5106382978723404
1869338.2969846567,0.13328092957339344,-0.07064411702420993,1.2486253293510343,0.5035460992907801
2648309.0801951843,0.21504883655265639,-0.05348182037837509,1.8470276494811755,0.5602836879432624
2062286.1104110198,0.15576565135914122,-0.10201827830446325,1.346308668785097,0.5319148936170213
2697589.7639073236,0.21953756140543645,-0.06629008151798792,1.8259601481857692,0.574468085106383
1689515.888981893,0.11058666900356684,-0.09479062459196917,1.0983740613046244,0.5106382978723404
2598910.7077963566,0.2104818212639239,-0.06387660573397226,1.7336595921736524,0.5602836879432624
3360420.836861489,0.2743206881780442,-0.044941239002799914,2.0302486014234815,0.6028368794326241
2407298.0103226057,0.19208156366844564,-0.07930193350391397,1.6791717863519824,0.5035460992907801
3059966.1204408663,0.2506717023041165,-0.05241667707716969,1.7874909627577629,0.5673758865248227
3524778.0500703137,0.28654906960618076,-0.06995643220159188,2.336651139529853,0.6099290780141844
3056707.099264918,0.25040518280964785,-0.06219425734173652,2.0533672189012266,0.5957446808510638
2556472.799656122,0.20650252530023705,-0.0946124301628486,1.8129429888387503,0.6028368794326241
2180705.0440381225,0.16874397653662543,-0.09031022651368531,1.578573251771786,0.5177304964539007
2353376.010047185,0.18669268254763804,-0.07404648234936308,1.6515709676589725,0.5531914893617021
2679421.924421232,0.21789043973169653,-0.07017400895382894,1.7386771069451372,0.5460992907801419
2904335.388574385,0.2376827934676602,-0.07524327188072,2.1334407569108884,0.5815602836879432
2808235.356205105,0.22938157672084158,-0.0615602716623911,2.0294509642462115,0.5815602836879432
3380167.641844717,0.27581483567942966,-0.045353249586785875,2.1985285979351157,0.5531914893617021
3814873.998930498,0.30706155152384373,-0.0457526071882325,2.4760771585457055,0.6312056737588653
2557974.0301768626,0.20664419026307024,-0.052661240506358224,1.9164051027066769,0.5531914893617021
1731628.8317764124,0.11606878499834705,-0.08018776550685149,1.2458557804149453,0.5531914893617021
3175256.2103002844,0.259957090278911,-0.05982411892752542,1.9325513691170366,0.5815602836879432
2406708.560286609,0.1920231794260161,-0.08572977248830366,1.594555215835246,0.5319148936170213
2650199.1287815687,0.21522221858315094,-0.057001482806525505,1.887334505163609,0.6099290780141844
2241545.1779190325,0.17519382087097157,-0.06346449847094927,1.6534256939132603,0.5460992907801419
3294202.1178519255,0.26925840628141673,-0.06548615809880957,2.0213464658338203,0.6028368794326241
2074462.817118038,0.15712727602633447,-0.11513352489391691,1.4171176113204917,0.5319148936170213
2224607.9469999787,0.17341246367432062,-0.03509968631399819,2.0093014099544866,0.6028368794326241
4276188.073491106,0.3372461603756314,-0.044500620303634934,2.5685530487366215,0.6382978723404256
2150605.7538035363,0.16549968553494732,-0.07530630426708454,1.5226834505649667,0.5106382978723404
2442792.8837932907,0.19557638763272633,-0.08782521587780781,1.6300187262033887,0.5460992907801419
3997092.712893276,0.31931604556724835,-0.06279538562015873,2.5668967613288256,0.6453900709219859
2433638.0594103965,0.19467891189966924,-0.06573008978850062,1.7646950756922095,0.5673758865248227
1749898.8905750455,0.11841399059263225,-0.084151210711992,1.2616929136114057,0.5460992907801419
4912848.980002695,0.37488597825098946,-0.044923669915923066,2.621672954891968,0.6312056737588653
2906297.4937594663,0.23784997855621826,-0.047465767946290115,1.817970139931164,0.5390070921985816
3063255.7165144635,0.25094049199134916,-0.0682257953805303,2.3143819109538777,0.624113475177305
2724797.3255702187,0.2219877179021581,-0.05763988518571098,1.891268013388589,0.5602836879432624
2758503.3108597067,0.2249960883326514,-0.060181477363070786,2.0395125353927073,0.574468085106383
3568715.8742088303,0.28974066902010787,-0.10270714470007189,2.0354582882219066,0.5460992907801419
3119626.2812089003,0.25551097686079816,-0.06746454206773296,2.128310903904982,0.6028368794326241
2756529.363506064,0.22482072002970388,-0.07112957330821956,1.9275620429627878,0.5815602836879432
2535361.7867129007,0.2045032830253708,-0.05410943161404348,1.7628427824404962,0.5957446808510638
1808249.0505356553,0.12577512717257422,-0.05882078313139115,1.1486789397486576,0.48936170212765956
3697192.210905782,0.2988960792751918,-0.07531986987068756,2.184545235670053,0.5815602836879432
2918272.3649964044,0.23886836872522976,-0.061199778923182846,1.6998206331304795,0.5035460992907801
1455467.7738083312,0.07795472075703058,-0.08525264241407651,0.836481057969022,0.44680851063829785
4180133.4796138913,0.33118381896957705,-0.06470096867165834,2.4780196758859283,0.624113475177305
3153870.1700480804,0.258255282329654,-0.051122285664379825,2.133646360793445,0.5886524822695035
1512035.181971216,0.08620645484807099,-0.13360688813061278,1.0292869874939705,0.49645390070921985
2869669.128745241,0.2347139791096149,-0.06270818373373381,1.8868063508299562,0.5460992907801419
2286925.215720826,0.1799141044103878,-0.0681913712706396,1.607157577627631,0.5673758865248227
3128433.691117647,0.2562190958767787,-0.05068129531878826,2.025931158128261,0.5390070921985816
3426579.686485072,0.27929931455406054,-0.05827811767628597,2.156271391255913,0.5957446808510638
3878049.0404460123,0.31136219506306895,-0.045100462000000056,2.432706688269754,0.6312056737588653
3466479.744072037,0.28226483818285253,-0.059455616554859134,2.215504507307645,0.5815602836879432
3424341.379681006,0.27913213835485795,-0.09165081586958812,2.0373310949885655,0.574468085106383
5404355.091326103,0.40135696146596533,-0.04598950624473847,2.628065658025578,0.6312056737588653
1961193.2507096436,0.1442056237840661,-0.08776779891933371,1.3279643157802903,0.5177304964539007
1709521.2672652898,0.11320436760573171,-0.0752270318871797,1.1757450081733125,0.5035460992907801
2798863.507271904,0.22855992268644476,-0.09276279381549894,1.9146492371023212,0.6099290780141844
2127224.8621701417,0.16295438360133363,-0.0668318805648899,1.4814555731057129,0.5319148936170213
2003674.419101984,0.14912012507661432,-0.07467355503568655,1.3323259683493887,0.524822695035461
2766174.2827693736,0.22567663675970828,-0.0845633735829117,1.8011863121945086,0.5602836879432624
2175623.483540161,0.168198777932681,-0.06433513598762461,1.8888268498999556,0.5957446808510638
2829280.731174684,0.2312187151315972,-0.06450397176861962,1.8541267445500267,0.5460992907801419
1998264.7210217747,0.1484989545711728,-0.0666243659598107,1.486390966989491,0.5602836879432624
2822437.8154496406,0.2306225714908101,-0.0525159289858362,1.7705967289340754,0.5815602836879432
2011763.2339992297,0.15004642793182033,-0.08359566006564458,1.345283268772635,0.49645390070921985
3006066.6764984867,0.2462343623406582,-0.1368798474771519,2.0721719712938205,0.5957446808510638
1661508.705703955,0.10687995896370572,-0.113623089880253,1.0320876219667836,0.46808510638297873
3469812.7993305074,0.2825113255176175,-0.08142656996470737,1.9180376422919856,0.5319148936170213
2102759.006925513,0.1602668932605147,-0.07984343593123466,1.5137423669383838,0.5177304964539007
2051833.8678258385,0.15459172032588842,-0.08145247217905027,1.393069233036084,0.475177304964539
4005457.7160666846,0.31986778939116123,-0.06630953741635687,2.199653188034735,0.5673758865248227
1912624.888170613,0.13848145466516004,-0.08039378765831276,1.3446068103625766,0.48936170212765956
2472369.370207022,0.19845759196597412,-0.06704152472303422,1.7449318692314792,0.5602836879432624
2085180.4668646369,0.15832046539015998,-0.10251677189959352,1.4674845087195036,0.5035460992907801
2542987.97123352,0.2052270244810599,-0.09099581589275921,1.9514609663810587,0.6170212765957447
3012485.301327724,0.24676610620827244,-0.060916025235743264,1.973636842152553,0.5602836879432624
3783949.510695103,0.3049355618361713,-0.0863810306779851,2.217278902126938,0.5957446808510638
2598770.8257766794,0.21046879055171064,-0.07253210134277543,1.6754862767940037,0.524822695035461
2837209.3572336305,0.23190800330175287,-0.06385799891556139,2.0647656804213366,0.5957446808510638
2339223.756383584,0.18526197874083228,-0.08149944376238179,1.7076801906414742,0.5886524822695035
2262029.7511130003,0.17733393608324244,-0.07381559270241685,1.5919585320273835,0.5602836879432624
2286484.956334244,0.1798686715066513,-0.05729606879003698,1.6396078647199006,0.5602836879432624
2395791.7268676236,0.19093980820521472,-0.06181137405949232,1.7377393877250915,0.5390070921985816
1672970.6082955184,0.10840292253402461,-0.07868270068101542,1.126006753303203,0.5177304964539007
2756582.169460638,0.22482541269378786,-0.06654052313068426,1.9107823860958069,0.5531914893617021
2442038.901098657,0.19550257415247474,-0.10625629733210135,1.5712233623513105,0.5177304964539007
2767137.789315114,0.2257620097578168,-0.06461595499936965,1.8866918289890644,0.5460992907801419
2820338.0735833277,0.23043941358355835,-0.07440900660870753,1.8871753685683834,0.5815602836879432
2732415.2623806647,0.22267023708707057,-0.07973770814285784,1.9418257705995063,0.6028368794326241
3701970.077106087,0.29923161748018146,-0.05525338390642011,2.503794866736116,0.6666666666666666
2940217.389706553,0.24072601486353995,-0.05347450415657993,2.180726630701027,0.5886524822695035
2201556.648048436,0.1709705507445618,-0.11487809600438124,1.5810589194130924,0.5531914893617021
2747082.3375954265,0.22398003913540632,-0.06542824713517169,1.7627378164902832,0.5531914893617021
2551908.9086592896,0.20607144054412574,-0.08282376318645582,1.770018523185947,0.5531914893617021
2331988.5583371148,0.18452786901150597,-0.08378316521250359,1.5870881638938814,0.5602836879432624
2102375.390926318,0.16022455560545157,-0.07986414639406467,1.635028381455188,0.5460992907801419
4698655.990082456,0.36268266095108026,-0.08143789690659238,2.673845305835652,0.6170212765957447
2938487.3471749187,0.24057997027721023,-0.06570146173045985,1.8573768308392067,0.5602836879432624
2584199.757939183,0.209108338622239,-0.08509051343139296,1.5214641260937027,0.475177304964539
3430957.3810247756,0.27962602645786605,-0.06649122481134222,2.337905070316184,0.624113475177305
2203901.0234478666,0.17121983126973817,-0.061679881771570494,1.375084235685944,0.524822695035461
3029097.8534909193,0.2481381580844253,-0.0660053035097986,1.9091928290615192,0.5886524822695035
2144518.463060146,0.16483914775255015,-0.06775031102029029,1.4483063808046925,0.5106382978723404
2628405.826529818,0.2132169918674367,-0.05964721776954286,1.8115322712648811,0.574468085106383
2641729.7146398863,0.21444451082353622,-0.0880914924282958,1.841791430094011,0.5673758865248227
3421801.5951957684,0.278942339275863,-0.0702232705124123,2.1690719723163734,0.5957446808510638
1876584.5709271238,0.13415817692566678,-0.08167405730334899,1.4402922651578973,0.5319148936170213
3340095.8282390297,0.2727754370958684,-0.06805452576098427,2.368782291997916,0.6099290780141844
2722276.1695011687,0.22176150198622113,-0.11989343595653668,1.7666749250922682,0.5673758865248227
3447114.8928704094,0.28082899885509316,-0.05591454815190652,2.1374684034601183,0.5886524822695035
2824007.688010814,0.23075943834529467,-0.06346975164151918,1.9800805601718379,0.6028368794326241
2705889.8053443707,0.22028710291265519,-0.07649575663448213,1.82090592035501,0.5390070921985816
2942658.230911807,0.2409319458990502,-0.07228133215551727,1.869088571477058,0.574468085106383
3297236.395632932,0.26949214205508576,-0.06257476555118488,2.0951957008663644,0.574468085106383
2750180.2331174095,0.22425597211292714,-0.07492970593229227,1.9490628511051569,0.5886524822695035
3128064.6790639735,0.25618945920186076,-0.06140395337110925,2.2951364029435086,0.6170212765957447
2498136.0383596616,0.20094527255183836,-0.06735498776862373,1.7388888488704324,0.5673758865248227
2091394.276073001,0.15900999977988817,-0.09303480658881431,1.6311462499038099,0.5673758865248227
2752897.8686616058,0.2244978302428149,-0.08349282234115467,2.041870612348487,0.5886524822695035
2767563.3464712338,0.22579970934121296,-0.0691109579246175,1.9908623568642343,0.6028368794326241
1489883.8030077268,0.08300504511604134,-0.080028676823519,0.8508779659409974,0.46808510638297873
2860379.7954986724,0.23391356977446032,-0.08151164298501001,1.8537187806888313,0.5390070921985816
4093816.282782932,0.3256402129068856,-0.06251833742882955,2.54048756402882,0.6312056737588653
1614445.0519659554,0.1005370140972206,-0.14250978847038143,0.9465304212087459,0.475177304964539
4144579.8041083124,0.32891162726468304,-0.07793473913006817,2.2570587973608367,0.6099290780141844
2949429.9486447996,0.24150255354489514,-0.04489960452166069,1.9161306956287059,0.5673758865248227
4230007.200775454,0.3343452726427687,-0.046094172297871674,2.4085899625837186,0.6028368794326241
3409071.1281374814,0.27798928477442053,-0.0852823074374542,2.2638226687761565,0.6099290780141844
2287797.918208445,0.18000414293244593,-0.068887360988819,1.7944135747356604,0.5673758865248227
3146699.0500667607,0.2576825690065778,-0.048685097707661495,2.2478337055798203,0.6170212765957447
1889152.4857156887,0.13567326676968983,-0.11724157249174443,1.2803310224619813,0.5177304964539007
2299180.192335913,0.1811759668034807,-0.0691121827123459,1.6400754726679097,0.5035460992907801
3373133.178097024,0.2752833736705642,-0.059848292272971615,2.1245968672542803,0.5815602836879432
2407791.2107929415,0.1921304057319937,-0.07035646158235269,1.7591732929887758,0.5886524822695035
4181946.1106011523,0.33129924717925285,-0.04500938678511603,2.598661038585572,0.6382978723404256
2394240.897432246,0.1907855858747327,-0.07169004088609084,1.5200515556112457,0.524822695035461
2941726.7960008094,0.2408533779093569,-0.0933184749792506,1.7897293472957414,0.5531914893617021
3535608.8393218694,0.28733875034079737,-0.11493841350251158,2.2834480000964934,0.6382978723404256
4227121.891362679,0.3341631902176607,-0.0502330538979969,2.3399316938880848,0.5957446808510638
3034450.984360443,0.24857899751258605,-0.0850328042556984,1.883918039288074,0.5460992907801419
2447940.089697517,0.19607980302242156,-0.11867200944814464,1.6083913976661606,0.5035460992907801
2689096.1612109677,0.21876862774984973,-0.05026756013837787,2.068703755672938,0.5815602836879432
3478105.1600756138,0.2831237444138166,-0.0640654690032746,2.158082598337737,0.5957446808510638
2907680.451073494,0.23796776195157743,-0.06403306624948074,1.9026182746422233,0.5602836879432624
2733519.241369787,0.22276902032688994,-0.07949317289488471,2.0992095705996086,0.6028368794326241
2574287.3208216624,0.20817933598964333,-0.08697808235575061,1.833651179951749,0.5531914893617021
2304656.2664032364,0.18173808486896248,-0.08899541230402133,1.6270906879076685,0.524822695035461
2499752.131187462,0.2011006153338155,-0.08965532566982527,1.9383337112314036,0.574468085106383
2896987.356108687,0.23705588576764192,-0.049405262388103506,1.9129751961700863,0.5673758865248227
3182543.631244749,0.2605348968874126,-0.07718180798913034,2.1166022743313615,0.5602836879432624
4066404.1068857643,0.32386014255137585,-0.041416502374469075,2.812829911005029,0.6737588652482269
3062620.080254347,0.25088857277756116,-0.09773441060270809,2.0997510881120176,0.5531914893617021
3865767.270952447,0.31053052482070354,-0.05794940344507499,2.156321815675729,0.5886524822695035
3283687.6379199577,0.2684471225213392,-0.06412687362484892,2.1364510200719717,0.5886524822695035
5049369.248527212,0.38244361232972657,-0.06645443696953691,2.5780383014091615,0.624113475177305
2692620.129438444,0.21908789133161988,-0.04655093027085152,1.9635763257729761,0.5602836879432624
2100035.0941056954,0.15996613556504857,-0.08779525365463797,1.3758332717753006,0.5035460992907801
2279212.561482562,0.17911717667377114,-0.07489019401521552,1.716539262787782,0.5390070921985816
2284262.1062067514,0.17963917586208722,-0.10300063454643814,1.580125923000917,0.5177304964539007
2688820.494440842,0.2187436388488584,-0.05030426731862213,1.8001433130204971,0.5460992907801419
2283619.5522504607,0.17957280282033294,-0.057590061119992576,1.737131453443649,0.574468085106383
2253691.2592097986,0.17646465510396925,-0.08754806883394929,1.7044564676188447,0.5602836879432624
3054615.0074574095,0.2502339738045285,-0.05349109791377925,2.119338656981329,0.6099290780141844
5666654.482673462,0.4147032348158588,-0.055337195649986105,2.4801913880900606,0.5957446808510638
2394898.341351383,0.1908509751819143,-0.10233686922739745,1.639373646407302,0.5460992907801419
2009010.6040743925,0.14973154135211697,-0.06891663200864297,1.3937166282691293,0.524822695035461
2013494.9565360942,0.15024435141554782,-0.08457688881987484,1.2883421698695936,0.5106382978723404
3651575.7055935333,0.2956749482294576,-0.084832596537026,2.100105480412711,0.5957446808510638
3020999.5607028822,0.24747006379540082,-0.0829428083136836,1.9885123838893985,0.574468085106383
3209125.542769332,0.2626335979022336,-0.06656930733686396,1.9959096336352822,0.5673758865248227
2760126.291508944,0.22514020106288557,-0.08495867777982564,1.7833535404977847,0.5602836879432624
2947739.203495473,0.24136018393900582,-0.06849736079633593,1.8483017015424343,0.5319148936170213
1940567.589874795,0.14178873725920438,-0.09043957564501033,1.3709956297977732,0.5035460992907801
2439211.2625995944,0.19522559118703264,-0.0877159342297948,1.3926800509978294,0.475177304964539
2854877.7683717655,0.23343851009606764,-0.06835461451196866,1.888896461823012,0.5319148936170213
1661979.641567689,0.10694269837381021,-0.0725658524949674,1.1191533859433294,0.46099290780141844
3060194.9120760155,0.2506904041233544,-0.08431374227601661,1.9557730817621293,0.574468085106383
3566735.1972226556,0.2895974731444002,-0.04551981449469449,2.19702927066979,0.6170212765957447
3204715.4805661654,0.26228637832515767,-0.08241102982951812,1.9724338282529246,0.5673758865248227
3733214.0252787974,0.3014173064482384,-0.03952060796711584,2.481729749294225,0.6382978723404256
3037940.4156230176,0.2488660232683022,-0.04816750504879259,2.0788107802266396,0.5815602836879432
2289440.2106882287,0.18017350716721947,-0.08146318912661119,1.6377334344354546,0.5177304964539007
2561219.711462908,0.20695024468072498,-0.06297915480551108,1.7142357843388913,0.5531914893617021
2676176.55879942,0.21759527038509363,-0.15897633097698494,1.7153936241441097,0.5106382978723404
3739531.639233479,0.3018574790330568,-0.05195728587926084,2.5143711989766584,0.6312056737588653
3074771.546280437,0.2518796237878911,-0.03990245580474591,2.0324762979410385,0.5886524822695035
2891338.6779627847,0.23657309547064487,-0.10131188351862411,1.8508872045408877,0.6099290780141844
2657240.8104287786,0.21586731182463947,-0.07241422325495998,1.846192219160408,0.5319148936170213
2955752.1140354895,0.242034335175225,-0.05429905470844283,1.9509892133338806,0.574468085106383
3712726.666782442,0.2999857611657992,-0.045631219041082645,2.3890999272707414,0.6453900709219859
2235382.479537121,0.17454691507664655,-0.08555316865649765,1.675990609561389,0.5460992907801419
2333696.3279548977,0.18470130969089293,-0.10989982882006397,1.5217276748182984,0.5319148936170213
2168462.0102683133,0.16742869418156303,-0.09985096472274568,1.3077623671662941,0.46099290780141844
2488165.397103568,0.19998508808460125,-0.055694558271098225,1.7212925242086528,0.5106382978723404
3138245.7490555183,0.2570061133377799,-0.0685977834818647,2.107343896675431,0.574468085106383
2825581.5357963997,0.23089659068798385,-0.06940381724858838,1.8063661268168378,0.5673758865248227
1662597.5114898363,0.107024991188573,-0.14848084990735014,1.067635767877265,0.49645390070921985
2977849.5930178394,0.24388591932552028,-0.06585977694724188,2.0248622509646053,0.574468085106383
2215248.2886666367,0.1724234112206442,-0.08059160636898018,1.422272637084906,0.5319148936170213
3522704.234629855,0.28639764484039376,-0.06251050600075404,2.0547279946889736,0.6028368794326241
2106456.773857364,0.16067467958296877,-0.07363931730790821,1.6388769291655951,0.5319148936170213
2191971.4360816083,0.16994912809447627,-0.06832970752003739,1.5572068294798238,0.5319148936170213
2123516.7254834096,0.16254865274019914,-0.048990351341622725,1.4494672909882527,0.5319148936170213
2611067.9742228067,0.2116121941640774,-0.05901774586879868,1.7681858110277016,0.5602836879432624
2887739.2622825922,0.23626506108757428,-0.05137025894372521,1.7050860806166817,0.5460992907801419
2544018.2128773737,0.20532466347249412,-0.07665110544537107,1.8610212176522574,0.5531914893617021
3187479.1165484954,0.26092562182568746,-0.06247720048638492,1.8631366711595134,0.5177304964539007
3482902.000442776,0.2834774742094859,-0.057361058443134355,2.2372914333763325,0.5886524822695035
3308268.2506821295,0.2703404978444295,-0.0686180982275987,1.9794584544585319,0.5390070921985816
3152301.629568465,0.25813010171165796,-0.06261781826022361,1.910332592633962,0.5602836879432624
2813370.664771641,0.22983087245883427,-0.03859873147973512,2.1533539471606846,0.5957446808510638
1901791.168765695,0.13718877782917205,-0.12050645344029685,1.3649038152993562,0.5815602836879432
2989389.305472211,0.24484848557317473,-0.04933475017829837,2.136426986323085,0.6099290780141844
2624791.219107594,0.21288312276891097,-0.07859272692156184,1.7998846223386835,0.5319148936170213
2280298.904879939,0.17922955601384816,-0.0916915210525648,1.5064286324041911,0.5177304964539007
1992624.2613541768,0.1478498525206966,-0.10689465396716485,1.242696718352228,0.46808510638297873
3332688.665821393,0.27221042166471143,-0.07045971897142805,2.0782089402618213,0.5673758865248227
3249291.233696175,0.2657785382450628,-0.049131552560187496,1.9542961476668144,0.5886524822695035
3024128.055160481,0.24772832848412008,-0.06336505831646473,1.9122536754380899,0.574468085106383
2837988.8009429853,0.23197568230070198,-0.05078505356410426,1.7635430554158622,0.5815602836879432
2332378.3319721445,0.1845674632768448,-0.07760446620905244,1.9997551097740554,0.574468085106383
2237993.0752707617,0.17482112638661018,-0.05686548521822071,1.5316200070308488,0.524822695035461
2355181.38321472,0.18687469902129283,-0.08655389537086612,1.6687531769667818,0.5531914893617021
3062328.7618620805,0.2508647748069206,-0.0951923020803814,2.2415425256945642,0.6170212765957447
2705698.712377113,0.22026986681749494,-0.07535858817227876,1.7384994272794236,0.574468085106383
2261384.616730491,0.1772667729290045,-0.05261079835131776,1.6912022066244623,0.5460992907801419
2792997.918134229,0.22804455091689557,-0.07350518378201162,1.857481805609533,0.5957446808510638
2933585.594918921,0.24016580635116513,-0.05465133506209235,2.101723402471089,0.6028368794326241
3385010.4219385157,0.2761801993894555,-0.054907313352023236,2.073861081531831,0.6170212765957447
1470073.4186334745,0.08010954747394994,-0.1389313464023352,0.8006964085000309,0.4397163120567376
2923852.340765194,0.23934177034739013,-0.06771378915775554,2.0228004132555855,0.5602836879432624
3204954.616950726,0.2623052161654047,-0.0960602154503931,2.1159822498395937,0.5815602836879432
2380025.928942894,0.18936824122841545,-0.07801587530983226,1.5591950411906266,0.5319148936170213
2044454.3070063652,0.15376000932577827,-0.10911554940300305,1.3821993059664242,0.5106382978723404
3450068.941662669,0.28104844817249885,-0.04963611260725495,2.1556531723338863,0.574468085106383
2890385.414818683,0.23649154604495748,-0.1337077312966481,1.8148921173489991,0.574468085106383
2343380.823861394,0.18568294875299607,-0.07932140054345914,1.6702001557385606,0.574468085106383
2821388.0222622864,0.23053101294988831,-0.057046366851572335,1.8485749471041952,0.5673758865248227
2152390.373609907,0.16569305279994606,-0.0631406566209814,1.5481684124691335,0.5815602836879432
2282430.9396791304,0.1794499848967337,-0.06802382493324284,1.5236864929619565,0.5460992907801419
2479515.2295131986,0.1991495699199135,-0.05485413361923527,2.089673573738049,0.5815602836879432
2353953.253908231,0.18675089201898487,-0.10559692329558887,1.7461987138117947,0.574468085106383
2652492.9415255003,0.21543250675546055,-0.08099422640369401,1.8262557129958876,0.574468085106383
2650846.3673380073,0.21528156973461798,-0.06048563898541302,1.7408855392214961,0.5177304964539007
3089569.842298624,0.25308232280876775,-0.04500436415034865,1.999936508797371,0.574468085106383
2225064.2038746807,0.173460592027737,-0.06049989324683904,1.5409691287049947,0.5390070921985816
2628908.066080436,0.2132633529722301,-0.06526659025034462,1.7383284118599234,0.5460992907801419
2077512.163665252,0.15746725890697388,-0.11450059237220966,1.4490185385713854,0.5319148936170213
3641914.2168251607,0.2949885914643873,-0.09061926749230212,2.158821825532053,0.574468085106383
3592783.1746160593,0.2914755887956326,-0.04089497360406486,2.342261044083711,0.6382978723404256
2305554.314277846,0.18183016732090262,-0.07765635202565128,1.883913982494717,0.574468085106383
2827164.3024967583,0.23103445864429006,-0.05884657616856737,2.0559870761747656,0.5886524822695035
2797759.298886675,0.22846296902680074,-0.04854712867153916,2.2167933524192747,0.5815602836879432
3997435.0265591173,0.31933864221307995,-0.09583017823640659,2.5239035579232807,0.6453900709219859
3485157.6825415976,0.2836436785672971,-0.05565683861506257,2.2031484730818622,0.5602836879432624
2284597.3779394855,0.17967380205071382,-0.0727667587809147,1.5446721158066203,0.5531914893617021
2603019.096546891,0.21086428828971648,-0.08675665828172358,1.7524185078275787,0.5319148936170213
3544420.912414465,0.28797981845803866,-0.05491135042582207,2.1523820408230083,0.5886524822695035
2258265.4748209775,0.1769418313210629,-0.07109846999788734,1.4509717204112595,0.49645390070921985
2213841.254056448,0.17227443834034983,-0.05439554859992283,1.5912003986787833,0.5673758865248227
2827627.699607744,0.23107481147511844,-0.06992028763424829,1.8254504160414098,0.5460992907801419
4534405.500445387,0.3530195476407332,-0.06489633681004442,2.2392273869337815,0.5957446808510638
3604020.05017361,0.29228243008534727,-0.07850317165483865,2.377572934686886,0.624113475177305
2375149.4695803896,0.1888804595558482,-0.14321499778071053,1.5242606270242398,0.48936170212765956
2924135.2473072144,0.23936575270248195,-0.05916667477682157,1.8113145125237184,0.5815602836879432
3834724.539666298,0.30841897739131907,-0.07618662896489393,2.177530266214563,0.5957446808510638
2470273.820218955,0.1982543634582714,-0.0751182855522162,1.9737798425438295,0.5673758865248227
3334472.567156441,0.27234658872572326,-0.041785879226455075,2.137236162961083,0.6028368794326241
2690947.522448987,0.21893639860941527,-0.08038501030044519,1.6138549800695283,0.524822695035461
3526086.242156062,0.2866445538314004,-0.07791550888678692,2.1944768730927464,0.5886524822695035
2581242.288433989,0.20883146071293823,-0.09254722292872712,1.4382812571789807,0.48226950354609927
2044150.1511414496,0.15372567803677994,-0.10389976513593817,1.2834092000121806,0.46808510638297873
2447485.236907098,0.19603535089893165,-0.06071756301465845,1.8520483527236613,0.5602836879432624
3407615.222946005,0.27788010845674926,-0.11158625053869932,2.007589092900972,0.574468085106383
2124142.8345252415,0.16261719907039018,-0.052935451015619576,1.742707468683092,0.5460992907801419
1781468.2537425952,0.12242057084321822,-0.10264119359034181,1.1797817757975049,0.5319148936170213
2812406.829360054,0.22974659511635043,-0.07418596098127798,1.824792654876611,0.5460992907801419
3125818.52468463,0.25600900217620515,-0.058938401844807066,1.9906812299321923,0.5886524822695035
3903955.1023449185,0.31310955904737936,-0.05218099687405896,2.429963818278527,0.5957446808510638
1886435.4268186365,0.13534640402050058,-0.10662613116614872,1.3079612916011196,0.524822695035461
2201719.186518686,0.17098784052375215,-0.08805184116949956,1.6234463099193404,0.5602836879432624
2939465.926752317,0.24066258724273348,-0.10940015064378766,1.8029985766516667,0.5531914893617021
2682153.110595984,0.21813862237969617,-0.046778673214886164,1.7827049599124025,0.5319148936170213
2813322.809316459,0.22982668854397503,-0.06339514883261378,1.7307381024820825,0.5390070921985816
2042076.069116228,0.153491459091035,-0.1283162570029421,1.5580062181363057,0.5602836879432624
3031843.633673337,0.24836435553549685,-0.07377756794537449,2.078114547685575,0.5673758865248227
2673714.1518570143,0.21737112081356136,-0.06189478733177904,1.7891736363355808,0.5886524822695035
2766770.3439814155,0.22572945449745774,-0.04936620867907683,2.014096778024099,0.5815602836879432
2861061.6993483314,0.23397239624152832,-0.05903832987884124,1.8036204313594144,0.5106382978723404
2000983.6379003346,0.14881132309908196,-0.1331062335722452,1.4651139369894572,0.5531914893617021
3187058.07582641,0.26089230840977184,-0.08919810414021136,2.263710167308584,0.6170212765957447
1811297.7568450426,0.12615448259653128,-0.07074741283303797,1.2790186096003346,0.49645390070921985
1980987.2424688768,0.14650601023738474,-0.05742066799960263,1.345518817271695,0.49645390070921985
3451077.381491665,0.28112332837253695,-0.0813331261488318,2.0963308357127066,0.5602836879432624
2516179.9376821257,0.20267515415132897,-0.05884853995379523,1.7179299716493928,0.5460992907801419
2060394.4822917508,0.15555354874348826,-0.06571252418862397,1.4656003952523546,0.5390070921985816
2079428.1725050216,0.15768067761662996,-0.13030554288054297,1.4437179431434983,0.5177304964539007
2476655.2479435606,0.19887281186336647,-0.05252668987047849,1.7754773701924105,0.5815602836879432
3840533.6897228537,0.3088151571198223,-0.07712881814245463,2.3228023138950613,0.5673758865248227
2856061.8582002767,0.23354080937956656,-0.05857796399095896,1.8778301005799227,0.5673758865248227
3934411.592492704,0.315152025620028,-0.08694045424151603,2.137986812645651,0.6028368794326241
3782172.537891816,0.3048129771823862,-0.05069086328838802,2.5249816629245054,0.6170212765957447
1822521.3822404495,0.12754666936935832,-0.09867593902407767,1.263641392788075,0.49645390070921985
2234068.536086721,0.1744088043754699,-0.0651257770128668,1.733691352412632,0.5460992907801419
1953648.049654541,0.14332385673185954,-0.05606889090103421,1.4539835509211094,0.5035460992907801
2367129.2500210274,0.18807646911046594,-0.10067952410212663,1.8594667213624363,0.574468085106383
2632436.8786508474,0.21358889361010913,-0.09347344971827551,1.8813994137572712,0.5815602836879432
2988818.358374315,0.24480093091488242,-0.06115000789701617,1.8464199748722976,0.5460992907801419
2951249.101322747,0.24165566284022333,-0.05902577358327478,1.9989831220831524,0.5602836879432624
2272557.996904948,0.17842784288129443,-0.08795085845818075,1.4944063630577575,0.5177304964539007
2599063.3854715615,0.2104960433152676,-0.11127178874660508,1.6771356680130451,0.524822695035461
2662161.237860964,0.21631726431465914,-0.0806430670399078,1.7778092009222088,0.5460992907801419
2197853.1994161326,0.17057632511694343,-0.0690617789681853,1.541160769341221,0.5319148936170213
4273283.036053674,0.3370644187792389,-0.0341405922573357,2.371882054693225,0.6170212765957447
2949415.5222718837,0.2415013390448617,-0.12321254972055298,1.928011770346341,0.5673758865248227
2872324.96516636,0.23494243646425095,-0.08773651157174533,1.8199795172158033,0.574468085106383
4129276.071144198,0.3279287815088283,-0.04036115249768815,2.4748816823224176,0.6099290780141844
1502713.4970880556,0.0848638490587783,-0.07835846307486671,0.9398078765369936,0.5177304964539007
4682749.222933673,0.3617587674767502,-0.06649877071437546,2.492721007329233,0.624113475177305
2733380.2318581804,0.222756583613116,-0.0603239861020063,1.9640516542181605,0.5673758865248227
3208253.389460779,0.26256496052508127,-0.06291873461037878,1.9471449195007289,0.5815602836879432
2946741.0782398405,0.24127610589019644,-0.08972413849859642,1.7939793729901856,0.5390070921985816
4283585.462992204,0.33770850172562383,-0.06121750768918202,2.330336289343393,0.624113475177305
2915978.7320867386,0.23867356833325482,-0.0606278500843821,1.9540660201416489,0.5815602836879432
2508741.209130005,0.2019632040914403,-0.060877058618315265,1.7683116179145681,0.5390070921985816
3210988.4109524097,0.2627801533399394,-0.07502844506584477,1.9398581856985369,0.5673758865248227
3212282.226153307,0.26288190025936164,-0.05932548614841504,2.0784980677802514,0.5886524822695035
2468457.3248068285,0.19807808631495027,-0.06587493365219002,1.600874587422418,0.5460992907801419
2631115.0196077013,0.21346699015423254,-0.08132911298764081,1.7700365302369594,0.5106382978723404
3128171.3986418257,0.2561980305194709,-0.05726086061227895,2.176155522794501,0.5957446808510638
2967331.907725307,0.24300600093222235,-0.03750369658002485,2.0888546106119548,0.5957446808510638
2516588.409094857,0.20271419957213332,-0.048056291040576855,1.7998308400146916,0.5815602836879432
2625876.0432666847,0.21298336292791764,-0.06745292931770211,1.7686999044023264,0.5319148936170213
1624553.845816793,0.10191177036159615,-0.10645268603599982,1.1636716303799777,0.5177304964539007
3156143.423909245,0.2584366156889868,-0.04348495850996787,2.1053929215199094,0.6312056737588653
2512899.93485031,0.20236143760256442,-0.11525323978525297,1.7152686188258794,0.5602836879432624
2801947.7113156216,0.22883056542443692,-0.051254464515294994,2.0544582721455322,0.5602836879432624
2655801.176533624,0.21573553729803163,-0.09456138404607839,1.7825033570953523,0.5602836879432624
2052796.252368463,0.15470000909436799,-0.09031955671249846,1.4641031715020014,0.5319148936170213
2849502.606408704,0.23297369646255373,-0.06511936706150104,1.976710964902242,0.574468085106383
2305469.2925035125,0.18182145073770406,-0.09429041916127721,1.4701706256400873,0.5460992907801419
1658209.2814363076,0.10644000087544492,-0.10168354051675545,1.0124170195008333,0.5035460992907801
2678660.416791027,0.21782120552077155,-0.06856159372290328,1.6933781438525137,0.5390070921985816
2660751.0083574736,0.21618837279305492,-0.09966385696509268,1.878523468449025,0.5957446808510638
1532548.5449828662,0.08913784248599632,-0.22058213286062156,0.8443058570304732,0.46808510638297873
3239906.202114206,0.2650464942907351,-0.08361301938601902,2.1269726409704877,0.574468085106383
2954298.000786753,0.2419121047566244,-0.06205615209218295,1.9560289043470045,0.5460992907801419
3062031.614021129,0.25084049875927916,-0.04295262568889041,2.345922429932121,0.6453900709219859
2019769.8750529103,0.15096039085434998,-0.11272529995960066,1.458270187334799,0.5319148936170213
2174902.3854421386,0.16812132908851396,-0.10885005355277436,1.5497848447561637,0.5390070921985816
2811044.9999686773,0.2296274779597851,-0.06080975062789589,1.7946980174194302,0.5886524822695035
2993822.673483148,0.2452174974301009,-0.05654704866297026,2.0326910369400446,0.5815602836879432
2122045.6993246106,0.16238754136091682,-0.05343694908846385,1.5129495934412478,0.5460992907801419
2366953.4100939925,0.18805881756166065,-0.05082118185466714,1.7149777681164424,0.5673758865248227
2643777.161416468,0.2146327011584721,-0.08635182304842742,1.8298363054301416,0.5602836879432624
2983375.3068469744,0.24434720935300924,-0.08750510793603927,1.9733786446899788,0.5531914893617021
3035100.8962415494,0.24863247649899134,-0.05923882968239237,1.9021161264612705,0.5957446808510638
3108111.9447427797,0.2545828037450355,-0.0914620008880762,1.9592828038752637,0.5602836879432624
2361448.3966381024,0.18750566997919482,-0.07325497819533115,1.7523259800127096,0.5390070921985816
3610935.50596541,0.292777980642962,-0.10002020030657247,2.0862985152185742,0.5460992907801419
1771904.16586404,0.12121279671171714,-0.10280646907119725,1.310923021619452,0.524822695035461
3028416.24649776,0.24808198186815367,-0.08437749720716484,1.8865740100455681,0.5673758865248227
3003796.0897870637,0.2460460406021221,-0.06207101642567863,1.9331142721936978,0.5886524822695035
2129150.9309692895,0.16316490383234394,-0.08181164987643337,1.5362989842448072,0.5106382978723404
1995323.962018223,0.1481607162440437,-0.08592395556212422,1.3667907807912498,0.48936170212765956
2590610.7928615967,0.20970766960696974,-0.05501541492414984,1.9852661679126857,0.5673758865248227
2978800.774560072,0.24396537331736678,-0.1394377479025568,1.9023268662645922,0.5673758865248227
2046490.97651231,0.1539897911337953,-0.07734759729748923,1.3947873039789351,0.5531914893617021
2185189.462212634,0.16922426440412885,-0.06684982391956948,1.5642764186198215,0.524822695035461
1861842.863931054,0.1323706515168417,-0.19512931023900582,1.2937822629379752,0.48936170212765956
2416459.2974421512,0.19298751006709947,-0.06243976293568607,1.6992640004764625,0.524822695035461
3046149.0507098464,0.24954019208124634,-0.10066493776688375,1.9393742827617706,0.5602836879432624
1893645.2477649613,0.13621292283271003,-0.08975399545392902,1.424356627345225,0.5531914893617021
2482450.0451073353,0.19943330423973804,-0.06388555674266291,1.6439925763881145,0.5177304964539007
2633389.6246824074,0.21367672664866477,-0.05537768234190838,1.7704031214756903,0.5531914893617021
4783320.380157761,0.3675584397154903,-0.05724547398117845,2.4914055904133794,0.6312056737588653
2306576.6707537742,0.1819349609892673,-0.09267542660030356,1.7133138316997953,0.5460992907801419
2408294.8759204713,0.19218027585998132,-0.06397088305614217,1.7500670788525021,0.5815602836879432
1775070.4639273286,0.12161322007107511,-0.06910139918939656,1.1673421741976142,0.475177304964539
2245605.1722434987,0.17561922627907567,-0.0646299721929624,1.5400101902664904,0.5319148936170213
3706910.35889481,0.2995781976346219,-0.09296209325555461,2.13218171838006,0.5886524822695035
3182481.6490262104,0.2605299868929445,-0.07778917270395291,2.1520080415543594,0.574468085106383
5605493.246864715,0.41163613453776593,-0.057289163216236366,2.4445215874073845,0.6028368794326241
3270811.7725717276,0.26745080171983693,-0.04926208226745972,1.8744493318159041,0.574468085106383
1788359.5734225148,0.1232876104983407,-0.12172353095028275,1.19974906680918,0.5319148936170213
2598817.3697313312,0.21047312641698368,-0.10241139129922827,1.7082050710912329,0.5602836879432624
4011896.3453304786,0.3202918448204226,-0.06366313767386053,2.5890536552815484,0.624113475177305
2686360.4271241603,0.21852054554459466,-0.06771401975476551,1.7311329002299076,0.5106382978723404
2762407.5053646346,0.22534264711164598,-0.08250659560876174,1.724766418062524,0.5531914893617021
3290439.2404419445,0.2689683058360064,-0.05376108685827162,2.0803484598724857,0.574468085106383
2183299.0406217626,0.16902189366266995,-0.05835432085179025,1.3975968827427943,0.5319148936170213
2198180.5709438035,0.17061119464599184,-0.06495401970596974,1.514931588019243,0.5390070921985816
2712694.2114880746,0.22090020915128106,-0.06871630462368687,1.9072934318072854,0.5815602836879432
3192615.8547663502,0.26133176557943716,-0.07738276453994454,1.9464881632647566,0.5886524822695035
2705416.808106004,0.22024443799771753,-0.05758829434724199,1.9171763973988545,0.5673758865248227
1698815.995797831,0.1118066525120871,-0.07728726909596684,1.1324514263971464,0.475177304964539
3138423.172355138,0.257020326190869,-0.05315578756798123,2.055284275870768,0.5886524822695035
3384482.145355381,0.2761403638722304,-0.08462537029736669,2.189118503468241,0.5957446808510638
2663740.724452174,0.21646156068619615,-0.05893828454557504,1.9514697951774564,0.6028368794326241
2403202.4900645562,0.19167567125415141,-0.08954865053175012,1.4754916100609243,0.46099290780141844
4125112.3150302377,0.3276608699924175,-0.05643147717319374,2.5949862908735337,0.6382978723404256
3000312.1444392963,0.24575686173572442,-0.06402965485224858,1.9842993166130543,0.5106382978723404
2891614.672692788,0.23659670215704387,-0.08783139876802858,2.0154306791009438,0.5957446808510638
2254103.123351713,0.17650765195966134,-0.07716986379749578,1.5124189792231004,0.5673758865248227
2080802.5719581055,0.15783367113843982,-0.15050428604613758,1.4239848623318363,0.524822695035461
2668572.22364365,0.21690252504128438,-0.10775545967656805,1.8126703676360671,0.5390070921985816
2704922.111956109,0.22019980943029127,-0.06889950440069861,1.731653713526581,0.5177304964539007
2320474.5026367134,0.18335584472886657,-0.09974845731533358,1.7126730513556712,0.5390070921985816
3182711.3609729777,0.26054818341184927,-0.0545131623169345,2.0471387731075383,0.574468085106383
2851274.9980546734,0.23312704033184595,-0.05385040424633018,1.7198902341891127,0.5602836879432624
3482598.3853904367,0.2834550965101357,-0.04199708142623572,2.410550156374642,0.624113475177305
3083879.16741661,0.25262037217977884,-0.0922329955424315,2.013659900844327,0.5957446808510638
2104013.5648995135,0.16040530901033478,-0.10121368016523206,1.528586964079333,0.5390070921985816
2848697.9998073764,0.2329040582848445,-0.05643273274179855,2.0615841248390465,0.5673758865248227
2477623.99144668,0.19896658499376163,-0.06434738847077279,1.8946818706201973,0.5957446808510638
3510303.937299558,0.2854907153640347,-0.0653763019691642,1.9620868892414565,0.524822695035461
2464260.4858017033,0.19767041762264204,-0.08156499974738933,1.758351258632204,0.5673758865248227
2385121.2404435393,0.18987706078654631,-0.06387956900345468,1.6436914480500515,0.5531914893617021
3124374.027238151,0.2558928958031834,-0.07536429489613776,1.8844270773850664,0.5390070921985816
2607079.0399700855,0.21124177121689725,-0.06317118904003126,1.772386035520802,0.5673758865248227
3067271.7186773624,0.25126832275299926,-0.05148785717915339,1.7693546072136,0.5390070921985816
3876097.028356785,0.3112301539065394,-0.08138610577494795,2.277406276748723,0.5815602836879432
4267264.479018827,0.33668757803410565,-0.10576908751572477,2.214491425971194,0.5957446808510638
1998184.0925776688,0.14848968621174197,-0.054272565896571826,1.4637796626863602,0.5460992907801419
2050714.0035179348,0.15446566056553923,-0.12478707587788836,1.5203264452837315,0.5319148936170213
2946162.1514914697,0.2412273289939948,-0.04677703449197255,2.0081163340491153,0.5460992907801419
2520790.456429016,0.20311557549058956,-0.09768124351545032,1.7829151169437727,0.5460992907801419
2577127.8328694236,0.20844584347934392,-0.06944671941236887,1.745450424529334,0.574468085106383
3055974.4750490943,0.250345238240236,-0.09486949142838386,1.766992276398353,0.49645390070921985
2218564.462729774,0.1727742192219388,-0.10272977580207329,1.4423341060377655,0.5390070921985816
4319392.265319471,0.33993746184273244,-0.06121566259235474,2.2438479401076736,0.5957446808510638
2055920.490771671,0.15505127278291098,-0.11702134182894337,1.4624375976343422,0.5035460992907801
2642974.6371144885,0.2145589513240198,-0.055648155351901554,1.8933151099736765,0.5815602836879432
3009657.8966653836,0.2465319848028984,-0.050972179670825096,1.8894409840082411,0.524822695035461
2500473.6958107906,0.20116994794100762,-0.12217408449560957,1.5746709476038858,0.5035460992907801
3309495.731177392,0.27043475179802057,-0.0761116371576289,2.3948050921197717,0.6312056737588653
2489208.999111505,0.20008573226215964,-0.06052459319263714,1.6435699412698157,0.5390070921985816
2449328.8601670745,0.19621548473276262,-0.09664433721032649,1.5587361356868663,0.5035460992907801
3243033.335208853,0.2652906027363042,-0.05508810671625144,1.98873783751208,0.5602836879432624
2334995.8104461716,0.18483321681240428,-0.06784516772872277,1.4978246974997533,0.5319148936170213
2441372.3620101525,0.1954373060514667,-0.08138294751528169,1.7980644434157917,0.5673758865248227
2734524.6152616683,0.2228589526904332,-0.05140101754158547,2.1181656891876837,0.6028368794326241
3012284.255325604,0.2467494645315349,-0.041573035988987254,2.3270532821054,0.6099290780141844
4577476.039486046,0.35558019737406554,-0.05679259536035497,2.887195338906661,0.6453900709219859
2960976.5269245584,0.24247309438370324,-0.08947975721293555,2.0108623969517367,0.5815602836879432
2910999.097144331,0.23825022094822068,-0.0953263489913057,1.8468263122361712,0.5460992907801419
3611962.5190644846,0.29285151000373166,-0.04496616668473423,2.3649261222326317,0.6170212765957447
2873741.7395996097,0.2350642395186311,-0.0800856995718273,1.8166189679725508,0.574468085106383
3974804.566747412,0.317841428016558,-0.07589530907361154,2.129992860072225,0.5602836879432624
3883769.4764102083,0.3117488400555768,-0.05676182755399872,2.191468635610427,0.5815602836879432
2602875.280940289,0.21085090805512818,-0.12340565855086269,1.9276760355465794,0.5602836879432624
2140853.634623171,0.16444074999337466,-0.09861989539469115,1.4224889082895271,0.5177304964539007
2336266.1597932098,0.18496210994819462,-0.10946691575404333,1.6145298707979048,0.5106382978723404
2559985.171673328,0.2068338692317635,-0.15377583553170665,1.7070888248846066,0.5319148936170213
2643137.560543807,0.21457392500009043,-0.09093016187290866,1.8363401544249767,0.5602836879432624
2383104.967975942,0.18967581919179377,-0.1402679937178069,1.4930000476795469,0.5106382978723404
2045230.3922884504,0.15384759066505005,-0.10861121502145071,1.2899063649405613,0.49645390070921985
3100866.4104800005,0.25399732864170277,-0.0756112678667561,2.119826607013039,0.5390070921985816
1594784.1644887829,0.09784336864251841,-0.1284137398363552,0.9446094786765242,0.475177304964539
2737336.463217119,0.22311033678912473,-0.054839277618879884,1.9145547427398297,0.5815602836879432
3498098.882463388,0.2845955592160767,-0.07056201481898185,2.1241598476388526,0.5673758865248227
2345220.4563822793,0.1858690504979279,-0.05443075815376573,1.7084349203650824,0.5886524822695035
2250358.9911033628,0.17611654918807984,-0.1495884933890602,1.445022443704608,0.5035460992907801
2480187.5811066674,0.19921459575067635,-0.07972538551224284,1.79555782729098,0.5390070921985816
2769077.8084015143,0.22593383604737705,-0.0656897603864135,1.8725730660215882,0.5460992907801419
2594749.9749148944,0.2100939880169943,-0.0764241467980071,1.9264049563848393,0.5815602836879432
2585579.902675567,0.20923746084876016,-0.07045285674521658,1.9269872971660298,0.5602836879432624
2315699.789500781,0.18286845813016783,-0.08061621917016455,1.5123237221806696,0.524822695035461
2268914.3176897815,0.17804971660512825,-0.08387875892767117,1.5888740027411248,0.5319148936170213
2477210.1756925983,0.19892653174810082,-0.08614791332164336,1.985783154903384,0.5673758865248227
2555690.585846849,0.20642868461929464,-0.16948412556498205,1.7029118910361478,0.574468085106383
2473678.3127566986,0.19858446459691637,-0.07444711226109296,1.6547476322578087,0.5319148936170213
2500698.1040635766,0.20119150727784496,-0.06742149895764299,1.7020687477804668,0.5531914893617021
1985222.6526636786,0.14699584435803548,-0.06915866683278972,1.5399264313427894,0.5531914893617021
3048373.2576720207,0.2497226141871851,-0.11009368914771628,2.016241742976226,0.5957446808510638
2408905.8083382016,0.19224075580294975,-0.0722939407097991,1.4519882039358163,0.48936170212765956
2640286.791952066,0.2143118149985599,-0.09206262066966726,1.6021254142660304,0.5390070921985816
3550251.9733323,0.28840332072577146,-0.07651141274087202,2.3412307698143504,0.5886524822695035
2844530.2279267386,0.23254308828182424,-0.053482724591602006,2.0835653818630564,0.624113475177305
2670848.863654371,0.2171100895220286,-0.04971177920037138,1.765921675742412,0.5460992907801419
2304448.998100322,0.18171682827962177,-0.07837265707351343,1.6340681020314907,0.5319148936170213
1947710.281026955,0.14262802403603203,-0.06296916241659307,1.4842801063670694,0.5531914893617021
2844475.5613005273,0.2325383508042893,-0.08044670505423722,1.9439833769377644,0.5602836879432624
2471834.5188752497,0.19840573465685507,-0.05975349946890123,1.712808637189914,0.5673758865248227
2539107.3065809025,0.20485895829115486,-0.05677449048333673,2.002744544968761,0.5957446808510638
2719587.8206412927,0.2215200996346398,-0.08727284076313116,1.704049886717141,0.5319148936170213
2694203.3020710335,0.21923121439514648,-0.05406520069709637,1.8026994116963944,0.5531914893617021
2937050.99882921,0.24045866613112743,-0.05110653882168282,2.0927949463512276,0.5957446808510638
2002128.947026792,0.14894280273068206,-0.08041627200464188,1.4159905539267754,0.524822695035461
4015626.897626567,0.3205372941723763,-0.056089008210983296,2.4105251391985036,0.6382978723404256
4714073.37710975,0.36357574552695127,-0.04280898193145243,2.604416354363992,0.6524822695035462
3444146.8794157687,0.28060836056711436,-0.12053846672635374,1.8871466863621713,0.5177304964539007
3200710.0635421635,0.26197068646625565,-0.061050411768290715,2.255527899893974,0.6382978723404256
2709768.979798686,0.2206367841432444,-0.08155595843678752,1.7998489043646733,0.574468085106383
2148011.5430369745,0.1652183683505426,-0.09614463616461177,1.4664106244119692,0.5177304964539007
2795476.537549209,0.22826243687559922,-0.05210685432414209,1.794154459194194,0.5319148936170213
2300897.098141566,0.18135232204535257,-0.09725125855310704,1.5766678075688416,0.5319148936170213
2834340.9809416034,0.23165881439181701,-0.0661579045949664,1.8478508853456737,0.5815602836879432
2743927.692621703,0.22369879548420246,-0.050518891910852674,1.9491510630072184,0.5886524822695035
2521888.1960237813,0.20322034243837805,-0.09299022867154874,1.9429786868276022,0.574468085106383
4056573.8467438244,0.3232194540404758,-0.07268742067248102,2.5832163831796793,0.6382978723404256
2861838.1066726195,0.2340393616779859,-0.06767559406507234,1.9588584205163013,0.5815602836879432
3123926.776158739,0.25585693777678653,-0.07140200072575681,1.9683710035370479,0.5957446808510638
2841715.3676231834,0.23229905426222142,-0.1078690485066307,1.7894583061008547,0.5602836879432624
2731193.3921239823,0.22256086778943196,-0.08721447387091547,1.9921647233478232,0.574468085106383
2570526.801041397,0.2078261477986183,-0.0615441528872595,1.699038549003475,0.524822695035461
2867671.4586963654,0.23454202630739873,-0.058943625817825036,1.9964082934449712,0.6099290780141844
2743374.244104045,0.22364942764309204,-0.09875980362870874,1.6879592331311832,0.5319148936170213
3522462.275508589,0.2863799729511358,-0.08671872456141555,1.9575538731656699,0.5460992907801419
2351555.5651225136,0.18650903340600955,-0.08745184893712135,1.7629992592402792,0.5531914893617021
3739474.4843321145,0.30185349949776286,-0.051325319331518786,2.423189214739715,0.6382978723404256
2013952.2280315815,0.15029659154452024,-0.05740777452802808,1.3273753708059604,0.49645390070921985
2707028.4475981994,0.22038978533800835,-0.07345472984340579,2.086847767596312,0.5815602836879432
2457885.7744481904,0.19705013290664786,-0.07706633728517429,1.6338686487230167,0.49645390070921985
3241309.799130176,0.26515608436894955,-0.061271159775366804,2.1302597358623623,0.6099290780141844
2100905.1834619483,0.16006223938417374,-0.058819227538275176,1.5826346548717691,0.5673758865248227
2399808.754320389,0.19133891072429643,-0.09011454483561593,1.854952736712732,0.5673758865248227
4432655.475653835,0.34689206854074395,-0.04871902635334014,2.4844907280845527,0.624113475177305
2687755.5218451223,0.21864708095229468,-0.0699755949649001,2.0567936183342814,0.6312056737588653
2989363.8772158315,0.24484636778717128,-0.056749189849496784,1.9388441976949906,0.6028368794326241
3086546.889661486,0.25283701410177684,-0.0657941472237506,2.3499746781196986,0.6170212765957447
3580797.31277097,0.29061273985482705,-0.09189995471369916,2.131244864511817,0.5886524822695035
3522739.2296750504,0.2864002006816928,-0.06425030755547549,2.0416260388883534,0.6028368794326241
4429204.734238221,0.346682297028891,-0.041735617585072105,2.4265422094756257,0.624113475177305
2376797.3159748404,0.18904537961274115,-0.10237569443186353,1.4803303765973217,0.5106382978723404
1993058.550575072,0.1478998825614526,-0.0718098476189702,1.440887696726167,0.5460992907801419
3409674.222214673,0.2780344990397974,-0.08593655067423225,2.215848322107617,0.5886524822695035
2225451.8850299544,0.17350148045288472,-0.058048521165103895,1.5121468932611044,0.5106382978723404
2281636.997946492,0.17936791933515162,-0.06719304926243556,1.5681781721358736,0.524822695035461
3115672.0076095155,0.25519253147401044,-0.05226500008163209,2.0874443487247976,0.6099290780141844
2178581.553682648,0.16851627184865525,-0.10767992693539598,1.514837577846365,0.5602836879432624
2499946.052702453,0.2011192501433079,-0.09143056980780895,1.6936386959138463,0.5319148936170213
2428142.3462075847,0.19413885202048808,-0.06908048079518278,1.5855708378249103,0.5460992907801419
3623255.8415347887,0.2936589581858762,-0.06460988701841866,2.3117821718100218,0.6028368794326241
2662402.6628645635,0.21633932449224536,-0.09550858143864432,1.7310047983205707,0.5531914893617021
3243939.795478348,0.2653613271064672,-0.05176956834612626,2.0243163420693744,0.5957446808510638
1928730.912697528,0.14039243647281596,-0.10029284430716864,1.193390946162204,0.5035460992907801
4012649.2222821894,0.32034139458975774,-0.05235497837956021,2.223924316122074,0.624113475177305
2520467.842548341,0.20308477867007713,-0.04099761878231534,1.728508645922305,0.5390070921985816
2227067.6264875284,0.1736718300886788,-0.13872977338736975,1.5168521062463531,0.5106382978723404
2167480.063754804,0.16732294547777693,-0.08058626374174375,1.7339771062999823,0.5886524822695035
1887669.4865913363,0.13549490831881306,-0.10407231320129977,1.3626010747652488,0.5460992907801419
2037197.177654833,0.15293975137207316,-0.06681666789122526,1.3907368096419481,0.5531914893617021
3508293.60532446,0.28534344291493463,-0.06525005220591094,2.0920336440180884,0.5886524822695035
1707723.8664841275,0.1129701831633414,-0.07521588165994642,1.1953026036793108,0.5035460992907801
3421836.085870975,0.2789449175321268,-0.056007655636250736,2.2347705547898578,0.6028368794326241
2234428.0991031136,0.17444660507699417,-0.07397062978161223,1.8223425659330301,0.5815602836879432
2317122.3706973805,0.18301375443268642,-0.05882379079795071,1.7342474220832917,0.524822695035461
1772583.099001318,0.12129870563302347,-0.1455803229165461,1.1656845343527953,0.48936170212765956
1765951.9713751,0.12045850512172884,-0.06135906661394316,1.2198207630444426,0.49645390070921985
2295608.713041285,0.18080877773716986,-0.11707514026708156,1.5682557909623545,0.5319148936170213
2375502.3837571875,0.1889157876763914,-0.06523199913506812,1.7372173132024518,0.6028368794326241
2343608.6338959006,0.1857060009148892,-0.08934747400862235,1.5812609987729054,0.5673758865248227
2785301.2592043662,0.22736697963593566,-0.08014838605551919,1.6539932967235107,0.5177304964539007
2746612.516925746,0.2239381699524443,-0.09589578791076081,1.754344897864067,0.5602836879432624
3733579.6630267343,0.301442798083531,-0.07492695249001366,2.239715985307242,0.5815602836879432
2904400.8565528104,0.23768837325435754,-0.10562042437416089,1.8918961478106413,0.6028368794326241
3586966.368075151,0.2910571314027983,-0.05250405998742001,2.199554277947934,0.5673758865248227
1953087.1269026694,0.14325819597688727,-0.11102610606577035,1.2378855730361427,0.48226950354609927
2735422.1489047054,0.22293921621964952,-0.07345053960985067,1.8809343475201579,0.5815602836879432
2834526.2869143547,0.2316749188596845,-0.10030562545620195,1.9405240733461053,0.5531914893617021
2351681.96349,0.18652178833153088,-0.07219294551739733,1.6845656008135275,0.5460992907801419
2396583.7200795547,0.1910185372145774,-0.09630338514853988,1.5769332496726813,0.524822695035461
2286730.60156881,0.179894021917256,-0.06829223969001501,1.4953686539038944,0.524822695035461
3407982.308356425,0.27790763920195105,-0.05891607300865562,2.01002581293915,0.5602836879432624
2294245.5723117567,0.1806685107149737,-0.0769083234010146,1.455364803541229,0.5390070921985816
1736484.770449871,0.11669403361271913,-0.08640590520697294,1.1197836387366662,0.48936170212765956
2922004.7170021646,0.2391850992128537,-0.07109406205342213,1.7882254515355898,0.5177304964539007
2014490.2330799846,0.1503580427791802,-0.07170443883247023,1.4211928305754231,0.5106382978723404
2036509.9335360022,0.15286195252049306,-0.0831884323840259,1.5232341204682942,0.5460992907801419
2089373.252186557,0.1587859107236249,-0.064485970982648,1.5392913514504785,0.5602836879432624
2195142.1943906904,0.1702874063476587,-0.07686378712839252,1.3848716797486809,0.5177304964539007
3156524.470797791,0.2584670008861485,-0.062381539593816086,2.032189846297856,0.574468085106383
2550991.4745759848,0.2059847093763787,-0.073538741589744,1.7720272889562088,0.5460992907801419
3012832.0020142817,0.24679480243243423,-0.04127895921108699,2.060507144266002,0.6028368794326241
2507670.158151365,0.2018605562964293,-0.052344970282106225,1.810246880832351,0.5460992907801419
2847449.363522591,0.23279595846371026,-0.07146369590033787,1.8265972339388026,0.5673758865248227
2880860.270315147,0.23567550839065965,-0.05254099429909681,1.9158040241684582,0.5602836879432624
2626294.062299854,0.2130219799715236,-0.08182559902802064,1.636496666481453,0.5531914893617021
2403378.2433148106,0.1916931008920446,-0.0512437919492131,1.5234780522158629,0.5390070921985816
2371560.361389413,0.1885209367415357,-0.057472926376431976,1.7556803752100356,0.5460992907801419
5343309.138673776,0.39817669903895214,-0.03040004352798531,2.708778517787427,0.6453900709219859
2303121.847526015,0.18158068488258206,-0.08456289453512067,1.7785519056113634,0.5460992907801419
3938885.9000264513,0.31545101414997245,-0.052749205378906275,2.2739177269046476,0.6099290780141844
2616607.7250847532,0.21212587981260134,-0.06921925079139948,1.81332066192787,0.5531914893617021
2681952.409854012,0.21812039160514862,-0.062275481201381155,1.7594550952154449,0.5460992907801419
2422196.5568152857,0.19355346107202687,-0.0595780265898429,1.8301552878780536,0.6099290780141844
2775611.61248256,0.2265118235724939,-0.04667435912618538,2.1333478717857566,0.5957446808510638
2240154.0521590267,0.1750479171966275,-0.0628271095770314,1.5566803863013075,0.5531914893617021
3360786.997025807,0.2743484576247619,-0.06793705725784262,2.308742206498848,0.6028368794326241
3506225.696346889,0.2851918820454047,-0.05303151568206675,2.098704687046516,0.5673758865248227
2870436.8928020434,0.23478004021546428,-0.05673405229350525,1.842324295574168,0.5390070921985816
2349281.5173985423,0.18627946430620734,-0.08798191626301662,1.4616741472331498,0.46808510638297873
2849458.654893755,0.23296989289374315,-0.08535234031998483,1.893136772087605,0.5531914893617021
3538915.933317031,0.2875794872810389,-0.05061240626822974,2.302602140047517,0.5673758865248227
4196297.22914361,0.3322117152444415,-0.05787241667013963,2.3714012142844476,0.6099290780141844
3610316.7551443717,0.29273367288568286,-0.05855715331574492,2.2450582783751445,0.5886524822695035
3401161.9962150143,0.2773957401591651,-0.06051640618449602,2.171085187609361,0.5886524822695035
2920785.931828666,0.23908170769794812,-0.04757161252343394,2.064654001477324,0.5886524822695035
3339955.753219507,0.2727647615318036,-0.09317418967159213,2.005793096606768,0.5673758865248227
2582375.921600491,0.20893762128295257,-0.06349689493731348,1.8746111869576476,0.574468085106383
3158547.877686169,0.25862830095869627,-0.04129260355540011,2.1657446986872637,0.6028368794326241
2211732.8838195913,0.1720510681592884,-0.07937323804317321,1.4650066712421927,0.5460992907801419
3878991.404887385,0.3114259209721162,-0.05490248126296802,2.2423450826502043,0.5602836879432624
3389065.3730141222,0.27648580379234233,-0.04984710643683071,2.0719649497900696,0.6170212765957447
3205396.038011962,0.26233998591907426,-0.05847403687199644,2.1353919430156165,0.574468085106383
3336804.9233355774,0.27252453203940585,-0.034660522570551675,2.245747188421725,0.5886524822695035
4532494.619724951,0.3529054910173608,-0.044729771493649984,2.4679698349864543,0.6170212765957447
2865714.1429611966,0.23437345410121635,-0.05871953709299641,2.1117179537718185,0.6099290780141844
2697059.221367242,0.2194895876571341,-0.07349848680870474,1.9544024350064373,0.574468085106383
3592970.3615699275,0.2914890459029378,-0.05540076347731969,2.3185510124837174,0.6170212765957447
1560105.8418055384,0.09302680512607941,-0.07443463805809496,1.003522572613071,0.475177304964539
3686979.087578323,0.2981776709483419,-0.0492011297985512,2.323809935354947,0.6028368794326241
2556923.2387857772,0.20654503837917426,-0.05773861600925808,1.982250544955651,0.5460992907801419
3631012.509583915,0.29421237764262265,-0.08820300650716181,2.0684077462066117,0.5815602836879432
2895119.769783605,0.23689634729873332,-0.05793473637404048,1.9577276220432973,0.574468085106383
3107030.0393315232,0.25449544981577477,-0.06467862330751044,2.0293795233534024,0.5602836879432624
2269097.6107390006,0.1780687496153992,-0.05375660544726588,1.5057929931569176,0.49645390070921985
2726728.8348714914,0.22216091329242293,-0.05523831750283571,1.8939252908093696,0.5673758865248227
3653476.2543282467,0.29580979307874355,-0.06530879268454223,2.0548382316015497,0.5815602836879432
2395297.5329671386,0.19089067173393048,-0.09284559931680816,1.647178926548478,0.524822695035461
2441681.541330686,0.19546758293821087,-0.09915032928810294,1.825772302569652,0.5886524822695035
1950665.855800502,0.1429745924758723,-0.07461882263506892,1.4401948820580266,0.5319148936170213
2144783.644062947,0.16486795402689536,-0.05546054448148598,1.4954084320406074,0.5531914893617021
1857467.0479944062,0.13183787719112194,-0.06990363722622214,1.3026184148690536,0.5177304964539007
2320976.538577322,0.18340704423639376,-0.0812735561498265,1.5550722288516226,0.49645390070921985
2657676.5781480814,0.21590718784725227,-0.0844711720732193,1.8458213940012458,0.6028368794326241
2444497.1760657136,0.1957431674860748,-0.05973713122477015,1.5833039176169241,0.5035460992907801
2381120.763107276,0.18947764520022248,-0.05341770022115863,1.7694650641911978,0.5602836879432624
3208915.9250918594,0.26261710261501214,-0.06998724900301592,2.304555734744786,0.624113475177305
4304778.917115522,0.33902957832961245,-0.05844390146096326,2.279902912394474,0.6312056737588653
1925558.4884037194,0.14001704027188921,-0.07572416172005528,1.4207533117652467,0.524822695035461
2299224.8927200274,0.18118055962391288,-0.10184879201283871,1.5822550159836803,0.5390070921985816
2767138.953218676,0.22576211287292258,-0.06333518880943866,1.773758993579775,0.574468085106383
2486470.7756514614,0.1998215881266463,-0.06365323106985729,1.837531255352806,0.5673758865248227
3034429.2869893285,0.248577211953386,-0.046719382582924913,2.18737020807119,0.6170212765957447
2047886.7605768307,0.15414716112275917,-0.07801096827701828,1.481062912083729,0.5531914893617021
2368328.213754242,0.18819679816200563,-0.05851191068832774,1.7118291593808306,0.5531914893617021
2071266.6171870553,0.1567704905001419,-0.10020880308650776,1.4203810341509715,0.5106382978723404
1614463.062405079,0.10053946956220194,-0.10870746227454599,0.9759241559781833,0.48226950354609927
3713023.0116480435,0.3000065131274152,-0.0714880453426448,2.2777889307056776,0.5957446808510638
2620033.190702597,0.21244307852359312,-0.06408489965186759,1.606848889727621,0.524822695035461
3424604.412513937,0.2791517884642163,-0.050571902662604085,1.9785024466859416,0.5815602836879432
2930094.7492193934,0.2398705165465973,-0.059670072985626786,2.0653792039146066,0.6099290780141844
4439821.468583536,0.34732727419780285,-0.05550580982305098,2.4043916737832483,0.5886524822695035
2199976.626713492,0.17080242517625854,-0.06837425279568578,1.4972417098129667,0.5177304964539007
1902538.7540245191,0.13727816849802976,-0.06443986446211906,1.4348729903853676,0.5460992907801419
2418862.6252920437,0.19322471664176843,-0.07732639516164784,1.554375377130129,0.5319148936170213
2237565.7051730454,0.17477625388178164,-0.07930100288464902,1.4768358969427104,0.5106382978723404
2073170.6607986833,0.15698308814476114,-0.07405151849336868,1.4740946072222114,0.5106382978723404
1760778.3563897663,0.11980122496617418,-0.09500973137274461,1.1183142901811784,0.5390070921985816
1516804.2766684159,0.08689079054252824,-0.13702302841941863,0.964693983886373,0.5035460992907801
4434937.767991963,0.3470307379483759,-0.044511300331190704,2.5085412468822472,0.6666666666666666
3605547.3429445475,0.2923919388622367,-0.052154716570025794,2.321338293311225,0.5957446808510638
3068119.238499746,0.25133746286285286,-0.06500034871618882,1.9748227294319263,0.574468085106383
2736023.2195874113,0.222992956247281,-0.08638494983292794,1.9242465810401652,0.5319148936170213
2040383.6238530404,0.1533001960232674,-0.06988339101561371,1.3864830480674863,0.5319148936170213
4296058.932656059,0.338486656627184,-0.04970607279800391,2.4046471095697375,0.6099290780141844
2268473.5944334245,0.17800394720360857,-0.05375656702989005,1.5820604454031604,0.5815602836879432
4630968.879409302,0.3587337793804015,-0.06041374431040578,2.4269854978043446,0.6170212765957447
2899945.053411414,0.23730837865882992,-0.051881372957928655,1.9468106355950585,0.5531914893617021
2133200.8372149463,0.16360706400867886,-0.09768213029083776,1.4996230505270054,0.524822695035461
2946420.431993743,0.24124909110756643,-0.11540169092464553,1.8243584618418254,0.5319148936170213
2377211.983823102,0.18908686606854763,-0.10114174424564888,1.427575320687245,0.5106382978723404
3311335.3611796433,0.2705759582293126,-0.06181327551685271,2.0874613817971546,0.574468085106383
2082895.1594241033,0.1580664557583813,-0.07985094906961682,1.3796629541596581,0.48226950354609927
2893469.6184992436,0.23675531468095978,-0.09966737926684004,1.7449161047366422,0.5106382978723404
2123328.886506834,0.1625280850023978,-0.10388246670894477,1.582887908682089,0.5531914893617021
2757027.5864493446,0.22486499234392854,-0.03670218907905496,1.9212440107486237,0.5673758865248227
3615562.765842514,0.29310913891173596,-0.06830709155291848,2.2537786906523616,0.6170212765957447
4141561.14647716,0.328717991305135,-0.04186914523119998,2.5099125600186563,0.6099290780141844
2723050.223838008,0.22183097342755143,-0.09189458364604183,1.7838693315636118,0.5602836879432624
2768591.0652160295,0.2258907345571317,-0.07747873191206678,1.8472376362282619,0.5531914893617021
2972897.2261783616,0.2434719104107299,-0.09969835938748303,1.9042193130030123,0.5460992907801419
2615586.986513838,0.21203129500080364,-0.10693007352955926,1.783078664209406,0.5815602836879432
2805822.7439057464,0.2291702667322062,-0.0629291065474843,2.0819371428403333,0.574468085106383
1973740.8950565234,0.14566600849545774,-0.07683516319575034,1.389540419818655,0.5177304964539007
2797789.8067963216,0.22846564814746784,-0.042792756198269076,1.8907704922441304,0.5390070921985816
2456068.7517271074,0.19687309369871797,-0.045267479689563565,1.7017304439988066,0.5460992907801419
2213532.998853905,0.17224179102909987,-0.07616920772194237,1.724998712010174,0.574468085106383
3289843.970125523,0.26892238893691456,-0.03938183301152008,2.2980909778662046,0.624113475177305
1977122.0990055606,0.1460582665411867,-0.08051447589763791,1.476499226018007,0.574468085106383
2819932.6871506795,0.23040403965940537,-0.0538239509156892,2.1229947895321097,0.624113475177305
1963320.7049771661,0.1444537573710627,-0.19854933699197053,1.309300631554251,0.5035460992907801
2142243.0718574235,0.16459185770611917,-0.1064627349001449,1.469897000349152,0.5035460992907801
2411082.6474297326,0.19245615473358058,-0.06974077591247915,1.8053670734490401,0.5673758865248227
2362556.338837157,0.18761707963756358,-0.06808138342228778,1.7905277391670071,0.5460992907801419
2543871.3543786937,0.20531074719963915,-0.06293521263160479,1.7944692046430488,0.5319148936170213
2125889.492885943,0.16280833757769542,-0.08664322137362991,1.5415624103778789,0.5531914893617021
1629649.2754083094,0.10260213625389514,-0.05998126120005939,1.094043965388105,0.5177304964539007
2377537.130095159,0.18911939207072548,-0.0769266392355768,1.6138454897034225,0.5390070921985816
2102017.9116621665,0.16018509695934746,-0.15727232324161736,1.3958097136046201,0.49645390070921985
2734256.280484473,0.22283495228734163,-0.06638202600354509,1.9678424520030566,0.6028368794326241
4797056.014166304,0.3683429467807806,-0.0388428073892755,2.4810609578860605,0.6524822695035462
2357881.994882463,0.1871467645643723,-0.12825796716220678,1.6568669777696743,0.5531914893617021
3150168.9065483194,0.25795981537544077,-0.056307524924993,2.087255218916197,0.6099290780141844
1772512.8981732572,0.12128982397949861,-0.11723535241278082,1.2807295058176404,0.5106382978723404
2371462.201691156,0.1885110979206488,-0.08876943747941263,1.5050139010315111,0.5460992907801419
2766995.1614232133,0.22574937349107893,-0.08863664333849992,1.7506097976310018,0.5106382978723404
2086075.8970115664,0.1584199308290115,-0.08144482381590724,1.4364114302049649,0.5460992907801419
1720796.7920191172,0.11466898561265948,-0.07999490947911134,1.2069788698647475,0.5319148936170213
3178109.705045125,0.2601834650349337,-0.06414778462258337,2.164721103296842,0.5886524822695035
2872352.2721700645,0.23494478455855483,-0.060360571111110574,1.9419139780909478,0.5815602836879432
2808999.343256181,0.22944846067428104,-0.06159158961701011,2.141821829735323,0.624113475177305
3222427.7828574954,0.2636786225174288,-0.07526310526994401,2.19639301772205,0.624113475177305
1872658.8126790186,0.13368325441906403,-0.07164703743573807,1.1921777433624916,0.49645390070921985
3058410.6008389117,0.25054452180762055,-0.1376805870349892,1.8825139642464257,0.5319148936170213
1619322.8119023952,0.10120122741470228,-0.13331169687959524,1.020786057467453,0.48936170212765956
3404448.8455193928,0.2776425372977924,-0.0689397609503317,2.00689011503201,0.5673758865248227
2355552.7695785803,0.18691212809419144,-0.1424946718705283,1.5957372875025302,0.5390070921985816
2094639.221317746,0.1593694338728091,-0.08091881313907986,1.4755841851810652,0.5035460992907801
2940416.139007071,0.2407427882328257,-0.11848744991045895,1.9230680129770497,0.5886524822695035
2683092.43898392,0.218223932344068,-0.10580310078890572,1.8259279744827215,0.5957446808510638
2456775.017862859,0.19694192025091772,-0.09347943070398516,1.8222295384485039,0.574468085106383
2640394.065839494,0.21432168224725134,-0.05199149343254573,1.7661030992519842,0.5602836879432624
3147041.098623887,0.2577099100263387,-0.06243096196681669,2.279902992376644,0.6524822695035462
2404410.343580394,0.19179543480887684,-0.05290256087190592,1.8013803338118495,0.5673758865248227
2179103.76669772,0.16857228590098394,-0.1279891475926334,1.3039135726028928,0.48936170212765956
2994084.4341673204,0.2452392714374927,-0.08249128687455688,2.025790115341208,0.5886524822695035
2970403.053804712,0.24326319316430856,-0.05474128954597143,2.0904312999805867,0.6170212765957447
2076667.2647503188,0.15737309801838428,-0.06917643338382994,1.4004797151314958,0.5177304964539007
3726099.5585337295,0.3009209000748867,-0.08113933743403638,2.2342851804500183,0.5815602836879432
3346276.747691897,0.273246148485945,-0.076071267788124,2.061240732816584,0.574468085106383
2263606.121431484,0.1774979831869521,-0.04263563837659818,1.6205940721586523,0.5602836879432624
2616962.312635185,0.2121587300901917,-0.06412478982863674,1.852308607037006,0.5886524822695035
2630134.271257475,0.21337651267800806,-0.09298985204540014,1.826731086894034,0.5886524822695035
2176451.856836952,0.16828772322415375,-0.10127317528189494,1.3492522379770584,0.48226950354609927
2318560.9022395816,0.18316060728514238,-0.07645230411432491,1.6841067454480436,0.5531914893617021
1937359.6606490524,0.1414109919189679,-0.12289714577994079,1.311627650416759,0.5106382978723404
2296841.411566718,0.1809355649098885,-0.07889946202701761,1.8467195547709072,0.5602836879432624
5000274.695268321,0.3797448213364534,-0.05537146715397058,2.348150738769006,0.6099290780141844
1187273.1697812974,0.03492798517137108,-0.08817354597311164,0.41018944856114037,0.44680851063829785
2429421.3810887523,0.19426462912201292,-0.11490672882767043,1.624536209936526,0.5602836879432624
2148793.841161261,0.16530322966172872,-0.09514372784200954,1.4858996465567331,0.5460992907801419
2992739.095701521,0.24512734610540488,-0.10538775161423664,1.8959142407308105,0.5460992907801419
1842061.3895396648,0.1299541458266802,-0.1406880562173732,1.297913789080258,0.49645390070921985
3008140.194989878,0.24640623991947175,-0.10041194214218643,1.8941262693393892,0.6028368794326241
3751708.508785057,0.3027042129289359,-0.11664230974075457,2.2778330624903873,0.6170212765957447
2666568.295039248,0.21671970678539187,-0.09055427748573838,1.7110928483888408,0.5390070921985816
1914340.0433513573,0.13868556916002794,-0.07045016729238039,1.317777795683395,0.5177304964539007
1951876.9968177555,0.14311648861218051,-0.10579050889324536,1.4352269977344343,0.5035460992907801
1955401.930140683,0.14352906602798043,-0.1254426169679434,1.4383821917197968,0.5319148936170213
3674529.6826464524,0.2972998025482727,-0.05457699285650862,2.29346066270217,0.5815602836879432
3252921.576386952,0.26606125575295403,-0.06210552225310173,2.1701080689822554,0.5815602836879432
2119526.3761879383,0.1621114095614289,-0.053039195780563805,1.6157861418966875,0.524822695035461
1977692.081110466,0.14612433806894942,-0.0703334825462965,1.3066461523088955,0.5106382978723404
2013467.2915480547,0.1502411905761316,-0.07506394330674945,1.3334481966090548,0.5035460992907801
2828793.732230612,0.2311763267255813,-0.06432057956613492,1.982749684794991,0.5957446808510638
2545465.9364186404,0.2054618149922094,-0.06162813258923718,1.6858786821004,0.524822695035461
3061152.964409706,0.25076870481150637,-0.04433230910188262,1.8672289527649888,0.5460992907801419
2331343.8570738905,0.18446236688251605,-0.05203424368061404,1.8088580438109294,0.5602836879432624
2898335.926951344,0.23717103621499214,-0.0533940610252701,2.0155304814102015,0.5886524822695035
2671725.6357089006,0.21718998831611125,-0.04806247728992173,2.042370689836718,0.6312056737588653
2316481.1454810994,0.18294827129345537,-0.06397140131354494,1.5225849629475314,0.5106382978723404
2455017.3337387815,0.19677060231360488,-0.10201799380241779,1.7304687085848949,0.574468085106383
2999838.7031714222,0.2457175438307666,-0.08839700019377682,1.8745599682800145,0.5886524822695035
3497099.183589559,0.2845221275833836,-0.11474008324728398,1.9540063021845528,0.5177304964539007
3836933.480242931,0.3085696820389132,-0.07060534956954982,2.1027244398473814,0.5531914893617021
2822235.0223712735,0.23060488685584923,-0.056984924352257195,1.9912639319329768,0.5886524822695035
2285908.2324641873,0.17980914545657556,-0.08048936185728901,1.7159516129329935,0.5602836879432624
3157673.831517346,0.2585586347021238,-0.05460441560980715,2.05497509542222,0.574468085106383
2978540.1525914506,0.2439436050907693,-0.061552680829326974,1.999395589602194,0.5673758865248227
2648216.2446886157,0.21504031781465982,-0.11324337005920128,1.6641203465655006,0.5106382978723404
2581848.798422726,0.20888826277759565,-0.0684726893411075,1.7491139113822662,0.574468085106383
2923263.485192503,0.23929184634157163,-0.09001040857539978,2.05059663491969,0.5815602836879432
3089173.9711798653,0.25305020930736677,-0.07465225602122343,1.9098953861739523,0.5319148936170213
1937904.6897384145,0.1414752063457081,-0.080914994447431,1.3104302257136873,0.5035460992907801
3809311.776737165,0.30668018057686486,-0.06978963883769017,2.44944967423562,0.5957446808510638
2410882.8843638664,0.1924363945986507,-0.10203283430047519,1.7246037057888746,0.5531914893617021
2449221.574984261,0.1962050052542692,-0.08154698315821489,1.7549578625691962,0.5602836879432624
2939509.7666094247,0.24066628792492706,-0.10296311083126869,1.7748083992981203,0.5319148936170213
1926277.6448495635,0.14010218213138947,-0.06693905692989248,1.2829857966980225,0.48936170212765956
2958249.190092774,0.2422441231780632,-0.06478509125618649,1.9508649004646141,0.5531914893617021
2478074.6100357305,0.1990101943010507,-0.08973637335144428,1.7916312436567132,0.5602836879432624
3760005.2902689427,0.30327988153402985,-0.0837399102778912,2.3017220827540767,0.6453900709219859
2408689.661051169,0.19221935946161883,-0.09155256178180084,1.6080958320271548,0.5177304964539007
3355276.939682885,0.2739303208901487,-0.0385640942466785,2.3439006318707403,0.6312056737588653
2011443.4219439195,0.15000986079553225,-0.1319639625418035,1.3452247951461072,0.5035460992907801
2767603.7255211826,0.22580328623052903,-0.06622443509136824,1.9033530374626006,0.5815602836879432
1813517.7048460909,0.12643039302258519,-0.1509173247210154,1.205675435020569,0.5035460992907801
2693797.160810731,0.21919445325221654,-0.11142698975730228,1.6648799103222318,0.5319148936170213
2621862.899251304,0.21261237393843224,-0.07221587652789443,1.8314987638086364,0.5319148936170213
2864744.1239967966,0.234289877878892,-0.05562919189397347,1.9048562907537616,0.5602836879432624
1918124.161178198,0.13913538656804647,-0.07039343590191395,1.3025589324652982,0.5106382978723404
2804962.8387479843,0.22909491632378987,-0.09301544688292494,2.225103795261793,0.624113475177305
2605773.567404956,0.21112044311824296,-0.05528611601972058,1.6587091650769092,0.5177304964539007
2711252.936385596,0.22077044685424818,-0.062222649245301034,1.6329254445096801,0.5035460992907801
4069034.193667685,0.32403134868401895,-0.06400048258579272,2.3933218935334963,0.5886524822695035
2661456.4995721355,0.2162528597912361,-0.0691651918713894,1.7115384865168846,0.5319148936170213
3090694.3431755872,0.25317352560672957,-0.10363693138384072,2.1582508948484156,0.5886524822695035
4396867.999434491,0.3447101578786329,-0.07673201782530895,2.234380329022344,0.5815602836879432
3540482.476240005,0.28769345955493586,-0.07199121405186673,2.052330139463954,0.574468085106383
2091906.5834299247,0.15906677637004596,-0.08425189841028415,1.4129309494856988,0.49645390070921985
3336095.3820359446,0.27247040927592625,-0.06649884033621958,1.9697567964115972,0.5886524822695035
2630812.9036940807,0.21343912177713809,-0.057754301149114624,1.7839376344646871,0.5815602836879432
2250381.015469171,0.17611885132030047,-0.06917464617557172,1.5566090020845977,0.5602836879432624
2929427.403357762,0.2398140338783299,-0.07366564098870963,2.028323955613058,0.5957446808510638
2920913.060636435,0.23909249385218656,-0.06922189149579683,2.0006206866953495,0.5673758865248227
2460141.3121437035,0.19726975264543278,-0.07311579369405713,1.5205231793467349,0.48936170212765956
1738963.2822150767,0.1170126267296232,-0.08539857124530519,1.3034257950062031,0.5531914893617021
5567609.569102337,0.4097228996652307,-0.07451731576445118,2.613078040084903,0.6312056737588653
3204531.5697348476,0.2622718900832055,-0.057615206994703606,2.301688581549962,0.6312056737588653
2357483.550943657,0.18710664012985045,-0.06461887766471616,1.572108345144245,0.48226950354609927
2174435.226581556,0.16807114337680695,-0.06300019065044778,1.4426373187432517,0.5106382978723404
3082873.4875786416,0.2525386634395257,-0.04641435885615047,1.8028679333719633,0.574468085106383
3024722.7598444642,0.24777739859660208,-0.04090241483677474,1.9390549883836006,0.6028368794326241
2973731.4824061976,0.2435416913471471,-0.08409912345474263,2.0382159871196546,0.574468085106383
1907356.1405262,0.13785352265394768,-0.10504711926278337,1.4206107013426306,0.5319148936170213
2095015.1132783594,0.1594110416462342,-0.11567295063440536,1.3522356761064098,0.5177304964539007
2539339.197976608,0.20488096494039132,-0.0766671580866573,1.8918657965331263,0.5602836879432624
2152686.211433772,0.16572509504861688,-0.09921724904175214,1.359861353306854,0.5319148936170213
2803181.297484499,0.22893874742249087,-0.06823996529084368,1.7148646575426558,0.5319148936170213
3358300.8640596312,0.2741598626559745,-0.04486279195578408,1.9739980028652488,0.574468085106383
2185205.422754072,0.1692259723931271,-0.06547384012607566,1.7243654037822345,0.5531914893617021
2523612.560345837,0.20338484005593704,-0.049045628470474924,1.754935481064638,0.5177304964539007
2640020.8431417136,0.21428735115651798,-0.05280489347499988,1.7658714829192834,0.524822695035461
3285772.865074072,0.26860818100638695,-0.08274937599921013,2.1882296627901305,0.5673758865248227
3022700.7696819887,0.2476105291852766,-0.054207530296260326,1.9794078019423127,0.5815602836879432
2482571.581235716,0.1994450484136585,-0.08691440304306598,1.8542798745676525,0.5815602836879432
2976530.240289365,0.24377567767957298,-0.07837557350364734,1.8834327249173974,0.5673758865248227
2423498.6088215914,0.1936817524467358,-0.05770339656395462,1.598044179409415,0.5319148936170213
2484376.083102857,0.19961936538615332,-0.10602475428267724,1.5385710908211303,0.5460992907801419
4479021.968399652,0.3496981061841038,-0.052075753537001335,2.5363914355986545,0.6028368794326241
2593284.849678214,0.20995730125877676,-0.056191848339519755,1.5891218032967873,0.5177304964539007
2140524.954566474,0.16440499304563638,-0.14798721015313793,1.349986943745956,0.524822695035461
2042591.4638249646,0.1535496786054349,-0.05816382431361642,1.5481858702378666,0.5319148936170213
1782313.8165796981,0.12252710060957095,-0.11738852804046797,1.1486566284193136,0.5035460992907801
2374119.63979681,0.18877734546383862,-0.10218228780446757,1.5887567631391986,0.5106382978723404
2089446.3801653408,0.15879402210200833,-0.06232412688918889,1.4662587897068982,0.5460992907801419
3344416.2729522167,0.2731045362126019,-0.05257212986616803,1.961017353944179,0.5602836879432624
3022482.9592960905,0.24759254855243396,-0.09128214634383498,2.129902333985336,0.6099290780141844
3298305.111300656,0.26957442613267846,-0.054825597243190666,2.3601607195817844,0.5531914893617021
2636724.6662414903,0.21398398185964584,-0.08160741331867856,1.6574745021771717,0.5602836879432624
4603799.854362431,0.35713573760080264,-0.0635018679256616,2.4707931390998934,0.574468085106383
2503660.6687931954,0.20147598163633962,-0.07845540058810248,1.73214617847495,0.5602836879432624
4075428.2931208913,0.32444720519120374,-0.084431909565479,2.1858549624264274,0.574468085106383
2456993.123670979,0.19696317174630562,-0.12120281872255112,1.7036822831472345,0.5177304964539007
2798467.182183606,0.22852512737042696,-0.052613888077940776,1.7787880579340816,0.5390070921985816
2894492.3460992393,0.23684273118554477,-0.05217869763246767,1.9394682036976367,0.5673758865248227
3827647.6460606023,0.3079356892341836,-0.0575764388137918,2.4151144557166884,0.5957446808510638
2125374.6865899153,0.16275201489031033,-0.12408830908780853,1.4701461919742926,0.5035460992907801
3787027.91775754,0.3051478171125428,-0.08013371933818315,2.218884857100472,0.6170212765957447
2315512.780436603,0.18284935252154244,-0.07346381141173731,1.606241373666582,0.5390070921985816
2212976.3371841838,0.17218282577095834,-0.05485761048548269,1.4839352162056505,0.5531914893617021
2388753.776314418,0.1902392763679399,-0.06339286881115859,1.4987173152654736,0.5035460992907801
3391364.7094697524,0.276658965051676,-0.05213963269895663,2.048033554808078,0.6099290780141844
2732651.878377579,0.22269141200294484,-0.0970257328605468,1.693840912735886,0.5602836879432624
3210909.5311732464,0.2627739490946628,-0.0860257252914516,2.2054332555780225,0.6170212765957447
2196316.515928311,0.17041259183454094,-0.06470696776435345,1.5280036608256387,0.5106382978723404
1621184.5337735,0.1014543194155364,-0.14292290960366535,0.9765537056830228,0.475177304964539
3758006.2670714157,0.30314127316853545,-0.10383106519856952,2.3287161337756537,0.6170212765957447
3406250.2647271836,0.2777777182288783,-0.055480226581335695,2.229810438250995,0.6099290780141844
2794349.6040532626,0.2281633916275958,-0.07227867116312382,2.106499778376409,0.6170212765957447
2144317.3483897555,0.16481729902206266,-0.06920498048257419,1.4504249645494518,0.574468085106383
2843664.905151694,0.23246808978831202,-0.0687951532457845,1.9797371487040352,0.5390070921985816
2419965.4778093966,0.19333350421302953,-0.08388437556671974,1.6747045784217514,0.524822695035461
2231629.5809150953,0.1741522695370743,-0.05594842056814868,1.4825599369547124,0.5460992907801419
2020688.96811049,0.15106512033101893,-0.10545685431495477,1.329090455976358,0.49645390070921985
2561880.429616969,0.20701250967573182,-0.12655490498996283,1.6675120025547177,0.5390070921985816
1513011.3270506053,0.08634666605494146,-0.10196935654442782,0.9204708387416991,0.48936170212765956
3159859.702470924,0.2587328316249935,-0.09145884384872298,1.895403464012357,0.5673758865248227
2096032.906142922,0.1595236719591535,-0.06472291516555759,1.4648724573914227,0.5106382978723404
2965365.9539777683,0.2428412508975435,-0.057494935106129734,1.9179734373168589,0.524822695035461
3490286.372531318,0.28402125337421946,-0.0682156106882397,1.9623372891329696,0.5886524822695035
1714202.528264038,0.11381336868945824,-0.09213442915752819,1.1748688828625649,0.5390070921985816
3031269.692570297,0.24831708780261663,-0.046834095867995015,2.2794019045787324,0.6099290780141844
2389957.805279751,0.1903592379758079,-0.06958058448414643,1.5909999629287654,0.5319148936170213
1980878.0919497837,0.1464933756800646,-0.07280593428734841,1.2625849686251955,0.5106382978723404
2850547.139210301,0.23306407663418782,-0.047166095158935675,1.7732265185309946,0.5460992907801419
4251658.783487148,0.3357084720462382,-0.06663282785200028,2.579385575452902,0.6808510638297872
2247924.930733368,0.17586201397209367,-0.08745772935238617,1.81006421943905,0.574468085106383
2933930.749643862,0.24019498763327074,-0.05864039669672014,1.993775381678226,0.5886524822695035
2181064.3730001193,0.16878249030846848,-0.09307212495328311,1.581774439549314,0.5673758865248227
4939095.076803839,0.3763518700276254,-0.062708682060566,2.5408495355325114,0.6382978723404256
2798336.4979848024,0.22851365310179572,-0.08174000364244302,1.872434624565574,0.574468085106383
4400893.899682665,0.3449563188860816,-0.07935428285148881,2.4105463265493388,0.6524822695035462
3243790.4771034685,0.26534967798917175,-0.08832533032650441,1.975453387008045,0.5886524822695035
1766387.5887390974,0.12051377763597859,-0.08608897247998237,1.125455985390622,0.5035460992907801
2606342.0894414373,0.21117328643408584,-0.09079158181092627,1.7961877391378338,0.5673758865248227
2817771.260481604,0.23021536537980314,-0.05587433752925913,1.9049763927856167,0.5673758865248227
4311665.573497798,0.33945773232105103,-0.07124722560518063,2.2731241740149377,0.6028368794326241
4450577.282007871,0.3479794435901886,-0.07248293025224647,2.494229925672748,0.6382978723404256
1951859.4295231672,0.14311443094805187,-0.09449086014415416,1.3704783365243207,0.524822695035461
1974736.7795236106,0.14578159821449366,-0.10465073308075128,1.1988585462258552,0.475177304964539
3087394.6854099077,0.25290583101938835,-0.10075448206853295,1.896711487399776,0.5390070921985816
2845010.3766609565,0.2325846954367774,-0.04951531385330927,2.1258349953275233,0.5957446808510638
2893859.143788764,0.2367886118360063,-0.05471476273781265,2.3067720641068705,0.6099290780141844
3135622.9285018872,0.25679593195274464,-0.10621133253760066,2.221015857406036,0.624113475177305
2140072.501535034,0.16435576370891591,-0.08049129644700198,1.3048133584283141,0.5106382978723404
4094576.1874747523,0.3256894230013643,-0.0557253907114359,2.476553975988266,0.6382978723404256
3015422.0720122135,0.2470090975488748,-0.07703986747203717,2.057894152404528,0.5531914893617021
3771189.4521644763,0.3040542837104816,-0.07237939713563857,2.3056350174711637,0.6099290780141844
2463452.1150426776,0.19759183105984723,-0.0767632729760923,1.6003292747447373,0.524822695035461
2306570.168898423,0.18193429465296784,-0.06362722381498599,1.648937955054832,0.5673758865248227
1742516.4747417916,0.11746872848250334,-0.09703824223574929,1.3286389444063085,0.5460992907801419
2241173.4562159237,0.17515484114992397,-0.15336206120262766,1.4242601607317504,0.49645390070921985
5086046.8868517,0.38444616272072807,-0.03741794204505774,2.600956047030835,0.6099290780141844
3068151.199840089,0.25134006994900404,-0.0615243215369997,1.9072246443037428,0.5602836879432624
3541177.1487998567,0.28774398685570657,-0.07841132323384417,2.212163292267385,0.5815602836879432
4202513.578768695,0.3326061863915255,-0.054858297938047834,2.304738841521806,0.6028368794326241
2861682.7203892507,0.23402596071346649,-0.09365103797964724,1.8167371098403315,0.5390070921985816
2342453.6772872144,0.1855891120289459,-0.12361891062323303,1.5455281180032885,0.574468085106383
2361920.987212275,0.18755319666389214,-0.07270565050601269,1.5301275686628926,0.524822695035461
5515673.654734916,0.40708298846910385,-0.04962124273064916,2.642807795130412,0.6099290780141844
1581567.1166147979,0.09601759287329026,-0.11194398621389957,0.9025371257824426,0.45390070921985815
2317295.209522057,0.18303140258187334,-0.06134937609706698,1.6987614418738215,0.5531914893617021
2363052.1182417674,0.1876669194371019,-0.05492100952303632,1.748018795132453,0.5531914893617021
2844337.622765559,0.23252639655622676,-0.05674329838577364,2.122913239388681,0.5957446808510638
3097418.409836381,0.25371832868260613,-0.04899050595550002,1.9952189603681811,0.624113475177305
3294251.1680723904,0.2692621860758331,-0.057386064595038914,2.107200852151371,0.5673758865248227
2645530.3984821094,0.21479375666963807,-0.07713503151759155,1.8102373902922906,0.5035460992907801
2990408.089766598,0.24493332291661107,-0.08935283156070478,1.9065853109843733,0.5390070921985816
3537538.485937907,0.28747923911361983,-0.05126751180094838,2.3168900332222173,0.5957446808510638
2039520.053172168,0.15320255508184144,-0.064294374583491,1.484133189861976,0.5390070921985816
3758967.4113968443,0.30320792439977784,-0.06972540744662817,2.124331951457514,0.574468085106383
5440865.097143794,0.4032452848729666,-0.07906715997039529,2.636477638399448,0.624113475177305
2427050.922745163,0.19403148224001465,-0.06064069412619244,1.8085929468132327,0.5460992907801419
2917761.841995839,0.23882502012850826,-0.06506033275489372,2.006491788303634,0.5673758865248227
2874730.153044663,0.23514918703969956,-0.056159859651433414,1.8335982661560049,0.5390070921985816
1803357.8800864823,0.125165440644587,-0.07389038442299557,1.3857922061332146,0.5460992907801419
2069761.074312333,0.15660227708581087,-0.08058565075675087,1.433266429570434,0.5035460992907801
2742042.4792654268,0.22353060099630317,-0.08877443446184491,1.725747955472634,0.5390070921985816
2370686.769444752,0.18843336272465705,-0.05098517429652667,1.7321326096882839,0.5531914893617021
2479411.814275076,0.19913956696403123,-0.07061644153151442,1.7690608415713396,0.5815602836879432
2082132.6965454004,0.15798165917151907,-0.10384896369547646,1.2769879448615271,0.475177304964539
3711352.496758995,0.2998895156751302,-0.08742588758390236,2.1540299566408727,0.5815602836879432
2867992.933251492,0.2345697042376853,-0.06400864058603332,1.7960674500257185,0.5602836879432624
2278561.7789863492,0.17904983442690492,-0.0988063667339432,1.5128573285127733,0.5035460992907801
3599843.640712597,0.2919827866904956,-0.060451005369914323,2.187089645662897,0.6028368794326241
2430742.9805036588,0.19439453627721326,-0.055056146790572906,1.6599234817677986,0.5390070921985816
2013985.895976531,0.15030043750102418,-0.06349609685404141,1.5388221504012007,0.574468085106383
3058853.086715363,0.2505807050636155,-0.055943722164120774,2.1785168223043314,0.5815602836879432
3389183.906246394,0.2764947327361591,-0.048192534748531884,2.009597554297456,0.5815602836879432
2302001.0254320493,0.18146565843599527,-0.05317508673807219,1.661233305353841,0.5531914893617021
2909961.23226691,0.2381619131413748,-0.08922926397724813,1.6388351234297676,0.5106382978723404
4521418.1963992305,0.35224360280435474,-0.06856589919913422,2.4071032515399273,0.5815602836879432
1944261.7637351633,0.1422231212991787,-0.10203109119628613,1.258328469050348,0.49645390070921985
1904511.5694513796,0.13751392820413266,-0.07514865762634901,1.4448450493152682,0.5319148936170213
3525985.012949735,0.28663716617870194,-0.06583559798956753,2.1826095152526586,0.5673758865248227
1948129.374582474,0.14267719221422914,-0.06064754995883968,1.208388038878389,0.48226950354609927
2277197.084829795,0.1789085674177857,-0.07447232372017812,1.564991727090881,0.5106382978723404
3254169.6723885387,0.26615839449396717,-0.055853571695509086,2.1266735734385485,0.5673758865248227
2730084.488033751,0.22246157617731876,-0.07418392646273685,1.7800873935532633,0.524822695035461
1880134.58653635,0.13458695973387802,-0.10329438217559259,1.1771663280841203,0.48936170212765956
3630071.0141949626,0.294145254691043,-0.08651181571091367,2.322695903623858,0.6170212765957447
4205189.3319770135,0.33277583807427935,-0.0798933163060778,2.2902218685768005,0.5886524822695035
3678060.5478046294,0.2975490225291546,-0.06103884833339847,2.201799243279991,0.5886524822695035
3530641.650392596,0.2869768295770325,-0.06479210634683778,2.247047243452776,0.5815602836879432
2678218.92112693,0.21778105871985876,-0.07800467023333447,1.934931560064984,0.5886524822695035
2119030.6363653624,0.16205704281077082,-0.0794321488843351,1.4761983358111914,0.524822695035461
4277962.1232265085,0.33735709785413626,-0.07648639245992318,2.225432242435528,0.5815602836879432
2674365.089806219,0.21743039086692573,-0.07670638710561684,1.9426833783636501,0.5815602836879432
2116325.284506119,0.16176017311840374,-0.0988832858595694,1.5358967527033627,0.524822695035461
1999624.9664468656,0.14865527172282378,-0.11254006518542407,1.336934488320291,0.5177304964539007
2599582.5880603585,0.21054440246407058,-0.06423150758298002,1.885191663086916,0.5460992907801419
2192274.3731248965,0.1699814644043971,-0.07784956157405688,1.5461207327505868,0.5177304964539007
2105117.274274571,0.16052702700544463,-0.0831937186441726,1.3271082157841447,0.48226950354609927
2653650.3412938504,0.21553855761913487,-0.0628877168612951,1.8540868800009103,0.5886524822695035
1986892.5338792966,0.14718873986982772,-0.07568579879188653,1.4234142786508681,0.524822695035461
2454451.9160532868,0.1967154713292596,-0.05950729924344509,1.6298399786542528,0.5602836879432624
3387009.8214020347,0.2763309221967154,-0.07056182856519982,2.1369294430011783,0.5886524822695035
1884453.0244937546,0.1351076828853306,-0.06926833718136353,1.305656590765644,0.475177304964539
2593905.732293558,0.21001523315309867,-0.05860810066250651,1.8585269299678238,0.5460992907801419
3309536.2774404045,0.2704378647271999,-0.05483903888986059,2.0015903528368946,0.5673758865248227
2748197.380393853,0.22407938589146048,-0.06971617783913195,1.766757942430011,0.5177304964539007
2132146.8030647435,0.16349205148480372,-0.10444893582414456,1.6498222889330316,0.5531914893617021
2971594.1641906872,0.24336288510549564,-0.05809116433176469,1.8744454557951649,0.5602836879432624
2970318.53886544,0.24325611833256144,-0.12991019811064458,1.7341828379398103,0.5460992907801419
2664607.893102456,0.2165407530777559,-0.07752646269267921,1.9465941739807677,0.5602836879432624
3381883.0279150773,0.2759443009077083,-0.05415887828414103,2.057448327709876,0.574468085106383
3948193.738745753,0.3160721262729682,-0.05391462814919501,2.256539997100521,0.6028368794326241
2475857.434675033,0.19879556252424968,-0.09115759816430336,1.8390461597293772,0.524822695035461
3984520.9083735244,0.3184850871144147,-0.03359695948000006,2.7596000936513265,0.6595744680851063
4473488.07126731,0.349364426888088,-0.05360050178350708,2.336476116641719,0.624113475177305
2896413.1954875384,0.23700684688668905,-0.11166211314558286,1.843784179928891,0.5460992907801419
1806571.6763157942,0.12556619055125817,-0.09540262833452008,1.225124612139989,0.475177304964539
3123419.898080075,0.25581618088866453,-0.0637350906310687,2.090023941730443,0.6028368794326241
1956995.8336084948,0.14371542985637897,-0.1095077101564829,1.1963389476501385,0.49645390070921985
3430536.8472969155,0.27959465607178036,-0.05572649580277391,2.401501234917654,0.6312056737588653
1799861.7026166145,0.12472882933930562,-0.11179974966841794,1.240742266878036,0.5177304964539007
2892182.9060597685,0.23664529924624067,-0.05736773258140521,1.9514767523177838,0.5602836879432624
2753968.4869284304,0.22459305832008458,-0.07889492433875944,1.9502546119993915,0.5886524822695035
1890119.044038682,0.13578945324774905,-0.11667010355354374,1.2652320623448075,0.5035460992907801
2679829.0370813017,0.21792744685482668,-0.06485983650557338,2.0957712061125604,0.5957446808510638
2400623.466060034,0.19141978933749004,-0.06363371835655166,1.9130103357074004,0.5815602836879432
2547868.6760045323,0.20568930323292922,-0.09703560110148465,1.743846411154744,0.5602836879432624
2183566.5232111295,0.16905053634284029,-0.07757205361871927,1.6239873767009048,0.5460992907801419
2194738.512221489,0.17024436048803637,-0.05341736203681498,1.6717490143769136,0.574468085106383
2199109.2954799575,0.17071009386004166,-0.10825023161016165,1.506070957260612,0.574468085106383
2502913.1571760983,0.20140422873916908,-0.09584207237556476,1.602076230851053,0.5177304964539007
4312064.771343111,0.3394825342835457,-0.05449444574423897,2.4355774150115086,0.5957446808510638
3911013.840351908,0.3135840624542441,-0.06013077073717868,2.5385701582639526,0.6028368794326241
3680839.386071799,0.2977450274433264,-0.07313375897438515,2.071496072921276,0.5815602836879432
3058698.0606838427,0.2505680286461025,-0.11846001060430841,1.8955033188118344,0.5390070921985816
2230973.680857103,0.17408324221250004,-0.07923103792762048,1.6838035744646087,0.5531914893617021
3048177.214490009,0.24970653965300627,-0.052546047264180724,2.1047584635237815,0.5886524822695035
2411317.9919349602,0.19247943282796798,-0.07977741396555063,1.587230121176731,0.5460992907801419
3545463.350963753,0.2880555702901526,-0.08644770957699756,1.8636069355919478,0.5390070921985816
2423678.358319483,0.19369945885923556,-0.0710874377071274,1.8441054578892568,0.5460992907801419
2516053.779433181,0.20266309377104452,-0.07318201527506872,1.6984772455893207,0.5177304964539007
2324923.770325704,0.18380928935593333,-0.11559898709355143,1.5765998700589352,0.5177304964539007
2692157.3697024886,0.21904598541473197,-0.07222036588179005,1.7191573004147553,0.5390070921985816
2644454.2067209645,0.21469490588226559,-0.07724955161609201,1.7495651269531842,0.574468085106383
2733534.630058471,0.22277039707003699,-0.05630537181842273,1.998619656200936,0.5815602836879432
2492950.585517846,0.20044629074904652,-0.09436822698870315,1.6980212349676538,0.574468085106383
2662150.873025004,0.21631631719332223,-0.06440492156704858,1.9559073106348426,0.5602836879432624
3168123.0984895984,0.25939049022620764,-0.06911532572725819,1.991213210930107,0.5531914893617021
2185692.821908385,0.1692781257428746,-0.09511966075611118,1.4890756474724138,0.5531914893617021
2916751.0306735784,0.23873917405985368,-0.04341715404383611,1.9978500989127843,0.5815602836879432
3721147.0705207633,0.3005748962640242,-0.09103854904557089,2.254585880927838,0.5886524822695035
3672128.2251059986,0.29713019035832433,-0.06218552025712631,1.9845647880851334,0.5886524822695035
2022176.2860789713,0.15123451760514683,-0.08946043356543722,1.564750971899419,0.5602836879432624
2504813.5881580696,0.20158661562618296,-0.0781564690202938,1.8528693248156047,0.5957446808510638
2409875.9017218663,0.1923367660829749,-0.042773963371940976,1.7657368785806562,0.5957446808510638
2845333.479522069,0.23261269066341428,-0.0635055325318735,1.846278480740817,0.5531914893617021
3692098.8476305753,0.2985380022345894,-0.061369875932433655,2.116764678016692,0.5957446808510638
2845154.7365927175,0.23259720380810722,-0.07436308646994104,1.7991661358600721,0.5673758865248227
2958384.037996793,0.24225544818493372,-0.05977834927661778,2.1723463005315655,0.6099290780141844
2427448.793658033,0.19407062762775928,-0.10307914986984955,1.5028774504048437,0.5106382978723404
2808825.1243188404,0.22943320979721005,-0.05272066412347177,2.0854643628324863,0.5815602836879432
3911660.367109299,0.3136274891015536,-0.04068713748799588,2.4206695007293355,0.6099290780141844
4189541.486936158,0.3317824853866136,-0.06744608098191283,2.2655277211352316,0.5815602836879432
2644661.341205677,0.21471393418081308,-0.10067085740650085,1.6468919107315165,0.524822695035461
2405004.506750955,0.19185433082651104,-0.05944552576494,1.573124776640469,0.5106382978723404
2094210.541125653,0.1593219756378026,-0.10546811059392366,1.514271393418684,0.5390070921985816
2862136.6536709857,0.23406510760498422,-0.08359538386141767,1.9674545627481017,0.5815602836879432
3505592.8534981604,0.285145485533157,-0.06030502270373066,2.340767209771875,0.6028368794326241
2870152.8287114264,0.23475559999484363,-0.06850306388897028,2.0264582303309977,0.5886524822695035
3704068.148425517,0.2993788505909871,-0.06660722126587777,2.327695723465689,0.6312056737588653
2290319.0472876476,0.18026409878421723,-0.045713516942783486,1.8916114269155833,0.574468085106383
2481016.4552167053,0.1992947400984748,-0.06473778887041662,1.6539147463631927,0.5531914893617021
3603262.6519835154,0.2922281099291082,-0.07890398347961985,1.9827362204611438,0.5460992907801419
2616106.051845645,0.21207939689880728,-0.05473644595204094,2.041209981246984,0.5957446808510638
3375628.6218583523,0.275472008773505,-0.051765429437749776,2.1988144338964952,0.574468085106383
2927722.5130241876,0.2396696890004848,-0.08348316786412205,2.057407209273881,0.6099290780141844
3951813.014395441,0.31631332427442227,-0.07125451537037393,2.2567753514155053,0.5957446808510638
2183319.9935173723,0.16902413745055433,-0.1452139933533653,1.4552496959829835,0.475177304964539
2162529.964872276,0.1667892704503533,-0.08386325490206734,1.4074955415384212,0.524822695035461
2126637.4010722437,0.16289014347773745,-0.07974409071658081,1.552759163594675,0.5815602836879432
2101192.6125115333,0.16009397973531891,-0.05687445595063279,1.459026480837257,0.5531914893617021
2592053.744234409,0.20984239926794168,-0.06815811937100183,1.6611699635446069,0.5319148936170213
4328191.019293472,0.3404829175267523,-0.06123158965664232,2.4541078255880473,0.6382978723404256
3224392.0682245228,0.26383264430363007,-0.07690541378521477,1.9967071311938922,0.6099290780141844
3781903.751847711,0.30479443093760206,-0.053243325897755635,2.2980224591152387,0.6099290780141844
3340499.968463421,0.27280623590426956,-0.07585077596641597,2.023277972091809,0.524822695035461
2385090.073693959,0.1898739511086318,-0.08102542387887826,1.7059139274745867,0.5390070921985816
2312948.9359027757,0.18258729515620553,-0.0753060314727599,1.583601193521606,0.5390070921985816
4379125.169423177,0.3436231309853883,-0.048541430400118525,2.368873280770233,0.5957446808510638
3465887.268908242,0.2822210033954058,-0.0863056177255324,2.1302403863244135,0.574468085106383
3459678.7588006896,0.2817613004894115,-0.0499360739100415,2.1115875061793505,0.6099290780141844
2074153.7133179056,0.15709279059183068,-0.05813866948343697,1.3511865749831768,0.5177304964539007
3172621.5559568848,0.25974793211954705,-0.07853482119958866,1.8406357972237855,0.5319148936170213
2208613.232569024,0.17172024563621013,-0.08356715355196155,1.487359359396989,0.46808510638297873
2390057.1517066825,0.19036913404765765,-0.06530321114891197,1.769675921935497,0.5815602836879432
3797485.9564691964,0.3058678664172494,-0.0671331563466806,2.583225688777426,0.6524822695035462
2565749.531176047,0.207376869798664,-0.05056324336051461,1.740269007370926,0.5531914893617021
3732597.4703195896,0.3013743167722325,-0.05278666547447503,2.3334575459444644,0.5886524822695035
2008790.355460464,0.14970633114335774,-0.1252787051322494,1.2477965458530083,0.5106382978723404
2757830.1128701842,0.22493629174553798,-0.054349046534127754,1.865187060051657,0.5531914893617021
3429979.5592377735,0.2795530795375041,-0.0841552129664113,2.001675458315721,0.5602836879432624
2569530.137224532,0.2077324717972997,-0.05845826751922801,1.7798783079010247,0.5886524822695035
2908074.003167303,0.23800127171566743,-0.04896559244143901,2.0194673539536048,0.5815602836879432
2966753.163377943,0.24295751031178048,-0.06516801753346771,1.9130025988324895,0.5460992907801419
3304298.5406065956,0.2700354859596392,-0.07337348992436152,1.8833142288933553,0.5319148936170213
2924039.8148982534,0.23935766298067263,-0.06575036860913079,1.8793889602924714,0.524822695035461
3121884.056876788,0.25569265515299877,-0.03598451404066065,1.9923899472005513,0.524822695035461
2989125.739419182,0.24482653384055642,-0.08184975385424721,2.0117725059232754,0.5957446808510638
2514789.332328215,0.202542189387781,-0.07249278776583441,1.9503767230967874,0.6028368794326241
2388720.389940949,0.19023594927784382,-0.0940358145135281,1.6463278041673979,0.5531914893617021
2264765.3487157337,0.1776185614315311,-0.10107573152988464,1.5439054876935339,0.5106382978723404
2614905.811063126,0.21196815873455543,-0.08011196235602792,1.7381270837348493,0.574468085106383
2216401.719219423,0.17254547676348064,-0.06013315666511372,1.469871014088159,0.5531914893617021
3741705.0180477737,0.30200876920475594,-0.0663897394885489,2.0048044642098977,0.5531914893617021
2061920.0696536365,0.15572462044967805,-0.0807948535430793,1.3549080118509318,0.5390070921985816
1858264.085169279,0.13193499461411085,-0.09351033523833366,1.4035154510021761,0.5390070921985816
2318943.1090428513,0.18319961270593899,-0.0468725732389259,1.7935423586734403,0.5673758865248227
4654343.650484455,0.3601026575517918,-0.0782295098482463,2.4190327928163478,0.5957446808510638
2536925.8142451276,0.20465185445410272,-0.08167631748524778,1.8149407795092831,0.5602836879432624
4407923.287098856,0.34538569458425794,-0.06527604646921298,2.5091607449755697,0.624113475177305
3362306.4255363303,0.2744636646470784,-0.09834632083577835,2.337702990850102,0.6170212765957447
2575082.0303520416,0.20825392230977569,-0.12820373151162484,1.4985119014981283,0.5035460992907801
1910605.7075965449,0.1382409714408026,-0.08038491988117251,1.2211524913931582,0.5035460992907801
2979742.316718803,0.24404400212649446,-0.06108776222157174,2.0166397257565443,0.5673758865248227
2894557.821212863,0.23684832675643874,-0.05964602594326786,1.805250776243539,0.5531914893617021
2945274.18106592,0.2411524990284699,-0.062246801820924784,1.8959573471299842,0.5460992907801419
3045488.965028436,0.24948603353042853,-0.06024478594428629,2.2078413579543765,0.6312056737588653
2419575.5148119824,0.19329504201899272,-0.05547759449024154,1.5796029664693716,0.5390070921985816
2735862.7776005426,0.22297861250771378,-0.0627672135085042,1.877899581747566,0.5673758865248227
2555405.1859214455,0.2064017384748984,-0.06580605772870551,1.835195407867176,0.5531914893617021
4414752.869687878,0.3458023412830882,-0.051348596871661684,2.699824399651376,0.6737588652482269
2667111.5957984882,0.2167692829297112,-0.06628973195920089,1.8299138031218223,0.5957446808510638
2118889.455850495,0.16204155797717124,-0.08129769654026532,1.4104221406510942,0.5319148936170213
2218949.5123724295,0.17281492526902498,-0.0997173233093225,1.4929589010045539,0.5390070921985816
2267920.851738557,0.1779465344525859,-0.07090541004583563,1.7778678832628931,0.5673758865248227
2274566.584013168,0.17863607858793817,-0.11021397193687013,1.3481236947903765,0.5035460992907801
3177130.929570535,0.260105834697516,-0.042243299358354656,2.4088619298775478,0.6312056737588653
2766586.090147925,0.2257131285043994,-0.07427861210123586,2.0017817665798816,0.5886524822695035
3881558.424812654,0.311599448847649,-0.08292728141417997,2.3402947238034217,0.6312056737588653
3208469.744913028,0.2625819888212686,-0.0763126124303514,1.927659778210402,0.5886524822695035
3384765.7326452695,0.2761617488311674,-0.04682988539890319,2.2801932649682977,0.6170212765957447
2852071.7849227614,0.23319595193269183,-0.06277943500359016,2.103414965803068,0.5957446808510638
2541105.94442401,0.20504857760043183,-0.06617357407774543,1.7099075304644789,0.5815602836879432
2379501.7664490747,0.18931584876137864,-0.09408584606660891,1.6530151269877407,0.5177304964539007
2077729.6604735807,0.15749149317115108,-0.060561748520784615,1.41415472032313,0.5390070921985816
3390326.320564608,0.2765807764161907,-0.055670533787160824,2.069437098864091,0.5957446808510638
2023463.8707084302,0.15138108588308574,-0.06304691958030081,1.3750237929563056,0.5106382978723404
2483046.730610298,0.19949095822286944,-0.10050986587726392,1.7047561430056757,0.5390070921985816
2746053.4726576754,0.2238883419313038,-0.06768196190039436,1.643403883794325,0.5177304964539007
2449251.500965108,0.1962079284224696,-0.059740880058045134,1.7512630815249979,0.574468085106383
3640706.316897554,0.2949026792713385,-0.0966461690945673,2.184802842765068,0.5886524822695035
2956787.392860112,0.2421213297324427,-0.06528234151389066,2.0724072728153606,0.5815602836879432
3967080.562081457,0.31732885264247357,-0.07700490186664893,2.2658451011185603,0.5815602836879432
1894129.3298213573,0.13627100805809023,-0.06973158417089792,1.360993174897852,0.49645390070921985
2690969.708932142,0.21893840859455715,-0.07127612360183125,1.5873900476785086,0.5460992907801419
1788207.9395872634,0.12326856128831487,-0.12351918388440757,1.1473827985906393,0.5035460992907801
2960624.6057035197,0.24244355862524491,-0.05415367052760853,2.1960649384669995,0.6382978723404256
1895772.509997252,0.136468085460405,-0.07061863908134167,1.3405753293154576,0.5390070921985816
2682629.0265403613,0.2181818481335407,-0.054033141040840116,1.7525879514841938,0.5460992907801419
3149759.731549038,0.25792713443248405,-0.05937196803773031,1.9109571291005607,0.5319148936170213
2281268.139733609,0.17932978463826954,-0.07771600332563808,1.5894287368934001,0.5602836879432624
1771286.1954904683,0.12113457882797363,-0.07753459196663297,1.1648882682915875,0.48936170212765956
3658369.1148971436,0.29615668587413535,-0.05460733763974142,2.1571348393996757,0.574468085106383
3019089.6759773195,0.2473122930512055,-0.06780133073818548,1.9713454774956267,0.5815602836879432
2348861.078968271,0.18623700083982708,-0.07545373545968138,1.516960674866871,0.5177304964539007
3020887.406346106,0.24746080121343184,-0.06528346479039415,1.8616186258198553,0.5602836879432624
3091069.9109074287,0.2532039801655708,-0.05682467952845021,2.215220910375408,0.5602836879432624
2981613.8599345367,0.24420023693728532,-0.06799249404403428,1.984912010285698,0.5602836879432624
2355356.131615927,0.18689231110860716,-0.07786268485039485,1.7632789010845638,0.524822695035461
3038463.3710401976,0.24890901662545772,-0.07942154308456345,2.1010462656736704,0.6170212765957447
3197536.475793818,0.2617203317643113,-0.05746171790236663,2.2449555380171935,0.5957446808510638
2934480.139002347,0.2402414303722722,-0.03279593999999999,2.163214039047694,0.6170212765957447
2042714.7608986497,0.153563604627178,-0.1054300590341526,1.3515737165378188,0.5106382978723404
4418804.299775491,0.34604925991605495,-0.04573993306025037,2.340541577246588,0.5815602836879432
3825113.324135074,0.3077624440122799,-0.07522182688494838,2.452044757807356,0.5957446808510638
1826720.4309878554,0.12806575969236667,-0.07052791582417682,1.2485868844787855,0.5106382978723404
1925751.22036866,0.14003986055279394,-0.10775832155597648,1.190201075792197,0.475177304964539
1681599.0784660566,0.10954390515450485,-0.11227768794470351,1.1182780938826944,0.48936170212765956
2596442.525171591,0.2102518152233579,-0.05516012415097309,1.90281300734347,0.5390070921985816
2561028.175900118,0.206932192281019,-0.040047339212713716,2.0665199188900374,0.5886524822695035
2207736.5582255693,0.17162721167301243,-0.0764265659105141,1.4093908094733325,0.48226950354609927
3176556.696726298,0.26006028124114233,-0.08481171611979216,2.2078053631046255,0.5886524822695035
2961796.851646023,0.24254193102967192,-0.06183374382133079,2.0304648094158324,0.5886524822695035
2514411.8011654937,0.20250608104184398,-0.07882909958857315,1.6341076012704376,0.5673758865248227
2185029.9230530593,0.16920719105579574,-0.09359329494336902,1.4268156183686438,0.524822695035461
3891661.591833604,0.31228152196445413,-0.07164694167869147,2.2647034909039054,0.6099290780141844
2316005.537211565,0.1828996919046031,-0.07509276894420502,1.6641585612107104,0.5177304964539007
3542205.208325835,0.2878187486485715,-0.051677480397008806,2.306381507038203,0.5957446808510638
3464608.80148826,0.2821263944495507,-0.07693505297065469,2.038321882144792,0.5531914893617021
4051493.2561740475,0.32288783889034,-0.057819900107372216,2.4316911052424914,0.6099290780141844
2566711.524443687,0.20746739416602988,-0.05643857366322818,1.8660170961112121,0.5815602836879432
3466955.2023093053,0.2823000110371112,-0.05799258402042685,2.136074641167618,0.5815602836879432
1561144.7279306443,0.0931723373084894,-0.09404887222208033,0.9259625462291973,0.49645390070921985
2517877.66607863,0.20283740525969307,-0.21071077977888814,1.538566762546385,0.49645390070921985
2579010.209292569,0.208622325656181,-0.04628577744784585,1.6663175086493658,0.5673758865248227
2968106.997937085,0.24307093071876684,-0.08244043539203606,1.715678068391405,0.5319148936170213
2850112.9765299126,0.23302651310713052,-0.054784804158881734,1.9689200569874148,0.5602836879432624
2817018.396638893,0.23014961954152646,-0.06145340471042299,2.027225945658914,0.574468085106383
2404332.6627910766,0.19178773389320236,-0.07233979022343974,1.5680306642386779,0.5177304964539007
2930887.5619232864,0.23993760507507877,-0.06138171740505464,2.0008827683046158,0.6170212765957447
3153172.2382444087,0.25819958858985936,-0.056242148436458146,2.0388338801298045,0.5957446808510638
3217353.3411699105,0.26328038200532955,-0.06605778708548149,2.0701282016400167,0.5319148936170213
2566717.9700753526,0.20746800061378834,-0.07051209984582223,1.7696265786651422,0.5602836879432624
4054410.2766145063,0.3230782763297073,-0.06501584260567997,2.2772488486794114,0.5886524822695035
4692049.342751181,0.3622992393312421,-0.07290026761667058,2.430062463371255,0.5957446808510638
2458490.716917379,0.1971090514446472,-0.09005637932253281,1.6886490453384215,0.5673758865248227
2604486.535405314,0.21100078123871624,-0.05192643293799452,1.8689592531518546,0.5390070921985816
1674112.072182671,0.10855413340955322,-0.1284893205550715,1.1605573207742903,0.49645390070921985
3194508.3105530036,0.2614812636047228,-0.08265730824627167,1.8502141539356614,0.5319148936170213
3671081.4250024087,0.2970562282965332,-0.054173446427479004,2.5656911720361557,0.6524822695035462
2850000.7280620593,0.23301680068390485,-0.06162554012506277,2.132157826421355,0.6170212765957447
2471885.382323606,0.19841066658462125,-0.07405996668514551,1.5646718083360571,0.5177304964539007
2966653.3789303526,0.24294914901642617,-0.07026976285938603,2.09275251663504,0.5957446808510638
3491967.1640665107,0.28414489689371525,-0.06446108875707347,2.130080997525454,0.5460992907801419
4551318.615056816,0.35402738466531236,-0.05803034583302826,2.1772516805010915,0.6028368794326241
3708565.955989257,0.29969426160184653,-0.08776204855525341,2.0165994227421087,0.5886524822695035
2727463.873523623,0.2222267972666263,-0.052554586134476,2.056719114161895,0.5886524822695035
2821220.0823652144,0.23051636341068482,-0.04443598167253265,1.986206102388721,0.5815602836879432
2617692.6111778226,0.21222637638003672,-0.05663903703969078,1.7569093574841235,0.5602836879432624
2065451.7873715763,0.15612026134301216,-0.09188009087742025,1.339046538178736,0.5106382978723404
1879822.1593274851,0.13454924973124016,-0.0749712923310675,1.3364668357348481,0.5390070921985816
2282107.636935078,0.17941656955722762,-0.09572554264836625,1.5961681325395682,0.5319148936170213
4063767.214387859,0.323688404444993,-0.05667304168015923,2.4684788381701988,0.624113475177305
2238523.1781363646,0.17487677598225226,-0.07053250667923867,1.4124452697209962,0.5177304964539007
3793843.005654573,0.30561722486320275,-0.06201771212467423,2.556906613057759,0.6312056737588653
3182092.4429502827,0.260499153726542,-0.09435164320160899,1.7654311655564472,0.5319148936170213
3145960.9825118585,0.25762356483833737,-0.1016361067241119,2.004246891034014,0.5886524822695035
1535137.3267940572,0.08950554856183657,-0.09293027907532794,1.0471370904720183,0.48936170212765956
2741882.1908725044,0.22351629616032342,-0.07528929188473274,1.7451856787656512,0.5602836879432624
2436043.778695898,0.19491501326441396,-0.06898194391810485,1.6302187632993053,0.5602836879432624
2420177.61368897,0.19335442517069157,-0.0914891952124761,1.7289835642541236,0.5390070921985816
2798725.225933494,0.2285477827398219,-0.0441731918174913,1.9019761625596885,0.5815602836879432
2761916.321694245,0.22529906837754732,-0.0712633939895468,2.048050087678824,0.5531914893617021
2238406.0889969403,0.17486448500485396,-0.09366305711848623,1.4440127403256713,0.524822695035461
2711442.366908144,0.22078750499869337,-0.046066502676065955,1.8967435939134216,0.5815602836879432
2953173.8374414505,0.24181757640419144,-0.061010211226629946,1.934747734096558,0.5319148936170213
2183642.9483369165,0.16905871961388197,-0.05862928106350908,1.483242254517801,0.5106382978723404
3337138.1796155227,0.2725499491591321,-0.04318110963346468,2.005278015117476,0.5531914893617021
4123370.399433804,0.3275487244929225,-0.061140132890784626,2.13777399843679,0.6028368794326241
2973115.9036731543,0.2434902030930024,-0.054935474468789096,2.067042673555712,0.5886524822695035
2204902.4230173402,0.17132624674963948,-0.06641628251479346,1.5176079322319143,0.5177304964539007
2808489.3200127757,0.22940381183243885,-0.09162639312586089,1.8662849254857479,0.574468085106383
4115954.8473451603,0.32707088257056105,-0.047930777427894075,2.8084516857541453,0.6595744680851063
3251197.6599674853,0.26592703508054716,-0.04571517331046269,2.226948476340893,0.5886524822695035
2013382.8774121802,0.1502315456968828,-0.10454532909169303,1.607241929520256,0.5531914893617021
2673311.5409455164,0.2173344559800785,-0.050645026979037965,2.1090628049768516,0.6028368794326241
1934253.3209002784,0.14104473194235445,-0.06349730435541173,1.391192694981947,0.5390070921985816
4232930.066073254,0.33452962381709095,-0.056900466062983004,2.1672977677812435,0.5673758865248227
2697595.2349413945,0.2195380560785869,-0.08982625835355507,1.7662183220577643,0.524822695035461
1854516.826760255,0.13147810815900307,-0.09782386699882076,1.0899502784373682,0.46099290780141844
2973583.4628869593,0.24352931147294798,-0.07458146481297494,1.9141578089978908,0.5673758865248227
2001739.7144575804,0.14889812621370635,-0.0977747946166224,1.4408592846514205,0.5390070921985816
2665046.0740797366,0.21658076121231185,-0.1402044428821676,1.8352787157484682,0.574468085106383
2741156.0451355954,0.22345148336293108,-0.08259430299188768,1.7757075510426088,0.5390070921985816
3393078.0210472257,0.27678793217232345,-0.06520360679593447,2.085245821913991,0.5531914893617021
2635833.5145772793,0.2139019110886995,-0.0564598815251981,1.731796824337324,0.5177304964539007
2665329.378993345,0.21660662557961952,-0.07766889118902517,1.8411241186576697,0.574468085106383
2563506.856785567,0.2071657267881466,-0.13169403960998635,1.6772272948901719,0.5602836879432624
3216700.665348179,0.2632291237575266,-0.0535761894333433,2.1604352642998936,0.5957446808510638
3490157.737615943,0.2840117886837823,-0.059928128341540335,2.1736146890344754,0.5957446808510638
1938161.4931813432,0.14150545749559917,-0.11627716302909112,1.3121577781877782,0.5390070921985816
3878599.627155232,0.31139942912525065,-0.05322462257908405,2.34228124624339,0.574468085106383
3802057.498224079,0.30618212468958195,-0.0681275355915347,2.1571370017291733,0.574468085106383
1606276.4640021184,0.09942107854682858,-0.08750101882071148,0.9525241752318595,0.44680851063829785
2430420.144735489,0.1943628082198121,-0.05189318392624183,1.7698052648812317,0.5602836879432624
2263915.8602026906,0.17753020582624468,-0.11541229249609286,1.4748084154452274,0.524822695035461
2332872.837106128,0.18461768883524798,-0.10060956791199778,1.603721476108586,0.524822695035461
2262313.984033625,0.17736352192267923,-0.06567284956867014,1.6751511973060618,0.574468085106383
3014754.6875267136,0.24695389411849633,-0.09021293733515255,1.8443482234475705,0.5390070921985816
3741666.5745203546,0.302006093739144,-0.0729934223084452,2.225788072116206,0.6028368794326241
2001520.223516062,0.14887292975178434,-0.12016869661730878,1.2790370367869643,0.48936170212765956
2611917.266973993,0.21169100326507517,-0.08328379216584576,1.7062377272574758,0.5531914893617021
1957231.2933329614,0.14374295019707728,-0.08611734529302321,1.2379401859120844,0.46099290780141844
3344730.9657077477,0.2731284938580367,-0.04623410593635932,2.1114025888254555,0.5815602836879432
2416015.5324996505,0.19294369017513935,-0.10487438128833346,1.7780611668994302,0.5460992907801419
2733022.803932024,0.22272460341463418,-0.07133543877651416,1.9208945574910763,0.5957446808510638
2896933.70091258,0.23705130342331504,-0.0710116073596217,1.9853182246863597,0.5957446808510638
3795066.112701066,0.305701398284846,-0.05420813508328541,2.3413716413875316,0.6099290780141844
4007868.1225216542,0.3200266053135845,-0.05485309611873516,2.5392409675601275,0.6453900709219859
2392586.989295367,0.19062102479109821,-0.06110241260747894,1.579007968584649,0.5602836879432624
2902282.007765453,0.2375077342693499,-0.05370174180559477,2.0213284310466397,0.574468085106383
3377377.5240476765,0.27560414497091923,-0.046161351309855964,1.964989917744412,0.5531914893617021
3540262.901332888,0.2876774870320895,-0.09576796044242313,2.2697354432872623,0.5886524822695035
2367459.072785408,0.18810957527292937,-0.08901840598021747,1.4523775195692679,0.5106382978723404
2464034.539299561,0.19764845408684795,-0.06934423969909972,1.7275127344429855,0.5460992907801419
2041643.884519734,0.15344263001395175,-0.07976915212591121,1.464420260421688,0.5531914893617021
2877589.2985651884,0.23539477998127456,-0.05217770989273058,1.9203998781155684,0.5390070921985816
2364181.6223896234,0.1877804351985939,-0.09297163772314491,1.5916224861732944,0.5319148936170213
2689990.4248453737,0.21884967769725372,-0.051027775608449996,1.740207487266446,0.5531914893617021
2366697.5524768718,0.18803313162792556,-0.06275406684944039,1.6948128770998017,0.5460992907801419
2761867.685076835,0.22529475290851497,-0.09055510819759954,1.7992835168795902,0.5319148936170213
3393962.745884407,0.27685450819513346,-0.04327135486001995,2.290201616882989,0.6524822695035462
1334716.0383477865,0.059443439093367134,-0.1195652075345019,0.7323078464003223,0.48936170212765956
2261341.4951311345,0.17726228311219394,-0.12479081224290596,1.347474938196282,0.49645390070921985
3398373.492259069,0.2771862122502211,-0.0717217392383858,2.242566071556376,0.5957446808510638
1880908.5652460132,0.13468035747184448,-0.06287313550501923,1.203416918983437,0.5106382978723404
2173063.5501963487,0.1679237377405558,-0.06313353589002901,1.4660057081829254,0.5177304964539007
3517158.7954184785,0.28599238026965446,-0.07349651896528689,2.0949486478870107,0.6028368794326241
3083167.2102111913,0.25256252980544436,-0.05726097006662861,2.1237363939237976,0.5886524822695035
2333907.9435799047,0.18472279425272897,-0.08202702146701162,1.608558051079706,0.5460992907801419
2804391.5712011643,0.22904484797813285,-0.04234107695397836,2.164345041845719,0.5673758865248227
2486856.6526597515,0.19985882603282468,-0.05319589850689576,1.8887258468612627,0.6028368794326241
2812764.741852603,0.2297778935231709,-0.050271632981989854,1.968469444997626,0.5602836879432624
2970119.83884433,0.24323948431677,-0.060125595727757504,2.1364181434991747,0.6028368794326241
2785272.680693647,0.22736446095224006,-0.10000072199268395,1.6926403933534653,0.5390070921985816
3514128.4266084074,0.2857707027630798,-0.047694054965410605,2.2250943553487605,0.5886524822695035
3410340.779483273,0.27808446372986984,-0.057032083941048216,2.0933651280481063,0.5460992907801419
3249807.535488929,0.26581876130593174,-0.06900710219719342,1.9413899394480794,0.5460992907801419
3158751.484142781,0.2586445272912381,-0.11305156460987709,1.9714057831028304,0.5460992907801419
3339554.745929701,0.27273419750648853,-0.08593241182903816,2.1130737537896103,0.5531914893617021
6140384.524171715,0.43760347435236424,-0.04998889149362761,2.840828457329321,0.6524822695035462
4544679.502998038,0.3536321238544511,-0.04306069481716,2.675637954676204,0.6382978723404256
1877093.1492432144,0.13421964452440438,-0.0814857890777225,1.1818031935012476,0.5035460992907801
5500437.472452314,0.4063047589415407,-0.06078729574948572,3.1387325200305813,0.7163120567375887
2446621.8167198575,0.19595095187539746,-0.09297107065980555,1.5761036367541346,0.524822695035461
3662159.0798378782,0.2964251308489445,-0.06133711234376522,2.321202253442286,0.6170212765957447
2392157.000069704,0.19057822667996782,-0.08917525692730756,1.6523210496674123,0.5319148936170213
2962985.0514656235,0.24264161046840838,-0.06806847769628804,1.8782029914688463,0.5602836879432624
3969222.4324419443,0.31747106999469765,-0.03134310308979987,2.308964978639585,0.6312056737588653
2252502.422041136,0.1763405103160871,-0.1264177441279263,1.4719282989288278,0.5602836879432624
3306179.308742327,0.27018003092702836,-0.05208240267529713,1.9689394550871029,0.5390070921985816
2078916.4010626958,0.15762368827197437,-0.06438164494273367,1.4864944740220756,0.5035460992907801
2240208.689210613,0.17505364899237352,-0.10968166958234614,1.4409063527910912,0.5035460992907801
3877938.3981193895,0.3113547122376257,-0.09830408597699801,2.1086760607925137,0.5602836879432624
3542312.554066953,0.2878265539661149,-0.04055429409198348,2.151951390537641,0.6170212765957447
4911019.862857291,0.3747835854385573,-0.038605903090907105,2.550153854704119,0.574468085106383
2510254.7701514685,0.20210820157274312,-0.08867182875370298,1.8674292963080443,0.574468085106383
1893210.8760496504,0.13616079226105193,-0.07816849791827397,1.2990946167068393,0.5035460992907801
2586366.0134301754,0.20931098238153178,-0.08735499633582586,1.7474521746886555,0.5319148936170213
3061805.8400578257,0.25082205247380784,-0.08488131551822986,2.2029146147489977,0.5957446808510638
3167647.051485183,0.25935264036436,-0.05218503235005335,2.011642384458581,0.5957446808510638
2635494.1033304315,0.21387064711226467,-0.08760076846428129,1.9363804446027602,0.574468085106383
2642435.8480271804,0.21450942799775663,-0.04404516086063285,1.9737131759749005,0.5886524822695035
2321110.581586421,0.18342071294645734,-0.06015798933088893,1.527863250124615,0.5177304964539007
2350559.1981764752,0.1864084702883766,-0.09260242219703414,1.684376730489352,0.5460992907801419
2620318.461489999,0.21246947967990604,-0.07353857090526564,1.6524051158615432,0.5390070921985816
2579806.132349772,0.20869691641532517,-0.06424860938658945,1.6065445152384226,0.5106382978723404
2178640.3599170535,0.16852258010916032,-0.06976107964330586,1.482785706012316,0.524822695035461
2868033.914429109,0.2345732324075469,-0.07751063281309696,1.8928674522109905,0.5673758865248227
3939186.6939626103,0.3154711044807157,-0.08021637885384245,2.3113463373394256,0.624113475177305
2510985.8642458864,0.20217821453328466,-0.09356946107659445,1.7643061678965828,0.5390070921985816
2380517.727376854,0.18941739036501826,-0.052210741722014516,1.736383530810719,0.5460992907801419
3841016.9996451843,0.30884809689140624,-0.0540738509505962,2.4029686394278515,0.5886524822695035
3642201.592445995,0.29500902777247595,-0.04724482562538292,2.2519408528842395,0.5957446808510638
3766045.2184702437,0.30369832051180934,-0.0774963736532406,2.404393340964195,0.624113475177305
4074564.8024636274,0.32439107638004683,-0.08693405036119989,2.133762001096153,0.5531914893617021
2177255.3511634176,0.16837397130401732,-0.06583766171537213,1.6196203601194865,0.5390070921985816
2438496.141059236,0.1951555003480987,-0.06918081380202946,1.7189175410809674,0.5815602836879432
2968730.639948805,0.24312316374876186,-0.04376213295624996,2.312663530623459,0.6524822695035462
2615455.858757676,0.212019142154646,-0.10137270586342263,1.6908232089922395,0.524822695035461
3097900.3294531205,0.2537573388373977,-0.0798344616618661,1.8207089592125663,0.5390070921985816
2318863.4461750356,0.18319148328101154,-0.10194217194938866,1.7536972748573072,0.5390070921985816
2121644.9639033615,0.1623436360810897,-0.055786363773430415,1.4841781858610685,0.5460992907801419
2365682.169274608,0.18793117386365643,-0.06878687003007199,1.531860080571418,0.5177304964539007
3169588.1906729466,0.2595069492078148,-0.08828863989948887,2.071962810123338,0.5815602836879432
2639498.433055902,0.2142392904620174,-0.06728945838174602,1.7644179522860461,0.5673758865248227
2814313.3350043544,0.22991327678752427,-0.06890842297853009,1.89053454133755,0.574468085106383
2731158.3600270515,0.22255773149811753,-0.05773453158560211,1.9601062086744137,0.5673758865248227
2832482.3435961395,0.2314972383650813,-0.05065119042675342,1.8288372130930046,0.5460992907801419
2105502.4209019677,0.16056948928236459,-0.10208312084784914,1.4688805529093099,0.5177304964539007
2137481.4920219565,0.16407368738325334,-0.08927837954458037,1.4782665066996088,0.5035460992907801
2620065.9785103872,0.21244611307687777,-0.06175162140774178,1.8596825055362964,0.5673758865248227
2299723.714560945,0.18123180711506137,-0.07628513368062913,1.5986543657179975,0.5390070921985816
2332322.498955193,0.18456179193205058,-0.06703896822334184,1.709431313800644,0.5673758865248227
3704381.12092044,0.2994008078596233,-0.06368248612663896,2.2716826569401762,0.5957446808510638
1940268.5177168103,0.14175354154881958,-0.1201922414832781,1.3140343705670476,0.5035460992907801
3119223.0038513383,0.25547851493834406,-0.0681597790819493,2.0117686071072254,0.5673758865248227
3271909.1910178526,0.2675358409915074,-0.04632981176388649,2.275498490034509,0.5673758865248227
2989411.9635943337,0.24485037263709408,-0.051394464383258384,2.1488102297647775,0.5957446808510638
2834623.3390103052,0.231683353072897,-0.06202777405820823,2.0253842916106333,0.6170212765957447
2317911.3745892933,0.18309430912077418,-0.07233902302600968,1.6088726653571188,0.5319148936170213
2455238.4194681025,0.19679215648899384,-0.06758918829112476,1.5529476127760102,0.5460992907801419
2175218.6544855316,0.16815530018812752,-0.09510402695894035,1.543087520427266,0.5319148936170213
3591690.2390810577,0.29139700507491795,-0.07171858416973996,2.2868403283844927,0.6170212765957447
3253555.936190562,0.2661106314116828,-0.08153924903828522,2.088679051064297,0.5957446808510638
3442427.905369947,0.28048050468770347,-0.0833655581170072,2.007763397377863,0.5673758865248227
2811734.985556482,0.229687835723555,-0.07364241340210778,1.968179702624134,0.6028368794326241
1417451.0852974846,0.0722637305115319,-0.07879816256069105,0.8841711978234642,0.48226950354609927
2790003.3154719844,0.22778110040335275,-0.05947019775695482,1.6661816816337038,0.5319148936170213
2034537.1465337365,0.15263850820285407,-0.0896605291583514,1.269498602662093,0.48936170212765956
2457356.1152039124,0.19699853707301496,-0.07319562600270348,1.7093807417486135,0.5531914893617021
3140449.8088744027,0.2571826284291776,-0.0754749560786739,2.068984678756945,0.5957446808510638
2375680.982625713,0.18893366453733873,-0.07804542011870685,1.767291335548732,0.6028368794326241
2348454.6816553078,0.18619594971924092,-0.10300909924555288,1.7806787267092508,0.5531914893617021
2627578.4424098143,0.21314060161756165,-0.08563745470344399,1.7439775057763784,0.5531914893617021
1982286.2321299214,0.14665633013293222,-0.10589532129184402,1.2861398095523378,0.49645390070921985
2602950.5437133433,0.21085791038395563,-0.05961972847374109,2.142237367514198,0.6099290780141844
1794573.9083215394,0.12406718560656382,-0.09755509767043168,1.2624981833462667,0.5106382978723404
2733815.3250054223,0.22279550824814986,-0.07135843452735631,1.7538078323331439,0.5390070921985816
2895789.094819194,0.23695353382007278,-0.08405155797190447,1.7544665152016323,0.5390070921985816
2970178.288294943,0.24324437745891792,-0.08657310683276814,1.917720585963147,0.5886524822695035
1982052.860582889,0.14662933003983314,-0.07628073525027976,1.4536057935714655,0.524822695035461
2505219.534014269,0.2016255604396282,-0.08359765292077541,1.8682699876536977,0.574468085106383
2113754.6867132266,0.16147780913588217,-0.09049295970565462,1.307210804636027,0.475177304964539
3566726.9478671113,0.28959687661242794,-0.06383276933101827,2.1564784170695686,0.6170212765957447
3069072.714222331,0.25141522852401144,-0.055890737925922675,2.0324217464881946,0.5602836879432624
2002490.1126317114,0.14898425147796068,-0.12435717108657389,1.2788463796127667,0.48936170212765956
2457350.6709251497,0.1969980066818804,-0.07555250627123507,1.7863600468161784,0.5390070921985816
1953212.1309268323,0.14327283006203317,-0.08035842554198967,1.471600433904091,0.5177304964539007
2451522.6899957536,0.1964296947183941,-0.05891864674321933,1.6658219318526843,0.5319148936170213
4614525.902835767,0.3577675268735647,-0.05142139749999997,2.467126089509565,0.6524822695035462
1662481.5938959566,0.1070095542290761,-0.10650483682399121,1.0136780423603835,0.5177304964539007
2075631.2339312145,0.1572575943386436,-0.09306651158014839,1.3759471039297215,0.524822695035461
2621556.079756744,0.21258399178827658,-0.04236366250000005,1.9738104322096792,0.5957446808510638
3671295.1557995435,0.297071330898399,-0.061358824553618414,2.300552105244238,0.5886524822695035
3636780.0493024522,0.29462326486266743,-0.05142139750000008,2.265841804242223,0.6170212765957447
3594104.4809567053,0.29157056719141594,-0.06344882818391105,2.373703389467419,0.6099290780141844
2541031.7104068007,0.20504153683596638,-0.06455319543574796,1.6496187501082509,0.5390070921985816
6059887.487213531,0.4338143154917746,-0.03594438325984992,2.6052166409357405,0.624113475177305
2177154.31042838,0.16836312686574062,-0.05337373427380733,1.5875202076873691,0.5460992907801419
1723872.624270763,0.1150671832532375,-0.06884599126510949,1.2721906449961211,0.5531914893617021
1707970.8572960736,0.11300237542962965,-0.08392856074461465,1.1276118127064991,0.48226950354609927
2948262.143534249,0.24140422520844385,-0.12951192964651603,1.736100726979269,0.5035460992907801
2958081.1994406385,0.24223001414752665,-0.08269840938773775,1.8052242918417079,0.5390070921985816
2227068.4819270805,0.17367192025254607,-0.0705360803839774,1.6409804649272246,0.5319148936170213
2480434.256238649,0.1992384491602397,-0.08141068130811263,1.8213951965992126,0.574468085106383
2526644.476711117,0.20367385510757563,-0.11255359623234493,1.6948043335994092,0.5319148936170213
2722613.67491571,0.22179179506810365,-0.04528890976908848,1.9377629028726724,0.5602836879432624
2045216.3802603444,0.1538460096412948,-0.07226082057709024,1.3460603472875978,0.46808510638297873
3667054.84569099,0.29677157143062627,-0.051812945926759536,2.1380864379130915,0.6099290780141844
2116588.2718518605,0.16178904514870784,-0.1034424801870105,1.465004790485162,0.5106382978723404
2812335.492554465,0.22974035653927483,-0.08661685783626807,1.8624484191037063,0.574468085106383
2713365.2292544628,0.22096060406639872,-0.07511961376915846,1.7457132378605231,0.5390070921985816
2887620.788278885,0.2362549169809378,-0.07466310592035802,1.866729524855377,0.5815602836879432
5783670.905215742,0.42049828808225187,-0.04143338728362723,2.9582306199484987,0.6808510638297872
2050365.651522164,0.15442643639827058,-0.08269861140997128,1.3918746548749261,0.5390070921985816
3610258.860565926,0.2927295268366694,-0.09253616972887206,2.25207901676826,0.6028368794326241
3972209.941668492,0.3176693341429335,-0.08510309002557723,2.290638321576911,0.6028368794326241
1962110.2933700143,0.14431260856672257,-0.06934760258292133,1.428585269200102,0.5177304964539007
2014335.5651058613,0.15034037786231447,-0.07954816425669459,1.4185190710523374,0.5177304964539007
1949558.716155836,0.14284481936614668,-0.07520925657509443,1.3292536122741558,0.524822695035461
2706856.511900463,0.2203742824421664,-0.06667364047177848,1.911955569506883,0.5673758865248227
2962914.768650758,0.24263571525277916,-0.13302331046416593,1.889438236438913,0.5319148936170213
1796908.646546462,0.12435951549510982,-0.12158401589633805,1.0725147486649653,0.4326241134751773
4113236.0628395267,0.3268955175059325,-0.0546753651988564,2.4966332226685672,0.6312056737588653
3899658.086420418,0.3128203682959596,-0.07244393218432472,2.178356343744401,0.5602836879432624
3752678.7878411366,0.30277158787946146,-0.0867676440397938,2.0266151690615617,0.5460992907801419
2715275.5554277026,0.22113247745795395,-0.07473472851957001,1.7436840067865702,0.574468085106383
2518474.64015842,0.20289443699503962,-0.1137285842506758,1.8255515756167917,0.5390070921985816
3362373.590709765,0.27446875632393786,-0.08011001299239529,2.1475776494635155,0.6382978723404256
2327000.9197306493,0.18402074321147222,-0.10787631837566629,1.54286870803539,0.48226950354609927
3687951.973163201,0.29824617391668595,-0.05809820291468359,2.445151153321999,0.6382978723404256
2668333.551585631,0.21688075676994978,-0.059529351487235295,1.8456283083933291,0.574468085106383
2845554.98946717,0.2326318819089701,-0.09537579148918204,1.9633635820914233,0.5957446808510638
2467986.0881533297,0.19803233940903997,-0.05128156166124843,2.137605380329988,0.5815602836879432
3828533.337459774,0.30799621310115155,-0.0973370618626365,2.225310180443024,0.624113475177305
2312912.3176806024,0.1825835506274891,-0.10984902107311753,1.5828378839458475,0.524822695035461
2861278.1883355197,0.23399106996318597,-0.08401452800616042,2.0010853255011347,0.5957446808510638
3862158.9140243456,0.31028578021251385,-0.05398559724031181,2.2565584393987046,0.5957446808510638
3165853.597911316,0.2592100043864962,-0.06015618943962449,2.2295371398516224,0.6099290780141844
3469511.834742347,0.28248907625473607,-0.05525628650060323,2.129672735608203,0.5602836879432624
3221382.053863163,0.26359659511249367,-0.06725741022045241,2.139120320474084,0.5673758865248227
2591326.3366535096,0.20977448807291643,-0.07361966869480596,1.7034354808243108,0.5460992907801419
3634296.2164905444,0.29444637725663836,-0.06048667297175848,2.2985650272878178,0.6170212765957447
4394647.369125693,0.3445743017388987,-0.05410050144821076,2.5414992934189167,0.624113475177305
2817415.058231809,0.23018426082233856,-0.07227375966040041,2.1242004035747994,0.6170212765957447
2663201.260126393,0.21641228481058583,-0.06475869508921175,2.2216745261339366,0.5815602836879432
2974046.867360997,0.24356806748134185,-0.04650179206209805,2.2645112117318633,0.6028368794326241
2488790.9739596774,0.2000454222903647,-0.1135192056265371,1.6726294858773296,0.5390070921985816
2337067.0587575925,0.18504334254349875,-0.055009469117427184,1.7502709154549059,0.5815602836879432
2540370.1627107905,0.20497878472780706,-0.13293391610583952,1.7262723354557485,0.5673758865248227
2769248.737739586,0.22594897053617236,-0.08572304448235174,2.0444911982778953,0.5815602836879432
2878087.387063884,0.23543754448085252,-0.07707931966886712,2.034580874667567,0.5673758865248227
2081488.587338671,0.1579100058172429,-0.07301426434703835,1.5027586994417623,0.5531914893617021
2110362.9887156244,0.16110483181266178,-0.05797035168383587,1.582449965829009,0.5602836879432624
3774624.308137558,0.3042917476560376,-0.04793681737826082,2.512924856227078,0.624113475177305
2514745.8463949272,0.20253803046834706,-0.05339418039001192,1.7981906100454896,0.574468085106383
2655994.8900845544,0.21575327187690352,-0.0627074092604135,1.8915657914951969,0.5177304964539007
3569791.3438015217,0.28981839500038165,-0.07208090809343592,2.2321516573799185,0.5673758865248227
1936227.0007230535,0.14127749755974284,-0.07676304841150876,1.2576071135733538,0.48226950354609927
3995722.546026413,0.3192255832649544,-0.054511125234173216,2.219047215741972,0.6028368794326241
3655680.2364892503,0.2959660964223416,-0.07857261652689222,2.2849865991623046,0.624113475177305
2755979.96450753,0.22477189276602116,-0.06284746178658934,1.9167313737698948,0.5531914893617021
2812716.294350494,0.22977365711642905,-0.06366967195802976,2.0341541722090097,0.5602836879432624
2759097.00576321,0.22504881339765914,-0.08502433750231964,1.8532559796389447,0.5390070921985816
3208899.435228152,0.2626158049539191,-0.05684299238708865,2.066787991652444,0.5886524822695035
2850028.331348547,0.23301918911726904,-0.09154150782317123,1.9402435700167628,0.5531914893617021
3480198.540560832,0.2832781629634191,-0.04237577609041993,2.471105097112762,0.624113475177305
2544927.4971388113,0.2054108127055292,-0.06260682941164407,1.88597580775017,0.5815602836879432
3533521.2762706643,0.2871866952998854,-0.05225096032596427,2.166852267605733,0.6312056737588653
2849285.402161769,0.2329548991265924,-0.088712972750244,1.688157965162303,0.5531914893617021
2611028.8910798477,0.21160856699721808,-0.08513184503029333,1.653550983609337,0.5035460992907801
2040363.4520628452,0.15329791564605677,-0.07039376774228336,1.542884006356715,0.5531914893617021
2853957.5260548326,0.23335898243966358,-0.07572400020129814,1.8727132358986296,0.5815602836879432
3582339.2373716123,0.2907238706828792,-0.04106783648233608,2.32702902586878,0.6312056737588653
2169693.4925942393,0.16756126199451948,-0.08922715694327685,1.5847277515698885,0.5460992907801419
2366984.299857755,0.18806191848155884,-0.06660754857375782,1.6807462200173267,0.5602836879432624
3040980.2336216182,0.2491158508711595,-0.057075039336508405,1.9572695944848897,0.5957446808510638
3201164.23107948,0.2620064981192578,-0.08877152491303691,1.874397607134145,0.5460992907801419
3046237.3972583716,0.24954744000514806,-0.05306435967604226,2.1157742119075262,0.6028368794326241
3275299.877662594,0.2677984421927695,-0.04328349887282522,2.7609677428561525,0.6737588652482269
2490498.648358729,0.2002100584252664,-0.07066354634538222,1.501212383882482,0.48936170212765956
3619261.652434356,0.2933736127017572,-0.07120444408878497,2.369982263730848,0.6808510638297872
3712632.8856505323,0.2999791937355034,-0.050023667169739,2.2875143837203424,0.6312056737588653
2676849.6223798017,0.21765650973775408,-0.08334143442091631,1.920290127347478,0.5460992907801419
2480718.106021298,0.19926589499893899,-0.05816383612174292,1.69387984470501,0.5177304964539007
3387455.7651213836,0.27636452952680357,-0.04817491613350409,2.0066557817043336,0.5815602836879432
2912732.9657938406,0.23839769278411183,-0.08236826794708128,1.916780870595157,0.5886524822695035
1640062.1244907414,0.1040075917110641,-0.12205683991961125,1.1182313224828162,0.5177304964539007
3031053.6404301273,0.2482992926675578,-0.0806647529364266,2.0203261184764787,0.5602836879432624
2640139.262295149,0.2142982444265924,-0.07518123963464243,1.890652258639697,0.5602836879432624
3426003.034160382,0.2792562535045362,-0.061303974801295305,2.0826799854883125,0.5319148936170213
3069718.846094475,0.25146791617635755,-0.0757272114408259,1.893294935438729,0.5673758865248227
2128343.653532713,0.16307668658004704,-0.10076780788972343,1.4281888093012247,0.5177304964539007
4248691.322613104,0.33552196744289997,-0.08776947049586495,2.2522353959739134,0.6099290780141844
2275856.050159532,0.1787696835405328,-0.06798509701760441,1.7063560727129548,0.574468085106383
4021887.396009865,0.3209487901141961,-0.06580198166319942,2.243169726937666,0.5886524822695035
2508594.2069420386,0.2019491177152355,-0.054784132556335234,1.8469292253912777,0.574468085106383
2585070.642823937,0.20918982243605178,-0.06822749945420133,2.077840574520645,0.5673758865248227
3789909.1801438085,0.3053463543028754,-0.03977484061436795,2.318766422615189,0.5602836879432624
2911719.7558167847,0.23831152412130097,-0.052803069346026674,1.8730674794389606,0.5177304964539007
2333923.3909993675,0.18472436251179847,-0.10317774876456971,1.5187708792854604,0.5177304964539007
3366502.350848066,0.2747815944440122,-0.060183728800877925,2.215632607547719,0.6312056737588653
2683679.256406751,0.21827721507755005,-0.059905197483708005,2.005988613404692,0.5673758865248227
3898113.707479442,0.31271636874830633,-0.07703791548876951,2.337522258970071,0.6028368794326241
1916637.1261436904,0.1389587077273411,-0.06544557771745613,1.5252234853811117,0.5460992907801419
2425400.7919638115,0.1938690757456889,-0.0625080730706082,1.6048818393381965,0.524822695035461
3435173.0030945516,0.27994032767585897,-0.08358733578151734,2.1419838262648567,0.5815602836879432
3320678.2222248153,0.2712921309311713,-0.05701059408394631,2.166325018234325,0.624113475177305
2409908.203470228,0.192339962459656,-0.07334913206868912,1.803632001065563,0.5319148936170213
2696513.957758839,0.21944027490443063,-0.05578943445804567,1.8475511810882035,0.5319148936170213
2978088.91716975,0.24390591243557513,-0.07243522607073886,2.1789534626373497,0.624113475177305
3190879.6304156426,0.26119454697489664,-0.05740206299226667,2.152725838557093,0.6099290780141844
3636476.575746722,0.29460165799974813,-0.07389647466469344,2.351956628135272,0.6453900709219859
3746937.9477785286,0.30237274830390426,-0.08814050799358282,2.3879372154685528,0.6312056737588653
1710333.4451861677,0.11331012215344094,-0.10762977839912713,1.033996561355464,0.48936170212765956
1903745.6475467894,0.13742242054042597,-0.11199818006067258,1.3214443058815177,0.5531914893617021
3112504.048946068,0.2549371762065944,-0.07257303541053368,2.0589067847204374,0.5886524822695035
2538620.6895120824,0.20481277277673038,-0.0503144164784972,1.8942782349754559,0.574468085106383
2909124.2175614494,0.23809067652305838,-0.08105040127567342,1.8932539721513548,0.5390070921985816
3835243.5472292006,0.30845439284694853,-0.04856444046554302,2.139176424143449,0.5886524822695035
2829478.03028168,0.23123588639174675,-0.09452754655000732,1.749804048058311,0.5460992907801419
3031767.213210608,0.24835806223312962,-0.06797896431875017,1.895855618071792,0.5319148936170213
2987079.810373815,0.2446560810360705,-0.049106091726756944,1.8689825003023728,0.5319148936170213
2293471.1765175285,0.18058879577858944,-0.05121529030588779,1.681468400480807,0.5602836879432624
2349327.886990897,0.18628414717290398,-0.08734724354682517,1.4704064397133385,0.5390070921985816
2948302.9423886915,0.24140766096737387,-0.044177979371469805,1.9892044601299645,0.5460992907801419
2802133.899012158,0.22884689599694985,-0.09746642742387081,1.6665823674011206,0.5177304964539007
2876509.1753111645,0.23530202324056138,-0.08838917137687664,1.8415552416048848,0.5602836879432624
2950683.328251612,0.24160805254445705,-0.09869575990713636,2.0129400689759196,0.5815602836879432
2010222.6604780555,0.14987023681758305,-0.07045133388375953,1.4098082002414696,0.5390070921985816
2678640.830228187,0.21781942455583936,-0.06469229922505133,2.028170569107829,0.5886524822695035
2165687.764569079,0.16712982865419557,-0.07986068035504043,1.507556354353506,0.5177304964539007
2840650.083315527,0.23220664910792,-0.10927501034270651,1.7720570223926253,0.5815602836879432
2013288.1223508327,0.15022071891239963,-0.08314298095683359,1.4073233896361919,0.5319148936170213
1987856.6470083364,0.1473000498774586,-0.0696222042385917,1.3640725243424734,0.5106382978723404
2630829.9629897163,0.2134406954628223,-0.0752688323157564,1.8278406681957549,0.5460992907801419
2055050.1933539428,0.15495346662748188,-0.12446353288608042,1.3489666677325676,0.5106382978723404
3031207.1916144253,0.2483119400155427,-0.06624832552912771,1.9473684412463272,0.5815602836879432
2022878.7174755973,0.15131448599749686,-0.06610085342661877,1.4345765116370506,0.5531914893617021
2198728.6221034587,0.17066956026524172,-0.11877701562272151,1.651804431375,0.5886524822695035
5509054.1345165325,0.4067450899855998,-0.05026716520322743,2.614563996193385,0.624113475177305
2827497.0312196286,0.23106343334815804,-0.0692549962322313,1.7733854683815604,0.5460992907801419
2074586.3072224455,0.15714105215811736,-0.12795807803013448,1.3258015937215573,0.5035460992907801
3220287.1142336177,0.2635106847727282,-0.08201206642087061,2.1016246681126263,0.574468085106383
1737240.4929165323,0.11679121429791439,-0.0941057408989999,1.1980647753064855,0.5319148936170213
2916010.2375674746,0.23867624495343454,-0.06845362436116545,1.9806439035188128,0.5602836879432624
3218355.558685846,0.26335907550684823,-0.06507602804862969,2.2364839572898045,0.574468085106383
2371275.481374121,0.1884923815220978,-0.061015040730884984,1.8988237673837893,0.5957446808510638
2919390.5184484497,0.23896329013850037,-0.05874971747918654,1.96141334776561,0.5602836879432624
2325201.2605931056,0.18383754661568452,-0.07422665741900113,1.546244712442662,0.5602836879432624
2783478.3423347166,0.22720628075834481,-0.06371348177831429,1.722529834928782,0.5319148936170213
3523187.80995523,0.2864329606638889,-0.036663152742063734,2.5661909137550967,0.6099290780141844
3203057.264299909,0.2621557222856621,-0.08305570651180615,1.8747252578098228,0.5602836879432624
2156926.695129136,0.16618399591778088,-0.08175279954020148,1.485597960624127,0.5106382978723404
2397029.5676554083,0.1910628480569545,-0.07757487688177449,1.6005573857387856,0.5390070921985816
4807565.207602112,0.36894196400328316,-0.10483383652367269,2.5091292987896194,0.624113475177305
2613443.797401749,0.2118326042983738,-0.08362254034372395,1.6872537212376666,0.5531914893617021
2769451.1027303664,0.22596688744607896,-0.09997409978152172,1.8606428424125958,0.5673758865248227
1848929.9017995384,0.13079554603363763,-0.08382452928153757,1.2656452131198015,0.5319148936170213
2817252.902972319,0.230170099938231,-0.10936428380462815,1.7322636670389426,0.5602836879432624
3199924.963870814,0.26190877083027564,-0.051381240659474574,1.9447429420084008,0.5602836879432624
2232062.4883041712,0.17419782008550966,-0.09178605810001585,1.5499723382986328,0.5602836879432624
3342723.4257987626,0.2729756283434206,-0.05054166941635324,2.22509217209047,0.5815602836879432
2671034.8677808866,0.21712704152526285,-0.05551964133614387,2.2126599201214474,0.6524822695035462
2895131.305836077,0.23689733301812033,-0.05244628133703379,1.78575293931167,0.5177304964539007
2440026.381174409,0.195305462938546,-0.07580286924075548,1.9816002693007866,0.5957446808510638
4632871.128090239,0.3588453856138323,-0.04757161252343403,2.4996191446634914,0.6099290780141844
2815052.9152468885,0.22997791237353749,-0.05566794689408052,1.9751125423396299,0.5531914893617021
1726376.9747155807,0.11539097720887925,-0.09657924428244226,1.0584671781563244,0.48226950354609927
2387244.3384806756,0.1900888174561055,-0.06079950483642133,1.7027246496418473,0.5390070921985816
3962368.121398568,0.3170157364470616,-0.07218770262995702,2.3082165634215976,0.5815602836879432
2535934.192998677,0.20455766603283876,-0.07302870254791619,1.8616411230273506,0.5957446808510638
3533794.100722941,0.28720657151584117,-0.093083079319122,2.227801686688255,0.574468085106383
4695627.985784597,0.36250698207556176,-0.05564094333818596,2.44499138567199,0.6099290780141844
2065914.3040270712,0.15617203471191377,-0.06616663355795992,1.4362505851915766,0.5319148936170213
3082121.0694400575,0.2524775175746399,-0.06617332984389239,1.9434725609949155,0.5815602836879432
2547924.599764849,0.20569459597727424,-0.05742318058278281,1.7116621067247781,0.5390070921985816
2792886.6176037225,0.22803476328419658,-0.060451458646860703,2.0388902193704577,0.6028368794326241
2081902.5190371135,0.15795605531634527,-0.07000831602369095,1.634962615665158,0.5460992907801419
2038887.020510936,0.1531309592638097,-0.08686478335362036,1.4362635863610487,0.5390070921985816
2272255.4274039185,0.17839646191629766,-0.06700843444197577,1.8152403021350914,0.574468085106383
2175625.1353785084,0.16819895532320528,-0.07837711392351963,1.5962420092703964,0.5106382978723404
2747976.3228843887,0.22405969293570305,-0.05500697130372944,1.861727541409634,0.5815602836879432
3403808.891295022,0.2775945004929463,-0.0661368049333704,2.2035091270405727,0.5957446808510638
2803609.6824293486,0.22897630665416635,-0.07493617703428963,1.8815726533794,0.5319148936170213
2853141.206366044,0.23328841864021355,-0.06248105652240407,1.8295288491769928,0.5602836879432624
2951183.77068641,0.24165016558329522,-0.06945387537534084,1.883869133399751,0.5602836879432624
3881493.600919317,0.311595067950007,-0.10035267466481654,2.0623407965450458,0.5319148936170213
1446511.6493360284,0.07662481874586069,-0.13677919117314125,0.8714056151485401,0.5177304964539007
2498716.1862828904,0.2010010470319461,-0.09384553738740709,1.6408252423005574,0.5602836879432624
2021714.8803342402,0.1511819767152982,-0.1252714849230475,1.3939378833117508,0.5106382978723404
2463267.141997494,0.19757384582196136,-0.08967037597155886,1.5713512911959318,0.5319148936170213
2149739.5182007034,0.16540578082728752,-0.10151771707970389,1.5496153518726996,0.5460992907801419
3360346.031051447,0.2743150146362594,-0.05157382067499996,2.312055468921375,0.6312056737588653
2699421.8478912604,0.2197031676467751,-0.13014623988905405,1.753170272894781,0.5531914893617021
4503261.878303676,0.3511558336363563,-0.05717738016282886,2.4396880505071237,0.624113475177305
3404059.8295832863,0.27761333750369355,-0.07723957732760264,2.340182459576723,0.6170212765957447
3217880.8680628524,0.26332180553588724,-0.07955292306648858,1.9967379657143007,0.5602836879432624
4991452.497402161,0.3792576088464563,-0.033844792819906745,2.6500393739679695,0.6170212765957447
2209846.11648788,0.1718510311061452,-0.053719866378193495,1.6607548666895322,0.5319148936170213
3013942.8478534315,0.24688672873969453,-0.06967813844506084,1.8646687402330646,0.574468085106383
2706910.829059154,0.22037918013299085,-0.08231023849883139,1.7092097971217304,0.5106382978723404
2122733.32244279,0.1624628631098064,-0.07108207302791766,1.4770594500193772,0.524822695035461
1792877.7014948018,0.12385461462353753,-0.06110571973320328,1.1960114656253302,0.5319148936170213
3477784.501732304,0.28310008443293455,-0.050305608431763724,2.032186817349629,0.5390070921985816
2052011.9769694211,0.15461176446355052,-0.08051127180121288,1.6075905908975276,0.5106382978723404
1544993.328122377,0.09090095429030942,-0.11272291117203437,0.8699201593934994,0.44680851063829785
2277291.813001193,0.17891837543970923,-0.08603737209231284,1.536778692810877,0.5177304964539007
3448356.0418424387,0.28092121920415436,-0.05872308879384648,2.15298641172697,0.6170212765957447
2713349.207636047,0.22095916218081024,-0.09629417705748287,1.9347193541449395,0.5390070921985816
2139639.217205654,0.16430861222526016,-0.055653509841316715,1.456326713867772,0.5106382978723404
3231873.161558757,0.26441855862637964,-0.05168764345444952,2.1435388840897462,0.6099290780141844
2450665.3110345406,0.19634599676325948,-0.09512567671981206,1.8926597344584246,0.6099290780141844
