final_value,cagr,max_drawdown,sharpe,win_rate
2994509.4173434037,0.2452746195185751,-0.1193276539114442,1.4366681253399984,0.5362318840579711
3519422.2483314336,0.28615785668790283,-0.06547261128734169,1.772453773292886,0.5797101449275363
3065586.28629062,0.2511307808567971,-0.04911473967638099,1.6474573350236945,0.5652173913043478
1930292.781695732,0.14057707258966445,-0.09362275210992956,1.0287462981005595,0.5144927536231884
6430815.752319169,0.45095256099941605,-0.0517235628072419,2.3512803586618745,0.6521739130434783
4257040.446946858,0.33604644350940993,-0.06101962814463981,1.9507309922870466,0.5579710144927537
3748671.803651113,0.3024932578407975,-0.09897829623251969,1.5234163541521104,0.5507246376811594
2365986.028769726,0.1879616890044693,-0.11329107351284438,1.361921280013452,0.5289855072463768
3678040.4910998517,0.29754760740212727,-0.08443342548363562,1.7939454699361554,0.5579710144927537
3181475.5671428107,0.2604502782303222,-0.0703608618016828,1.7676941335421656,0.572463768115942
3383907.7012512377,0.27609704137555324,-0.06508700211832515,1.8191663123862656,0.5507246376811594
3917520.59772295,0.3140208540804079,-0.06967264123417931,1.7307431380497633,0.5434782608695652
3810345.088746863,0.30675106276890673,-0.0654737640404817,1.486994116491134,0.5144927536231884
4034592.2343229167,0.32178229306775163,-0.068890034360354,1.7055305602223445,0.5579710144927537
2682086.2871789793,0.21813255255497,-0.13856085406403562,1.4246164605474347,0.5362318840579711
3073397.6170238904,0.2517677259430051,-0.07173305207114825,1.6303563473572744,0.4927536231884058
3115354.5487159616,0.25516695187047445,-0.07374982215389127,1.6108776608829591,0.5507246376811594
3575608.792509346,0.2902385072849176,-0.08517910530012844,1.8936878214640127,0.572463768115942
9915895.37070941,0.5822182411400016,-0.04851117744995826,2.43822718287091,0.6014492753623188
3490161.9879087135,0.28401210141597244,-0.0665489400925099,1.6881908310178484,0.5434782608695652
3094086.630288765,0.2534484967799764,-0.104428872174126,1.5245814736552252,0.5942028985507246
3149326.2478025863,0.2578925082365777,-0.059758427302751105,1.586122499337353,0.5434782608695652
3887688.5540784854,0.31201346811031927,-0.07985787478223512,1.792815466728422,0.5579710144927537
4923963.471002257,0.37550750552440837,-0.0723453687964821,1.9525454915811356,0.6086956521739131
1777638.774145139,0.12193759986534003,-0.09566749470438306,1.0712525605055818,0.5072463768115942
2798241.8118326147,0.22850533924781646,-0.10028598857684626,1.6673450919188095,0.6014492753623188
2405677.480285911,0.19192102481052364,-0.09101475265771714,1.3064878746214947,0.5
4184949.3459717617,0.33149040492560955,-0.08411345337518454,1.88588048581606,0.5579710144927537
3834272.03719283,0.3083880969061561,-0.06379477281033316,1.8291810493749407,0.6376811594202898
4691649.976741633,0.36227604799222335,-0.04425011118860399,2.21246990046145,0.6376811594202898
6959203.678825156,0.4740489626720541,-0.06119294522388093,1.9806768260756527,0.5869565217391305
6888126.962187234,0.47102559304319236,-0.10072633410075478,2.2954278117107187,0.6231884057971014
1970438.4865056537,0.1452823723325054,-0.13049735452425926,1.0168764053148585,0.5072463768115942
2015216.8843610834,0.15044102045252083,-0.10366268247352385,1.0589150768975368,0.5217391304347826
3818061.521421081,0.3072799019245185,-0.06871975311121063,1.6854753059790344,0.6086956521739131
2967007.189351153,0.242978795040254,-0.10711046270185448,1.6145559062754802,0.5579710144927537
3509992.852704694,0.28546793041196894,-0.0599749165276843,1.839286793926586,0.572463768115942
4124550.5882870303,0.32762470985010017,-0.0827266265638522,1.7015600396752404,0.5652173913043478
2602584.096801918,0.21082381521980853,-0.10103691829596209,1.4207938770550428,0.572463768115942
3234678.7128784433,0.2646380078337083,-0.08192333280145829,1.609434148834607,0.5289855072463768
3294102.8707246757,0.26925075819158106,-0.06277623169798403,1.5366732074537062,0.5652173913043478
4934765.507233705,0.3761104856594766,-0.04456244113212034,2.2001670809622036,0.6159420289855072
4926429.620961456,0.3756452615582444,-0.05403681627718286,2.181682580915494,0.6304347826086957
2307364.6590312887,0.18201570607458661,-0.07595621557437926,1.2373514006107902,0.5072463768115942
3965504.771177314,0.317224182989692,-0.07133179598002144,1.7142606841421364,0.572463768115942
2843921.1689169384,0.23249030235831736,-0.1256904562446397,1.5772147002997634,0.5652173913043478
5042845.413976102,0.38208620143169614,-0.07520043147856528,2.087185365511096,0.572463768115942
2170372.5915134205,0.1676343405509957,-0.0757490116661727,1.3763180756466475,0.5579710144927537
5092625.533211655,0.38480412533138475,-0.08550891651171388,1.876879529363859,0.5434782608695652
3411561.067612602,0.2781759154774346,-0.09604497958918255,1.5753184065576975,0.5869565217391305
4936502.797163264,0.376207364276967,-0.07579281857131528,1.9380393259230022,0.5579710144927537
1629582.5929583583,0.10259311278899386,-0.19607121784331985,0.8610586050086106,0.4782608695652174
4153724.615789889,0.32949754601337156,-0.05110196277140309,1.915098728860638,0.5942028985507246
3056504.5949060693,0.2503886147053487,-0.1012558969284988,1.6966197778144296,0.5434782608695652
3568777.268551247,0.28974510659587294,-0.0955823425706831,1.87953642582276,0.5869565217391305
1376311.9144180163,0.06596605208505846,-0.18704873882562234,0.5442943974820197,0.4420289855072464
3322990.332977061,0.2714691158544287,-0.07149111639907998,1.5867206230305562,0.5217391304347826
4033647.231528871,0.3217203683461902,-0.052439481599999914,1.637123791088486,0.5579710144927537
2094927.4445758765,0.1594013380634356,-0.09460808052264515,1.2757847947070478,0.5144927536231884
4395266.556033631,0.34461218855063813,-0.04498957752926483,2.0695205805166417,0.572463768115942
2772949.078037123,0.22627642437464823,-0.09674829323917958,1.4505433285687899,0.5579710144927537
5257729.119917654,0.39366900489176904,-0.04395733042466744,2.1067944423736495,0.644927536231884
2017538.9095247965,0.15070601650808202,-0.10066798069163406,1.0970219876879392,0.4855072463768116
3439239.037821843,0.2802431840123769,-0.08347277740121939,1.6343754156920818,0.5362318840579711
4186485.853749358,0.3315881621411201,-0.12841941736693335,1.66003472524043,0.5434782608695652
3725841.3201869596,0.3009028674393759,-0.0513963866429835,1.7159598413516917,0.6014492753623188
4241102.658260225,0.3350445462444218,-0.06979208296466054,1.8937930980880937,0.5942028985507246
4124332.717366874,0.3276106837436048,-0.08265692815716809,1.7332842381204376,0.4927536231884058
5273628.515966489,0.3945108794173833,-0.04507964314979363,2.1098687596456904,0.6304347826086957
3122270.881003875,0.255723771500298,-0.08209581844203707,1.7107556817315652,0.5652173913043478
3790377.0667853584,0.3053785832526734,-0.09112375914053546,1.7980991506915807,0.572463768115942
3862624.363952154,0.31031736063361404,-0.07496643606463514,1.8351811028129974,0.5797101449275363
2337853.062579205,0.18512304272254676,-0.14051953297657047,1.387125971709374,0.5217391304347826
3196945.258668069,0.26167367047680834,-0.07895046172518186,1.741668384271869,0.5579710144927537
1785933.487538862,0.12298267492977732,-0.14004709777270263,1.0066632994859044,0.5217391304347826
3117774.1433917875,0.25536186080759493,-0.08518530590721628,1.556192161973762,0.5507246376811594
6595733.936010662,0.45831930744362115,-0.04443666459493339,2.1248494223928933,0.5869565217391305
5695330.191556429,0.41613214673727517,-0.06834611016350854,2.150984809087164,0.6594202898550725
3820416.738721366,0.30744114441867465,-0.09409425839838968,2.003779914151613,0.5869565217391305
4483508.412303702,0.3499683848381965,-0.06666421277490708,1.7758793750738675,0.572463768115942
4091182.1965651726,0.32546957751801475,-0.0783357891406082,1.6196723511819262,0.5869565217391305
2584958.4680754435,0.20917932810631212,-0.11346975023704617,1.2784860344347917,0.5289855072463768
3550083.2139024287,0.2883910717729774,-0.08352765371827568,1.752953618590865,0.5434782608695652
1853926.9952242037,0.1314061253781793,-0.1490395589798492,1.013052275446325,0.5434782608695652
8158173.548119278,0.5216633759567764,-0.07233773571392349,2.344409029522384,0.5869565217391305
2736902.7997205085,0.22307157999554827,-0.09196998883156547,1.7489921283797012,0.5942028985507246
2356116.884547822,0.18696897171728266,-0.08827993666944721,1.3079298214839372,0.5289855072463768
8169739.115622862,0.5220945736782245,-0.061196952732927946,2.384281010189691,0.6376811594202898
9952322.411906395,0.583379024329552,-0.08322748208390325,2.494190938743311,0.6231884057971014
3423295.7118636877,0.2790540088363387,-0.10951845365915529,1.567061727189527,0.5579710144927537
3640881.7651576684,0.29491515948935665,-0.09492875925864701,1.903198873606826,0.5797101449275363
3909228.8185587344,0.3134641342482909,-0.06396110473227942,1.7247937606458386,0.5362318840579711
3182555.7008581627,0.26053585298716087,-0.11072808220794388,1.4601732792234499,0.572463768115942
2497742.2426584647,0.20090740776774663,-0.10797518281813978,1.319954428820746,0.4855072463768116
2622831.013281834,0.21270191132050864,-0.09448731388642606,1.26365069640257,0.4927536231884058
2349456.1946477937,0.18629710458213977,-0.07084698256487065,1.3320253732980334,0.4927536231884058
3327178.037399014,0.2717894210190299,-0.1076438079659005,1.6824206508679018,0.5869565217391305
2301408.092750515,0.18140478949811545,-0.12516477446984925,1.1713172677962997,0.5362318840579711
3903103.6369327544,0.3130522753493332,-0.04778677892028551,1.6750176522629674,0.5507246376811594
3280922.587087567,0.2682334296795661,-0.17652096882636217,1.448575810986884,0.5362318840579711
3422719.623286256,0.2790109568728747,-0.12156720434050514,1.547491088562526,0.5434782608695652
2553336.4090581206,0.20620634209610444,-0.06544972480099845,1.548375767293535,0.6086956521739131
2114417.485786321,0.16155063971382266,-0.05802069355473438,1.3101385132595087,0.5797101449275363
2798402.1305293404,0.22851941579121315,-0.07370178249647351,1.5532000795177494,0.5289855072463768
3326983.6492859516,0.2717745599854049,-0.06934832997056314,1.6110396755395227,0.6014492753623188
3086449.5244504535,0.2528291098460609,-0.08540268495165676,1.632609804216253,0.5289855072463768
5212680.416890939,0.3912725609269381,-0.06621376082483497,2.2106216663873206,0.5942028985507246
3383204.675839215,0.2760440137347213,-0.0552715642185933,2.0478641494524052,0.5942028985507246
2576032.330761556,0.20834308721631056,-0.08819311334295414,1.578290233271006,0.5579710144927537
2406772.918836132,0.19202955461107174,-0.10771999697390415,1.2394886655382782,0.5
2734324.5136888535,0.2228410553812583,-0.0701545822911028,1.6461430449807353,0.572463768115942
2063969.416393129,0.15595426460160544,-0.08751815613002588,1.2532032154084711,0.5289855072463768
2104813.058619261,0.16049348294553067,-0.05893056937043769,1.1674004868074048,0.5362318840579711
4523539.941374089,0.352370491207298,-0.04534673467139816,2.0037188600537883,0.6231884057971014
6092356.92221457,0.43534753477026467,-0.0861960873085034,1.9411276371879687,0.5434782608695652
4583212.689092497,0.35591979907433924,-0.05798921349601404,1.9260660324835026,0.6014492753623188
4101119.947847652,0.3261128833664788,-0.0976105260576435,1.8788434287861182,0.5507246376811594
4580736.319721287,0.35577324317918047,-0.09609674212724145,1.7786538142743016,0.4927536231884058
2835346.149856498,0.23174616094459077,-0.07662919653384137,1.3994517319165176,0.5652173913043478
2045588.8829017275,0.15388803740722912,-0.15976103571969394,1.091391548908575,0.5217391304347826
4117376.9536123183,0.32716257332612453,-0.08349071113624922,1.869377530480832,0.5942028985507246
2704654.37000743,0.22017565260824035,-0.10526566691576451,1.5597844974850243,0.5652173913043478
2756136.755266196,0.22478582817534165,-0.10306186396492553,1.38772005083894,0.5507246376811594
3490296.7036958467,0.28402201350778467,-0.05761295616826462,1.8728566848790167,0.572463768115942
3080703.9538006,0.2523623220999083,-0.07871640910150424,1.7150860020657936,0.572463768115942
2349938.94001865,0.1863458505323876,-0.07009914350853151,1.311303772907232,0.5362318840579711
2542666.198421131,0.20519652265223187,-0.1200409079623356,1.399727480090826,0.572463768115942
1695059.7307992373,0.1113145522517871,-0.07987026825868974,1.016746062435903,0.5507246376811594
2401518.188889688,0.19150858557031025,-0.06836083274379384,1.424646965726769,0.5797101449275363
2842355.732803468,0.23235458764145833,-0.11032992865703617,1.4758424244696742,0.5797101449275363
3076691.7333248737,0.2520359438751538,-0.06130061413561607,1.6902878063222744,0.5797101449275363
4939204.55809157,0.37635797168943697,-0.05663794138043121,2.142732792389163,0.6304347826086957
2850949.726853347,0.2330989042160223,-0.12054633868988195,1.67437488605064,0.572463768115942
3221936.6472934005,0.26364010029782636,-0.0814101669284205,1.3731717693740912,0.5217391304347826
1765670.1292953924,0.12042273829202266,-0.08224262962906473,0.8876122387594296,0.5289855072463768
4093009.5001229723,0.32558795907908666,-0.06993688289368724,1.737169311859436,0.572463768115942
5682563.986344943,0.41549671861366044,-0.08578127993499345,1.9894843482235578,0.5942028985507246
4262445.330843651,0.33638552938319677,-0.06976530674323567,1.814437533347235,0.5797101449275363
1799945.2311472404,0.1247392684972044,-0.10079167905976724,1.1114116857616076,0.5289855072463768
3999524.7592382883,0.3194765550854788,-0.06045479478579047,1.9660871643110078,0.6159420289855072
2211327.281167778,0.1720080772628283,-0.09295390692377628,1.3452831186628318,0.5652173913043478
2937526.330955492,0.2404988146807452,-0.06518212010728898,1.6351311909606998,0.5797101449275363
5518866.782799306,0.40724586816030994,-0.08342264703139837,2.0879646646869525,0.5797101449275363
5680809.402195391,0.41540929628420487,-0.06707510818650002,1.935251352137138,0.572463768115942
2329335.925659343,0.18425826666209333,-0.11165298345247314,1.467404948115413,0.5507246376811594
3561872.5328246676,0.2892456498716278,-0.06991017734391335,1.936772563120973,0.6231884057971014
3633796.987414362,0.29441081269385694,-0.0981437022387993,1.6198043285379429,0.5797101449275363
2778437.733088568,0.2267614881469866,-0.08171603492141384,1.497930114483196,0.572463768115942
3757331.985983856,0.30309450653099157,-0.06623146195429166,1.7561527962335242,0.5797101449275363
2160043.0079762046,0.1665207802630313,-0.10856287086817258,1.3548975905023897,0.5507246376811594
5459127.141081255,0.4041860099411967,-0.05694289886136288,2.1932912806171827,0.6014492753623188
2938712.367702196,0.24059896967218353,-0.11053062750737595,1.6219625971346308,0.5652173913043478
3454613.301160783,0.2813857446147354,-0.07120768466716333,1.7276878095464279,0.5362318840579711
3588512.028142424,0.29116837814325724,-0.12407879465204269,1.7544398166187307,0.572463768115942
2556637.7320754896,0.20651809254941522,-0.10126602774694,1.2495133797219948,0.5144927536231884
3329781.11258026,0.2719883600536048,-0.09469359149092517,1.4884676447410468,0.5217391304347826
3761249.75927205,0.30336614081347024,-0.11905595488863965,1.807878721681335,0.572463768115942
3793005.5459839692,0.3055595789181276,-0.09105663566281501,1.466918496077712,0.5144927536231884
2975095.8621807755,0.2436557804536703,-0.07513650828566969,1.527829252493961,0.5579710144927537
3944437.3085051533,0.31582160079309096,-0.049963881143952976,1.7730548840586062,0.6086956521739131
2630471.9668720043,0.21340766932952904,-0.0880241191797901,1.4621905667130368,0.5434782608695652
6612244.875334141,0.459048692473776,-0.1082762128667558,2.0966310235530656,0.6521739130434783
3086850.4805934564,0.2528616587941661,-0.152780313900213,1.693031215291292,0.5942028985507246
2296722.8841321245,0.18092337633199063,-0.0749350883302293,1.5818021688076653,0.5797101449275363
2963258.025618655,0.2426645060642798,-0.042530320430413666,1.7015099792083876,0.5869565217391305
3759743.603367175,0.3032617400292752,-0.05871305336518983,1.7092049920674184,0.6014492753623188
3680773.991375586,0.29774041619920344,-0.12318278173397514,1.696108781440553,0.5869565217391305
3220515.12684906,0.2635285768554234,-0.09743628229323664,1.7398262311789723,0.5942028985507246
4326611.59693333,0.34038507074553404,-0.08132864675447993,1.622908620913849,0.5869565217391305
4260308.8135038465,0.3362515319583579,-0.052879020799999885,1.6805861455253137,0.5434782608695652
1634856.654972488,0.10330588805980101,-0.11810922507972715,0.7496693938241152,0.47101449275362317
4429400.722523198,0.34669421471155526,-0.0742125985865462,1.8208180817398407,0.5942028985507246
1879595.424651763,0.1345218796880978,-0.0950134563950049,1.1182998657828338,0.5
4329188.228006548,0.34054468088529566,-0.0719636877826204,1.7682408549180304,0.5652173913043478
6156876.406627623,0.43837487091588767,-0.060479846821376054,2.068205733795648,0.5797101449275363
2882290.5121990563,0.23579817758269428,-0.0937043900164897,1.558571889004356,0.4927536231884058
2361806.955312054,0.1875417295941968,-0.09842363571960577,1.3988712503772531,0.5579710144927537
3840904.0034450926,0.30884039598293245,-0.07574942316778498,1.6693952143397732,0.5362318840579711
4247262.02384663,0.3354320989789068,-0.046960367670292054,2.158509888251523,0.644927536231884
2280268.156560349,0.17922637577087608,-0.2002503507480369,1.2918200277779832,0.5217391304347826
2840726.856951448,0.2322133095524801,-0.08989525076612118,1.620438053185008,0.5797101449275363
2672419.1903559794,0.21725317595168914,-0.07078213910720865,1.3312387561562653,0.5289855072463768
4200639.629281441,0.3324873202810039,-0.048167459707729475,2.000317833810806,0.6159420289855072
2782407.075703194,0.22711180417820587,-0.10671339001047944,1.50976110542383,0.5434782608695652
2619315.047267054,0.2123766058147729,-0.05937486234803235,1.6042094058872274,0.6086956521739131
2722317.9963647355,0.2217652563545811,-0.07901327218556371,1.3664237773457368,0.5434782608695652
2369746.5459170653,0.18833908031415292,-0.07860573405692542,1.2432359481919735,0.5362318840579711
3383070.366188901,0.27603388205406487,-0.08940265372733507,1.4696797332827574,0.4855072463768116
4001144.468570914,0.31958340889951287,-0.09765961878885912,1.8253778460904664,0.6159420289855072
3294235.8956571417,0.26926100919318974,-0.07247308484586708,1.5236148149041249,0.5434782608695652
2512830.3208240387,0.20235477580540673,-0.10639849384474483,1.3145879813259744,0.5289855072463768
5312245.991753316,0.3965472549450342,-0.06885059279459552,1.8877147926703703,0.5797101449275363
3784155.5647182786,0.30494977351447505,-0.09601110994581084,1.7919126766539335,0.5869565217391305
3709461.792569196,0.2997570460415644,-0.09392019492893942,1.7386056761117867,0.5869565217391305
3645922.039691296,0.29527348569695233,-0.11469489498317206,1.634204157409383,0.5434782608695652
3846821.947188098,0.30924347164095023,-0.12763344542409627,1.6568396345646597,0.5942028985507246
4169759.701194903,0.3305224460861045,-0.05912515406533586,1.9109115220863886,0.5797101449275363
5156071.501825472,0.3882375466137322,-0.08417550978903433,1.7590670096893397,0.572463768115942
4101211.9010325847,0.3261188299962354,-0.09826258562265662,1.767781372454055,0.6086956521739131
2922931.560855818,0.23926370178256806,-0.0811131021403715,1.5391545655497707,0.6086956521739131
2902790.885075053,0.23755112739536122,-0.07664787369121505,1.4454123645218018,0.6014492753623188
5112673.765304294,0.3858927292139809,-0.0920203792602265,1.8158643998709891,0.5942028985507246
3004174.7728057206,0.24607745636200118,-0.06222508170477447,1.6950354069687934,0.5362318840579711
1376556.493592454,0.06600393514980674,-0.14637026787224516,0.6331544670335186,0.5
2046802.1895802212,0.15402488680375526,-0.12243643191922421,1.1406106021033697,0.5289855072463768
3423410.9423945253,0.2790626194911232,-0.0690899569210478,1.7131623643911496,0.5942028985507246
5153904.740469425,0.38812084981390327,-0.06545852955489162,2.306399974590537,0.6231884057971014
2528145.0479904837,0.20381679326183533,-0.08670721074287915,1.260514314820986,0.5144927536231884
2117068.521116279,0.16184176184469923,-0.06978663578395303,1.3055060211737057,0.5579710144927537
2388144.3211813504,0.19017853578556165,-0.14002606455346858,1.274487728563514,0.5144927536231884
3304700.905980191,0.2700664149696901,-0.09189071105684346,1.8139222135645838,0.5434782608695652
6202674.9742026655,0.44050843234987536,-0.07955960576972249,2.0572771777566015,0.6086956521739131
2805631.393994418,0.22915350102322618,-0.08992663044774858,1.6592030781616252,0.6304347826086957
3411248.964141484,0.278152528076133,-0.10390645687353642,1.5101460865468141,0.5217391304347826
2324013.874377031,0.18371661432265984,-0.06406178105204163,1.4330383096598236,0.5362318840579711
2207631.23649829,0.17161603278883053,-0.06531800597630671,1.3744620644118863,0.5434782608695652
3573031.729880152,0.29005246990604916,-0.09142246317749156,1.76541855375173,0.5869565217391305
4407196.0227995515,0.3453412965536631,-0.08861601130240444,1.7164503639272275,0.5289855072463768
2634656.782528232,0.21379350572651035,-0.07259321279900455,1.3362171276988555,0.5579710144927537
3019178.5265384396,0.24731963454181627,-0.06587766358930527,1.4021526685067784,0.5289855072463768
4648073.643263343,0.3597360128390408,-0.08594269977570859,1.964100870020735,0.5072463768115942
2449005.704636211,0.19618391820377457,-0.200334165896364,1.4287642207456797,0.5507246376811594
1837040.616791559,0.12933750640227304,-0.0805894876930006,0.9591078195153584,0.463768115942029
6983459.015976196,0.4750750517069744,-0.07354329984246102,2.4198476047892523,0.6086956521739131
3730426.708258844,0.3012229138196132,-0.09595741507185739,1.800575469834073,0.5869565217391305
2480346.5314024896,0.19922996641295376,-0.13087931383232757,1.3993205201189127,0.572463768115942
3930853.5980128725,0.3149140740430545,-0.09091401193222066,1.7468949543276344,0.572463768115942
2704731.5010163425,0.22018261189343646,-0.07732816516395279,1.5526420310048719,0.5434782608695652
3905872.478513392,0.31323851701107674,-0.0597083401690255,1.8561422617282144,0.6014492753623188
3759840.184797153,0.3032684356767672,-0.06916491120463604,1.668405937797711,0.5362318840579711
3080871.1162246233,0.25237591271952153,-0.054442746820672766,1.7426601542934337,0.5942028985507246
4535249.144756648,0.35306989083584184,-0.08444898697773354,1.6929718462062264,0.572463768115942
2648358.7043590294,0.2150533900491549,-0.08016053817074388,1.5153269760640458,0.5362318840579711
3571901.582201595,0.28997085102277187,-0.0907624070857456,1.726165598887863,0.5579710144927537
3022140.1219488634,0.24756424462263493,-0.09305115685828211,1.4548444437959058,0.5289855072463768
6349873.8111779615,0.4472815274014632,-0.05220728503957739,2.0671398016177904,0.572463768115942
4072275.06304263,0.32424219214370176,-0.06607950636939547,1.7008925910054526,0.5217391304347826
5963253.073664769,0.42921198076693945,-0.06390723605070119,2.0606931004786033,0.6231884057971014
1812167.5937848764,0.12626262413784017,-0.07932316262120608,1.1042991944090368,0.5072463768115942
5024717.898256717,0.38109113259584526,-0.06715471151892118,1.8668025828167505,0.5507246376811594
2280194.845560997,0.17921879320865863,-0.06500164500661826,1.5844577270027578,0.6231884057971014
4478726.894767057,0.3496803223544587,-0.08084205093849206,1.697715065843577,0.5072463768115942
2506667.11039699,0.20176439401174373,-0.05824611323678396,1.528124821430014,0.5797101449275363
5756849.367533527,0.4191783367551334,-0.07097268615876762,2.182474402844957,0.6304347826086957
2769122.266298969,0.22593777252692204,-0.1759222992428742,1.3472363807809211,0.5217391304347826
1545456.927893296,0.09096641486310664,-0.08489597701950431,0.9428722820073806,0.4855072463768116
2394186.3541940753,0.19078016036439727,-0.0823231641904974,1.4200068651665099,0.5362318840579711
4921727.738988616,0.3753825726378479,-0.058366006604659564,1.8224896468822878,0.5289855072463768
2344270.429793763,0.18577295806269967,-0.10864943394142028,1.348549425413039,0.5797101449275363
6077537.411777433,0.4346485647354279,-0.07348897153623399,1.8898137214416626,0.6086956521739131
4444301.888279627,0.3475990939751106,-0.10435736494489609,1.8271636701144993,0.5869565217391305
2658301.8387552146,0.2159643947578036,-0.08020217907136729,1.452163470740506,0.5217391304347826
2818748.098658511,0.23030064943005146,-0.07292025675532547,1.715273494287239,0.572463768115942
2688205.6919160183,0.21868790026702278,-0.08350252893505704,1.5167862419153655,0.5434782608695652
4702989.397528292,0.36293391926809226,-0.062210995780747826,1.9154240754582148,0.5869565217391305
2575310.7811437156,0.208275387973208,-0.18180539113149974,1.3069440265697208,0.5579710144927537
2449883.442943874,0.1962696498096248,-0.06965114824687886,1.290250209034165,0.5217391304347826
9641930.602698393,0.5733770109044634,-0.07153586335718383,2.154390207365874,0.5942028985507246
2681252.8064296846,0.21805683416626764,-0.09052115198780683,1.5549993730792653,0.5362318840579711
4415777.917238731,0.34586483100021015,-0.08647816420065191,1.7082304650862759,0.5434782608695652
5508221.940967295,0.40670258704755646,-0.0559776632483566,2.0127987473755202,0.5579710144927537
4617217.714634778,0.35792589643193073,-0.05433141119999991,1.9069650550618467,0.572463768115942
3347088.253915334,0.2733078975304357,-0.11152888988025494,1.4471470003528597,0.5
3263045.692473149,0.2668483527307015,-0.08586208975434366,1.766643228899587,0.5434782608695652
2956078.7850517835,0.24206178799719402,-0.13474883324616807,1.5647077120751318,0.6014492753623188
4723299.874135737,0.3641090927428696,-0.06943347329719854,1.9590437954842617,0.572463768115942
3557445.7958408976,0.28892503252048995,-0.07646592460078708,1.9645480736959264,0.6014492753623188
3973365.9092978532,0.3177460171905524,-0.05653604696292184,1.7897681008610595,0.5652173913043478
3633829.0787689635,0.29441309896630385,-0.07198748511062687,1.6793181612326642,0.6159420289855072
3359857.4431455047,0.2742779558861945,-0.08137595124857255,1.7595170692035054,0.5507246376811594
2589289.208226528,0.20958421938383154,-0.0601954734353761,1.4228429376829512,0.5217391304347826
2170513.350635702,0.16764948550094938,-0.0866346226707135,1.565444672496158,0.572463768115942
3609906.9149208623,0.2927043215377185,-0.09756323274800277,1.4840778234620293,0.572463768115942
4017603.02870903,0.3206672385788292,-0.0634790058316139,1.779401520560855,0.5289855072463768
3126337.3620942016,0.25605069501216304,-0.08511562800414231,1.5426953085385438,0.463768115942029
5952290.847219115,0.42868613091984553,-0.07557553863046325,1.9701926862425405,0.5942028985507246
8702175.141256925,0.5414362352992943,-0.050672832632565765,2.310376361647301,0.572463768115942
4346188.351266796,0.34159585775053847,-0.05472302469641799,1.816806368779131,0.5942028985507246
2825861.8296940206,0.23092101037713397,-0.15412028824368654,1.6272207001140075,0.5579710144927537
6365876.868673285,0.4480102857107646,-0.09922914660659474,1.9326006485444476,0.5797101449275363
2664772.7738128505,0.21655580813629527,-0.06173613395962057,1.6921372898290934,0.5362318840579711
2755051.115048628,0.22468932452374046,-0.06402524190347358,1.494595465665853,0.5869565217391305
2870199.062721384,0.23475957799450264,-0.0888719823181788,1.6897636732669774,0.5507246376811594
1789746.756383303,0.12346181732094785,-0.11327828008933014,0.9697329595115668,0.47101449275362317
1705593.7752390623,0.11269239682965959,-0.21627272616990204,0.9344362193393899,0.4927536231884058
6551821.987160396,0.4563723258518346,-0.07077932891163136,1.9887709803430185,0.5362318840579711
4235810.124109837,0.33471117546532714,-0.0653083579155882,1.831496942042865,0.5652173913043478
3734795.3003878263,0.30152753587535597,-0.0594367104014649,1.655745121097781,0.5869565217391305
2332861.5626380565,0.184616543812689,-0.1213494292100461,1.2611631495392228,0.4855072463768116
4104188.866973222,0.3263112933430714,-0.08686692147081854,1.6654588051462087,0.5362318840579711
4863703.085684454,0.3721241587325055,-0.09905409973004618,1.8105034605344177,0.6014492753623188
2271408.8774544364,0.17830864431020155,-0.10649517925474969,1.6165719053115128,0.5652173913043478
1676906.746709947,0.10892399889616144,-0.13320467241608233,0.9798810306934124,0.463768115942029
3656907.351873441,0.2960530890664326,-0.0821212040346696,1.6525094692379798,0.5289855072463768
4084642.249292581,0.3250455411951787,-0.06859260424836612,2.028957827556639,0.5797101449275363
2439141.9207775686,0.19521879554255972,-0.14729177689027195,1.2249111706669686,0.5579710144927537
4793911.0853342,0.3681634837885803,-0.08793458678666317,1.7389438445288825,0.5434782608695652
2564399.8917901115,0.2072498218283676,-0.10603451117746422,1.3691981870520535,0.5
3797134.635795,0.30584370330708577,-0.09351706673124,1.7472387291563005,0.5652173913043478
3903632.868118426,0.3130878813998266,-0.050776876799999954,2.2141146843263755,0.6304347826086957
2988895.561701825,0.24480736166907935,-0.07452003993463177,1.620928717979082,0.5217391304347826
3393273.2372223446,0.27680262348912255,-0.08355548225505356,1.671169363394916,0.5289855072463768
4742676.866709482,0.36522649219827197,-0.07864660184326627,1.763176633062502,0.5942028985507246
2098376.6446195925,0.15978286689239174,-0.14342312047755063,1.063837129959505,0.45652173913043476
3813241.58607657,0.30694967210783997,-0.054414150960774225,1.897893417187553,0.6376811594202898
2677646.938615958,0.21772903840335278,-0.06496955277989852,1.4134205073055666,0.5652173913043478
4360876.971037399,0.34250146071510335,-0.08941469427212051,1.9058309798330837,0.6304347826086957
3861899.102288889,0.3102681508611158,-0.07934197152917427,1.730279316336315,0.5797101449275363
6434964.397300241,0.451139720283003,-0.0597454064560039,2.0230323135083212,0.6014492753623188
2347348.1072048126,0.18608414329529044,-0.06891904508511,1.1527228802684162,0.47101449275362317
2071072.4198778472,0.1567487984456284,-0.15641487288482997,1.0695607064092507,0.5217391304347826
3546796.3682153006,0.28815241191351815,-0.07047017716945314,1.6471544601212393,0.5869565217391305
3002992.5623782934,0.24597936901277895,-0.11130182418048332,1.4956997428566068,0.5434782608695652
2822656.9498132383,0.23064168003010255,-0.06571539169671388,1.5713681842743514,0.5579710144927537
5346748.135062328,0.3983566282588855,-0.053856613146655755,2.139106737345673,0.6376811594202898
4122177.766384253,0.32747192025078653,-0.12129986947430144,1.602614708772426,0.5072463768115942
3029764.7391668656,0.2481931112228044,-0.07285453255949317,1.650963966821062,0.5869565217391305
1816262.4308588807,0.1267711531676219,-0.07978433620257319,1.2918752599523031,0.5507246376811594
2115531.38989205,0.16167299809129543,-0.10810824421422956,1.1276995353547963,0.5507246376811594
2852544.03863167,0.23323678840785456,-0.09775267864236445,1.4211282815170476,0.5797101449275363
3250788.0173656745,0.26589513275799703,-0.057437173286235384,1.5325557433180312,0.5362318840579711
3352432.841416077,0.2737142783885331,-0.09846382506175584,1.6282214106341075,0.6086956521739131
4541808.245455022,0.35346103988604494,-0.050841327579894416,1.9394182883210849,0.6159420289855072
2815311.7605596394,0.23000053094006434,-0.12730027158001622,1.4667650989532128,0.5072463768115942
3071323.3012569873,0.25159871020649693,-0.10935978351346659,1.4907372977186513,0.5
2615341.005902521,0.2120084972566465,-0.09155347848731797,1.3982492039025989,0.5072463768115942
4697930.178155238,0.36264055902029524,-0.11280555396225081,1.9501651955912076,0.5507246376811594
4574444.988050626,0.3554006258375697,-0.07984252469603444,1.8720701504719504,0.6376811594202898
2082904.3677256014,0.15806747969913726,-0.11957906650131701,1.2387734016780956,0.5072463768115942
3123712.459092536,0.2558397056852475,-0.10635657087962196,1.7325463970851243,0.5144927536231884
6881156.151849823,0.4707277357614945,-0.12811407930024044,2.086443437541404,0.6086956521739131
5173461.997607765,0.38917274055441764,-0.08222246995656554,1.778132651438767,0.5144927536231884
3777242.403209179,0.30447262991160917,-0.09170906805577314,1.5830903137987213,0.5217391304347826
2245011.483387204,0.17555705810601263,-0.07319283284939747,1.4580247582043562,0.5942028985507246
1987491.7111503773,0.14725792192242704,-0.08383057992897322,1.156597685202695,0.5072463768115942
2760767.2648119153,0.22519709767871476,-0.08579839704428467,1.565339780574298,0.5289855072463768
3477015.5134271816,0.2830433370272927,-0.06825805500223994,1.8229083800060681,0.5869565217391305
5348110.735436332,0.39842789427001013,-0.10595935446382398,1.7384878948676206,0.572463768115942
2699856.371025838,0.21974243198944476,-0.1602890041600667,1.3787734146102837,0.5
5184384.632234328,0.3897588327435235,-0.058693054933698745,2.26079836502156,0.6086956521739131
4156850.8388934457,0.32969761008247556,-0.05139089328167109,2.0503565088376368,0.5869565217391305
4331328.38638215,0.34067719583385925,-0.06012259485274484,1.994277372213442,0.6231884057971014
4193122.1637763195,0.3320100545987221,-0.07544471600364717,1.8181968802159767,0.5507246376811594
3121935.3933692747,0.25569678486642666,-0.06986210136205717,1.5407535631262452,0.5507246376811594
4176526.16560588,0.3309539862857902,-0.06699923636727197,1.646057347532395,0.5579710144927537
2890094.9655916896,0.23646669451834823,-0.12927478699722228,1.6892707165946512,0.5579710144927537
3088345.083630884,0.25298295837107476,-0.057744233381614433,1.6485234238093496,0.6086956521739131
3780130.13000563,0.30467202453595443,-0.11850159231870568,1.6926342238807843,0.6014492753623188
1776633.1150680617,0.12181062894690053,-0.11078402859846226,0.9082858565208305,0.4782608695652174
3070528.3708750335,0.25153391488773535,-0.07761104878534798,1.5919711119936573,0.5072463768115942
1672842.6290307892,0.10838596384615129,-0.13620250212646934,0.9840913803582217,0.463768115942029
4573079.4306181045,0.3553196936828842,-0.09340154498452395,1.8335256685265884,0.5507246376811594
3540577.8275557416,0.2877003954425599,-0.06926012219016454,1.6389029424191088,0.5579710144927537
3022705.7139402647,0.24761093733051598,-0.08535361896665648,1.4979351044307099,0.5434782608695652
3712670.202130794,0.29998180699969534,-0.08448006812490717,1.4614484243683212,0.5144927536231884
4642142.648928867,0.3593888278947672,-0.1104413258653515,1.8158833864685022,0.5434782608695652
2397741.13998034,0.19113355446390878,-0.05817651761252363,1.3415081253106436,0.572463768115942
2872700.0262899077,0.23497468592856596,-0.08256474103972986,1.376880854403452,0.5
3392764.377847787,0.27676432701753284,-0.11013704599600284,1.7734189809690604,0.6159420289855072
2514555.7677599597,0.20251985100112035,-0.058776309641607176,1.7010547755840326,0.5869565217391305
7953335.510450122,0.5139441727824838,-0.053749400207561505,2.781409527186771,0.6956521739130435
3326808.414159023,0.27176116260835914,-0.07093174464361308,1.5438437547542485,0.572463768115942
3068252.3118198547,0.2513483175089024,-0.07524627970908046,1.5412047219083094,0.572463768115942
4296169.930129176,0.33849357306402106,-0.0931008603925286,1.9671553594278643,0.5797101449275363
3271268.71831016,0.2674862133498117,-0.08305143860386971,1.530176701858233,0.4927536231884058
3469190.9858034686,0.2824653553106493,-0.055698248555665596,1.8751923875198007,0.6231884057971014
2226376.3854489275,0.1735989637897155,-0.2179139923514903,1.1788097766486159,0.5217391304347826
4562315.965835037,0.35468110039160905,-0.09065573123824207,1.8554476251916792,0.5869565217391305
4084530.662661517,0.32503830144321744,-0.061770059165290755,1.9432408470870304,0.572463768115942
3634715.545486868,0.2944762468004556,-0.08280354177993736,1.6605890181105811,0.5362318840579711
6455878.216891487,0.45208174560949566,-0.10126454783360829,1.9645131655736614,0.5942028985507246
3500253.4066685843,0.2847537600393313,-0.04499080050565001,1.8875592409836779,0.6231884057971014
2234777.160640184,0.1744832971077277,-0.08455476867258716,1.3543196916340225,0.5362318840579711
5493477.877800067,0.40594870477788403,-0.06821360224400842,1.9473126559328697,0.6014492753623188
4411184.449384338,0.3455847099912803,-0.09931870369329314,1.8738738897072684,0.5434782608695652
4547561.069150723,0.35380373514697494,-0.06928927008259979,1.7269106560886731,0.5362318840579711
5183077.670462536,0.38968875519404134,-0.07274945622031061,2.1904341168030776,0.6086956521739131
1498893.675883169,0.08431175367913535,-0.17845395780009796,0.6906067761928738,0.47101449275362317
2917305.858642089,0.2387862973723036,-0.0800648670109166,1.5514763886121667,0.5217391304347826
3359244.274145577,0.27423144172318437,-0.054444796291328854,1.7176633712070408,0.572463768115942
2497913.5075992825,0.20092387605593132,-0.10182329229285805,1.4138877766964018,0.5
2582394.984143274,0.20893940610110295,-0.09322864078606603,1.5924607357243126,0.5434782608695652
6120752.553944976,0.4366830384551783,-0.05291724159999997,2.1747287749817845,0.6014492753623188
3319129.1356875105,0.27117349799097834,-0.06780169509055445,1.7265527245335177,0.5362318840579711
3884791.708584729,0.3118178848701627,-0.08338063060710867,1.806170196161653,0.644927536231884
3544637.4377408307,0.28799555436768776,-0.07710600224480656,1.7107120349407703,0.5217391304347826
2000453.5480636263,0.14875044926325853,-0.07358195560272852,1.2464262831751813,0.5
3314397.1348964623,0.27081083495649594,-0.056469614080385006,1.691270048417734,0.5289855072463768
2862445.1264992026,0.23409170725341633,-0.1006527155504371,1.4217401626405475,0.5434782608695652
3225775.965736402,0.26394111217129756,-0.08576974084210982,1.6526390883959168,0.6014492753623188
2398064.442924797,0.19116567437965903,-0.07148745168698024,1.3701921658131628,0.5217391304347826
2817977.0224588146,0.23023333164669513,-0.11330518233582117,1.5152924674011699,0.5144927536231884
2846200.506447735,0.23268780158879165,-0.09865127407325652,1.5013778947011511,0.5579710144927537
3821966.065351638,0.30754717080316163,-0.08023104958621677,1.6136904991763013,0.5652173913043478
3685176.2586412937,0.29805069164611675,-0.05801512563699873,1.7879940568601502,0.5434782608695652
4145041.7583678206,0.3289412500031823,-0.0939061733816858,1.8036972433132168,0.5652173913043478
3119777.5724592083,0.25552315422588756,-0.0833538664151468,1.5493802083651387,0.5434782608695652
3919552.6022305936,0.31415714142933004,-0.09101783480137847,1.6400543777322063,0.5652173913043478
4009968.280485872,0.3201649174241483,-0.08494166056903558,1.6992279423722407,0.5579710144927537
2202034.0118983514,0.17102132668399905,-0.07514927470556589,1.4100059953205086,0.5434782608695652
5186173.923903253,0.389854749264231,-0.06483815139494568,2.080324005067202,0.6086956521739131
3490586.2582374145,0.28404331725930243,-0.05130069548962562,1.717135499229909,0.5797101449275363
5268531.547627201,0.3942412158548263,-0.08692675243714569,1.9986789190316487,0.5869565217391305
4431183.796237053,0.3468026207305419,-0.0689277758987336,1.8532868511484675,0.6304347826086957
2990445.552491406,0.24493644211368215,-0.09156412387250494,1.650230773580714,0.5942028985507246
2839429.931796771,0.23210077635668203,-0.06342092032915626,1.5791164331443213,0.6014492753623188
3214076.3540868335,0.2630229380332192,-0.09236845055251666,1.5095826289593122,0.5579710144927537
3068257.215402872,0.25134871748164334,-0.11103197396928856,1.5081206804607523,0.5072463768115942
3123425.719198781,0.2558166489813227,-0.16897589422528173,1.7286615805127152,0.5652173913043478
2183029.674577447,0.16899304646046343,-0.1183790352256105,1.17555324371738,0.5144927536231884
1725976.029650681,0.11533916325800742,-0.19127086743778907,0.9637096777435025,0.4927536231884058
4381326.222970541,0.3437581712933142,-0.0530032383999999,1.7998415806679522,0.5579710144927537
4014823.7029634025,0.32048446389687446,-0.08140642508839308,1.7262449866147098,0.5579710144927537
3240705.095158876,0.2651088749348911,-0.07497293587798398,1.6109964457076444,0.5507246376811594
3264363.1659492473,0.2669506356756468,-0.0610880464590363,1.8832162465666615,0.5362318840579711
3011611.3981789765,0.24669376200287618,-0.11271613438186785,1.4607423481032715,0.5217391304347826
3302063.521244231,0.26986362968362276,-0.09666862729369351,1.561162330521221,0.5434782608695652
2358735.8212797255,0.18723272904099675,-0.12707971533451745,1.2129728484975322,0.4782608695652174
2178436.4029468284,0.16850070066043976,-0.1592054076158215,0.9790391115170571,0.45652173913043476
2710238.6762268273,0.22067909690089405,-0.09581194269454342,1.3611794096615153,0.5942028985507246
3402789.981976143,0.2775180033169542,-0.06641834361471995,1.6851577552330643,0.5217391304347826
4596858.875581391,0.35672626991827494,-0.09897919366352828,1.8148076833570044,0.5652173913043478
2382396.769013118,0.18960510242844486,-0.060484959999999914,1.2636547141290073,0.5
3352972.2143983077,0.27375526133390915,-0.09163937555387128,1.5269558264160588,0.4927536231884058
4454612.445106058,0.3482237869636451,-0.06101277373961224,1.916701906031866,0.572463768115942
2930544.7313618553,0.2399085962245504,-0.07044183880834003,1.5698964868920762,0.5362318840579711
3681271.692426972,0.29777550946165965,-0.1046519146510765,1.6540041027797565,0.5652173913043478
2150989.9159797225,0.1655413211444714,-0.11464623709351095,1.1257028876425015,0.5362318840579711
3017381.049904182,0.24717108009306554,-0.07672169147326183,1.8546835080213029,0.5869565217391305
2558620.5561771775,0.2067051797785464,-0.10295604958666084,1.4762264277401793,0.5144927536231884
4363394.969845944,0.34265645874056583,-0.06807711831440026,1.6834217462133978,0.5507246376811594
2469978.5967354844,0.19822572131047056,-0.09625484449411736,1.3398159529746165,0.5217391304347826
5303565.721847343,0.39609056155526545,-0.06753350976528934,2.1516121818974274,0.6159420289855072
2337905.8517898493,0.18512839473939402,-0.1008561083493214,1.5071067801484548,0.5362318840579711
3115208.207153983,0.2551551595341057,-0.10889390517056988,1.4995519085383522,0.5289855072463768
2714106.921932923,0.2210273461718928,-0.062093707543097655,1.3509020007430812,0.5797101449275363
3074882.4858716335,0.2518886573702077,-0.09113248792353026,1.529486413921483,0.4855072463768116
3014013.133670586,0.24689254422058204,-0.10690875582153093,1.5791556361456758,0.5289855072463768
4388355.270918059,0.34418905840946,-0.04605912709137189,1.9117450118785952,0.572463768115942
3039505.919347051,0.2489947092375846,-0.0958975694876164,1.4453326795056853,0.5362318840579711
3719174.4539725524,0.3004369775151414,-0.1676142451598841,1.8022443752193176,0.5289855072463768
3711386.9996325783,0.29989193257069013,-0.09761878674834738,1.4929105570468204,0.572463768115942
1601789.1350449256,0.09880611763513492,-0.12769860325000187,0.9220157613055705,0.5289855072463768
3643232.823698695,0.2950823516964156,-0.07950984003128718,1.7266046960039798,0.572463768115942
3004762.43165594,0.24612620260418638,-0.09473710131898189,1.7115377472068702,0.5289855072463768
4255465.250692181,0.3359475557051441,-0.07185070381385714,1.9660671491210215,0.5942028985507246
2545282.3674577195,0.2054444278605876,-0.09961184069559037,1.6044288948136292,0.5652173913043478
3543488.0144847003,0.2879120116000875,-0.12818519883118495,1.693414954797209,0.5797101449275363
4125345.9845794854,0.3276759108865428,-0.08602229463366264,1.767446440371364,0.5362318840579711
1207946.9042672974,0.03850733670759854,-0.15152100233626117,0.447651125836923,0.463768115942029
2860083.418564371,0.2338879984374369,-0.08149418019099605,1.7139648551828757,0.6014492753623188
2175278.767604567,0.16816175661330024,-0.08369102170015189,1.3752140598748561,0.572463768115942
4369528.228041519,0.34303369860389643,-0.0488343919948818,1.9583573707346433,0.5797101449275363
3068277.263520452,0.251350352750064,-0.0591014552435989,1.5604860623729673,0.5217391304347826
3530086.3705396866,0.2869363453060696,-0.0709600625331697,1.5843780271211205,0.5579710144927537
3531596.705107907,0.2870464486683135,-0.06903520427359622,1.734003144780332,0.5362318840579711
10033041.22489231,0.5859391472360915,-0.06394529905425753,2.420533420708719,0.6304347826086957
2714945.933309258,0.22110282803102876,-0.12404389304722088,1.3444462438147207,0.5217391304347826
2734852.781358975,0.22288830196638476,-0.07883345413530754,1.4746905065020837,0.5942028985507246
2521138.285780225,0.20314877585545932,-0.15308877383442243,1.3706321786700157,0.5289855072463768
3511649.974088898,0.2855892853163191,-0.06433215219095849,1.661762271571621,0.5797101449275363
3447655.976506881,0.2808692059340281,-0.0699459136824582,1.8437093200407986,0.6014492753623188
3296034.657450607,0.2693995906297362,-0.07861220369865408,1.6600260293737812,0.6086956521739131
4952012.189160487,0.37707102697092276,-0.07617122355862843,1.8272637071254672,0.572463768115942
3087889.39700107,0.2529459805549539,-0.09149206315076014,1.6537094720687449,0.5507246376811594
2856942.5366783235,0.23361687347962978,-0.11741257269864927,1.4180710166190607,0.5072463768115942
5310085.18258152,0.39643362454353537,-0.08952334674300497,1.9884014848383986,0.6159420289855072
2823519.0076189553,0.2307168400448356,-0.08041932652667662,1.4075981183324893,0.5072463768115942
2361974.540793274,0.18755858186939744,-0.21673128244829662,1.1007489484629234,0.4782608695652174
1967621.0339619124,0.1449546659993335,-0.0844849559247585,1.2113781974637312,0.5434782608695652
2772409.053180066,0.2262286578037933,-0.07747145223782877,1.3561710714631252,0.5289855072463768
3413200.081402864,0.2782987065069147,-0.07031097598829497,1.8689898790666253,0.5942028985507246
5037511.281001519,0.38179369384185,-0.06044700393043609,2.047382158930746,0.6159420289855072
2818766.8996639294,0.23030229064286334,-0.12843059200918003,1.415579518420684,0.5362318840579711
3787177.130762394,0.30515810179819103,-0.07780804030358439,1.6451596831145612,0.5507246376811594
5617370.133831272,0.4122338215122632,-0.06244886548172791,1.9985431194647718,0.6159420289855072
3963316.2978887856,0.31707876157789827,-0.05873084476517257,1.915370730703559,0.6086956521739131
2287748.6849962813,0.1799990641714284,-0.13694580634463513,1.3129901890855291,0.5072463768115942
2642293.3591180807,0.21449632963955811,-0.07795374228020113,1.5467112685629512,0.5434782608695652
3173916.934895092,0.25985078614495283,-0.12094767480307207,1.5011435237538622,0.5579710144927537
3405878.875360262,0.2777498533499734,-0.12002684560708869,1.6966247507415209,0.5869565217391305
3564029.038510559,0.28940172465970604,-0.11504141535265335,1.6441957769106312,0.6086956521739131
3633876.9429514715,0.29441650890645454,-0.1331344658150528,1.7405672603944113,0.5797101449275363
2918486.92216727,0.23888658500131865,-0.09471710554403112,1.5346747498514146,0.5362318840579711
3207785.278154918,0.26252811459318903,-0.08084491224923404,1.8258217095372178,0.5869565217391305
2179421.255256531,0.16860633537734016,-0.13326317377419902,1.0801240983110387,0.5072463768115942
4396223.792703233,0.3446707515508314,-0.12132376870643706,1.7774452139326975,0.5652173913043478
2983858.3765750574,0.2443875038166572,-0.1270461064359405,1.5859678138805366,0.5652173913043478
5071432.6613688655,0.3836496343547773,-0.05831867656735363,1.9265639133709116,0.572463768115942
4256496.281578514,0.3360122851596996,-0.06227423155278355,1.962714330144614,0.5869565217391305
3542418.103856276,0.287834228512011,-0.0698209509284344,1.617212868438403,0.572463768115942
2683049.551251626,0.21822003779349752,-0.053621983564661926,1.5539324607050629,0.572463768115942
2151078.1231610314,0.16555088022492348,-0.07262049430392312,1.276519469951817,0.5507246376811594
3797576.575766476,0.305874098735168,-0.11150871309106113,1.7983569577129555,0.572463768115942
3325918.575477695,0.27169312241902044,-0.062041268454522576,1.703320730141206,0.5507246376811594
6223606.233793531,0.4414793372876398,-0.08198679627820078,1.9813288828052977,0.5942028985507246
3525204.2298093745,0.28658017934545765,-0.10631252495008192,1.8578443030992393,0.6014492753623188
3740335.9445290086,0.30191347539265223,-0.08686522922627112,1.7142821749698816,0.6014492753623188
2565026.1814911473,0.20730878410496745,-0.07087525177387123,1.4387356454830251,0.5579710144927537
2256343.2731785146,0.1767414040284303,-0.0728079748331249,1.3440163585630893,0.5434782608695652
2946273.0300075714,0.241236671546478,-0.07020807155993954,1.864575050263111,0.6304347826086957
4074014.283285588,0.32435528644275147,-0.07951786064016172,1.8492697360613408,0.6521739130434783
3234519.7329795808,0.2646255765542449,-0.06645455136168957,1.683171935295726,0.5942028985507246
2730491.5451483997,0.22249802794349183,-0.06367254860976743,1.714113967645837,0.5507246376811594
2317151.230271994,0.18301670128642678,-0.08260993718625369,1.2412920783280603,0.4855072463768116
6532654.173427046,0.45551918306340533,-0.07997107797228153,2.153210020651934,0.5942028985507246
3902596.7729138434,0.31301817051435243,-0.05979734656007515,1.6766369648488704,0.5507246376811594
3240786.1486672373,0.2651152032174042,-0.05781560822685059,1.619110878796414,0.5869565217391305
3286695.6507592234,0.26867942890037577,-0.08301205587682231,1.6357149338185564,0.5652173913043478
3878950.1962523735,0.31142313456213855,-0.07238664959857785,2.0245084570211267,0.6304347826086957
5022338.1384550035,0.38096028791786596,-0.0874898675787525,2.038830787104733,0.6159420289855072
1689303.1959159337,0.110558705255978,-0.08314674951661916,0.8985561289261293,0.4927536231884058
5236578.129127905,0.39254589536393025,-0.07888711204755035,1.9476882315238777,0.5942028985507246
4047917.484076971,0.32265424520163033,-0.08989042439851243,1.853184039900645,0.5797101449275363
2957477.767192648,0.24217932839735679,-0.08761791174837624,1.531755695809887,0.5217391304347826
2485280.1431371877,0.19970666055079245,-0.08439420567570415,1.4049063220034788,0.5144927536231884
2515079.0130343162,0.2025698924813426,-0.098426248779265,1.3713713639359562,0.4855072463768116
2768450.4412575243,0.22587828106679808,-0.07611207526179152,1.6168335505117224,0.6231884057971014
3024605.389385228,0.24776771476828885,-0.05725308913668035,1.739037285797586,0.6014492753623188
2830474.613696719,0.23132260602107313,-0.11437459945835862,1.2280085193500263,0.5072463768115942
6026195.961106787,0.4322164249915801,-0.04617199497688927,2.2936231528098574,0.6376811594202898
4280515.528067258,0.33751670651804355,-0.08041275237249867,1.811569487752013,0.6014492753623188
3735497.823851127,0.3015764962477201,-0.06471248457327385,1.9255425343207626,0.5579710144927537
4326783.8082788475,0.3403957407969771,-0.13497127753881683,1.66745711073228,0.5434782608695652
2292173.69165886,0.18045518670137284,-0.06910467949418754,1.3890259630896225,0.5434782608695652
2036705.4995055564,0.15288409352770405,-0.08581851311798726,1.1605610861076117,0.5289855072463768
3046589.743531212,0.24957634471330747,-0.09574542432191696,1.4909220656379105,0.5217391304347826
5250734.306033241,0.3932979836042543,-0.06115501367442509,1.9564307045843488,0.5579710144927537
3328682.7533782893,0.2719044335462526,-0.07415264134915561,1.5353874538591479,0.5507246376811594
2733282.8587539387,0.22274787166740717,-0.07251210354911909,1.5784504177042933,0.5652173913043478
3011731.9719952936,0.24670374444732657,-0.10537051665714926,1.5680673469476265,0.5362318840579711
3300686.9512272263,0.2697577354297369,-0.06901820689332192,1.5996052978361648,0.5434782608695652
3880392.1020543175,0.31152061802688147,-0.07914963396739975,1.7152383196352208,0.5579710144927537
4628202.39260932,0.3585714022321589,-0.0817204206336783,1.7585808842742443,0.5289855072463768
5254691.250483422,0.39350791772993654,-0.05452006915982835,1.8261775775158147,0.6159420289855072
6008367.108232358,0.43136796110841624,-0.0656732600073389,2.2211451524202728,0.6521739130434783
4176894.379033731,0.33097745353242347,-0.07084958213862406,2.011823479648905,0.6231884057971014
4473851.415090347,0.3493863456813815,-0.07897613250374642,1.9951107221414957,0.572463768115942
3184165.208567404,0.26066332487273614,-0.07627876434673335,1.6187957128869164,0.6159420289855072
3381531.157598155,0.27591774850431494,-0.06610446376682029,1.6058148894843656,0.5507246376811594
2654748.957983493,0.21563918804774063,-0.10845747942344303,1.4734111957815634,0.4927536231884058
3203477.900181407,0.2621888706220792,-0.08958199851221113,1.5661722056031355,0.5144927536231884
4900738.49819823,0.37420747281113464,-0.09010560566799439,1.895894979747738,0.5652173913043478
3375974.640506192,0.2754981561406882,-0.09077565258565835,1.8053347886928286,0.5797101449275363
9056274.310132636,0.5537813836486938,-0.056512679891433264,2.2895077446378123,0.6159420289855072
2080178.9663741682,0.1577642634854972,-0.0926833447823572,1.1642717731624959,0.5869565217391305
2484955.549340019,0.1996753210104767,-0.1361996996298274,1.19250876211613,0.4927536231884058
3852876.5669419384,0.30965534334233946,-0.05205727359999992,1.9276613263760418,0.6956521739130435
2864988.1488692337,0.2343109050390737,-0.06734646956363466,1.6870898663285234,0.572463768115942
4229641.402816524,0.3343221938327938,-0.054726067332352184,2.0343501851847656,0.6304347826086957
3191948.4545705477,0.2612790261641642,-0.10145481777071226,1.5867068312660504,0.5362318840579711
5300108.9791690875,0.39590852611935556,-0.10512555770336615,1.900479800091083,0.6159420289855072
3258830.141360646,0.266520853432177,-0.06001077720141917,1.6997264338814257,0.6086956521739131
3244795.503025226,0.2654280771125985,-0.1359362580550358,1.5540442293797967,0.5072463768115942
3426888.454081762,0.2793223691434281,-0.0747640133728944,1.675270259315959,0.6086956521739131
6147964.217847576,0.4379582149259269,-0.06972122615219191,2.4194864278104844,0.6086956521739131
2795628.4485215247,0.22827578576140795,-0.08743477429055457,1.5847498021622062,0.5652173913043478
3196727.598457135,0.26165649009903524,-0.11331634637459446,1.6536658529358395,0.5797101449275363
3316389.594253469,0.27096358854627955,-0.12351668231290149,1.6630967162906203,0.5144927536231884
4507308.3362802565,0.35139856574435435,-0.04935328142587593,1.9362836703268684,0.5942028985507246
3175207.9156389753,0.2599532575443466,-0.0965609217892993,1.4171635647064562,0.5507246376811594
3113599.4885063632,0.2550254982982272,-0.054101456521215834,1.731891623852562,0.5797101449275363
4700786.743011292,0.36280622877727375,-0.0837587659785217,1.8460757385004523,0.5579710144927537
2252898.110930657,0.1763818361022449,-0.10184113847193998,1.2542888754102854,0.5
3287866.9197336743,0.2687698390409776,-0.08016660229844146,1.7062415435986076,0.5289855072463768
2760469.7359931134,0.2251706885593947,-0.11267599164111432,1.6504532755043486,0.6014492753623188
4750185.727813442,0.3656585186842569,-0.10808435554392215,1.731843323276378,0.5942028985507246
3806498.4591072556,0.30648711720679334,-0.09495710241385319,1.8077431102900559,0.5797101449275363
2755140.924789664,0.2246973089561406,-0.05889967794679228,1.563989278198671,0.572463768115942
3232707.6123334374,0.264483844981515,-0.05576633209247685,1.7407588573033352,0.5869565217391305
2027776.5387300728,0.15187146246947592,-0.10983913289027279,1.2186167008693454,0.5507246376811594
3207620.9415444434,0.2625151783256501,-0.10946891861727316,1.526030452554529,0.4927536231884058
3543100.699065538,0.2878838557271477,-0.04988622715097806,1.673931261574305,0.5579710144927537
3001969.842908888,0.2458944896159676,-0.0796668283971711,1.6318583130581772,0.5217391304347826
2564892.548841848,0.2072962041761761,-0.05962218996261859,1.5385411775417988,0.5217391304347826
2457984.9693067297,0.19705979481225988,-0.05229717617637139,1.5029247508331125,0.5507246376811594
3899234.639529618,0.3127918563680976,-0.07775538920409915,1.8400003732673682,0.6376811594202898
2526715.4780884893,0.20368061993276476,-0.06368588697168523,1.5125837772563115,0.572463768115942
8201494.352519398,0.5232759944972589,-0.054572100494462095,2.520974521601326,0.6376811594202898
3236358.6894450337,0.26476934211298153,-0.11855899228899015,1.4367473678930114,0.5507246376811594
4646373.024518472,0.3596364993105159,-0.08667938545295668,1.9135491730665366,0.6086956521739131
2365714.7044017357,0.1879344413591506,-0.07245065412608008,1.5983505852584814,0.5579710144927537
2708784.290968775,0.22054805907763542,-0.11829355535347207,1.3241442990837435,0.5652173913043478
3011563.3261170574,0.24668978197262303,-0.1213230038903374,1.4739316633022315,0.5579710144927537
3236178.619943344,0.2647552675634095,-0.07202835535685206,1.6042271454620163,0.5579710144927537
4066237.2542858967,0.32384927825327137,-0.05710252211666626,1.7824511918881045,0.6086956521739131
3541790.6705904272,0.28778860502739767,-0.07012656645078764,1.7461116666892835,0.5797101449275363
2477371.674533853,0.19894216386510521,-0.07828543213484307,1.4175655631224044,0.4927536231884058
1711081.6976096486,0.11340751734380072,-0.16979824829754697,1.0071631336719729,0.5217391304347826
2014289.4864481655,0.15033511492336404,-0.06443908655113775,1.1706928498475568,0.5144927536231884
4572295.442742941,0.3552732205308555,-0.04920587782210001,2.216060682400869,0.6231884057971014
3777310.8960274314,0.3044773606833824,-0.09035967544636699,1.6153367328809352,0.5217391304347826
3110468.475830808,0.25477298783225755,-0.059770993546429854,1.4637093411812094,0.5362318840579711
3494676.8177778143,0.28434412605628756,-0.12507024983952114,1.719521623030974,0.5579710144927537
2597606.9422414806,0.2103603471957436,-0.1423051527323553,1.46657278417277,0.5072463768115942
1994942.9545689155,0.14811686459778461,-0.149790292005164,1.040100887122847,0.4855072463768116
3136580.0296848384,0.2568726461535964,-0.08658492247004493,1.756802707096902,0.5652173913043478
2978215.370687024,0.2439164758277792,-0.07733385825529546,1.5879472458383863,0.5289855072463768
3433554.3763658265,0.27981968535535495,-0.10424601625118295,1.7094391400224707,0.572463768115942
3339639.189937889,0.27274063391482106,-0.10825902882298948,1.5361034495908716,0.5434782608695652
3245412.802556094,0.2654762212080417,-0.11519146111315468,1.5681443235158816,0.5072463768115942
5233214.27358496,0.3923669415808504,-0.05456720790375744,2.0794989288205072,0.6014492753623188
3541636.8920590505,0.2877774221146714,-0.07845344852555335,1.8140590922810258,0.572463768115942
3786266.9197870977,0.30509535936967946,-0.10439843737167133,1.935279505204539,0.5942028985507246
3462674.7182581727,0.28198321562609063,-0.05577510431962409,1.9459640921501344,0.6304347826086957
2754039.5138621842,0.22459937489147253,-0.07330744640348609,1.510042685689093,0.5434782608695652
2581778.101969033,0.20888164232412598,-0.08337231662088325,1.3358512292480655,0.4855072463768116
3700360.4173465543,0.29911861361269465,-0.06601183345980176,2.09261101807774,0.6231884057971014
5152100.165886135,0.38802362960370984,-0.061017911459117086,1.924343383311566,0.572463768115942
2505606.2814141046,0.20166265873463307,-0.1578530019494507,1.3732751396266185,0.5579710144927537
3504306.147509614,0.28505113075249344,-0.075537665024102,1.6407932155581049,0.5652173913043478
2516115.1207766463,0.2026689578945453,-0.08441304919272247,1.3991077273348103,0.5289855072463768
1989499.1443016976,0.14748958212767005,-0.08690409375915183,1.1754382674383286,0.6086956521739131
3948635.690094139,0.31610158854600057,-0.07124898378189601,1.7918398075776372,0.5652173913043478
3780388.0144379493,0.304689825268305,-0.08767148397077972,1.657155738822465,0.5579710144927537
3945630.7360302727,0.3159012140600741,-0.09420687182063614,1.506611014004282,0.5434782608695652
2605733.7621254763,0.21111674292856408,-0.08016160340616696,1.6090043291963874,0.5507246376811594
2708607.349050868,0.22053211304913045,-0.07645108501501574,1.3506501807916578,0.5652173913043478
2041432.9134973546,0.1534187910838023,-0.10430105828154382,1.100864237076082,0.5289855072463768
2079121.1341355331,0.15764648808433823,-0.12326559394851229,1.1924008144976341,0.5579710144927537
2772967.637941984,0.22627806591311117,-0.08070675317247554,1.4570866052358902,0.4927536231884058
3644292.911793881,0.2951577101314036,-0.05199908495882021,1.7808658517865863,0.6014492753623188
4562977.075135794,0.3547203585392422,-0.04727224973838534,1.9121705264711213,0.6159420289855072
1865482.4988505724,0.13281303007732492,-0.10685798258923636,1.1258318952858337,0.5144927536231884
4130819.732712518,0.3280280515084366,-0.08815955298793003,1.6444286557222343,0.5072463768115942
3568042.222108006,0.289691973514387,-0.10598151968884853,1.5421416084197184,0.5507246376811594
5704039.254775713,0.41656498020378696,-0.04708490163121279,1.9062523234507063,0.6014492753623188
1574939.3655270631,0.09509744994447722,-0.11634981046880118,0.8272868762464072,0.5072463768115942
2374837.2313443725,0.18884919975819736,-0.10760215556759027,1.2070965693565108,0.5289855072463768
3497849.364836282,0.284577232782653,-0.13592151291125354,1.601408027250326,0.5434782608695652
2503037.2789479783,0.2014161442515605,-0.1184519215264287,1.405749167224242,0.5434782608695652
4304509.293508686,0.339012804272826,-0.0727083831631166,2.0910387547033973,0.572463768115942
4137040.3975765808,0.3284277903586714,-0.09060008618588158,1.8680320428695365,0.572463768115942
3493413.2134675137,0.28425123405896335,-0.06795482304040347,1.5773442930791703,0.5652173913043478
2617453.4995192313,0.21220422954357976,-0.07453069336461891,1.6215757329582667,0.5869565217391305
4213655.387795346,0.3333120459958756,-0.06074847640000508,1.849346437571162,0.572463768115942
4661365.068833061,0.36051277304921925,-0.06832287117047087,2.019701331288291,0.6086956521739131
4113204.1530791684,0.3268934587352357,-0.10419917374400274,1.7882645903638161,0.6014492753623188
3056425.888432373,0.2503821750165307,-0.05718908446143918,1.7074195960260579,0.5797101449275363
1483941.5698057972,0.08213977494969815,-0.19608191222224555,0.6168210992229957,0.4420289855072464
3573096.890349548,0.29005717514337426,-0.08598161018328707,1.843293320719661,0.5434782608695652
3132428.1309026415,0.25653972474212927,-0.06379216869569933,1.561164250294137,0.5507246376811594
3904094.14941134,0.313118912711861,-0.06485068384765089,1.8637825789178766,0.5652173913043478
2501956.2063017497,0.20131234695014188,-0.10150746810796914,1.3707039984266425,0.5144927536231884
3644903.263938,0.29520109025215446,-0.10145625952080639,1.5849547530670087,0.5362318840579711
3012944.8711309466,0.2468041439768145,-0.12722296961914933,1.4277185101384486,0.5144927536231884
6032809.641939616,0.4325306552905466,-0.06754116907369763,2.038093078499089,0.6231884057971014
3944364.815453227,0.3158167641780092,-0.06356277802578399,1.7829763481114698,0.5289855072463768
2858620.840224468,0.23376177644646035,-0.05508402008542858,1.661143293106323,0.5652173913043478
5730199.836592642,0.4178619686909897,-0.08373735200830042,2.067725298968012,0.644927536231884
3261635.5284859496,0.2667388370824755,-0.07275933434484749,1.5780938373663922,0.5144927536231884
3094375.972747924,0.2534719390651079,-0.08698152959999983,1.759700616020804,0.6811594202898551
2391420.675051024,0.19050492375786265,-0.08117670996085377,1.3344257908426114,0.5942028985507246
5233049.413688562,0.3923581688323903,-0.07044236926227707,1.79580854527817,0.5579710144927537
4025752.462643171,0.32120258108988886,-0.05990688049222071,1.8815642384563338,0.5797101449275363
2555516.577968306,0.20641225588455492,-0.16259493058125957,1.356882412010937,0.5362318840579711
2801583.093028148,0.22879858214234083,-0.11228770009089568,1.250408591145028,0.5434782608695652
2594033.6345054195,0.21002716578198277,-0.06579033619700578,1.4973233385999323,0.5507246376811594
3893371.643350935,0.3123968287365597,-0.1257976206876783,1.4953942411632244,0.463768115942029
7726277.0299941795,0.5051994646792612,-0.052770220395732675,2.304818988665067,0.6231884057971014
3644702.3475865414,0.2951868109807141,-0.08560710666187143,1.831427181781119,0.5942028985507246
3886795.383684855,0.3119531773090205,-0.08242629736546117,1.6997123324313403,0.572463768115942
6256797.034203668,0.44301356407177184,-0.060320421093246715,2.163466239292376,0.644927536231884
3039520.300316297,0.24899589112181086,-0.07093234971441328,1.5637629922772174,0.572463768115942
4686772.500597592,0.36199268355795367,-0.09426070951464123,1.800558100608691,0.5434782608695652
1957877.437686706,0.14381845741804122,-0.1208784471092156,1.2112024208366703,0.5362318840579711
7754229.64654228,0.5062870132504214,-0.11502217227977941,2.039840175322258,0.5652173913043478
2911335.8768492197,0.23827887078514287,-0.10550380495857938,1.6263884232628705,0.5289855072463768
2965804.718335321,0.24287802761783905,-0.12985306246201977,1.5006009493571228,0.5434782608695652
1733774.6996757402,0.11634525878726554,-0.08143070665556354,0.9516258766254282,0.47101449275362317
3788367.879394164,0.3052401639649063,-0.08684227642057073,1.7029007065062929,0.5652173913043478
3964684.3911381117,0.3171696772496271,-0.10948297916043247,1.7244430936475983,0.5217391304347826
2802073.0506511503,0.2288415590664723,-0.07789476464403514,1.5578332565858772,0.6159420289855072
3058052.9304038757,0.2505152710766849,-0.0743081000370129,1.4980941740122549,0.5797101449275363
3567024.819663155,0.2896184157833157,-0.11637004530153959,2.0787386026494574,0.6159420289855072
3115065.2512147734,0.25514363958638664,-0.07125351110532639,1.9441596462397466,0.6014492753623188
5617757.222586509,0.41225328417011564,-0.05632483702178283,2.0975176997180496,0.6014492753623188
2623320.525495935,0.212747174479482,-0.06818373188294899,1.5054767169289627,0.5652173913043478
2452100.921176456,0.19648612884376138,-0.074032722731776,1.3615056878258514,0.5579710144927537
4951379.521316879,0.37703583832233156,-0.06940041647496865,1.767009409117683,0.5652173913043478
4451828.923955898,0.34805525388380953,-0.044225582487417384,2.01186493367095,0.6304347826086957
3842260.1181864413,0.3089328058496932,-0.06172852616501832,2.013006512300609,0.5942028985507246
1333279.487801403,0.059215285739938395,-0.19653279934859422,0.5267647678650389,0.4492753623188406
3793251.694562274,0.3055765234381773,-0.06671158853818547,1.662972609277487,0.5579710144927537
2712346.1685927315,0.22086887886340367,-0.0931576265602113,1.3707822759028745,0.5144927536231884
4671645.669264677,0.36111236416101566,-0.06774387410937871,2.102249284153035,0.6086956521739131
4222968.4171969965,0.33390090340799694,-0.05724434241928224,1.9793287465404525,0.6304347826086957
1965269.8233894198,0.14468090218711338,-0.10505623763550177,1.142996762166079,0.4782608695652174
5297089.51461476,0.3957494404421029,-0.06686424703971489,1.9013069385149424,0.5507246376811594
3968976.6006669695,0.3174547502101015,-0.12025369322103253,1.698457395242045,0.5217391304347826
3899837.079705483,0.3128324196969292,-0.08351701575929651,1.7838791789131183,0.5434782608695652
3105694.5957767875,0.2543875914465934,-0.11825741753495932,1.4718113627772667,0.5
3529543.5851310976,0.2868967670542646,-0.08145817468984234,1.6401153007634337,0.6014492753623188
3173862.2510394477,0.25984644488620345,-0.07429705002406693,1.498913353576684,0.572463768115942
2265337.1255132016,0.17767801721423604,-0.078611174367179,1.528119936385656,0.5797101449275363
2353292.278364548,0.1866842380671292,-0.12915800223805957,1.3992015741062698,0.5144927536231884
2427931.6985274465,0.19411813236963416,-0.0888361528043083,1.254743893528906,0.5434782608695652
3739432.506901508,0.30185057669614723,-0.0930082060261348,2.1514258899358247,0.644927536231884
5235572.820991029,0.39249242360430503,-0.08013783651573632,2.025517494996993,0.6014492753623188
3906511.037408057,0.31328145365619786,-0.07080067056793986,1.5749188733528403,0.5289855072463768
3911976.121451952,0.31364869596274736,-0.06283562368998934,1.8106421070207417,0.5507246376811594
3893004.428522336,0.31237207128704747,-0.08390936617044391,1.5798764044098947,0.5362318840579711
2200170.874594847,0.17082309974670395,-0.08075368029310327,1.3325616359389942,0.5434782608695652
4026381.3303570915,0.32124385584502635,-0.06431701762098471,2.2545498915513376,0.7101449275362319
4912840.510923828,0.37488550422763334,-0.10272179864328636,2.0898120246320744,0.6014492753623188
4218579.417698264,0.33362351910371957,-0.11438533349054936,1.5417890055570536,0.5
3642390.943410669,0.2950224924917335,-0.08814695850500659,1.7364788945052791,0.5507246376811594
2959401.7310428647,0.2423409043522533,-0.0875624720264039,1.5288832911335435,0.5579710144927537
4660836.234959986,0.36048190149631143,-0.07601739955652878,1.792571983206366,0.572463768115942
4825006.596902901,0.36993380397295894,-0.06387892580988816,1.9256526994538197,0.5652173913043478
2495581.331870567,0.20069954386292932,-0.08581055664533481,1.3126050265674771,0.5362318840579711
2334367.1127226413,0.1847694066606469,-0.11306488858911926,1.2441408516405654,0.5
3364011.4292568183,0.2745928928845036,-0.05478140448668874,1.8106004466507128,0.6014492753623188
3418074.464162302,0.2786636051786371,-0.0705593751027593,1.6421339582116679,0.6086956521739131
2548826.433559696,0.20577993462672683,-0.13053520205847752,1.2575290319546262,0.4855072463768116
3092681.6660072543,0.25333464280445783,-0.08488463985122877,1.6440026811768302,0.5869565217391305
1934828.4815579215,0.14111258303356555,-0.13113765084610346,1.0486103152158333,0.47101449275362317
2636228.916119767,0.21393832840317395,-0.15979384979328665,1.3457409045268194,0.5144927536231884
4549654.427708975,0.35392835029393965,-0.10201006289930475,2.074888372968525,0.6231884057971014
3847927.4993849434,0.3093187166432483,-0.05299656136513114,1.8946893708513728,0.6086956521739131
2801199.845127474,0.22876496113361933,-0.06375192191783449,1.5398398202697425,0.5507246376811594
6512805.317792733,0.45463361447791817,-0.09898793162495918,2.1767987037688954,0.5942028985507246
2211508.022259177,0.17202723526767483,-0.14962676979634415,1.2185511869053134,0.5289855072463768
2650964.121182213,0.21529236640210625,-0.11415625569931659,1.383826745431267,0.5217391304347826
3553602.4541006526,0.2886464100588908,-0.10386285565541266,1.5147871083247237,0.5217391304347826
4111484.419045268,0.32678248512548924,-0.075076542665376,1.7703313271954093,0.572463768115942
2761713.2659835843,0.2252810510836647,-0.10239807359877422,1.4962206030477976,0.572463768115942
5354809.120293515,0.3987780186160821,-0.06454284910765767,1.928427765703918,0.5869565217391305
2777496.298343933,0.2266783426845398,-0.09835495009551885,1.586618572494564,0.5434782608695652
2926660.046831002,0.23957970107563487,-0.10924493531373265,1.5009022789692381,0.5362318840579711
2409596.3518973324,0.19230910216876684,-0.08728716360864554,1.309079336251102,0.5652173913043478
4357577.451561585,0.34229824695952815,-0.07331342700518913,1.8633205132510584,0.6014492753623188
2659417.185505764,0.21606641435252016,-0.0771744222712102,1.374288544769416,0.5289855072463768
2135452.3971968447,0.1638525941655975,-0.14433032624556136,1.154490028480938,0.4855072463768116
2534429.418289961,0.20441467980778305,-0.10061345043936706,1.4081374888356792,0.5362318840579711
2080904.878103919,0.15784505628112133,-0.08656753645102377,1.2572866128312772,0.5144927536231884
4200462.960544213,0.33247611185403025,-0.12998073021973816,1.8306888853247072,0.5797101449275363
2128383.746942154,0.16308106851887127,-0.08274647383673404,1.236428822073882,0.5289855072463768
3943649.2412091405,0.3157690184463564,-0.0898580127377928,1.685313799865696,0.5362318840579711
2384693.672971429,0.18983439719336603,-0.08565569226990719,1.3543100115696367,0.5579710144927537
3450549.761106338,0.28108415288904154,-0.12262459943857057,1.8764126028296875,0.6231884057971014
4658922.245630993,0.3603701457707662,-0.11767631099272517,1.7885035386934103,0.5434782608695652
3261647.842935888,0.2667397936067897,-0.09745774707147851,1.485027397398927,0.5217391304347826
3033403.2462981674,0.2484927634979326,-0.050361289755039826,1.9347941312868853,0.6304347826086957
4869916.821297011,0.37247457745228707,-0.08209022913150853,2.1706278643594237,0.6594202898550725
5113429.534597621,0.3859337000753915,-0.06263418361702373,1.8864322231178599,0.6086956521739131
2217649.8155166637,0.1726775033837853,-0.09228251960263675,1.2069348597237193,0.5289855072463768
7218145.249298654,0.48485868460564485,-0.10446660846371347,2.129851732604644,0.5869565217391305
2320630.1125903176,0.18337171536297148,-0.07590778769475855,1.2262135192276393,0.4855072463768116
3747724.336383344,0.3024274108114997,-0.05934572230303559,1.920307633740592,0.572463768115942
1837839.7440671155,0.12943574346924303,-0.11589501402855246,1.0726896213585406,0.4927536231884058
4334004.332298714,0.3408428121573748,-0.08831250611162017,1.9590653202916926,0.6159420289855072
1865493.1294461219,0.13281432115882397,-0.15170745063275318,1.054888540931351,0.5144927536231884
2278537.7518183147,0.1790473478278365,-0.06326641950642298,1.3485110571577157,0.5507246376811594
3668576.255654113,0.29687915606942505,-0.10412201640336775,1.5754802516923991,0.5
3619576.089304212,0.29339608525319094,-0.0701879398192921,1.6839637205086992,0.5942028985507246
3259449.5020229714,0.26656899178446114,-0.09411041159856656,1.7255215961899169,0.5797101449275363
3205685.5315880817,0.2623627866033831,-0.05722231562346931,1.7821109012677239,0.5579710144927537
4758332.154961259,0.3661266104318761,-0.08046302698626855,2.0072033375225606,0.6304347826086957
2809070.764204569,0.22945471254345584,-0.14437652531821055,1.259751986239341,0.5362318840579711
2048998.4199563076,0.15427243562979953,-0.14903207922914605,1.147011078882203,0.5362318840579711
3876569.9383656997,0.3112621481316167,-0.05253595787547403,1.9483029842045776,0.5507246376811594
4028182.8824704187,0.32136206937563316,-0.091392119245981,1.8333446948485794,0.6304347826086957
6807659.864047999,0.4675725154299484,-0.07949925049255241,2.287205934701022,0.6521739130434783
3286987.556156061,0.2687019634612733,-0.09687109156735157,1.7180309951861994,0.5652173913043478
2933960.012454289,0.2401974615461968,-0.08649991837300161,1.6047930987561327,0.5434782608695652
2629767.8481579777,0.21334270193562443,-0.10320217488103318,1.300706601787764,0.5144927536231884
2135782.977066867,0.16388862610128307,-0.10227458897919998,1.319727604123779,0.5362318840579711
3081445.802554458,0.2524226312997313,-0.07047637394998468,1.4227096969437356,0.5507246376811594
1524143.9231253134,0.08794062910810108,-0.16570022450661648,0.8511957060421905,0.4855072463768116
3081554.7066543694,0.252431483769642,-0.06047383473018357,1.8288819264797145,0.5434782608695652
4916089.089061436,0.37506728265476164,-0.0625796273390599,1.838374263118871,0.5579710144927537
2502579.746224695,0.20137221942467431,-0.14526842185735198,1.2020446683203065,0.5144927536231884
4495993.531270157,0.3507193937310684,-0.06102298685326515,1.7902944815467563,0.5434782608695652
3473073.909929229,0.2827523091132986,-0.10055540141955,1.7116189297978823,0.6086956521739131
9837782.195598226,0.5797175414242508,-0.062169740309269826,2.5934286516528076,0.6956521739130435
2877867.907847113,0.23541870133263276,-0.07945113209660987,1.331109344186849,0.5217391304347826
2852404.8047182774,0.23322474920814873,-0.077317102052534,1.4913702822639006,0.5144927536231884
2560433.796151995,0.20687616457575908,-0.06416314913863064,1.5981575424584813,0.6014492753623188
3740098.77167479,0.30189696423581625,-0.07600069235726771,1.741477348184269,0.572463768115942
2702592.5877461554,0.2199895656906261,-0.05940038294952861,1.7750662489598894,0.572463768115942
3669835.176606518,0.2969681521357954,-0.106093267396545,1.5031254379968721,0.572463768115942
4034349.151545374,0.3217663652992899,-0.12458136265912573,1.7498358774766543,0.5362318840579711
4213357.909537327,0.3332932194659648,-0.0686869333492016,1.686172063661352,0.5434782608695652
5266548.387969195,0.3941362371024577,-0.07713081588509309,2.021683620330797,0.6594202898550725
2952890.6557723624,0.24179375975928807,-0.09551577830697772,1.4354561799346806,0.572463768115942
2482900.5297191693,0.19947683277164963,-0.1412255911626378,1.2083138619943148,0.5289855072463768
5411147.46980218,0.40170903918894263,-0.10924551830261021,1.9770565599085437,0.6159420289855072
2797668.392861268,0.2284549857712448,-0.059474028682931966,1.6522111432696038,0.5652173913043478
2597313.833443393,0.21033303103220646,-0.09049559416005286,1.6491944347648522,0.5579710144927537
3501411.807767269,0.28483878606566915,-0.0760863587799476,1.706868738604566,0.5869565217391305
2716136.4890087773,0.22120990463795542,-0.10687997908570988,1.5735282189763646,0.5072463768115942
2288265.7467551543,0.18005239845974796,-0.1209824416507267,1.2640961367553178,0.5289855072463768
2698649.435809925,0.2196333585273107,-0.10392235443908371,1.2113039806956776,0.4927536231884058
2068515.1717266608,0.15646299909078754,-0.1113618277818444,1.2067960694071151,0.5217391304347826
3170736.1069096806,0.25959816604652675,-0.10152039857675893,1.582320733528506,0.5144927536231884
2232051.1910519516,0.17419663147758713,-0.12235230802793244,1.1883080596753526,0.5072463768115942
2644318.6784491395,0.21468245500481076,-0.09972010003687808,1.4921703082558504,0.5289855072463768
2693574.2029864755,0.2191742707420823,-0.08185360053166528,1.5741947490227721,0.5507246376811594
2990745.3614354962,0.24496140348526607,-0.1239607126861663,1.4441385684171426,0.5507246376811594
2819236.009933291,0.2303432382659112,-0.07426983393595778,1.6374747284880449,0.5144927536231884
1590309.5796491131,0.09722661862639859,-0.09939104811725068,0.9573711484379643,0.5289855072463768
3895160.575757112,0.31251741100017694,-0.043198917489050984,1.9873642781424592,0.6014492753623188
3320569.148649118,0.27128377925171887,-0.07673324880011648,1.7527554866915178,0.6159420289855072
4247451.791441853,0.3354440321823471,-0.07081947631082701,1.7637439424810022,0.572463768115942
2840151.301395215,0.23216337411439958,-0.09467417719812232,1.3915331285517378,0.5072463768115942
3519425.403609654,0.28615808730441494,-0.06093506427560438,1.776542348127632,0.5942028985507246
3451963.956035517,0.2811891451890203,-0.08487660951197497,1.5820997075086543,0.5289855072463768
1809018.038182361,0.12587086176627849,-0.08932287663618588,0.9260620842127897,0.4782608695652174
5386253.188577417,0.40041693134181733,-0.06444596959397592,1.8763969267406384,0.572463768115942
7022225.418875558,0.47670910729421534,-0.06565129151193294,2.1568339887095815,0.6304347826086957
3108689.2862607404,0.25462940881854057,-0.06328167210802384,1.4307167215282577,0.5507246376811594
3621721.9016271937,0.2935494030608725,-0.07208795609992276,1.5972710624370485,0.5797101449275363
2358756.0934130265,0.18723476976613318,-0.08264206131903995,1.4433021111833586,0.5144927536231884
2764904.18944108,0.22556406180618116,-0.05417954169261664,1.3813917611003745,0.5652173913043478
2339384.406098008,0.18527825822391875,-0.13181387286273724,1.1597182378605226,0.5217391304347826
5135791.81213753,0.3871437904979289,-0.08554699797135278,1.8621866619890157,0.5942028985507246
4150918.548453656,0.32931786784512473,-0.08015581799915336,1.7326356236343243,0.6231884057971014
1633943.8391139824,0.10318265522330194,-0.14851511824153582,0.9806064272156398,0.5144927536231884
2478570.2183022904,0.19905815022850937,-0.10646529170880259,1.483928233471837,0.5362318840579711
2709875.656632787,0.2206463946759698,-0.10038274773333702,1.3314813062349928,0.5942028985507246
2431636.6616617716,0.1944823490126073,-0.07314121772601373,1.3681427932874122,0.5144927536231884
5354820.023082219,0.39877858821878576,-0.0826138170645656,2.1431829282417745,0.6159420289855072
3676313.7253554366,0.2974257500357709,-0.0914507487703903,1.5933268274999337,0.6521739130434783
1785242.6744172142,0.12289578577850069,-0.13456513794716535,0.8814367422461493,0.4782608695652174
2574868.8013679613,0.2082339118179075,-0.05133031101291169,1.4629911016592783,0.5434782608695652
3091524.933106081,0.25324087367319814,-0.0706479053512665,1.4694070831666504,0.572463768115942
3905413.0789075294,0.3132076235476575,-0.03541037655330733,1.8193844834906119,0.6304347826086957
2740847.4973795232,0.2234239394944888,-0.11158812284243004,1.335325408767568,0.5217391304347826
2521262.6305609997,0.20316064369469977,-0.08524007850549789,1.3254127540515483,0.5
5837948.250343366,0.4231544928449791,-0.07667228446237238,1.9592233326611928,0.5507246376811594
2213689.029548542,0.1722583166959033,-0.10725252480333435,1.4702978002418867,0.5797101449275363
2276246.5879769037,0.1788101362347032,-0.0534444468430825,1.604687114062175,0.5797101449275363
3092670.567857823,0.2533337432799272,-0.06687408513387856,1.7654827346180821,0.5797101449275363
3963744.0558250984,0.31710719062719384,-0.15483494899576097,1.7310839086271892,0.5434782608695652
4251492.0882618725,0.33569799802995637,-0.04604207627977254,1.9565997400479531,0.6014492753623188
1748011.809807769,0.11817266824778971,-0.08593668098723543,0.9549075665656785,0.4855072463768116
4135851.727055292,0.328351443776836,-0.06588773663985267,1.8224597505538782,0.5797101449275363
3345726.5431741667,0.27320427556778815,-0.0895418015153249,1.6535708161380815,0.5652173913043478
4405424.763224982,0.345233140174092,-0.09304809636532123,1.7756503762539146,0.5942028985507246
1600355.3421747803,0.09860933458348398,-0.1290966983761034,0.8969434866061844,0.5144927536231884
2629636.135839439,0.21333054760174686,-0.08996918815011602,1.2629894156547774,0.4855072463768116
4558667.843739751,0.3544643848658191,-0.10710835667441768,1.7060993614338287,0.5579710144927537
2331417.858071734,0.18446988617521298,-0.0981390429520957,1.0936191240963564,0.4927536231884058
3678912.9277988556,0.2976091576086526,-0.09910056398913258,1.773990044770304,0.572463768115942
4806098.35455088,0.3688584172711371,-0.061979431766102315,1.9605769611610493,0.5579710144927537
3459686.0299828737,0.2817618392626762,-0.10545147715259434,1.6743887092935354,0.5434782608695652
3964447.8512929184,0.3171539599558184,-0.08151754819069539,1.6941107486382412,0.5217391304347826
3661477.7297764327,0.29637688689952624,-0.08198982162265997,1.5635528474405131,0.5579710144927537
4235806.734668195,0.33471096186146143,-0.09819389857439292,1.842998269079162,0.5579710144927537
2390171.3989415052,0.19038051400831302,-0.13838291093361235,1.318780765056002,0.5
2496454.7246630993,0.20078357522986656,-0.053149419278195366,1.8263685049721947,0.6376811594202898
2748100.578317012,0.22407076241360024,-0.08751233553981409,1.423120854748423,0.572463768115942
2860469.4751767106,0.23392130689972745,-0.07351452945924035,1.4799908271914175,0.572463768115942
6435311.717811569,0.4511553846962775,-0.05077687680000009,2.216585272518789,0.6376811594202898
2597048.532498175,0.21030830428464498,-0.08717384767294824,1.2239934904347598,0.5144927536231884
3926757.6100136978,0.31463992908242,-0.107452787856528,1.5969422593266382,0.4855072463768116
2624051.326925527,0.21281473607689305,-0.06521701705023995,1.6077526978567434,0.5652173913043478
1862183.7202213276,0.13241211016033128,-0.08030655549513903,1.0582678451320495,0.45652173913043476
4274074.087164967,0.33711391739547625,-0.054051601924003476,1.8823745138573416,0.5652173913043478
2741288.3465589727,0.22346329306986967,-0.09910616588155337,1.4700970688774089,0.5144927536231884
2877918.090798416,0.23542300983643405,-0.09831540178958506,1.502654265559947,0.5289855072463768
1935852.0241153247,0.14123328936310942,-0.06824041523474503,1.1508085081493131,0.5144927536231884
3634929.8902387745,0.29449151389036854,-0.07131175809280668,1.5813103431406494,0.5434782608695652
3814157.6865107203,0.3070124628907056,-0.05333421238828751,2.1089219263188186,0.6159420289855072
2852741.2714545242,0.2332538418200254,-0.06611536085202267,1.473876688232612,0.5652173913043478
2985463.09267331,0.24452132110799862,-0.0557915619512319,2.105327983788165,0.6521739130434783
13729848.983972318,0.6886247565673302,-0.07571680999265007,2.572942779581441,0.7028985507246377
1675126.2023931392,0.10868840708767835,-0.11176553139949537,0.843872009405836,0.5144927536231884
2944917.308993829,0.2411224200540798,-0.11365042348113279,1.4048989313521656,0.5362318840579711
4467174.507573724,0.34898333224296496,-0.05079457369566349,2.0730496800756013,0.6159420289855072
3823791.94597275,0.3076720787122982,-0.07920917718055362,1.744128036591524,0.5652173913043478
2564386.5625795675,0.20724856681969572,-0.07116554739395446,1.8120572722972026,0.6014492753623188
3185995.8610747685,0.26080824862991614,-0.06372538589277205,1.629964428557613,0.5652173913043478
4226379.717955556,0.3341163380088359,-0.06760863229968403,1.7935533644963846,0.5942028985507246
2133518.01280459,0.1636416642021703,-0.08021905303189236,1.2408816382090508,0.4927536231884058
6600540.348179171,0.45853178543369255,-0.044143885148087855,2.187350604103674,0.6231884057971014
6913275.386374339,0.47209816525694137,-0.06490139036106006,2.1278997900317065,0.6231884057971014
3937637.6476150053,0.3153676289935159,-0.07474250255854074,1.7531180699315403,0.572463768115942
4200902.677076173,0.33250400817155046,-0.06479811829350009,1.7605820904068956,0.5362318840579711
3409087.9383734004,0.27799054513292853,-0.11239922856374393,1.5252191326718794,0.5072463768115942
6159799.304640727,0.4385114149892668,-0.04626357352433434,2.262177676736222,0.6231884057971014
3041004.3223269475,0.24911782980466146,-0.04602488130005425,1.693618229126012,0.6014492753623188
3944896.7034138488,0.31585224919934474,-0.06995781404449847,1.8501985121895854,0.5797101449275363
2460780.1023587836,0.197331921820596,-0.09976475888476442,1.4358988151217829,0.5652173913043478
3779970.1413055244,0.30466098066667424,-0.08855430296678843,1.8136260523846632,0.572463768115942
3591553.5486301263,0.2913871754785746,-0.08164918239129754,1.5964765086356585,0.5362318840579711
6423551.207650108,0.45062460025084583,-0.04544822054339076,2.1647120801813227,0.5579710144927537
3964229.6945021707,0.3171394634903999,-0.08872125676616839,1.7958347439925546,0.5434782608695652
2134051.0733902915,0.16369980568685172,-0.09046389690382924,1.1648598072328136,0.5072463768115942
3617581.050688938,0.29325347494965737,-0.07489520666140664,1.6929884140800098,0.5507246376811594
3781101.2033908973,0.3047390487955275,-0.1137259932823483,1.6444709647190638,0.5362318840579711
1996466.757397024,0.1482922048935853,-0.09251336348510464,1.0515759254542003,0.47101449275362317
3146845.416572475,0.2576942688339272,-0.10468317499769564,1.6860136024329953,0.572463768115942
3251995.456298858,0.2659891569773749,-0.12072623277172913,1.7896366471493796,0.5507246376811594
2148282.9191300026,0.16524780920067883,-0.1388309002112883,1.3464672562568962,0.5507246376811594
3405275.8928178404,0.2777046071477083,-0.05889879679999998,1.8577241574095733,0.5869565217391305
5914910.036677576,0.4268871560143179,-0.12392350693577696,2.0240945052971555,0.6086956521739131
5007775.718046368,0.38015853031617275,-0.06573036857847848,2.0432055380169105,0.6304347826086957
2885689.0292496257,0.23608946686968446,-0.06872524531064787,1.4893578768255853,0.572463768115942
3483771.5046284203,0.2835415516719113,-0.09199070880260045,1.7442441751734306,0.5652173913043478
4141935.0532581867,0.32874198219692974,-0.053789761741874005,2.102630360391148,0.5869565217391305
2923347.924234547,0.23929900569670992,-0.07569592000393309,1.4497067472275844,0.5289855072463768
3177637.429956391,0.2601460095225272,-0.08931120345679361,1.7075784013030735,0.5507246376811594
1877102.5353857856,0.13422077882357342,-0.14627667939122982,1.1479548922208647,0.5072463768115942
3059347.5818870976,0.2506211363048798,-0.05744805793641664,1.685647329756549,0.5942028985507246
2697410.0357654123,0.21952131052367574,-0.11325779008685032,1.5470933375190663,0.572463768115942
3697700.564804525,0.29893179624826605,-0.06834400873366518,1.584215863367098,0.5434782608695652
6807093.6173543045,0.4675481007044424,-0.052246662540347454,1.995676329289853,0.5434782608695652
4502854.522530762,0.35113138819835354,-0.07552887505116884,1.9388179471695204,0.5869565217391305
3526446.8110232227,0.28667086657378005,-0.07348685295377254,1.771684991531509,0.5652173913043478
3733940.506757149,0.30146795353018274,-0.07701464399205539,1.6368780185778462,0.5942028985507246
2605295.0031131543,0.21107595409681168,-0.06482124253812097,1.6515563516960516,0.5797101449275363
4579118.275976199,0.3556774502638538,-0.059772210405730844,1.8889150268933843,0.5797101449275363
2138439.7705592355,0.16417804448259532,-0.2000066022639674,0.9885696316523637,0.47101449275362317
2079980.6716256305,0.1577421896801554,-0.06183615371367521,1.3323910805506973,0.5289855072463768
3209578.2185335313,0.262669217037371,-0.052998717758633324,1.6756289833442697,0.5144927536231884
3153619.548464505,0.2582352842993971,-0.12566937003849554,1.6664187327972957,0.5434782608695652
2222027.5084252264,0.17314011683997066,-0.08519948168824165,1.3218240846176215,0.5362318840579711
3863742.8732108856,0.31039323818379816,-0.08122568169410205,1.7344208901985232,0.5434782608695652
3837816.5471598515,0.3086299097303953,-0.09584326614415935,1.58110756508164,0.5289855072463768
2996816.948983769,0.24546647901058805,-0.08363179450646836,1.646769760101363,0.5434782608695652
2684213.794063499,0.21832574272247052,-0.12292373897177254,1.2702036712640703,0.4855072463768116
3905118.6597047923,0.31318782307107806,-0.112660891651052,1.6251931004857079,0.5072463768115942
2152994.401094133,0.16575847138069144,-0.06222859178017667,1.242996989216416,0.5797101449275363
4220363.140848317,0.3337362780531903,-0.0680066795328686,1.9062606585414092,0.644927536231884
2874383.7303894875,0.23511941699070937,-0.12334596008320103,1.2888919395513576,0.5289855072463768
4119952.2577599175,0.32732855242066594,-0.06624004169104612,1.6864340981278527,0.5362318840579711
3057135.9580834867,0.25044026744027525,-0.06714769291398653,1.537266438742976,0.4927536231884058
2820296.191847387,0.23043575918161285,-0.07567885242371453,1.4845899367621342,0.5652173913043478
3646823.0803469243,0.29533750125748925,-0.0547701460223753,1.9989532564719183,0.5507246376811594
3895520.41884767,0.3125416607254723,-0.09728013164655798,1.8058442793794673,0.5797101449275363
4025290.7738056052,0.32117227557689043,-0.055513405922600616,1.9568330016437434,0.6304347826086957
4933143.2432799265,0.37601999673767605,-0.07695190812788645,1.9358338900458782,0.5652173913043478
2544291.7583533935,0.2053505828568134,-0.06928206541002668,1.256590418572886,0.5144927536231884
2657693.1592028593,0.21590870503512516,-0.09884672250777117,1.2412990926376246,0.4927536231884058
2630506.7884117276,0.21341088187086443,-0.15573406843351617,1.5884194560135276,0.5362318840579711
4005357.3292224356,0.3198611734835719,-0.10597434364218639,1.8687135259808259,0.5942028985507246
2739358.481663438,0.22329098109586143,-0.06902181076548829,1.3106201525657097,0.5144927536231884
4792262.863458886,0.3680693916315223,-0.0641181239770082,1.831910937853575,0.5507246376811594
3612162.0394888353,0.29286579279770764,-0.06382987780507347,1.9048560542561335,0.5797101449275363
1882902.139551177,0.13492078502156568,-0.09982802054221077,1.0410161598852272,0.4492753623188406
3099487.3253688887,0.2538857677714439,-0.07270683217066441,1.649671394339057,0.5507246376811594
3370171.3968499443,0.27505934233363627,-0.10909886316914234,1.6301148874101488,0.5507246376811594
2847478.2486434444,0.23279845960148027,-0.06145800813140929,1.6399315440572602,0.6086956521739131
2405844.6196508342,0.1919375865806352,-0.0861207267853876,1.1813819551892266,0.47101449275362317
2743904.822899427,0.22369675565312552,-0.07886626592511489,1.5827527636156387,0.5652173913043478
3002880.069069074,0.2459700338952373,-0.0753504982266395,1.4436951273173377,0.5289855072463768
6069796.547490543,0.43428292051693407,-0.06475174855419075,2.022636335520006,0.5797101449275363
2103545.495031191,0.16035367444784265,-0.12649290614778544,1.2486585238920334,0.5362318840579711
6131903.221298787,0.4372061216318661,-0.06531957738440922,2.2540873347916204,0.6086956521739131
3700341.5762207294,0.29911729066550286,-0.06975784234745593,1.64261141308295,0.5217391304347826
2949107.076021585,0.241475371021727,-0.04886371883482637,1.6390034192492262,0.5652173913043478
3549260.0736237783,0.2883313196547743,-0.05768351928178325,1.7647325419487598,0.5652173913043478
5434748.633860113,0.40292964534971665,-0.04878064068568793,2.618923637419507,0.6956521739130435
3298557.1292277114,0.26959382674759214,-0.09996512445145941,1.5887845385506458,0.5797101449275363
3146396.0935447915,0.2576583507508614,-0.09243061382827404,1.54471706902646,0.5652173913043478
2652791.2588955783,0.21545984468445978,-0.08707454966640756,1.373170862536615,0.5797101449275363
5253128.276271832,0.39342500986660656,-0.06951979175684486,2.0797977792188362,0.644927536231884
4267358.898904101,0.33669349324144116,-0.05780374381676899,2.0996056938836167,0.6231884057971014
3671077.71652384,0.2970559662425707,-0.090925474101808,1.5072197974938497,0.5217391304347826
3179806.84852166,0.26031802649781066,-0.07993030286736726,1.6707603056781488,0.6086956521739131
3017397.559273918,0.2471724448503223,-0.06372310407060293,1.4856472496726556,0.5289855072463768
7857801.1354318,0.5102895126914511,-0.057749400831945914,2.1446409011803724,0.6014492753623188
3751516.2692967746,0.30269086240750087,-0.05484683217820275,1.8535949083488343,0.5507246376811594
4149404.786590925,0.32922089825791456,-0.07446424141576305,1.6898503762459045,0.5144927536231884
2380089.8879170693,0.18937463359196127,-0.0843961704430068,1.2276035174344484,0.463768115942029
3478031.3960475675,0.2831183018423906,-0.1126367928620083,1.5856256706850245,0.5797101449275363
3219070.694496869,0.26341521554536573,-0.08253067733529157,1.5146213981150485,0.5652173913043478
2543991.704409553,0.20532215158456313,-0.09692312144190213,1.4451222086371585,0.5434782608695652
3222579.8135679006,0.2636905460946932,-0.07129135552338302,1.4929560134804445,0.5507246376811594
7379472.306566928,0.4914375098507071,-0.048677413713647935,2.1517542814019914,0.5869565217391305
4724777.923457364,0.3641944554447136,-0.058952939913657604,1.99279677485882,0.6014492753623188
2509652.7457530373,0.20205053667671846,-0.06463908018610615,1.3248976043070857,0.5289855072463768
2831023.2407297324,0.23137033543687413,-0.07200870175767952,1.4512075804224573,0.5072463768115942
2845002.0403935625,0.23258397310776702,-0.13092481079165308,1.4859485512320625,0.5869565217391305
2042258.786371356,0.15351210036424767,-0.0723316031074112,1.3224061988964335,0.5942028985507246
3668261.8474008306,0.29685692600192004,-0.07294499884065422,1.7376612872050494,0.572463768115942
4796882.838461465,0.3683330670889262,-0.06957372217680755,1.8735845892287633,0.6304347826086957
2753672.281284862,0.2245667147374879,-0.061048525959679356,1.576850358240525,0.5652173913043478
3671693.211534609,0.2970994563565619,-0.07851677814060322,1.7908518629097439,0.5797101449275363
5500943.210502649,0.40633061854542274,-0.05592107591611742,2.1905048097004927,0.6231884057971014
4063063.721845491,0.3236425716322291,-0.11529371323574199,1.6986672286639575,0.5507246376811594
3467154.6838327507,0.2823147668823889,-0.05989343542586527,1.736699820699009,0.5362318840579711
2638416.823687978,0.21413976034689597,-0.11709227851006157,1.3026716004514218,0.4927536231884058
4455193.237477623,0.3482589414138457,-0.10033815861026402,1.9465566120965712,0.5942028985507246
4097258.6858662157,0.3258630784930625,-0.0504300640528274,1.8366977122192731,0.6086956521739131
2123384.762544023,0.16253420339311742,-0.08147295299610151,1.411721748417448,0.5507246376811594
2974912.866881518,0.24364048086186996,-0.08835800831855281,1.4238300190510795,0.5652173913043478
2844883.775688489,0.2325737254100928,-0.10088427990253848,1.4255949246441864,0.5434782608695652
3731670.816091254,0.3013096945463567,-0.10278581913408202,1.5684486751294713,0.5579710144927537
5541395.178556981,0.4083928917792965,-0.044887861356008425,2.735328283288768,0.6521739130434783
3757392.1562419143,0.3030986800791784,-0.06477457745124694,1.640997403003684,0.5434782608695652
3807877.7509192117,0.30658178509499456,-0.07768301579992495,1.6108932496202877,0.5072463768115942
2724650.5382405715,0.22197455169874214,-0.059769033802619255,1.4192637263074475,0.5217391304347826
1471038.0231797723,0.08025125539390121,-0.10099044302049474,0.7667020949128054,0.463768115942029
3929782.2369721592,0.31484238980025747,-0.07376382976696332,1.7841483341108453,0.5217391304347826
3536098.004406411,0.287374370023314,-0.06266887619719,1.6655633123552045,0.5652173913043478
3207755.069474283,0.26252573666268764,-0.0571310847999999,1.6076955747269814,0.5579710144927537
2086345.069024456,0.1584498240972816,-0.07340428041043887,1.1785493880902114,0.5434782608695652
2523680.638703679,0.20339133261989462,-0.10268518881391177,1.4247693192211086,0.5434782608695652
2783405.103202269,0.22719982261797034,-0.060008722836721776,1.5366593855156379,0.5579710144927537
4512175.39679876,0.3516902919378362,-0.07585046571753322,2.0933900383397894,0.5942028985507246
2910636.159637277,0.2382193428993129,-0.08878225225035091,1.3135841065931058,0.5144927536231884
2687212.414801476,0.21859782726755927,-0.10732249489481539,1.485155235836834,0.5579710144927537
3615636.9893777077,0.2931144480904042,-0.06937129600000005,1.6347612466136061,0.5579710144927537
2580185.6388291325,0.20873247577898324,-0.0686625171992645,1.3325612476387114,0.6014492753623188
3930712.1924238764,0.3149046135597253,-0.0993254687650867,1.80841765386254,0.5507246376811594
3977629.6413151324,0.31802870476181155,-0.06204652214547032,1.776387843776117,0.5434782608695652
2583555.0427938486,0.20904800208985597,-0.08071410239335128,1.412937135609499,0.5507246376811594
3268848.9518315964,0.26729864523531544,-0.1118845123885941,1.6327859523150627,0.5797101449275363
2550930.011961245,0.2059788980133319,-0.0949584124313602,1.395527173946498,0.5507246376811594
3242009.3033403317,0.2652106860995693,-0.045071026267034,1.8951771579818004,0.5797101449275363
3626549.5602929285,0.29389407270402024,-0.10997824889586577,1.6923077027273352,0.5362318840579711
1705687.693780997,0.1127046506438274,-0.07630731828491114,1.0901586153654887,0.5507246376811594
8103348.650930444,0.5196126669171541,-0.04916038036334801,2.3389242694476704,0.6014492753623188
2390874.9146363186,0.19045058034707352,-0.1231458134369832,1.2210771964690583,0.5
4183003.7875218196,0.33136658147875564,-0.05154570390535992,1.8264895818643105,0.5579710144927537
1927050.7599815382,0.14019368387102227,-0.08791159963536374,1.1466135675111322,0.5
3968755.6238318696,0.31744007975501365,-0.042300711853312335,1.9802674025449947,0.5869565217391305
5298770.319575286,0.39583800548803727,-0.08296650653477251,2.2390747924606424,0.6304347826086957
2925700.350952286,0.2394983950421503,-0.08062348567493667,1.4961138529589937,0.5362318840579711
1834619.6303555137,0.12903968465735782,-0.13874667588553904,1.1055457777209532,0.4927536231884058
3113632.125468772,0.2550281293397869,-0.051961342500556104,1.4904753768411587,0.5434782608695652
4065341.9502255004,0.323790976095234,-0.07414039661446023,1.6388520574992511,0.5797101449275363
5559574.515053929,0.4093157682352224,-0.09072131695743074,1.8875460293751511,0.5434782608695652
3978385.816594785,0.3180788142508313,-0.06672795959953691,1.9238349824513135,0.5579710144927537
2743690.9432558813,0.22367767831601393,-0.06404807234002041,1.427790904505111,0.5507246376811594
2831579.7106404835,0.2314187396083407,-0.14806397176555267,1.522778825274627,0.5289855072463768
2635711.9374504914,0.213890712700888,-0.07745876085142146,1.5456910727705788,0.5652173913043478
2177854.1465378,0.16843823018642912,-0.09275315272451921,1.2237691943345606,0.4782608695652174
4455842.585739945,0.34829824110376806,-0.08616196605137114,1.9814683647897466,0.5942028985507246
3208989.029455243,0.2626228554599308,-0.07170698344947553,1.566314994111117,0.4927536231884058
3292318.847398819,0.26911324799570613,-0.11465126447681442,1.6618529733145315,0.5579710144927537
4480099.198363096,0.34976302193580966,-0.06723650631840539,1.8574105222227817,0.5362318840579711
2612426.504697541,0.21173824753737236,-0.11750349272230241,1.386122029275408,0.5434782608695652
2850194.2012388683,0.2330335409743638,-0.11231340463696833,1.6952971348600017,0.5507246376811594
2533600.3835898675,0.2043358745170265,-0.06929733152289688,1.4666810754723414,0.6014492753623188
4059765.984254324,0.32342763807549413,-0.04205870896167141,1.8190919585940741,0.572463768115942
4574350.772061166,0.35539504258261845,-0.14469882784403024,1.7360651076357307,0.572463768115942
4365492.498276056,0.3427855196551841,-0.14010477086007772,1.8548805218471476,0.5942028985507246
4668080.953318513,0.36090458039918993,-0.07438747345691679,1.8844052915371672,0.5869565217391305
1816232.5683692475,0.12676744793069084,-0.07867483619245814,1.1779815709144552,0.5434782608695652
1501374.7881457184,0.08467048755099782,-0.13099430816263313,0.7143103026051849,0.4492753623188406
3022080.899427899,0.2475593550757711,-0.0992534039756012,1.8018932738175406,0.5869565217391305
2181703.3194587026,0.16885096164277402,-0.06432689104919506,1.2527017402341922,0.5
4334150.801965672,0.34085187491459723,-0.0541755413131353,1.7730910225168055,0.572463768115942
2538038.8669929914,0.20475754188087492,-0.10427572680250544,1.3962687401435843,0.5507246376811594
2033140.9054060355,0.15248026058790165,-0.16987368577204265,1.1130654754140274,0.4855072463768116
3768597.6682073837,0.3038749898020465,-0.10010966336655167,1.5323866639499997,0.5289855072463768
2268151.5492829513,0.17797049810336607,-0.11030212094244281,1.2371041048158595,0.572463768115942
4178702.094829614,0.33109264019193496,-0.08924652536915895,1.7235780019661102,0.5507246376811594
2782709.460409979,0.22713847487762062,-0.11889220832991626,1.6063064091699892,0.5579710144927537
3783133.297333436,0.30487926099232343,-0.12926188515211262,1.6404053118056159,0.5579710144927537
1587935.4154961128,0.09689881413758172,-0.1350765626176718,0.9545523371011595,0.5362318840579711
1866586.306965872,0.13294705571137144,-0.1186079491433754,0.9220276237239478,0.4927536231884058
2849442.4849689794,0.23296849353491123,-0.056892204800000123,1.5624173742963385,0.6014492753623188
3561407.4831896597,0.28921198249424673,-0.0714642799564857,1.8784447600342542,0.5507246376811594
3621443.1225010646,0.2935294884630262,-0.12712712368970253,1.5853799052933817,0.5362318840579711
2593313.550717729,0.20995997947429057,-0.07589643649476652,1.6314067199052114,0.5797101449275363
3281133.2263957565,0.2682497136939028,-0.09834658572917282,1.6435545008876022,0.5652173913043478
5367185.055483903,0.3994239876564638,-0.07608908554741105,2.2763294795079716,0.6594202898550725
4288581.699507183,0.3380204082875051,-0.07460357294178187,2.166479349238345,0.6159420289855072
2283888.6432234133,0.17960060057087945,-0.09575918429477052,1.2848311456772339,0.5072463768115942
2517782.7171366443,0.20282833334461947,-0.09362843938791292,1.3509233011432045,0.5144927536231884
6847458.041639578,0.4692844284684672,-0.05474832409470125,2.346755925842385,0.6666666666666666
2715282.700221941,0.22113312009852049,-0.10804547513071541,1.4851525652149247,0.5507246376811594
5235437.6065423265,0.39248523099914356,-0.11120222653515045,1.8624386659606695,0.5507246376811594
2839398.5723079364,0.23209805480889534,-0.06371748876266985,1.465743478246666,0.5217391304347826
2412456.734719557,0.19259204102938465,-0.10985454623699696,1.1203512229221346,0.5579710144927537
3315190.177856944,0.27087164306750244,-0.0659132315484481,1.7126827923329524,0.5434782608695652
3272956.7952900175,0.2676169988631263,-0.10064667479739432,1.6126553567584856,0.5434782608695652
4655843.998990992,0.3601903332832319,-0.08475067422431123,2.130742853787597,0.5797101449275363
4341288.216078711,0.3412932032264102,-0.10953352449546487,1.916301640581269,0.5797101449275363
2204365.3114468474,0.1712691744561221,-0.10024086524918062,1.319247554755687,0.5362318840579711
2084869.3995571134,0.1582859036688289,-0.05649883617843386,1.3998229191040972,0.5434782608695652
3222750.8345604795,0.2637039585180587,-0.07216996689780902,1.7480149964503588,0.5507246376811594
3252492.0374955167,0.2660278180409239,-0.1058203052533639,1.3880533327991336,0.5144927536231884
2625338.325698203,0.2129336807733988,-0.06208379763356336,1.4906596556491243,0.572463768115942
2224473.582028376,0.17339828865153772,-0.07728087306811626,1.1299944402140596,0.4855072463768116
3721392.0554537224,0.30059202070750257,-0.08528143695485145,1.7494890986479317,0.6086956521739131
2421649.579562727,0.1934995508665105,-0.05864906304204345,1.5986639033870587,0.5362318840579711
2488068.450383867,0.19997573690310322,-0.07661878136715485,1.3971572560912005,0.5797101449275363
3518470.1210624874,0.28608825898577916,-0.1049149228160733,1.6867342389052775,0.5797101449275363
3322983.909172855,0.27146862426858864,-0.07631625598135525,1.5097711749879432,0.5797101449275363
2862247.2843862344,0.23407464756839125,-0.07825894364189881,1.5445482382709292,0.5652173913043478
3288607.3033566396,0.2688269758917383,-0.0830209339560413,1.5266392434952234,0.5507246376811594
2817481.805453891,0.23019008961236453,-0.06067326048592216,1.487087984700654,0.5869565217391305
10000024.652333487,0.5848939738866534,-0.05228015044351998,2.4195474104273433,0.6521739130434783
3677374.6902498645,0.29750062744838024,-0.05839529747982823,1.6636193238093528,0.4782608695652174
1482947.3470790659,0.081994731987316,-0.11904286146351141,0.8118177963478533,0.5144927536231884
5469432.958341898,0.40471577848360263,-0.08885617774309953,1.8288870339607297,0.572463768115942
1594038.7600891644,0.09774072273782108,-0.11123463307312598,0.8500484695838797,0.5217391304347826
3744765.107111629,0.3022216646645195,-0.06231389887441557,1.7894171419052904,0.5652173913043478
1858878.1354758746,0.13200979272084967,-0.06604642492823858,1.2595140161286245,0.5579710144927537
6143911.068846387,0.4377685652710037,-0.08872131398866241,2.2479047011924482,0.5869565217391305
2815358.817726317,0.23000464273711851,-0.08110769349843754,1.3812288733124978,0.5144927536231884
4565970.498313212,0.354898057770904,-0.1008131616188636,2.1539699335919833,0.6594202898550725
6584910.168907348,0.45784036514471493,-0.09301263788755088,2.1154999776043537,0.5942028985507246
2654600.0108758705,0.21562554683288204,-0.06878671115107154,1.5118518595185926,0.5362318840579711
4267394.329384925,0.3366957128595711,-0.12665475766599338,1.6097646003716697,0.5507246376811594
4047240.015395538,0.32260996975266254,-0.08815223028285152,1.9978065014544228,0.572463768115942
4629637.81349627,0.3586556630192803,-0.04447999999999996,2.0152567594283806,0.6304347826086957
3342545.1081585437,0.27296204667213386,-0.08108526858528466,1.8546534760586546,0.6014492753623188
2244090.99604733,0.17546064319595445,-0.13521851653279157,1.2021883770716262,0.5
3064805.652996373,0.251067055764844,-0.11007734446470846,1.7953991574013317,0.6159420289855072
3328797.085040085,0.27191317075315635,-0.12878497684687615,1.518592138644384,0.5579710144927537
4907570.709700494,0.374590421005476,-0.055948599105997705,1.969990827754217,0.5507246376811594
3059417.587289804,0.2506268597104493,-0.08118768125243213,1.4645133535564672,0.5362318840579711
2234235.824772052,0.17442639196666776,-0.08506690078723875,1.1674521562037277,0.4782608695652174
3556574.85913479,0.2888619152091141,-0.05562311965433004,2.0407390081878147,0.6014492753623188
2647643.1518905056,0.21498772459149262,-0.09374679496590729,1.4629880011299943,0.5144927536231884
4140361.29071721,0.32864099354211995,-0.036762842271830035,1.8422968075846997,0.6159420289855072
3235679.54396309,0.2647162556305027,-0.07962695368661657,1.5502812286137113,0.5362318840579711
2560497.8683720827,0.2068822046820371,-0.052081506627669215,1.7133888694160777,0.6086956521739131
1872094.5247680068,0.13361492367219974,-0.10515753157618125,0.9536309846152555,0.5362318840579711
2198508.872744674,0.17064615908988756,-0.08639145712156578,1.264788349482452,0.5579710144927537
3656360.4084893647,0.296014318050017,-0.07258641137633774,1.862835585146868,0.5869565217391305
4413621.504102682,0.34573335664906524,-0.07535203709240029,1.7213493644053461,0.5579710144927537
2265242.91055894,0.17766822116885606,-0.07918922888759218,1.365712640259814,0.572463768115942
2237736.20184249,0.17479415631330797,-0.08572505850933172,1.4078345534803636,0.5579710144927537
2914842.2827780945,0.23857700321055897,-0.06137474689017254,1.451008041173425,0.5362318840579711
2351539.052077143,0.1865073670254378,-0.14203676185786676,1.136443735614391,0.4855072463768116
2751848.7232715776,0.2244044833626304,-0.10541887347172817,1.3187437808742055,0.572463768115942
3135366.3545419164,0.25677536368473386,-0.06250695842228303,1.5524600193971143,0.5434782608695652
1724238.7857779476,0.11511454870116555,-0.16433049776813957,0.8478184788888269,0.5
4011358.6304316823,0.3202564511512431,-0.16398876066207763,1.4980703464218643,0.5434782608695652
2712291.2869379427,0.22086393820741868,-0.06507080383297441,1.4734949421002397,0.4855072463768116
2979966.5697617964,0.24406272671576934,-0.10942829677360486,1.4930771725058658,0.4927536231884058
2184311.761977718,0.1691303235036774,-0.08848875659774774,1.3406250938808904,0.5579710144927537
2702987.091000342,0.22002518051147746,-0.05985260399865489,1.416596935611752,0.5507246376811594
4023393.7830482507,0.32104772685151306,-0.12225165235384079,1.5514467866801143,0.5217391304347826
2788418.6227671495,0.2276415953398494,-0.06924225992050956,1.5734764291546328,0.5942028985507246
6056095.3333857665,0.43363482021321964,-0.09204993153750016,1.9500704592844413,0.6231884057971014
3262413.605710475,0.26679926851902236,-0.06606165756738924,1.7571543185245242,0.6014492753623188
3207068.9795760163,0.2624717250407096,-0.06673492186877547,1.6081639158910437,0.5507246376811594
4638607.13898101,0.3591816995094623,-0.07746869571636612,2.098144345644005,0.6086956521739131
1788801.7841317214,0.12334315645170046,-0.060002007079914835,1.1550203503700633,0.4855072463768116
5360063.690172433,0.39905242965186805,-0.04524079298127509,2.074697387059013,0.5942028985507246
2178389.1706729783,0.16849563359273256,-0.10318177045910597,1.287668326712526,0.5652173913043478
2453289.815230486,0.19660212891824225,-0.06618684123489416,1.4736761299927081,0.5652173913043478
5447280.534944783,0.40357604807707825,-0.05433141120000002,2.1680836559523677,0.6014492753623188
2180255.597862104,0.1686957966305196,-0.09559981102748084,1.308063512888851,0.5652173913043478
5476896.210808706,0.40509892719635965,-0.0704795038569631,1.987198497922192,0.5797101449275363
1811253.604062653,0.12614899224151377,-0.10302076274611553,0.9558986623064469,0.5072463768115942
3471914.4639701233,0.28266665123992607,-0.049708262011615226,1.7581731116123847,0.6304347826086957
1560295.9534254293,0.09305344267373439,-0.1296831066699049,0.9341841534922735,0.5362318840579711
3454624.232049432,0.281386555511119,-0.07194934434114068,1.8760030104106706,0.6666666666666666
3789518.926047749,0.30531947040034013,-0.04474525978449006,2.0062168485296605,0.6086956521739131
2867072.6947748093,0.23449046803228302,-0.09868961451250735,1.5370078104435727,0.5652173913043478
2615475.1221467303,0.2120209275051741,-0.14003648038171468,1.205858326151759,0.5072463768115942
9804235.910349712,0.5786387192954683,-0.04967879940603883,2.2929087805334047,0.572463768115942
2139092.089371021,0.1642490609876177,-0.09169193648551831,1.075438831329561,0.4855072463768116
3857848.5316287465,0.30999317931789205,-0.049487432564184024,1.916644347464575,0.6086956521739131
3718332.2395897135,0.3003780748763012,-0.06070451606515264,1.6001151326825,0.5652173913043478
5978012.909131521,0.42991877886158414,-0.049639807999999896,2.139158693462394,0.6376811594202898
1578850.0675908397,0.0956407537262538,-0.15168846357991417,0.7454695016166899,0.5434782608695652
3093394.4715252137,0.25339241153682446,-0.13572218185939036,1.549622725631207,0.5289855072463768
1729047.5888115629,0.1157358540710387,-0.22228954314033633,1.0522542498137681,0.5072463768115942
3063377.050495813,0.2509504016560742,-0.09208061158532507,1.422116749706774,0.5362318840579711
2123998.3096345826,0.1626013779406621,-0.13686427105979249,1.0905996604044945,0.5
4101150.774616622,0.3261148769513089,-0.1267978943429056,1.9403440606771671,0.5869565217391305
3431620.3725426416,0.27967547712362273,-0.09037504812387959,1.7104355642758993,0.5652173913043478
2068479.6993306663,0.15645903269059724,-0.10144256752806521,1.0768367151661231,0.4927536231884058
3941212.1498185927,0.3156063547761816,-0.0929777201385748,1.8024984850270929,0.6086956521739131
2355883.471671119,0.1869454529501582,-0.12263158901121779,1.352653512707523,0.5072463768115942
2594234.196817066,0.21004587628266158,-0.10959179409025063,1.2067008985768464,0.5217391304347826
3169046.1533443793,0.25946386812309963,-0.10826014221923028,1.7775680079805065,0.5507246376811594
2830651.1446704017,0.23133796465775003,-0.12397756160329323,1.5627817076579404,0.5652173913043478
4813151.713595894,0.3692599649020485,-0.052206760698698264,2.030409095381255,0.6159420289855072
2555904.005616796,0.20644883315634432,-0.054192556659622616,1.7283237904858155,0.5942028985507246
2421245.1295944876,0.19345968191845264,-0.0716811405738935,1.5119000236030924,0.5797101449275363
3161272.437606156,0.25884536435334615,-0.09913758103751243,1.7149867334061142,0.5434782608695652
3973377.586671739,0.31774679173763376,-0.06626990544537961,1.7181819469964679,0.5434782608695652
2345932.651136435,0.18594106651177067,-0.08859579046127823,1.302865176581526,0.5507246376811594
4079060.252345161,0.32468318649449457,-0.08283892421785347,1.9629936853342365,0.6231884057971014
2924578.4303953326,0.23940331817735805,-0.09859456139029815,1.4529651058582935,0.5507246376811594
3980445.091267677,0.3182152376464411,-0.07890834030363009,1.883815081454582,0.6014492753623188
3201070.913358137,0.2619991402372204,-0.09434333446321683,1.5646281619826483,0.5507246376811594
2503239.0642328532,0.20143551434116214,-0.09759911254542797,1.4937435297631234,0.572463768115942
3016315.6272359695,0.2470829936346588,-0.08972346880178125,1.342207905085838,0.5144927536231884
4725626.589375999,0.3642434593211552,-0.08518309576033853,2.2979769504354732,0.6231884057971014
5185187.419663434,0.38980187012990375,-0.11554228156226007,1.8622003351326242,0.5942028985507246
3304988.317452996,0.270088505862097,-0.08755467379669438,1.5640067672774525,0.5362318840579711
3414737.564928128,0.27841384825832427,-0.11455804815855797,1.5911596469784348,0.5797101449275363
4203540.1936286315,0.3326712874138984,-0.07354357692608827,1.8590503359717732,0.5362318840579711
2448829.5525678764,0.1961667098866562,-0.06837085550750606,1.4291500281012877,0.5869565217391305
2476869.808428471,0.1988935835730059,-0.09520376294554149,1.273877406452072,0.5144927536231884
3376643.3486450915,0.27554868190096093,-0.0916655481391414,1.5812394249660415,0.5217391304347826
4938452.349930293,0.3763160470936471,-0.054672124699694256,2.028447249519722,0.6014492753623188
3749914.3876095526,0.3025795946963863,-0.08219506557770906,1.797689524107445,0.5942028985507246
3734271.2746807155,0.30149101059812433,-0.12011190328092237,1.7169896172562735,0.5942028985507246
6809749.860511482,0.46766261525382014,-0.08719588318895419,1.95029689211164,0.6159420289855072
5631901.547603702,0.4129637200790328,-0.06551263397816261,1.8801673079252492,0.5362318840579711
2346470.8111386285,0.1859954728043598,-0.11139713330295119,1.5199596056279523,0.5362318840579711
2918700.900494711,0.23890475106560083,-0.05056748649485636,1.8267065128033637,0.5869565217391305
5454512.201168701,0.40394852045745466,-0.06118243969508773,1.8912559543548162,0.5652173913043478
3133413.1612195666,0.2566187416589263,-0.0838480285726766,1.8008164237065347,0.5362318840579711
2848599.9293597266,0.23289556927562227,-0.09931448876184402,1.262850771417252,0.5072463768115942
4846237.630974369,0.37113728642233834,-0.07150805730962494,2.0138299506775903,0.6231884057971014
2250274.451880357,0.17610771242259116,-0.10529839747946304,1.209305029051471,0.5507246376811594
1945611.2128092924,0.14238163330757447,-0.08297954318219494,1.191201208402509,0.5217391304347826
2508571.8039371893,0.20194697090583702,-0.10195981078646274,1.4484147031228907,0.5362318840579711
4487832.290520458,0.35022866531266983,-0.06655736413055992,1.880718859988121,0.572463768115942
3631179.628322733,0.29422429074718925,-0.04459368023298396,1.8396774225772474,0.5652173913043478
2982739.017856191,0.24429412639135184,-0.15519405036982803,1.4401213943064,0.5579710144927537
3958686.663629379,0.3167709161480494,-0.09066817921161016,1.7553049232180484,0.5942028985507246
3629473.8142439807,0.2941026707116323,-0.0843941039979014,1.765444996321752,0.5652173913043478
3308249.4639722845,0.2703390550610312,-0.07474674378869357,1.64893504968209,0.5362318840579711
5250342.783636823,0.3932772046577391,-0.045850406206297115,2.306131143725273,0.6231884057971014
2661173.9651762005,0.21622703574641156,-0.08632281743204331,1.2988087097045975,0.5072463768115942
3590566.1462551877,0.29131616113929604,-0.08951770199097181,1.6791262068814232,0.5869565217391305
3789046.0406208667,0.30528689120597563,-0.07363298084663208,1.8269718792091616,0.5869565217391305
1913086.7458692228,0.13853643310299546,-0.10080970632532037,1.1167782563554327,0.5
5356552.9008328,0.3988691084821099,-0.03163637320000002,2.2837570519180557,0.6956521739130435
2467756.486909521,0.19801004755308194,-0.10182173416307932,1.3389372632738048,0.5507246376811594
1623432.983504639,0.10175967538733444,-0.1339283806917249,0.8420621812247227,0.5289855072463768
2845935.520389199,0.23266484767206141,-0.11151487158754553,1.4863591928525126,0.5797101449275363
4925135.187092866,0.37557296299169596,-0.05896568319999988,2.2432480252414697,0.6666666666666666
3816434.812117993,0.30716848795837715,-0.09968333875268368,1.5585640018333253,0.5652173913043478
3193298.010182233,0.26138566187051016,-0.06310461858789862,1.7085540521023308,0.5362318840579711
2720275.1064778543,0.22158183315207403,-0.10356816375277436,1.505887428757298,0.5289855072463768
2440510.4951261478,0.19535289014155843,-0.09280565361039683,1.488398170195418,0.5579710144927537
2212641.902709124,0.17214739456991301,-0.13024553940886716,1.2798873619013578,0.572463768115942
2861004.3041399587,0.23396744530522762,-0.1299674477629639,1.3655166904712783,0.4927536231884058
2784252.0537639963,0.22727449741783268,-0.09263720375841276,1.47413167346155,0.5289855072463768
3375488.253146306,0.2754614010105547,-0.09137511893016015,1.8809856438960861,0.5797101449275363
2714607.1694828575,0.2210723533089094,-0.09451947082217028,1.5983821033611478,0.5652173913043478
5168889.722764578,0.3889271051868646,-0.03805177843318379,2.1641607184952067,0.5869565217391305
7727902.509945491,0.50526279312771,-0.07519525483492906,2.0105293429175655,0.5797101449275363
3805592.8798470898,0.30642494772195694,-0.0646343651784769,1.6947887181771202,0.5579710144927537
3682777.337556836,0.2978816504880988,-0.1253329963788058,1.5321024049909948,0.5072463768115942
3085417.0508563896,0.252745279796047,-0.1568693906438015,1.4663866351653931,0.5579710144927537
3989150.6923689917,0.3187913455646816,-0.0961661698187376,1.8712261266073968,0.6086956521739131
4564187.417271078,0.35479221957035545,-0.06886453038008995,1.7405575391662267,0.572463768115942
3781887.7620982137,0.3047933276111956,-0.08949422007851104,1.9682187639175408,0.5507246376811594
4795960.2282884335,0.36828042727319144,-0.06971580708546048,1.867274714475465,0.572463768115942
3681505.349422805,0.2977919834768208,-0.059687167980339524,1.7407481554137092,0.5942028985507246
2787648.42128931,0.22757376937940377,-0.05107971041892043,1.6259106649982196,0.5652173913043478
2448357.4993340583,0.1961205900653158,-0.053115443425796396,1.5924263620557968,0.5434782608695652
4420592.393215178,0.3461581795333317,-0.06474146717434165,2.109437253211498,0.6304347826086957
2142284.544391895,0.16459636683046552,-0.05973177058564497,1.2907117868634457,0.5434782608695652
3128167.72663259,0.2561977356013001,-0.07387917242034016,1.475741343885031,0.5289855072463768
5341833.557364773,0.39809946782194006,-0.1098736581947602,2.1049582285812893,0.5942028985507246
6339601.210540292,0.4468129519406534,-0.05216741461173959,2.2620256292134435,0.6159420289855072
2801399.7890885896,0.2287825019827494,-0.08590009317223611,1.506326879803828,0.5072463768115942
2142461.802041728,0.16461563847984073,-0.12625462458319617,1.259421199654174,0.5362318840579711
2570772.408529357,0.2078492278776798,-0.11082573651862421,1.3575059821845836,0.5072463768115942
3180754.3540637093,0.2603931264057644,-0.11389575006955513,1.4789103000327366,0.5144927536231884
3263052.332852449,0.26684886834387544,-0.1143285984553551,1.5373976142328152,0.5144927536231884
3469507.9342648895,0.2824887878958995,-0.050654054580076824,1.8105444947999156,0.5869565217391305
2990152.446579484,0.24491203688498575,-0.12859254611320745,1.2813498245706425,0.4927536231884058
3558988.393073034,0.2890367951458199,-0.11584454489973713,1.634897517531142,0.5579710144927537
2964311.5839763447,0.24275285702206384,-0.051055697363652466,1.7555757036111872,0.5652173913043478
2355758.7822542586,0.18693288843484912,-0.07340491563117155,1.470847206002449,0.5869565217391305
3414809.8952347334,0.27841926403510997,-0.044861235233324054,1.8531724656405848,0.6159420289855072
4022394.2796722054,0.3209820846121545,-0.04081508200000001,2.0785081607737337,0.5942028985507246
4469696.96963638,0.34913564287977206,-0.04673996913340466,2.141807237349854,0.6086956521739131
3998876.967349427,0.3194338099273357,-0.10781300911733606,1.8939733008733717,0.6014492753623188
3480384.0412964937,0.28329184287077513,-0.08312752860659317,1.5191396790000564,0.5362318840579711
2759969.531666375,0.22512628451502348,-0.08807666150186774,1.50170168366844,0.5289855072463768
2935471.723034017,0.24032523652185067,-0.05111498602424301,1.3748279385797222,0.5362318840579711
2656873.434668957,0.21583369011598164,-0.08321920912002115,1.4092997144264328,0.5072463768115942
2883576.681143102,0.2359084483275815,-0.05500488933279086,1.4486219493415817,0.5362318840579711
3849579.3325603674,0.3094311098635403,-0.08599386498195807,1.6433692038639596,0.5869565217391305
5493519.308732282,0.4059508254595745,-0.07360527663981098,1.8628059235378456,0.5434782608695652
2950545.187336838,0.24159642675713178,-0.10256842483008638,1.6212254194645412,0.5652173913043478
3997661.9747600476,0.3193536225557163,-0.055378518012186316,1.7611982815558929,0.5507246376811594
5109067.710924765,0.3856971753676044,-0.05344194888096439,1.8690755147184808,0.5942028985507246
4725093.052460348,0.3642126525230476,-0.07239903453404346,1.8228204579661482,0.5797101449275363
1879117.908984718,0.13446422823536563,-0.07912825116870145,1.01734517732185,0.4855072463768116
3233457.3774753124,0.264542494143827,-0.06337031368393445,1.638514759011297,0.5289855072463768
3958868.102509875,0.31678298626530066,-0.08965497740944958,1.6917835014494251,0.5434782608695652
3058088.079374471,0.25051814572427356,-0.07972651825771608,1.762470197382209,0.5507246376811594
4148907.441429346,0.3291890328066782,-0.0449873821676367,1.9005106837069903,0.6159420289855072
4289110.525231034,0.33805340496390746,-0.06398252123068116,1.9993867342588387,0.6159420289855072
2938384.289223467,0.24057126828813402,-0.1102072083382888,1.4134277686454833,0.5289855072463768
3868446.5652970923,0.3107121355455753,-0.07435339819357419,1.697528864117583,0.5362318840579711
3090210.2841643016,0.2531342691888214,-0.07044804269390707,1.631731422019635,0.5652173913043478
3959123.2320081233,0.3167999578599128,-0.09117053921572504,1.8509090813507767,0.572463768115942
1986193.519364543,0.14710800933828394,-0.09072393419907711,1.2758795676109655,0.5072463768115942
2259539.7474158956,0.1770746240638168,-0.11115125206884631,1.2538926255459104,0.5
4011345.532492422,0.3202555889664831,-0.07672395458693781,1.8305169262926395,0.5362318840579711
2472232.8181279404,0.19844435320857445,-0.11399666420249896,1.2988078245651418,0.5072463768115942
4316417.812853147,0.3397528674216115,-0.04249986227861151,1.8349011833344122,0.6304347826086957
3251028.9341545748,0.26591389536869436,-0.08017872715467736,1.3869701024570575,0.4855072463768116
3250348.637442186,0.265860910964564,-0.06937154498001326,1.5037622007104599,0.5217391304347826
3024789.2720308523,0.24778288615229016,-0.11675512700351126,1.3381444214228657,0.5507246376811594
2468941.039518168,0.1981250373049368,-0.11419961414979457,1.1510662181501525,0.4492753623188406
2917860.677113256,0.23883341270912317,-0.09030370627368606,1.4526762844706405,0.5507246376811594
2452821.6834360273,0.19655645879322958,-0.0787718775243154,1.3442055019625672,0.5144927536231884
3774873.7640680885,0.3043089867073647,-0.10417892675858335,1.8851925075612836,0.572463768115942
2563217.393410504,0.20713846366237632,-0.0852605405933118,1.5176232615641667,0.5797101449275363
3999309.62145775,0.3194623596306363,-0.07265940197602291,1.5446058274908363,0.5289855072463768
3650096.8365069497,0.29556998290671466,-0.07510812424821353,1.6038610356755785,0.5507246376811594
3044965.2721944796,0.2494430590260499,-0.09907278463005174,1.4086242396224873,0.5507246376811594
3794887.1426139646,0.30568908303687925,-0.08261245463040401,1.8138656600592886,0.5579710144927537
2302513.0274548163,0.1815182091508314,-0.14589503661844527,1.2218756637134367,0.5289855072463768
3262119.774785097,0.26677644871400097,-0.07287368011097799,1.8535281593851658,0.5652173913043478
3212318.989321762,0.2628847908725913,-0.04389472682258861,1.731567809421208,0.6014492753623188
2292780.186536699,0.1805176483084996,-0.11761891144512979,1.200739473216396,0.4855072463768116
2015526.205656172,0.1504763351685312,-0.1431813050611024,1.1017967589586908,0.5217391304347826
2413207.406162129,0.1926662503089389,-0.11483364355143841,1.2304650717315013,0.5652173913043478
3820548.9114730214,0.30745019085073366,-0.07646150439210073,1.6039487990341688,0.5942028985507246
2490010.7451145123,0.20016302910646333,-0.07520034543794038,1.2902593690712663,0.4927536231884058
2090099.737654371,0.15886648264279257,-0.0892953539973013,1.3572892250494049,0.5652173913043478
2387908.7341790437,0.1901550529787921,-0.07702174260405842,1.2603228578417474,0.5434782608695652
2112218.7615635837,0.161308966296706,-0.17812284376266183,1.328736219911411,0.4927536231884058
3178616.2125984235,0.2602236305305181,-0.07617705061544987,1.6876260655670299,0.6159420289855072
4094120.78460479,0.32565993278793437,-0.04732014394042171,2.175549791949293,0.6376811594202898
2953520.840631503,0.24184675818842272,-0.10357906221385588,1.354464265335141,0.5144927536231884
4228551.599730672,0.334253426852404,-0.07589610137975572,1.9075378935202418,0.5507246376811594
4605969.324133838,0.3572636193607661,-0.06475922550003972,1.8469890288703998,0.5652173913043478
3848513.662879817,0.30935860450884767,-0.060505462058230645,1.9157492922328954,0.6159420289855072
2552500.293147774,0.2061273348460373,-0.10033314862825825,1.3804063031070315,0.5217391304347826
2692056.857703182,0.21903688263489363,-0.05336707406030682,1.5266205949202347,0.6231884057971014
3547798.3135568015,0.288225182513135,-0.07249591078747836,1.8430947233395163,0.6159420289855072
3315807.8516037823,0.2709189963420866,-0.08693945029318612,1.6676942973727926,0.5579710144927537
3882705.1690888605,0.31167693790159534,-0.06582562863561613,1.6220088975285418,0.5434782608695652
2415133.1529011596,0.19285653982607798,-0.08941120986365396,1.3964711238995617,0.5652173913043478
3199504.292331723,0.2618755902383676,-0.05713108479999992,1.8308755462159239,0.572463768115942
3656955.176685769,0.2960564789894218,-0.08313634329637433,1.761400730723568,0.572463768115942
2482406.1116888723,0.1994290587904961,-0.10279842676243102,1.5789066459973617,0.5942028985507246
3673765.5029427004,0.29724583903492596,-0.06270669220821609,1.8648756687967547,0.5652173913043478
2581921.935899382,0.20889511167094188,-0.10667127539308877,1.4166869814759613,0.5579710144927537
3363949.6867478653,0.2745882141167577,-0.07234301458046301,1.7081865736031745,0.5507246376811594
1814973.96751032,0.12661124065170815,-0.12366496065622996,0.8222238694559358,0.463768115942029
5625239.96165216,0.41262930244952223,-0.08439666437420833,2.1245297363791757,0.6159420289855072
2100105.878946458,0.1599739551401993,-0.10800019665966977,1.1641568726626537,0.5
3705215.1605413295,0.29945931448367236,-0.06677121079139464,1.7538195300705217,0.5652173913043478
2623143.7515441007,0.21273082970672053,-0.10534146119468184,1.5487089973438777,0.5579710144927537
1952957.1216458848,0.14324297560798516,-0.08183528991371494,1.2129214621601507,0.5
5044176.622587315,0.3821591622567806,-0.10754282532551913,1.7970295182432545,0.5507246376811594
3697772.2840757864,0.2989368349320358,-0.05408157254462503,1.8046519358990227,0.5507246376811594
3958061.6253561554,0.3167293324474916,-0.08713850648533021,1.6837988788711757,0.5507246376811594
3654745.573779965,0.295899820654125,-0.09446165875436438,1.8875454818510409,0.6014492753623188
5172784.060938903,0.38913633087328514,-0.06635642760982602,1.9660794594457447,0.6159420289855072
2862840.6968590403,0.23412581397663157,-0.04603376237662992,1.4902275163477297,0.5434782608695652
3426319.289263646,0.2792798703184689,-0.12456726673939988,1.5829641919781605,0.5289855072463768
2355279.448583881,0.18688458270735264,-0.15559855732775507,1.1140381884492305,0.4927536231884058
1858647.6570080798,0.13198172021645993,-0.1143244343703135,1.0572089448391135,0.5362318840579711
3888603.4341623057,0.3120752128721329,-0.059644102399999975,1.9073969970616407,0.5869565217391305
3604766.0874772347,0.2923359265181571,-0.07799372771372406,2.0823594449702596,0.6376811594202898
2442126.079688244,0.19551110970364793,-0.08817393313528066,1.2708112570444239,0.5217391304347826
2047028.7792666322,0.1540504367626212,-0.08149562450476062,1.1552763983229692,0.5362318840579711
1768414.4800338976,0.12077081271828027,-0.13002164658434878,0.9321544814182304,0.5072463768115942
6928589.864526271,0.4727497945943193,-0.04303012453306145,2.529856230888982,0.6739130434782609
4949486.66507571,0.3769305371819127,-0.07291842386424369,2.0003628210513495,0.5797101449275363
3795740.3988804016,0.30574779293604526,-0.04448000000000002,1.7878871015810123,0.6086956521739131
4226522.395442232,0.3341253455192075,-0.12171686826668959,1.7596041228061314,0.5797101449275363
3302678.7373385867,0.2699109444806951,-0.08384900156567952,1.8686724790419709,0.5869565217391305
5685409.280522572,0.4156384397869015,-0.0602158188610363,2.190249779399516,0.6521739130434783
2357945.0854576435,0.187153117466744,-0.08435036726799613,1.3084795225111903,0.5362318840579711
8160961.928829054,0.5217673795506121,-0.07963734175371129,2.287567507191991,0.6231884057971014
4221216.147573329,0.33379018782396264,-0.07968179275332883,1.9532239414280586,0.5869565217391305
2264423.1970551815,0.1775829773037898,-0.11066990826393197,1.338410068731731,0.5579710144927537
2904619.7744509564,0.23770703073187716,-0.09153596416996487,1.7013214060781783,0.5869565217391305
2931199.6024047327,0.2399640062414805,-0.08191617092992022,1.5871179269432232,0.5942028985507246
5093591.428908328,0.3848566512778282,-0.12919768293436013,1.7842357726026112,0.5
5213334.927249975,0.39130749714015156,-0.08166113730738851,1.8616329006027572,0.5507246376811594
3508710.849957037,0.28537401487962955,-0.08751453908187862,1.6536801039547833,0.5507246376811594
3322826.7540940605,0.27145659763605456,-0.10105996264648569,1.6650004140424821,0.6086956521739131
2845663.525060636,0.23264128481225188,-0.08043209161197362,1.4531546942048683,0.5942028985507246
3181648.4190813876,0.26046397417327594,-0.09821465072413385,1.7644097920490027,0.5652173913043478
3923071.004004706,0.3143929884239123,-0.06564127890531729,1.9582298451920819,0.6231884057971014
2086449.92946961,0.1584614686832091,-0.08992741936823215,1.100798475073183,0.4855072463768116
3759628.8576925867,0.30325378494036825,-0.0628530161759671,2.0441336242958097,0.6086956521739131
4243628.325149713,0.3352035178683108,-0.04896577759891194,2.3061837532095737,0.6811594202898551
2472623.188229486,0.19848219813113266,-0.08778286072092678,1.3140359423882144,0.5
5239658.651845778,0.39270969546771606,-0.043198836584005924,1.9517453878407092,0.5942028985507246
2308393.4774983744,0.18212109580980318,-0.07313818669635895,1.5321754374970606,0.5869565217391305
4507851.720048478,0.3514311480565324,-0.056051627427672966,1.978993925902461,0.6086956521739131
2916292.061038461,0.23870018688201555,-0.06475334363238232,1.419211029493688,0.5434782608695652
3139980.1153872367,0.25714502070684775,-0.12353627625647244,1.6210570002114533,0.5362318840579711
7112103.343951658,0.48047000129820816,-0.05410032538323672,2.0405412513951426,0.5797101449275363
2486511.723425247,0.19982553988830176,-0.06890663168100296,1.6526544476695313,0.5652173913043478
2100181.3574306364,0.1599822929881194,-0.13288264586678955,1.1543964987003177,0.5
2804225.7242841786,0.22903031091256176,-0.08692301130296352,1.3809039032025552,0.4927536231884058
3225368.25412973,0.2639091601993011,-0.08348289621068357,1.705647060096865,0.5434782608695652
3235409.818088762,0.2646951696071018,-0.06574528798636523,1.6809381250720015,0.5797101449275363
1611035.702604047,0.10007180301585383,-0.11354838649014554,0.8180516120350422,0.5144927536231884
4303591.512297362,0.3389557001742034,-0.07970231260258179,1.7175298599661188,0.5362318840579711
4494925.763208818,0.35065523029096224,-0.08166476491616159,1.9859802738685783,0.6521739130434783
2324846.491633519,0.18380141946779305,-0.08152077665900948,1.4251528738942905,0.5579710144927537
5084579.069324561,0.3843662441114959,-0.04714887860079488,2.0473498812818978,0.6304347826086957
3762598.257827418,0.303459585039179,-0.05979498970611318,1.749784887551199,0.5289855072463768
2311943.812971111,0.18248449545654588,-0.13097675451426238,1.2924170829521138,0.5797101449275363
3768848.4350424893,0.3038923416093209,-0.08474215618557311,1.5490351794022976,0.5507246376811594
3901123.1170304334,0.3129189940228658,-0.08863019801800524,1.9672286973386977,0.6304347826086957
1533628.113940662,0.0892912429434578,-0.08635233013045521,0.7004351615134305,0.47101449275362317
2804948.7534110914,0.22909368192235657,-0.0682131210524463,1.4452666330800223,0.5217391304347826
2174019.5719179586,0.16802648338050874,-0.05540644036031808,1.4740400945529615,0.5507246376811594
6435694.76214996,0.45117265949646557,-0.05814114949697668,2.1028320580414164,0.5869565217391305
2646556.989134393,0.214888021501219,-0.09133099171831258,1.6237477742312951,0.6304347826086957
3356528.5131627335,0.2740253461050042,-0.09440566826138376,1.4621678876445539,0.5
2979302.7143713958,0.24400729311738112,-0.08705257467359657,1.6474988964357644,0.572463768115942
3983390.509829238,0.31841026844402265,-0.04979746454738735,2.1556260045363334,0.6376811594202898
3339779.598213018,0.2727513356883793,-0.10675028120832233,1.618597785135091,0.5507246376811594
2904627.8225251315,0.23770771661489953,-0.05210337715859458,1.5356929408953761,0.5434782608695652
2968432.1946807974,0.24309816861175348,-0.10656638503261995,1.6066780062013444,0.5217391304347826
3846222.920129689,0.3092026940259922,-0.06091390623399197,1.9403475584096201,0.5289855072463768
2977655.3077894147,0.24386968781619855,-0.07600091410975349,1.4570912085900336,0.5579710144927537
3467034.630794353,0.28230588652196476,-0.11459429757124368,1.5724613508231402,0.5869565217391305
2581732.485289034,0.2088773704189042,-0.06459289122910661,1.4589973898175697,0.5289855072463768
1405313.3163201264,0.07042102862241206,-0.18491187945459592,0.6536348052439134,0.43478260869565216
3797729.233753061,0.3058845974783144,-0.0697617009689411,1.7547490250274416,0.5579710144927537
3745905.5002170135,0.3023009681029152,-0.09535495433716319,1.6835724591991823,0.5652173913043478
3012227.860606409,0.24674479627272983,-0.08517267577168432,1.5760383065457393,0.5434782608695652
2036800.7013701063,0.1528948711942102,-0.06693730405712638,1.175682650267033,0.5289855072463768
2201530.396712447,0.17096775820338372,-0.08155483697835045,1.362072231995153,0.5144927536231884
5012144.767375218,0.3803992710278492,-0.06233185708622378,2.1797223523832776,0.5869565217391305
3469915.3136784155,0.2825189036935072,-0.12199010716471567,1.5919855954668565,0.4927536231884058
2005029.1878702668,0.1492754767811877,-0.08986110420420061,1.2065068149287923,0.5289855072463768
2521084.9735289644,0.20314368743069844,-0.12768522668680296,1.288023463213304,0.5144927536231884
2036432.7508579704,0.15285321381311956,-0.10889113748372765,1.2569814898418572,0.5217391304347826
3393957.0699036503,0.2768540811187623,-0.08243389738623802,1.5757375561295548,0.5289855072463768
2297345.491389946,0.18098739552706244,-0.05054292910672631,1.7431937314702513,0.5942028985507246
2170949.1728111,0.16769637271971582,-0.08852804167609035,1.3228444996592361,0.5579710144927537
2941446.810990952,0.24082975684617325,-0.07012670991938581,1.4939029788466553,0.5652173913043478
3057201.3620189703,0.25044561774303187,-0.06259574487123355,1.4137408652161387,0.4855072463768116
2814131.6391113754,0.22989739540291998,-0.06307017617671691,1.5272524151198148,0.5217391304347826
1955833.7315030834,0.14357956549732132,-0.07041200217761355,1.2777988667040971,0.5507246376811594
5843907.09302642,0.4234448994434872,-0.058153491200000004,1.919815431765775,0.5797101449275363
3571434.7038343595,0.28993712719463605,-0.08412465491661453,1.7855745532158849,0.6014492753623188
4164767.7451172634,0.3302037182456292,-0.07454912872450285,1.9320558272955857,0.5797101449275363
2780648.5962848878,0.22695665818382404,-0.11242645597517306,1.669657625260886,0.6231884057971014
3847472.9824426863,0.30928778385362365,-0.07690495781194787,1.8913898023521702,0.5797101449275363
5107681.701927129,0.3856219836768393,-0.10268769148868087,2.1104397133716146,0.5797101449275363
2893290.396668015,0.23673999334889806,-0.06890583944442809,1.7076680995659104,0.6231884057971014
4197769.512538046,0.332305184218292,-0.0956433991062145,1.9004569425354374,0.5579710144927537
5205828.928280184,0.39090663388166136,-0.04739813661182502,2.1169239846228383,0.572463768115942
2417011.742916779,0.1930420527023522,-0.17489619661467176,1.2781235984585866,0.5072463768115942
1637411.1618666844,0.10365046170876036,-0.07243233186857875,0.8574823986240679,0.4927536231884058
2384751.3651069007,0.18984015419467348,-0.11685482466925938,1.2578449633791937,0.5
2574859.148100189,0.20823300587481897,-0.1169695797750681,1.4333798546670995,0.5289855072463768
3246616.8954994953,0.26557010910446377,-0.07851116163434448,2.0029589706879514,0.6376811594202898
4350694.299730532,0.34187392468710787,-0.05389187199999994,1.9281526962636844,0.6304347826086957
4178622.4516174737,0.3310875662096633,-0.08350053414240874,1.860895844218801,0.5434782608695652
2618557.7606732887,0.21230649414595848,-0.07182815530773745,1.4989692497013203,0.5942028985507246
3366522.466592242,0.2747831178719782,-0.09018513364922974,1.7579693206321947,0.5942028985507246
1896211.5629660003,0.13652072083378286,-0.08859505986248166,1.298115639602426,0.5434782608695652
4392869.933907927,0.3444655202940512,-0.09274028192449045,1.89351356108734,0.6014492753623188
3454921.8100735666,0.2814086302327705,-0.12220033243371069,1.7219721965999255,0.5942028985507246
2207368.023927611,0.17158809345085957,-0.09441294960083231,1.0725791273550525,0.5
7114074.819183768,0.4805520694635743,-0.0661000121015535,2.18085264565071,0.572463768115942
4200193.674788585,0.33245902678309136,-0.08559986761311185,1.7971604570366775,0.5942028985507246
2918134.3584461277,0.2388566511634218,-0.0832827586632733,1.5563158944688027,0.5942028985507246
3100938.7568437504,0.2540031799934366,-0.06316462768320569,1.660969366235585,0.5507246376811594
3447983.251528727,0.28089352277909163,-0.1143538906264777,1.8717781848439763,0.5797101449275363
3269012.5719211116,0.2673113317417486,-0.05960615243845078,1.7168162172293722,0.572463768115942
3750997.6164261526,0.30265484061399306,-0.08086483315642433,2.0509356100101463,0.6376811594202898
2938194.5278104707,0.2405552446087884,-0.0679390478209831,1.5290654968281805,0.5579710144927537
3366426.632604448,0.27477586000026766,-0.10597297583070457,1.7641191852773321,0.572463768115942
3508419.959173656,0.28535270130491974,-0.06355579383801324,1.9082258733091555,0.5797101449275363
3298370.2797865947,0.26957944298748515,-0.08763373412144254,1.7403797927276572,0.5869565217391305
4346805.586430691,0.3416339616261854,-0.11286489053807792,1.7530876158630413,0.5362318840579711
5227094.30149958,0.3920411289834418,-0.04099631130457015,1.961856995519494,0.6304347826086957
1893864.32770801,0.13623921180570675,-0.08029497483447198,1.1077506362620948,0.5144927536231884
2685248.462730785,0.2184196524668709,-0.06533403342206494,1.8194945134992393,0.5579710144927537
5430815.1061309045,0.4027265058348928,-0.06401076899866552,2.0476293365982468,0.6304347826086957
3546593.2732525957,0.2881376592617535,-0.16980394845480634,1.6307497049189297,0.5217391304347826
3705649.2314310838,0.2994897597348236,-0.08279344900921291,1.5820841962798704,0.5144927536231884
5468833.574569329,0.40468498915830464,-0.11725493462076399,1.9182601271256574,0.5652173913043478
3614001.268735473,0.2929974254540577,-0.07238400653257712,1.742177512072936,0.5652173913043478
3422030.371378231,0.2789594404264273,-0.10184822221036725,1.793949928238654,0.5652173913043478
2341077.6928406376,0.18544979353234292,-0.11062548856208854,1.233110002906574,0.4855072463768116
3833056.1083830763,0.3083051028666919,-0.0850320426630938,1.7836516543945746,0.572463768115942
2590040.687674789,0.20965442182963434,-0.12024188395109656,1.3181357363594328,0.5507246376811594
2039618.5864069245,0.1532136975643208,-0.13728008539261993,1.2551104768310288,0.5217391304347826
2913231.6140415277,0.23844009162835378,-0.0663849659633921,1.3760765314391594,0.5434782608695652
3373866.018866818,0.27533878200415085,-0.09463154609283887,1.663426188007343,0.5797101449275363
3520694.5552977207,0.28625083507517,-0.07144827924736,1.8768999136227675,0.5579710144927537
2364622.9055932164,0.187824772606634,-0.07781029144012237,1.3493315754636943,0.5144927536231884
1753845.9966873713,0.11891807927253129,-0.11949226155220813,1.1701944665132842,0.5289855072463768
4864389.161407922,0.372162867014906,-0.07425360155479468,1.9810598562988924,0.644927536231884
3685462.3927036296,0.29807084834726716,-0.10295180563300169,1.5485280509502144,0.5579710144927537
2208155.3900265545,0.17167166240242349,-0.1195464868566088,1.1783464816318439,0.5
4029730.6497562598,0.3214635963810937,-0.10555960075867428,1.8719750729784996,0.5797101449275363
4622617.5211555725,0.35824336508193455,-0.0755971025341687,1.9589520818365538,0.5797101449275363
3287003.9036404314,0.26870322540972325,-0.11092339074853778,1.452740325353002,0.5217391304347826
2118773.1684151855,0.1620288028238821,-0.12497924602077892,1.2318335980870647,0.5144927536231884
4354184.118393627,0.3420891268847783,-0.06766310839128498,2.130971384663592,0.6304347826086957
2075361.5289050322,0.15722751824338665,-0.12801603929385613,1.274738390000748,0.5579710144927537
3674796.3781001237,0.29731863347060417,-0.13851344194746137,1.6049211116837152,0.5217391304347826
3925659.7613662574,0.3145664110686437,-0.06939553407608176,1.6945409715738942,0.5507246376811594
3131452.081914771,0.2564614086776926,-0.14467250631138184,1.4589386237338162,0.6086956521739131
5100445.256882212,0.3852291375617434,-0.06106382150046936,2.0039389874264124,0.5869565217391305
2672216.094426493,0.21723467386327489,-0.0754699203081137,1.3796774253417572,0.5217391304347826
2970825.5516158408,0.24329855847235438,-0.08242475984284495,1.4638913563433409,0.5289855072463768
3456579.416074795,0.2815315657568731,-0.09002285594807051,1.6727493322486118,0.5289855072463768
1840083.1618945228,0.1297113453014016,-0.09641001319037305,1.0143975224245998,0.5289855072463768
4398465.314296051,0.34480784620880667,-0.07840535281519576,2.0341512434832687,0.6014492753623188
2295920.2603719607,0.1808408265660264,-0.09239863706535151,1.337786749408241,0.5289855072463768
2922594.3543002396,0.23923510671484483,-0.051903740807239,1.955432110562011,0.6014492753623188
2486816.7516621924,0.19985497572072086,-0.061175345638618685,1.375270678518164,0.5217391304347826
3621423.6489356733,0.2935280973222898,-0.0839331366741237,1.9186684132690992,0.5942028985507246
1984636.166756133,0.14692806592474827,-0.1986335955947367,1.088008012201742,0.4855072463768116
1929712.8370360883,0.14050852847067863,-0.07831386438832624,1.1727237150422052,0.5579710144927537
2413765.515785859,0.19272141149743538,-0.13310597595071527,1.3189859087357827,0.5
4106759.044476561,0.32647736766298996,-0.06376683286129671,1.704667979525091,0.5507246376811594
2662280.4641559976,0.21632815880152578,-0.07935174980666058,1.5806026607688297,0.5434782608695652
2652389.896836963,0.2154230631254035,-0.0917773290259444,1.4480483833541038,0.5579710144927537
2842554.1585248536,0.23237179337100233,-0.09576063907942255,1.5210200204356528,0.5434782608695652
3313154.300320193,0.2707155147800968,-0.12257360033537569,1.4590740323010256,0.5434782608695652
3508363.1224308335,0.2853485367103059,-0.08486044009369235,1.5078611044050059,0.5507246376811594
2737792.527697285,0.2231510902745828,-0.06650974386250688,1.635881486221543,0.5362318840579711
5012031.895027848,0.3803930537170257,-0.06524184911806198,1.8350448047401444,0.5217391304347826
2585864.995372918,0.20926412639989023,-0.09591810521648443,1.3128229849903068,0.5362318840579711
5619296.496105253,0.4123306675735119,-0.04935442748247516,2.1366211327224165,0.6231884057971014
2803408.0340092336,0.22895862742711648,-0.13969591734200026,1.4246015495624937,0.5507246376811594
4276887.327882023,0.33728989157158673,-0.08216084898501802,1.812947805984519,0.5362318840579711
4553830.282878712,0.35417679703715144,-0.06198044575929812,2.0867096661667177,0.6086956521739131
3655783.637608031,0.2959734276340178,-0.0674194902251626,1.7612277452348355,0.5869565217391305
3379295.418191735,0.27574898623814526,-0.04205466236476199,1.8357441844458564,0.572463768115942
3102041.0095950235,0.25409231635348717,-0.189421816765653,1.3943102088536654,0.5144927536231884
4874622.722709663,0.3727397251028295,-0.07314674555120326,2.268239965813088,0.6594202898550725
4626943.597028454,0.3584974923372428,-0.07013554516620793,1.7185147356957524,0.5652173913043478
8322550.060675205,0.5277464499974729,-0.0665175629004801,2.2819526811715267,0.6086956521739131
7186885.719601346,0.4835703592160101,-0.038485274129641714,2.332576055570701,0.6014492753623188
2849642.6304402645,0.23298581384430195,-0.08818865868473176,1.451387109840555,0.5072463768115942
3129986.546878616,0.25634378062679763,-0.11240787717855356,1.6591301805289622,0.5797101449275363
3712814.4355351683,0.2999919074329589,-0.05847626266875297,1.7892427461911116,0.6159420289855072
4111612.839911673,0.32679077334503037,-0.13187770965536438,1.7015248926774569,0.5362318840579711
1754198.4142930359,0.1189630427118109,-0.2179822639788155,0.8246306749158024,0.4782608695652174
8100450.507469257,0.5195039541891415,-0.08240913829506995,2.3804031863689,0.6376811594202898
2576068.2329347506,0.20834645533404972,-0.09771285523444383,1.4162334263672902,0.5217391304347826
2860987.9555954267,0.2339660350579369,-0.06448989819867419,1.5390081057180611,0.5797101449275363
2064948.3807869803,0.15606390027919725,-0.12031408903157895,1.0697490148037296,0.4782608695652174
4422148.536589062,0.34625294150364283,-0.09837274826705825,1.9702760229642906,0.6304347826086957
4455615.784937991,0.3482845152441756,-0.06802982296818026,1.6688533431192523,0.5797101449275363
2846743.458911849,0.2327348284804709,-0.08690931813540823,1.7084669254942617,0.5652173913043478
3564150.9395675827,0.2894105448618478,-0.06611602993803699,1.6124064265362246,0.5579710144927537
3708262.0126940203,0.2996729570699972,-0.10386681227035528,1.5903338396275666,0.5362318840579711
1981605.9608518993,0.1465776185470551,-0.0811820480847349,1.1132721681665814,0.5
2465412.263030542,0.19778235316655834,-0.13598961995323522,1.5165260656230273,0.5942028985507246
3847761.119722159,0.3093073937805173,-0.09214078678653456,1.6259507198723295,0.5434782608695652
6690326.044775975,0.46247838688808596,-0.0654591605254583,2.2280872263430886,0.5869565217391305
4966217.074988427,0.3778601498571763,-0.04478105236347318,1.8311029913213457,0.5362318840579711
4095583.088142801,0.32575461686873863,-0.08531157214667401,1.8844176394835925,0.572463768115942
3726728.042326081,0.30096478256009584,-0.07965195920269912,1.6910118493256716,0.5652173913043478
1869427.629626653,0.1332917608974573,-0.10955964491176542,0.9625987438751656,0.5072463768115942
2522176.0245231516,0.20324780640737194,-0.09589633171516988,1.3890702949013178,0.5507246376811594
2234560.0094651333,0.17446047153514455,-0.05073363492248843,1.5523275722165943,0.5797101449275363
3051562.422088836,0.24998399320757492,-0.1104734181622278,1.5008020575521075,0.5434782608695652
3536911.0724241417,0.28743356672365117,-0.055573587199999934,1.795223205109747,0.572463768115942
2099647.106043277,0.159923270921706,-0.07408390486651284,1.377819300012288,0.5507246376811594
4076542.091498499,0.32451959051150814,-0.07161504368034281,1.6402856025600836,0.5652173913043478
5299165.686477051,0.3958588349123764,-0.13680040370298502,1.846163002967704,0.572463768115942
4003262.9176146723,0.31972311284592014,-0.06136369999413533,1.6952608399070281,0.572463768115942
3844513.2184361545,0.30908628142034256,-0.08920169624120738,1.7256502785675638,0.5797101449275363
4261215.056628467,0.33630837599441055,-0.06403076801804786,2.025593020105867,0.5942028985507246
2631837.434988273,0.21353361825296102,-0.14663568004476046,1.2288114983060485,0.47101449275362317
4953364.113956246,0.37714620825594336,-0.046258818066280065,2.301757870444316,0.6014492753623188
4058120.540759843,0.32332034230855555,-0.07442383997294762,1.914830267645769,0.5579710144927537
7300578.770965953,0.48823480904803906,-0.053511426581800144,2.215853871677111,0.6666666666666666
3007565.0789428432,0.2463585770441601,-0.10860703865684114,1.6270855727853704,0.5579710144927537
3738676.736888091,0.30179794950326033,-0.04239049952740331,1.826301447666759,0.5652173913043478
1850452.4869563254,0.13098172568887012,-0.0597246073598581,1.1386440397397242,0.5507246376811594
2445355.5989289405,0.19582713642103466,-0.10671684656292846,1.2819926979675922,0.5362318840579711
2329201.36017759,0.18424458345178119,-0.09881244000554408,1.2820935208997706,0.5434782608695652
1560682.4810595845,0.09310759310603811,-0.1474504499430678,0.7759704777366008,0.4855072463768116
2840693.203417358,0.2322103899807495,-0.07538978956363439,1.392711564356937,0.4855072463768116
2444337.208249374,0.19572751719754677,-0.0631836353121269,1.751622734590502,0.5942028985507246
3413008.667914425,0.2782843686950194,-0.09902613423039645,1.5910527676192365,0.5652173913043478
2730415.424679085,0.22249121172305686,-0.09697322553360939,1.32275511033157,0.5434782608695652
2055764.7464144526,0.15503377228421633,-0.06981973912807478,1.291934254060916,0.4927536231884058
3085168.752457002,0.2527251162553654,-0.08648622367598112,1.5046630204360703,0.5289855072463768
3728616.80544556,0.30109662562902684,-0.06073656905105276,1.7610090729650576,0.6086956521739131
5223465.113213699,0.391847775556309,-0.07607132169164961,1.9525186980490068,0.5942028985507246
3837076.160218761,0.30857941397273403,-0.110998664923615,1.7496456001370895,0.5652173913043478
2524809.328098576,0.20349895417020747,-0.15406111369592382,1.3457822888641935,0.5289855072463768
3145508.4160375483,0.2575873793281196,-0.0831350092016784,1.4479516085208084,0.5579710144927537
2331528.0504263295,0.18448108254293127,-0.11656039456438583,1.1905554392951072,0.5
2454706.658233656,0.19674031119279056,-0.08926013101266177,1.2422730061954934,0.5217391304347826
2677110.1481271987,0.21768021062259124,-0.08525972642532503,1.5787339279829304,0.5942028985507246
3281956.19469446,0.2683133273626195,-0.06946929730331348,1.4884795298313875,0.5797101449275363
2047501.6827767051,0.15410375346074456,-0.05796478141788626,1.336231653799862,0.5289855072463768
2906243.569681062,0.2378453850543596,-0.11781211265411128,1.5843706343767514,0.5434782608695652
2319060.5272156205,0.18321159457149272,-0.06886216046042787,1.3804092429527037,0.5144927536231884
5442961.210966176,0.4033533893240695,-0.06667327482255944,1.9603063909328016,0.5797101449275363
3073014.273523457,0.25173649790001673,-0.07183802814931209,1.352667109846585,0.5072463768115942
7124495.817702536,0.48098557062654623,-0.09288799548638184,1.9993781121348622,0.572463768115942
2186818.0226721517,0.16939849048817002,-0.10029150964780505,1.332929189489336,0.5217391304347826
4763542.148087926,0.36642563936988837,-0.08699955871642302,1.8365528880316342,0.5942028985507246
3087315.7499987646,0.2528994243459044,-0.05712409529686,1.6109951062333205,0.5579710144927537
2484560.2937162835,0.1996371546465503,-0.09262355445609284,1.4589002836565919,0.5869565217391305
2712727.6427357825,0.22090321841166438,-0.07701192784623634,1.4883710265149608,0.5507246376811594
8270826.318913407,0.5258427560533374,-0.06296782247723133,2.474738850558238,0.6811594202898551
2430612.870491176,0.19438174956823873,-0.09379034981035358,1.3218348919432623,0.572463768115942
2030124.2246389077,0.1521380580113505,-0.09329143437363105,1.02175661702295,0.5072463768115942
2640126.7328992076,0.2142970918773619,-0.11212228379693037,1.2778651496997953,0.5
4193685.9665775755,0.3320458728068749,-0.0700580745213235,1.8255940867574956,0.5869565217391305
3273411.319241249,0.26765220435592174,-0.05804705401171208,1.6964117722085053,0.5434782608695652
2684889.4955904125,0.21838707477331587,-0.07668405248099766,1.321254347410102,0.5289855072463768
2133907.474767521,0.16368414437588852,-0.09981150793482257,1.101951550781326,0.5579710144927537
2500556.1996237454,0.20117787442253454,-0.06533609030191227,1.5002698099438059,0.5362318840579711
2242418.7295257645,0.17528540345148813,-0.07447523591891252,1.385666105660014,0.5362318840579711
3536422.0599945323,0.2873979647068545,-0.05718340173450587,1.7144608132197503,0.5652173913043478
4250351.626559961,0.33562633020802335,-0.10313807517318539,1.6186511048962926,0.5434782608695652
2547467.710860721,0.20565135231148912,-0.09161997056287721,1.3490998031527797,0.5217391304347826
2550180.234504672,0.20590799664690196,-0.10179676949292181,1.4148586056048187,0.5289855072463768
3782099.1707427558,0.3048079149516161,-0.048368966399999956,1.732122512522894,0.5942028985507246
1517708.5547401244,0.0870203546830377,-0.0877134510581471,0.8476398158618975,0.5
2614068.5193564133,0.21189053445604644,-0.09551217808616326,1.4477874741055834,0.5144927536231884
3098673.110488611,0.2538198833436722,-0.08244346458534837,1.567354534787982,0.5652173913043478
5151069.309872315,0.3879680807211101,-0.061518006826034026,1.8956587522751138,0.5579710144927537
3573181.009110085,0.29006324925734517,-0.062422736898106394,1.8717542092815405,0.6086956521739131
2956286.9367220993,0.24207927940882246,-0.09326777370027438,1.5191988088911803,0.5144927536231884
3843775.6998095503,0.30903605141433177,-0.0797922027523747,1.6132172988978986,0.5434782608695652
4866111.697578955,0.3722600329846699,-0.07255381214586926,2.0829285521355203,0.5652173913043478
2227988.388801347,0.17376886298551475,-0.06089607666833266,1.356586323550885,0.5434782608695652
4358711.638981266,0.3423681141885224,-0.06944520900870294,2.3865623039488617,0.6376811594202898
4062798.5680060503,0.3236252951090961,-0.055198468644299885,1.848909589782762,0.5434782608695652
3732369.5733431624,0.3013584250765551,-0.0795643025003363,1.9208471797768454,0.5797101449275363
2916893.716764544,0.23875129353046254,-0.07927606142474328,1.6146829803111733,0.5942028985507246
2078791.0876046577,0.157609732027725,-0.12584681568001224,1.0416348566161222,0.4855072463768116
4609619.258063373,0.3574786600033555,-0.07072388405062417,1.9314143363234262,0.5652173913043478
2726185.872813217,0.22211223666145252,-0.08659923970158237,1.4699454235190412,0.5434782608695652
4042860.2905482384,0.3223235930232602,-0.09467415837102179,1.640727545592006,0.572463768115942
5127127.056418048,0.38667541553325635,-0.0742462921574274,1.8456253516405214,0.5507246376811594
5123612.223375307,0.38648524003848084,-0.1189671333581322,1.8337139788733943,0.5797101449275363
2463619.4192299913,0.1976080973947214,-0.08448446518587736,1.4691652908075987,0.5507246376811594
5048348.501087216,0.38238771465902,-0.06738451816138474,1.794171021786491,0.6231884057971014
1804058.824562195,0.12525289482293656,-0.1841758197935315,0.9007148123256046,0.5289855072463768
3489250.654257395,0.2839450394469969,-0.07127067641070112,1.681877906471791,0.5289855072463768
2214343.512344831,0.1723276247309864,-0.10885771997277875,1.107257697893004,0.5434782608695652
2433666.892803758,0.19468174276300387,-0.14149351576661437,1.2317054095394582,0.5362318840579711
2391708.354614729,0.190533565097462,-0.10168009175470012,1.1535759542839603,0.4855072463768116
10893085.030463722,0.612241807372788,-0.060581282646077254,2.3059818613846295,0.5869565217391305
2423222.8748786687,0.19365458894392718,-0.0696030465180435,1.5794828436962256,0.6014492753623188
2066237.874910842,0.15620824920262688,-0.1199382565365173,1.0237384255531856,0.4855072463768116
3198716.9661653666,0.26181348027466633,-0.08271301927118603,1.443122878405812,0.5434782608695652
2510165.024361933,0.20209960597569143,-0.09454537627590401,1.4514243426478737,0.4855072463768116
4752556.323923796,0.36579479877485976,-0.05228756566533645,1.9316970990205602,0.6014492753623188
3267998.7865489544,0.2672327183338188,-0.0552046890561725,1.8923597449219678,0.6014492753623188
3833086.112565909,0.3083071510758226,-0.09695862430578299,1.8285653680526388,0.5362318840579711
5437639.408207986,0.4030788588905889,-0.1536701320833611,1.8298114058972652,0.5434782608695652
5410102.7443296835,0.4016549096627451,-0.07768403736610494,2.2798870048417768,0.6376811594202898
4541549.179348403,0.3534455991688883,-0.11498844816187175,1.7380461081632552,0.5652173913043478
5104857.93866717,0.38546874257032515,-0.05950116614130576,1.9708714990810696,0.6014492753623188
4204487.41346592,0.33273134245590374,-0.06808703684834354,1.7674173182652173,0.5217391304347826
1911003.9659720398,0.1382884198710581,-0.0938601947993394,1.0842052953482564,0.5144927536231884
2246802.9620564464,0.17574461291506194,-0.07678672451050263,1.249603746063235,0.5144927536231884
2629875.21943323,0.21335260973229242,-0.09702790639369535,1.4774668859832738,0.5362318840579711
4493588.476104526,0.3505748539331621,-0.0892486425996601,1.9903259034863499,0.6376811594202898
2085658.3972740644,0.15837355871570802,-0.09293721079426928,1.2807421090064,0.5434782608695652
2832572.6118535046,0.23150508757147437,-0.070050372765761,1.5250046409014257,0.5362318840579711
5763325.303948216,0.41949748271414733,-0.07177266042720316,2.027906664669943,0.572463768115942
3647178.9840954994,0.2953627833984951,-0.09355748684238076,1.6845068091129927,0.5289855072463768
3473206.8723666756,0.2827621306872876,-0.059562532829483525,1.5967130892665253,0.5289855072463768
2441445.068678291,0.19544442624578684,-0.09143407947049666,1.326176328301423,0.5144927536231884
2337102.2356194835,0.1850469099084029,-0.09986559854502935,1.3105452359603966,0.5652173913043478
3354528.0979127856,0.27387345181917166,-0.09547496828323314,1.4706634570347334,0.5289855072463768
6770938.254761235,0.46598582386827325,-0.06457588213916325,2.4577949213567205,0.6521739130434783
2853871.664700593,0.23335156122572287,-0.06752161278401363,1.5039169605484293,0.5289855072463768
3168609.268241576,0.25942914023843655,-0.08773457843987818,1.5970628110497578,0.5942028985507246
3124781.4796914537,0.2559256505211356,-0.07375696064725659,1.477968856454546,0.5797101449275363
2085420.9547741262,0.15834718242705081,-0.11635813491999748,1.1966014119471673,0.5144927536231884
3173206.990297236,0.2597944201898843,-0.09562726307180985,1.6613696479766042,0.5434782608695652
4601019.242410929,0.3569717608862364,-0.07644937928950642,1.9164117870450912,0.5797101449275363
8309435.5056067025,0.5272646660357461,-0.06666348252042162,2.4839576117304714,0.6666666666666666
3385010.710558988,0.2761802211519717,-0.09049836674013563,1.7975297885034225,0.5797101449275363
1989016.450773256,0.14743389579492572,-0.11186773906035681,1.1876412320466394,0.5217391304347826
4843565.2679473525,0.3709860356851187,-0.060639827924454395,2.279236710586749,0.6594202898550725
2518727.6344367648,0.2029186034629047,-0.07289437186911507,1.3484696501741549,0.5289855072463768
3447408.5655929707,0.2808508218423451,-0.11909463018409042,1.5743849540445065,0.572463768115942
5510977.004923724,0.40684327783633734,-0.031005804218495137,2.334818814073884,0.6159420289855072
4055056.928200465,0.3231204780818464,-0.11787276049245292,1.7086074316727247,0.5507246376811594
4278503.743530592,0.33739095991543144,-0.063298658529039,2.0161989775251516,0.5942028985507246
3715581.4605109156,0.30018561699210444,-0.07534963316111544,1.8103619930086263,0.5869565217391305
2315520.0504368152,0.18285009527747254,-0.06836942940674706,1.3052167740514786,0.5144927536231884
1856960.2136353103,0.13177610307269383,-0.09102803453342394,1.0691492667364646,0.5362318840579711
4107487.4077757415,0.3265244163885974,-0.060969629336558966,1.7059663966207526,0.5652173913043478
2481939.116358077,0.1993839275832252,-0.09283795895554495,1.2191192468000893,0.5
2814794.884103991,0.22995536329520982,-0.0757878692584309,1.5656142376470643,0.5869565217391305
3348887.2279454162,0.2734447421762416,-0.1378284601416493,1.6023910953471308,0.5797101449275363
3027678.709926107,0.24802118469129497,-0.12117074969054978,1.4577322233006138,0.5652173913043478
3180839.161562931,0.2603998474308551,-0.0692052492106963,1.727434808750255,0.572463768115942
3269739.861330817,0.2673677169698252,-0.09164882412549541,1.4299166977841073,0.5289855072463768
3755536.039446231,0.3029699109055377,-0.06392086557371553,1.7623561996852903,0.5869565217391305
4513568.954259683,0.35177377386246067,-0.05163878370566748,1.726867249533731,0.5797101449275363
2286623.680761482,0.17988298803501168,-0.08354147779237764,1.4202741885410863,0.5289855072463768
2948590.13071364,0.24143184463529632,-0.09720214635258122,1.6491710163069122,0.5434782608695652
3030617.8556156005,0.24826339616241677,-0.09226216611164265,1.4516864834695995,0.5579710144927537
3202271.085031554,0.2620937578550886,-0.14127978020874382,1.5857703248766588,0.5362318840579711
5236077.290256843,0.392519257060044,-0.09560462479728667,1.9898243676162721,0.6014492753623188
3358958.612245428,0.2742097694822132,-0.07970778555947615,1.707237292447138,0.5579710144927537
2999330.178215776,0.24567530679871008,-0.07148319036941793,1.3699602371668802,0.4927536231884058
5931016.646864333,0.4276634086728335,-0.07423241871236402,2.1568083494492467,0.5942028985507246
3398744.4376343153,0.27721409297821276,-0.06236110920440248,1.6829585307115513,0.5652173913043478
2808762.4073739466,0.22942771946013796,-0.10434638238454892,1.5290599030512593,0.5579710144927537
4944765.16016866,0.376667735528313,-0.08944424489178297,1.9199646533011445,0.5942028985507246
4412788.242401675,0.3456825397516232,-0.08622836540236371,1.9342068790179756,0.5217391304347826
2394515.444716943,0.1908128940670848,-0.13002478776390522,1.305949684454139,0.5579710144927537
3054280.847944669,0.2502066187462457,-0.08671933694507687,1.4492588118475627,0.5434782608695652
3723724.8160881335,0.30075503548092963,-0.09229778852893777,1.782485301497849,0.5869565217391305
2679082.812805109,0.21785961056656222,-0.0837279471190978,1.4006131677516522,0.5434782608695652
3580071.0610949425,0.2905603835981463,-0.061129053230800055,1.898160351005069,0.6376811594202898
4494411.801259766,0.35062434136494125,-0.0920904573459026,1.7765952380516516,0.5869565217391305
3754958.0289543183,0.3029298006980514,-0.05644132184027347,1.708482214893468,0.5507246376811594
2216958.870732843,0.17260442093437733,-0.07425386988755737,1.3576114849405554,0.5289855072463768
3076683.1619442604,0.25203524626294516,-0.13332407299150167,1.50472741313181,0.5144927536231884
3247726.877667368,0.265656634138316,-0.07601401534420853,1.800541295025406,0.5652173913043478
2385292.4846932236,0.1898941461866146,-0.09255744029904195,1.2698770607949064,0.5144927536231884
3544393.131961013,0.2879777994667023,-0.10366628970232612,1.6717600289296055,0.5217391304347826
2442282.241633448,0.19552639872307198,-0.05869539516037547,1.3586796552766451,0.5362318840579711
3692498.1296102153,0.2985660870946376,-0.06260515881151965,1.610088677997776,0.5289855072463768
2559504.0293460805,0.20678850158502082,-0.11040886587509562,1.316801885839846,0.5
2417944.127520597,0.19313408390089304,-0.10899665401050011,1.2967981095040046,0.5652173913043478
3459841.5031415024,0.2817733591507814,-0.15125016124130933,1.439244040656444,0.5289855072463768
3809374.417824088,0.306684478010794,-0.060154229754568314,1.7168548120343903,0.5434782608695652
2286222.69851852,0.17984160428477614,-0.09424928909160996,1.3497759123386015,0.5
2685438.6956826146,0.21843691545034427,-0.08005573059997285,1.54469506465958,0.5579710144927537
3922727.323186971,0.3143699581250954,-0.09741026668039472,1.6226082899374392,0.5434782608695652
3416361.843217764,0.27853544500437466,-0.09015912940768633,1.6409869817292126,0.5362318840579711
2548449.900826437,0.2057443070579601,-0.05943135837112165,1.4881096468651658,0.5362318840579711
2708492.4851246476,0.2205217610511716,-0.06502825525516423,1.3968736150529633,0.5579710144927537
3285207.688001862,0.26856453601795005,-0.054009433724025196,1.5065844519073146,0.5507246376811594
4927707.908403082,0.3757166433789043,-0.09984329855984059,1.8925759604134558,0.6159420289855072
2668667.729745987,0.2169112353135645,-0.10555977085315306,1.6597499461169833,0.572463768115942
5064754.433454108,0.38328503526553703,-0.08062838060643435,2.18237055273111,0.6304347826086957
3376787.7305253516,0.2755595899506553,-0.09301082197629104,1.5954621737804653,0.5289855072463768
5563248.555643557,0.40950198806713356,-0.07873866651131427,2.001540465339777,0.644927536231884
2172061.6264986997,0.16781602010483399,-0.06508500259905715,1.3315461396486643,0.5434782608695652
2672477.6782885618,0.2172585040079087,-0.0831663899937492,1.3585879104396446,0.5507246376811594
2492908.3012411944,0.20044221843828747,-0.0684168753203909,1.4110530360348283,0.5579710144927537
3078287.3191598626,0.25216577921168915,-0.06981825055423022,1.5873322835355386,0.5579710144927537
2489024.41151065,0.2000679332330484,-0.08504911700528303,1.3505271606403513,0.5217391304347826
3753892.6464397456,0.3028558570650137,-0.08202421696942244,1.6757531011347027,0.5869565217391305
2162128.319902777,0.16674592586155024,-0.09225433794866993,1.471411904871502,0.5652173913043478
2156628.990173974,0.16615180215579395,-0.10859365890878424,1.2967250789347906,0.5144927536231884
3118165.4185955776,0.2553933683697014,-0.09973124486573728,1.552870399274041,0.5507246376811594
5081349.153695769,0.3841903191156577,-0.06323168317321143,2.1494386637046015,0.6376811594202898
3493748.4026595345,0.2842758776145351,-0.08337569946585506,1.8325200085667646,0.5942028985507246
1857243.8332159966,0.13181067293074977,-0.14930291999311981,0.8890034122478377,0.4927536231884058
2596285.814086938,0.21023720566032345,-0.09361295225856064,1.4375307360288567,0.5434782608695652
3102949.8950012303,0.2541657965324111,-0.07586044364606245,1.5876147664526223,0.5362318840579711
2321977.049353341,0.1835090536600168,-0.10323382462696129,1.1123568005916276,0.4855072463768116
5556166.127395925,0.4091429250496388,-0.10852791962312099,1.947597052835056,0.6014492753623188
2488541.361108172,0.20002134965583274,-0.08980300845046377,1.4127059553810888,0.5579710144927537
2334163.6969994367,0.18474875788393197,-0.11287400224558211,1.289929911516904,0.5217391304347826
3703214.0341998064,0.29931892078975686,-0.07942894494616126,1.7574298280565435,0.5652173913043478
4719514.457584094,0.3638903737359813,-0.05786012146101163,1.9486408020540622,0.5579710144927537
4424527.278166012,0.34639774437471016,-0.08649911905423661,1.9757565266187862,0.5942028985507246
2717889.2910073143,0.22136748043306564,-0.21968871134430765,1.2751040043299846,0.4855072463768116
3124895.140091152,0.25593478696382577,-0.08214179762194182,1.804917422026798,0.6014492753623188
4488255.194661733,0.3502541117079403,-0.058343547090112004,2.1120384697355945,0.644927536231884
5743092.463990433,0.4184994171989129,-0.06463226779103848,1.8939046329718399,0.572463768115942
2371912.759492809,0.18855625590428615,-0.10839283291065993,1.347885908062618,0.5
4461667.977056504,0.3486505991837545,-0.06412989726017154,2.1721828573108666,0.6231884057971014
3568898.6096712956,0.28975387693796173,-0.06952732216003292,1.6570827218640602,0.572463768115942
2229584.4109484944,0.1739369809655893,-0.11641491320009414,1.341087818363862,0.5652173913043478
3040974.2322852914,0.2491153578478793,-0.07663446568589621,1.7238293290380955,0.5579710144927537
3843146.276889619,0.3089931773586261,-0.08256264178319123,1.6984993798166432,0.5869565217391305
2499024.33266495,0.2010306675126623,-0.09344155232528145,1.3918095565518311,0.5507246376811594
3828996.1178288,0.3080278328182373,-0.08367880958500268,1.8034931001174808,0.5797101449275363
3674560.499624558,0.29730197853970286,-0.1609910299324997,1.6945279381479792,0.572463768115942
3918234.1413840656,0.3140687181783166,-0.06063376008043664,2.0333063319626437,0.5797101449275363
1986228.95124813,0.1471121019815269,-0.14905053735039817,0.9703864813936011,0.5217391304347826
2750279.9128983575,0.22426484657115053,-0.06836649415016798,1.6834031094020165,0.5579710144927537
4204712.476801129,0.3327456101898345,-0.10735928334612446,1.9464385424734023,0.5942028985507246
3279625.218056575,0.2681331147807209,-0.08722063973337352,1.6346332449605483,0.5652173913043478
2357956.7189041683,0.18715428888122188,-0.07984086771484514,1.4708450144975889,0.5144927536231884
3459850.5183116402,0.28177402712316435,-0.05955753435465528,1.6548030433938934,0.5434782608695652
3132836.106726289,0.2565724540564427,-0.08856332933057466,1.6648763735861047,0.5652173913043478
2347861.6322772573,0.18613603424844394,-0.1956174778250541,1.2843295828635162,0.5579710144927537
2210893.222135188,0.17196206321111074,-0.07628872773432052,1.4346865185807394,0.5362318840579711
4530464.3929297505,0.35278426871170443,-0.08403900176813846,1.9147324103600605,0.6014492753623188
6558379.612573938,0.4566637416737964,-0.049411998775017646,2.748697585985988,0.6666666666666666
2326339.218081906,0.1839533983642272,-0.10641766533965584,1.3719125656337259,0.5
3379118.3763973415,0.2757356186218187,-0.09668117470682445,1.7405943875715744,0.6231884057971014
2947085.0265948144,0.24130508128584482,-0.07150043102561444,1.529741476749283,0.5072463768115942
2008303.7194242931,0.14965062172069143,-0.108006677784273,1.1630533015830586,0.5144927536231884
4003196.5451357127,0.31971873672188056,-0.08668338840685551,1.6558188730757153,0.5072463768115942
1474214.4937453035,0.08071737880947394,-0.1720970417238165,0.616792880426198,0.43478260869565216
4305987.584851044,0.3391047626837358,-0.05958321888371137,1.6769809040105375,0.5652173913043478
1962623.7107168972,0.14437248781638612,-0.11678416496398765,1.2141401552988564,0.4927536231884058
4287879.133370361,0.33797656584720404,-0.10823527278184478,1.9283504198402983,0.5362318840579711
3557983.666390707,0.2889640061510901,-0.05482150349564425,1.7165111780206534,0.5579710144927537
7132719.889918002,0.48132732427979996,-0.09281693248532216,2.438210172753833,0.6231884057971014
2486824.066182173,0.19985568155100464,-0.10286361369230847,1.354320428933733,0.5289855072463768
3971210.297483818,0.31760300667681496,-0.10279376814003822,1.660326120304086,0.5434782608695652
4267866.113538301,0.3367252673802197,-0.08373886221545036,1.8544014022083166,0.5797101449275363
4504103.134659544,0.3512063118690878,-0.0916943575626961,1.8054865591263491,0.5652173913043478
3203609.106602134,0.26219920967083055,-0.10563915570654832,1.6300847801593759,0.5869565217391305
4106855.3828851925,0.32648359103856217,-0.0677656881428692,1.902095669091799,0.5507246376811594
3060152.462997317,0.25068693434763767,-0.07079817424851524,1.4815505560310056,0.5362318840579711
3475132.479997608,0.2829043363798507,-0.06714414700887814,1.6234262114751832,0.5362318840579711
3700997.4491416994,0.29916334022235525,-0.06700034543577997,1.808927798810481,0.6159420289855072
6194477.41603949,0.44012747093349813,-0.053738069728253623,2.2532903140618665,0.5652173913043478
5545927.220679033,0.4086231878914588,-0.046374930218724075,2.2887784645358713,0.644927536231884
3166196.359760325,0.25923726973187056,-0.07579370330205434,1.5130335476181809,0.5652173913043478
3733398.065258694,0.3014301376489372,-0.06027799551811567,1.8762580342495432,0.6231884057971014
2269340.545453734,0.1780939738753724,-0.1284905035049614,1.154581816296441,0.4420289855072464
6531591.392329518,0.4554718210292916,-0.09487396465469337,2.0539373602905178,0.6231884057971014
4852371.00285722,0.37148417163286673,-0.1184523320734136,1.8091590435881253,0.5869565217391305
2822655.493440673,0.23064155303818112,-0.05782535153112167,1.4153309916450763,0.5289855072463768
3199445.6537419194,0.2618709648251276,-0.060744918823779186,1.5302626276047693,0.5434782608695652
4728291.560761173,0.3643972950028296,-0.07245579829383093,2.0588298144673547,0.5942028985507246
7436704.269458058,0.49374375395096126,-0.07942317117170816,1.920849474501196,0.572463768115942
5248713.371781224,0.3931907149041618,-0.08988020906325309,1.9624624054289195,0.5579710144927537
2555246.442160683,0.20638674957929326,-0.12494956808231415,1.4850333458404847,0.5652173913043478
4329448.233354331,0.3405607827683539,-0.08702067455295832,1.7937889673773049,0.5507246376811594
5691941.656661685,0.4159635961722241,-0.07665970171032202,2.131823507056591,0.6376811594202898
1934746.8797060414,0.14110295753220492,-0.08766349983551726,0.9729418653103117,0.427536231884058
4352038.663279757,0.34195684218666034,-0.09244240822294264,2.0599815566910236,0.6231884057971014
3174301.871145804,0.2598813438894072,-0.08017613968254068,1.4533902932954423,0.4927536231884058
3692233.040665456,0.2985474414305205,-0.05340966170209796,1.7731252459354587,0.6014492753623188
2657127.6562110875,0.21585695650739,-0.09610884912537258,1.3486614499919078,0.5434782608695652
2326473.135103855,0.1839670290386608,-0.0780751078817744,1.270605637026041,0.4782608695652174
2439554.551375361,0.195259231933115,-0.09812856198762443,1.4623605484320452,0.5797101449275363
1767503.2723410933,0.12065528940051462,-0.06877234952564208,1.0693880091096697,0.4927536231884058
2676092.464255614,0.2175876180943277,-0.17741530631134503,1.2766814156259805,0.5362318840579711
3444131.5219699433,0.28060721851892145,-0.10072081605353975,1.7295340580556413,0.5869565217391305
3478629.7089768117,0.2831624448279768,-0.1466296229197576,1.5392110528565954,0.5362318840579711
4650322.514317095,0.35986756322193947,-0.06462675126428244,1.8362032633282284,0.5289855072463768
3065145.125283103,0.2510947693510732,-0.08792301038787728,1.8148411571469274,0.5869565217391305
4672157.841684048,0.3611422077618567,-0.0907154446986072,1.9685269535010375,0.5797101449275363
2251448.3762585744,0.1762303973242767,-0.1311527169209356,1.3109022265494823,0.5289855072463768
2697793.1116954586,0.2195559469132542,-0.10586481574459558,1.3609281532086144,0.5144927536231884
2435987.5176847954,0.1949094938440754,-0.13657286246402128,1.1861611501848854,0.4927536231884058
5142966.645385799,0.3875311492085509,-0.11797053551303273,2.170740628452053,0.5942028985507246
3702435.8447009316,0.29926430869706144,-0.09255470364018745,1.7385366148833283,0.572463768115942
3177567.354903148,0.26014045158335963,-0.07186972617761507,1.6599370247761667,0.572463768115942
1806226.1919958063,0.12552313715628638,-0.10385952210161932,1.0257175871973339,0.5072463768115942
4655444.404956026,0.36016698445091944,-0.07012145016352138,1.8251249291359213,0.6014492753623188
2568011.864533739,0.20758971411996785,-0.08279168318338312,1.4836752006505833,0.5507246376811594
3651935.118053786,0.2957004530211014,-0.0671128488667487,1.7695524404197085,0.5434782608695652
4347153.505032083,0.34165543783249475,-0.04865224861059057,1.9178240174375116,0.5652173913043478
1774174.788593786,0.12150000719983,-0.10740012615157706,0.9932155912019778,0.4927536231884058
2417224.8651053393,0.19306309147194534,-0.25296439397587117,1.0662532569202248,0.43478260869565216
3102372.678726342,0.25411913262831987,-0.049218998020304015,1.717519862819344,0.5652173913043478
5130132.1166533595,0.38683792629259117,-0.05430211731776682,2.127374188331684,0.6376811594202898
2681419.381448467,0.21807196834515996,-0.10999822358948566,1.3693679852502936,0.5289855072463768
1751843.7783525046,0.11866248761486053,-0.07600916027836702,1.1399884684645498,0.5362318840579711
3143536.8422272466,0.2574296911022971,-0.07636003295897917,1.6173799033798564,0.6014492753623188
2395812.5607926436,0.19094187949247088,-0.08310671995309067,1.5243925304925146,0.5579710144927537
3218445.9116331246,0.26336616900115195,-0.12546970759168477,1.619196758934145,0.5144927536231884
5261999.352536351,0.39389531394033095,-0.08834551589301032,1.9378199304104309,0.5652173913043478
3355184.3607935756,0.2739232907487936,-0.10510672945047346,1.5820912636499898,0.5652173913043478
2195445.9105209582,0.17031978834951134,-0.08015171637079538,1.3416454859019071,0.5869565217391305
2428886.7149491063,0.1942120578321913,-0.08634000564465481,1.392904386699693,0.5507246376811594
5804780.683036223,0.42153371075806434,-0.10068943026899983,1.9629744685444994,0.5579710144927537
2679834.202963746,0.2179279164120318,-0.08256788906767845,1.386526622268352,0.5362318840579711
2379776.672228876,0.1893433280175305,-0.0753823648353827,1.6461997498810255,0.5797101449275363
3050466.5724191293,0.24989420370552118,-0.09917691254733405,1.4317231750131725,0.5652173913043478
2179213.6575439787,0.16858407173781176,-0.06444165804054261,1.237038381442801,0.4855072463768116
3425660.038183279,0.27923063780503,-0.07930789990776767,1.4956137788874742,0.5144927536231884
2916170.0142317233,0.23868981878924878,-0.09135251961807138,1.452212547048136,0.5072463768115942
3021052.332476372,0.24747442200508218,-0.09446615666215516,1.2619963033480541,0.5362318840579711
3022771.929144099,0.2476164033001791,-0.07946050312801298,1.6070663853342204,0.5507246376811594
4754106.350568096,0.3658838768227899,-0.04886797226737617,1.8303447410284135,0.5869565217391305
2840397.775336296,0.2321847592864592,-0.06476206453303449,1.7676844219551844,0.6159420289855072
6045598.777214884,0.43313751390546784,-0.04924376033408884,1.959301388956245,0.5797101449275363
2283098.3350309134,0.17951895236226778,-0.11370340439531992,1.1467112697650002,0.4855072463768116
2957912.548193946,0.2422158489908297,-0.07477636571450677,1.5470811043504913,0.5217391304347826
2241646.212066397,0.17520441468511327,-0.09483848150565209,1.3823090367241955,0.5217391304347826
3204150.1816454898,0.26224184273470064,-0.048270562797265035,2.3052800585687927,0.6594202898550725
3261591.4541129023,0.2667354135839668,-0.09906100506102539,1.4984013253386912,0.5507246376811594
3845536.138936485,0.30915593646493855,-0.07614228692547334,1.8139320725500618,0.5652173913043478
3510505.74389733,0.2855054955395957,-0.10545334948313316,1.6254371779976786,0.5217391304347826
5462548.195168956,0.4043619572113615,-0.07651333517451635,2.250060035070813,0.5869565217391305
2757979.1683862996,0.22494953255853312,-0.05763341163330608,1.5170005674606308,0.5507246376811594
5731240.312638032,0.41791345535179647,-0.054515491700029305,2.232386498496246,0.6014492753623188
6923857.726408742,0.4725485657635653,-0.06928250582471127,2.1370963486892824,0.5652173913043478
4758661.305894958,0.3661455098862798,-0.08612656568556416,1.8818912293602053,0.5869565217391305
3509094.742159062,0.28540214050685564,-0.10380385423458759,1.5081110603852104,0.5217391304347826
2032295.2216412642,0.15238436993488902,-0.10044822343595011,1.0807998960084582,0.5
2429613.6403682614,0.19428353084000882,-0.09260426070528244,1.2959523134919941,0.5289855072463768
9204724.467877572,0.5588422156656017,-0.07401022494802162,2.4462445611489385,0.6811594202898551
2005817.486260342,0.14936583252964208,-0.09130150676669835,1.0964954291047384,0.5
3685002.24175501,0.2980384324221117,-0.07300187516214027,1.5797116932050037,0.5797101449275363
1650171.1659438964,0.10536522850587704,-0.15407669505991203,0.9402710126588606,0.5072463768115942
2600239.6525315186,0.21060559115763278,-0.0944839970319966,1.1892504720414767,0.5
3817606.647280862,0.3072487512393851,-0.05456052327752971,1.9851266100324334,0.6231884057971014
2850047.137589306,0.23302081635684924,-0.05996102168145601,1.7858114656353856,0.5434782608695652
3521761.3207631498,0.28632877206619756,-0.06437924415545597,1.5516347790612284,0.5507246376811594
4129511.518494892,0.3279439246078806,-0.05736485182197769,1.8121467225062198,0.5797101449275363
3974978.4251601244,0.31785295632223853,-0.05079914273833388,2.0755596986267273,0.6159420289855072
2083197.9576647135,0.1581001242889144,-0.11183779977524046,1.260412528247894,0.5579710144927537
3500084.000687917,0.28474132384349526,-0.05460841151770671,1.70467255237809,0.5942028985507246
1640942.0451885778,0.10412602999529441,-0.10394429295725305,0.8333349796018044,0.4492753623188406
3506550.1166207353,0.28521566413520305,-0.13894668660732828,1.6895260896539142,0.5652173913043478
3690453.924342575,0.2984222753136081,-0.05210838492177528,1.6884121928636109,0.6086956521739131
2768143.6310192375,0.22585110856077106,-0.11860856424616828,1.6199794332900364,0.5652173913043478
5196528.047346939,0.390409271702034,-0.08644106951928854,2.0671467117777693,0.572463768115942
2606309.070049719,0.2111702175807677,-0.04822634960949183,1.5039845134776422,0.5507246376811594
2676126.1429900182,0.217590682757012,-0.0693659269528867,1.749242292829916,0.5869565217391305
2891998.284429902,0.23662951066660876,-0.09524756539909071,1.3646585621571612,0.5144927536231884
3087096.463293322,0.2528816255837798,-0.07037430815374818,1.5396236014661362,0.463768115942029
3027448.485843558,0.24800220425780672,-0.10584888585278493,1.65633909315456,0.5869565217391305
2387974.004957585,0.19016155921552147,-0.0919372026381923,1.262389775056505,0.5507246376811594
3647439.081053021,0.2953812585163771,-0.10730508022143864,1.5899288361908723,0.5362318840579711
2395904.6571383886,0.19095103544318626,-0.09977507740437795,1.324440207729817,0.5434782608695652
2673124.1409674184,0.21731738839600423,-0.11131655424249505,1.401159994899017,0.5072463768115942
3795064.581214098,0.30570129290249226,-0.09272067860830117,1.5672002616544176,0.5434782608695652
2486890.2902493807,0.1998620719087294,-0.08193105292998734,1.2394041750018618,0.5289855072463768
5885936.093455275,0.4254864993012175,-0.04274182828100823,2.0340093819956517,0.572463768115942
6009181.517404856,0.43140676219954566,-0.04184012366684288,2.24063351813101,0.6739130434782609
3356620.343813986,0.27403231719412036,-0.04660062822561845,2.043413085696766,0.6014492753623188
7117463.430678214,0.48069308738282146,-0.09081662818481406,2.31021044168374,0.6376811594202898
4186655.4470759095,0.3315989504162842,-0.06466064050068364,1.7499081096043398,0.5942028985507246
4319015.93463107,0.3399141123930418,-0.0816712750785968,1.919135453892001,0.6159420289855072
3921605.9687274722,0.3142948041288727,-0.046691639132997426,1.7790729555246032,0.6086956521739131
2925284.5630141557,0.23946316260413925,-0.10905344737450484,1.6505638454547458,0.5652173913043478
3204078.055259654,0.2622361599947065,-0.07413426280922589,1.5996059287617745,0.5434782608695652
3156342.659463012,0.2584525033690843,-0.08356726778624785,1.5529446041152093,0.5507246376811594
2760821.2934750505,0.22520189310235872,-0.0848450565744385,1.742745588822804,0.6014492753623188
3669953.803446748,0.2969765368853583,-0.11413018468705068,1.5958436077237932,0.4927536231884058
4850978.309802732,0.371405435864264,-0.1024865337660512,2.0033680594531713,0.5942028985507246
2351428.592555268,0.18649621998546317,-0.07831071816832524,1.364968986575339,0.5507246376811594
2507712.3781060767,0.20186460325263433,-0.12307348912018429,1.3233019331626155,0.463768115942029
5028626.020178073,0.38130590262696096,-0.0807473527235151,1.9671729839950989,0.5797101449275363
3909460.0671974956,0.313479673354365,-0.0713257473956008,1.6553275687261777,0.5579710144927537
3042134.1115012276,0.24921063007575928,-0.21153251944819282,1.3407130350155332,0.4782608695652174
3848603.1594140395,0.3093646942347734,-0.06233405249554548,1.6149963186496947,0.5289855072463768
3882983.3266436807,0.31169573110783055,-0.07647182617530987,1.7668624336559393,0.6014492753623188
4154436.406431361,0.3295431079675075,-0.07665566374329191,1.7833774342688449,0.5869565217391305
3002740.9517948935,0.2459584890341009,-0.060571467193670535,1.6820241845161936,0.5579710144927537
2200235.029072907,0.17082992764081495,-0.12463283343336876,1.2199737340080847,0.4927536231884058
2778957.2988527566,0.22680736541043922,-0.06770071044790357,1.467643080044746,0.4855072463768116
5451791.775479927,0.403808449277397,-0.08263931652661978,1.863650506077645,0.5507246376811594
3047353.902257245,0.24963902324636522,-0.11986988743955658,1.3470074118963937,0.5217391304347826
2311173.2830821853,0.18240566472261555,-0.09471439993911422,1.4271208830332387,0.5289855072463768
4597310.651262517,0.3567529364685065,-0.054333812219721,1.8680567713355514,0.5652173913043478
4684205.650300476,0.3618434637074923,-0.07782451731012893,2.0323759372256696,0.572463768115942
2277939.0591776515,0.17898538166810596,-0.16555573474970445,1.086193402091284,0.45652173913043476
1661782.2002908564,0.10691639641911599,-0.10720565674320323,0.9680451180522691,0.4855072463768116
2841208.130070301,0.23225505879401065,-0.06938808025262812,1.5151136181051421,0.5797101449275363
3708035.6201666645,0.29965708745614084,-0.054547616575556866,1.9197484517235726,0.5797101449275363
5015267.892644634,0.3805712567111621,-0.04918860492891019,2.111521365182043,0.6086956521739131
2748527.483392833,0.2241087908291337,-0.06540839515097537,1.6994460020183122,0.5434782608695652
5021316.1890584,0.38090408356145855,-0.04412662939873629,2.2615263032399064,0.6086956521739131
4351160.491863644,0.34190268075283403,-0.06870739496880784,1.8570337971135782,0.6014492753623188
2985745.032171179,0.24454482610214834,-0.055030447184902576,1.983918806404527,0.5797101449275363
3298880.0528596425,0.26961868402790334,-0.08775775978922787,1.749627798547416,0.5797101449275363
1884396.583423873,0.1351008833038312,-0.09092153973049781,1.143342820602475,0.5362318840579711
3114648.2655019187,0.255110034833405,-0.1066854856503728,1.433551005194118,0.5362318840579711
3026300.128482264,0.24790751263738686,-0.11598296046829225,1.5810183475620545,0.5579710144927537
3668233.7651712084,0.29685494038873217,-0.13175527267752904,1.641712274939354,0.5434782608695652
2673940.9892360293,0.21739177641755525,-0.09740509982480103,1.3058170066427834,0.5434782608695652
3512910.219362229,0.28568154538257184,-0.06147802764095551,1.836586446685668,0.5797101449275363
2707003.8047868796,0.2203875634223318,-0.08010072722361092,1.6944417418338147,0.6304347826086957
3966181.3180749044,0.3172691257234015,-0.10906437140300573,1.7531800172202825,0.5217391304347826
2459200.294312078,0.197178146151056,-0.09271909884627409,1.3341200709018233,0.572463768115942
3075033.0006677145,0.25190091306307116,-0.08834753236338713,1.4053625971628652,0.572463768115942
2673256.354415667,0.21732942992770798,-0.13365615024045285,1.418906854271071,0.5507246376811594
2379082.0158054614,0.1892738860842349,-0.07355648322060145,1.1922961527485099,0.5072463768115942
5714295.079885621,0.4170740091488163,-0.07403968018986261,1.9711970082206982,0.5507246376811594
3879739.3328256174,0.3114764896041329,-0.0691300018523099,1.883236963071028,0.5652173913043478
4226262.388220857,0.3341089305696241,-0.05889879679999998,1.8569152763011403,0.5942028985507246
4632530.08217757,0.3588253789139475,-0.07282005346741731,1.740421251951814,0.6159420289855072
2472266.1830875953,0.19844758800356166,-0.08985911019642238,1.2745722438416045,0.5362318840579711
3629632.2900285,0.2941139715428107,-0.05904516614806968,1.6628323873634756,0.5797101449275363
3209626.621406725,0.26267302541623994,-0.0638938625344077,1.6710822659112958,0.572463768115942
3799047.3276717737,0.30597523267243876,-0.06821180205143686,1.4715739550876654,0.5144927536231884
2774115.4639085643,0.22637956877892762,-0.06683608167039991,1.6056142309644852,0.5942028985507246
5268579.431710847,0.394243750212633,-0.04681259548062379,2.2814161895788496,0.5942028985507246
2863657.4623546405,0.2341962249059799,-0.13328119274328984,1.5525078647268455,0.5507246376811594
4434025.021532313,0.34697528739505645,-0.10498686721801315,1.7193486323964868,0.572463768115942
4573167.494539208,0.3553249135286809,-0.08360736519187924,1.869165504148642,0.5942028985507246
4772319.0932240635,0.3669288033291307,-0.07952836573686417,1.8985811142299513,0.572463768115942
3345961.7911430644,0.27322217961895845,-0.09132895126841664,1.7515656926011929,0.5434782608695652
2673347.1201645522,0.21733769627422395,-0.07716531228095998,1.4513610471339335,0.5362318840579711
2734771.9099178566,0.22288106955447717,-0.07752431257199273,1.277639978712733,0.45652173913043476
2408066.978174327,0.1921577117225568,-0.11190056870452221,1.294638822250257,0.5072463768115942
3684887.7918472197,0.29803036934834415,-0.13343693900716574,1.8421610220597056,0.6159420289855072
5164277.32203426,0.3886791379600556,-0.08466047535756065,1.9535682403224683,0.644927536231884
3220774.8451081375,0.2635489556360866,-0.05565009570855239,1.752893845943886,0.5289855072463768
1560376.9470960742,0.09306479033789761,-0.13355695850979596,0.9111130782525725,0.4927536231884058
2810156.513386654,0.22954973849529825,-0.07708079069421213,1.394644499208984,0.4855072463768116
2262958.7932105316,0.1774306291651795,-0.08901490355070449,1.188429855795508,0.5217391304347826
3047307.979898274,0.2496352569153404,-0.09160159172343571,1.5574066384207421,0.5869565217391305
2871771.9554073876,0.23489488001936398,-0.06578103700625998,1.5088966855091965,0.5217391304347826
3762565.617995576,0.3034573235780089,-0.059084004571597154,1.6010564560242475,0.5434782608695652
2944775.0407859986,0.24111042816051964,-0.15152077743096917,1.4970653445539628,0.5579710144927537
2862473.516928901,0.2340941552482816,-0.0654156118061288,1.6980432108600145,0.6159420289855072
8130589.471270235,0.5206329844713766,-0.06360859608532209,2.223155210182752,0.6014492753623188
3535944.3136896715,0.28736317910443643,-0.05821566758937261,1.9167854501514088,0.572463768115942
1272261.9222504033,0.04933777160387698,-0.10387787775867437,0.5245367498211303,0.47101449275362317
3655461.218453826,0.2959505673425298,-0.1585965975417491,1.4914795222686008,0.5217391304347826
3151020.8990674573,0.25802785340478795,-0.05665473526702344,1.8267292868896308,0.6086956521739131
4751268.222880594,0.3657207555717592,-0.05345059199509822,2.041728900151371,0.572463768115942
6590476.851765393,0.45808676462384,-0.0804644711992977,1.9963953843559217,0.5579710144927537
2480646.7825421593,0.19925899886676213,-0.08852253902574812,1.2746338996314208,0.5434782608695652
2999500.888754877,0.24568948630209286,-0.09406523807994409,1.5325203020455107,0.5507246376811594
2771777.9907608987,0.22617282929694937,-0.07852085637504319,1.3678071555862557,0.5217391304347826
2847528.5326723033,0.23280281360386668,-0.0842706127434522,1.6185435006054252,0.5579710144927537
2922258.783682162,0.23920664775402378,-0.09523133608700139,1.442454755647685,0.5362318840579711
2925768.8893906972,0.23950420236881897,-0.06982893063888856,1.466103582724339,0.5362318840579711
3833862.04259407,0.308360114801959,-0.1079344934181878,1.620919626373173,0.5217391304347826
3642381.9655979844,0.2950218540934395,-0.05452220111842067,1.6922247209940062,0.5797101449275363
3092294.388929067,0.25330325178879387,-0.10046249749342914,1.6224549170618134,0.5507246376811594
4616491.2521666465,0.35788316315187174,-0.07243785247525306,1.9306011831263046,0.5579710144927537
3833236.386522042,0.3083174092021794,-0.11406926613009806,1.7002117699827537,0.6014492753623188
3216425.7461663266,0.26320753034076705,-0.1050370798460638,1.570170790557882,0.5144927536231884
3115977.670669949,0.2552171586449534,-0.07238368156459246,1.5387238494633029,0.5362318840579711
4302677.097933017,0.3388987958702232,-0.06509317896307615,1.7944851223412592,0.572463768115942
2688009.5751940594,0.2186701179930164,-0.06585687813535424,1.7057891090018262,0.5797101449275363
4234298.420293039,0.33461589375934175,-0.06408944964045833,2.3403633846658853,0.6014492753623188
3979873.8548705555,0.3181773998802828,-0.06144076818340646,2.0317603497089607,0.6159420289855072
1853680.3407100774,0.1313760183371444,-0.1356965877068893,0.9530486327310271,0.4420289855072464
5054682.824224061,0.38273444583141103,-0.07645346977856007,1.850081950542404,0.5434782608695652
2800657.409126896,0.22871736881449922,-0.1479520637517887,1.41691381957238,0.5144927536231884
3013157.935033878,0.24682177731924315,-0.06759329610936057,1.658672601670218,0.5942028985507246
2920783.04477128,0.23908146274323427,-0.09092257575258375,1.671268099715765,0.5797101449275363
4218393.815498556,0.3336117839772521,-0.07246095001431073,1.8011857621646077,0.5507246376811594
3020319.186581683,0.2474138689630756,-0.05567511824208989,1.5516526130472652,0.5797101449275363
8566489.080860622,0.5365990952196336,-0.06073492022854676,2.2416977719955393,0.6811594202898551
2283695.728697141,0.17958067229803998,-0.10035892451033931,1.2960669734176193,0.5579710144927537
2822695.5871561947,0.23064504908735262,-0.053677329379430705,1.8502031959820868,0.572463768115942
2662558.081059945,0.2163535249624784,-0.10711806227059407,1.270098398646566,0.5
5599330.412230873,0.4113255995653573,-0.0638753636381497,1.9824599893074986,0.5869565217391305
4578428.899367814,0.3556366289288002,-0.04819253474853215,1.9581828619357209,0.6159420289855072
2198872.820042489,0.1706849149304801,-0.0990137060572107,1.2433320821668445,0.5144927536231884
5753441.362402891,0.4190102686875692,-0.07804084284240563,1.976638445261063,0.5869565217391305
3457509.946700544,0.2816005574295908,-0.06224190248326257,1.8573333050388159,0.6014492753623188
4628410.3294235,0.35858360964698477,-0.09227256531664697,1.9155363125055764,0.5797101449275363
3331982.98414211,0.2721565401458288,-0.07233296824686292,1.4047140235449282,0.5144927536231884
3787242.493575484,0.30516260690651764,-0.04952488638511119,1.7617547265703786,0.5797101449275363
8294345.179065094,0.5267095457151203,-0.05878360805995889,2.1707927682453434,0.572463768115942
2362140.4737625304,0.18757526702676008,-0.09733109713858538,1.4362968014427822,0.5507246376811594
5336501.529658126,0.39782024971410923,-0.04894243665656623,2.1558929681424637,0.5797101449275363
1782264.6140319286,0.12252090284544304,-0.11012755388140577,0.9922790401890649,0.5
2760817.5454107975,0.2252015604377331,-0.11804647401327505,1.4608873963483489,0.5507246376811594
5874043.9860300645,0.42491001477636337,-0.07213853822235293,1.8402733863360947,0.5507246376811594
2839493.842112632,0.23210632276865462,-0.09287031244723834,1.3706271269936972,0.5434782608695652
2338168.172282033,0.18515498858291135,-0.07362135119145535,1.5059858130924781,0.5289855072463768
5624316.544821287,0.41258292109178374,-0.055206836400444305,1.9636122571623367,0.6521739130434783
4396642.586627772,0.34469636983191343,-0.09108503986700138,1.8706205609290918,0.5942028985507246
2320066.58388702,0.18331423711953354,-0.08825851289337673,1.4499888855074925,0.5434782608695652
1732586.4818734413,0.11619220255817253,-0.08795450647408432,1.0816796303133682,0.5579710144927537
3380158.065940343,0.27581411281027024,-0.04448000000000002,1.746947868021118,0.5579710144927537
5199480.940146755,0.39056725397736725,-0.04946849507495712,2.0207676796653886,0.5652173913043478
3029744.1228150493,0.24819141252600296,-0.07656737724215941,1.4693603419981818,0.5652173913043478
3796126.7713125763,0.30577437454369827,-0.06584006376554563,1.739331634146879,0.6231884057971014
6636881.151402682,0.46013431695862606,-0.06873403805661772,2.0097350679776866,0.6304347826086957
6914228.526603458,0.47213875494940694,-0.059617290755864555,2.0005752309327276,0.5579710144927537
1282004.3029090054,0.05093993820596565,-0.08622931272660708,0.5610457604301607,0.4927536231884058
2635745.014113434,0.2138937594111019,-0.11227758483957051,1.6176616131448103,0.5869565217391305
3499158.9582583616,0.2846734074224544,-0.07574923944281567,1.6403886234545682,0.5434782608695652
2394545.3195488835,0.19081586545385298,-0.05817260159999983,1.714390623022097,0.5797101449275363
2397648.277329404,0.19112432798560008,-0.09179718301768072,1.4550989203789213,0.5434782608695652
2249323.979958,0.17600834265285448,-0.09850435978685405,1.157733442240117,0.5289855072463768
3452885.5805830117,0.28125754968578986,-0.09948878436531189,1.7171821565826735,0.5579710144927537
2201571.9174902705,0.1709721750513562,-0.1758593547676442,1.293025124096759,0.5579710144927537
3342008.8559885873,0.27292119920721136,-0.09655876904154578,1.7131639648612877,0.6159420289855072
2963139.0879077027,0.24265453041966611,-0.043618027189261485,1.9918749361769625,0.5579710144927537
8311603.49917591,0.5273443526635573,-0.04911290884394482,2.490640706625513,0.6231884057971014
1864589.5349500068,0.1327045589570961,-0.11673594035495534,1.179113200143846,0.5362318840579711
3331435.350136642,0.2721147198849885,-0.060441605396417866,1.5390806266348702,0.5579710144927537
4263215.143950974,0.33643379711242427,-0.06325776691728961,1.8010997781402736,0.5579710144927537
3326251.917666311,0.2717186126386675,-0.07850909899423332,1.7576510100634046,0.6014492753623188
2196844.4943690323,0.17046885815124058,-0.1292376115190484,1.382122102379556,0.5507246376811594
2898477.201121888,0.23718309671513627,-0.05807740016043437,1.6322502982472995,0.5652173913043478
2911599.3105400666,0.23830127923136568,-0.0862627570624464,1.4986304544264952,0.572463768115942
3104086.464722864,0.25425765996014205,-0.16709985882489697,1.5597264806807047,0.5434782608695652
6810592.22541163,0.4676989233805444,-0.07678384024010029,2.105883854927574,0.5942028985507246
2211420.0503249117,0.17201791066722305,-0.10808170874756307,1.108699365565414,0.5507246376811594
2423834.364131327,0.19371482552354746,-0.07683593046124855,1.5254813320230693,0.5942028985507246
4094933.8780853045,0.32571258388878355,-0.07221692656435988,1.7660614936045993,0.6521739130434783
1323227.8769953754,0.05761336018491736,-0.16306699069116032,0.4841196502859661,0.4420289855072464
3031681.9933883967,0.24835104414494502,-0.1257987413280809,1.447855583508436,0.5289855072463768
2669297.1486118296,0.21696863284044743,-0.08832150956273503,1.3161145561316878,0.5217391304347826
3474783.130259688,0.2828785416615549,-0.0947746681208582,1.540582862562553,0.5434782608695652
2536775.705718053,0.20463759839707052,-0.1184980011851155,1.4440687861541825,0.5434782608695652
3040252.299540449,0.24905604376918977,-0.11740431287215128,1.4948235723611574,0.4782608695652174
3274034.885586221,0.26770049679154306,-0.08446042401637542,1.4757331440455659,0.5797101449275363
1730956.78707288,0.11598214234531601,-0.11086845772157032,0.7898872141457276,0.45652173913043476
3292388.1995464433,0.2691185946824519,-0.09213224407684065,1.7260500321904102,0.6014492753623188
4657529.036884103,0.36028877474831233,-0.058307759682311645,1.9881051511621792,0.644927536231884
2720353.132210977,0.22158884080540475,-0.12709950437193057,1.3767124333236345,0.5217391304347826
2170842.9001758173,0.16768494024564107,-0.08259848371330458,1.51865267947109,0.5362318840579711
3548270.643054769,0.2882594817770563,-0.044479999999999936,1.8514391462019035,0.6304347826086957
6193789.990927254,0.44009550621171356,-0.0485245968629518,2.2017562231088057,0.6376811594202898
2433060.9714671127,0.19462224774642856,-0.11873379913202632,1.2882071486027966,0.5217391304347826
4864823.277708605,0.3721873575309773,-0.05920360896058656,1.7372909192631365,0.5579710144927537
2679688.548231501,0.2179146767256921,-0.061142966493467205,1.459504761131102,0.4927536231884058
3168673.029524849,0.2594342088451984,-0.07414133154229395,1.6528074005283022,0.5869565217391305
2707762.762613317,0.2204559873259122,-0.14973490140344778,1.3993437262824588,0.5579710144927537
4713390.782383737,0.3635362542652516,-0.0669225269545317,2.1628496310889154,0.6086956521739131
3933914.7752033393,0.31511880981358176,-0.14129328417014217,1.986166474354434,0.5942028985507246
4143251.55558106,0.32882643883485296,-0.07435095619410327,1.8397044921395578,0.6159420289855072
4913651.874343865,0.37493091413324486,-0.06956200240812793,2.000767928098199,0.6086956521739131
3429475.32612949,0.279515456516257,-0.07738833443069651,1.654687395568011,0.5289855072463768
3908421.4540712903,0.31340987639017603,-0.05004322434399155,1.9553772328545802,0.5942028985507246
2239475.166005686,0.17497668812392564,-0.21486350987568328,1.0681876456193167,0.5
4459733.300580817,0.34853361803310823,-0.0552450957741646,1.822643659714538,0.6086956521739131
4367015.5998700075,0.3428792050023215,-0.08044202520761023,1.7493291791049361,0.5869565217391305
2568414.0941083366,0.20762754088195234,-0.09347676856817175,1.353978507468647,0.5362318840579711
2653545.026535819,0.21552890931096735,-0.08888749373023992,1.447978532443918,0.5362318840579711
2055053.509369306,0.154953839352292,-0.11424056001199202,1.162494288668913,0.5652173913043478
4682339.738365472,0.3617349507537164,-0.10262962258245638,1.7731819709086931,0.572463768115942
2733439.8981250343,0.22276192181544485,-0.07056933464627227,1.5323917523037283,0.6231884057971014
3338248.947398485,0.2726346516348841,-0.16851576449251385,1.4877261708029699,0.5072463768115942
2393042.7068204302,0.1906663770006618,-0.07555736272679697,1.5243506083762282,0.5579710144927537
3362449.3299184735,0.2744744978861293,-0.09534332261946218,1.7396767247661087,0.5869565217391305
4031305.4919895735,0.3215668673744474,-0.05739324399736038,1.8401894107126424,0.5797101449275363
5112566.331962336,0.3858869047727662,-0.05557358720000001,1.9520200514371262,0.6014492753623188
4943458.4546953235,0.3765949680909131,-0.06310204542942914,1.9261995890768062,0.5652173913043478
2135442.512536611,0.16385151670690323,-0.08236803438647791,1.2539824071964387,0.5652173913043478
4166658.672272976,0.33032448664378933,-0.06396958993988754,1.776039462190312,0.5434782608695652
2493561.3080313,0.2005051020025881,-0.16011584686445662,1.254010223840249,0.5144927536231884
3300167.104689174,0.26971773643797126,-0.07650528239505046,1.9084319738217457,0.6376811594202898
6191044.245374552,0.4399678029094969,-0.037315942500538705,2.2511717226355543,0.6811594202898551
2917069.589773059,0.2387662311787797,-0.07775733243143733,1.6282623916166252,0.5507246376811594
4222754.162148836,0.3338873678673895,-0.08221522091912684,1.6027716607982807,0.5579710144927537
3358570.7075203466,0.2741803380493735,-0.08445865966921001,1.7477965502608195,0.5434782608695652
1874092.8214061896,0.13385682730226467,-0.0739298326540517,1.0563855603876224,0.5217391304347826
5099112.466795182,0.38515673554296703,-0.06460914039035189,1.8814878328088,0.5579710144927537
3073906.1868303674,0.2518091504000002,-0.07809338795593844,1.6382774287665216,0.5507246376811594
3202679.1740989,0.2621259238022178,-0.0658008801869093,1.669705192924406,0.5652173913043478
1604669.3977219714,0.09920099811959093,-0.11946470645419366,0.8145977906470023,0.5144927536231884
4325185.4528487185,0.3402966951524773,-0.0950568718360414,1.7486694160194003,0.572463768115942
4017619.3366281027,0.3206683107255459,-0.08365035914316382,2.017474110431708,0.5869565217391305
5423752.448247144,0.4023614727866103,-0.0725185215392511,1.9475717381220732,0.6231884057971014
3372332.621041176,0.2752228344636092,-0.06445036799999994,1.6013703458264885,0.5289855072463768
4418933.064941661,0.34605710467335227,-0.05728730795509077,1.8168630926766884,0.5434782608695652
1995012.6302813366,0.14812488435020343,-0.11570702433943296,1.1908306590971864,0.5362318840579711
4824356.788451388,0.3698969027789538,-0.12178316250327824,1.8501790221724885,0.5652173913043478
3658592.613296879,0.2961725225410845,-0.11833828377066168,1.6475988073668393,0.5072463768115942
3537550.5319941263,0.2874801159394824,-0.0815589465635735,1.6095307660276028,0.5507246376811594
3307302.143880612,0.27026629418935144,-0.0699747766127122,1.9186213142385342,0.5869565217391305
4925662.600950129,0.3756024226974928,-0.08437007808030686,2.009815781410489,0.5797101449275363
2571526.749656441,0.20792010334083666,-0.11523107479285387,1.3857299300159855,0.5144927536231884
2271140.6302240817,0.17828081198413148,-0.05713108480000008,1.3548451363624012,0.5434782608695652
2982008.569653811,0.2442331769453827,-0.1218173324983638,1.3457042375117667,0.572463768115942
4085094.9388412293,0.3250749101162229,-0.08219943275656026,1.9310623057213234,0.6014492753623188
3701554.575862142,0.29920245157232817,-0.0521837864048143,2.0092758420967294,0.5434782608695652
2556536.0314343045,0.20650849356598977,-0.08194986783619063,1.636460402427903,0.6159420289855072
2943073.1924975626,0.24096694215103032,-0.10033645019879071,1.5789790499406713,0.5942028985507246
2670613.08880066,0.21708860016778675,-0.08593586160757762,1.3659252270002955,0.5289855072463768
2383535.196489304,0.18971877118165104,-0.07051068136268802,1.4557216925135634,0.5507246376811594
4866713.102979785,0.3722939509812364,-0.0733899507732715,2.1295207967419394,0.6304347826086957
2097249.2740916545,0.15965821947943648,-0.10414063182869804,1.0550094430311832,0.4782608695652174
3162136.7116697584,0.25891418907248265,-0.10248494109399892,1.7826700419987187,0.5869565217391305
2542036.7617470543,0.2051368474956201,-0.07295113142206583,1.4238955313797583,0.5507246376811594
3009634.1769179185,0.24653001996050672,-0.08519859762854119,1.5554721416202215,0.6159420289855072
2657483.6705239657,0.21588953599456762,-0.08182133370037026,1.3690634430259643,0.5434782608695652
2807148.1078454624,0.22928636745371356,-0.1345083771182528,1.401156724691918,0.5
2780725.702571938,0.2269634627130317,-0.09317524360091221,1.4957814931702658,0.5072463768115942
3043429.781590334,0.24931702178075632,-0.10241494515398408,1.4311629315594585,0.5362318840579711
3142435.385762454,0.25734156118444007,-0.14657980943303112,1.384325872311846,0.5
3782191.510555971,0.30481428625691853,-0.12657218870439665,2.0725449474629705,0.6159420289855072
5016444.628930614,0.38063603553773273,-0.06891461024419952,2.136845447586826,0.5797101449275363
2756456.276545674,0.22481422495121484,-0.07912438494572736,1.5095505789147547,0.5652173913043478
4239271.551930534,0.33492924458767237,-0.06905317829836947,2.0257093988665735,0.5579710144927537
4298450.618496384,0.3386356549067453,-0.0930865594478931,1.9312481398044623,0.5942028985507246
2248872.54577984,0.1759611344259444,-0.055105910643674365,1.5485457490594952,0.5579710144927537
2931975.513594116,0.24002964490299883,-0.12974955493420387,1.4471814783540322,0.5289855072463768
3314993.7485496546,0.2708565825527307,-0.08888940289398677,1.3543887412786195,0.5
2173970.037783598,0.16802116073219242,-0.09323059556652111,1.29117224846969,0.5144927536231884
3169536.824174653,0.2595028668553412,-0.05670266704402684,1.6641550442839677,0.5434782608695652
2504574.4643074586,0.20156367268205733,-0.09046041307148764,1.4977183096185254,0.5362318840579711
3050933.1362391897,0.2499324352171095,-0.06357595942753763,1.5168753744048074,0.5434782608695652
2798094.5643848362,0.22849240983744834,-0.07568539903842156,1.4636826814455564,0.5507246376811594
3366077.3692539483,0.27474940756183885,-0.11777551756339696,1.655846649415461,0.5869565217391305
2148837.792168302,0.16530799659938933,-0.16543541307178108,1.0954401134967413,0.4782608695652174
7746070.770745676,0.5059699015615797,-0.0576202544667692,2.302833066257435,0.572463768115942
3985000.224294289,0.3185168068870661,-0.09534655501872542,1.7706438493512175,0.6376811594202898
3592171.359878035,0.2914316007458382,-0.09632821896137972,1.6801432276553578,0.5869565217391305
4504492.554336951,0.35122967581586706,-0.07019021887398401,1.9076809540036477,0.6086956521739131
3201957.9958443143,0.26206907766075904,-0.09598131913562094,1.503016308696922,0.6159420289855072
4111016.238631321,0.32675226723796835,-0.10824771809125584,1.8742008138572623,0.5652173913043478
5273408.783333454,0.3944992583995781,-0.07266802398510554,1.973431391999651,0.5652173913043478
3390450.5950863315,0.2765901350515767,-0.1161722055015821,1.6121646402436454,0.5507246376811594
2510615.5104859676,0.20214274977834745,-0.075141337018724,1.2890790955093927,0.5217391304347826
5026658.228999143,0.3811977797671813,-0.12045129367953218,1.996300812957188,0.6159420289855072
2909121.1746325614,0.23809041751566085,-0.12055432184577997,1.6407357071819746,0.5942028985507246
5288037.511507218,0.3952720849720892,-0.047186825659616176,2.165289638778318,0.6231884057971014
4333512.952595288,0.34081240642747446,-0.1158807172663959,1.7294946231760784,0.5434782608695652
2351252.309844576,0.18647842952030125,-0.12715476766378103,1.2002892391148172,0.4782608695652174
3329328.880526919,0.2719538073222991,-0.06914715516941965,1.4809252433561793,0.5289855072463768
4920364.8714958895,0.37530639321654946,-0.05269107298777815,1.9419315949656775,0.5869565217391305
3088287.9848049404,0.25297832518514407,-0.10485414021988192,1.7138772182333224,0.5942028985507246
3938115.081283881,0.3153995247845316,-0.0635293357084462,1.8862349834704837,0.5797101449275363
6854544.37762758,0.4695884109304642,-0.10965432061501727,1.9158175154176833,0.5507246376811594
2863566.797633981,0.23418840976226485,-0.07989909203549965,1.5844496216036075,0.5507246376811594
2238883.9887655866,0.1749146474418799,-0.06482694704363255,1.1760098471816265,0.5434782608695652
2235919.0643900693,0.1746032976943206,-0.07078002531634454,1.4145267607030354,0.5869565217391305
4231192.962317916,0.3344200733630458,-0.07466785594404236,1.6862803829080555,0.5362318840579711
3091079.9685816495,0.2532047956955539,-0.08864230288076276,1.3994291549798226,0.5652173913043478
3733976.220141216,0.3014704431063808,-0.12438587182459511,1.7664892560779557,0.6159420289855072
2597107.9386755526,0.21031384127257913,-0.09502926167733516,1.38447798286922,0.5652173913043478
4073407.376842391,0.3243158262151091,-0.18120782774801392,1.8645150167955042,0.572463768115942
2996339.5545665193,0.24542679579707372,-0.11372733868723285,1.8167107447162456,0.6014492753623188
2220409.504097868,0.17296921896530293,-0.09312540702932215,1.284275619669695,0.5362318840579711
4305873.325434905,0.3390976559771166,-0.049636802515266865,2.1572446485430206,0.6159420289855072
4165164.8815822243,0.3302290859149064,-0.047395732272744025,1.8740321441543695,0.572463768115942
3397370.136647784,0.27711078656071675,-0.13075866055411275,1.5575946586738292,0.5434782608695652
3744799.7831781604,0.30222407633823134,-0.0771647065385067,1.821249183070519,0.6304347826086957
2763350.100018427,0.22542625851318054,-0.15893145900628883,1.3329462273781922,0.4927536231884058
2315450.29496443,0.18284296847574932,-0.12048938004814573,1.4187524861137426,0.5579710144927537
4710229.462674455,0.3633532976143752,-0.07667010969804176,1.658478573759744,0.5289855072463768
1831126.9309870813,0.1286094698601885,-0.07507391791777708,1.0560931827653308,0.5144927536231884
1936990.4244659601,0.14136748090968454,-0.15481296657406768,1.0779154969208782,0.5362318840579711
3535153.7739656195,0.2873056101685483,-0.07379236748721031,1.6586670598223028,0.5362318840579711
3115667.731165914,0.2551921869086644,-0.14646282759368154,1.6118437958240117,0.5434782608695652
4018207.7428105297,0.3207069925325545,-0.07364693920966787,1.8344816530252448,0.6086956521739131
4237179.695421237,0.3347974751676017,-0.06047517115316491,1.8669282113992112,0.5579710144927537
2126745.8356150505,0.16290200209446626,-0.10593921899325913,1.2736778037440544,0.5072463768115942
2423251.995505245,0.1936574578341823,-0.0679104142081695,1.467779248793234,0.5217391304347826
3756287.768424018,0.30302206867023784,-0.03848975529473851,1.86718425025512,0.5652173913043478
3416036.7343229842,0.27851111040004217,-0.07673726574617679,1.6967947839743032,0.6014492753623188
2893962.687285626,0.2367974622726441,-0.07636323191581117,1.4039683534041143,0.5797101449275363
2455627.565671606,0.1968300915096246,-0.1194118438627288,1.394941890349739,0.5869565217391305
1468351.2758469468,0.07985636622800718,-0.20912532873412432,0.5960432613686188,0.43478260869565216
4881629.984218938,0.37313416055140736,-0.06698717698081794,2.006653194933542,0.5869565217391305
4914999.094455011,0.3750063012999081,-0.07839506774150458,2.2092877409278695,0.6304347826086957
2334087.7689227997,0.1847410500384976,-0.08019663410159034,1.5076493306912435,0.5434782608695652
4474264.768811289,0.34941127960084173,-0.061442533365825364,1.8963709651121226,0.644927536231884
3799324.0780363567,0.3059942594736029,-0.06503054898735461,1.6947193537855239,0.5434782608695652
3250476.7394114234,0.2658708887692385,-0.14746426135612478,1.4693717127106138,0.47101449275362317
5249127.633782649,0.393212706112791,-0.0755563080670081,2.0224727657228696,0.6086956521739131
3489266.8950311216,0.283946234673371,-0.07471100816142082,1.9143883813215912,0.6086956521739131
3948032.3210192965,0.31606136485350755,-0.07639442007560039,1.745160768006835,0.5797101449275363
6146414.194847362,0.4378857000888794,-0.07813019516225661,2.062448946856624,0.6086956521739131
8798786.770996867,0.5448437445314442,-0.05515693667488625,2.270847987365195,0.6014492753623188
4218192.585539265,0.3335990602829948,-0.05548884461049991,1.9346014185230178,0.6231884057971014
5488998.080522384,0.4057193265664314,-0.08210670925224874,1.981155702257402,0.5869565217391305
4486796.737161473,0.3501663473465626,-0.06445036800000006,1.8825030961546216,0.5652173913043478
3051463.377500887,0.24997587895397078,-0.07408794983464517,1.7802295711345146,0.5942028985507246
2427409.894667732,0.19406680069310966,-0.09027679912048994,1.360135198893563,0.5869565217391305
2182011.4244701806,0.16888397332627703,-0.11314588936650316,1.1957837054568226,0.5507246376811594
3048124.2654470936,0.24970219796154125,-0.10235234943249691,1.5579042673097885,0.5289855072463768
3693427.6099684676,0.29863145585679485,-0.07088128280456199,1.8832249654734954,0.5434782608695652
2230098.717042308,0.17399113520518283,-0.10905900067935399,1.1940377185587059,0.5072463768115942
8444157.924779167,0.5321852225879291,-0.07152429144600553,2.3408231878781236,0.5942028985507246
2117626.5052035325,0.16190299943554232,-0.10112432065167529,1.3997328291874978,0.5797101449275363
2159407.5327553153,0.16645213512055212,-0.09297573924493988,1.2364624502504755,0.5289855072463768
4665264.161837077,0.36074030261344814,-0.08121022370330544,1.8090587996640353,0.5797101449275363
2802516.699326318,0.22888046878769774,-0.06852045746171023,1.3754594779684255,0.5942028985507246
5219149.164839487,0.3916176934408082,-0.04847447841999708,2.0396440105865707,0.5869565217391305
2700311.401610791,0.21978354400600142,-0.15611891088749877,1.4942677887576887,0.5144927536231884
3270879.0947478637,0.26745601919180095,-0.052706536037151315,1.8241509884768943,0.5942028985507246
1765775.060167427,0.12043605495161835,-0.1267038661985874,0.9610430278017563,0.4927536231884058
3964089.4069437296,0.3171301410792706,-0.13696497273045466,1.926589260330825,0.572463768115942
2257555.3319074563,0.1768678008705713,-0.0690164702763287,1.5288044728697854,0.5507246376811594
2957472.6249344456,0.24217889643392132,-0.09647550039965888,1.499105949500088,0.5144927536231884
2918619.490976898,0.23889783978780077,-0.0777796892571574,1.5821283610450776,0.6014492753623188
3187606.056485464,0.2609356648260277,-0.06172303739473001,1.7635924126224334,0.6159420289855072
4823454.367777309,0.36984564969599254,-0.09391726950591894,1.8130575526982666,0.5942028985507246
2298792.4284626865,0.18113612231709175,-0.07256505983394494,1.4250071005751157,0.5289855072463768
3722672.359491546,0.30068149927289367,-0.062277742711179855,1.990064671554196,0.5507246376811594
2592251.256572119,0.20986083650274212,-0.0452772907123591,1.5981753962211827,0.5797101449275363
5145935.682840347,0.3876913167250218,-0.05249922856556662,2.063742936830254,0.5579710144927537
4357304.73102468,0.34228144489611934,-0.06529276657976806,1.882842979804431,0.6304347826086957
3393676.0008971114,0.2768329320005145,-0.06633674482105596,1.6063406440878436,0.5579710144927537
3772140.0163959726,0.30412001694466273,-0.06595169459238392,1.7538840196046042,0.5434782608695652
3901590.2421468473,0.3129504346130165,-0.1439287907889149,1.6615377851984996,0.572463768115942
2664956.527249253,0.21657258556263215,-0.11953385885036082,1.3561333200287398,0.5289855072463768
4235141.173390988,0.33466901529373994,-0.0889858384282846,1.8912557931456389,0.5797101449275363
3070486.9409571677,0.25153053753889587,-0.09805695669833966,1.503366452661709,0.5652173913043478
3707374.295281451,0.29961072560933566,-0.10295655766020853,1.969388509247342,0.6014492753623188
3581191.12139132,0.2906411263855835,-0.07767651082297339,1.7975758937238708,0.6014492753623188
3345980.2501843856,0.27322358444127426,-0.11061056714228383,1.4323880779237042,0.4927536231884058
2898662.056306654,0.23719887699284792,-0.08755289864135987,1.7360086528839485,0.5869565217391305
3308926.728932036,0.27039106357454634,-0.1650863012839791,1.6699968576681243,0.5652173913043478
3194385.125246063,0.26147153451100746,-0.06987896122463087,1.572795262208076,0.5797101449275363
3276093.941238482,0.2678599092333074,-0.05178810944278993,1.6007851839586313,0.572463768115942
4031379.5202725073,0.3215717210183875,-0.08409828732738302,1.7370547279694768,0.5652173913043478
3812461.4879698954,0.30689619359712417,-0.0714401914778403,1.7585482438735611,0.5942028985507246
3236041.870242933,0.26474457854727595,-0.07280350372024966,1.5191313047705128,0.5507246376811594
3166266.093493662,0.25924281648465586,-0.10499357723055601,1.6772478458392912,0.5869565217391305
3297367.7569646933,0.2695022571636787,-0.0641336556061981,1.7884670066077781,0.572463768115942
6964073.609903142,0.4742552077732809,-0.07900135782034008,2.179732506334885,0.6304347826086957
2134123.6629801784,0.16370772221175534,-0.10245844956803278,1.3632760430365054,0.5652173913043478
5715369.516529303,0.41712729452248865,-0.05147923510356318,1.9235625383730726,0.5217391304347826
3694912.416922012,0.2987358524892223,-0.115786301757488,1.701411076856673,0.5579710144927537
2700177.0489553954,0.21977140581929633,-0.08342125968177572,1.4010013978249514,0.572463768115942
2947390.174358672,0.24133078572120548,-0.07117282378059771,1.5315092997121362,0.5652173913043478
2387453.564397206,0.1901096773815727,-0.17611754447811995,1.2551871345023953,0.5
2687223.6637676586,0.21859884750270853,-0.09881869675850691,1.5793607577389663,0.5652173913043478
3393260.359795377,0.2768016543978442,-0.08220491349019347,1.7292317539462916,0.5869565217391305
2664812.7866998827,0.21655946155231853,-0.08283693158990477,1.4122254240383223,0.5579710144927537
2573076.2605740973,0.20806563823963087,-0.10262644769480056,1.3142890295511582,0.5072463768115942
4230565.3077668,0.3343804814776776,-0.0826057327282417,2.012906786777179,0.6014492753623188
2431384.090278349,0.19445753407216237,-0.0753829452306663,1.450794726786343,0.5362318840579711
2699863.2491784557,0.2197430534718423,-0.10670799433609204,1.4374701705841786,0.5072463768115942
3087590.952638912,0.2529217601847882,-0.08160662076939167,1.7886149591682297,0.5652173913043478
1767019.5679488603,0.12059394578189164,-0.11968890950433232,1.1699699294510346,0.5797101449275363
3038304.137482149,0.2488959262984738,-0.08569747266441066,1.6746390792418524,0.5652173913043478
1818618.6163939526,0.12706334721156676,-0.07875826170394674,0.9414928466026533,0.4855072463768116
4440676.859834277,0.347379186337218,-0.09406444071998814,1.7236914623249195,0.47101449275362317
2308548.9225900336,0.18213701597025467,-0.11920261177744589,1.072856572514235,0.4855072463768116
2511584.077228194,0.2022354900522405,-0.09087593934002026,1.4184126288464054,0.5217391304347826
6978161.333878193,0.4748511841079661,-0.06256394875950944,2.0597984142177426,0.6014492753623188
2404630.9057103097,0.19181729923775648,-0.06492591867232372,1.5339260694733174,0.5869565217391305
5970267.645118509,0.429548058932927,-0.09492112075294859,2.1656933259695657,0.5797101449275363
2237455.8229313614,0.1747647154868457,-0.16325893339744105,1.246408252558864,0.5652173913043478
1989849.9970054175,0.1475300517530811,-0.1103022932969298,1.1129486978267558,0.43478260869565216
2155231.46749014,0.16600062676117577,-0.10073690651237766,1.144994500036319,0.4855072463768116
2379952.3874555337,0.18936089097314968,-0.11866579138115216,1.4069075004077507,0.5362318840579711
1363131.8296672683,0.06391656729933648,-0.23882748877198415,0.592139988138191,0.47101449275362317
3220343.290202102,0.26351509297849507,-0.09009958670350864,1.578755298024463,0.5507246376811594
1908010.8434831395,0.13793162592875285,-0.1625177144920115,0.95352337603997,0.47101449275362317
2877284.1492753816,0.23536857778268883,-0.07113419128881682,1.494323532514058,0.5289855072463768
2620500.1720580715,0.21248629537693398,-0.10211508890131753,1.6707112461054734,0.572463768115942
3483365.47002395,0.2835116308470864,-0.05825406801732234,1.803048189079443,0.6014492753623188
2363771.3313325928,0.1877392057499776,-0.08169138632463996,1.5811561702118668,0.5942028985507246
4180323.681370971,0.33119593288385585,-0.05849446286270833,1.8804209300817605,0.6086956521739131
2737841.428484205,0.2231554596797074,-0.1468880153296684,1.424559298651329,0.5072463768115942
7570995.344657945,0.4990999712319768,-0.05915588586347307,2.2259208770328875,0.5869565217391305
2756514.416102355,0.2248193916978003,-0.08622760427659558,1.5553980409856276,0.5652173913043478
3232286.113272906,0.26445086912251714,-0.058241424581126515,2.0184984603447917,0.6014492753623188
4182979.003849958,0.33136500384543965,-0.07610764810597834,1.7982984543781053,0.6304347826086957
2367290.9011515914,0.1880926954030102,-0.08384123524156414,1.3073400028761237,0.5434782608695652
2783402.5170666915,0.22719959457309846,-0.06655633690577133,1.4867547172296351,0.5579710144927537
4204000.070700905,0.3327004456055156,-0.06789535841189287,2.089226462117411,0.5797101449275363
2423315.1207515486,0.1936636766786144,-0.13501643103260286,1.1673234403937023,0.5217391304347826
2455706.766784534,0.19683781165853298,-0.08512136430314007,1.362486343024658,0.5869565217391305
1933389.7120184847,0.1409428226019671,-0.10422918998177591,1.164884772445157,0.5072463768115942
2124418.9041762296,0.162647418002426,-0.09306395483808003,1.4137546233571379,0.5362318840579711
2361010.197472142,0.18746159511196736,-0.10602374435819209,1.379190721427693,0.5072463768115942
5705794.216139788,0.4166521363682645,-0.0953208241032466,1.8152394785994799,0.5579710144927537
1562017.9147597714,0.09329459761933978,-0.18689852752152927,0.9036751347694078,0.5072463768115942
2276688.643947987,0.17885591858421646,-0.12636871648095027,1.2680566683483625,0.5434782608695652
3244632.8203992443,0.26541538803613696,-0.10405603760209496,1.6516255491607674,0.6086956521739131
5098055.102709639,0.38509928489868006,-0.04962606581945032,2.0020942275548546,0.6014492753623188
3586791.2490686337,0.2910445250366227,-0.08531202076978607,1.6467795482041256,0.5579710144927537
5950633.05479317,0.42860654042228963,-0.052182868391779186,2.2702096162183794,0.5652173913043478
2576299.429636545,0.20836814386567126,-0.14015952166292453,1.2811188334918486,0.5072463768115942
2557395.3903122395,0.20658959427356027,-0.09487262636777107,1.3692723311400723,0.4927536231884058
3305834.584507706,0.27015354233938704,-0.08247114688266682,1.6594298638885687,0.5
3540493.9196597547,0.28769429196113006,-0.13038894233818138,1.7763490800994866,0.5869565217391305
3213111.2327310345,0.2629470769325368,-0.11503386755975312,1.5522371881886279,0.5072463768115942
3735939.8999270704,0.3016073017050416,-0.05042448943257604,2.0556966208707923,0.5579710144927537
3771685.538772771,0.3040885906493036,-0.05569130276678199,1.8051157299712806,0.6159420289855072
2095581.3560709588,0.15947370822812834,-0.10514967918120696,1.1750663732747757,0.4855072463768116
2907939.91507992,0.2379898549302446,-0.0631031022489425,1.7853506018817418,0.5942028985507246
2059416.4564905684,0.1554438245288643,-0.061029102141939004,1.3419727560026202,0.5579710144927537
4266936.921041659,0.33666705640365246,-0.07281887711422505,1.8004239580880292,0.5434782608695652
4031303.7395704547,0.32156675247670763,-0.06173666534017338,1.6921232230940013,0.5507246376811594
2338902.9136887114,0.18522946338084978,-0.12090897479412836,1.2122766034830321,0.5289855072463768
3410120.2644657367,0.27806793493547977,-0.08300385144565015,1.7540865174086855,0.5652173913043478
2152607.972117498,0.16571662127664855,-0.07779412014886264,1.2456111714333644,0.4855072463768116
3355455.1668790034,0.273943854449922,-0.08909104882872287,1.511899652541059,0.5217391304347826
5134752.207901479,0.3870876278888562,-0.09508135361825341,1.9950922425444004,0.6304347826086957
2311781.4600175987,0.18246788733293373,-0.13324738649093387,1.2229846954517214,0.5144927536231884
3110413.460122258,0.2547685490980969,-0.10171287464305098,1.653053644940862,0.5797101449275363
2383432.3636620394,0.1897085054002683,-0.06132385144428947,1.3232280069123434,0.6014492753623188
3300033.569125171,0.26970746088446096,-0.08620904059526531,1.614719626989325,0.5797101449275363
3931922.502848519,0.3149855783676414,-0.07872406692860015,2.041821011888071,0.5869565217391305
4382274.6065110145,0.3438163403379746,-0.059497239040441026,1.881362205155112,0.5652173913043478
4036032.1565972846,0.32187662686942664,-0.05366800377656953,1.825184292986167,0.6159420289855072
4042978.4162667184,0.32233132015641486,-0.06235351754303406,2.0896163811351554,0.6231884057971014
3022701.273054749,0.2476105707383882,-0.0956077536050386,1.4826906823678907,0.5507246376811594
2126351.621250905,0.162858887711965,-0.10795223790592469,1.29300108334629,0.5217391304347826
2721119.668676444,0.22165767649125878,-0.09107562271229924,1.6635534685069708,0.5434782608695652
3983064.1166632664,0.3183886620157743,-0.07692083660290175,1.9093031935968747,0.5942028985507246
4850745.245006678,0.37139225780200325,-0.04505331199999996,2.1361967805997395,0.6521739130434783
6358308.698877245,0.44766582404227484,-0.07239433379202943,2.0371021844216224,0.6086956521739131
3182394.8143257196,0.26052310805117296,-0.06747511546336953,1.6415226031969632,0.5579710144927537
3484417.733190388,0.2835891667162356,-0.06421012928097108,1.66669775531977,0.5507246376811594
6170585.697424647,0.43901485646664695,-0.09367260515773466,1.8564030385180208,0.5942028985507246
3139795.933462539,0.25713027228081464,-0.11250009143413571,1.6542716026731228,0.5942028985507246
3806217.703620545,0.30646784415295647,-0.09414776867880478,1.834999013029729,0.6159420289855072
4169407.3105019797,0.33049995656100983,-0.0940386003950953,1.65583300010552,0.5434782608695652
3216390.1012626532,0.2632047305179892,-0.05314948425691396,1.633464107003013,0.572463768115942
4582183.253883697,0.3558588829833722,-0.09082503087578131,1.8641218774060133,0.5797101449275363
3959549.4942710516,0.31682831150920876,-0.07952747598720569,1.7994700445181484,0.5579710144927537
2787642.750145017,0.2275732699079791,-0.0961567620430153,1.5005686728443113,0.5507246376811594
5529241.259530594,0.4077745445979204,-0.060605210962010284,1.8945481536440656,0.5144927536231884
2592232.201448263,0.20985905780819492,-0.05130363000995624,1.3785416519691844,0.5217391304347826
3735457.1801289856,0.3015736639000015,-0.1013777432256239,1.6101857280135548,0.5797101449275363
3575606.3040605634,0.29023832769629254,-0.08650232689688499,1.5101719018704884,0.5
4721275.154002042,0.36399212312754425,-0.05736040960000008,1.7817182512574612,0.6159420289855072
1491599.4833016936,0.08325435786451152,-0.0942604281751858,0.6692445226717969,0.4492753623188406
5989509.777999656,0.43046835802506744,-0.07463305402706541,1.8921777529157897,0.5507246376811594
2545562.676527077,0.2054709775374448,-0.09606884276163992,1.4263966673643933,0.5652173913043478
3008044.457881675,0.24639830619029457,-0.07959884509277868,1.4404721528667015,0.5797101449275363
4216896.447838921,0.3335170943473267,-0.08629384469689534,1.818928176178917,0.5579710144927537
4768980.645938068,0.36673750441864805,-0.08672622999387071,1.9349408414176545,0.6304347826086957
5785013.922968069,0.4205642523210631,-0.07141398772236758,2.2742764284915507,0.6159420289855072
1970508.066242039,0.14529046061544793,-0.10412929979281908,1.2127254231825997,0.5507246376811594
4950460.307041536,0.37698470570355536,-0.04185830237841586,2.203735960689788,0.6304347826086957
2342487.104220806,0.1855924956930659,-0.1427259211632579,1.2035588762205691,0.5072463768115942
8568053.293869833,0.5366552067196362,-0.0683501135218602,2.605270656679754,0.6521739130434783
3563489.4383141394,0.28936267876215593,-0.10480949876759514,1.4690181758788285,0.5289855072463768
3727502.4717624444,0.30101884723435024,-0.06606401165618642,1.728974486123457,0.5217391304347826
3270763.5429887213,0.26744706387195993,-0.11408430819368084,1.4125103747255232,0.4855072463768116
1616380.7342508768,0.10080079130864972,-0.09303464756279717,1.0465180737526143,0.5217391304347826
3451403.38765229,0.28114753173112983,-0.10218037812106874,1.5771851691158811,0.5434782608695652
4885958.794398334,0.3733776009559484,-0.08448884605625188,1.7005849422561594,0.5144927536231884
3930146.3979495773,0.31486675738674585,-0.0750674616685945,2.119543680455099,0.6086956521739131
3610348.9425960784,0.2927359779274341,-0.10515151900076629,1.9890165445438417,0.5797101449275363
2583192.795433827,0.20901409539883908,-0.06329624848692511,1.6449052089915983,0.6014492753623188
3948488.721302159,0.3160917913018093,-0.07105252073386727,1.8053036782088414,0.5434782608695652
2642676.9508722555,0.21453159020026624,-0.09027293537677618,1.4275431919562307,0.5579710144927537
2026706.6955732352,0.15174989266858008,-0.06284225862966161,1.3360513669965963,0.5144927536231884
7155166.417215786,0.4822584943785342,-0.07574467854791749,2.1814506777596283,0.6086956521739131
2345754.3547004475,0.18592303909790675,-0.0937217320341105,1.3150256504821944,0.4927536231884058
2703127.8446244067,0.22003788640929045,-0.11543988161166997,1.3505704048315936,0.5362318840579711
2325305.891816129,0.18384820067329155,-0.06278993785857953,1.271142657939485,0.5362318840579711
3309817.8151829145,0.27045947887542265,-0.08166602589879057,1.660791966474719,0.5217391304347826
5069912.5649026,0.3835666781852658,-0.0979942107150736,2.005940191482229,0.5942028985507246
4262042.205773634,0.33636025042476647,-0.04630394356686295,1.8714085432725842,0.5942028985507246
3171367.1741482522,0.2596483012728388,-0.0636483447067893,1.467921736350624,0.5072463768115942
3930210.021327005,0.31487101451682675,-0.047220976684798216,1.773418172775591,0.6159420289855072
2959140.8145304173,0.24231899731039053,-0.11115476935918468,1.6639493239916414,0.5869565217391305
2458030.160297685,0.19706419646004925,-0.08235779485894994,1.5126671940065874,0.5289855072463768
3041877.4126396035,0.249189547391111,-0.08746354863004752,1.5943428912794892,0.5797101449275363
1876914.747584795,0.13419808412835876,-0.09773663991903611,1.0330089064968289,0.5217391304347826
2637031.1202113573,0.21401219966492846,-0.07269560129587194,1.4082986292825574,0.5507246376811594
1922587.3558917032,0.13966501417749644,-0.1306591366476721,1.08586768868249,0.4855072463768116
2955755.455892367,0.24203461603092236,-0.07065014899393884,1.457733550751892,0.5144927536231884
3012205.507534437,0.2467429459041539,-0.11163047185600734,1.4352505867064056,0.5507246376811594
5617620.668362482,0.41224641840433707,-0.06232430267636193,1.9162886943223403,0.6304347826086957
2886173.960110434,0.23613100825789934,-0.08513944672314709,1.4574790036223382,0.5289855072463768
2429086.3762397794,0.19423169070181978,-0.08885985346048414,1.435620204215671,0.5797101449275363
4261924.143604135,0.33635284668116205,-0.12445286257199414,1.6136972548577069,0.5
2201444.653691032,0.1709586369232141,-0.05172977503837667,1.3185815383275932,0.5289855072463768
5051927.239538013,0.3825836520769108,-0.05114854172262732,1.980964355331146,0.6014492753623188
2538217.1764457426,0.20477446940899058,-0.07876977974375711,1.2041167944017293,0.47101449275362317
5439888.093125547,0.40319488572719475,-0.057164081490832054,2.079319637346335,0.5652173913043478
4026089.126342383,0.3212246781300916,-0.04780657349885049,1.9608885787450079,0.572463768115942
1666296.6746430914,0.10751716399556277,-0.10338306499987626,0.942540058120215,0.5144927536231884
2215873.259042095,0.17248955705445868,-0.09276265516455841,1.3516555791159046,0.572463768115942
3708014.310630334,0.2996555936650114,-0.06925878613112568,1.7158954098709809,0.5942028985507246
2433500.168108225,0.19466537335691525,-0.06309817050737493,1.6287329034674263,0.5797101449275363
2508131.0235028965,0.20190472918511304,-0.11334208873924871,1.3661346964092418,0.5362318840579711
4279412.242063243,0.3374477514767702,-0.08009095999328883,1.8089631569361357,0.6086956521739131
3908368.4354474237,0.31340631303024225,-0.08215138093272437,1.6706888321105462,0.5797101449275363
2873056.2227409487,0.23500531020400395,-0.10158724128695333,1.59335094394868,0.5507246376811594
1968119.8414691158,0.1450127111278614,-0.10802540801843541,1.0768162532957057,0.5652173913043478
3317003.323227878,0.27101062580914737,-0.11593255666972067,1.461523347649949,0.5072463768115942
2046177.298516232,0.15395441317175296,-0.12720883602002953,1.2311621381169269,0.5362318840579711
3184537.9360239776,0.2606928372757835,-0.11318434199972921,1.7313984261067652,0.5869565217391305
2836311.758975542,0.23183004652837247,-0.07771361349927225,1.426114218930271,0.5144927536231884
3976535.0642727846,0.31795615689191403,-0.07419220208831173,1.971552969374355,0.6304347826086957
4093486.112221224,0.32561882936330955,-0.08023162134200393,1.7175016212668623,0.5144927536231884
2646433.407434312,0.2148766753838225,-0.06101140889629113,1.407044362663153,0.572463768115942
3623364.3797212285,0.29366670865787703,-0.08128421789632974,1.8636540079792077,0.6014492753623188
2963721.407600237,0.2427033681762798,-0.1099643432383103,1.3989853461319846,0.5072463768115942
4824477.266100747,0.3699037447401665,-0.07284877807137781,2.0128795980759713,0.5797101449275363
1905773.3736872384,0.13766461667330732,-0.08966738078915168,1.083447969356368,0.5144927536231884
3498041.788392328,0.2845913658944219,-0.055707976291938424,1.9111182620362566,0.6304347826086957
3718012.6034311694,0.3003557174257847,-0.05321411329060995,1.7051600351148404,0.5579710144927537
3405639.3839014512,0.27773188331668486,-0.12021663023027046,1.4013492381527632,0.4927536231884058
2954770.851740991,0.24195185712628842,-0.08901749423266138,1.428648134715152,0.5217391304347826
4614795.737350424,0.357783405600012,-0.05678050419132046,1.9159635777608532,0.6376811594202898
3807072.2483825623,0.3065265026476498,-0.05311991745522969,2.0386679892416204,0.6376811594202898
4028444.8415642353,0.3213792549809873,-0.09064214290152812,1.6973440002039595,0.5362318840579711
3130943.1521025626,0.25642056550168313,-0.08213089579723713,1.560134752267226,0.5579710144927537
1672521.6199012413,0.10834342196910995,-0.10444106009779014,0.8951915797140457,0.45652173913043476
3949733.457241502,0.3161747587526802,-0.056377526458481986,1.789870317854864,0.5289855072463768
2290916.817529262,0.18032570182692398,-0.104982072568405,1.2033879493019302,0.5579710144927537
3479993.2401929474,0.28326302223551236,-0.11739047513385703,1.531418931762577,0.4927536231884058
2193103.993620329,0.17007000201811207,-0.09677840364923183,1.2807711459875726,0.5507246376811594
1666554.8789951392,0.1075514853781534,-0.15373470803083342,0.7489578813836267,0.47101449275362317
11715927.235888686,0.6358946539512234,-0.06533212115655736,2.3619965868463004,0.6231884057971014
3673363.8626073743,0.29721747309596314,-0.08615459935574679,1.7324539235612728,0.5652173913043478
3534117.4250951745,0.2872301252382201,-0.10553598648171789,1.8934510684711263,0.5507246376811594
4554998.15432686,0.35424624811930516,-0.08190732302381398,1.992269680378561,0.6086956521739131
3176643.856197797,0.2600671959600216,-0.07883480438820444,1.7580439490137147,0.6014492753623188
3646103.193588991,0.29528635701864414,-0.08834537339641674,1.733690321071743,0.5507246376811594
4079649.6786208088,0.3247214677603778,-0.08036627048461924,1.7585287468712982,0.5797101449275363
4875472.177080498,0.3727875646405192,-0.089531653128071,1.8111652248106327,0.572463768115942
2460597.152514287,0.19731411785645792,-0.08922185938989598,1.2296938637112045,0.4855072463768116
3465231.2907350576,0.2821724632894489,-0.09231479376935986,1.6896531731525821,0.5434782608695652
3055813.3903664346,0.25033205647354473,-0.07776304608466196,1.4946230157892333,0.5652173913043478
2533502.2241761168,0.204326542442699,-0.1118066013607816,1.242512395957896,0.4927536231884058
2128617.048684838,0.16310656551337077,-0.11593621772882057,1.2543140015838576,0.5579710144927537
2938973.5894238953,0.24062102422099252,-0.11489365221830693,1.3527532727988107,0.5507246376811594
2697755.6307104747,0.21955255818696817,-0.07993762916194065,1.367727415714564,0.4927536231884058
3566356.072447848,0.2895700565231123,-0.050108937493642335,1.8558542527912067,0.5797101449275363
3037107.4114061734,0.24879752786408127,-0.07474696176651073,1.5438927041590524,0.5
3187458.304544992,0.2609239752293624,-0.10249191413606852,1.4531584010562582,0.5652173913043478
1842876.4195146647,0.13005411899333086,-0.06942599663514622,1.149661858440983,0.4782608695652174
2687936.748881632,0.21866351442929322,-0.14393792571024605,1.3232227266056182,0.5144927536231884
7713536.353747562,0.5047027203640746,-0.06855155450272293,2.1994481166836644,0.572463768115942
3457239.6925058267,0.28158052169511194,-0.06956835752627513,1.652158706976408,0.5579710144927537
1750238.0667868878,0.11845734281323206,-0.06775041833665674,0.8652800878343185,0.4927536231884058
3565563.2192518245,0.28951271336087614,-0.08799943049241883,1.7684122142443834,0.5362318840579711
3706537.1174419667,0.29955202619023646,-0.10288604803798272,1.6199672653243569,0.5507246376811594
3151373.4180611786,0.2580560004011363,-0.1052475122885455,1.4895022651076764,0.5217391304347826
2310407.707961131,0.18232732007127206,-0.10551895019539462,1.3073726176275982,0.5652173913043478
2455164.5134561313,0.19678495138827956,-0.11076762923150951,1.3423510640448593,0.5289855072463768
3885948.523255786,0.3118960022862205,-0.10138405908103389,1.871197634119841,0.5797101449275363
4124886.1561808814,0.32764631189960847,-0.10184498228424323,1.6934185799112391,0.572463768115942
3391860.3811778924,0.2766962814002196,-0.08905122190883792,1.5512733453056609,0.572463768115942
6027709.720808185,0.43228837133098974,-0.08938730951101895,2.1188893659074717,0.6231884057971014
2610488.6551699606,0.2115584251824021,-0.07454410492528739,1.5705755104665122,0.572463768115942
2940116.4414688936,0.24071749502924522,-0.07702165510626785,1.4953386595943372,0.5144927536231884
2549071.2735613105,0.2058030991556461,-0.0954292938803748,1.51920076768509,0.5362318840579711
5965566.087958015,0.4293228355276293,-0.05569331153211687,2.028170794400407,0.6014492753623188
2036952.6185287181,0.15291206868317242,-0.07832448286354406,1.3039267110829285,0.5652173913043478
3386671.4996617553,0.2763054231414628,-0.06740900040368758,1.825143718509797,0.6014492753623188
2239605.961195778,0.17499041256360415,-0.0534229210910067,1.2974489173243544,0.5362318840579711
1909726.026093967,0.13813613830012805,-0.13148346929846758,1.1146580101965686,0.5144927536231884
6527423.125304692,0.45528600584015666,-0.05579341395670379,2.252819066110877,0.6014492753623188
7587248.705641431,0.4997430707396049,-0.05916722779276887,2.025629365798497,0.5942028985507246
3285320.227650076,0.26857322720973964,-0.1212385193981303,1.5000202794534438,0.5289855072463768
3227113.5440134727,0.2640459142316032,-0.12134561357741842,1.6094701552535242,0.5797101449275363
2655528.643661954,0.2157105850161356,-0.0751648748603485,1.4197353242420894,0.5579710144927537
2450060.2329031373,0.1962869144969639,-0.1258115034858062,1.2106070770166961,0.572463768115942
2875099.434145781,0.2351809182835145,-0.08862955493619788,1.4778172773373441,0.5507246376811594
5516591.59263202,0.40712981969614437,-0.08493298787161722,1.9540707423712638,0.572463768115942
2460932.5299374172,0.19734675466841334,-0.0643469327462831,1.3676766450886233,0.5579710144927537
4365377.743305402,0.3427784600653112,-0.08110592069305671,1.9255259707705885,0.5652173913043478
3827921.1007729764,0.3079543770022546,-0.06382707271175563,1.8015912678906267,0.572463768115942
2428897.9105649814,0.19421315874107603,-0.12709969016749742,1.26377071078188,0.5507246376811594
5180068.261288927,0.38952734091509833,-0.04970400311460947,2.074491438182699,0.6521739130434783
2861466.409257606,0.2340073044437565,-0.0795760674232135,1.7205171445183096,0.5797101449275363
3137659.023669114,0.25695910793303267,-0.10744316113998167,1.605614367188344,0.5507246376811594
3957289.3987591495,0.316677949075016,-0.08346354020408354,1.8284218659155147,0.6014492753623188
4814837.1029835185,0.3693558444082461,-0.06455878710313176,2.124605447411199,0.5942028985507246
2040350.8633094802,0.15329649250560262,-0.08265148175053855,1.1458703551028566,0.5507246376811594
1846386.0902254316,0.13048421836792934,-0.08039525044781853,1.1862172832780022,0.5217391304347826
2863212.693399954,0.23415788468699894,-0.10906284184677352,1.4364988472069604,0.5362318840579711
1993201.5898703015,0.1479163587534571,-0.056089723244239255,1.262364200322265,0.5362318840579711
3580020.0355836297,0.29055670479525353,-0.06013646713762418,1.9542735588458178,0.5942028985507246
5026231.486360681,0.3811743273670163,-0.06503058296313582,2.1103536420245654,0.6231884057971014
2855047.45168622,0.23345317194682735,-0.07593195840089668,1.7092206755557484,0.5217391304347826
4072261.2562465346,0.3242412941902757,-0.06470259489320261,1.86098949584394,0.5579710144927537
3406006.1836177027,0.27775940540282873,-0.08374148801947334,1.7664952945500325,0.5507246376811594
1959833.8556294725,0.1440469592638336,-0.11242312848011538,1.0528739327940593,0.45652173913043476
4047344.323236512,0.3226167870981955,-0.0473160623661948,1.856837326048387,0.5942028985507246
4012027.4993180237,0.3203004771110385,-0.06048496000000001,1.8152049719355348,0.5797101449275363
5856054.472471517,0.4240361739498002,-0.07881908830008943,1.93490653888356,0.5942028985507246
4009074.7348107146,0.3201060774170912,-0.06911859519415725,1.7140005738663944,0.5869565217391305
5209458.752123812,0.3911005449226834,-0.050641149736783984,2.0045279714256936,0.6086956521739131
3201568.1630036393,0.26203834521917635,-0.07112263087032492,1.496378290009849,0.5289855072463768
2698955.5176008567,0.21966102352318506,-0.06435402719671744,1.4651411016603895,0.5144927536231884
4255471.225432049,0.3359479308431921,-0.04851860944076058,1.9544814647222761,0.6231884057971014
3061261.538337304,0.2507775772164966,-0.12031100020614272,1.537867960233945,0.5362318840579711
2693479.62016194,0.21916570854500717,-0.10227092296043995,1.4179971353427188,0.4927536231884058
2322636.2826649314,0.1835762481229708,-0.09834108074021433,1.300510767998883,0.5144927536231884
3602777.8802844156,0.2921933375913033,-0.0727495232163822,1.7221933772002245,0.5797101449275363
3767563.0486833304,0.30380338955143205,-0.06743756176641731,1.760880230257935,0.572463768115942
3791715.169593875,0.3054707368359779,-0.07331335253730123,1.5539177463096576,0.5144927536231884
6159092.849454854,0.43847841747027627,-0.06511769461433055,2.0436955964617782,0.6231884057971014
5727656.396097317,0.41773607821255787,-0.08058847487781419,2.3795251554378654,0.6739130434782609
3350528.2335221423,0.27356951917241856,-0.07824542235636124,1.6020516001528686,0.5217391304347826
5403334.155233686,0.4013040114285442,-0.06262180778863934,1.9985985243611923,0.5869565217391305
3753352.247393355,0.3028183438660801,-0.0673077913208176,1.7170899774159318,0.5797101449275363
3293460.8547978913,0.2692012793034728,-0.05923625476943265,1.6623598650253137,0.5579710144927537
3672456.682944114,0.29715339419595055,-0.05827301653815044,1.657278682578884,0.5797101449275363
2515239.3387182634,0.2025852238425878,-0.06444851863033838,1.5369634279541533,0.6231884057971014
2858589.2508655526,0.23375904968288985,-0.08125231123230763,1.5861293025430663,0.5652173913043478
4649923.012104406,0.3598441975836051,-0.08531808736188075,1.853578603668492,0.572463768115942
4526132.131963132,0.3525254494406782,-0.06019242370757331,1.8178664546968268,0.5652173913043478
2038885.8579111358,0.15313082775773657,-0.09728889092005498,1.1264096739354617,0.5579710144927537
2145408.9730510726,0.16493587143800648,-0.14387485113329948,1.3025153785032995,0.5144927536231884
4074650.8314247113,0.3243966688804323,-0.07970426969876725,1.825235237581318,0.5434782608695652
4606019.513009472,0.35726657722840693,-0.08662496097158623,1.8784755678664036,0.6014492753623188
3411796.66638889,0.27819356888345426,-0.0992279283378563,1.7507446566263172,0.5579710144927537
2507430.36703939,0.201837570298675,-0.0915229178712256,1.3117088792026605,0.5434782608695652
5003512.487113786,0.3799234583184019,-0.040816966924555415,2.1081781472418144,0.5652173913043478
2959501.008274603,0.24234923944982434,-0.10122375048571004,1.6252080763274777,0.4927536231884058
3557827.1465018247,0.28895266534280717,-0.06564129286931177,1.725413912164247,0.5797101449275363
2722137.054239455,0.2217490147046306,-0.11108999163725704,1.694924020067462,0.5289855072463768
5086987.013492686,0.3844973403258989,-0.059593563513919916,1.8701620200797304,0.5507246376811594
3256281.026785617,0.26632265240546693,-0.06545444044827695,1.4723408268987823,0.5652173913043478
3389355.6378150405,0.2765076685936363,-0.0829642459847086,1.5377132635896817,0.5217391304347826
2747710.666055502,0.22403602516324517,-0.09357569071740306,1.4458725151077687,0.5072463768115942
3575661.495525039,0.29024231078039686,-0.09453325393230835,1.558655001595624,0.5144927536231884
3930988.899662995,0.31492312589859206,-0.10929654122702327,1.5580876778555848,0.5362318840579711
3162550.5313329203,0.258947137437751,-0.12075600770494035,1.4168577606508028,0.5289855072463768
4029691.913741521,0.3214610558425506,-0.10088422468126894,1.7076065653092813,0.5579710144927537
3740565.083672885,0.3019294264747814,-0.05939201073947515,1.7528305238744013,0.5869565217391305
2449109.0787110003,0.19619401636874234,-0.1074752326015005,1.453374436085513,0.5217391304347826
5126776.677056923,0.38665646239546225,-0.04795114858226624,2.036488186332442,0.6304347826086957
4275373.103598527,0.33719518514111546,-0.12039598123631733,1.655830381949722,0.5434782608695652
2181302.3278787737,0.16880799211050657,-0.08549496749947863,1.1870537410825726,0.5072463768115942
2106753.956840964,0.16070742777934144,-0.045245731484416414,1.3681107066303153,0.5507246376811594
2794447.242077437,0.2281719742166024,-0.07922794194199521,1.605440308454187,0.5579710144927537
1612012.0295213284,0.1002051047732071,-0.1279403501855223,0.9669005265964428,0.47101449275362317
3419804.446891738,0.27879301243863486,-0.07169560356391579,1.6221171519272541,0.5579710144927537
3476598.069002056,0.2830125275581219,-0.06193187099754858,1.597298642276082,0.6014492753623188
2815177.8150452627,0.2299888266455976,-0.06966787625759496,1.6230072963703612,0.5869565217391305
3351565.8339239573,0.27364838987520534,-0.11970607475169276,1.7662319476087478,0.5434782608695652
3150574.085371554,0.2579921737963109,-0.04924143762422408,1.739787013770202,0.5869565217391305
2550902.923545631,0.2059763367359766,-0.07464951301856514,1.4075830018648359,0.5579710144927537
2448758.3329159673,0.19615975214901593,-0.10787856285619303,1.1696207438755715,0.47101449275362317
1974726.311811688,0.14578038349694222,-0.07143013324318283,1.0603878725508846,0.5072463768115942
2000538.870275835,0.14876024826684664,-0.12237689121351392,1.1822063993231542,0.5507246376811594
4534973.949616896,0.35305346980652663,-0.09215307918911128,1.8554239451773569,0.6014492753623188
4341528.19054996,0.34130803149831834,-0.0780559874454192,1.8752368880910475,0.572463768115942
2127035.2617770717,0.16293365194538367,-0.09589850008790624,1.2372503652302231,0.5289855072463768
2539007.8515615803,0.2048495194503337,-0.1258320383131181,1.3313077799227604,0.5434782608695652
5801699.7551562395,0.42138278092323933,-0.08685980152349487,1.9810005566800408,0.572463768115942
4091237.0202525677,0.325473129877053,-0.07299006131859895,1.9490573193444707,0.6376811594202898
2536359.6626979,0.20459808257033485,-0.21359020877668627,1.3300578408819903,0.5507246376811594
3769993.0615641447,0.3039715322960679,-0.07995039142974582,1.7394849749155876,0.6376811594202898
2867224.8013568516,0.23450356641945258,-0.09402618019101266,1.3865817593409702,0.463768115942029
3608480.0246678567,0.2926021117607225,-0.0930018170362743,1.7225418249184719,0.5797101449275363
2131151.211013061,0.16338337417855753,-0.13332848536614766,1.1842779894490536,0.5144927536231884
2431659.0102610593,0.19448454464566844,-0.11756994479164767,1.2877787865196608,0.4855072463768116
4885398.477025083,0.37334609996856205,-0.07150518700177605,1.8583985506289353,0.6014492753623188
4408384.187923148,0.34541382862388526,-0.0815346677440369,1.7847441132741095,0.5434782608695652
2705901.43386669,0.2202881517440889,-0.052055834261180545,1.5892714241591785,0.5507246376811594
6926044.2621146785,0.47264155939523333,-0.08530446759361897,2.2682726867754885,0.5579710144927537
3797119.954627235,0.3058426935277667,-0.10556894311492607,1.732196467420533,0.5869565217391305
3757886.985308547,0.30313300053933556,-0.14037729957754508,1.6082872419114327,0.5362318840579711
2599748.296663046,0.21055983513451215,-0.0782996550329972,1.4737479797026911,0.5797101449275363
2308825.584559585,0.1821653486319672,-0.15154272303628044,1.449450864904174,0.5434782608695652
1716286.8101340749,0.11408409198144653,-0.0741255440667259,1.0363055179763994,0.4492753623188406
4539531.249835118,0.3533253035054129,-0.0736515551270287,2.0457073557188874,0.6304347826086957
2325328.291948797,0.1838504815133879,-0.06176842199149721,1.3570137612622952,0.5507246376811594
2506888.039969356,0.2017855771942043,-0.07447357477987533,1.2568463833903802,0.5362318840579711
3326055.263374867,0.27170357500210973,-0.08987598514315123,1.9375401313153877,0.6159420289855072
2087887.9814664857,0.1586211148562704,-0.09512100649994229,1.0165319147762837,0.427536231884058
3662548.618935085,0.2964527094864968,-0.07599754672585446,1.447362950374592,0.47101449275362317
3957430.0582940103,0.3166873090513076,-0.07873812425450408,1.9516992385314134,0.5942028985507246
1911498.410671827,0.13834731691642332,-0.10089838880121113,0.9609427451281166,0.47101449275362317
3592750.864557151,0.291473265927793,-0.06065193904654998,1.8372921730449558,0.5942028985507246
3848616.153042949,0.30936557836728906,-0.05243118003133251,1.9414562892222393,0.5579710144927537
2709792.4319456895,0.22063889697680406,-0.07477379575719363,1.4604528792824034,0.5144927536231884
3970611.816105377,0.3175632904016781,-0.07089437509546219,1.8802513557242317,0.5434782608695652
4096024.2792945425,0.3257831786628411,-0.0633897408,1.9014944908065805,0.5869565217391305
2275750.455335449,0.1787587448620942,-0.0773250856306556,1.3124422806186082,0.5507246376811594
2978487.397928488,0.24393919861731628,-0.13113341265087755,1.523235147655822,0.5144927536231884
2825828.9145906763,0.2309181428568179,-0.05820466489014698,1.6448872191524964,0.5797101449275363
3979499.0330183776,0.3181525699320733,-0.06882749219934274,1.857843742237644,0.5652173913043478
4463279.793330302,0.3487480274524808,-0.08939369241079716,1.7633448508576126,0.5579710144927537
2826866.829209275,0.23100855174665136,-0.10662787950840202,1.4756036294877681,0.5144927536231884
3291487.6867184537,0.26904916285601943,-0.051393249955419884,1.905605731255012,0.5797101449275363
5039010.354390101,0.38187592347936605,-0.05094312409221495,2.100595901743471,0.6159420289855072
3390852.032896338,0.27662036391138645,-0.06307091473146137,1.6763096238783695,0.5507246376811594
4542045.2676765425,0.3534751661383513,-0.08636263532124318,2.223328984400182,0.6014492753623188
2426807.181379584,0.19400749868424305,-0.1428977497071403,1.1498596140950124,0.4927536231884058
3069657.429260396,0.25146290843354224,-0.063971365567795,1.9547990274099287,0.5797101449275363
4901765.846033664,0.3742650833408949,-0.10112798882181875,2.2026812654240886,0.5942028985507246
3523352.7251840513,0.2864450036445878,-0.07784580126866836,1.6486468655246211,0.5507246376811594
3997214.504501468,0.3193240853939969,-0.0877624538743293,1.4447152552279354,0.5217391304347826
3367826.204605088,0.27488183848553094,-0.07203682204726919,1.5841701408302737,0.5434782608695652
3630612.1228979435,0.2941838341847962,-0.07487597698509935,1.8598908387557886,0.5797101449275363
5218291.957044839,0.3915719777935063,-0.06160069752897804,2.3594098761188573,0.6159420289855072
3260998.692865925,0.2666893669674488,-0.05288794839698648,1.5876412136179012,0.5362318840579711
3172905.484554082,0.2597704791301898,-0.05836062006420457,1.6775602413020119,0.5579710144927537
7399957.948227036,0.49226464715889473,-0.058550445231479224,2.2181042335046013,0.6231884057971014
3417860.975895021,0.278647632062744,-0.14128449791365277,1.7114177648312692,0.5869565217391305
3609944.954502571,0.2927070459140284,-0.06532324431269296,1.6622338427963874,0.5507246376811594
2851347.826294231,0.23313333965786853,-0.055736887795235286,1.658243448681558,0.5797101449275363
2824261.7709976602,0.230781584445096,-0.12670414857898563,1.432306623339012,0.5362318840579711
3382331.633427677,0.2759781498181302,-0.07400868138385551,1.813480191027136,0.5652173913043478
4012260.4829346193,0.3203158110655122,-0.09704944125156416,1.6616706836854656,0.5579710144927537
3606425.455341747,0.29245488380432394,-0.12158388140930575,1.5544360534462898,0.5797101449275363
4000709.150460729,0.31955469393752467,-0.06893939378268026,1.6218585780036365,0.5652173913043478
3273424.3793028635,0.2676532158749678,-0.0820576003851365,1.5849454723566845,0.5652173913043478
6321988.389959082,0.4460081435068939,-0.08729686859930944,2.0980562583516695,0.6159420289855072
2836661.218339777,0.23186039956200943,-0.08785900156140022,1.563943944139489,0.572463768115942
3463844.2649103217,0.28206980398770987,-0.06231708809826841,1.7043154075814275,0.5869565217391305
3110960.4526102142,0.25481267832427634,-0.08158299908331372,1.5619195970627584,0.5289855072463768
4111502.579530605,0.32678365720685165,-0.10277412667998863,1.7246005373207443,0.572463768115942
5962468.54873924,0.4291743733933022,-0.06811188988251668,1.8982017232411883,0.6014492753623188
4735550.112314618,0.364815943991454,-0.0475143098677488,1.996728774132964,0.5652173913043478
1999112.518453814,0.1485963920381601,-0.09233163567257613,1.272275205688055,0.5362318840579711
2366881.039519043,0.18805155239531568,-0.06581316832876538,1.2049277572000652,0.5362318840579711
3510320.3134800885,0.2854919147695061,-0.14600651156466596,1.6679339407171778,0.5869565217391305
3290631.7686685487,0.268983155312436,-0.1333567233412423,1.3918483136610276,0.5
4338708.278752905,0.3411337447840783,-0.05556279051304826,1.9789455986412223,0.6014492753623188
3349821.1242815894,0.2735157587654087,-0.11700880449338301,1.7961254199435406,0.572463768115942
3800238.6835973165,0.30605713142594104,-0.05729993513592528,1.7278803511949252,0.6086956521739131
2978376.3215170614,0.24392992046065887,-0.1013138136635703,1.5712819958852622,0.5217391304347826
4854482.968876193,0.37160353694179604,-0.08510835889024168,1.9112881797663006,0.5797101449275363
3053803.078261806,0.2501675032734365,-0.08599350199083555,1.4521439969975132,0.5362318840579711
1871976.3980612413,0.13360061738842477,-0.13339848813643798,0.9934389879549012,0.463768115942029
2630494.1591015793,0.21340971672870546,-0.10912936659644423,1.5208616843201204,0.5289855072463768
1652747.255261155,0.10571013128556483,-0.10988687570505952,0.8554081955790591,0.4927536231884058
6166220.423061939,0.43881119758322584,-0.07728718619620578,1.9584383645850407,0.5362318840579711
5525867.371918337,0.4076027006656464,-0.04305159582062504,2.047053758203646,0.6304347826086957
4028796.51104766,0.32140232455511986,-0.06827271056517503,1.6214902722516549,0.5289855072463768
2817229.8362104697,0.23016808548410572,-0.09617909809344341,1.5572643927192524,0.5797101449275363
2250524.804752521,0.17613388068319824,-0.09913602810186702,1.2094561153794816,0.5362318840579711
2909105.6573279817,0.2380890967135394,-0.07997972402848107,1.6718935023593846,0.5797101449275363
1651195.1695556012,0.10550237999139722,-0.13712108408388382,0.7795755753419309,0.45652173913043476
2998586.9180092113,0.2456135628346221,-0.08178032918138961,1.6070326037894649,0.5217391304347826
3937493.1375842257,0.3153579741382939,-0.06208797842975477,1.8159257325985023,0.6086956521739131
4049642.4750632886,0.32276695391419996,-0.09979366363467207,1.8866152592673002,0.6159420289855072
2447733.637264566,0.19605962753552353,-0.11167819745918064,1.3249509050280586,0.5144927536231884
4596365.864774908,0.3566971670274832,-0.09315353445990394,1.6553179097583357,0.5579710144927537
3514216.2216981305,0.2857771272992622,-0.05557237881337637,1.5813928350827182,0.5797101449275363
4558035.602929265,0.354426812697789,-0.058830030469560146,1.9323116389332868,0.6086956521739131
2505128.490596061,0.2016168265392828,-0.09084533837420196,1.3686272365766958,0.5144927536231884
6287209.514408298,0.44441365881970807,-0.08905406252035644,1.9435441756824423,0.572463768115942
2576320.7836150154,0.2083701470009809,-0.09482864530428989,1.2860720760999989,0.5289855072463768
2014218.8253014286,0.15032704407361797,-0.08270531079922641,1.3618746514631932,0.5289855072463768
2737232.0115363495,0.2231010023224138,-0.03442048611061902,1.6036695134909207,0.5652173913043478
3919244.842575531,0.31413650349980937,-0.10011712078477178,1.8149237022191813,0.572463768115942
5529492.74593126,0.40778735032281754,-0.06679877354330441,2.192939563824013,0.6594202898550725
2494542.5086623235,0.2005995653710555,-0.059443671041081565,1.6277228804005441,0.5652173913043478
2724350.9559378633,0.2219476786706871,-0.09321271652779431,1.3867071512143083,0.4855072463768116
3505945.2788414476,0.28517132422269054,-0.0723852020649981,1.7502758016154403,0.5217391304347826
3465558.0313507854,0.28219664187869853,-0.08563710478000076,1.6004398682684686,0.5507246376811594
2217627.225965883,0.17267511433518412,-0.16347612121524002,1.0835223894790873,0.463768115942029
6277511.998377851,0.4439678052309848,-0.06848322653900799,2.2018171970653526,0.644927536231884
4553082.651836559,0.3541323293675134,-0.04746841553197012,1.7544154496537063,0.5797101449275363
2139821.143982454,0.16432841104999363,-0.09031957221192316,1.2260849730897199,0.5289855072463768
2791786.196496616,0.22793797679857053,-0.06325262800180083,1.6023272944568392,0.5579710144927537
2417765.4625025215,0.19311645093567087,-0.08233094290597813,1.394818214778556,0.5072463768115942
7841816.788459837,0.5096745656281885,-0.048820193804830624,2.4240423833713263,0.6594202898550725
3545964.6630124664,0.2880919932450887,-0.08313280661669761,1.5853033073033178,0.572463768115942
2345685.172271078,0.18591604382113092,-0.0676824149219598,1.303613065256244,0.5362318840579711
2841423.39602858,0.23227373074729107,-0.060392285511420056,1.5032598369805306,0.5434782608695652
2854346.917328929,0.23339263627038154,-0.08600783087647497,1.4926585903273648,0.5
3813873.3066263166,0.30699297239402257,-0.09277941432114763,1.787127585753963,0.6376811594202898
3538763.5709648062,0.2875684001559642,-0.08248328846125344,1.843147480186589,0.6304347826086957
2672941.239705672,0.21730072961261437,-0.07956669584571315,1.4267221378561326,0.5289855072463768
5005134.420104108,0.3800129096083804,-0.06876872635010611,2.0444168335472646,0.5652173913043478
5431858.504911767,0.4027804016362473,-0.0821162983501075,2.061104875104088,0.6231884057971014
4070523.7422853215,0.3241282719463263,-0.0723010612290456,1.9140051599947558,0.5797101449275363
5141745.816163641,0.38746526896646083,-0.06511076829998932,2.1194251907403148,0.6086956521739131
3724224.6441162387,0.3007899531481484,-0.07846849749869118,1.611950326360752,0.5434782608695652
9849684.199067453,0.5800995932143904,-0.054226151682115475,2.5228125553114333,0.6811594202898551
3237683.021830382,0.2648728350236791,-0.05606913756035293,1.6724622800297033,0.5942028985507246
2706395.9599726154,0.22033275205582314,-0.10258500921709694,1.3326849939032122,0.5289855072463768
3612135.4449066585,0.29286388904441774,-0.08314085089288752,1.5163559183089232,0.5072463768115942
3287037.330430393,0.2687058057841296,-0.044398897658364155,1.7733219756714507,0.5869565217391305
2600476.6396893864,0.21062765739444522,-0.10787374088343861,1.3514989276962044,0.5217391304347826
1983054.0192020687,0.14674514188228915,-0.14292675051883358,1.2268594103242778,0.4927536231884058
4066591.5635432284,0.3238723480191452,-0.08138049496897157,1.6865281339298186,0.572463768115942
3133758.3217646345,0.2566464249600138,-0.14131620708905487,1.6084476484783583,0.5869565217391305
3235321.618148305,0.26468827420520324,-0.08224768361854434,1.4356639328302492,0.5362318840579711
5146618.012472344,0.3877281151907541,-0.045273081599999966,1.9597005639817124,0.6014492753623188
3055221.053957585,0.2502835800427867,-0.06435118294446716,1.7409087035182838,0.5507246376811594
2133269.0625332613,0.1636145069503243,-0.06163464768239926,1.1596542374970387,0.5579710144927537
3650103.250451593,0.2955704382211177,-0.07687845004492344,1.4807802604583178,0.5
3404298.4020504244,0.2776312452278098,-0.10249405156591825,1.5461625251772713,0.5579710144927537
2582545.034424049,0.20895345488004224,-0.05867800489569561,1.6211719376423117,0.6159420289855072
3973912.5605555275,0.3177822740012999,-0.08083379560407933,1.863250195931694,0.6231884057971014
3428264.27732253,0.27942507682586015,-0.09395658360154384,1.6215260554405764,0.5289855072463768
2640470.0082614166,0.2143286673764644,-0.09668074071173721,1.2871445086616724,0.5289855072463768
3794916.8995675943,0.30569113069764886,-0.09004775873144022,1.9561798054018065,0.6086956521739131
2889946.6118166815,0.23645400024563323,-0.1230703727959123,1.5631822241438604,0.5507246376811594
3569604.034291813,0.28980485917720644,-0.05096044141794872,1.7072121191318195,0.5289855072463768
1684207.2211833312,0.10988787004243283,-0.09679716000878805,0.7652343558320513,0.4420289855072464
7518727.716119555,0.49702437428487967,-0.053930092799999836,2.3905869284738555,0.6376811594202898
2710175.57626296,0.2206734128609671,-0.126586919973132,1.3881071602155513,0.4855072463768116
4561563.003828512,0.3546363822812679,-0.15043793990887178,1.7522044476519254,0.572463768115942
3066021.415170427,0.25116629590533646,-0.11041844193610255,1.7145671112766758,0.6014492753623188
3116730.853151741,0.25527783405920523,-0.08127272801515488,1.5951266761769747,0.5507246376811594
2406781.291140299,0.1920303839390105,-0.08131286897999723,1.3475863762125826,0.5579710144927537
4675703.039968149,0.361348709991544,-0.05192689314782339,1.8048723440863363,0.5507246376811594
4864460.139143224,0.37216687131806103,-0.04348692305303933,2.2639480200963593,0.6159420289855072
3717116.2577188485,0.30029301292144917,-0.07210821324896916,1.6461031328138263,0.6086956521739131
4418884.652316623,0.3460541552535483,-0.12224820387267889,1.7408859156966434,0.5652173913043478
3263305.3350026044,0.2668685128677666,-0.06965065181721458,1.8004949349603145,0.5652173913043478
2543649.1421210803,0.20528968920229573,-0.07621625754501424,1.4356454051976102,0.5144927536231884
4970194.343438082,0.37808077513103977,-0.07167430368786087,1.8982852977557938,0.5942028985507246
3430328.8756417413,0.279579140956572,-0.1407998416142899,1.706276699824313,0.5434782608695652
3585141.4502235716,0.2909257360907267,-0.05918508224227413,1.5381280791431604,0.4927536231884058
2288549.2025779374,0.18008163249004405,-0.09926775565002362,1.1973939445102462,0.5
1957276.4351429932,0.14374822603247184,-0.11069213991345565,1.1141295781868044,0.5507246376811594
3409316.9985151887,0.2780077185724743,-0.07149895219971515,1.755022654918381,0.6376811594202898
3141063.050070396,0.25723172305028097,-0.10800770060390075,1.5409788937617523,0.5507246376811594
4233938.692132368,0.33459321631960015,-0.07621932391845321,1.706035158957421,0.5434782608695652
6235816.1916829115,0.44204449535335244,-0.0426512754826583,2.0682546521254,0.6231884057971014
3085181.490149536,0.2527261506753462,-0.1008470512634865,1.4440656440689883,0.5072463768115942
2976465.1700448496,0.24377023956951493,-0.08740418765483146,1.7401223587913652,0.5652173913043478
4007497.482913248,0.32000218972763084,-0.10239720022415368,1.6298089484945995,0.5797101449275363
4993123.605626634,0.37934994990877646,-0.08717279144291423,1.9057255286664958,0.5434782608695652
4130842.9492067103,0.32802954429138165,-0.057360409599999974,1.8654724337619217,0.6231884057971014
3247781.049235306,0.26566085630043035,-0.07715076203028681,1.8119590016380154,0.5652173913043478
2640285.9994712416,0.21431174210352855,-0.09607413941777813,1.2881478846047434,0.4855072463768116
3803535.748976715,0.30628367836095927,-0.11594924132548408,1.6090792212495328,0.5434782608695652
3670382.2182535697,0.29700681617707003,-0.09904555091459954,1.8137985118524913,0.5434782608695652
3113905.7423328385,0.2550501862031016,-0.06344759758512461,1.5806599531358232,0.5289855072463768
2204943.795808835,0.17133064247004381,-0.059878868185134486,1.3670097476704206,0.5579710144927537
4959308.62245741,0.3774765910087605,-0.08117120807723208,2.134563751263785,0.6376811594202898
3575452.72541375,0.29022724389991894,-0.08447927569772021,1.689633022940934,0.5217391304347826
4522668.37707543,0.3523183741173965,-0.057330184611038934,2.009141695270531,0.6231884057971014
3241365.6045852327,0.26516044076368894,-0.08241220654771321,1.4878730724219973,0.4927536231884058
2891377.7614595764,0.23657643851306753,-0.09397309582569915,1.3300437947687411,0.47101449275362317
4115739.9088628893,0.32705702213864263,-0.09510479051276366,1.8658380795717704,0.5507246376811594
4300569.718147537,0.3387676160889661,-0.07516051993254816,1.7349164983913592,0.5797101449275363
5736098.9692757875,0.4181537809819318,-0.07355720129868651,1.9910854460949867,0.6376811594202898
3881992.169618562,0.31162876047762555,-0.07087195181734378,1.6621401693781757,0.572463768115942
2502041.1202487657,0.20132050111270683,-0.10644218012003151,1.5480372393251176,0.5362318840579711
7483329.887108973,0.49561212768889673,-0.06824126283362168,2.4638119604524236,0.6884057971014492
2398460.9532592813,0.19120506266771553,-0.10753526455897547,1.2212578764948754,0.5217391304347826
2387805.120227533,0.19014472437564423,-0.10203778167612224,1.5385910397586398,0.5579710144927537
3512426.776398944,0.2856461566094364,-0.06076249071999551,2.2374788023012404,0.6304347826086957
4610590.621988877,0.35753586623210043,-0.08805201196098275,2.2813104308250076,0.6231884057971014
5386665.4951894805,0.4004383704929857,-0.04447999999999992,2.3475326070938545,0.644927536231884
3471256.043848535,0.2826179981056356,-0.07623856076109564,1.6708918057497075,0.572463768115942
3274005.232358048,0.26769820044776016,-0.09568922742318543,1.5607891424596467,0.5362318840579711
3316986.819295952,0.2710093610100168,-0.05943897493320215,2.0361883873768365,0.6086956521739131
2347213.9418392223,0.18607058458616854,-0.08984056515636846,1.2981608274618301,0.5289855072463768
3855904.810254583,0.30986114847034263,-0.07025624712147191,1.8642343685634317,0.5652173913043478
4932817.662587529,0.37600183317141544,-0.07930809760847528,2.0530481562853833,0.5797101449275363
2245713.049491556,0.17563052124148015,-0.11623021142302462,1.179122090472952,0.4492753623188406
3583943.06868674,0.29083942270668883,-0.07857850808960791,1.6998486008351297,0.5579710144927537
2736855.6972735594,0.223067370122928,-0.07409615303843273,1.5816123372536282,0.5579710144927537
3445881.4839500804,0.2807373272911944,-0.11879194935935398,1.5889909934734483,0.5434782608695652
5712694.836542538,0.4169946321730993,-0.08054586065462332,1.9011672081439885,0.5942028985507246
2594771.738700341,0.21009601797269872,-0.09513970968110308,1.4273523442612548,0.5797101449275363
2838512.3840393825,0.23202113660593082,-0.06358444264263444,1.479682122645748,0.5507246376811594
2691803.4087142907,0.2190139280453356,-0.08146016286495997,1.35976751343385,0.572463768115942
4578160.59892406,0.3556207402279774,-0.05633149278953795,1.9006835953358339,0.5217391304347826
3823175.9869209463,0.30762994648490816,-0.05855880042223563,1.8347584266426116,0.6304347826086957
2736810.109339254,0.22306329555761728,-0.12203566034322685,1.2799109206377397,0.4855072463768116
4751799.853348964,0.365751316939247,-0.05762255002735138,1.8817889688662561,0.5434782608695652
2709746.6758614504,0.22063477473978144,-0.09303931942362934,1.4996777988996295,0.5362318840579711
2392197.285950723,0.19058223671523633,-0.09236319907305629,1.4742092403152274,0.5579710144927537
3665535.4299890767,0.29666409216954204,-0.09911859786479144,1.6219813683624156,0.5144927536231884
2807232.2027506847,0.2292937326142146,-0.12749122892515674,1.388646453456876,0.5144927536231884
4445180.84572069,0.34765239316986607,-0.0484535299258001,1.7012918650177942,0.572463768115942
4860825.660605693,0.3719617672770632,-0.10539057119234505,1.827090287400917,0.5579710144927537
2571478.5284752287,0.20791557313160536,-0.08683529900936958,1.4597467237721038,0.5434782608695652
3024663.348690625,0.2477724968265349,-0.04799762760327314,1.5145164583485773,0.5434782608695652
3154272.8196728313,0.25828740858212274,-0.06895343167772382,1.824515265467421,0.5652173913043478
1754222.3297013429,0.11896609371355593,-0.09289313706716257,0.886807499612568,0.47101449275362317
3480612.4364613215,0.28330868526260056,-0.06406893447443354,1.6280999360104822,0.5579710144927537
3890618.7812647005,0.3122111865712536,-0.06704919105062007,1.9390491025307934,0.6086956521739131
2529421.404873267,0.20393832028090664,-0.0943354306261354,1.6722266583893757,0.5942028985507246
2425962.7184325675,0.19392439068358613,-0.06415052752858344,1.3966418056533105,0.5072463768115942
5472590.507706682,0.40487793187505483,-0.05085609684110643,1.9257301129257656,0.6231884057971014
4445650.063236365,0.3476808426495357,-0.09244230508282707,1.7782986808099925,0.572463768115942
2177071.075318725,0.1683541931562904,-0.05979239437831536,1.4395333567814277,0.5144927536231884
3115286.1257466837,0.25516143834044436,-0.08955127181552973,1.3732054644013667,0.5289855072463768
2259779.0251619653,0.1770995526656578,-0.05952106326187151,1.5694055912718425,0.5507246376811594
6146242.192496583,0.43787765238883236,-0.08210359088619688,1.9346465650022964,0.5942028985507246
3564018.505893696,0.2894009625564653,-0.05899190188949973,1.6747057363070978,0.6231884057971014
3423170.7793400767,0.2790446729336682,-0.0740859406300408,1.540406879698024,0.5579710144927537
2144325.456717655,0.16481817992771086,-0.06418497696991532,1.1830285292349476,0.5072463768115942
2979000.4441399155,0.24398204951714364,-0.06301477057740451,1.6481914317791682,0.5797101449275363
2604309.9904222144,0.21098436326867476,-0.08187936047383162,1.4068643596724189,0.4927536231884058
3170063.8751896946,0.25954475172065705,-0.06564110540844208,1.5907587249131707,0.5144927536231884
3437093.9721767027,0.2800834457083481,-0.06063372615143973,1.6400743260686155,0.572463768115942
4317278.434160268,0.3398062880109909,-0.08179476371695416,1.8044429321533242,0.5869565217391305
1748397.4813430188,0.11822200536474203,-0.11649890234817488,0.9651483001608238,0.5144927536231884
5946986.068596782,0.4284313864173248,-0.07816251548398763,2.1927647572112523,0.5579710144927537
2830774.784354159,0.2313487211635099,-0.07998493388929923,1.4335654167613066,0.5362318840579711
1418311.964796472,0.07239394533183341,-0.150776387826104,0.8597930555517362,0.5797101449275363
4407158.761305642,0.3453390216561636,-0.09679927541466139,1.8629297604135593,0.6086956521739131
2945189.9297950207,0.2411453981702465,-0.10956180386861007,1.6558986412205488,0.6304347826086957
4902083.052553338,0.37428286936227373,-0.044479999999999985,2.1899496074461475,0.6739130434782609
3560358.217811917,0.28913600775960036,-0.13048503246284737,1.6243967219774613,0.5652173913043478
3110953.8663051683,0.2548121470037277,-0.059130690055295865,1.8491915815037308,0.5652173913043478
3689382.9264357165,0.29834690415213694,-0.0991479505817802,1.6406278083503716,0.5942028985507246
4991277.835698296,0.37924795607079154,-0.055532279052826296,1.9145106095540358,0.5652173913043478
4173496.9386246447,0.3307608625380989,-0.04855625115379194,1.9704011496974378,0.5797101449275363
5721766.295835974,0.4174443692075205,-0.04447999999999995,2.0751848689320522,0.6304347826086957
3877701.537980475,0.31133869263048775,-0.05182092151926506,1.7419666676558716,0.6231884057971014
3534173.7994755562,0.2872342318554586,-0.08148977880522063,1.6944525245723439,0.5797101449275363
3562361.332210409,0.28928103282744866,-0.12036138415730077,1.6331088709136534,0.5797101449275363
5892527.095484982,0.4258056050050498,-0.05139324995542004,2.3346574642381754,0.6376811594202898
3576500.1936439923,0.29030283229713416,-0.06691327893707304,1.7331154815629153,0.5579710144927537
2295456.997565141,0.1807931695282441,-0.11564888281068056,1.4758641406074104,0.5362318840579711
8514739.769880952,0.5347381043965318,-0.029272757199999895,2.496367649661936,0.644927536231884
4709471.586312413,0.36330942205577665,-0.0713350291441823,1.7300167047704633,0.5507246376811594
2111724.608281578,0.16125462359723564,-0.05040092389488756,1.5728282201085426,0.6014492753623188
3905543.50926271,0.31321639495519893,-0.07142497755443192,1.6908819666474393,0.572463768115942
4151050.233447926,0.32932630207443836,-0.08802813747708761,1.6350845938047491,0.5434782608695652
2285833.994239623,0.1798014821503353,-0.08828059012925714,1.338151145445796,0.5217391304347826
3667551.8971828553,0.29680672374370776,-0.09886308297776934,1.6013751128964684,0.47101449275362317
2384567.504300109,0.18982180664525616,-0.10820068912206089,1.2935682224683087,0.45652173913043476
3680969.6243965523,0.29775421087832865,-0.08693188911101488,1.6936140080673354,0.5869565217391305
3203687.895172369,0.2622054180370501,-0.04675424735573631,1.5950820204220035,0.5579710144927537
4237131.930389245,0.3347944657634143,-0.06685614013975734,1.5493765435344993,0.5217391304347826
3408999.6172619574,0.277983923143873,-0.07527191735832728,1.5543939762294339,0.5652173913043478
3436090.406560867,0.28000868500612586,-0.09083176291735295,1.5722525460132588,0.5507246376811594
4700457.106597721,0.3627871152465645,-0.05299999782375837,1.8356010005188883,0.6086956521739131
2233808.5475556515,0.17438146886367512,-0.0999453278880933,1.1945764463132187,0.5217391304347826
4321854.826459409,0.34009021137305906,-0.09732300860835899,2.02066220812597,0.6086956521739131
2100532.555752044,0.16002108550343208,-0.06863103290881489,1.1716106930792352,0.5289855072463768
3724397.0423588576,0.300801995909856,-0.0754264633146686,1.6593286017499844,0.5362318840579711
2902525.644982967,0.23752851052862822,-0.10366778864587294,1.4570131547510996,0.5434782608695652
3178240.5449242555,0.26019384098494136,-0.09553895443931164,1.5182301578121178,0.5579710144927537
3735150.4977903245,0.30155229126766403,-0.12138366591957342,1.6572151557762007,0.5652173913043478
4944240.680692156,0.37663853031489714,-0.06265399040000001,1.994866191480092,0.5869565217391305
5103176.455033244,0.3853774589323451,-0.11514015638777239,1.9517931568773765,0.5507246376811594
2472861.4873057264,0.19850529798661642,-0.10404102438735793,1.3365371749083668,0.5579710144927537
3778674.0517545696,0.30457149903747216,-0.07628195572504379,1.6842013895821184,0.5
2511545.6027067597,0.20223180666222507,-0.0669215325941152,1.7090599882278246,0.6304347826086957
3270365.9429401555,0.2674162477329687,-0.11488163644763924,1.4665631469429192,0.5289855072463768
3470101.861246178,0.28253269340395515,-0.08733656170317101,1.6024011097388988,0.5797101449275363
1978604.1389436685,0.14623003085219488,-0.07637830656930807,1.1547494080394198,0.5289855072463768
3739874.5839603296,0.30188135628955615,-0.07898866004056726,1.93058465206604,0.5797101449275363
2653845.7966201287,0.21555646325517785,-0.07841106922957868,1.566615702160743,0.6159420289855072
4578961.220673313,0.35566815068953184,-0.05761774884184907,2.038734021439297,0.5797101449275363
5254197.334110995,0.3934817201011045,-0.07085176937681967,2.2301398183518497,0.6811594202898551
2204712.287160411,0.1713060446037502,-0.08587348876679385,1.3337132499881756,0.5217391304347826
3667829.653216442,0.2968263654551804,-0.12832657595104208,1.7507021536314402,0.5797101449275363
3154296.5181623707,0.2582892993140333,-0.05240120078145595,1.5578162805953129,0.5362318840579711
3945729.283002651,0.31590778724412205,-0.06391749883754821,1.9360428017560818,0.572463768115942
3171949.6379647185,0.2596945681111542,-0.0780284841310856,1.867314467987991,0.6014492753623188
4990794.6649020575,0.37922125196170864,-0.06621943216223194,2.1164151107672278,0.5942028985507246
3441400.615781177,0.2804040713461793,-0.08070331450293654,1.6591225949363388,0.5217391304347826
4750405.195998972,0.3656711376880364,-0.07523825906708034,1.9428848377084502,0.6231884057971014
3178803.787683231,0.26023850373061186,-0.12227654964998148,1.4940731322710226,0.4782608695652174
2945662.395956654,0.241185216422511,-0.0793366563258653,1.4624019324025548,0.5217391304347826
2880830.8191302293,0.23567298190528385,-0.07727999801831244,1.616744354687159,0.5362318840579711
2398193.1263237977,0.19117845801924416,-0.1251312502438104,1.319640029903452,0.5507246376811594
3137664.065089113,0.2569595118554897,-0.0765304910274039,1.5642079780641094,0.5797101449275363
7313812.68282217,0.4887739691249815,-0.07644349916805886,2.2619426597871746,0.644927536231884
3335968.282900631,0.27246071336889055,-0.10697518311408419,1.604207067165395,0.5289855072463768
2172905.1341918604,0.1679067089511852,-0.13922694737705016,1.0757050765139298,0.4927536231884058
3662963.1284686117,0.29648205340722744,-0.11111143680914454,1.654698725789902,0.5507246376811594
5872855.196454624,0.4248523354222995,-0.05217130062586187,2.2298584006280975,0.572463768115942
2172331.636088981,0.16784505296866725,-0.088419594862307,1.42557501790756,0.5579710144927537
2741497.342855821,0.22348194791151998,-0.09826720448536819,1.4236034490283762,0.5217391304347826
3983564.6545539144,0.3184217958188966,-0.07317815453085033,1.8085881869763392,0.572463768115942
4240463.174555012,0.3350042835675635,-0.0558244044230626,2.0505981775744275,0.5942028985507246
4177596.2728153933,0.3310221825547768,-0.08040967468415432,1.8789192645654695,0.5652173913043478
3710237.618911514,0.2998114097989597,-0.07501363719472391,1.6303792974936897,0.5507246376811594
3564183.894881753,0.2894129293159946,-0.12588100595294036,1.5518938040143482,0.5507246376811594
2565468.464321616,0.20735041604815918,-0.07689236915848702,1.7132400756764803,0.5579710144927537
2690526.774886685,0.2188982784608089,-0.0881682704819189,1.467358026745438,0.5434782608695652
2032761.6032734322,0.15243725610709458,-0.10071419805517431,1.1429994741986007,0.4927536231884058
3066956.048550345,0.25124256668521117,-0.07825374561350396,1.7010602817158402,0.5652173913043478
1497574.4952768395,0.08412082527821041,-0.10174430398858443,0.859515685487971,0.5
2436600.8268913315,0.19496965631991303,-0.10023243473789469,1.226773034030355,0.5289855072463768
1892219.9719445352,0.13604183433789174,-0.15094693649977875,1.0073757537552641,0.5362318840579711
2989924.6705081793,0.2448930699715257,-0.0843731372623548,1.456730798268805,0.5869565217391305
1916136.5675378873,0.1388992102729647,-0.06934980551902448,1.1591831359862266,0.5289855072463768
2933192.582570665,0.24013257557736156,-0.11642289797969396,1.4373495116011257,0.5072463768115942
4085322.4862976093,0.32508967161929747,-0.10069126780691975,1.953107822706644,0.6304347826086957
5013852.959665688,0.38049334915674615,-0.06007267827945822,2.0668274544691014,0.5869565217391305
4369246.804271984,0.34301639827654196,-0.11886435212746055,1.7728494396494985,0.5507246376811594
3832526.9696783354,0.30826897957094657,-0.07593751677617007,1.9441859785229036,0.6304347826086957
4198638.916480819,0.3323603666397672,-0.10867940682280272,1.7381782001604942,0.6231884057971014
2532731.991814681,0.2042533059487288,-0.10679533235998398,1.2880757602075252,0.5
3317855.145946061,0.2710758994566649,-0.12323925349492328,1.593298753995937,0.5507246376811594
2948887.677338912,0.2414568985716099,-0.08251355264937778,1.4306953463906729,0.5579710144927537
2920121.808062305,0.23902535447767237,-0.05690744892259597,1.6728051154275458,0.5362318840579711
2192897.839571957,0.17004800363237393,-0.11548498955602138,1.1545949635243846,0.5144927536231884
4056576.640036359,0.3232196362700195,-0.07534208681906335,1.7732511484877582,0.5579710144927537
2682384.8784936657,0.21815967380055357,-0.09964983162405919,1.5134810883543608,0.5797101449275363
3808451.683067523,0.30662116892682856,-0.1006173117894952,1.7291098426283638,0.5362318840579711
4134559.4491517413,0.32826842272491263,-0.04330681818314759,1.980373236930865,0.5869565217391305
2203650.2976835123,0.17119318140223339,-0.06806251058757334,1.3188408742062154,0.6014492753623188
4949595.271395415,0.3769365799114197,-0.1083213619347672,1.805322154663285,0.5652173913043478
1786736.6806243332,0.12308366521985059,-0.1262840279189311,1.0359037769976294,0.4927536231884058
2679427.689488112,0.2178909638159201,-0.07352103168438341,1.5125044908527465,0.5579710144927537
2683722.448677618,0.21828113654622672,-0.0855551232886378,1.4282332733130452,0.5362318840579711
2447738.1311390805,0.19606006671222542,-0.089028085971941,1.4148941045374432,0.5797101449275363
3389491.7603879715,0.27651792179426926,-0.09797087172907137,1.783237639342145,0.5507246376811594
3714494.643072908,0.30010954654255206,-0.06102810736550091,1.823404997764548,0.6304347826086957
3269679.707417823,0.2673630537432914,-0.06227709891327999,1.6831322893101,0.572463768115942
4497849.523184224,0.3508308934654192,-0.08248062261660313,1.7803030953565162,0.5652173913043478
3274075.989838087,0.26770367987423205,-0.11546248329666157,1.5061313585724136,0.4927536231884058
3538720.691948923,0.2875652798608459,-0.09996924055718914,1.595131209638429,0.5507246376811594
3200335.3866523653,0.26194113968545096,-0.09139482395314459,1.639418764102339,0.5289855072463768
3379562.942751526,0.27576918473142276,-0.06564244602314603,1.836736071574874,0.5797101449275363
4348907.932205957,0.3417637135978735,-0.06773598163798816,1.7676778100310444,0.5579710144927537
2793674.899600074,0.22810407712007952,-0.07089499496641882,1.650962961424379,0.5217391304347826
2657132.1943240827,0.21585737181995301,-0.08119617832291491,1.4679751799602285,0.5217391304347826
2669231.4684596215,0.216962643887753,-0.08760606487905856,1.5975787627299947,0.5652173913043478
5308448.981088082,0.3963475570561692,-0.07838317988757564,2.0822569856362856,0.6014492753623188
3106193.126924329,0.2544278601283356,-0.068414952560308,1.7097509982580614,0.5797101449275363
2777288.1744018383,0.2266599585891247,-0.07636201953651715,1.5086764185381079,0.5
4566907.408687998,0.3549536566351341,-0.07895266287297117,1.7122597447990433,0.5579710144927537
2913662.3020389834,0.23847670730570192,-0.09681385270274223,1.6141112050284578,0.5652173913043478
2134432.907070404,0.16374144555077308,-0.14529344978425146,1.2990289607344188,0.5
2111454.988246316,0.1612249688304368,-0.09028923376053989,1.1913393894434414,0.5
1881740.9891539523,0.13478077361243512,-0.09278910924054838,1.1311009903746756,0.5072463768115942
3525734.056552092,0.28661885078484906,-0.05151920754675829,2.07598805365168,0.5869565217391305
6432259.8570276275,0.45101772036085186,-0.037727397490740014,2.3577457585477735,0.6231884057971014
5166148.249164276,0.3887797422031263,-0.10610650123510575,1.897253632446958,0.5507246376811594
2593428.8975307522,0.20997074273463645,-0.07883530269236998,1.3516736433503795,0.5144927536231884
4018499.2750211577,0.32072615617367495,-0.08109219943197674,1.701121596049605,0.5797101449275363
6668509.707599036,0.4615233476410854,-0.08623634424299319,1.9776710144170146,0.5434782608695652
2218959.461794403,0.17281597701081486,-0.07538859445774651,1.4976258845663757,0.5652173913043478
4572903.570140467,0.3553092695982518,-0.0633897407999999,2.0060254432219673,0.572463768115942
1583289.6558436495,0.09625623103555392,-0.1047718594246748,0.8618950148299227,0.47101449275362317
3761345.859783607,0.30337280098659414,-0.037970636464432106,2.1284913221860395,0.572463768115942
2940511.4159409315,0.2407508287706841,-0.06766105400181646,1.7663624757460348,0.6159420289855072
2908131.018748177,0.23800612611813454,-0.12351521744921828,1.6583259793428924,0.5942028985507246
3001043.078497091,0.24581755391403814,-0.08992071494214361,1.5540027080213827,0.5289855072463768
2550955.0346011454,0.2059812639471008,-0.18022247884780043,1.3666867029069445,0.4927536231884058
7148287.310587782,0.48197337067390755,-0.035252575346244416,2.2961630936955792,0.6811594202898551
3046720.7381188804,0.24958709016554415,-0.08619192022544676,1.6402225758374789,0.5144927536231884
3922349.933007697,0.314344667078188,-0.09037036741403874,1.8721814204509497,0.5652173913043478
1891051.557223567,0.1359015022417034,-0.07003581870576983,1.0965037175757815,0.5217391304347826
4783507.8392097475,0.36756915851204286,-0.06392857895515408,1.8612477793201896,0.5797101449275363
4366060.785840554,0.3428204778451862,-0.07045536003267536,1.6340272934341755,0.5507246376811594
3896650.829730388,0.31261782714377273,-0.06767462546117937,1.734755746556325,0.5797101449275363
3232747.650801106,0.2644869772007441,-0.07457286729484802,1.5436076961663945,0.5362318840579711
2858793.876489416,0.2337767123454635,-0.06661281543615526,1.6492757602969463,0.5289855072463768
2340602.5074587194,0.18540166577001527,-0.0658261463879921,1.1728456885847127,0.4855072463768116
3708152.106928827,0.29966525301651825,-0.07088133800808787,1.9205947616854326,0.572463768115942
2795438.6440564576,0.22825910696704965,-0.07588309617094743,1.5141664313693066,0.5434782608695652
3747913.1936821053,0.30244053706853635,-0.05234756137590078,1.6319806437108937,0.572463768115942
1590681.5745579265,0.09727794505197185,-0.16504587701167217,0.795853435642271,0.463768115942029
3768125.9147804393,0.3038423443274747,-0.06122963092811674,1.6914926159209938,0.5507246376811594
4273357.964838604,0.3370691076289487,-0.08818606413770758,1.778960074992916,0.5289855072463768
4473305.459049648,0.3493534102294946,-0.10970429314426965,1.979815598377624,0.6086956521739131
3235609.284816802,0.26471076320425957,-0.06102693839595446,1.5900662025473415,0.5797101449275363
1547721.0714873127,0.09128588780774494,-0.11994195641885097,0.6720748619702904,0.43478260869565216
3645145.075154593,0.29521827511648757,-0.11774943027998808,1.7460906691996836,0.5289855072463768
4154282.3941434626,0.3295332501195414,-0.05663984357724313,1.9598217140059748,0.5289855072463768
2408979.4775227774,0.19224804793779282,-0.07995142086543106,1.4537858047329713,0.5579710144927537
2453794.5309435152,0.19665136029720975,-0.14181738801458463,1.4049401490988058,0.5579710144927537
6696269.453067394,0.4627381356379998,-0.061372863666750786,2.4091841903294067,0.6376811594202898
5768412.537691056,0.419747989731728,-0.0891137751507079,2.0367797858949075,0.6086956521739131
3568770.6216034205,0.28974462615822305,-0.06184538676050998,1.6720213458452322,0.5217391304347826
2394102.1919858195,0.19077178840981812,-0.08267735107240293,1.4026539641958349,0.4782608695652174
2415520.786289801,0.19289482850918005,-0.06579632291360388,1.4022195084897384,0.5579710144927537
2086840.0600266205,0.15850478795127243,-0.1019351903135496,1.3533182838217288,0.5869565217391305
3822883.219278863,0.30760991897560963,-0.07250456257055246,1.7654831968013667,0.5652173913043478
2812708.0857820846,0.22977293932679665,-0.1243337377111142,1.419222192222185,0.5434782608695652
3740086.487632521,0.30189610904030784,-0.08075221364037147,1.6155700980945242,0.5289855072463768
4765257.216092276,0.3665240189114416,-0.04498295400839474,1.9716820627010903,0.572463768115942
4835180.179604367,0.37051102163162875,-0.07384894723061433,1.9179868382576628,0.5652173913043478
3224843.7705524014,0.26386805216648734,-0.07076548500463013,1.3961525677187072,0.4855072463768116
2464191.663102935,0.19766372775915686,-0.06440086985488729,1.4986292453897188,0.5579710144927537
3072927.2913012765,0.25172941169440644,-0.05499671050803458,1.5564994238846728,0.5652173913043478
1970943.765204744,0.1453411031625529,-0.1403191772113596,0.969347523181135,0.47101449275362317
2411916.6283002514,0.19253863619116496,-0.0819386436499534,1.3290582839259353,0.4927536231884058
2098801.39398652,0.1598298152949824,-0.11665728973825201,1.0624964735211777,0.5289855072463768
4063961.274747007,0.3237010464358867,-0.06970671628752784,1.8854272606913722,0.5289855072463768
4431658.501743841,0.34683147564856953,-0.06523922697113527,1.9359421609706664,0.5797101449275363
2886930.890519721,0.23619583920870513,-0.108954577509852,1.8641294397620156,0.6159420289855072
2887785.61739912,0.23626903006384237,-0.06447110615570102,1.5249907288951943,0.5869565217391305
3283254.7556123678,0.2684136773624568,-0.05215237098475601,1.5680626475722874,0.5579710144927537
6622169.277127049,0.45948641068160767,-0.08764498582847735,1.903189234447996,0.5434782608695652
4428971.342689098,0.3466681043730395,-0.060841220075839975,1.7730330804337981,0.5869565217391305
2809995.3178006466,0.22953563233875984,-0.07819607815033462,1.588873441729161,0.5362318840579711
2616540.9188084546,0.2121196902380107,-0.10474093427726541,1.451418355254564,0.5434782608695652
4071841.884019598,0.32421401829300023,-0.07443256084086833,1.8649508222046636,0.5362318840579711
2937037.42902831,0.24045751989238395,-0.18774611818978212,1.3852235520255336,0.5434782608695652
2420837.705462778,0.19341951440296867,-0.11774999663171742,1.2693311879990616,0.5144927536231884
2677031.749331477,0.21767307862016372,-0.08156973079775244,1.3561014013784052,0.5217391304347826
2724448.807661249,0.2219564563920866,-0.07357070366189628,1.5598834921039428,0.572463768115942
3028089.481492769,0.24805504718779003,-0.15436637143059254,1.5064055366712692,0.5434782608695652
3786288.5979434154,0.30509685382302987,-0.06771979772383607,1.6588856828550782,0.5652173913043478
3385917.9418904763,0.2762486207334447,-0.06132596148126889,1.8201632202681421,0.5579710144927537
2671091.305483426,0.2171321849454546,-0.0887220790655803,1.5059699400399704,0.5942028985507246
2544923.1511025033,0.20541040100321206,-0.10146675273458607,1.4168446374236672,0.5362318840579711
3764747.8946653996,0.3036084887724022,-0.16202867819507205,1.657906407328843,0.6086956521739131
3323376.424140863,0.27149866033866066,-0.07871500715305216,1.9682681327095362,0.6376811594202898
3258599.391396787,0.26650291706199347,-0.08771356150454294,1.5058057465648385,0.5144927536231884
2230543.3386195023,0.1740379439104207,-0.08777486380224322,1.4080720643515283,0.5362318840579711
3651975.5883057555,0.29570332476387207,-0.10915244148333078,1.6001446348624637,0.5507246376811594
4047155.3126962353,0.3226044336553724,-0.049902784577200064,1.9357529377112568,0.6304347826086957
3259521.01181036,0.26657454924343926,-0.06008053105793038,1.7303925027217653,0.5144927536231884
2116922.6180169024,0.16182574715404585,-0.09264675778182652,1.153636417132124,0.5144927536231884
7211043.144484508,0.4845663719814137,-0.06940381522527671,2.116533159913214,0.6231884057971014
2178353.8587363567,0.16849184527870142,-0.08542507037940751,1.1623293979111229,0.5217391304347826
2296086.0232069804,0.18085787714690893,-0.09385811185324205,1.3335357343656475,0.5579710144927537
1983229.9404319213,0.1467654872340045,-0.06446615809708724,1.1706448109174674,0.5217391304347826
4744709.114749599,0.3653434726932552,-0.10241866245010658,1.7542223915252344,0.5869565217391305
3132612.3031692924,0.25655450013790526,-0.0782089037808816,1.7496206345779453,0.6086956521739131
2339653.7677987404,0.18530555205926746,-0.06761296543555996,1.2153079741940258,0.5217391304347826
3526241.715732213,0.2866558998784505,-0.06757150780220961,1.833586269323571,0.6014492753623188
1919030.4966615338,0.1392430171126935,-0.08616277278559395,1.2879757947604173,0.5144927536231884
2898472.3571291394,0.23718268319385993,-0.07457951378561772,1.350015477710274,0.5434782608695652
2235271.8890231275,0.17453529323396033,-0.19104838148342718,1.3039256527958198,0.5144927536231884
4415817.033946937,0.3458672154324134,-0.06341739606845173,1.8087721789217437,0.5579710144927537
3782793.4576847297,0.3048558166349753,-0.08571612138753694,1.9284551583065646,0.6304347826086957
2533371.8678847845,0.2043141489447735,-0.11102211245715125,1.4827933144979732,0.5942028985507246
5180430.394048692,0.3895467684312959,-0.06914317505964791,1.902965592135001,0.6231884057971014
4066585.7698580385,0.3238719707939499,-0.09102678374724249,1.7278774506985297,0.5652173913043478
2877968.7449055477,0.23542735873080445,-0.05718981006621985,1.8793227959323189,0.5942028985507246
2509646.59660679,0.2020499476237665,-0.06519352406220802,1.2836864379212582,0.4927536231884058
4220235.063125669,0.33372818282663963,-0.05494813032343785,1.7598201522987191,0.572463768115942
2905239.808884557,0.23775986762749568,-0.08812945207167547,1.267839871714149,0.5144927536231884
7370617.569206359,0.49107941837681235,-0.03526156493246041,2.292260206354845,0.6231884057971014
2507709.511805523,0.2018643285076689,-0.08376045820355371,1.3850629185732353,0.5434782608695652
2846803.779810053,0.23274005262819797,-0.10669453666950668,1.3760471049677925,0.4855072463768116
2549977.828522344,0.20588885362800458,-0.15689523414451587,1.1627698122324233,0.47101449275362317
3722154.737006306,0.3006453263640796,-0.05287298922228895,1.5939839266155325,0.5289855072463768
3627227.611694042,0.2939424526347836,-0.06256538688523217,1.6898711029209263,0.5869565217391305
2893930.509543388,0.2367947118897784,-0.0703677136153086,1.5636761521063494,0.6014492753623188
4845523.59276163,0.37109687973172534,-0.07229467388149283,2.1720460456620185,0.5869565217391305
3879196.393719212,0.3114397813784493,-0.0621260537010446,2.1665866390822104,0.6376811594202898
3591032.6450822344,0.2913497138519432,-0.09707880231164569,1.7167008825307157,0.6231884057971014
4538809.159816627,0.35328224686263776,-0.06641480347571385,1.912389085220483,0.6014492753623188
3937643.6127722515,0.3153680275253612,-0.0887404264331677,2.1159453594517443,0.5942028985507246
6369549.22888435,0.4481773134066471,-0.061775472177687744,2.0651890604709453,0.6014492753623188
1564837.5091323152,0.0936890135709274,-0.13540890739369355,0.906769275894901,0.47101449275362317
1942742.167422826,0.14204451767994764,-0.07927104679214766,1.0644048515906188,0.4855072463768116
2567787.244985757,0.20756858822485613,-0.08373370430139587,1.3371935195312354,0.5507246376811594
3172629.243696258,0.2597485426307109,-0.10488221208697493,1.5928142852737939,0.5362318840579711
3546611.551996332,0.2881389870424047,-0.09832793116785038,1.6221540268910657,0.5797101449275363
3326507.347917951,0.2717381436565103,-0.055045551940118585,1.6390905291192353,0.5362318840579711
2877734.2227208097,0.23540722337886244,-0.08308029788093638,1.35668244678837,0.5144927536231884
4171944.228614448,0.33066182840397573,-0.05445953687680006,1.7984565831490165,0.6014492753623188
2772272.7278898903,0.22621659830878715,-0.07537135266324908,1.3532757873723193,0.4855072463768116
3568863.8881627684,0.28975136734722207,-0.073872795212521,1.7422696389978938,0.5362318840579711
2290300.599495475,0.1802621974476344,-0.16953380510158003,1.330038043775406,0.5507246376811594
4251488.005428664,0.3356977414878237,-0.057728064679857756,1.7315937263024266,0.5507246376811594
3104247.578108963,0.25427067979742013,-0.09137273589304201,1.5914128296668102,0.5579710144927537
2110255.881430777,0.16109304565915017,-0.12652592134629695,1.116514572692571,0.5072463768115942
4389313.962593198,0.3442477842958318,-0.05755465515865601,1.8135569885812972,0.5797101449275363
5124442.957732713,0.3865301976262734,-0.05764903567270631,2.1371315432041875,0.572463768115942
3566960.967556473,0.2896137987455072,-0.09030929992004749,1.7557266511180611,0.5362318840579711
2554719.6210451876,0.20633700076272032,-0.0714319558504026,1.4147333448749428,0.5434782608695652
3519813.4975750516,0.2861864514900154,-0.0712977595770777,1.6361316442611735,0.5652173913043478
1934601.7364014094,0.14108583607553027,-0.09214496475648762,1.069917118883663,0.4782608695652174
1763749.5434121226,0.12017888697037038,-0.0989305294473577,1.0700378720154016,0.5144927536231884
2009239.0927843454,0.1497576924063697,-0.0822627084246284,1.2500325561948604,0.5144927536231884
3403550.987624125,0.27757513945894985,-0.08384882547706181,1.6498914972219436,0.572463768115942
2668154.9033232015,0.21686446199639753,-0.13977432722318064,1.5311099133667696,0.572463768115942
2225119.4289742135,0.173466416923443,-0.1281922080987109,1.226656498366717,0.5434782608695652
3464734.1368233883,0.2821356707300926,-0.06743645711905562,1.7714487021402177,0.5507246376811594
3714374.884365643,0.3001011630900745,-0.06604541018889619,1.7594930343556676,0.6159420289855072
3906185.8199121524,0.3132595867614205,-0.08890615960501373,1.7366434309675784,0.572463768115942
2927490.6468313066,0.23965005280914342,-0.06453105240603928,1.4745032092214032,0.5072463768115942
5086769.167324959,0.3844854821235646,-0.10899296927160115,1.9991616515446524,0.5942028985507246
2344206.0437112236,0.18576644446995427,-0.06920969953074053,1.4468768204576972,0.5652173913043478
2354261.3191849706,0.1867819527551653,-0.08155289684840683,1.3795928850762984,0.5362318840579711
5255084.0781331565,0.39352875214420346,-0.058487142859776055,2.0325243968973985,0.5507246376811594
2238392.6985012908,0.17486307935683532,-0.12723138391371078,1.1226607943758973,0.5362318840579711
3109482.698150582,0.2546934445706135,-0.07966714429859885,1.8802536419755778,0.6594202898550725
3012859.120794975,0.24679704692751803,-0.06645854916598012,1.6512549788776614,0.4855072463768116
2915637.6299995724,0.23864458774392694,-0.10564818996187467,1.4561854789674513,0.572463768115942
3235620.9201337467,0.26471167278808827,-0.12408751867696928,1.6429839033207743,0.5289855072463768
4512224.4805069,0.3516932326782669,-0.10308299930422377,1.8078204140178202,0.6159420289855072
1687504.6556231761,0.11032213011128356,-0.17948696333204067,0.981749848478708,0.4927536231884058
4517865.328448989,0.3520310211082831,-0.06876449063859441,1.6956105960734735,0.572463768115942
3547756.967920667,0.28822217993332444,-0.088858402277547,1.418340766782761,0.4927536231884058
2911683.5352836307,0.23830844329412293,-0.0960337392529771,1.7007198398815495,0.5579710144927537
3754104.845389525,0.3028705862232324,-0.05335729941355266,1.874920713246249,0.6086956521739131
1850859.2283061077,0.13103144072844897,-0.07150992567659274,1.2800832087313738,0.5579710144927537
2766230.1303349254,0.22568158586967235,-0.10672052963232259,1.3990342767739923,0.5869565217391305
2796242.8179337434,0.22832976637873736,-0.05411627945422249,1.464939451571495,0.5652173913043478
6605474.439619079,0.4587497790505317,-0.054449923696594925,2.330803634775329,0.5797101449275363
1830375.3006077951,0.12851680162780177,-0.0908935199849811,1.1082360714326167,0.5072463768115942
2957439.5748854764,0.24217612012711642,-0.08509286853996248,1.520661222783635,0.5434782608695652
1972166.9091228868,0.14548322486098142,-0.13353323033128783,0.9797862290000338,0.5289855072463768
2811021.431104673,0.22962541602054176,-0.08459110400596859,1.5584554540886073,0.5942028985507246
5588374.645408738,0.4107728809831177,-0.07412249219823454,2.1120594314899646,0.6304347826086957
2225247.17742805,0.17347989081396253,-0.11007824922040721,1.0540997174240307,0.5144927536231884
3220868.848409624,0.26355633127657496,-0.06943248314998472,1.691685215706211,0.5869565217391305
3580610.31313578,0.2905992596641276,-0.10871000497206548,1.7039507907066984,0.5507246376811594
3012432.8068287987,0.24676176103731406,-0.1520585007277108,1.5369250863554873,0.5579710144927537
2626429.16807952,0.21303446013590865,-0.06402312325705313,1.4986107144103664,0.4782608695652174
2215946.7238303022,0.17249733146613577,-0.06467687603158728,1.1777538307398074,0.463768115942029
4253084.875729888,0.3357980647473351,-0.12292969164207225,1.9480201805411075,0.5869565217391305
2431918.9823685912,0.19451008436026096,-0.10112115871006609,1.2380462235443794,0.5144927536231884
4506447.985542085,0.3513469710696939,-0.06406026286480951,1.8813670475277606,0.5869565217391305
2217286.1810792657,0.1726390433985452,-0.07205171191886976,1.8442170260538,0.6014492753623188
2713775.690676019,0.22099754173315667,-0.06108597118933447,1.5927506060958985,0.5289855072463768
3770488.758107846,0.30400582096336426,-0.06902102213475844,1.6364109698211813,0.5507246376811594
2557642.472001484,0.20661290820269618,-0.06952317679492186,1.5427247821471772,0.5507246376811594
2302497.0007461063,0.1815165643478991,-0.061942635568737914,1.35217871872806,0.5289855072463768
3230771.2689984096,0.2643323273059335,-0.08206047482791681,1.5874336231736264,0.5507246376811594
2418895.4171703737,0.19322795187035413,-0.10577669517792629,1.3852031027662162,0.5144927536231884
4965549.995299043,0.3778231320669405,-0.06482401228175252,1.9291393004473225,0.5797101449275363
2932493.7455291576,0.24007347729725437,-0.1374210261451591,1.3708945271991297,0.463768115942029
1618786.1541777155,0.10112822819587364,-0.10578638413043646,0.9691904159910751,0.5144927536231884
4148225.0678494163,0.32914530740824,-0.06505299955788803,1.8359242511099791,0.572463768115942
5409684.597708114,0.4016332422226465,-0.05282595503126082,1.9500474868126874,0.5797101449275363
4024247.4304574407,0.3211037796932472,-0.0870848135194732,1.7085156145946607,0.5579710144927537
2704678.470502342,0.22017782713616674,-0.06465701742183685,1.412954720947758,0.5289855072463768
3663558.0716051026,0.29652416592459274,-0.06726672092594166,1.7839173135301716,0.6086956521739131
1445537.5345492493,0.07647977480194124,-0.11432757978983102,0.7462712465458876,0.5
5189547.389244103,0.3900355147935155,-0.061927623596573216,2.1479375373952982,0.5942028985507246
2558341.1754324413,0.20667882613132704,-0.09752541843137816,1.4439342869886331,0.5362318840579711
3928951.6759351525,0.314786806608758,-0.06600411088415996,1.7396008523070479,0.6159420289855072
3436979.5382324927,0.2800749218245293,-0.07709002358099945,1.6927108538847122,0.6086956521739131
3783511.1478051315,0.3049053256064336,-0.06412137473589453,1.8786544831205023,0.5797101449275363
2548494.0139867608,0.20574848126783074,-0.08409351694393698,1.247274870646745,0.5289855072463768
3871142.912507823,0.31089480060409636,-0.05282961742941732,1.7934823120747194,0.5942028985507246
2837005.3858540915,0.23189029003710715,-0.09831967933826051,1.4699595034092663,0.5289855072463768
3191239.107661471,0.26122296235659714,-0.11040006582231285,1.458435245832783,0.5362318840579711
3287637.8357825964,0.2687521580997605,-0.07046904846983319,1.7973910966721067,0.5144927536231884
3286111.16566532,0.268634302910826,-0.0659565316857722,1.8651546740107563,0.5942028985507246
2383235.143720578,0.18968881597993548,-0.07514470340609954,1.589681962308087,0.5869565217391305
2172464.1936776387,0.16785930520742642,-0.10892876082531824,1.1499121949368645,0.5072463768115942
2262475.0597794526,0.1773802869966632,-0.08253596696937701,1.4169870384537242,0.572463768115942
3649980.819530801,0.2955617469595839,-0.1221500871828468,1.609191868890181,0.5
1943297.554525259,0.14210980727815614,-0.07658527813104093,0.9857198371956577,0.47101449275362317
3501213.707767453,0.28482424722604605,-0.09308983184300361,1.6587838399891073,0.5362318840579711
2793217.8516511475,0.2280638906842809,-0.09457102301030174,1.4772672091802215,0.5869565217391305
1627773.535860981,0.10234819851100463,-0.10131401878291847,0.8614125516122485,0.47101449275362317
2863433.4572245376,0.23417691568758148,-0.09878759188138844,1.512227450179794,0.5434782608695652
6953079.168224501,0.47378942124740897,-0.061156890826916464,2.3167915049079255,0.6086956521739131
3777431.417518746,0.30448568488833905,-0.06046584959999992,1.7320664910285821,0.5869565217391305
4342272.112594134,0.34135399504777,-0.08445914336844748,1.737854836979696,0.5434782608695652
2285572.3476954675,0.17977447186734974,-0.13682391778349734,1.4126052777244689,0.4927536231884058
2497158.820736029,0.2008513010032109,-0.0484020733677035,1.469339082041226,0.5362318840579711
3500058.759500038,0.28473947083135775,-0.0679703409074399,1.6329981786135799,0.5362318840579711
2966184.174762907,0.24290982970642383,-0.09700140435966531,1.5151668274042447,0.5072463768115942
2857458.260588671,0.23366140778695565,-0.06705571129007229,1.3352420214644962,0.5289855072463768
2256264.8922407054,0.17673322837736327,-0.0964839859262344,1.2152666278889461,0.5144927536231884
3043578.947733117,0.24932926797411237,-0.09340032423025306,1.4737310187582127,0.5797101449275363
1511616.5660587219,0.0861463036459078,-0.11580567283392959,0.7015606854304873,0.43478260869565216
4328292.876931388,0.3404892267278834,-0.11258146471977025,1.7734121023856515,0.5652173913043478
3230447.4498113184,0.26430698156353594,-0.16570091933414452,1.4964472176714,0.5434782608695652
2497311.450175906,0.20086598014808876,-0.0952954889238429,1.30853943279808,0.5434782608695652
1830614.6806996483,0.12854631801437444,-0.08064316596585619,1.1135923581460256,0.5289855072463768
2950798.3690086505,0.2416177339156469,-0.09100151873339826,1.5454504655249255,0.572463768115942
4678518.02618979,0.36151258931851094,-0.07393963635558398,1.8813941833199248,0.6159420289855072
3831610.4781063325,0.30820640298842106,-0.06752197371527745,1.6083228413880668,0.5144927536231884
2246062.9948258754,0.1756671582263165,-0.06887455962298845,1.430829890004598,0.5434782608695652
4590873.865670746,0.3563728001889004,-0.08337891663986613,1.9125603577616197,0.5652173913043478
3528948.1275976133,0.28685334251095096,-0.07257629180426206,1.670146909416467,0.5652173913043478
3522993.942646309,0.2864188028727537,-0.11095426233264956,1.5480357440563188,0.5362318840579711
2832706.1380000026,0.23151669786718365,-0.09611254589586142,1.365050627172219,0.5289855072463768
3868860.339206305,0.31074017342966287,-0.07133247259593982,1.6183226295302717,0.5942028985507246
5070101.608910515,0.3835769959604036,-0.06984457972012247,2.01605281537479,0.6159420289855072
3352290.936464258,0.2737034952091375,-0.056182797799743764,1.6140416207990749,0.5579710144927537
3580117.186069716,0.2905637090493649,-0.11370946880047131,1.7281467125995948,0.5579710144927537
2579225.8276363933,0.20864253437258173,-0.10853949276126933,1.3390509703893654,0.5072463768115942
6293128.021602553,0.4446854981929811,-0.0649753029186936,2.058443605202883,0.6231884057971014
3146251.865261857,0.25764682052866084,-0.13901369529533952,1.468540572851181,0.5217391304347826
4218489.452260133,0.3336178308833113,-0.08717044639515324,1.7320778495625224,0.5434782608695652
2692344.4068261306,0.2190629235418442,-0.09491526853499811,1.4753277265913216,0.5289855072463768
4310815.094618758,0.33940488636704247,-0.09804695042473785,1.8029453371998265,0.5942028985507246
2282991.131433307,0.1795078752178243,-0.06286738943868247,1.2920804648739403,0.5434782608695652
3685657.320116352,0.2980845792831457,-0.12642370278931261,1.7531201285457951,0.6014492753623188
2231894.1316953185,0.1741801064302102,-0.06773136426232514,1.3783648667505208,0.572463768115942
3447943.1516577387,0.28089054341984254,-0.06396429765145598,1.7581474507990298,0.5289855072463768
2337975.953715247,0.18513550185072725,-0.1268051487923085,1.2525444756001411,0.5434782608695652
3839866.1118647708,0.30876965319527705,-0.08491373906720022,1.6415002783556505,0.5797101449275363
2053297.62353943,0.15475640794488754,-0.08247997097669474,1.0658453432554702,0.5652173913043478
6164077.898655994,0.43871119737465736,-0.08304293819659217,2.2235510322347705,0.6086956521739131
3174185.0141417785,0.2598720676369739,-0.0957487398383451,1.6252119478713614,0.5217391304347826
3741096.3297293913,0.3019664051434994,-0.10352274940783152,1.8510682550231015,0.5797101449275363
2059583.953625663,0.1554626189047037,-0.14947563833859812,1.0088718457658294,0.4855072463768116
5597560.132486119,0.41123634756698624,-0.06765894346055534,1.9000990888655127,0.5652173913043478
3952854.8830945063,0.316382724372138,-0.07255037696245371,1.7876869130725785,0.5869565217391305
5244594.673208825,0.39297199712896536,-0.06207684045354968,2.0956050876708847,0.6231884057971014
2084473.0038721906,0.15824185539831026,-0.08129292960961042,1.1221504595774558,0.5434782608695652
6175990.684303849,0.43926686277836,-0.048902472193976095,2.1802063220262085,0.6304347826086957
6513738.572458157,0.4546753005328754,-0.10531846433179382,1.9787168112141635,0.6159420289855072
3363973.012891974,0.27458998174996685,-0.08326937838101119,1.6629634597929264,0.5579710144927537
1980029.9436888932,0.14639518054640255,-0.11724020173571228,1.1627555182156786,0.5362318840579711
2854064.0120435455,0.23336818604479004,-0.08124781325917042,1.4584474984434408,0.5289855072463768
2869787.538626212,0.23472416843219723,-0.10342558193895927,1.4890065361153324,0.5869565217391305
4491588.830381229,0.35045463143870736,-0.06156337467779,1.845582665388087,0.5434782608695652
2335784.587025602,0.1849132548520478,-0.1275390764950807,1.1902984947780977,0.4855072463768116
3003758.4688558117,0.24604291937512301,-0.06175018081422886,1.6003381011967923,0.5797101449275363
3228315.0732592414,0.2641400269407921,-0.11579093879791703,1.583236320832911,0.5507246376811594
2815587.0377218686,0.230024583538319,-0.14277924235617975,1.3998528521478526,0.5579710144927537
2037967.9419928272,0.1530269800800821,-0.09259319470205407,0.9983760174535424,0.5144927536231884
3077603.543784078,0.2521101459245936,-0.07051689093157008,1.594804848354072,0.5507246376811594
3241605.006467028,0.2651791287415042,-0.10437542647653913,1.5272697800722228,0.5507246376811594
3297951.152033513,0.2695471759596588,-0.10528999040560155,1.6555509680099456,0.4855072463768116
3939514.23984525,0.31549298020517913,-0.09913898257780315,1.8070959378468896,0.5942028985507246
6615731.849844916,0.45920254620549916,-0.07217547821506526,1.8454907192458097,0.5507246376811594
3078619.4677306656,0.25219279989439225,-0.08918295056842662,1.8253670817008283,0.572463768115942
3546992.749195735,0.28816667622445813,-0.07222989581119717,1.8198842994983355,0.5579710144927537
3732064.9067947217,0.30133717887796285,-0.07879889592781919,1.5197105411828076,0.5507246376811594
2815336.8167617177,0.2300027203268722,-0.08585151300437764,1.4775343588466932,0.5942028985507246
3841970.6932838745,0.30891308572907117,-0.07518049742888651,1.7214234156646229,0.5579710144927537
2608028.1309513142,0.21132994739117406,-0.07246165513939588,1.6363350227366174,0.5652173913043478
5461859.214823985,0.40432652954755577,-0.0864892314723313,1.9312689792184365,0.5507246376811594
5640416.5820000665,0.4133907220392108,-0.05494658939737337,2.1358854383693067,0.644927536231884
2310405.0128316674,0.18232704423020119,-0.11015521062683183,1.4037925047636275,0.5289855072463768
2290404.063273981,0.1802728608671058,-0.11969976779045545,1.197728602407842,0.5
3994407.391529594,0.3191387296906665,-0.05675621937203808,1.7952121766570053,0.5579710144927537
6679349.424743351,0.4619981826363784,-0.06149581435512103,2.142784789570661,0.5869565217391305
5459335.265650856,0.4041967164569038,-0.06628896430343947,1.9311199440743136,0.5869565217391305
2695468.0695820665,0.2193456641510152,-0.10205396240891022,1.4375005287071843,0.4855072463768116
6908279.240395999,0.47188532998171784,-0.052258274217582154,2.1851630103667485,0.6666666666666666
2741614.0521543883,0.22349236479474976,-0.04779153270309935,1.4712335068172788,0.5869565217391305
4381689.200532357,0.34378043568894157,-0.03313060105785367,2.0613790532049303,0.6014492753623188
2379224.372231267,0.1892881181894408,-0.07034230486266853,1.3948131349540314,0.5579710144927537
2184665.2295544352,0.16916815902909188,-0.09071976279740786,1.2618391780129832,0.45652173913043476
2469507.632114783,0.19818002334620566,-0.08443464914712846,1.3382929866111568,0.4782608695652174
3126297.549318173,0.2560474959255681,-0.0969265414512767,1.5308096205137238,0.5434782608695652
4845067.526652538,0.37107106892509245,-0.07865554136173417,1.9461860761452694,0.5652173913043478
1707107.848133234,0.11288987638560988,-0.04447999999999999,1.1289810463764351,0.5217391304347826
2980420.0757961567,0.24410058993330086,-0.07964623073549215,1.4821658577829306,0.572463768115942
4163307.427172328,0.3301104216690365,-0.039022579459146924,1.8464081288899066,0.5797101449275363
3963329.9929179316,0.31707967179579355,-0.04817427747644031,1.6989327835699974,0.572463768115942
6419088.520356485,0.45042298330972175,-0.04560915237887669,2.0077092099958005,0.6086956521739131
2675445.840596227,0.217528771318376,-0.07612670214907787,1.5046622297439922,0.5507246376811594
4278607.010690204,0.33739741578134375,-0.08044031469957459,1.7517573395780377,0.5942028985507246
6368928.487677036,0.44814908602834747,-0.07933320638986258,2.250813792531512,0.6594202898550725
2049779.0729604778,0.1543603760541823,-0.1178619142028183,1.0570775928053873,0.5362318840579711
2805787.238575975,0.22916715589302972,-0.06690590042594433,1.4546617129271286,0.5507246376811594
2223523.6640526643,0.17329805616708738,-0.06273062941829725,1.3391250514743345,0.5217391304347826
3834809.5307394266,0.30842477717933425,-0.08577996672609113,1.6238256733034764,0.5942028985507246
2110306.366363063,0.1610986011127209,-0.06988120317423428,1.2454877912657978,0.5217391304347826
3613277.453607917,0.292945628788132,-0.07876398165595853,1.8247662878541986,0.572463768115942
3600016.055339872,0.291995162364852,-0.06288585095269718,1.5798030786007773,0.5869565217391305
2632448.245724644,0.21358994168315504,-0.05007583017576066,1.4571567378386032,0.5579710144927537
3817902.5054581934,0.3072690125329043,-0.08087170226030968,1.4992940286011398,0.5362318840579711
4484710.068218726,0.350040739943307,-0.14332654687627283,1.8550496938072658,0.5869565217391305
2015615.4827282398,0.1504865269823239,-0.12923147886488298,1.0290759947429744,0.4492753623188406
3956066.4783332185,0.3165965604641807,-0.0558889088,2.074774934003836,0.6231884057971014
5086706.825354449,0.38448208853626453,-0.11589175941138688,1.7823726213549203,0.5144927536231884
5701074.622191617,0.41641769972881204,-0.0745364860169661,1.8360198435303332,0.5507246376811594
5463924.07121906,0.4044326946500616,-0.115586180217203,1.9795199312147511,0.5797101449275363
3590126.481891987,0.2912845352906277,-0.10069696524441174,1.6164807356714244,0.5289855072463768
6285485.400297544,0.44433443107405846,-0.0815546883357468,2.140426035708512,0.572463768115942
4418441.670542437,0.3460271664807555,-0.0723250529660227,1.9664875243136237,0.5869565217391305
3368164.211453224,0.27490742778066823,-0.07840210507507704,1.5703665291627458,0.4855072463768116
3837701.5972975055,0.3086220704484288,-0.09385750488161966,1.748227770600004,0.5507246376811594
1854861.6259970863,0.13152017882363864,-0.06936403682550751,1.133765133939318,0.5362318840579711
3541648.960566795,0.2877782997614251,-0.07918569949501031,1.8045716755662298,0.5942028985507246
4597772.423006646,0.35678019088080193,-0.060409200251972786,2.232029909368035,0.5942028985507246
2615471.9340496715,0.21202063202981636,-0.08646390851596175,1.3007206196205057,0.5362318840579711
6265461.24578826,0.4434129906554687,-0.04541747628064006,2.272323934884698,0.6086956521739131
2950805.5539406314,0.24161833856084192,-0.09874908383680386,1.3519515722859892,0.5144927536231884
3094240.0907510393,0.25346093023725724,-0.06612180400268472,1.5851354628550236,0.572463768115942
5705298.449940323,0.4166275174412617,-0.08667266524281313,2.0999700803257126,0.5797101449275363
6808508.7949125385,0.46760911553890794,-0.11411819913428506,2.0972546290691474,0.5362318840579711
3221713.5204504365,0.26362259779124386,-0.06175524280799378,1.6332417202313967,0.5434782608695652
6833801.910575432,0.4686979110742384,-0.1053208900115152,2.0747629144100195,0.5869565217391305
3171857.853799226,0.2596872778722683,-0.07180780269178481,1.5129241274101632,0.5507246376811594
2332583.3187064277,0.18458828426258322,-0.11027187313683667,1.3479004699301946,0.5434782608695652
2499509.3314917767,0.20107728196478747,-0.14237863436231032,1.4400089676087013,0.5579710144927537
4259501.313773115,0.3362008734443367,-0.0771088216487156,1.919841502300058,0.6159420289855072
3808924.421154768,0.30665360514903317,-0.06621837905645736,1.7624279478058078,0.5797101449275363
3420785.1387903406,0.2788663475159341,-0.10314094680025881,1.585222636466725,0.5579710144927537
2567349.723345776,0.20752743423884068,-0.08821080292068172,1.3204470618739856,0.5362318840579711
2845484.4388418603,0.23262576965228776,-0.11374080419387446,1.3522634516452465,0.5869565217391305
4457765.675186379,0.34841460296163573,-0.06692838460510246,1.9657366549128823,0.6014492753623188
2095898.0233220563,0.15950874816198835,-0.12875503862187065,1.4056597780727134,0.4927536231884058
3921682.844304422,0.3142999569351417,-0.08475162855323003,1.873924467488092,0.5652173913043478
3657425.6381103233,0.2960898243914465,-0.05779317853384017,1.6799635746346693,0.5
4272257.46888397,0.33700023482435726,-0.09950858724329531,1.6467909631171989,0.5507246376811594
4261574.2956878375,0.33633090656234454,-0.073262634995853,1.7493951120340525,0.5652173913043478
3770751.825666557,0.3040240165913928,-0.09973546442245167,1.596630196529891,0.5797101449275363
2948614.249312795,0.24143387553804962,-0.08739551419706286,1.5756529082096822,0.572463768115942
3398483.502969231,0.27719448104958855,-0.13161100061652298,1.563356157372666,0.6014492753623188
5856346.260774118,0.42405036469268653,-0.05588938886807769,2.0659107984147345,0.5869565217391305
2475091.6219358332,0.19872139294504332,-0.11455792518966129,1.285432843885656,0.4855072463768116
3075488.7325077676,0.25193801817950967,-0.07746792278226752,1.657883868670079,0.572463768115942
2267975.081419181,0.17795216772266498,-0.09742042755436056,1.2860838328888198,0.5289855072463768
2654178.91156778,0.21558697743947497,-0.0860675851476151,1.4345890003088926,0.5797101449275363
2871032.681998756,0.23483129426250082,-0.08911227430394789,1.5896963314552284,0.5579710144927537
4642799.949158411,0.3594273220149713,-0.07311798103684482,1.8737922429484908,0.5652173913043478
2467677.7896427526,0.19800240649777745,-0.10953263311222318,1.3749039136188197,0.572463768115942
3757882.507556175,0.30313268998664,-0.09215770536506201,1.651427835982944,0.5579710144927537
3406909.829078506,0.27782719852527515,-0.044614618484193014,1.8645357004234175,0.5942028985507246
2064039.3894827564,0.15596210237224883,-0.11687873156977423,1.112509286834074,0.4927536231884058
2530009.668596694,0.2039943146962142,-0.10066593564362569,1.3154116213715266,0.5507246376811594
3171840.481229236,0.25968589798361297,-0.06491125666261198,1.664646961160917,0.5362318840579711
5489807.507869591,0.40576078260410564,-0.08541321732888316,1.771222875015882,0.5652173913043478
3128877.9556543725,0.2562547726371527,-0.06780480213315158,1.8250049021814658,0.6086956521739131
4185256.2069891184,0.3315099306346825,-0.09620608710975201,1.6869718619864842,0.5217391304347826
3189899.920716522,0.2611170914484924,-0.07268996983326807,1.6185876402238821,0.5289855072463768
3195757.604484475,0.261579915056781,-0.10277295179084524,1.591989839545398,0.5144927536231884
3455830.6649306715,0.2814760408426231,-0.07152533457876986,1.7227004583642065,0.5652173913043478
4217444.526766638,0.3335517565513406,-0.0706107399269725,1.8992672888394124,0.5434782608695652
2933101.8001826624,0.24012489905512346,-0.08489787349646921,1.9122749239843366,0.5942028985507246
3016289.0245537846,0.24708079387351467,-0.07798360627860064,1.603167941239434,0.5144927536231884
2534235.2955072545,0.20439622898875087,-0.08585001843930098,1.356814082606466,0.5217391304347826
4698361.595583322,0.3626655847346172,-0.10018655625775585,1.9974582917994137,0.644927536231884
3083815.654822154,0.2526152125855934,-0.06842453286406526,1.4806235403766619,0.5434782608695652
2703944.4203465753,0.22011158865467206,-0.060080529089152034,1.5965448896694245,0.5942028985507246
3586966.8671539,0.2910571673294884,-0.08894794469206604,1.5676993834358757,0.5144927536231884
5781366.052493564,0.42038505337647236,-0.08407072009352916,2.062840330937126,0.6231884057971014
3041986.2130819145,0.2491984833482448,-0.1038275182600638,1.501773595934585,0.5652173913043478
3078914.4836143865,0.2522167978330816,-0.1074675345926254,1.4357803760782473,0.5434782608695652
3657007.346106308,0.2960601768269069,-0.09822270126141266,1.990154547045175,0.6086956521739131
3959544.7792435624,0.316827997893498,-0.0894507332520649,1.9653091940244054,0.5797101449275363
2328168.810721637,0.18413956823005595,-0.08947806893447595,1.2526346055346258,0.5362318840579711
3978519.119900294,0.3180876470748,-0.09424298998852793,1.7536141376293177,0.5942028985507246
2163158.7721190853,0.16685711693025596,-0.07876038476988334,1.1990925523459957,0.4855072463768116
2780078.8365025804,0.2269063729472962,-0.07401023627217661,1.638764323587882,0.5579710144927537
1787947.3852364214,0.1232358257698567,-0.1060890803348294,1.2179959487403507,0.5507246376811594
3012749.745951177,0.2467879943826068,-0.08831988838484672,1.5269968164621543,0.5
3659840.4466029988,0.2962609273896726,-0.042442418637536554,1.834942364900266,0.6231884057971014
4513503.9053512085,0.35176987752604516,-0.056732445304707335,1.7226275387588337,0.5289855072463768
3003467.561955636,0.24601878317842374,-0.07088967423995325,1.6730113246335296,0.6304347826086957
5918931.395015296,0.42708112226985384,-0.07084929679097393,1.8639858845285366,0.5652173913043478
2111112.097280948,0.16118725081892715,-0.10204138097365081,1.2136163311607588,0.5217391304347826
2071407.5377170562,0.15678623046071993,-0.062246535140420514,1.387822925063846,0.4927536231884058
2166464.2545877267,0.16721350966598458,-0.12424945502695021,1.1107000462555672,0.5
2931816.0555451545,0.24001615659052122,-0.09207384448333984,1.6063623042359432,0.5579710144927537
5302574.8709634235,0.3960383920893744,-0.05986627360705851,2.330653700910724,0.6231884057971014
1851367.600994954,0.1310935656403982,-0.09324580248494597,1.0653521315149195,0.5289855072463768
3194772.7158955834,0.2615021451496138,-0.0643401191586066,1.5889534870574622,0.5434782608695652
2506799.260134816,0.20177706498030146,-0.15787577325097413,1.523803119917482,0.5869565217391305
3836682.3624885045,0.3085525530641917,-0.06701747082976404,1.9343075329248507,0.5869565217391305
2897880.0415280787,0.23713211431327452,-0.13251496248108624,1.5241225499645523,0.5144927536231884
1738586.9380891824,0.11696427406559895,-0.1075995960701739,0.9577031389795756,0.4420289855072464
2017374.6383006445,0.1506872774352681,-0.0872497269546134,1.0834446629029242,0.5
1873415.1314790836,0.13377481273918712,-0.17793567620920359,0.9746822896081101,0.5
2356618.541542638,0.1870195125529286,-0.12622457829227055,1.285935483719377,0.5217391304347826
2731612.2829896053,0.22259836701350455,-0.10183289950868979,1.3731992168444624,0.5652173913043478
6336394.380611971,0.4466665508664356,-0.12739716269606993,2.227504447685085,0.6231884057971014
2663554.5724561457,0.21644455804958262,-0.0867672713804824,1.5336269574603651,0.5652173913043478
2888771.665318903,0.23635344450486206,-0.08199449944244241,1.6249603035184224,0.5652173913043478
2224489.1743130493,0.17339993361680084,-0.09087029325086485,1.2886276082220403,0.572463768115942
5936916.421056461,0.42794732432589977,-0.06697365133666325,2.012187080255014,0.5652173913043478
1816359.3263840347,0.12678317530175875,-0.11073019728932482,0.9305800409357152,0.5072463768115942
4016999.705494306,0.3206275712914395,-0.0908172647331135,1.8341672630286974,0.5434782608695652
4311949.981500548,0.3394754026361948,-0.0838374281158535,1.6509018585794575,0.5362318840579711
2272740.3056572024,0.17844674940129646,-0.09818676160532834,1.3136421505384113,0.5072463768115942
4066643.8920829184,0.3238757550960081,-0.07794451050910849,1.8990876151128646,0.6086956521739131
4696495.340044163,0.3625573135298845,-0.11441222526764706,1.7145357913985593,0.5652173913043478
2216665.4740772876,0.17257338234059416,-0.11029837031604924,1.1212712022858977,0.5
5189904.792025367,0.39005466054309545,-0.10400967631240099,1.9908052493618806,0.5507246376811594
2646880.229570989,0.2149176964148749,-0.10275748942759831,1.4075051660011306,0.5217391304347826
2315706.3765666643,0.18286913106917613,-0.11827336636802244,1.4185121741511666,0.5507246376811594
2573755.291983594,0.208129392893732,-0.05655992829339159,1.4452612798689424,0.5289855072463768
5244965.863106629,0.3929917142864605,-0.06937129599999997,1.9583118507363775,0.6304347826086957
5813008.584971196,0.421936468925024,-0.0589940449497895,2.014488267685647,0.5797101449275363
3179959.7250688868,0.2603301448038777,-0.05839640232317521,1.5716995332904824,0.5579710144927537
2785527.499936517,0.22738691797342003,-0.09561135384642658,1.6120562259139377,0.5869565217391305
2577740.87693679,0.20850333073818605,-0.10987361857971606,1.4413404488220127,0.5289855072463768
3333677.2676074128,0.27228588987755575,-0.16839444700213643,1.5403135154083092,0.5869565217391305
2245325.240273016,0.17558991482027997,-0.08993613522711859,1.1366861714172174,0.4927536231884058
2874142.835854372,0.23509871387516346,-0.08880717887276732,1.4392932182821803,0.5144927536231884
5676794.392169635,0.41520916671165997,-0.07444778081496616,1.9058827225795756,0.5579710144927537
2367331.703543442,0.18809679094441356,-0.1653228168552825,1.173159502438876,0.5217391304347826
3195901.3282968113,0.2615912623387515,-0.054275743681415016,1.6876998887842904,0.5869565217391305
3003987.678718833,0.24606193532548493,-0.0899283424329099,1.7533067567023057,0.6014492753623188
3736366.9115472985,0.30163705464799917,-0.059794206402744396,1.899047043345337,0.5942028985507246
2034843.2051166466,0.15267318475654146,-0.12309874973756842,1.0952260133920078,0.5144927536231884
4420141.448966971,0.34613071411668694,-0.09413028494976083,2.0445824213045682,0.6304347826086957
2967483.923738541,0.2430187364771892,-0.09856269268037131,1.543989613218923,0.5289855072463768
4273815.762659587,0.3370977540049871,-0.06834007783125354,1.9403305260964563,0.5652173913043478
2226358.6788976155,0.17359709703829695,-0.08130731027357546,1.3503416751127124,0.572463768115942
3485778.223245789,0.28368938648065756,-0.08398935424421064,1.9342028956492685,0.5797101449275363
3556350.759585479,0.2888456725787303,-0.09100084822229738,1.7788711931068608,0.5434782608695652
2054926.2771464516,0.1549395379257985,-0.06642907039728782,1.112722818924292,0.5434782608695652
3335176.9287591614,0.2724003373381758,-0.08084777681537136,1.6848720198687697,0.6014492753623188
2964097.8663734477,0.2427349367856837,-0.1012007718322383,1.4941673871571428,0.5289855072463768
2766351.635748341,0.22569235318289227,-0.08623627507188712,1.5336645595070129,0.5
2401136.13649338,0.19147067224672032,-0.09091483431610001,1.4874294959611039,0.5
4836934.248966174,0.37061044388858755,-0.0922073436535401,1.6672980061884948,0.5434782608695652
2030745.4084232883,0.15220855634744557,-0.14636478257597224,1.150616070108555,0.5289855072463768
2625871.4972846573,0.21298294293822329,-0.13611290771213466,1.3321336208650385,0.5289855072463768
2645209.204026411,0.21476425755898365,-0.10181892587711494,1.4086834604478875,0.5579710144927537
3225623.3033305705,0.2639291485417159,-0.09101800422549189,1.8219220636643645,0.6086956521739131
5112011.699401713,0.3858568341072772,-0.14859591827278007,1.8015885816014752,0.5579710144927537
2221452.345192422,0.1730793779937867,-0.08268163511461413,1.2128581576994408,0.5652173913043478
2746664.169346777,0.22394277336073198,-0.053639298909074484,1.7880398129680792,0.6086956521739131
2893846.3300252147,0.2367875165549913,-0.09514489505857446,1.532012496065836,0.5797101449275363
2089171.0707000261,0.15876348350755243,-0.14513188393884863,1.2191341234023594,0.4855072463768116
5641592.761620028,0.41344966317212895,-0.08968473222251745,2.4407370900570653,0.6304347826086957
6124756.519886299,0.43687095408434384,-0.09881390055323488,1.9424751635750916,0.5797101449275363
2997547.095693267,0.24552716237268335,-0.08473102874040364,1.9164384706029658,0.5869565217391305
4509494.169049396,0.35152961328795906,-0.05685751521971193,2.0642022047059423,0.6014492753623188
3298140.63247863,0.26956176373399354,-0.08263375863414345,1.546752855623565,0.5579710144927537
4960054.844097304,0.37751804198741623,-0.05827770880000007,1.8728511624337554,0.6014492753623188
3356179.640919917,0.2739988609696389,-0.0514090376225956,1.667007960744288,0.5942028985507246
3612175.7479753164,0.29286677410508766,-0.0650583570895998,1.5631315366158542,0.5144927536231884
4706081.847489969,0.3631131115413324,-0.05889879680000003,1.9659963369320104,0.5652173913043478
3407740.5448522544,0.27788950764092,-0.06213882736753315,1.6682123715704102,0.6231884057971014
4382947.735168226,0.34385762053138436,-0.04378842542099606,1.9810543788267598,0.6159420289855072
3519628.259289953,0.2861729135006694,-0.08771023226185261,1.7025068263407703,0.5942028985507246
3933885.228811642,0.31511683431922344,-0.08576496831155979,1.97439374939518,0.6159420289855072
5168231.489903421,0.3888917287681577,-0.04572100494746307,1.9076267985937563,0.6086956521739131
3681803.711890534,0.29781301834327967,-0.06847506059526708,1.587235165820144,0.5942028985507246
3028619.3844881393,0.24809872501326602,-0.06936584261326086,1.5574779430580776,0.5289855072463768
9078560.73333522,0.5545453665437081,-0.06086751517484818,2.3451426105596114,0.6231884057971014
2690526.869080149,0.2188982869953644,-0.08452304040017929,1.8219386509526014,0.5797101449275363
3168820.903753792,0.2594459635692985,-0.06534566833392974,1.6731857904149834,0.5507246376811594
5140210.114917823,0.387382379347998,-0.07417019857314223,1.9590148138055148,0.5942028985507246
2673318.191998594,0.21733506171180084,-0.06695001635240744,1.333097354728021,0.5217391304347826
3330007.9929767256,0.27200569340667413,-0.08603843610321371,1.5296756690172029,0.5579710144927537
2325316.762421427,0.18384930754895046,-0.06541692105348025,1.5412586275426317,0.5652173913043478
1912691.6446868605,0.13848940185806224,-0.11063118308397085,0.9964460836789695,0.5144927536231884
2292671.1832375797,0.18050642326684518,-0.07223700879031869,1.4216865021524148,0.5362318840579711
3178741.5024904604,0.260233565092143,-0.06119020847956277,1.60784795214426,0.5652173913043478
3387817.1210369915,0.2763917595322216,-0.05517296141840822,1.549391723343172,0.5579710144927537
2243900.284209399,0.1754406634463852,-0.11684090734460696,1.1861405345441425,0.5217391304347826
3820555.5744943423,0.3074506468879483,-0.06465569672932296,1.7021636679215721,0.5507246376811594
2700011.8254710725,0.21975647792301167,-0.08750334460877943,1.3955726216286983,0.5434782608695652
3409883.9702364574,0.2780502224546837,-0.0811065470530999,1.5655435399127104,0.4927536231884058
6431658.177001823,0.45099057341508164,-0.060465849599999996,1.9435217922560537,0.6159420289855072
2677879.105315286,0.21775015443046897,-0.05578238737745948,1.4787574988456813,0.5217391304347826
3793157.395637642,0.30557003213750167,-0.06409832025465162,2.0722988365846273,0.5869565217391305
1575146.178562317,0.09512620896051471,-0.12174704319788439,0.8236486928634436,0.4420289855072464
4081358.481152337,0.32483242376905097,-0.03995065735246005,1.9203069930365626,0.6304347826086957
4001370.865309934,0.3195983417579269,-0.09440258651075094,1.7442378584216247,0.5434782608695652
1967016.9983136684,0.14488435994324944,-0.075743988798542,1.2506661854337637,0.5579710144927537
3556935.5752023435,0.2888880580212412,-0.08166084997029549,1.770966880109888,0.572463768115942
3345663.590706359,0.2731994842644112,-0.07892019359935408,1.8052257972433208,0.5942028985507246
4133768.582755459,0.32821760409437806,-0.08672448575521671,1.9957469681431808,0.5434782608695652
3020243.65987584,0.24740763028451873,-0.06234060943701943,1.4674859116077459,0.5434782608695652
4774045.362455292,0.3670276796087304,-0.06337044469521014,2.0466869179561358,0.6376811594202898
5666019.314313212,0.4146715189232659,-0.06817267978429112,2.036770513992318,0.5652173913043478
2010367.2656532053,0.149886779502731,-0.1652384739654803,1.0825791395801858,0.5072463768115942
2740467.8190728338,0.22339004244105398,-0.07586631071683213,1.4727896844184905,0.5579710144927537
2509467.86672083,0.20203282582097648,-0.07615702648531497,1.663692991742824,0.6159420289855072
3822947.23428673,0.3076142981885637,-0.08979126992086571,1.6330667992460344,0.5072463768115942
2235037.323234616,0.1745106414353379,-0.10643124973389809,1.2114932383724804,0.5652173913043478
2592471.3543251846,0.20988138070019602,-0.09601440502855901,1.308427873710476,0.47101449275362317
5578079.800653564,0.4102527153637745,-0.07772827344223134,1.8314830699034976,0.5797101449275363
4990648.694578558,0.37921318399894033,-0.0866390665499249,1.959510280004899,0.6086956521739131
2738240.5622570417,0.2231911209259667,-0.07388229177208189,1.5886760072338815,0.5362318840579711
3666329.8041719887,0.29672028844539455,-0.06287010024403324,1.593431081797916,0.5144927536231884
2912211.09034778,0.23835331276855598,-0.11546993005703397,1.5209685400677315,0.5507246376811594
2921999.890777451,0.23918468986445895,-0.10205969957958003,1.5427066999455918,0.5
3884168.024463607,0.31177576098854143,-0.11678033952523306,1.744355686893722,0.5507246376811594
4575858.584012417,0.3554843847227891,-0.08587875776670313,1.6292954833705666,0.5217391304347826
2979374.651707221,0.24401330054359338,-0.0891261945190703,1.6979438845245516,0.5144927536231884
2008480.575060439,0.14967086915921013,-0.19675575744664625,1.0988031652076078,0.5289855072463768
1505986.5976887352,0.08533603206146001,-0.07921025956059952,0.8983499582078364,0.5072463768115942
2088036.7973639637,0.1586376307160291,-0.06363241043963884,1.2589791518641307,0.5362318840579711
2772927.6463327594,0.22627452882775523,-0.06785443673952989,1.4916177805954642,0.5507246376811594
1981191.4022799556,0.1465296409601622,-0.09407864663446414,1.1277583012571217,0.5579710144927537
3156150.45635498,0.25843717649235565,-0.07534376720517008,1.6744887363557042,0.6231884057971014
3670647.5170651283,0.2970255654188816,-0.08071474015254548,1.541162305165534,0.4927536231884058
2798005.1381699787,0.22848455729150174,-0.078254094269304,1.659170440125504,0.5579710144927537
4488815.133108557,0.3502878005884018,-0.11482196328523517,1.9531151769757968,0.6231884057971014
4828403.00915637,0.370126614089334,-0.051922579598621496,2.246246827973098,0.5869565217391305
4783359.637277559,0.3675606844419559,-0.08023937881247849,1.9992600862672594,0.5869565217391305
3043065.977825139,0.24928715232406917,-0.11210806447207286,1.671543362974728,0.5652173913043478
2504423.7617717828,0.2015492124970435,-0.06850684594271027,1.3514844162864033,0.5
2259926.59123889,0.17711492544540852,-0.1546143722544767,1.3453667272093528,0.5289855072463768
2775100.8133679484,0.22646667696234735,-0.07640726884424898,1.6167023787976094,0.5652173913043478
3940962.544647028,0.3155896903360764,-0.08815602196181871,1.7231272647862235,0.5217391304347826
3112654.9263572716,0.2549493424880316,-0.1732525161704995,1.6418972405636547,0.5362318840579711
2457857.370528216,0.19704736621393137,-0.16389805861188608,1.3302743667953827,0.5579710144927537
5766721.426959371,0.41966473519166736,-0.0491943311255327,2.313554711514532,0.6666666666666666
3227340.3577007656,0.26406368211308107,-0.1200803274386984,1.588064628552471,0.6014492753623188
5977620.21346769,0.42989999209521934,-0.09800093192348872,1.997398316409555,0.6376811594202898
4079322.791787865,0.3247002381000461,-0.04214020650315613,2.4217218616087095,0.6304347826086957
3298307.741468935,0.2695746286120251,-0.07147284181346229,1.6300151989815193,0.5507246376811594
3420335.562036085,0.27883273074167025,-0.06015013951367838,1.5706909611642963,0.572463768115942
2482287.579571456,0.19941760429231103,-0.07916931147547185,1.4574632607817475,0.5579710144927537
3297389.6862859023,0.2695039457377637,-0.07489903473239008,1.59284562868583,0.5507246376811594
2563417.9703424876,0.2071573552750674,-0.08069577964015279,1.571607803070392,0.6014492753623188
2328125.5466932445,0.18413516725805823,-0.05354177329600686,1.2565187360134746,0.5362318840579711
2078397.6321182086,0.15756590825056271,-0.09260784818446911,0.9904053058439511,0.43478260869565216
2446427.052730403,0.19593191046946656,-0.09083303342150106,1.3186077206832412,0.5434782608695652
2879575.6071892856,0.23556528367715757,-0.08539952634043597,1.4802747139709964,0.572463768115942
3418714.200891859,0.2787114652734435,-0.10392910661425453,1.5175376792469417,0.5217391304347826
3179301.8938695807,0.2602779961494779,-0.05965691410701154,1.7231527789050596,0.6014492753623188
2270316.1701962454,0.17819525263929092,-0.06793313719094715,1.3947543137059581,0.5869565217391305
4712830.145329231,0.36350381539657617,-0.05762781072881515,1.9004903026609261,0.5652173913043478
3264121.120654148,0.26693184680194926,-0.08676149497504913,1.665013973264125,0.5507246376811594
5051601.859143047,0.3825658419548037,-0.06089702288444087,2.053928136169158,0.572463768115942
4461312.620160926,0.34862911539958796,-0.1266544085166523,1.8285417766785699,0.5289855072463768
3427229.2219751417,0.2793478111532999,-0.09165218218352604,1.6799654234029524,0.5579710144927537
5203585.931941042,0.39078675532431517,-0.08047073044475865,1.8094159109532226,0.5797101449275363
4558795.472396548,0.35447196894696575,-0.09963806624186264,1.7874096064522738,0.5652173913043478
4735536.526906782,0.3648151609102044,-0.07976646531896642,1.8106855070123051,0.5797101449275363
2885023.018349187,0.23603240423662264,-0.17181229120572586,1.661242832709935,0.5869565217391305
3885528.152302299,0.31186761761592674,-0.08392507261690686,1.8058193749800477,0.6159420289855072
5033251.0821582,0.38155989949676195,-0.07614025471017592,1.7617941923309601,0.5289855072463768
4146023.430040899,0.3290041907641148,-0.05620591975935986,2.1777056218052087,0.6594202898550725
4772583.451414093,0.36694394694424526,-0.0705003004612905,2.0654631547817575,0.6086956521739131
3455635.5282525923,0.28146156856952276,-0.08575243466305636,1.6685843728502063,0.5507246376811594
2157221.7117657936,0.16621589545889193,-0.11599894128978053,1.3375553497160293,0.5579710144927537
2935317.2623721487,0.24031218339053328,-0.07480644973965002,1.3857978276588352,0.5217391304347826
4661999.179102119,0.36054978659215253,-0.05546938892820119,1.7863074393232925,0.6014492753623188
2622003.3887362736,0.21262536894565742,-0.11533537124175304,1.2602201807795832,0.5289855072463768
2185746.503938053,0.16928386933188722,-0.10283576775278261,1.1522516017395434,0.5362318840579711
2526004.8689211714,0.2036129080966531,-0.07079022658097807,1.4038052093334479,0.5072463768115942
2872343.3965325155,0.23494402135579895,-0.07596148629854671,1.5421114330779817,0.5434782608695652
3104064.7696871944,0.25425590670738596,-0.09028780209093154,1.4815271094699027,0.5362318840579711
5643604.075465271,0.41355043207446984,-0.07073989530214837,2.117346075500074,0.5942028985507246
3136169.3128812867,0.2568397284055224,-0.05571751042929604,1.5168199674347815,0.5869565217391305
3604738.0683725975,0.2923339174996935,-0.07043872324687392,1.89389541999013,0.6014492753623188
4824071.035081474,0.3698806742142595,-0.08741733708556312,1.9413696659143922,0.5797101449275363
3469651.2641867097,0.28249938397947916,-0.05449305893068,1.6926326476844278,0.5869565217391305
2545352.263912052,0.2054510483728722,-0.11050805310723119,1.42580627766431,0.5289855072463768
2139333.03250241,0.16427528755148835,-0.06881500925186852,1.3493562182858778,0.5797101449275363
3330983.253071624,0.2720801911913615,-0.08468191342239094,1.73899713217147,0.5289855072463768
4074391.26612618,0.324379794984198,-0.11049169100306322,1.7309871273122657,0.5507246376811594
3217113.1568860444,0.263261519970448,-0.07833578914060799,1.756884683508915,0.5652173913043478
2904526.4302225998,0.23769907552246305,-0.14346931425571063,1.3614187078386886,0.5579710144927537
4847487.298534525,0.3712079923682321,-0.08524738003124052,2.09386179141838,0.6231884057971014
1897126.0599684725,0.13663032298687527,-0.13112902040676055,0.9770378010387242,0.4782608695652174
2494596.357178027,0.20060474868191114,-0.07344827475931441,1.2634774195382803,0.5579710144927537
4840134.921119884,0.3707917866057717,-0.04822944832025809,2.1962484930359176,0.6376811594202898
1860078.3846750234,0.13215593926396796,-0.07942977999676352,0.9646161474564605,0.47101449275362317
3754192.805346742,0.30287669150647356,-0.05247814491891281,1.7360592858121062,0.5579710144927537
5195522.951320409,0.3903554818271917,-0.05718199255588942,2.105034825971857,0.572463768115942
2942327.578064229,0.24090405709288887,-0.045290935828323366,1.69084299044213,0.5579710144927537
5087762.001458291,0.3845395225997992,-0.07618926677862417,1.856424726310765,0.5579710144927537
2942334.453300221,0.2409046370079415,-0.05771725600305402,2.0552967361052277,0.6086956521739131
3952872.1309445016,0.31638387314854444,-0.05683754729759482,2.1049341642627954,0.5942028985507246
9619798.80707325,0.5726540504224251,-0.07542494501553121,2.4827843162070042,0.6304347826086957
2675126.903212491,0.21749974184204235,-0.11699451450077451,1.3929152603081707,0.5579710144927537
2137051.378891885,0.16402683563890785,-0.0854998352997249,1.18863477049737,0.5434782608695652
2651776.7405597502,0.21536686375571867,-0.1012638156025181,1.229265717185239,0.4782608695652174
4627771.775161736,0.3585461204370286,-0.04563194090508295,2.101743326954348,0.6376811594202898
2982627.741225375,0.24428484211112744,-0.12654797536192233,1.473148322888369,0.5579710144927537
4896866.0883777365,0.37399023301088286,-0.05082286674677301,1.9810003111039918,0.644927536231884
3593611.2364740386,0.29153511496492635,-0.08182146029677992,1.7759055399742107,0.5942028985507246
4700474.316759118,0.3627881131815023,-0.037075297115855894,1.9687012061240696,0.6231884057971014
3377534.9128333153,0.27561603360603115,-0.06777079960782356,1.6418350696224908,0.6014492753623188
3296490.348938408,0.2694346887194874,-0.09351153453742556,1.8073425290648986,0.6159420289855072
2630776.8053575335,0.21343579175133853,-0.07804411689574967,1.482635096489658,0.5797101449275363
3379842.9805695745,0.2757903266236741,-0.09348233592516829,1.5688780158274496,0.5289855072463768
7880567.877107247,0.5111636654069978,-0.0539300928,2.2016950734553093,0.6521739130434783
4959747.664196474,0.37750097942050864,-0.048242108191313235,2.002546609874833,0.5942028985507246
3029604.15346453,0.24817987942202824,-0.06104996314379826,1.7584870510542747,0.6086956521739131
3011200.7842306816,0.24665976440486093,-0.09521458750374429,1.6546839000713762,0.5434782608695652
4800550.636409084,0.36854225439264554,-0.0673547623855803,1.8561856919579622,0.5942028985507246
3121524.091041822,0.2556636965308625,-0.12916186289258583,1.6167391007943135,0.5579710144927537
3093824.423480636,0.25342725148789014,-0.12398911982179646,1.315987998526294,0.4855072463768116
4071747.7020129976,0.3242078924025129,-0.04447999999999999,1.9981362096401438,0.6086956521739131
3286222.8955167537,0.2686429296667283,-0.09018275084544504,1.586476934494916,0.5217391304347826
3450137.7771678846,0.2810535600073565,-0.05716002031080496,1.8418232578571057,0.5869565217391305
3010761.6346991803,0.24662340004190875,-0.08229244216772791,1.4380442341045676,0.6014492753623188
5413325.4686761685,0.40182185922653235,-0.1487870483955422,1.8319776569578936,0.5217391304347826
6869427.599690518,0.47022603869327817,-0.04546554210356641,2.211026504771303,0.6521739130434783
3161665.580261642,0.2588766733405954,-0.08287653505393573,1.5434267911713901,0.5217391304347826
3692107.2544737738,0.2985385935836231,-0.08697854169919338,1.7213526980992488,0.5579710144927537
2752515.572365191,0.2244638190289414,-0.0902649251549533,1.3438497711303063,0.5217391304347826
7057397.01754238,0.4781854049988139,-0.12343657510540354,2.057265167695917,0.5507246376811594
3977405.568446476,0.3180138546548601,-0.04944921965505042,2.015101712125944,0.572463768115942
4677099.886810386,0.36143003972671695,-0.07597635074967586,1.7491109836251464,0.5869565217391305
3674499.39793393,0.2972976641259715,-0.0817379484591037,1.6965149601862843,0.5652173913043478
3158831.500238173,0.2586509039119129,-0.04740108578312854,1.9003701211619446,0.6521739130434783
4121782.7772782855,0.32744647947288996,-0.05763695877639267,1.799861895964604,0.5652173913043478
4683101.54217077,0.3617792579770547,-0.08282445833020832,2.046700534940586,0.644927536231884
2613777.4379046275,0.21186354399525653,-0.08412333531220326,1.3182902080553272,0.5362318840579711
6024632.534818555,0.4321421029074666,-0.06447216494003208,2.1755515990839402,0.6594202898550725
3191428.478767126,0.26123793043074195,-0.09648151609943428,1.5942551715026185,0.5507246376811594
2500230.301287949,0.20114656280636933,-0.06137086555300528,1.454165959066926,0.5869565217391305
2070407.799845103,0.15667454733583552,-0.10375836069444433,1.1463444295207557,0.47101449275362317
4644154.985196178,0.3595066645677729,-0.08731931165047496,1.7664055188197738,0.5869565217391305
4027199.576403588,0.32129755243272307,-0.0748354194993458,1.9589902385948819,0.5942028985507246
3272636.168111155,0.2675921620923014,-0.051128085149438514,1.6993657578038197,0.5942028985507246
4179805.6381170847,0.3311629377709491,-0.08809600859729926,1.597059935621714,0.5
3864304.2599041625,0.31043131497103027,-0.0855171536360592,1.6481398643880725,0.5434782608695652
4194222.1080941213,0.33207993012933024,-0.06056754583358731,1.694996419403335,0.6014492753623188
2047351.790216566,0.15408685514670006,-0.07484537680000458,1.1268469145760744,0.5072463768115942
2886615.733593175,0.2361688477281645,-0.12174046404579279,1.5312477380983283,0.572463768115942
4325764.745628003,0.3403325956988619,-0.12159909606599897,1.8673571614646618,0.572463768115942
1286705.9483340026,0.05170965705171349,-0.0989124133640343,0.5269360741901978,0.4782608695652174
2690325.59143623,0.2188800493542562,-0.09036591100021946,1.5035321862562152,0.5579710144927537
4213976.710640126,0.33333238038549995,-0.07945787796430877,1.7657954027763332,0.5434782608695652
3203050.1306303525,0.262155160084669,-0.1149828336142202,1.6992094733223728,0.4855072463768116
1944265.6193127828,0.14222357431702748,-0.1311002819850598,1.0728764254314824,0.5072463768115942
2480184.8772425177,0.19921433427732715,-0.10936603737311135,1.3210538825988722,0.5
4672520.519863992,0.3611633389508224,-0.08926763666215108,1.774089839408714,0.5579710144927537
3919185.035384416,0.31413249276325583,-0.0634598319441959,1.792884990767549,0.6086956521739131
3733460.077532026,0.30143446100818316,-0.09609605537286779,1.670790301698343,0.5507246376811594
2876541.6614532503,0.23530481342917664,-0.10438488807682704,1.5365445418972354,0.5507246376811594
2718319.272171498,0.22140612305053553,-0.08605770070404933,1.670887276583243,0.6086956521739131
3309755.607108579,0.2704547031786144,-0.0688405075685698,1.6258763283886586,0.5289855072463768
3253907.5728038414,0.2661379978757923,-0.048132289423622895,1.666236078865382,0.6014492753623188
3821264.4352364237,0.3074991598145347,-0.06143009023175913,1.8405071335053893,0.5869565217391305
3560374.7064467818,0.2891372017997642,-0.09288239293546392,1.5697869934641038,0.572463768115942
4653021.213366902,0.3600253596628551,-0.09438190387181022,1.8269559660157182,0.5797101449275363
3417617.5606404655,0.2786294188464713,-0.07430653888445464,1.62672449226547,0.5869565217391305
2290500.9338897616,0.18028284441773312,-0.1202381159737925,1.3465770832205637,0.5434782608695652
4605012.034921293,0.35720719684642566,-0.09946188330957519,1.811933746968793,0.5434782608695652
4909477.719930962,0.374697233552743,-0.107450196784047,1.7298762665742125,0.5579710144927537
4481291.38627811,0.34983485069825404,-0.05601097862289171,1.7972390677847043,0.5869565217391305
2351424.6462132344,0.18649582173198742,-0.134343777923314,1.2634483850756109,0.5144927536231884
4431546.617179377,0.3468246749812893,-0.09119773099935301,1.843644432263814,0.572463768115942
3800572.964515272,0.3060801075941466,-0.07902300621972626,1.7148045833182788,0.5289855072463768
2433517.4159728037,0.19466706683271018,-0.09478474718691861,1.330843285813585,0.5144927536231884
5332482.068818198,0.3976096181897204,-0.05867321509877303,2.1413215224130955,0.5797101449275363
2453828.8956676195,0.1966547120337112,-0.07422395029145096,1.5924485725936663,0.5652173913043478
2726973.786662061,0.22218287071946285,-0.09511221469430527,1.378132698296581,0.5217391304347826
1788033.657803337,0.12324666530221084,-0.1166058024014686,1.096975636896705,0.4927536231884058
3535070.3131948006,0.2872995317606488,-0.046631368922340356,1.8162674040709765,0.572463768115942
2114130.059640758,0.16151905861118276,-0.06252681757210991,1.473787842975848,0.6014492753623188
3592488.7650628183,0.29145442218489404,-0.062088180610168256,1.7973737786389363,0.6376811594202898
3334140.956438234,0.2723212809421025,-0.10860391621633009,1.597886862434898,0.5434782608695652
2200101.005452076,0.17081566346560395,-0.11628613540142235,1.240658294876985,0.5434782608695652
4386720.47169524,0.3440888930118402,-0.04320437726769908,2.1001960384169482,0.6014492753623188
3386110.744057044,0.27626315492470366,-0.08942608348047949,1.5965717506684936,0.5652173913043478
3402517.0275273267,0.27749750746423674,-0.0812152239496196,1.6018428281091084,0.5652173913043478
4287693.842341354,0.337965002119202,-0.060484960000000025,1.8991562897494223,0.5652173913043478
2212763.5809152927,0.17216028609609801,-0.10577893227149092,1.1977988724309587,0.5217391304347826
2545584.081110028,0.20547300479192865,-0.042558383826565585,1.562977427871787,0.5217391304347826
3678246.288281608,0.29756212739804155,-0.07590609106235761,1.7990786864920052,0.5942028985507246
3629462.7617229703,0.294101882547005,-0.059576096562544596,1.6568857459255588,0.5652173913043478
1864017.868228921,0.13263509499042825,-0.14365869819745666,1.0516418924764812,0.5072463768115942
2887258.9293125398,0.23622393144754916,-0.08607487747553248,1.4891854221943823,0.5579710144927537
2249241.1024639904,0.17599967639919534,-0.11868765021925749,1.1835411048490723,0.5144927536231884
3923949.4196049757,0.3144518443512936,-0.0781146224849399,1.750730793652692,0.5869565217391305
4635601.844849136,0.3590055345678993,-0.04467814618752008,1.8773492385250685,0.6014492753623188
4504986.3213254865,0.3512592979474425,-0.06594159857414986,1.9413083352631357,0.572463768115942
4764270.389715925,0.36646741614674494,-0.04757619578772806,1.8768635238272704,0.5869565217391305
3920454.4787743143,0.3142176125366709,-0.1280228263662694,1.9081711868092872,0.5869565217391305
2669871.6368291653,0.21702101171938115,-0.08817787592854646,1.7556049283391735,0.5942028985507246
2209097.849110289,0.1717716611736111,-0.06830870177373422,1.4839620040701624,0.6159420289855072
4329765.993350475,0.34058046029125877,-0.08260717982366622,1.8984293179872245,0.5942028985507246
3427202.0749772885,0.27934578441040814,-0.12581852321666706,1.4836083729322127,0.5797101449275363
2399498.75166302,0.19130813016212933,-0.07694486793039801,1.2370516851583202,0.5217391304347826
3334254.1473589214,0.27232991964475173,-0.0651626626264326,1.6754262757738863,0.6086956521739131
2294162.625328333,0.18065997332831563,-0.09922910819870726,1.3304408906883427,0.5579710144927537
3048395.656705101,0.24972445074022742,-0.097692513382201,1.6223877243393985,0.5362318840579711
2276437.905573825,0.1788299512707261,-0.07217030276920143,1.5050474597678183,0.5362318840579711
4340461.168669544,0.34124209408294703,-0.07642464931513102,1.7382196440910207,0.5507246376811594
4900945.592057825,0.3742190867798951,-0.10165418909611963,1.996275286346504,0.644927536231884
2201919.292800225,0.17100912511860167,-0.06243201349025815,1.5191738417302652,0.5362318840579711
2315948.5846299436,0.18289387414183467,-0.1341256490438623,1.2448807970350617,0.5072463768115942
2644900.717485247,0.21473592286955934,-0.10701788874913039,1.335058024984208,0.5507246376811594
4315629.303600627,0.3397039154999595,-0.050733815009434455,2.0271294999818186,0.6014492753623188
1643233.470636471,0.10443422009806103,-0.10614602242408848,0.895408978859729,0.4782608695652174
3547703.298178699,0.28821828231739466,-0.07340335009867394,1.711042317402567,0.5942028985507246
3236755.5620982195,0.2648003601670852,-0.07103250119352279,1.8298505553127564,0.5869565217391305
5556889.006302473,0.40917959014085503,-0.09232422669736624,2.1292971224674986,0.5942028985507246
2516954.45622847,0.20274918538638476,-0.06769013738138188,1.4022359533484974,0.5579710144927537
2759759.508973102,0.22510763850091275,-0.056613376292574576,1.5131225808705673,0.5144927536231884
2079894.714245691,0.15773262054023807,-0.11950259785588044,1.0873357180205954,0.5289855072463768
2319609.111390385,0.18326756807792854,-0.16022514833655957,1.4376165936803111,0.5
3322793.718194774,0.2714540694344807,-0.09622657137152019,1.6522758401414313,0.5869565217391305
2037096.3430786184,0.15292833779912152,-0.11074729343265968,1.1073541865382686,0.5072463768115942
3167959.936478292,0.2593775179450033,-0.06365914653488494,1.6240290178144567,0.5579710144927537
3192076.1578758545,0.26128911823960244,-0.13101531400662597,1.5452611086169101,0.5434782608695652
3211763.8741501165,0.26284114047713225,-0.10123033829686282,1.6138939625997346,0.5072463768115942
3821771.079547961,0.3075338290657137,-0.0777584612495669,1.5949118282040262,0.5507246376811594
4239254.834604044,0.33492819174248667,-0.06824553531350888,1.9650130398449064,0.5942028985507246
2374274.467260596,0.18879285020734526,-0.10395332660925037,1.3379674677456874,0.5217391304347826
2439769.550378728,0.19528029893363574,-0.15285523588796457,1.3514499513314062,0.463768115942029
4429741.087003545,0.34671491063938786,-0.10138068261447881,1.8081281586879534,0.6159420289855072
3438186.5236320836,0.28016481556629946,-0.07328991339238052,1.5751879626080232,0.5217391304347826
2894616.076075194,0.2368533051920696,-0.09389320495532229,1.38339274088971,0.5507246376811594
3107765.9899630705,0.2545548737186598,-0.12766404403342338,1.5036654827763216,0.5797101449275363
4195258.422592199,0.3321457500737697,-0.051283428478919174,1.7560086517333553,0.6086956521739131
2792401.862707959,0.22799213089132575,-0.12202875387872797,1.3002518441201567,0.5217391304347826
4658498.372222745,0.36034539130242926,-0.09578234946453626,1.7382084178732315,0.5797101449275363
3094587.238818465,0.25348905455861526,-0.08277845507366462,1.5856846575923267,0.5942028985507246
2438945.2185044633,0.19519951746479425,-0.10481292545877058,1.564388417768456,0.5652173913043478
4022090.0191852855,0.320962099758074,-0.1047765946261111,1.936648512613087,0.6159420289855072
5178984.382520081,0.38946918703849454,-0.06533565538967658,2.0409701877579587,0.5942028985507246
2606387.547781637,0.21117751132408835,-0.0656625359642311,1.7600802597728604,0.5869565217391305
2722760.856203403,0.2218050045074762,-0.11261921875986304,1.4448363690990214,0.5144927536231884
3655604.204969469,0.2959607056285487,-0.08450239212487837,1.6422285721197007,0.5434782608695652
3860695.559408614,0.3101864728845247,-0.07307390974696067,1.7803266508032627,0.6231884057971014
2841971.9521131124,0.23232130683605456,-0.06859928561152334,1.390381557914687,0.463768115942029
1770811.8762653058,0.121074528379288,-0.15586128888743356,0.9848538953758306,0.5072463768115942
2691234.780241137,0.21896242171282831,-0.08954430116240565,1.509325764253855,0.6014492753623188
4317455.817311875,0.33981729750040746,-0.07501320345157995,1.9051604301746958,0.6304347826086957
2273853.2189115016,0.1785621389327532,-0.0875474650058771,1.2419905598987626,0.5362318840579711
2491226.7633999297,0.20028022821390135,-0.07935629887288227,1.4182329669633684,0.5579710144927537
2945228.975035848,0.241148688998013,-0.04709198340255503,1.7435699292150695,0.5434782608695652
3923601.78334591,0.3144285531583122,-0.05798101061114397,1.8833338269653281,0.5797101449275363
3009449.692651724,0.24651473765034781,-0.11278986780238764,1.5825371015100076,0.5507246376811594
4456044.018051556,0.34831043120767347,-0.09612155840234227,1.7220160456431153,0.5579710144927537
3194524.072042044,0.2614825084149994,-0.0811837106516293,1.6733825965061029,0.5942028985507246
3684537.9828947703,0.2980057238279281,-0.08272983442291909,1.7204237764631602,0.572463768115942
3042112.2847855715,0.24920883750235712,-0.09380409262620543,1.6596421969184458,0.5869565217391305
3131793.740693662,0.2564888248619952,-0.14872740793828385,1.2999552582535632,0.6086956521739131
3343606.147080892,0.27304285281047824,-0.060494600664114065,1.9005360739698933,0.5942028985507246
4147295.6139484956,0.3290857402437066,-0.04986651299494618,1.7675501222392018,0.5797101449275363
2996730.843888269,0.2454593219339649,-0.061265751370557626,1.747957994024158,0.6086956521739131
4096902.7983350395,0.3258400448225556,-0.07217900967294266,1.6402252628302163,0.5072463768115942
2538172.8828156735,0.20477026455152947,-0.05975940767728716,1.5437836411470944,0.5434782608695652
5905650.0282643745,0.4264401071518935,-0.07229068515162385,2.1638748587113192,0.5942028985507246
3256715.4082627804,0.26635643559254407,-0.07330046544886562,1.8379519042576495,0.5507246376811594
2653276.5579694435,0.21550431244092016,-0.06738700120776409,1.504220140792102,0.5217391304347826
5414052.606831288,0.4018595167959278,-0.05446313665691739,1.9502574332819407,0.6014492753623188
3110181.9905752162,0.2547498731659499,-0.06689948429363171,1.784164224073798,0.6086956521739131
4962424.945825882,0.3776496628724628,-0.15876201588323258,1.8160213113342574,0.6159420289855072
2351926.774670362,0.18654649079635477,-0.06393654590159037,1.6461455251473955,0.5579710144927537
2990164.994062376,0.24491308168029602,-0.11467918443704282,1.5309708963914017,0.5507246376811594
3534260.4950467176,0.28724054713129243,-0.07877529483950585,1.8498432844981214,0.5652173913043478
3690626.8527008193,0.2984344434549038,-0.08337875198086829,1.6507729504781699,0.6086956521739131
3236065.0103797233,0.2647463873173732,-0.15294276364498374,1.599941171357641,0.5362318840579711
3264029.00327235,0.26692469585639356,-0.05573051361849927,1.8066370368856877,0.5579710144927537
6072664.703412419,0.43441844300748644,-0.08255350605937778,1.9929887010808922,0.5579710144927537
2874130.270008339,0.23509763389491867,-0.11583473252294989,1.5388214976848131,0.5289855072463768
3232177.1816538977,0.26444234632890806,-0.07797873244287257,1.6569935483045963,0.5362318840579711
3265408.1084960834,0.26703173701609395,-0.08558734496244993,1.5684219377921558,0.5652173913043478
6639864.232387478,0.4602655507693578,-0.08553356234800902,2.1143208758413183,0.6086956521739131
3753801.740322027,0.30284954688375154,-0.07833573892336122,1.6249500498539942,0.5144927536231884
2748904.1565997046,0.22414234069993588,-0.13486234770906597,1.3098364663710367,0.5434782608695652
4267816.943773173,0.3367221873037327,-0.07506445156710397,1.827549620848372,0.5869565217391305
3463607.2565107928,0.2820522587630443,-0.06640959835090546,1.7555580527164907,0.5797101449275363
5547079.26669514,0.40868170520852964,-0.042263771969574926,2.130814401806728,0.6014492753623188
2073340.733082037,0.15700207011308764,-0.11264152089292645,1.273555561805587,0.5144927536231884
3016653.6572482716,0.24711094379878018,-0.07213311183608344,1.8769069747136897,0.6376811594202898
4406686.203647867,0.3453101696197154,-0.06060724583719482,2.1203743304146254,0.6521739130434783
4231406.0087104775,0.3344335110700789,-0.04889083390300011,1.9453672881984492,0.572463768115942
2748650.5911890673,0.224119756310589,-0.08483814119705058,1.621445906991985,0.6014492753623188
3398973.048853884,0.27723127447691875,-0.05698861964066567,1.765430387213578,0.6304347826086957
1782747.9793429482,0.12258178368310113,-0.05681124509832681,1.149604166864424,0.5507246376811594
3018861.9120337223,0.2472934727198759,-0.08800264493222958,1.6627342988698237,0.5289855072463768
2569605.49873186,0.20773955600856908,-0.08592478249495701,1.4864976229970388,0.5434782608695652
3549653.302335902,0.28835986568439,-0.06670887956698342,1.6733497210356385,0.5434782608695652
3181041.4473680686,0.2604158780755701,-0.07554741327622377,1.4256857683193938,0.4855072463768116
4234735.476206524,0.3346434439048107,-0.0943564951341844,1.6414396120941193,0.5797101449275363
3955324.4084377694,0.3165471639238828,-0.06621559990227682,1.6281449663727872,0.5579710144927537
4045738.0500222803,0.32251178880367015,-0.06647403364581443,1.6769227248894727,0.5362318840579711
2745415.0417341245,0.22383142819334467,-0.0536041043074754,1.5631382260246731,0.5869565217391305
3822726.9954702733,0.30759923158971514,-0.11243080367504298,1.7453335854048617,0.5434782608695652
3561647.977259166,0.2892293935578889,-0.059965000964434856,2.0246883628493193,0.6086956521739131
2247762.8064864017,0.17584505244097004,-0.09683730394369744,1.460882602381953,0.5869565217391305
3349434.5931084426,0.27348636756846134,-0.08232422265536363,1.6629278117283264,0.5507246376811594
2853781.618486751,0.23334377811189277,-0.10495176495526647,1.534025746521708,0.5434782608695652
6273104.831373886,0.44376499892424204,-0.07743516267044646,2.160004116479305,0.6014492753623188
3781720.0276936213,0.30478175335894253,-0.1001249398721558,1.6896889570681326,0.5507246376811594
2765427.3448435185,0.22561043679028403,-0.06499355643709152,1.5035172258628597,0.5507246376811594
6381809.084619774,0.44873436354782137,-0.05530339975839802,2.045224675116469,0.5289855072463768
3760510.4650261616,0.30331490003357686,-0.07559917991038552,1.795077736086606,0.5579710144927537
5768641.815997866,0.4197592757567068,-0.046573604222004635,2.2118045438798863,0.6304347826086957
3870622.4430276053,0.31085954913203606,-0.09446771173115545,1.785058519326358,0.5869565217391305
3720125.0742231808,0.3005034490060037,-0.12258576645935908,1.6775568682616333,0.5507246376811594
5009085.961760342,0.3802307442057218,-0.10517349190703192,2.0306257195080972,0.5942028985507246
1374895.6515851638,0.06574658004924872,-0.1999532851003718,0.4893062045090464,0.427536231884058
3380118.463529402,0.2758111232724687,-0.06794278566821899,1.690569929488326,0.5362318840579711
3395971.480714714,0.27700561504694554,-0.09713536312418997,1.490211011615667,0.5072463768115942
5548273.91239413,0.4087423760771194,-0.07032860920031485,1.8963116536259936,0.5797101449275363
4038844.648323988,0.322060804352738,-0.061525464712652016,2.0463985989638753,0.5797101449275363
2444406.570346367,0.19573430326833607,-0.0960750720503147,1.2186361251376383,0.5217391304347826
5388009.242765894,0.40050823367347665,-0.036220254074056546,2.0600837807928327,0.6884057971014492
2809969.2915513166,0.22953335473215475,-0.0733637764521395,1.6563623486211556,0.5289855072463768
2796388.530041484,0.2283425677554649,-0.07835703671944913,1.4986014873828695,0.5072463768115942
4234415.681727053,0.3346232856445832,-0.10065880295755657,2.068030559216958,0.5869565217391305
5119589.258067608,0.38626744312367856,-0.12141390863250243,1.8348739810467238,0.5507246376811594
4166047.251122244,0.3302854416276386,-0.05368079476543991,2.068098336454829,0.6376811594202898
3133121.424987773,0.25659534130593453,-0.13767504769150252,1.5637409770094879,0.5434782608695652
3951403.9677453698,0.31628607319507385,-0.0594157723346358,1.7181722423442496,0.5579710144927537
4047929.791840423,0.3226550495112954,-0.06258902982812217,1.8208842781346983,0.5942028985507246
2451398.1715584677,0.1964175405920323,-0.06837247750829994,1.255033439228803,0.4855072463768116
3249793.1000068807,0.2658176367632459,-0.10438884081576678,1.6169658697154696,0.572463768115942
2885240.340888157,0.23605102520465238,-0.11939309345411855,1.466320854206829,0.5579710144927537
2838944.3566773464,0.23205863279793104,-0.09672335781655593,1.4701682111089616,0.5144927536231884
2555834.8130890466,0.20644230097452976,-0.06999379350872054,1.657644777776051,0.6086956521739131
2306128.206030346,0.1818889969968127,-0.10617277736935322,1.325207605721431,0.5942028985507246
2022549.3495074455,0.15127699182552856,-0.17104453376171067,0.9740217506858515,0.47101449275362317
2040500.8047818514,0.15331344271688963,-0.20256355132187678,1.1667929340270329,0.5362318840579711
1671593.878307114,0.10822043587376085,-0.11039438486120337,0.8213192047753083,0.4782608695652174
2437516.2679981166,0.19505943384711033,-0.08245742742935544,1.2773215490076533,0.5652173913043478
2953812.2801837795,0.2418712651412036,-0.06061124090565057,1.7774100211420767,0.5507246376811594
5199482.330906736,0.3905673283672957,-0.044479999999999915,2.274669513513626,0.6376811594202898
3301918.3047604994,0.2698524604027237,-0.08531354731100116,1.813074258717619,0.5797101449275363
3927013.3474044544,0.31465705231031693,-0.045578996323367434,1.8037902182368666,0.5797101449275363
2472249.0860691178,0.1984459304201367,-0.0591033369938888,1.5989265052282378,0.5942028985507246
3055655.378274421,0.2503191256007966,-0.09596413019373982,1.5282006434982247,0.6086956521739131
2492177.1337677706,0.20037179247871295,-0.10645707299406496,1.5797067138669805,0.572463768115942
3316833.9118406004,0.2709976425196261,-0.05256917968204869,1.774623698838112,0.5869565217391305
2911512.5682486016,0.2382939008554925,-0.05049287530862949,1.76915360441566,0.5579710144927537
4088806.6687177485,0.3253156160806929,-0.040913831001530045,1.833656398110663,0.6014492753623188
2720042.6254043086,0.221560952590093,-0.061171969425588966,1.513114850725178,0.5217391304347826
3090984.387266939,0.25319704536591026,-0.1075726001317535,1.5607181233501635,0.5797101449275363
3827717.5722110835,0.30794046805647635,-0.11998837477817458,1.8719243178839666,0.5869565217391305
3406416.3592979372,0.2777901793098756,-0.07911485768133049,1.6097561105951075,0.5289855072463768
2405095.3420942347,0.19186333379190357,-0.07698071793536121,1.5118597601355266,0.6159420289855072
4403818.656962801,0.34513503828227554,-0.0649977650243701,1.8367585918060458,0.5942028985507246
2190898.3393646586,0.16983455411146742,-0.09472356583992803,1.3515954559394308,0.5507246376811594
3223391.6559177544,0.26375421025176404,-0.0694413283434478,1.4442307179450906,0.5942028985507246
4155935.8938649367,0.32963907022183836,-0.096848139579643,1.8929178857748885,0.6159420289855072
2388481.001222005,0.19021209211290802,-0.08082194780604106,1.3936034040703904,0.5289855072463768
2588348.950881513,0.2094963585393428,-0.09642420390787068,1.3233548473866539,0.4782608695652174
2849837.5285716746,0.23300267912099826,-0.10513988162126978,1.3354224232763006,0.5507246376811594
4547024.94546554,0.3537718129598617,-0.05978891174986466,1.8292400178894663,0.572463768115942
2473109.74476431,0.19852936127793774,-0.1445834693894844,1.3478705626433087,0.5289855072463768
2153903.045886878,0.16585685357715474,-0.06037827644713153,1.2170074542216718,0.5434782608695652
3720284.7961453507,0.30051461612212393,-0.06375496762186654,1.6177883657912373,0.5652173913043478
2874824.3632330257,0.23515728255517576,-0.05509869220545558,1.4557628703120098,0.5362318840579711
2803951.4651206858,0.22900626962306037,-0.07214181869495209,1.4877646912917561,0.5797101449275363
3307934.45422687,0.2703148619384077,-0.07631160269183286,1.4427545958383365,0.5217391304347826
3917072.7313897368,0.31399080790191514,-0.06224527340284385,1.6598170726458252,0.5362318840579711
3460734.3505523037,0.28183950726246043,-0.10813581317149193,1.5663941027601116,0.5
3640882.7513342598,0.2949152296380162,-0.08118245447608093,1.597381352450766,0.5579710144927537
2731545.2554230555,0.22259236699671914,-0.056915870864574725,1.5147554567033144,0.5579710144927537
2458059.890969808,0.19706709222199104,-0.10051416841948846,1.4302413375775038,0.5652173913043478
5782466.630763232,0.42043912799786587,-0.05246544346065993,2.066264883517377,0.6014492753623188
2820607.0704747825,0.23046288394364112,-0.11060439260732004,1.3763908422364766,0.5289855072463768
3836800.653494823,0.30856062191507716,-0.0713927296144001,1.7207755344953863,0.6159420289855072
2882621.801190413,0.2358265846782701,-0.09831059514936547,1.38854057970925,0.5797101449275363
4015474.1209471053,0.32052724590950943,-0.1303668337409969,1.9092664816292402,0.6231884057971014
3392090.1241553696,0.27671357598346,-0.08741988707833184,1.7797415197572253,0.5507246376811594
8581651.729048505,0.5371426652440603,-0.04763732729695469,2.4582163496987803,0.6811594202898551
3901396.009866092,0.3129373618698552,-0.08081874605801186,1.8008774973386645,0.5797101449275363
2059796.967325709,0.15548651879822217,-0.191890366044716,1.0918248083292377,0.5579710144927537
4013141.645847883,0.32037379888272977,-0.05899495471875844,1.7791299540439383,0.5144927536231884
4019547.0160533027,0.32079501942819677,-0.07279376224803577,1.942908429676399,0.5869565217391305
2644421.046110349,0.21469185948980174,-0.08629107794530633,1.4149682691548657,0.5
2942634.8773127305,0.24092997622966483,-0.16176549115725367,1.5248736526516575,0.5289855072463768
5264128.1615762245,0.39400807932371795,-0.09247711352270087,2.0124672827208645,0.6304347826086957
2925520.199581022,0.23948313012716804,-0.08239966789077166,1.745870387655972,0.5072463768115942
3256221.6647265106,0.26631803535505405,-0.07291621389873934,1.7743437545678067,0.5942028985507246
3995584.4186673947,0.3192164623280833,-0.1338922034371119,1.6183253098191501,0.5289855072463768
3291510.21962463,0.26905090038568025,-0.0788246934456149,1.5928233364336737,0.4927536231884058
4133022.2225222494,0.32816963815805544,-0.050153305951175835,1.7489608707156166,0.5072463768115942
3271063.008955119,0.2674702721140081,-0.07040888781204761,1.683094885600535,0.5652173913043478
2423749.6713251183,0.19370648333045537,-0.09802358279600568,1.2148184686623822,0.5144927536231884
5399960.622652397,0.40112898890952753,-0.06589168223273287,2.1329939235789137,0.5869565217391305
2815375.7159578064,0.23000611927028047,-0.08603239417517089,1.4134822958990119,0.5579710144927537
3423665.1288782177,0.279081612874013,-0.09949083277074254,1.4037657732745168,0.5507246376811594
2641168.9624759974,0.21439294913554785,-0.11059926712757827,1.2996147414273336,0.4927536231884058
4449847.912896771,0.3479352588041531,-0.07936822883801822,1.8312280217107817,0.5869565217391305
3058473.5941214096,0.2505496731928083,-0.10861493677391387,1.5485710429596418,0.5507246376811594
2390414.3271182785,0.1904047101987978,-0.06365471007417846,1.3781043869874037,0.5797101449275363
2959557.471741062,0.24235397989823726,-0.0950943289407146,1.3290198323483267,0.4492753623188406
3176392.1287308247,0.2600472249722454,-0.09449841397197839,1.5777723861556028,0.572463768115942
2652784.3570807986,0.21545921222704933,-0.09305298291158322,1.5334373887391624,0.5144927536231884
2431458.629727045,0.1944648577290573,-0.08414326039391244,1.6697746309432115,0.5579710144927537
3486876.8917343253,0.28377029646473506,-0.06662851681426955,1.8287416990659187,0.5652173913043478
4423838.602379214,0.34635582851783675,-0.07258084552347485,1.8050771278526805,0.5434782608695652
2718774.303889592,0.22144701164830827,-0.1347291506499581,1.5049270020414,0.5869565217391305
2506274.436439327,0.20172673993703283,-0.13421098152197664,1.1920011750782313,0.5217391304347826
2642866.230388768,0.21454898766280772,-0.06722238028756591,1.619552531748712,0.5289855072463768
5499014.547747168,0.4062319911702019,-0.05128499535995529,2.232601789685206,0.6159420289855072
3432170.2168101408,0.2797164826578662,-0.05243948159999994,1.9669563553251845,0.6014492753623188
1978944.3227076011,0.14626944268045783,-0.09149458355073098,1.0669327935948194,0.5507246376811594
2119400.9409090136,0.16209765429786915,-0.1138142577179912,1.1114871632238599,0.5144927536231884
2064276.0360648076,0.15598860786795976,-0.08139738393945156,1.095344964280871,0.5
2361894.0098633803,0.18755048385652406,-0.07323345425743301,1.3828528113549616,0.5217391304347826
3060513.686885415,0.25071645945613064,-0.14543390203849174,1.596911882459517,0.5579710144927537
2229804.641761757,0.17396017155486732,-0.11738667580091369,1.1906237596906406,0.5217391304347826
2376000.3765060636,0.18896563160023594,-0.0883266649555397,1.3051509946235447,0.5362318840579711
3098985.3809444043,0.2538451532002044,-0.07001875414934125,1.4822602243549534,0.5579710144927537
6048410.528434103,0.433270796872238,-0.08794305824661391,1.9889735518431673,0.6159420289855072
4232628.201487181,0.3345105893082254,-0.09792923877763393,2.012063996961807,0.6304347826086957
2522417.1700997944,0.20327081406323133,-0.07463258024042425,1.3341323815001584,0.5072463768115942
2877307.293484905,0.23537056518022936,-0.11849953927325711,1.2371050332142153,0.463768115942029
2713836.598247526,0.22100302246081638,-0.10262500499723155,1.4331020487459498,0.5652173913043478
2481468.0992449378,0.19933840082225118,-0.07558214488356031,1.3724188082604976,0.5797101449275363
2283449.551359203,0.1795552399649898,-0.09215274679607359,1.3059591509476742,0.5869565217391305
4778754.970300553,0.3672972884956389,-0.05585849967819871,1.7873331533935823,0.5072463768115942
3625064.664501521,0.29378809799832784,-0.03650441012497397,1.7284227579796385,0.5507246376811594
4156385.1421975684,0.3296678152421566,-0.08139432668147215,1.5677185128620261,0.5
4748443.763744751,0.36555834251270625,-0.07070035345744904,2.1739560336820745,0.6086956521739131
3628949.259836803,0.29406526217580775,-0.10069646485488307,1.7312845796537693,0.5797101449275363
3048028.579208964,0.24969435177200006,-0.06568833651435821,1.7683445183223436,0.5869565217391305
2401586.1664149878,0.19151533087737005,-0.06267953432953888,1.460876344138465,0.5869565217391305
2127517.483556087,0.16298637707848185,-0.23351517448005163,1.168511373159443,0.5072463768115942
3421671.043772837,0.2789325800723692,-0.09564635832782883,1.4948999760892172,0.5072463768115942
5315148.634948271,0.39669983796550934,-0.08991248469334397,1.9894058678664472,0.572463768115942
1852682.9755654605,0.1312542456764414,-0.14469705474213138,1.1316378906379891,0.5289855072463768
4249110.847609178,0.3355483408683819,-0.07418458580539394,1.8014568912545428,0.5797101449275363
1774407.7926747694,0.12152946318734736,-0.08834938763819043,0.9276924291440234,0.5507246376811594
3276122.2355262544,0.26786209922357274,-0.10607969889213818,1.6284683645947269,0.5869565217391305
3880395.8832775494,0.31152087362735514,-0.13572065026484417,1.520442751047031,0.5289855072463768
3704661.676893557,0.2994204896149675,-0.06623078443824751,1.7535437481890968,0.5579710144927537
4162003.5195969157,0.3300270956885434,-0.0732879096355837,1.7536668853708675,0.6304347826086957
2499072.2392072626,0.2010352722525639,-0.06715567597294658,1.4161196929231936,0.5144927536231884
2009755.2675154498,0.14981676102528318,-0.0871052719000959,1.1254553710241606,0.5289855072463768
3159897.5599193075,0.2587358477199677,-0.10049782809166975,1.4089130194430686,0.5
3903998.411595716,0.3131124724793921,-0.061606277880583045,2.2321196992702066,0.6521739130434783
3117174.0468534804,0.25531353169337145,-0.08467055292366585,1.4066119944614215,0.5434782608695652
6630575.498605747,0.4598567588446516,-0.0672796779492155,2.1239389067854724,0.5869565217391305
2739824.175619107,0.2233325704303899,-0.09871011012384924,1.3259481237907524,0.5
3982781.468488254,0.31836995025436643,-0.08144406373648899,1.7104662559363948,0.572463768115942
3368440.2647490767,0.2749283252689023,-0.08558052224334449,1.7281856917859728,0.5797101449275363
2020751.6260024065,0.1510722587299005,-0.08961872137561575,1.0255573129601039,0.5144927536231884
2058356.6379426322,0.15532487695571873,-0.1192422744843325,1.3040917106154037,0.5507246376811594
5143003.753105078,0.38753315147577627,-0.09807921526809395,1.8569630393202463,0.5362318840579711
2753018.800674879,0.22450858824350894,-0.08505920595746115,1.5288450873163006,0.572463768115942
3429384.5418819906,0.2795086822393289,-0.04534297268495333,1.7018046707291719,0.5797101449275363
3812462.925754202,0.30689629217042436,-0.10288945896010646,1.8787952997872939,0.5869565217391305
2498429.917065551,0.20097352686872338,-0.070412475796337,1.2798935683112502,0.5289855072463768
5954162.107494387,0.42877594869076807,-0.08799530868510738,2.0515113700644347,0.6086956521739131
3237259.103236371,0.26483971064460765,-0.09181481204220929,1.5932183035077243,0.5652173913043478
5757981.668346854,0.4192341593161035,-0.06451149911595387,1.852750673865541,0.5797101449275363
3404157.56005054,0.2776206734684421,-0.08578845547035661,1.754621543407481,0.6231884057971014
2660325.867906828,0.21614950527628096,-0.08172234035185953,1.464979794761614,0.5579710144927537
5891279.919063992,0.42574524442733463,-0.10107265472753577,2.0598889611324926,0.5942028985507246
2567772.493054592,0.20756720072597656,-0.07924889214826471,1.4353076887726146,0.5507246376811594
2975389.006013076,0.2436802876070847,-0.07313501294163346,1.539326600844368,0.5507246376811594
2812684.5995199005,0.22977088558604075,-0.10440303273210687,1.3663651997401498,0.4855072463768116
3223851.846437231,0.26379029240126384,-0.09792407274105483,1.673696065470593,0.5942028985507246
3267912.0399796953,0.2672259907145538,-0.07935420084645484,1.6541602532418938,0.572463768115942
2454826.6895460407,0.1967520147093884,-0.09534047551978951,1.3521193150248665,0.5217391304347826
2197816.8313138555,0.1705724511620037,-0.1472239991894182,1.2637863780462735,0.572463768115942
3546325.773137677,0.28811822724112823,-0.06395441854902814,1.5684738071167055,0.572463768115942
1713752.8426758547,0.11375492537525744,-0.11393607535142604,0.9613674503702951,0.5507246376811594
4867727.726015523,0.37235116598144447,-0.07580725603517668,1.8537975632490298,0.6159420289855072
3846354.8142426843,0.30921167290023543,-0.11318119680480604,1.5406438738639319,0.5289855072463768
2891235.0746401986,0.2365642334913436,-0.06763571449989435,1.571684138865504,0.5797101449275363
3483175.4967802516,0.2834976306975585,-0.1284557596301496,1.514279350853941,0.5289855072463768
2598395.735157463,0.21043384620809769,-0.13270062576930636,1.3593065530894957,0.4927536231884058
2902458.3150819545,0.23752276908442038,-0.15051978103055325,1.4105003953028377,0.4927536231884058
2583027.8173543387,0.20899865203591372,-0.08266467714508258,1.4403082063583414,0.5217391304347826
2566319.5779052605,0.20743051494753217,-0.14355008119513696,1.4510339009203954,0.5434782608695652
3530380.5895602214,0.2869577968224679,-0.11691767785016897,1.5799147867204222,0.6159420289855072
3200092.954405936,0.26192202015834454,-0.08502023546457743,1.5939202904906888,0.6014492753623188
2418462.5549674747,0.19318524309911167,-0.08430921271967465,1.2578394042317842,0.4927536231884058
1964794.4709537893,0.144625522564364,-0.09901658155257195,1.2686053857921307,0.6014492753623188
2550186.909928946,0.20590862797005105,-0.057215160080062964,1.583152944521195,0.5869565217391305
2184221.199613527,0.16912062882877366,-0.08887965940706019,1.4019360299519743,0.5434782608695652
3848567.073400751,0.3093622388021391,-0.06013731500800019,1.6388819669998942,0.5869565217391305
3718698.2191630555,0.30040367200139295,-0.08216895382423206,1.8851690716941247,0.5869565217391305
2951461.587303227,0.24167354183409473,-0.08790787558016647,1.708898386163397,0.5434782608695652
2718850.540472232,0.221453861639606,-0.08045168660140109,2.0001731962346447,0.6231884057971014
8665086.490344903,0.540120070030492,-0.05810571520000004,2.2911981533631,0.5942028985507246
6090603.699481247,0.43526491408070456,-0.06759430876936916,2.152699364535041,0.6159420289855072
2330905.66796334,0.1844178382699886,-0.10926426636166899,1.2375174137982345,0.4927536231884058
2316567.249010625,0.18295706519253296,-0.10322261975299642,1.3941479792584557,0.5144927536231884
2090099.8566778144,0.15886649584142343,-0.09257591151281212,1.1591342352205214,0.5289855072463768
3187200.0048157633,0.26090353845196423,-0.07135424178729766,1.5727817838632012,0.5362318840579711
4721550.956549279,0.3640080588101555,-0.052880155656040206,1.986944611834056,0.5942028985507246
3092857.086305728,0.2533488605851901,-0.07187024700891788,1.5605691317207957,0.5579710144927537
3002680.496570888,0.24595347193090156,-0.053814830665146376,1.522893813987596,0.5362318840579711
2826382.2939055334,0.23096634898030755,-0.08295989905879025,1.5604824770422938,0.5942028985507246
2063727.1535440825,0.15592712680386933,-0.07501767826724323,1.1598649516765365,0.5362318840579711
4410038.39658326,0.34551478449037987,-0.07610389500478769,2.0132668590076066,0.5507246376811594
2124964.105014392,0.1627070871463543,-0.09160983477868706,1.2327620660737975,0.5434782608695652
2671222.793180293,0.217144167669993,-0.0819297680072394,1.6744191221828109,0.5507246376811594
5031359.231044734,0.3814560263282589,-0.08337805009274743,2.0812517136116693,0.6159420289855072
4655838.362464794,0.3601900039443553,-0.07146571501970223,1.966676822327326,0.5869565217391305
5041951.584653089,0.3820372038255253,-0.05970555452817963,1.8405031592328467,0.5652173913043478
4120407.3659547134,0.3273578756445148,-0.04830556343959076,1.8218067238390554,0.5144927536231884
3607986.2934132726,0.2925667376979886,-0.12877569867231223,1.6684298171438257,0.6014492753623188
1225685.5410089905,0.041539661946672135,-0.11511753966357749,0.47655236690701214,0.42028985507246375
4979296.541572181,0.37858515724497965,-0.0565613391624318,1.8901692629401667,0.5942028985507246
9299778.053650126,0.5620485094717462,-0.07281635539885929,2.3885015166761008,0.6594202898550725
3060164.3849671273,0.25068790884997494,-0.05620235470751592,1.6073910329625247,0.4855072463768116
3992464.8698270256,0.3190104025590106,-0.08925678518703359,1.8467569459243007,0.5797101449275363
2785888.8639132404,0.22741876188117405,-0.09662107098244463,1.5253534750992253,0.5434782608695652
2622728.2358056256,0.21269240705623305,-0.07378391034461465,1.4609430273129624,0.5869565217391305
4426957.81764605,0.3465456360627317,-0.08890917975345218,2.1514367036323034,0.6304347826086957
2823942.950244474,0.23075379548901687,-0.07731228191178777,1.809834642357449,0.5652173913043478
1931825.0610389598,0.14075809466460787,-0.11780379497058331,1.069402489600076,0.5652173913043478
3241542.4600480404,0.265174246404855,-0.08460766425407276,1.51476110689744,0.5797101449275363
3188744.321219595,0.26102570566594707,-0.11621965426337955,1.5854117714214147,0.5652173913043478
3558785.88896338,0.2890221257419907,-0.07988010540867625,1.7447397258613895,0.6014492753623188
7399164.840288723,0.4922326583911696,-0.0806911940331771,2.0978615142235886,0.6231884057971014
3618513.607211505,0.2933201442298843,-0.060150535919980964,1.7104549408800702,0.6086956521739131
3686231.6217254875,0.29812503044488126,-0.0988996654194308,1.677212610932697,0.5797101449275363
3030747.6324654263,0.24827408658425876,-0.10945244216969745,1.7302028863904968,0.572463768115942
3400633.8486942654,0.2773560657594687,-0.1198719465138568,1.5961977348248724,0.5434782608695652
3065593.6964820153,0.2511313857074662,-0.11815838897333422,1.629352521270276,0.5652173913043478
2341570.800719694,0.18549972826034122,-0.15294748084168971,1.1886226760081238,0.5217391304347826
4467887.800664047,0.34902640909332483,-0.08109001550994481,1.9001478761795718,0.6231884057971014
3557999.038109295,0.28896511990312446,-0.07410563894305232,1.7965934054885193,0.5942028985507246
2882377.8672144054,0.23580566828216543,-0.10391588951004832,1.5210386884221887,0.5362318840579711
3830894.7530938215,0.3081575260988241,-0.07104706923351504,1.8462649804457956,0.5797101449275363
3015588.5519761327,0.2470228665961336,-0.06032845283767452,1.7858539095883015,0.5579710144927537
2550717.7705523106,0.20595882947533584,-0.1226911717105577,1.3502863467986264,0.5289855072463768
2231801.9393303515,0.17417040594952815,-0.1209331565184472,1.243333997086469,0.4782608695652174
3054302.1835847846,0.2502083654018601,-0.16346760742683056,1.5256788826637482,0.5289855072463768
3226800.2643664978,0.26402137123177916,-0.10350739149640256,1.7950667611406825,0.5579710144927537
3585311.3005757416,0.2909379676882189,-0.052335200849323325,2.140071850986988,0.6304347826086957
4281358.572995059,0.33756938698829897,-0.06157623141263753,1.7619548372986824,0.5507246376811594
3851046.092592092,0.3095308780927697,-0.04366326302851046,2.0113975025641526,0.5942028985507246
3694924.076776633,0.29873667215964517,-0.04530156928886286,2.041541816695459,0.6666666666666666
4100748.320982236,0.3260888491005134,-0.060920199725205286,2.019775512682714,0.6014492753623188
1852562.0649505826,0.13123947960809312,-0.11615030195702236,1.0913304444979082,0.5144927536231884
1788704.5121684137,0.12333093909233694,-0.07773703306628868,1.1184556747191128,0.5507246376811594
3125711.884440411,0.25600043207314105,-0.09111618556461906,1.382982668816931,0.5579710144927537
4487333.792935756,0.350198667951237,-0.1269922361146608,1.7502825261314465,0.5869565217391305
4355117.098782846,0.3421466364202497,-0.07225057981344093,2.02546353547545,0.6014492753623188
1961581.2817617417,0.1442508974640624,-0.11600400969133813,0.9350222247731655,0.4782608695652174
2408107.725923327,0.19216174627930704,-0.07970527421078863,1.5232494677939281,0.5869565217391305
2711181.0198871815,0.22076397055200148,-0.11615056904810026,1.3184147094788936,0.5362318840579711
3617005.1747945207,0.29321229821204997,-0.059438290437134694,1.6042670692549779,0.5797101449275363
2775847.444024198,0.22653266512992687,-0.10945977092163656,1.4579582706076886,0.5434782608695652
3525584.7940779286,0.28660795676039563,-0.07169603245009827,1.6815109508420447,0.5579710144927537
2734658.143696116,0.22287089504058333,-0.05936842118197797,1.3838924930943481,0.5289855072463768
3619233.320051046,0.29337158773229,-0.06945687075992807,1.6458691669151269,0.5579710144927537
6856686.546023479,0.46968025401188185,-0.0937670136338151,2.1468099226473165,0.5434782608695652
3342722.0141076264,0.2729755208233846,-0.07645300584747736,1.7221041865777633,0.6231884057971014
3028242.916521997,0.24806769486433078,-0.048953244070811516,1.824108169744957,0.6014492753623188
3955654.94052778,0.3165691670010289,-0.06316997119999998,1.7700117517957399,0.5942028985507246
5133785.02352793,0.3870353694539794,-0.11428740658904349,1.930118466801236,0.5217391304347826
2349916.119867453,0.18634354641321393,-0.09726325259617366,1.3361838751097335,0.5652173913043478
3512457.922141117,0.28564843664339823,-0.07476245200686435,1.7268777763110414,0.6231884057971014
2648437.4704243112,0.2150606174565255,-0.12343211198495649,1.197945104769862,0.4855072463768116
3003716.644571267,0.24603944937948818,-0.0793723442065136,1.749550772909518,0.5652173913043478
4020886.522070189,0.3208830381567258,-0.08564652637984792,1.7670605805596613,0.5942028985507246
3805922.3676069407,0.3064475689605626,-0.12570894013040937,1.7655236465938884,0.572463768115942
5941818.351525404,0.4281830489806069,-0.048956161704265116,2.18593469153995,0.6521739130434783
5639354.493103268,0.413337489812482,-0.04779763691289597,2.055607471415563,0.5869565217391305
4151085.727645358,0.3293285753887172,-0.09464767185463718,1.6735338117395222,0.5289855072463768
3496565.5933411825,0.2844829265038016,-0.048233345956452484,1.6941728225681654,0.5652173913043478
5528021.7348626135,0.4077124396114564,-0.09397157553896192,1.9102005194093885,0.6231884057971014
6682473.056104767,0.462134899225336,-0.05895813103558294,2.259442302249266,0.5869565217391305
4290814.641905663,0.33815971310455195,-0.08700094189721749,2.3357035557121177,0.6594202898550725
4505356.625239247,0.35128151156229226,-0.12425996495573728,1.820243670583806,0.5652173913043478
2920117.696613222,0.23902500557493034,-0.06782565349131497,1.3870532358087522,0.5507246376811594
3424143.3284267145,0.2791173419571118,-0.07682141283812255,1.7075046717751792,0.6086956521739131
5482070.014728242,0.4053642950489984,-0.07005939967799095,1.866316034065869,0.5434782608695652
3226702.400925181,0.26401370400902935,-0.08842440041070301,1.9659468125929063,0.5942028985507246
4084546.150278438,0.32503930629083344,-0.10466499040647066,1.8319000290231804,0.5579710144927537
4597988.934300694,0.35679296892524204,-0.06879836542660567,1.8230127256511666,0.5289855072463768
1629534.1056855312,0.10258655130881977,-0.17275231564184823,1.0342822472273643,0.5434782608695652
3873843.144740549,0.3110776268786708,-0.094796671375593,1.6694619842231258,0.5072463768115942
2609382.7105969093,0.21145575141020556,-0.10345539062723842,1.3534834301826606,0.5217391304347826
3332879.520441249,0.2722249925832074,-0.056226084659853924,1.7471296946501529,0.5434782608695652
3423703.0072895563,0.2790844431370927,-0.12428183971525716,1.6864733360459583,0.5362318840579711
3972625.361594209,0.3176968937738587,-0.07469406446840103,1.9108054793171942,0.5652173913043478
2246617.1398329586,0.17572516423976414,-0.0993105158111165,1.4776874866247873,0.5289855072463768
2802422.8014579355,0.22887223398909584,-0.07313967059336277,1.272271601671064,0.4927536231884058
3192730.4352549096,0.2613408190917801,-0.10593976198581727,1.3956603070501326,0.5144927536231884
2548027.9042315306,0.20570437268866426,-0.09631198179384834,1.6455896237913823,0.5579710144927537
3199391.337739438,0.2618666803171652,-0.08473802278498789,1.481514775008613,0.5652173913043478
4275274.679399806,0.3371890283181478,-0.08935615178915991,1.572311732148108,0.5652173913043478
3508603.675548331,0.2853661623725927,-0.07921780845563346,1.708690760846137,0.6086956521739131
4484843.956616737,0.35004880078249956,-0.07060171435174765,1.737819593069801,0.5579710144927537
2163105.390423284,0.1668513578128643,-0.07417516723980246,1.3263463208280237,0.47101449275362317
2021774.9263615203,0.15118881477974133,-0.14894970583107947,1.1977662074639062,0.5289855072463768
5431568.56016538,0.4027654256389184,-0.06287505546190959,1.903215515604382,0.5434782608695652
4308578.738730226,0.3392658867714371,-0.05281472471751419,2.119358896620373,0.6304347826086957
2910018.7073687064,0.2381668041288556,-0.08154628722558646,1.6507289754947505,0.5797101449275363
3869598.8163054045,0.3107902076837121,-0.04595295777959382,1.7238763141933249,0.5579710144927537
3363873.0089193364,0.2745824034741069,-0.08816891900627397,1.669178833493334,0.5579710144927537
2361402.8939904664,0.18750109354478073,-0.05864198182445922,1.3857862138999235,0.5869565217391305
3166632.662401157,0.25927197246049793,-0.0756028515742334,1.6934188765414664,0.5144927536231884
5155480.994496112,0.38820574713219314,-0.07723397377491388,2.015568306586778,0.5579710144927537
3537897.575400182,0.28750537601411796,-0.08333052890801146,1.7590776270651785,0.5652173913043478
2900663.021726374,0.23736963914711695,-0.06764909046466637,1.8264190132066023,0.6014492753623188
1633545.6519144448,0.10312888152219513,-0.13263354681175565,0.8184818137387555,0.4855072463768116
3362051.8184509412,0.2744443625807551,-0.07167981093203972,1.6786838259900692,0.5797101449275363
2577143.3109189165,0.20844729504409765,-0.09623541837035769,1.4604822700185993,0.5217391304347826
5151496.821573156,0.38799111876860914,-0.09543915131439366,1.9259036934972316,0.5507246376811594
2181273.8941113898,0.1688049449595066,-0.13111443183684415,1.2719353254086023,0.5652173913043478
3835340.94715142,0.3084610386862501,-0.05929922388251858,1.8719713371954534,0.6086956521739131
2773316.14326149,0.2263088879782913,-0.19894675992500427,1.3733967261173248,0.5362318840579711
2401309.780752294,0.19148790459387866,-0.14839325526540312,1.2197290058692176,0.4855072463768116
6272913.970789064,0.44375621344422633,-0.05925840322908954,2.3515868418429204,0.644927536231884
2330644.1936663003,0.1843912641599228,-0.09720392351750338,1.3073604911858596,0.5579710144927537
3872438.2768411436,0.3109825193562856,-0.07108258549951993,1.6955044284202223,0.5797101449275363
2337980.7623785357,0.1851359893589828,-0.11858341079582785,1.2367681204321663,0.5362318840579711
3774829.191211293,0.30430590649563305,-0.07592108097342877,1.6455448051841735,0.6014492753623188
3834476.455610872,0.3084020475553997,-0.04877141517255729,1.7558432819096497,0.572463768115942
3875977.982762423,0.3112220995111221,-0.05673932159999991,1.7242831797437543,0.5942028985507246
2847027.2335463786,0.23275940427613184,-0.06620687166448354,1.6178602548052217,0.6159420289855072
3967689.76057087,0.3173693088643377,-0.08167632034185772,1.5831968468017035,0.5
3605926.667068171,0.29241913111706164,-0.057994343658053206,1.6832432094877556,0.5797101449275363
2305711.4960385286,0.18184628119684398,-0.15081811562588415,1.249377326468736,0.5289855072463768
2469593.1518141725,0.19818832188917934,-0.08567597506167009,1.372524845345862,0.5434782608695652
6333445.72023657,0.4465318836620822,-0.10565159296309971,2.280273153504422,0.6376811594202898
5389002.3065643115,0.4005598553927441,-0.1186070489545878,1.7814410539844214,0.5434782608695652
3885169.972278118,0.31184343031969775,-0.059910565445101996,1.8660195306989698,0.5507246376811594
3788830.9503644225,0.3052720715989119,-0.060788299399562665,1.9943927989343997,0.5507246376811594
2079144.143603671,0.15764905038930754,-0.06382515328656511,1.401859541734049,0.572463768115942
6287952.783134326,0.4444478086832919,-0.028888589099999876,2.492310688915459,0.6811594202898551
1430165.8634449167,0.07418054287420972,-0.14790454788390872,0.7246267035183681,0.4855072463768116
2227107.748056166,0.1736760588974493,-0.07653586215784233,1.3071540383939866,0.5217391304347826
2500618.5157485935,0.2011838612509249,-0.15591436239119244,1.2796468913801884,0.5
4383199.593695199,0.34387306466815404,-0.04565472817944993,2.217446139354198,0.6231884057971014
2120055.269968975,0.1621694010226069,-0.11251231184143604,1.2612404041523877,0.5797101449275363
3120476.123710883,0.2555793741780479,-0.09997494696480988,1.462410799890376,0.5144927536231884
3192181.7283346066,0.26129746096720474,-0.10804464960483179,1.4628290968048494,0.5144927536231884
3684680.378647327,0.29801575643693057,-0.07794277537311296,1.8947725122219017,0.5797101449275363
6217646.721094844,0.441203169214738,-0.121045697162643,2.1173106441105713,0.6086956521739131
1445595.3739969796,0.07648838917516709,-0.07597120739086284,0.811713981408298,0.4782608695652174
3235242.430209623,0.26468208322638653,-0.09666815517048633,1.481888934964788,0.5217391304347826
7126478.607746041,0.48106799489002583,-0.05770037634336192,2.0970744962867207,0.6521739130434783
3530347.2259312375,0.2869553643513123,-0.06464375148851197,1.8643783183324505,0.5289855072463768
2328879.669396867,0.18421186995444483,-0.09432311688983386,1.248337968278326,0.45652173913043476
4619461.547095547,0.35805785321949,-0.08408039761564846,2.3331915000756043,0.6594202898550725
1805414.019317829,0.12542190026769018,-0.09603433117973799,1.1038296538393537,0.5144927536231884
6481614.314839591,0.4532376369647986,-0.07373626769752226,2.287805722859363,0.6014492753623188
2972805.089153859,0.24346420269576363,-0.07044349507717286,1.6234126593791032,0.5434782608695652
3822572.05113391,0.30758863138832404,-0.06538771209855986,1.7923349290786983,0.5869565217391305
2624042.984412974,0.2128139649079055,-0.10436140749473366,1.3665373084734385,0.5
2984752.8340851357,0.24446209973710786,-0.050338911564039995,1.8675735167516148,0.572463768115942
2619569.8283931273,0.21240019050417813,-0.1428263799471708,1.5919708149445462,0.5579710144927537
5923409.857101011,0.4272970124315616,-0.07632162841961344,1.9390964554668206,0.5652173913043478
2389116.4988873424,0.1902754207740327,-0.08991335271234167,1.1894623251458054,0.4492753623188406
4318904.553327518,0.33990720142432784,-0.07931109857179232,1.8159887473389742,0.5942028985507246
2253775.7201679796,0.17647347297927563,-0.0846479581062395,1.3051142354689849,0.5217391304347826
2758437.2117538727,0.2249902176184948,-0.059249869336316194,1.375488022738062,0.5579710144927537
2344548.399896227,0.18580107715632477,-0.06560443845254858,1.3021511395834506,0.5652173913043478
3395719.7563254293,0.27698668302753204,-0.12944177791358236,1.6322400853489287,0.5362318840579711
3325833.8219516235,0.2716866411073231,-0.02962571144886722,1.8710426862531722,0.5797101449275363
4736042.979994393,0.36484435233469426,-0.060712228538053636,1.7526506189649564,0.5362318840579711
2612710.365372894,0.21176457937008486,-0.10148407682082117,1.4090420722236099,0.572463768115942
1905754.9528503728,0.13766241737557072,-0.08985993637834842,1.2603256993068555,0.5289855072463768
3949806.8348531956,0.31617964905951923,-0.07263138198167403,1.6119286589585922,0.5362318840579711
2690273.4458470144,0.21887532429708512,-0.1467603659188175,1.5261360078524406,0.572463768115942
4432880.673019102,0.3469057538083262,-0.0590085652217542,1.9164962612728282,0.6376811594202898
3966002.1645891997,0.31725722522765376,-0.06481891665049595,1.6652011617315985,0.5579710144927537
6272858.628759435,0.4437536659621,-0.06519595077729103,2.036319321789688,0.5942028985507246
3151026.875902117,0.25802833064813324,-0.08341739571833973,1.6106571465767303,0.5579710144927537
2373673.9885807596,0.18873271251074808,-0.07830015129250692,1.5430704838587166,0.5797101449275363
3071279.289868476,0.25159512315899746,-0.1025189876309364,1.641042823646543,0.5797101449275363
4281817.245881992,0.33759804520567616,-0.07424226655236346,2.064789948256592,0.5797101449275363
4732080.191397297,0.3646158746464716,-0.10405289994238265,1.7421026029781994,0.5579710144927537
3264527.414402097,0.26696338490011295,-0.07330518313790933,1.7219202139082803,0.5579710144927537
2841515.4225812485,0.2322817126928507,-0.10037002649820431,1.7552050883748596,0.6159420289855072
2421490.3956884774,0.19348385983675875,-0.08397727316227876,1.3240272105814614,0.5144927536231884
2981508.260899629,0.2441914237098337,-0.08324743519560883,1.6058820526644182,0.5942028985507246
5984537.042865833,0.4302307524774691,-0.09217872727379069,1.9706865019452395,0.5579710144927537
4405484.30736523,0.34523677661425434,-0.05842773815896097,2.1194735210534943,0.6304347826086957
2876195.9006530866,0.23527511523123978,-0.1550959042202666,1.3625278750805303,0.5579710144927537
4786756.823036146,0.3677548801028834,-0.0578043212086595,1.8795019431039433,0.5942028985507246
1966248.9470699506,0.14479493852711411,-0.14855021758929046,1.0053944293617345,0.5144927536231884
3025468.0664209,0.24783888423532963,-0.05409975388517734,1.563522585616161,0.6231884057971014
4034161.2735676384,0.32175405424695325,-0.06653301300581727,1.7323205218633873,0.5434782608695652
2902568.4255550085,0.23753215851468923,-0.06969345893209596,1.5728771644480137,0.5507246376811594
2990870.273131114,0.24497180274184838,-0.09002505973482998,1.4082191173753513,0.5289855072463768
2689198.5216681464,0.21877790609521153,-0.08056251340899474,1.2937526476349774,0.5579710144927537
6117519.892503257,0.4365312502139409,-0.04195027281135398,2.5421881324763476,0.6594202898550725
1781372.14632,0.12240846001544337,-0.07836284595050724,0.9902776874591878,0.4927536231884058
3294363.5609648973,0.2692708468666687,-0.09670204289327947,1.703326845031767,0.5942028985507246
2218357.229786708,0.172752308969764,-0.07917042506294535,1.321067600113256,0.572463768115942
2695832.9637406995,0.2193786757102636,-0.07436277713093033,1.5569021119710846,0.5362318840579711
4073887.7135943924,0.3243470574425036,-0.10789988060264216,1.7473115899932905,0.6014492753623188
4201334.402211337,0.33253139522954145,-0.09583432177862243,1.8453187507816424,0.5797101449275363
2815150.0671376158,0.22998640194966913,-0.06987291763910289,1.6507191987340795,0.5869565217391305
5380005.634288414,0.4000919097499209,-0.07892657518320542,1.7184136554062368,0.5507246376811594
5747163.215679476,0.41870044904595827,-0.07131331871450404,2.1071344293306575,0.6376811594202898
3702472.2925350913,0.29926686675265346,-0.08713386347533879,1.9648882091743334,0.5942028985507246
6027042.706286578,0.43225667108406207,-0.09373679539255651,2.1437300501859666,0.6666666666666666
2532671.0420291526,0.20424750986074947,-0.08795505448937332,1.353698725806478,0.5217391304347826
3260713.017859453,0.26666717289698183,-0.0789937784074534,1.4739944415141317,0.5
2453776.989558729,0.19664964939748075,-0.13916477860960524,1.3002480094897866,0.5217391304347826
1638337.8281924264,0.10377535206066368,-0.14344264266541173,0.8356549002607488,0.427536231884058
2959715.982539642,0.24236728744874902,-0.12293822166626692,1.3941066738341101,0.5362318840579711
1328248.1208189863,0.058414648881337294,-0.11395576846272404,0.5251674208545644,0.45652173913043476
2650186.422189522,0.21522105328485885,-0.08326170566057822,1.4859879966788205,0.5217391304347826
3796643.8607828887,0.30580994582117604,-0.10397842270338865,1.6273640943740582,0.5289855072463768
3747029.6779179405,0.30237912501286335,-0.08612762891779684,1.8902719804023367,0.5652173913043478
2891405.8335244283,0.23657883966034277,-0.0790512195860634,1.6235589443500495,0.5942028985507246
4711113.096737599,0.36340444650353265,-0.05717736442570521,2.0503042162998204,0.6014492753623188
4315984.734564552,0.3397259821110843,-0.07016591014184918,1.7260108332079709,0.5362318840579711
2563720.7501605884,0.20718587076659123,-0.11090634789057162,1.558985716734127,0.5797101449275363
1847574.38207867,0.13062969168025473,-0.0814039129654249,1.1687639279860955,0.4927536231884058
4115715.566302361,0.3270554523580915,-0.09244647645938764,1.628178327871245,0.5942028985507246
2365985.391229993,0.18796162498271696,-0.08929614392518483,1.3393298012759762,0.5289855072463768
3516129.5060152435,0.2859171028437413,-0.09958866600649624,1.5814331312678587,0.5652173913043478
11744699.402875558,0.6366973572259003,-0.1160525060428602,2.3262520006461744,0.6014492753623188
2066793.462879158,0.15627042077735998,-0.06507274957326313,1.355576133089591,0.5797101449275363
5297038.449493901,0.39574674936472887,-0.08608439571605736,1.8811387544826716,0.5434782608695652
2795033.9002678217,0.2282235376628059,-0.11752770750108356,1.4768538204333463,0.5579710144927537
3130424.485165048,0.25637893542659085,-0.10044498779145479,1.4978923545014593,0.5289855072463768
5295466.295256729,0.3956638883569037,-0.09632739885923834,2.07306188085807,0.6014492753623188
4970122.5145685645,0.3780767919243657,-0.09521063659951451,1.8045626995395374,0.5797101449275363
3511749.5294986833,0.28559657453464693,-0.10475324461027391,1.5901880152156291,0.5434782608695652
3386242.905727703,0.2762731174126556,-0.08796414921899534,1.8871359790001607,0.572463768115942
2535853.798543908,0.2045500285330093,-0.1266504701839672,1.5090896525220467,0.5507246376811594
2723631.4911928596,0.22188313183567843,-0.06596522507111556,1.5238369272642527,0.5434782608695652
2281967.6245780326,0.17940209723840916,-0.06179731923450046,1.5615238367303395,0.572463768115942
2195849.882422926,0.17036285399874473,-0.09594883312140405,1.3446763768166887,0.5652173913043478
3508360.8007165254,0.2853483665903511,-0.08694309666394603,1.8758194266335841,0.5579710144927537
2504064.9852835727,0.20151478443274207,-0.12166372335839294,1.3223686690136618,0.5
2487520.2044623746,0.19992284930695048,-0.06075347682417534,1.3604992265262927,0.5507246376811594
3569583.708888,0.2898033903384185,-0.08576369876692544,1.7973076915264437,0.5797101449275363
5318202.459123053,0.396860296162008,-0.09067628376275717,2.007157643883804,0.6014492753623188
3349355.976426425,0.2734803893527351,-0.09603940384826853,1.581224819782118,0.5289855072463768
5214413.4630943835,0.3913650591754667,-0.04362760068261057,2.229483507998201,0.6594202898550725
4044316.013168127,0.3224188057706774,-0.05443822686975991,1.757804188213898,0.6014492753623188
6471236.24882194,0.4527719670249617,-0.0633897407999999,2.228435055701724,0.6376811594202898
4391830.067589273,0.3444018627385512,-0.06995440370438402,1.7702014681037743,0.5579710144927537
4074667.5721948277,0.3243977571397534,-0.13415480401892085,1.6519592862033818,0.5434782608695652
3597361.366848791,0.29180456005841093,-0.10230982911154096,1.7451682464460296,0.5652173913043478
3287838.8454348124,0.2687676722899395,-0.06956225051099393,1.3963522412145677,0.4927536231884058
2922029.480345829,0.2391871995696584,-0.09373186270108502,1.4943040846949918,0.5434782608695652
2924101.967900204,0.23936293166025258,-0.22627210181084725,1.3166541444000315,0.4855072463768116
2722380.4648542455,0.2217708634239739,-0.09082235471347214,1.4433281318632023,0.5579710144927537
2919590.668651981,0.23898027806477762,-0.04873023380385713,1.4691568168815408,0.5797101449275363
2579586.1712503014,0.2086763043726465,-0.06210213256912121,1.3113132033917907,0.5434782608695652
2550557.40804764,0.20594366547372078,-0.09478841839271081,1.4738868592529424,0.5797101449275363
2533340.4226634703,0.20431115924448906,-0.10915457256061956,1.1736564374582301,0.5072463768115942
2874937.8015976236,0.23516703007314432,-0.06992810523576941,1.4392571070630242,0.5289855072463768
3812907.722750787,0.30692678565617015,-0.07552479798970763,1.9302193427156316,0.5869565217391305
2824390.460659344,0.23079280054273754,-0.11882060432550953,1.4332299540845337,0.5434782608695652
2320866.2528200634,0.18339579764078606,-0.05134258326935406,1.3172416810243366,0.5579710144927537
4755033.702786996,0.3659371594601919,-0.0691690736353245,1.804297762594462,0.5869565217391305
4043240.2073367704,0.3223484444410276,-0.06166222043985019,1.939313724875834,0.6014492753623188
2278258.346794725,0.17901843034235276,-0.09231809288626194,1.4109357562047475,0.5797101449275363
2869851.8834918435,0.23472970524961756,-0.05924031240299361,1.5503780522056305,0.5289855072463768
2526061.2612804407,0.20361828211364474,-0.11747498836391955,1.3805563404034287,0.5217391304347826
3136877.479753621,0.25689648375192253,-0.15496674610746944,1.496544049512952,0.47101449275362317
3176639.9868320934,0.2600668889905664,-0.09470691625635924,1.5447465339298554,0.5652173913043478
2509050.8501241263,0.20199287305108116,-0.11040460940819834,1.4843698667106795,0.5869565217391305
2686548.421978654,0.21853759978483844,-0.08323439917886219,1.5147942326583943,0.572463768115942
3418975.299430088,0.278730996563616,-0.08238147981978426,1.6805628300860898,0.5942028985507246
2384031.6073269853,0.18976832279715117,-0.0927651643002958,1.6265779056456156,0.5652173913043478
2445310.7609622916,0.19582275105879554,-0.09333083323136017,1.533150301469684,0.5434782608695652
5458670.939975314,0.40416254052537126,-0.048469101117768594,2.047461616026648,0.572463768115942
3852954.3150467095,0.3096606288684758,-0.05150278785805536,1.6400551236162082,0.5507246376811594
3487955.3055024357,0.28384969498481216,-0.06380186651377112,1.5699663447374144,0.5217391304347826
3896345.385053887,0.3125972482047428,-0.0478202374199741,2.2406804230598576,0.6666666666666666
3860225.9396300996,0.3101545967931958,-0.07209441448422411,1.9775958892426277,0.6376811594202898
2407058.4515304347,0.19205783706821622,-0.11677365174701851,1.3779823851217472,0.47101449275362317
2602959.501918552,0.21085874383034864,-0.0739652664954039,1.4733526954760174,0.5652173913043478
2046469.8463071117,0.15398740811407308,-0.08459297876476546,1.230837162010564,0.5942028985507246
7477112.833897062,0.49536353804160127,-0.08446437260256015,2.034547140673048,0.5579710144927537
2758710.212867579,0.2250144639891538,-0.09732957976887248,1.4689126626514741,0.5144927536231884
4034802.6308513456,0.3217960784809435,-0.10301914533147516,1.7625759476075042,0.5869565217391305
4021738.8171691694,0.3209390301223909,-0.03850311298115085,1.8823545089047982,0.6014492753623188
3009645.9925456196,0.24653099871809925,-0.10950008717771631,1.7902355860600787,0.5434782608695652
3198347.62461127,0.2617843397359543,-0.06504308773419616,1.5462207045740453,0.5434782608695652
4090758.3197689205,0.3254421106853662,-0.08022302219813791,1.7146365855876926,0.5072463768115942
3486492.943140711,0.28374202339823795,-0.06638496596339201,1.4525966781358817,0.5144927536231884
3869090.047732935,0.3107557377569945,-0.09562023595581418,1.6427888891171034,0.5072463768115942
3361487.5951063926,0.2744015839696847,-0.06663924595148757,1.5704647725827623,0.5289855072463768
3773869.99205356,0.3042396138902914,-0.08364209261348043,1.8103519786589972,0.5942028985507246
2411160.9678722755,0.19246390166671645,-0.07946616651497757,1.5163837210751867,0.5289855072463768
3390378.6924371584,0.27658472037357407,-0.11811617250361277,1.7789231710117437,0.6159420289855072
4445830.846418539,0.3476918032094036,-0.12082109695926962,1.8147097861677381,0.572463768115942
3183717.1392579866,0.2606278432751614,-0.057337056102832275,1.7818694179979047,0.572463768115942
2639868.607017556,0.2142733465198119,-0.14954851855560886,1.5104126024347397,0.5434782608695652
6025994.672772195,0.4322068570215809,-0.07626102589548038,2.096893318102326,0.6304347826086957
3889053.1549169007,0.31210556002220646,-0.056560396955932395,1.680728531171245,0.5289855072463768
6185110.932118843,0.4396916925526382,-0.08579106071657167,1.9913718940563152,0.6159420289855072
1541143.504091305,0.09035674883464306,-0.17144214514817774,0.7463441950943026,0.47101449275362317
3182355.955444745,0.26052002969292243,-0.05220567765238223,1.802899151935686,0.6739130434782609
3231198.965531752,0.2643658005466145,-0.10769653098560528,1.630524616452968,0.5869565217391305
3996652.0019765063,0.3192869512894514,-0.07716967680401157,1.6398432984779947,0.5289855072463768
5271051.616375068,0.3943745703435535,-0.090675693970707,1.85664208068946,0.6304347826086957
3452472.9174322733,0.28122692295098073,-0.06427311674675197,1.7895435942960027,0.5652173913043478
4862180.297414602,0.3720382276522993,-0.0694534539653292,1.9880192364147788,0.5797101449275363
5085132.33084196,0.38439636983967596,-0.05499026949733916,1.9843741150030438,0.5869565217391305
3438957.019550357,0.28022218728554393,-0.08276921099099493,1.6971328164227149,0.5507246376811594
2534460.086817958,0.20441759466082843,-0.15371088651316284,1.420564406238977,0.5579710144927537
5947919.236482756,0.4284762119011907,-0.05413485380054939,2.0854451595847987,0.6159420289855072
2207845.5442205267,0.17163877903466807,-0.12171352659693668,1.2691066339406991,0.5507246376811594
2807048.6054119254,0.2292776526503133,-0.05786887798432637,1.7178633810112658,0.5579710144927537
4337104.033459118,0.34103455278312755,-0.08385442302609696,1.961899737491346,0.6521739130434783
3580544.129406906,0.290594488561128,-0.07362627841778518,1.5817716247379372,0.5579710144927537
4617106.147829706,0.357919333998558,-0.09588870640997119,2.2590455280020922,0.6231884057971014
5443812.998417932,0.4033973096807211,-0.06705038552409626,1.8302727164617827,0.5652173913043478
2636682.527110486,0.2139801015487639,-0.151523633578802,1.473313606252748,0.5217391304347826
2682089.306246939,0.218132826790987,-0.04709165569634027,1.5823131749178796,0.6231884057971014
4638946.125408935,0.3592015645537592,-0.07437596306027866,1.973377965145037,0.6014492753623188
2473978.862769996,0.19861358859973444,-0.0677301721103046,1.5581674379120634,0.5652173913043478
4900664.486271735,0.37420332207520324,-0.08636152147153578,1.9863477707610224,0.5869565217391305
2850895.0325321495,0.23309417287863976,-0.07377136903376597,1.3821145076598724,0.5217391304347826
2187802.7592402194,0.16950378887885575,-0.07773500679776454,1.2760213049171765,0.5434782608695652
3099211.9297809047,0.25386348493267485,-0.08076580482333022,1.7136005412935251,0.6086956521739131
2599122.457678128,0.21050154576069757,-0.09326918851013481,1.3313402204776528,0.4782608695652174
3533367.452733841,0.28717548817575,-0.08272174062295537,1.8183618265324548,0.5942028985507246
3497964.822982358,0.2845857130190559,-0.07691030018141247,1.7957092861310098,0.6014492753623188
1842440.1691799306,0.130000612076699,-0.07573728151880525,1.0745788484145402,0.5144927536231884
3022835.9989585,0.24762169207985396,-0.10044463642000265,1.4848591789870635,0.4927536231884058
3754866.7649856545,0.30292346711457885,-0.09353259858001417,1.7439239206787893,0.5362318840579711
3515928.779224941,0.2859024205684424,-0.09667085796991015,1.8263127383034696,0.5869565217391305
1875307.0228260595,0.13400371158738733,-0.11339966493135482,0.9306198984337433,0.463768115942029
4037123.977026163,0.32194813748701434,-0.07248275329535761,1.8616964025116076,0.6086956521739131
6550545.783895365,0.45631558523978044,-0.06472571512338741,1.9249953524664183,0.5
5077899.828330471,0.3840023446395868,-0.07218574725573808,1.8327536518968826,0.5797101449275363
7007754.795636257,0.47609999734618724,-0.10733561852640554,2.0657086241710476,0.6666666666666666
2685161.908527768,0.21841179764798402,-0.11128093180879742,1.3211952059153387,0.5289855072463768
2863212.780505212,0.2341578921961609,-0.09676301096388595,1.5360739866740714,0.572463768115942
2505950.513090359,0.2016956749051766,-0.08811205685301363,1.4185101760850418,0.4855072463768116
2837478.5355533133,0.2319313777025147,-0.07640769022352896,1.8039528583593163,0.5797101449275363
4703964.582779158,0.36299043663262,-0.05773524711237051,2.0393108319603095,0.5942028985507246
1812071.3729342695,0.12625066362714565,-0.10648449874522843,0.9939357559022947,0.5217391304347826
2462670.029030293,0.19751578015728266,-0.11595860071961932,1.336839301607265,0.5144927536231884
2703842.1528338813,0.22010235919979104,-0.0755475598732982,1.441742725533354,0.5362318840579711
2919771.294706233,0.23899560806178033,-0.14069301477855423,1.6467999436577634,0.5434782608695652
2666188.388977336,0.2166850355911487,-0.08231322303566622,1.6030750099354765,0.5217391304347826
4743578.719687565,0.3652784097111863,-0.08674271007525448,1.8554391682601705,0.5797101449275363
5010719.478123623,0.3803207540588971,-0.060904771025571035,1.7802446895968689,0.5507246376811594
2668256.9533625627,0.21687377023905552,-0.10845336864857989,1.2425045551060974,0.5072463768115942
1768258.7136172908,0.12075106795747281,-0.10791010931259401,1.0875898630159095,0.5072463768115942
2175061.0965645714,0.16813837706613266,-0.0650182559531128,1.354880305976284,0.5362318840579711
2597985.3404522366,0.21039560822755377,-0.10980919851306689,1.3042753535674694,0.5217391304347826
3878669.349247009,0.3114041438606039,-0.16676135385217453,1.6267861151528176,0.5144927536231884
4314555.231999987,0.33963722389612094,-0.056938123443741495,1.8613520423830894,0.5434782608695652
2286612.8963076007,0.1798818750912614,-0.10227439515902956,1.242754737668576,0.47101449275362317
3226799.3423061715,0.26402129899278104,-0.05743616016652165,1.8551646176331613,0.5869565217391305
2181355.901880245,0.1688137333693065,-0.09964674649699415,1.587510365264131,0.5362318840579711
3990722.6453501973,0.3188952649931478,-0.05386922645192399,1.6808924279688622,0.5507246376811594
2276464.066574931,0.17883266069933113,-0.08466344533401067,1.186757290200258,0.5507246376811594
2533344.733192925,0.20431156907612036,-0.10680380538337308,1.2949018525440095,0.5144927536231884
4139390.4770504837,0.3285786809206994,-0.09288445874948852,1.4825050836014058,0.4782608695652174
3542364.231692653,0.28783031147927907,-0.043312933077349236,1.8065319633965082,0.6014492753623188
2536259.3312244723,0.204588552296322,-0.17205769539335306,1.3374153484947358,0.5869565217391305
2905213.514630776,0.2377576271177928,-0.06311560211200012,1.5521084967430712,0.5434782608695652
2626177.0620035077,0.21301117185507557,-0.09600573317115524,1.8447862197646663,0.6086956521739131
3775474.5352219325,0.30435050021935117,-0.06828816024095823,1.8659970707025066,0.6231884057971014
2653220.69831453,0.2154991943748803,-0.061623353686377065,1.4969248210242432,0.5144927536231884
2246763.2606427297,0.17574045776180447,-0.09628479287687369,1.27422775804981,0.5507246376811594
3506039.8328470252,0.2851782562638945,-0.07565474786025926,1.745289055537972,0.572463768115942
2411794.1576726334,0.19252652516543223,-0.0859915999232559,1.254899195537315,0.47101449275362317
2628178.4187606974,0.21319599780971665,-0.09396307044163554,1.2920695143949092,0.4782608695652174
2389922.298814965,0.1903557010347421,-0.07404202703870284,1.4212517402594909,0.5289855072463768
2699465.1413728674,0.219707079955475,-0.086073523382275,1.595121725323823,0.5869565217391305
3559706.6062202537,0.2890888171446877,-0.05093931519999986,1.757674828850491,0.5942028985507246
2363069.1761810994,0.1876686340917728,-0.060372218195200104,1.4257485635832974,0.572463768115942
3454349.197046824,0.2813661517071355,-0.07349168045005194,1.7206144118380826,0.5869565217391305
2611809.807406657,0.21168103281651174,-0.059063756113249946,1.555998277301349,0.5217391304347826
4639471.493600781,0.35923234951667404,-0.08151058064397473,1.6499315273893436,0.5362318840579711
4486155.946839312,0.35012777983356114,-0.11594879830987585,1.9373142675665522,0.5579710144927537
1752785.448033166,0.11878272483433694,-0.10519537613017171,1.068542716316474,0.5144927536231884
2613441.2716540345,0.21183237006455435,-0.0681930154115669,1.563295010262811,0.5942028985507246
4850278.951052871,0.3713658908634909,-0.060970179243928196,2.1298573039956494,0.5869565217391305
4580310.489286479,0.35574803539867417,-0.07010036878495747,2.080109666689342,0.6086956521739131
3480614.2320657256,0.2833088176711518,-0.09376152138503609,1.6103083161877398,0.572463768115942
2239408.522213277,0.17496969489302994,-0.07675118162271992,1.4089477128630734,0.5507246376811594
3071956.5406798655,0.2516503163847956,-0.0856861445229311,1.5984179635312001,0.5507246376811594
3103243.3040821175,0.25418951394510203,-0.11148176874667662,1.3997247842945078,0.5507246376811594
2259380.4218612923,0.17705802392591452,-0.1033546401633313,1.4729191807248452,0.5144927536231884
2549221.2238169266,0.20581728520296938,-0.10839416975457228,1.4068059594751803,0.5579710144927537
2233806.8087863023,0.17438128603877345,-0.1331495212800224,1.2531611551734747,0.5217391304347826
4390521.863755844,0.34432176122122726,-0.10249506098546589,2.022118854493627,0.5797101449275363
2690014.8982208655,0.21885189549379302,-0.10172055865670553,1.3960212565476522,0.5362318840579711
3754718.6210088083,0.3029131858810621,-0.06259671993458686,1.5323599844807236,0.5579710144927537
2515586.5639938843,0.20261842505119,-0.11131090174536881,1.2751106333282287,0.5217391304347826
2721791.935817344,0.22171803393706613,-0.08730392023295555,1.691357634867818,0.5434782608695652
2791871.5122724883,0.22794548175727902,-0.0731216768582762,1.6576661377636932,0.5434782608695652
2709542.9221065138,0.22061641756995654,-0.07344302788507233,1.431970087886939,0.5652173913043478
6063053.492573026,0.4339641042610194,-0.056132535310389364,2.2239112505032743,0.6304347826086957
4467420.534992495,0.3489981908331308,-0.07630867316812273,1.5751722164484585,0.5217391304347826
3136178.2363200844,0.256840443629639,-0.07474060589246467,1.5626422648472547,0.5797101449275363
3400685.3875637786,0.2773599375722793,-0.10875071563189961,1.5995759941678696,0.5434782608695652
4183117.5992057896,0.3313738261972048,-0.072566541920997,1.9605403759473794,0.5289855072463768
2366874.21385098,0.1880508671682377,-0.12276923727912917,1.404483383788363,0.5
3180568.3619422666,0.26037838596066143,-0.08939302911200402,1.5024302769242377,0.5362318840579711
2536449.703391284,0.20460663508818633,-0.10914220830058058,1.353994317814996,0.5434782608695652
2717421.4337151106,0.2213254283131203,-0.04699982577545115,1.4109272763707736,0.5362318840579711
2315066.5264014504,0.18280375640154056,-0.09644105232121801,1.2025322791885777,0.5072463768115942
3996922.7844774392,0.3193048277589965,-0.06180079638377084,1.817801861325952,0.5652173913043478
3143200.8877261607,0.2574028132735604,-0.10172199648120314,1.5126704334688643,0.5652173913043478
2734785.445188655,0.22288228003887656,-0.0765135729408846,1.4650412117087033,0.5797101449275363
1755986.3767148554,0.1191910498386275,-0.18702322532400942,0.8461817938978047,0.5144927536231884
4846183.518657568,0.3711342244285918,-0.08118288539286651,1.8824174085267482,0.5942028985507246
2349665.1845883573,0.18631820864366921,-0.08863655106055253,1.2886333947431443,0.5362318840579711
4125902.2982518673,0.3277117170674846,-0.06809664153795371,1.7761826925925377,0.572463768115942
5664838.125876549,0.4146125310199569,-0.03877161286467046,2.1658108957452327,0.6376811594202898
2828735.8188401475,0.2311712855535486,-0.11812352125259931,1.6579146978113033,0.6231884057971014
4731324.391262014,0.3645722810166432,-0.09546020088383067,1.7629364578919415,0.5289855072463768
2871668.4814256798,0.23488598089130774,-0.06307380273117578,1.588258975094142,0.5144927536231884
2658436.2956559225,0.21597669520418483,-0.084548133403522,1.4620092660491686,0.5579710144927537
2017830.0040146126,0.1507392198182318,-0.06823237759851222,1.2818189869806107,0.5
2293441.446606971,0.18058573500488917,-0.07529004115137297,1.2759989361443764,0.5289855072463768
2796748.55233416,0.22837419482948307,-0.14957398326646562,1.4937270552966833,0.5797101449275363
4573745.353373439,0.3553591631770283,-0.044479999999999964,1.8051120446651676,0.572463768115942
2158354.907581701,0.16633839314815524,-0.15141102537190895,1.0119795120037651,0.5072463768115942
3481286.220974161,0.2833583665521282,-0.055001556256782054,1.7353693681742273,0.5507246376811594
4475563.611504171,0.34948961513043164,-0.0830966303433982,1.886303751440444,0.6086956521739131
3137490.6895032423,0.2569456205717746,-0.07292770593200718,1.7504171915514921,0.5507246376811594
3043886.263357714,0.24935449635852858,-0.07007573657686009,1.5479461398673287,0.572463768115942
2879953.1347383717,0.23559767980330193,-0.114012852359905,1.5294066148322552,0.5652173913043478
2605920.8402710776,0.21113413280708726,-0.07931373760102933,1.451240133606821,0.5434782608695652
4364297.404089807,0.3427119915973953,-0.07032216529834501,1.9043300444053448,0.6086956521739131
2211305.561006965,0.17200577490766422,-0.09770141217462315,1.3885894432963701,0.5579710144927537
3085191.2879509116,0.25272694634629445,-0.052921051378654674,1.5759026240970722,0.5579710144927537
4325693.886777889,0.3403282045655298,-0.0352375181231342,2.1518816044304288,0.6304347826086957
3039378.653761723,0.24898424985969747,-0.0797893004803403,1.6400927738439959,0.5797101449275363
2875278.6288905554,0.23519631478833758,-0.10299268337453496,1.3672875680813408,0.5362318840579711
2011801.1455045189,0.1500507624043712,-0.13065475511061608,1.117612841214199,0.5579710144927537
4164020.5085733444,0.33015598217808373,-0.06464213312705638,1.6656767997151787,0.572463768115942
5083176.775269119,0.3842898758331552,-0.05402440485299702,2.239514784392903,0.5869565217391305
2916303.465859146,0.23870115572403283,-0.09137143525875266,1.4096029944212176,0.5289855072463768
3760727.3992583705,0.3033299366673503,-0.08698152959999988,1.686905239928096,0.5797101449275363
1957518.6584328217,0.1437765336072121,-0.13944577948699946,1.045593964851247,0.47101449275362317
5316474.209675804,0.3967694971779425,-0.060530237386734534,1.9344837065662512,0.6086956521739131
4028170.7285339283,0.3213612720051797,-0.13581525542389117,1.6966127384051548,0.5289855072463768
1734045.5777072809,0.11638013927204294,-0.15436508430881163,0.9554519563046712,0.5144927536231884
2672242.5657714983,0.21723708547297926,-0.0603420915997226,1.6396923925150675,0.5434782608695652
3905068.180337425,0.313184428079065,-0.09397193873172346,1.7747376366664174,0.5362318840579711
2716137.795386576,0.22121002211078533,-0.16724012744124528,1.3297689708358515,0.5144927536231884
3050289.2580943163,0.24987967285952317,-0.05435267026863557,1.7765359120563946,0.5652173913043478
4166256.122875197,0.3302987805776394,-0.10532630280516408,1.9641851450625465,0.5579710144927537
2485715.638121235,0.1997487024604454,-0.08583955155049466,1.3568403906145476,0.5579710144927537
3938154.572653105,0.31540216293597556,-0.10669880055487362,1.6981556105573843,0.5507246376811594
2461949.1836908753,0.1974456672517071,-0.09548574995187506,1.3145892847427831,0.5217391304347826
4046863.145504262,0.32258533714177084,-0.12185828153907177,1.668715122590499,0.5434782608695652
3052885.7765590637,0.2500923891574989,-0.07569690170561098,1.6646589248284505,0.572463768115942
4022155.9832249857,0.32096643260116586,-0.0444799999999999,1.8247193283236052,0.5579710144927537
2504951.8353219,0.20159987907023846,-0.04448,1.6485991072638118,0.5434782608695652
3469380.7513446007,0.28247938523338334,-0.06703126465089733,1.47148021761173,0.5144927536231884
2617666.0580119966,0.21222391707076116,-0.08942350641946006,1.3589243926740544,0.5072463768115942
2994453.611950331,0.24526997812007068,-0.0737425036392268,1.4750753992136838,0.5362318840579711
2394381.3677082234,0.19079955824106398,-0.064929323457573,1.5496054635360244,0.5217391304347826
3352289.7631047936,0.2737034060455006,-0.055663307377708277,1.5929317175393298,0.5652173913043478
3130428.5363310096,0.25637926060913196,-0.05418808319999992,1.7443557674702213,0.5869565217391305
3727084.117032177,0.30098964205850787,-0.08698152959999988,1.7378787489516672,0.5507246376811594
2190645.5662087114,0.16980755911910284,-0.06227742994148655,1.2132749442355284,0.5434782608695652
2880010.3639113647,0.23560259041594045,-0.09175936905008072,1.3328698511159516,0.5072463768115942
6301217.863228579,0.44505673716520633,-0.0611675457441956,2.128780960182946,0.6304347826086957
3057446.86436759,0.2504656999973096,-0.07873217221442436,1.5273476013894607,0.5
4875956.597064994,0.372814843200568,-0.06999466899884071,1.8728065797978661,0.6086956521739131
4655434.538744521,0.3601664079342495,-0.057610079427773665,1.8406859861601812,0.5579710144927537
2227993.782208301,0.17376943126558753,-0.10857310092703883,1.3176243298774748,0.5434782608695652
3494968.9652238786,0.2843655990181393,-0.05265316813850285,1.9050571389255122,0.6086956521739131
3801811.1449619397,0.30616519750908777,-0.07685337009328655,1.6938577610713852,0.5797101449275363
2613743.6567328363,0.21186041148813373,-0.07824459283772198,1.4470538111122564,0.5507246376811594
5488966.575564947,0.40571771289382386,-0.17636612438876179,1.9536540404022291,0.6231884057971014
2431347.8462099093,0.1944539729516528,-0.0910934052053198,1.3650626718760905,0.572463768115942
4385347.006831088,0.3440047166836835,-0.08896829892665113,1.9655334086406429,0.5652173913043478
4102213.5736816637,0.32618360144624803,-0.05623887818137855,1.8220705767995122,0.5579710144927537
3308257.149305754,0.2703396452807405,-0.08782256693376979,1.6640502421412795,0.6231884057971014
6570568.4421881875,0.4572047851243344,-0.05343271694566687,2.169988049186454,0.6304347826086957
2132329.6748611983,0.16351200907703634,-0.11094465797169066,1.050166187449792,0.4855072463768116
2086816.125562888,0.15850213050582918,-0.10799483542671616,1.2394886225058521,0.5289855072463768
2270395.042335984,0.17820343876689027,-0.06199953629105591,1.4365057526257863,0.5579710144927537
3431242.1848441027,0.27964727010731005,-0.09295365760559703,1.497057509686279,0.5434782608695652
4408994.108736323,0.34545105543769594,-0.09616809972066975,1.9467008709633533,0.572463768115942
2503312.3208824815,0.2014425461993279,-0.1286218146825325,1.2160571275955583,0.4927536231884058
3698008.256750622,0.29895341279308774,-0.08563967262023214,1.672564874405598,0.5579710144927537
2360068.3601752296,0.18736684125450398,-0.07038243918206058,1.4250163189165121,0.5507246376811594
4720363.908246382,0.3639394666751221,-0.10400318195299961,1.7543535692940535,0.5072463768115942
5259971.364325444,0.3937878551985783,-0.09505811902630797,1.996650939387521,0.5942028985507246
3931604.737500866,0.31496432309835476,-0.05885905880727493,1.7443214715428526,0.5797101449275363
2071844.038087321,0.15683497944445324,-0.08101714081630375,1.1589511939236299,0.5579710144927537
2734775.236312942,0.22288136704061023,-0.12232625060860677,1.4957243538173688,0.5507246376811594
1849383.7065124556,0.13085104948724635,-0.07077332669171696,1.1190257826246164,0.5
6123861.043592676,0.43682893578934157,-0.06602151692533391,2.072927980313949,0.5579710144927537
3096868.500068104,0.2536738089678132,-0.058631653255199416,1.5249687229984412,0.5507246376811594
2917952.6461228714,0.23884122205015967,-0.1690229162660339,1.5296071495213106,0.5579710144927537
2753949.7621712103,0.2245913930671828,-0.1205358520734419,1.5786278943318812,0.5362318840579711
2208680.1014238074,0.1717273406441484,-0.09668794992989697,1.1212480101400555,0.5217391304347826
4019090.8173475224,0.3207650373266182,-0.07037856765216836,1.859146370948817,0.5797101449275363
3315106.89483036,0.27086525772640635,-0.07383568826642828,1.5035204104193078,0.5144927536231884
5427559.4348114375,0.402558283870158,-0.052372523549559104,2.2043556893836733,0.6086956521739131
2891422.4622355904,0.2365802619902566,-0.07909678789174698,1.6914794351089697,0.5362318840579711
2613069.871736422,0.21179792505645278,-0.06715438744457003,1.3592742659219572,0.5289855072463768
2616329.7235832303,0.21210012225383723,-0.06933310991265716,1.3638329357493482,0.5144927536231884
3687695.4829968503,0.2982281152953492,-0.06105774692859255,1.7314018730308884,0.5144927536231884
4439407.559128539,0.3473021519130983,-0.06665361924306316,1.7940957048857906,0.5942028985507246
4538041.352627246,0.3532364581934986,-0.07462378547782293,1.6985758241419968,0.5579710144927537
3663423.44562214,0.29651463702385983,-0.08233497531724597,1.7295742625789494,0.572463768115942
3471192.5100812,0.282613302966525,-0.06029161569088982,1.786654470353486,0.5362318840579711
3186372.1140060546,0.26083802647097754,-0.07342062087332966,1.6755201376266124,0.572463768115942
2366618.614897777,0.18802520651638077,-0.12208396056132022,1.3095859479801513,0.5652173913043478
3097702.856674777,0.2537413545104821,-0.06947414370622099,1.5056728611496761,0.5652173913043478
3074191.3305967534,0.2518323737718595,-0.12611702056898444,1.5855891552617412,0.5507246376811594
2012908.935916616,0.15017738870547936,-0.078962039968997,1.4214359056949846,0.572463768115942
5346443.363650173,0.39834068627579766,-0.06389253118762607,1.8260651066740716,0.5434782608695652
4232927.999914807,0.33452949353616734,-0.04663729135449298,1.9144416719244406,0.5869565217391305
3743054.8762475536,0.30210269823664726,-0.07250537615656619,1.6888660303091567,0.572463768115942
2627511.37825948,0.21313440891381652,-0.0901315290299701,1.6464219085616447,0.5434782608695652
3569483.0417564074,0.28979611541322203,-0.05251521652255489,1.7789882412601616,0.5362318840579711
4717688.569040342,0.3637848248579547,-0.08053249276941422,1.8626614790012859,0.5507246376811594
4471878.092686482,0.34926728744800184,-0.09958813690166718,1.6268987204478107,0.5
3824846.9071251606,0.30774422651974986,-0.06367709290672628,2.0977272738119277,0.6521739130434783
2123536.982875723,0.16255087076975316,-0.12222803770213839,1.5213765840585767,0.5507246376811594
5005455.290467635,0.3800306031946963,-0.0598369162640891,1.8241357009715697,0.5362318840579711
2618336.3859537654,0.2122859956035914,-0.08999334051331313,1.403466931970599,0.5289855072463768
4034598.8802164616,0.3217827285228416,-0.07623887309415851,1.6763866980048536,0.5289855072463768
3467254.45690855,0.2823221469405315,-0.0899403911468132,1.7265034836647868,0.5869565217391305
2927252.663575666,0.23962989728453055,-0.06119695273292796,1.66135259322157,0.6086956521739131
3188302.5348600717,0.26099076182750003,-0.10334350534650956,1.5690038515875258,0.572463768115942
2631950.1475472357,0.21354401237036402,-0.13411952415660494,1.5340234201016845,0.572463768115942
3185643.2843250157,0.26078034204292666,-0.0830980463804895,1.620939448485748,0.5507246376811594
1716062.7194580901,0.11405499790514595,-0.1861128612153128,0.7976369422207482,0.5289855072463768
5200769.589861665,0.39063617533678174,-0.04148864621619015,2.340413810894388,0.6231884057971014
3548928.7272990495,0.2883072639484703,-0.04943814192373521,1.7366285882563566,0.572463768115942
4350739.570083805,0.34187671720019197,-0.05923322880000006,1.7764435479340603,0.6086956521739131
1849468.9252739858,0.13086147111574364,-0.07792642529739735,0.9457422965094988,0.4927536231884058
2120890.0827076794,0.16226091194284709,-0.08028783481351359,1.2868157284198884,0.5507246376811594
3161251.0774605577,0.25884366319069896,-0.09140389400629752,1.3693971503225468,0.5144927536231884
3757540.291346971,0.3031089548446415,-0.0828708552585793,1.8506450485005672,0.572463768115942
3982757.2163421386,0.3183683446740053,-0.07947108546580034,1.9480548353882017,0.6594202898550725
2495124.3010982554,0.20065556237965,-0.09351058635727202,1.4079629849420299,0.5144927536231884
6727637.246962787,0.4641059759444417,-0.06144509834174308,2.2087126980332314,0.5797101449275363
3964784.4642965742,0.31717632655565,-0.0496190318346496,1.9330732602369973,0.6376811594202898
2606813.351432932,0.21121708257733962,-0.11069882445605878,1.4391569915510818,0.572463768115942
2738754.480369195,0.22323703163910213,-0.06730812710369495,1.5235732899197933,0.5652173913043478
4587604.963594148,0.35617958585235376,-0.07199325719473,1.7427445016391958,0.5289855072463768
3844871.3109299834,0.3091106671607544,-0.07743483851077984,1.9054482760849998,0.5942028985507246
3121791.3790244907,0.25568519963714786,-0.10314368167447979,1.5150430414065434,0.5362318840579711
2806794.5782126677,0.22925540285649637,-0.073839616760093,1.6618919400393701,0.6304347826086957
3916223.3499725317,0.3139338175793762,-0.05598446080000001,1.8262438983209528,0.6014492753623188
3615421.0005511744,0.29309899825696695,-0.12143666298527851,1.5342236557595041,0.572463768115942
2883354.102759104,0.23588936820387452,-0.11277662142447752,1.4554660768805403,0.5507246376811594
2513501.0658134655,0.20241895740496196,-0.10658072237997135,1.329937516357044,0.4927536231884058
3671106.9626792246,0.2970580328716306,-0.08763993192577695,1.6572033090056344,0.572463768115942
3108648.1809625416,0.25462609088072186,-0.09828259962772973,1.5691154991766962,0.6014492753623188
5688368.618392687,0.4157857811747754,-0.06563803910606708,2.1481347615401454,0.572463768115942
2763228.0010066754,0.22541542919555924,-0.10718195341946934,1.3875568572327386,0.5144927536231884
3789331.9179156534,0.3053065869616043,-0.05700461561267196,1.7791312514758897,0.5869565217391305
2653704.733891477,0.2155435406236068,-0.06811806255136242,1.620428144748531,0.5797101449275363
2836981.43875639,0.2318882103585218,-0.08342998006420742,1.4707545461356186,0.5652173913043478
4215473.88834046,0.3334271104710562,-0.08302536184196345,1.696890928639542,0.572463768115942
3086058.936233286,0.25279739929601197,-0.08930083352395615,1.6826452737203363,0.6014492753623188
3313245.8480217247,0.2707225370789932,-0.08603951770820836,1.6054195632122745,0.572463768115942
2438024.5982799325,0.19510927427181546,-0.11272723059251155,1.4084399391338387,0.5797101449275363
3550669.1674600267,0.28843359964905946,-0.07796047050466992,1.6487863873435225,0.5507246376811594
3463033.4315764303,0.2820097757529345,-0.06250164294454684,1.5658812062394802,0.5652173913043478
2617612.9746978977,0.21221900052422726,-0.09995618487244506,1.3537820958215767,0.5289855072463768
3376483.449829487,0.27553660111149836,-0.1281915535617425,1.5308332194713372,0.5652173913043478
2302460.1779656354,0.18151278523301873,-0.06369147976707067,1.433779099704802,0.4855072463768116
1828165.4166498168,0.1282441694044878,-0.08071052570617371,1.1084229823388336,0.5217391304347826
3177013.8984624012,0.2600965512428275,-0.07503444656700847,1.6538252388159707,0.5797101449275363
3630317.7539197626,0.29416284709413243,-0.08658407823295855,1.5891601537922075,0.572463768115942
2953779.6147031537,0.24186851841951995,-0.15079370606101705,1.4252355381833657,0.5217391304347826
2123352.212822566,0.16253063923487376,-0.11035271443978152,1.141214818872191,0.5217391304347826
3688582.57606195,0.2982905683024035,-0.06076116521859074,1.6060759316603912,0.6159420289855072
3192425.180844014,0.26131669901134846,-0.07826873849615758,1.711538908159509,0.5652173913043478
3256308.725982578,0.26632480676505255,-0.06411634278938362,1.6375048483096957,0.5652173913043478
5475884.744711315,0.4050470249921858,-0.04211747302205018,2.1527416625155573,0.6594202898550725
4200156.140480117,0.33245664531638863,-0.07279885202742165,1.811250440695332,0.572463768115942
4017867.969220177,0.3206846563785224,-0.06995236974600472,1.8527167242729332,0.5362318840579711
3174324.62564167,0.259883150137445,-0.12382884744147164,1.5792891074327426,0.5289855072463768
3759124.792870051,0.3032188368300168,-0.047878093173549824,1.8658112555546862,0.6304347826086957
2657130.994553142,0.2158572620210797,-0.09115426703408036,1.3153285890282147,0.4855072463768116
6050827.129934718,0.4333853093023923,-0.058476345355263734,2.111894927207873,0.6159420289855072
4792022.427405169,0.3680556636780872,-0.08291783133319856,1.9443673344924757,0.5942028985507246
1846482.1903935994,0.13049598594594158,-0.06494665319551074,1.0372868702894014,0.4855072463768116
3087057.5136063183,0.2528784640633006,-0.090469809427499,1.643377683414665,0.5652173913043478
4806932.27126417,0.36890591670247175,-0.05334505371359957,1.9386567643987764,0.5507246376811594
2003825.2596534698,0.149137426160304,-0.08966199610975774,1.123959289105642,0.4927536231884058
1949639.178386951,0.1428542527138248,-0.08737031493284743,1.104927255618844,0.5362318840579711
5194610.028303058,0.3903066175740535,-0.03800485356365491,2.429396665380781,0.6811594202898551
2407845.35613862,0.19213576730421122,-0.08083190179405778,1.3506470640647927,0.5652173913043478
1986314.7349413068,0.14712201038736183,-0.10300197143107853,1.0663264127315801,0.5507246376811594
4169121.6833973927,0.3304817267630584,-0.05501024794716633,2.162745106056199,0.572463768115942
3522403.0493247975,0.2863756471197627,-0.09788480280425221,1.524856918956827,0.572463768115942
5190752.01067473,0.3901000410803992,-0.06309223682611344,2.058495782343779,0.5652173913043478
1781342.6451829392,0.12240474237056653,-0.08346606381288212,0.9850662717498028,0.5072463768115942
2535479.296847029,0.20451444819470277,-0.11448142930503756,1.180487373457981,0.47101449275362317
1680240.8675615678,0.10936461369791162,-0.07267312405102834,0.960413737741262,0.5217391304347826
3579621.2991415937,0.29052795551950195,-0.0781852275842492,1.5445012608021569,0.5072463768115942
2411858.9948522043,0.1925329369253057,-0.10543592400565314,1.4505186775065202,0.5434782608695652
3473118.3456923724,0.2827555914958535,-0.09407832330639315,1.6200000911972476,0.5869565217391305
7027096.589451161,0.47691392290227186,-0.07209950114785987,2.068609684213731,0.5869565217391305
3599231.622992523,0.2919388531080125,-0.09889434958798256,1.6800456966772297,0.5362318840579711
4120338.5580022545,0.32735344242325404,-0.091022551946733,1.6253345051978743,0.5144927536231884
6281617.105170187,0.44415660907968935,-0.07380081716742916,2.1647057346486425,0.5507246376811594
3977943.844615555,0.31804952700630396,-0.061142936420955356,1.8158804612054207,0.5869565217391305
2736327.510814311,0.22302015846326073,-0.0864613089975927,1.4061664036456571,0.5217391304347826
2691443.4904973884,0.21898132768637213,-0.06488694611580019,1.3763517425868403,0.5289855072463768
2338698.2285968116,0.18520871798839167,-0.12913701661890245,1.1035788434773228,0.5362318840579711
3599325.8940929365,0.29194562073144614,-0.09812202418752446,1.6659301835793223,0.5652173913043478
1690600.0396211413,0.1107291635871861,-0.10273876655876832,0.8489297913734987,0.43478260869565216
2303274.973337281,0.18159639622582557,-0.0754300890689701,1.4156738941522238,0.5507246376811594
3048101.598948246,0.24970033934586677,-0.1114083917633001,1.4284176066636391,0.5072463768115942
2780782.944096762,0.2269685141052742,-0.0910593447333488,1.382620802340276,0.5289855072463768
2672670.2965336177,0.2172760502302309,-0.0656055053955008,1.5578568490937115,0.5797101449275363
3705004.5369743984,0.2994445405519255,-0.05106587273929438,1.5908172814647734,0.6014492753623188
3442162.7195028816,0.2804607758331845,-0.10383989091081532,1.7140353464852576,0.572463768115942
2765201.334495178,0.22559040301878808,-0.0639233076862862,1.5754994443088814,0.572463768115942
3193963.1911518984,0.2614382081616695,-0.07504939895257548,1.5470097693073963,0.5434782608695652
5203855.01509381,0.3908011388494148,-0.04285108671656009,2.062730333635392,0.5797101449275363
3599858.6593032326,0.29198386472221793,-0.08231305555314675,1.6126517642597233,0.5942028985507246
5681994.410955689,0.41546834183083803,-0.08260847012242384,2.201836774209826,0.6231884057971014
3104142.2688666214,0.2542621696458254,-0.10584515285088411,1.5796403645310342,0.5797101449275363
3948069.287502592,0.31606382937123656,-0.047600693753805774,1.6756965860474198,0.5434782608695652
1717228.3980759266,0.11420630675514953,-0.1637507401415415,0.8606238624409807,0.5217391304347826
4158058.8052850333,0.3297748822008557,-0.05827770879999991,2.0151410097255864,0.572463768115942
2640485.316183818,0.2143300753686661,-0.0898141068334021,1.5105738874769434,0.5289855072463768
3429107.684184353,0.27948802236503245,-0.0582428583087644,1.7966664676011614,0.572463768115942
4210370.65957507,0.33310410616380803,-0.11447822565175682,1.9278077357460381,0.5579710144927537
7853206.87044253,0.5101128654734746,-0.06479427209479484,2.0734073179548136,0.5869565217391305
2396017.1190458066,0.1909622156969586,-0.12734703856977686,1.2356149800971499,0.5144927536231884
2646439.7021452375,0.21487725331562957,-0.0989079914979811,1.481917122264836,0.572463768115942
2546969.8217356135,0.20560422098742093,-0.05760377155799946,1.3786884149940581,0.5507246376811594
2951482.1923513105,0.2416752755291356,-0.11960522669127985,1.6341009698996822,0.5217391304347826
3361341.4091677703,0.27439049942290006,-0.09016567665907646,1.5519128654218193,0.572463768115942
3887610.867573811,0.3120082245547351,-0.06185326731998406,1.6767667234913068,0.5942028985507246
4143310.7234152225,0.3288302340827254,-0.03643831700000012,1.9858962818402666,0.6086956521739131
3955886.7357523614,0.31658459642030246,-0.09081741364099494,1.7537645389650527,0.5579710144927537
4183361.7705674493,0.3313893684698015,-0.06118190919695881,1.7499400474904652,0.572463768115942
3724195.181182655,0.3007878949903873,-0.10854254938894208,1.498186820694913,0.47101449275362317
3788025.937303075,0.305216600642646,-0.05547791623776003,1.8512751946610153,0.6304347826086957
4011145.5512601063,0.3202424247250697,-0.06623099696149264,1.8996541414140369,0.6086956521739131
2316633.3725569923,0.1829638183246347,-0.1522005816344758,1.4111221642235154,0.5144927536231884
2138998.61224002,0.1642388854028527,-0.08260401899161342,1.353886251395282,0.572463768115942
3198823.870079302,0.2618219143435676,-0.1221915054633268,1.5339021929079482,0.5434782608695652
3483049.8188584475,0.28348836848018566,-0.09774297315670438,1.5914210408399667,0.5
3152061.822358794,0.2581109590098607,-0.06932230139928143,1.6716591993898706,0.5362318840579711
2998066.651557629,0.2455703360783852,-0.1214674486660628,1.4808322244679082,0.4855072463768116
1982052.7995960596,0.14662932298358466,-0.11436065967916292,0.9644976601413373,0.5
1998189.2002028935,0.1484902733497253,-0.06992247289489344,1.205401780507987,0.4855072463768116
2410574.7324719587,0.19240591030416887,-0.09294438904080547,1.42548417605213,0.5217391304347826
4794532.288690751,0.3681989397527703,-0.11286973131082256,1.8183634439413596,0.5797101449275363
3787690.772211431,0.3051935026738173,-0.08027192193315866,1.7719845158325667,0.5652173913043478
2420934.3886676813,0.1934290467875608,-0.08795439738793058,1.185250990665059,0.463768115942029
5088262.818613721,0.3845667791359557,-0.08908929833341984,2.0019760405570204,0.6231884057971014
3304736.9972244264,0.2700691890831872,-0.1158549960027801,1.5377259292137389,0.5434782608695652
2243138.9163497356,0.17536088590575716,-0.07917374556096833,1.1286761372479381,0.5072463768115942
3819331.631773223,0.3073668658895723,-0.05939651111526411,1.8314484083173388,0.6304347826086957
1345684.1944651445,0.061178959175364644,-0.18863000075238825,0.5691863009877524,0.47101449275362317
3946094.325444364,0.3159321348048296,-0.06820579326671394,1.7686437890574216,0.572463768115942
2242756.9061184735,0.17532085000161746,-0.13892708049397035,1.1949079056364464,0.4782608695652174
2051815.5848596962,0.1545896627093435,-0.10972630583589527,1.2023254839868225,0.4927536231884058
5779763.333510018,0.42030629238656836,-0.04593404874965483,2.0259929382999937,0.5434782608695652
5099324.382422798,0.38516824858494547,-0.050397150188961966,1.9118907678718602,0.5797101449275363
3363374.227566019,0.27454460325729513,-0.1122533990159125,1.5421651881481682,0.4782608695652174
2532066.2889825045,0.2041899941465215,-0.08899245917858367,1.3005673215817255,0.5507246376811594
2734292.866753718,0.22283822474791326,-0.04923626738431632,1.5072290088917635,0.5652173913043478
1983965.0240352377,0.14685048429246006,-0.0775666670716599,1.0894226833284548,0.5144927536231884
2220895.844706732,0.17302059800955893,-0.07838219729653101,1.3666796227646036,0.5289855072463768
3408043.2665959373,0.2779122107305305,-0.06672680882014378,1.8317688973359636,0.6231884057971014
2568239.6077113845,0.2076111322891805,-0.10351514235917335,1.3842195808467375,0.5072463768115942
7001287.002423667,0.4758274239936724,-0.050237022663053785,2.4032148639769964,0.6376811594202898
3308876.7822072813,0.27038722835780704,-0.06131906879399055,2.0028884239874207,0.6376811594202898
3140332.3580949144,0.25717322472603854,-0.08099498594113827,1.4696996206629784,0.47101449275362317
3490399.0534054604,0.2840295439700866,-0.06474384564838392,1.6955601335301376,0.6159420289855072
5138361.209711174,0.3872825582280994,-0.06675489106656388,2.119019846124648,0.5942028985507246
3694374.7276772545,0.2986980514876054,-0.08821106866337962,1.5834253618617642,0.5942028985507246
4883379.326441468,0.3732325595423043,-0.05457172706097975,2.0777639908681995,0.6014492753623188
4026495.8947434463,0.32125137454513975,-0.11819855102160017,1.7845332357606347,0.5507246376811594
2804509.030607258,0.22905514329215704,-0.05919321152782333,1.3768756166228138,0.5289855072463768
4927788.583139362,0.37572114790119593,-0.06136800508323493,2.016703179598448,0.5579710144927537
2234258.2104029083,0.17442874535927055,-0.08342671900758915,1.2063316868971594,0.5072463768115942
4196546.159567952,0.3322275206147811,-0.10232771934860055,1.5811303979987548,0.4927536231884058
3680224.491071166,0.2977016661241889,-0.14315874940340048,1.5604328826169112,0.5217391304347826
3721962.491692383,0.30063189069830654,-0.09835214395719925,1.8884251022505334,0.6159420289855072
2968702.8219203055,0.2431208340415969,-0.07426826769819692,1.5917288487522456,0.5362318840579711
4563352.142067953,0.35474262882879315,-0.07511321475900638,1.8182831477854184,0.5869565217391305
3187905.359550996,0.26095934326868586,-0.07957427213142013,1.603381378944925,0.572463768115942
3977877.4902456626,0.31804512981354227,-0.07724499623714708,1.6735484355404413,0.5652173913043478
3553588.838885728,0.28864542259757786,-0.13097875360925945,1.543347432486835,0.5362318840579711
2749761.081692341,0.22421865238272387,-0.07116303552599318,1.4378007786104243,0.5072463768115942
2511517.5611107275,0.20222912204848087,-0.0867087107948031,1.3733162422138192,0.5797101449275363
1966877.0532175587,0.1448680687254571,-0.11376482131624001,1.120585767657161,0.5217391304347826
3100768.2923770435,0.25398939270509424,-0.06069778553812417,1.6332872939831498,0.572463768115942
4158271.873856606,0.32978851007100607,-0.13715054642794028,1.664820882983604,0.5434782608695652
3843246.8928063116,0.3090000313350174,-0.05750186926044994,1.9972050776323869,0.6304347826086957
2491188.07971145,0.2002765006082483,-0.12790296311501084,1.3761611931306594,0.5362318840579711
2992617.955433966,0.24511726587473404,-0.09603588357791391,1.5193011744700076,0.5362318840579711
5057359.818320273,0.382880875911197,-0.05901159703153262,2.15841259752196,0.5797101449275363
2349858.181659911,0.18633769639193787,-0.06909682544038839,1.5628050124403878,0.5652173913043478
1824851.2377313226,0.127834806291395,-0.14575842714797532,0.8836378652770163,0.4927536231884058
2010518.632325507,0.14990409467658106,-0.09985039346534275,1.126531645478337,0.4927536231884058
5850091.709627254,0.42374605880461536,-0.0880450276355031,2.0400454398849996,0.5942028985507246
3945276.6648205454,0.3158775960638083,-0.08567755421560451,1.7624775936938823,0.5579710144927537
2055809.9113018368,0.1550388474283355,-0.07174721402628821,1.3073477047418443,0.5434782608695652
2868244.200111337,0.2345913357820908,-0.14480691209075877,1.51276549571296,0.5289855072463768
3210365.611729048,0.26273116409292796,-0.08207833336581637,1.6200304542536534,0.5652173913043478
3586546.8132432476,0.2910269279078783,-0.03920534167104854,2.035488733991278,0.6014492753623188
5188021.733387959,0.3899537749001154,-0.06960211669134095,2.0368780469444703,0.6014492753623188
3374700.754146399,0.27540188260917886,-0.07062255813336639,1.5683516535046993,0.572463768115942
2545062.0651356005,0.20542356012468388,-0.09832459810531406,1.2880717104011983,0.5217391304347826
2468952.836487047,0.19812618226680812,-0.12000874235061125,1.3205454696480303,0.4855072463768116
3176800.6489863126,0.2600796345938614,-0.14614403914664092,1.6147605129029128,0.5869565217391305
3406764.447068093,0.27781629267408103,-0.06749669272682107,1.463481936624401,0.463768115942029
2997483.5736463186,0.24552188344941595,-0.09000342620892747,1.664821656275367,0.5507246376811594
3183528.260745187,0.26061288521498227,-0.12059102594111765,1.5445588198096185,0.4927536231884058
2177352.599973326,0.16838440838464797,-0.06492567739523819,1.437484074934031,0.5362318840579711
2007952.1331286363,0.14961036588615095,-0.11967092131621294,1.3114251123635476,0.5579710144927537
4534094.292882539,0.35300097490938076,-0.08720506411157392,1.8661020438228788,0.6086956521739131
3712354.813261353,0.2999597197308308,-0.1059447836107308,1.7014113953227674,0.5797101449275363
3107203.2722314056,0.2545094384180986,-0.07078751749335616,1.8261982369862182,0.6086956521739131
2953319.722048689,0.2418298451360552,-0.14333599484821025,1.3727470703119187,0.5362318840579711
2821271.9949817806,0.23052089186660973,-0.07744491718347633,1.7032083490435954,0.5507246376811594
3397404.354477202,0.2771133591260382,-0.08789727499833826,1.7461184118637247,0.5289855072463768
2151201.0903601744,0.16556420575210806,-0.11896275824875407,1.3812770939180978,0.5289855072463768
1956180.8525283763,0.14362015507575987,-0.11044414816672611,0.994978988214343,0.38405797101449274
2835536.605493482,0.23176270825023293,-0.10149812079992722,1.3230854350755044,0.4927536231884058
2723571.717519499,0.22187776862229192,-0.05544860016810678,1.6133306525640574,0.5507246376811594
7114588.727251267,0.48057345933330864,-0.09847163414174594,2.1556027740205197,0.5942028985507246
2863129.6621067203,0.23415072664986503,-0.11412940799147725,1.593479039960438,0.5579710144927537
4756674.394898502,0.36603140792269784,-0.08109805978962142,1.7468763055452146,0.5652173913043478
2711916.669650516,0.22083021159340088,-0.08325560089959186,1.479825080686063,0.5797101449275363
2708278.3090794887,0.2205024577085184,-0.09229384470183111,1.3388174468433114,0.5072463768115942
1761408.304454197,0.11988133904566167,-0.0856828510128862,1.0877755638611597,0.5507246376811594
2888537.555527096,0.2363334047188077,-0.07265715344447725,1.6951566858195193,0.5797101449275363
2200161.1715455055,0.17082206704742764,-0.1345774427572632,1.2524526141052224,0.5362318840579711
3755602.793824858,0.302974542911592,-0.08524433709611218,1.7264569237130376,0.6014492753623188
2117130.929935603,0.16184861172385,-0.161102073762087,1.1571897918810328,0.5362318840579711
2407754.7748951525,0.19212679772774965,-0.10924593045957702,1.4237173167919925,0.5217391304347826
4022544.435564701,0.320991946911489,-0.0901887769761715,1.6497615869238875,0.5507246376811594
2198230.018923513,0.17061646116854523,-0.10628814236957604,1.4090219955598213,0.5072463768115942
3368094.480126205,0.2749021488383483,-0.059882714905695224,1.9583071350615895,0.5869565217391305
2683396.2389281844,0.2182515183933944,-0.0772281159771331,1.4287975681111411,0.5362318840579711
5333289.147859356,0.3976519216849237,-0.04366626274787393,2.3032808293915603,0.6231884057971014
3027028.38645613,0.2479675669011654,-0.08363065152416589,1.5314987314610498,0.4855072463768116
3807140.268506953,0.30653117129874485,-0.12564607873813505,1.5052230136702096,0.5072463768115942
3193540.072351488,0.2614047847015717,-0.12460408575109444,1.526400664411114,0.5869565217391305
3862078.7619792623,0.31028034165034724,-0.0739998944154767,1.7887804231750954,0.5507246376811594
3129891.3811772447,0.25633614083094836,-0.12196749620631524,1.7047723096797087,0.5869565217391305
2073201.7601343032,0.15698655927139282,-0.130583832683288,1.2680528662906556,0.6014492753623188
2565663.8570705466,0.20736880647730627,-0.12592932060027504,1.4632557593000557,0.5869565217391305
4663877.801257263,0.3606594196911277,-0.11234680842443304,2.1431927539900553,0.5942028985507246
1844693.285527177,0.13027685207586837,-0.10038416586069009,0.9644007267137619,0.5
4022022.011432407,0.32095763261431465,-0.13328040641704014,1.8098555322932575,0.6014492753623188
4097640.968320345,0.32588781870671246,-0.03940649306213156,1.9657876053050238,0.6231884057971014
3315348.091736756,0.2708837500319572,-0.15247522937281924,1.5222133834124407,0.5144927536231884
3314102.11333145,0.2707882106338413,-0.12849151437871423,1.5045147251832398,0.5289855072463768
3213815.9721252415,0.2630024731150611,-0.07144827924736014,1.5827033106272324,0.6086956521739131
2184197.9336427944,0.16911813816141508,-0.0986689353436258,1.2353787342027645,0.5144927536231884
3531908.9831433,0.2870692090316922,-0.07458634041599638,1.7768485533696419,0.5362318840579711
3499056.547687507,0.2846658875767534,-0.0895621712239869,1.6334588181829646,0.6014492753623188
2406093.706137589,0.1919622667489811,-0.07895662453557568,1.322767755118038,0.4927536231884058
3068522.8487984333,0.2513703837550454,-0.05780556590553796,1.8086376103070463,0.6304347826086957
2220807.4416478965,0.17301125941222484,-0.08969187809108692,1.247715002994915,0.4782608695652174
1240434.6765856023,0.04403433073413909,-0.1292461510946204,0.4087434451749988,0.4927536231884058
1328272.7158483362,0.05841856856262839,-0.11277402244775671,0.5991887526791912,0.4927536231884058
2683115.739419998,0.21822604818993674,-0.057994433260008665,1.378812934046847,0.5434782608695652
3391036.5355149815,0.2766342562706856,-0.06281993587519856,1.5928578259428423,0.5942028985507246
2319815.7963542473,0.18328865394944338,-0.07773541597364086,1.6156943354727638,0.6159420289855072
3947492.8626703885,0.31602539761515036,-0.058105715200000026,1.9055521467330594,0.6014492753623188
1956934.270703489,0.14370823399738386,-0.1343637802683872,1.0784514785848929,0.4927536231884058
4608194.8448568545,0.35739475504426665,-0.0694495279229037,1.905825379621824,0.6086956521739131
3139449.0210838127,0.2571024912824351,-0.10648279477005922,1.550647825148521,0.5289855072463768
2354715.1547099594,0.18682770487961364,-0.07850572170908098,1.3485488417740723,0.5217391304347826
2385499.625971837,0.189914811797661,-0.08701719767985218,1.2423878937583162,0.5144927536231884
2258570.1264086044,0.1769735847047582,-0.10470490401569726,1.38583861510461,0.4855072463768116
3734077.1867597443,0.30147748137554764,-0.06319096389354785,1.7919962919460457,0.5362318840579711
3980468.784553416,0.31821680695716936,-0.08910271396002109,1.7770408756298437,0.6159420289855072
3918629.5056970236,0.314095235986555,-0.07518372625920579,1.631084261748395,0.5289855072463768
2979968.346692954,0.2440628750807421,-0.1372438737572799,1.2190487776146746,0.463768115942029
3610760.682648936,0.29276546244037105,-0.0520398082601825,1.6501362872547334,0.5217391304347826
2408217.192931557,0.19217258466543208,-0.11971192702345343,1.3841988435002877,0.5362318840579711
2873555.0159021784,0.23504818924158632,-0.11077826521608046,1.5358344169729978,0.5289855072463768
3088099.2764161984,0.25296301228029483,-0.06898415939264983,1.5747284295764976,0.5942028985507246
3366613.151074515,0.27478998559988543,-0.0661013219138745,2.002162196563682,0.6231884057971014
4887363.964854643,0.3734565867905433,-0.10566868530826465,1.9523367797862279,0.6086956521739131
3525152.8044971023,0.28657642562401375,-0.07962619639028765,1.623938254825071,0.5507246376811594
3910446.4343051477,0.3135459455450653,-0.09673049383042162,1.734197574038744,0.5797101449275363
4264066.030390713,0.33648714007463454,-0.09450893951062375,2.0036618054453887,0.6086956521739131
2663654.131715453,0.2164536516502733,-0.12294351168847613,1.4356347362716,0.5579710144927537
3427616.6166410865,0.27937673189824297,-0.0996186776162791,1.6782161166904395,0.5289855072463768
4596940.319162397,0.35673107736900533,-0.09126036640855495,1.9432012002860195,0.5797101449275363
2667870.356676182,0.2168385062714393,-0.1035605953053165,1.4826737615745562,0.5289855072463768
3009059.282760212,0.2464823943990493,-0.06718629164491699,1.703037268373626,0.5652173913043478
2816098.029509951,0.23006922693450926,-0.10236877517158367,1.3296512455089144,0.5072463768115942
3355465.0835115113,0.27394460744571414,-0.061975466692984406,1.5686971977101873,0.5434782608695652
2386681.0758930766,0.19003265263291902,-0.06117328003106809,1.438606391139502,0.5869565217391305
1722331.5148289981,0.11486774213778128,-0.19076807890399472,0.9329841896266559,0.5144927536231884
3990851.2935767183,0.3189037682826035,-0.09190125050997885,1.9414703385044338,0.5797101449275363
4345265.341678193,0.3415388693760484,-0.09444402579683271,1.800745800816546,0.5869565217391305
8579354.998590503,0.5370603785120847,-0.040805422566362236,2.4694970969517223,0.6231884057971014
5282369.8947597165,0.39497287151905813,-0.10185258112151503,2.1169662421490383,0.644927536231884
2733392.1963149575,0.22275765405275028,-0.1447532800393144,1.4812509842566337,0.5507246376811594
3413280.683887992,0.2783047438370905,-0.08090238767893954,1.7180459329575797,0.5652173913043478
5745429.7364058,0.41861485605000737,-0.04819246217644578,1.9616997525467972,0.6086956521739131
1826938.8820027187,0.12809273867820004,-0.07147963483081557,1.1892760187727138,0.5144927536231884
3656051.6875581765,0.2959924317906706,-0.07029639531249975,1.5441682068625022,0.5362318840579711
3858706.4593192837,0.31005143870539786,-0.07056006072524795,1.6495992719206676,0.5289855072463768
4592019.03544514,0.3564404614760295,-0.08246374990117844,2.1646230321960256,0.5942028985507246
3548686.7935940945,0.28828969845347574,-0.11690361199349802,1.5761793529733517,0.5579710144927537
3449703.3020079318,0.28102129381830765,-0.0764770252162352,1.6360746854792738,0.5507246376811594
2081791.9951586938,0.15794376035912183,-0.07011914752104906,1.3105411429669012,0.5217391304347826
3113307.128713051,0.2550019286144223,-0.11831201448363858,1.4685224863126878,0.4927536231884058
3764153.4518057997,0.30356731896622735,-0.05077656236018069,1.667486032995634,0.5579710144927537
4701089.504061788,0.36282378303100415,-0.12246781255842525,1.7538823214119712,0.5289855072463768
3651054.597356363,0.29563796554101174,-0.03490265193505843,1.9115416573153652,0.6014492753623188
3338120.3311463124,0.27262484505518025,-0.053542316220544055,2.0152759631363217,0.6376811594202898
2219578.519418149,0.1728814094511939,-0.07505763825233593,1.3263362443518492,0.5289855072463768
2561126.364245346,0.20694144675611836,-0.10464236504153857,1.3159055970071742,0.5652173913043478
2756188.9975628187,0.22479047127872054,-0.06816152551487939,1.51527662789483,0.5507246376811594
5563103.2274721805,0.4094946239350128,-0.04502530191256527,2.2428719895239775,0.6159420289855072
1564109.7171964962,0.09358726164307929,-0.1371623834021245,0.8454135558838967,0.45652173913043476
3182989.014634149,0.2605701762076742,-0.10086943387720562,1.5842346597482735,0.5434782608695652
5938546.803716412,0.4280257436499675,-0.06517071152341886,2.1215802102752868,0.6376811594202898
4420909.399162351,0.3461774859009179,-0.09859819855644118,1.9368072341496887,0.5942028985507246
7059963.497712121,0.4782929002067833,-0.06326509154353227,1.9251933590914971,0.5797101449275363
3269507.754282782,0.26734972328561324,-0.05904242990353856,1.6848082025817404,0.5652173913043478
4083419.6209095553,0.32496620830923817,-0.08631878959216255,1.708355342231436,0.5579710144927537
3864560.783377705,0.3104487125383282,-0.05166995887771116,1.7444825793287682,0.5869565217391305
2666792.8302934887,0.21674019658630939,-0.1239841709296197,1.3462534805580884,0.5289855072463768
1426026.6602566587,0.07355804055387405,-0.09359014616848109,0.7251900673249416,0.5
2452865.224605329,0.19656070688821092,-0.09626046453275182,1.2386376740185305,0.4927536231884058
2657297.6760051292,0.21587251574920185,-0.09044191979327132,1.7357779712046064,0.5434782608695652
5904159.9410509765,0.42636811728770074,-0.07009261699162567,1.983140997748753,0.572463768115942
3190056.822203927,0.2611294973081997,-0.06685695309055657,1.632869208782829,0.572463768115942
2999621.5863603726,0.24569951125783107,-0.05776719034379016,1.6378644247699656,0.5507246376811594
5987455.701129425,0.43037022995684193,-0.058984715360832905,2.1964058528845807,0.572463768115942
3123050.479501944,0.2557864734658688,-0.06631590447241027,1.6077515738702113,0.6159420289855072
4021907.682664452,0.32095012270136847,-0.0847519120661068,1.6367143754280646,0.5579710144927537
2522168.160636028,0.20324705608569427,-0.06279965491597853,1.594399545201189,0.5507246376811594
2015684.7867033568,0.1504944384310838,-0.07735715822431956,1.200804759391852,0.5652173913043478
2831836.332845108,0.23144105915918423,-0.044744710871165196,1.7834211960336444,0.5289855072463768
4151646.250377172,0.3293644734014889,-0.10206732050963083,1.827624454172874,0.5362318840579711
4979703.767224349,0.37860770568613944,-0.08195235656397894,2.0279917063793134,0.5652173913043478
3157107.8000583802,0.25851351067074635,-0.10056094265078261,1.4397012926558745,0.5434782608695652
4431246.667858102,0.3468064425166528,-0.08163972651854767,1.8918618869801982,0.6014492753623188
2687820.8199736727,0.2186530022200448,-0.05726312816610865,1.6787615388031232,0.6014492753623188
3648783.2136075287,0.29547671768544026,-0.05893575997087881,1.7239343102391735,0.5217391304347826
1759178.7093417102,0.11959768566006046,-0.0851836988710735,0.8822148427229805,0.5362318840579711
4536814.525952197,0.35316328274125186,-0.10086907141963818,1.8447944873418165,0.572463768115942
1852122.3321110122,0.13118577124442532,-0.08388839261214252,1.0247496599654402,0.4855072463768116
1889437.7167934435,0.13570755831056558,-0.19631867240562698,1.0091215454414557,0.5
2925762.046132551,0.23950362253797874,-0.11245778588297171,1.4187739772907766,0.4782608695652174
3296135.0559280743,0.26940732381501187,-0.06326991407345076,2.016106394246894,0.6014492753623188
2774845.4016370573,0.22644410008814186,-0.0395635488167715,1.7328642273004344,0.5869565217391305
3873815.8140679062,0.31107577689490995,-0.08187741114289684,1.8488833337196457,0.5652173913043478
1696359.1149192608,0.11148488039772553,-0.09658906249565107,0.9637847298898988,0.5362318840579711
5116052.984077123,0.38607588179835783,-0.06319247096788588,1.9648898614305297,0.6594202898550725
2167310.8954054564,0.16730472337142888,-0.0716720974095312,1.221899543509103,0.5
2203491.3855762393,0.17117628923513295,-0.11300351042430219,1.1384081924593996,0.5144927536231884
5042993.26771549,0.38209430575375136,-0.06104570183173203,1.9482458471719013,0.6376811594202898
3365316.381920261,0.2746917644489999,-0.04584356246314552,1.6975366975489996,0.5507246376811594
3127659.8096977654,0.2561569394802101,-0.06984414800622395,1.5580187914771018,0.6159420289855072
3614396.5731388577,0.29302571018204615,-0.07825233793176818,1.5963536010857386,0.5652173913043478
2902771.580394059,0.23754948135234777,-0.047847693407393255,1.7420563900783654,0.6014492753623188
2802386.0681334483,0.22886901243386304,-0.05042333439999995,1.6048556543600885,0.5579710144927537
2419705.5893725813,0.1933078718719703,-0.10192004505021034,1.2935330001991865,0.5289855072463768
2343856.471497863,0.18573107763614738,-0.07710144792430988,1.2669303291617533,0.5289855072463768
3274337.2253139326,0.2677239090079544,-0.07327486595119367,1.6150287535436025,0.6231884057971014
4420007.135208972,0.34612253310824115,-0.07943739531081155,1.8811032068105435,0.572463768115942
1855156.3716539396,0.13155613724308868,-0.08121694752475739,0.9018654464944234,0.47101449275362317
2212851.605219998,0.17216961171527645,-0.06664824796092754,1.3053786911640923,0.5362318840579711
4410370.801085349,0.3455350673835309,-0.05852196412391636,1.7278537275642367,0.5652173913043478
3168475.6806634106,0.25941852063142323,-0.07980016133367117,1.4465168190387485,0.5362318840579711
4422324.027686486,0.34626362642993924,-0.0501541231481532,1.9851560026055908,0.5869565217391305
4966847.407956709,0.3778951248320672,-0.07934037405708035,1.9229392740069051,0.6014492753623188
3375394.236252549,0.2754542958899886,-0.07805554367350753,1.5996568516148104,0.5362318840579711
2179743.7125452487,0.16864091367010392,-0.07948074306368923,1.722076130690846,0.572463768115942
3639402.760422151,0.2948099378947926,-0.05878768134798074,1.8521566749754792,0.572463768115942
2307901.0250895997,0.18207065483702722,-0.07002965265626518,1.3888582753227041,0.5072463768115942
4174731.104602551,0.3308395584408059,-0.07217883551678493,2.0243746131056093,0.6014492753623188
2194293.4405152025,0.17019689379391556,-0.14338021586861324,1.2845111893781977,0.5144927536231884
4280981.156950494,0.33754580391576106,-0.0525608899484896,1.9864304342070904,0.5942028985507246
3305875.3870022194,0.2701566777156894,-0.06795192251608868,1.7937362359304352,0.6086956521739131
4053136.4861188917,0.3229951305081269,-0.04782443053831249,2.1628712851265357,0.6231884057971014
4217624.145401881,0.3335631154045289,-0.1408830059219334,1.7332662193624973,0.4855072463768116
2326336.794471559,0.18395315167252546,-0.11809188648912643,1.188166464516956,0.5072463768115942
3656962.3548773346,0.2960569877916319,-0.06064167236768688,1.7300485042740075,0.6014492753623188
3630160.5681024687,0.29415163994468374,-0.11186594076002333,1.7411949236248079,0.5507246376811594
3155673.357316855,0.25839912789602004,-0.07378137877609794,1.5609990749857978,0.5507246376811594
4065054.5503231934,0.32377225844929347,-0.08783568272214909,1.6645984461211645,0.5579710144927537
4664997.890904013,0.3607247693510358,-0.06101788092433031,2.036449806308351,0.6014492753623188
4005738.791150236,0.3198863126942513,-0.05980131651217987,1.749098175491154,0.5507246376811594
3595225.205215931,0.2916511054152653,-0.05518926400534457,1.6787294192569768,0.5869565217391305
2168718.9324291185,0.16745635656047075,-0.09712484355547622,1.4034921210385898,0.5434782608695652
2618019.6394126085,0.2122566635452534,-0.06281689382018182,1.6405919383257863,0.5797101449275363
4059981.384400228,0.3234416812719587,-0.10196375723286236,1.946578986696731,0.5797101449275363
3664076.9437796474,0.29656088936075586,-0.06348640211952776,1.74451744279357,0.5942028985507246
3915298.1137450524,0.31387172642862815,-0.07360325205578457,1.820769141481462,0.572463768115942
2429604.0292923693,0.1942825859681474,-0.0890203016112191,1.3484359333092661,0.5144927536231884
3326374.469216295,0.27172798347372007,-0.08888178541332742,1.5842851930872848,0.572463768115942
5057459.610494229,0.38288633328835364,-0.056833019619045196,2.2684589631307235,0.6231884057971014
2079841.1875284577,0.15772666155932247,-0.12821053276534983,0.9956350578064292,0.4927536231884058
2660918.987517136,0.21620372854347147,-0.08623145910233042,1.2791559626695912,0.5217391304347826
3083910.0463657193,0.25262288067273264,-0.08122060986879029,1.3786547549927932,0.5579710144927537
2032341.0874751715,0.1523895714029051,-0.04186363470075336,1.4056823915266201,0.5289855072463768
2033774.828419363,0.15255211912537625,-0.07279007696729249,1.036226732939809,0.5362318840579711
2759288.62756507,0.2250658290762988,-0.14067555955725225,1.4386568697563142,0.5217391304347826
2230628.0918063433,0.1740468656778853,-0.04780030353418354,1.4095376788444123,0.5579710144927537
4205517.383064429,0.3327966316645765,-0.12126959100962266,1.7349042776056491,0.5797101449275363
2716088.342682931,0.22120557516577088,-0.08723760295246502,1.6751717671503326,0.5942028985507246
3168575.569995396,0.2594264614143742,-0.06565957566879133,1.5921256659936243,0.5652173913043478
11036000.578450358,0.616450250667478,-0.04912893677797209,2.5160382394049727,0.6884057971014492
4529895.656989865,0.35275030240703975,-0.0896083951963034,1.7704725862454016,0.5579710144927537
4859551.630089681,0.3718898410422047,-0.0626266376689026,1.9485673491276798,0.6159420289855072
2774909.661018544,0.22644978039085228,-0.13231768877361386,1.5007689836666074,0.572463768115942
2022713.9021644555,0.15129572457220397,-0.08546644031519895,1.0677456080010557,0.5144927536231884
2703140.6255374807,0.22003904012229114,-0.11246860256728428,1.408296683162534,0.5579710144927537
8745884.350762691,0.5429815960999693,-0.07674639516217628,2.2523311582784498,0.6376811594202898
3422977.241332896,0.2790302097723796,-0.0473974105304298,1.7227745843137108,0.5434782608695652
4397447.665796325,0.34474561230403955,-0.07668027134399319,1.8417739040049412,0.572463768115942
4381746.643909419,0.3437839590279068,-0.10339966678258719,1.7528448314273162,0.5869565217391305
3793682.77446885,0.30560619625026253,-0.0663479055433374,1.7542778556186012,0.5942028985507246
5212466.685107843,0.39126115167033637,-0.07452328779744624,2.0517794523169592,0.5942028985507246
1979077.6729772927,0.14628489043385828,-0.08040957997515631,1.059152580733096,0.5
2876347.096535033,0.23528810214797624,-0.11192030064685198,1.4660337044868033,0.5579710144927537
2790471.607058213,0.2278223133264936,-0.06677478495201901,1.651043193822042,0.5362318840579711
2992785.7060884056,0.24513122452607017,-0.1167026899959282,1.4208149423745355,0.5652173913043478
3619668.5220126533,0.2934026910478542,-0.0663174292190065,1.6711479049729634,0.5797101449275363
3194071.942449723,0.26144679819015226,-0.06908833898625391,1.3676672543514772,0.5579710144927537
2891550.9454224086,0.23659125152575178,-0.1262728966319327,1.4611101100945592,0.5217391304347826
2950820.2998579154,0.2416195794941658,-0.06524572536198393,1.5542890636582765,0.5797101449275363
4072058.816294097,0.3242281278112742,-0.10807571314190016,1.5920830529942296,0.5144927536231884
5079008.692591279,0.38406278445744335,-0.054467958834962714,1.978018181397603,0.6159420289855072
3497738.4656272735,0.2845690871828368,-0.09679989654502093,1.756088729398741,0.6231884057971014
2078844.6152327878,0.1576156935180757,-0.05351968882625782,1.6382445966859618,0.5507246376811594
3230007.4771827487,0.2642725410854785,-0.08188996400699973,1.5455035041372716,0.572463768115942
1902905.8967067099,0.13732205839302747,-0.09009450819000607,1.115286591862052,0.5217391304347826
4146008.1098403377,0.32900320858728027,-0.07833507269142553,1.9089341857294502,0.6304347826086957
1848681.2591381178,0.13076513069562812,-0.09094900511044347,1.049141180985311,0.5507246376811594
2773134.1585103353,0.22629279350047016,-0.06720006535054918,1.4875814200528323,0.47101449275362317
2968459.659739221,0.2431004689262113,-0.07699482459618935,1.4312559177352258,0.5579710144927537
2623232.934228669,0.21273907577559759,-0.14679579372251658,1.3710819320285883,0.5797101449275363
3076055.7454109616,0.25198417752055047,-0.058239487999999874,1.8143134959519733,0.6159420289855072
2017940.0817631884,0.15075177469334688,-0.08784321692032772,1.18511053767605,0.47101449275362317
9215840.650849124,0.5592185443801756,-0.07430818187092696,2.1855593309956163,0.6014492753623188
4209629.901899836,0.3330571945410026,-0.06093860083721728,1.79133385295129,0.5942028985507246
1792873.6716888675,0.12385410941115582,-0.08678294531130336,1.1150078776705104,0.4927536231884058
4431327.493401856,0.3468113556066703,-0.0677235863608897,1.951542727692097,0.5942028985507246
2996930.100269224,0.24547588392301,-0.10009334353811848,1.4313775780902775,0.5
4192640.805228506,0.3319794709980284,-0.07014848483413763,1.6567829608961882,0.5217391304347826
1602724.5873687433,0.0989344292440637,-0.16649540320728146,0.736495586167653,0.47101449275362317
3169596.7590455157,0.2595076301740775,-0.08490182535434003,1.6002104536897581,0.6014492753623188
4091344.2755972743,0.325480079490873,-0.07690675405889962,1.913894119336358,0.6086956521739131
2985850.3324885475,0.24455360442146556,-0.10786704686617438,1.3335902859127358,0.5
3081525.159530259,0.25242908200209646,-0.12105249317740989,1.3746722434567389,0.5362318840579711
3358661.5601893743,0.27418723154318614,-0.08599990411175185,1.7921106912667664,0.5217391304347826
4807497.834308548,0.3689381271069816,-0.08401377571696637,1.86970738295641,0.5434782608695652
1936185.5416194457,0.14127261003908909,-0.06929365155287168,1.1148997672230283,0.463768115942029
4148078.527559004,0.32913591659224295,-0.12796892916034192,1.4832374962530368,0.5217391304347826
2718928.801172151,0.22146089334157737,-0.07028539891720202,1.5828621898483237,0.5797101449275363
5351741.248958475,0.39861770460117496,-0.07248628132637185,1.987786274850669,0.5869565217391305
3390695.432000275,0.2766085719732969,-0.06612732700331704,1.7743931455222943,0.572463768115942
3166711.92042776,0.2592782760910677,-0.10617396328643312,1.6561911754263874,0.5652173913043478
2419591.7398488955,0.19329664239922928,-0.10417035958903959,1.3529098289028285,0.5797101449275363
2168890.5537847336,0.16747483328399992,-0.07989041223085126,1.1603821180055776,0.5217391304347826
4345265.052767337,0.34153885153662444,-0.08921662282972949,1.8622168889503663,0.572463768115942
2825684.233515416,0.23090553811582182,-0.10765106315390266,1.3555975763404307,0.5072463768115942
3945520.1392076267,0.31589383698225304,-0.08136822405754947,1.7978013512947926,0.5942028985507246
3310146.9742068644,0.2704847471283096,-0.1030960172490265,1.6118422273782913,0.5579710144927537
2849684.734679038,0.23298945736238674,-0.10449220331409419,1.4125785247916787,0.4855072463768116
3344597.1584507693,0.27311830729538733,-0.08321795985443299,1.6206924105638896,0.5434782608695652
3831629.9475541296,0.3082077324557375,-0.05647926674284158,1.7677271929791787,0.5507246376811594
3855760.7059082096,0.3098513577978179,-0.08278123926693627,1.7204522611646815,0.5507246376811594
5166094.768742905,0.38877686683719515,-0.13012914320772997,1.8732871271507572,0.6086956521739131
2132866.6168349897,0.16357059997181178,-0.09489423835432753,1.124901701440786,0.5144927536231884
2720844.179332569,0.22163293907851855,-0.05764685784531185,1.7204685513151536,0.5942028985507246
4382896.961555945,0.34385450697283493,-0.1023505365173244,1.7920725953256498,0.5217391304347826
3118502.1326211374,0.2554204798433244,-0.07016384072956644,1.806617402730325,0.5434782608695652
3744133.372834661,0.3021777252687943,-0.05736040960000009,1.8785274566253458,0.5797101449275363
1830454.7280282301,0.12852659564355662,-0.13387248229437243,0.9988926827011566,0.4927536231884058
4785384.328026156,0.36767643650708437,-0.0884639703001126,1.9534482130937514,0.5289855072463768
2525664.634437842,0.20358048276873886,-0.08173355583408513,1.4783215147987836,0.5362318840579711
3831854.694017744,0.3082230788314346,-0.1203585199015815,1.6426942963746491,0.5507246376811594
4684904.1422950495,0.3618840759305815,-0.06543594211045478,2.18943711555894,0.6014492753623188
1805585.7164744292,0.12544330526266334,-0.12530307339163343,0.9149825152654593,0.4782608695652174
2766284.0101881726,0.22568636052878244,-0.06429314983342875,1.520618356653579,0.5652173913043478
3877599.7161431974,0.31133180585407527,-0.07545859309877959,1.835713727751618,0.6014492753623188
3850109.5953279827,0.30946718156127306,-0.06536609302993254,1.9785861280451427,0.6304347826086957
4520679.860077506,0.35219943631738215,-0.06928215452634388,1.9909953100499085,0.6231884057971014
2521451.2646439695,0.20317864660404505,-0.08520521645080942,1.6125816358438774,0.5507246376811594
3132504.5492532207,0.25654585556155607,-0.08004937900373561,1.4399061061147638,0.5289855072463768
3757867.5079963296,0.3031316496961074,-0.09658423257635006,1.7356716215889971,0.5942028985507246
3960324.331742663,0.3168798450517898,-0.08011242589797435,2.201097309478967,0.6231884057971014
2137477.807300656,0.16407328604269567,-0.06825805500224,1.2208875834270179,0.5289855072463768
3474980.300993682,0.2828931002888533,-0.07954056202378176,1.9505330180343428,0.6521739130434783
1804211.7905380102,0.1252719761929284,-0.2136207772016572,0.901173579684982,0.5217391304347826
3412838.0874418793,0.27827159083640685,-0.1027840142431809,1.6674313945506163,0.5579710144927537
2176801.5050812513,0.16832525803135523,-0.13556456868182895,1.1375363880676355,0.5289855072463768
3678994.2889619065,0.2976148970245285,-0.08031217369910668,1.791966400920469,0.5507246376811594
3266189.203470007,0.26709234674139215,-0.1566241583849719,1.4936691723092184,0.5507246376811594
3286412.7410846977,0.2686575872648196,-0.0904761934518166,1.5284704139143146,0.5652173913043478
3981373.3100241115,0.3182767120776884,-0.0876136128090111,1.787479030622499,0.5942028985507246
2331429.5035648053,0.18447106946445002,-0.08525771762301278,1.316198731499895,0.5217391304347826
4111062.3352271165,0.3267552425844582,-0.05137752693792819,2.0606034827784963,0.5869565217391305
3222742.725894866,0.26370332260397955,-0.10821669412960049,1.547271593017517,0.5144927536231884
5156366.72438382,0.3882534435869909,-0.04121421888759564,2.0797429101410456,0.5797101449275363
2482271.09720821,0.19941601146404175,-0.13160184887577997,1.3801387929161544,0.572463768115942
3669304.3397517437,0.2969306290155487,-0.04448,1.9254733840244076,0.6376811594202898
4058005.68579883,0.3233128515686672,-0.0677636799714333,1.8569299313070728,0.6086956521739131
1876307.5217540073,0.13412468670653244,-0.10225182352428701,1.1402704026395547,0.5072463768115942
4598603.701673221,0.356829248588137,-0.08115099699149307,2.1045306156145696,0.6231884057971014
3270962.6714573936,0.26746249627137697,-0.06785502450150414,1.5608014181157674,0.6086956521739131
3086657.72885226,0.25284601195284884,-0.09392355652177388,1.5766549515227464,0.5144927536231884
4531459.351232053,0.3528436818579357,-0.07216474685476959,2.1163159966713514,0.5652173913043478
4910929.582942022,0.37477853083638757,-0.11437394409350873,1.946430554107717,0.5434782608695652
2831169.9200077755,0.23138309497668486,-0.06344065921862398,1.6145799333948747,0.5289855072463768
2663174.609713428,0.21640985029540483,-0.10132780726009777,1.509576167511751,0.5579710144927537
2466276.285675628,0.19786629580333548,-0.0875293406822399,1.3323676986052497,0.5072463768115942
3605139.0810717815,0.2923626696166717,-0.09668981815216371,1.641663756229425,0.572463768115942
3712453.454528627,0.2999666279234876,-0.09639874157113627,1.8287075562332542,0.5797101449275363
3266738.5652320273,0.2671349679867332,-0.07206682262264573,1.887279028365387,0.6231884057971014
4472841.700421185,0.3493254309088598,-0.08300694504545078,1.6910243933732922,0.5144927536231884
3430252.912931609,0.2795734737938076,-0.06529028615919777,1.94466482502135,0.6014492753623188
2755554.4535916327,0.22473407057536132,-0.08300871383937324,1.4558858844662912,0.5217391304347826
2303355.810562539,0.18160469012336278,-0.11668413664577028,1.5924683767452044,0.5797101449275363
2048476.7738392714,0.15421365734532322,-0.07093406914231866,1.0787312568953358,0.463768115942029
4548482.843950303,0.35385861295869847,-0.07282710215014107,1.790607851619228,0.6014492753623188
2400227.2262839987,0.19138045629848377,-0.12914595241421878,1.3176179025495118,0.5217391304347826
2076893.0897535721,0.1573982683882469,-0.09263807321035844,1.2536344769352115,0.4927536231884058
4973634.481081298,0.3782714910357341,-0.06133018588765157,2.1692950587662447,0.6376811594202898
2664518.7199126957,0.21653261047096417,-0.09866845081429731,1.7362003072891525,0.644927536231884
2856618.8073591674,0.23358891519571845,-0.1376690565262884,1.4972986642134565,0.5434782608695652
2461273.293260231,0.19737991195791782,-0.12744968901534032,1.3342269319878537,0.4855072463768116
3263891.115625436,0.26691399152644,-0.06356329959035245,1.9148079132553566,0.5652173913043478
7622846.668277407,0.5011477402513256,-0.09956834127394934,2.0716143021259246,0.5869565217391305
3650366.0876509687,0.29558909601101746,-0.13085931233297277,1.7164738997855808,0.5652173913043478
2496724.6372043504,0.2008095394524294,-0.1316115463589657,1.5828340203712319,0.5144927536231884
3565038.051232524,0.28947472493112825,-0.08434174373565718,1.5444471638593253,0.5289855072463768
2689572.6910623154,0.2188118198437734,-0.09202548997091795,1.3123555527019564,0.5072463768115942
3538973.0224374766,0.287583641451836,-0.0918847258012224,1.4809894925875864,0.5507246376811594
4614595.435785331,0.3577716186920492,-0.0755098838750396,2.080315601350768,0.6014492753623188
3512458.3798353723,0.28564847014893124,-0.10830304188060842,1.5720204346698066,0.5652173913043478
3633968.2073146305,0.2944230106627579,-0.058965683199999855,1.775016230281967,0.5652173913043478
2498634.3807371124,0.20099318300694624,-0.07030281221102527,1.5985105647830367,0.5797101449275363
2822111.526348384,0.23059411684780962,-0.07667669548538443,1.3374050863202198,0.5652173913043478
4387368.852631241,0.344128623379929,-0.058360531851884126,1.8898353985301317,0.6086956521739131
3173429.8807748733,0.25981211763551726,-0.0543835175807396,1.6665563377374604,0.572463768115942
2480547.5382475136,0.1992494028598666,-0.07774039729621542,1.3426763718837311,0.5797101449275363
5863382.400639504,0.4243923870123192,-0.07087020405431582,2.2937617179837053,0.6014492753623188
2499098.7234869744,0.20103781787079433,-0.10540839940416746,1.165931646490428,0.4855072463768116
4218325.952559253,0.3336074930835189,-0.09916905432859124,1.6974807216826004,0.572463768115942
3988859.0209670905,0.318772060007404,-0.05621803135202724,1.6520997716432115,0.5217391304347826
3329313.27284691,0.2719526147525082,-0.08249109938619552,1.496206145137346,0.572463768115942
6888617.710517324,0.4710465532486354,-0.08136186312952971,2.1569140458192457,0.6231884057971014
3362118.994948795,0.27444945542461197,-0.05470480207320128,1.499703012844693,0.5072463768115942
3464617.2839096445,0.28212702225640096,-0.07883578991968004,1.959544273652444,0.6304347826086957
2960908.6088671307,0.24246739443083487,-0.06039848950656887,1.4112295736417113,0.5
2722432.8373075332,0.2217755642103567,-0.09464597177859917,1.2977499847456804,0.5144927536231884
7436161.6077614175,0.4937219534019146,-0.07981130516082136,2.078230069989115,0.5579710144927537
4225429.752816245,0.3340563586383476,-0.07309037479960576,1.585079503004329,0.5289855072463768
2735754.78304202,0.22296895726316968,-0.07883878565399519,1.4752697626909508,0.5144927536231884
3081587.863255333,0.2524341789151885,-0.11922652608689686,1.5399105401508093,0.572463768115942
3785627.62914515,0.3050512847377176,-0.07013566159290444,1.6447316004284491,0.5289855072463768
1984883.8774809975,0.14695669507140963,-0.10294768347011457,1.1103706897783654,0.5579710144927537
3428636.454295042,0.2794528548404416,-0.103395072306571,1.4735917291045677,0.5144927536231884
2369807.6332319346,0.18834520685078115,-0.13235829920290945,1.0758406754614855,0.4927536231884058
6870683.38874799,0.47027978869652687,-0.044728435199999944,2.180079821746568,0.6376811594202898
3782974.5828233208,0.30486831203906495,-0.1321391487428986,1.7700968742871384,0.5144927536231884
5307609.4553532,0.3963033880765858,-0.0854610426519924,2.0661725084953058,0.5942028985507246
7717940.4769534925,0.5048745062455511,-0.06788449644589918,2.0124452354053037,0.5217391304347826
1589184.5202955145,0.09707132879401392,-0.1215952963028236,0.9382046386572904,0.4782608695652174
2274226.6173648452,0.17860084366290585,-0.1341131749120368,1.3719243671987618,0.5507246376811594
4489721.775024707,0.35034234186879565,-0.07338520900403157,1.7805359711788127,0.5797101449275363
8621050.49033692,0.538551499065973,-0.09857607399715684,2.304000303583922,0.5942028985507246
2875899.612588886,0.23524966408901316,-0.0753186472993399,1.715129043416739,0.5652173913043478
2857402.933980215,0.23365663047620755,-0.10997262873550916,1.4463767926976006,0.5
3928258.8733010776,0.3147404353579757,-0.10333043216847743,2.052336859308843,0.572463768115942
2147218.8494896237,0.1651323541519032,-0.08045541205180706,1.3299428791437171,0.6014492753623188
2908578.307451972,0.23804420638942703,-0.11566923297609076,1.4322694456512624,0.5434782608695652
4487427.684516176,0.35020431813157393,-0.05795996648322324,1.7266379288241436,0.5579710144927537
3747089.5410980815,0.30238328639212364,-0.07099476988936046,1.860156912999846,0.5869565217391305
3243497.316428217,0.2653268057241851,-0.09447427238812668,1.737488589778326,0.5652173913043478
3606235.8629170456,0.29244129445879596,-0.1025604041023572,1.6749170229980805,0.5362318840579711
4972846.258884866,0.37822780253949473,-0.058651160303634944,2.276350846559389,0.6521739130434783
6206322.265276888,0.4406778017988757,-0.06003329370852119,2.138656521308191,0.6231884057971014
4704742.28314138,0.36303550194063083,-0.11032587127407627,1.7568126164902913,0.4927536231884058
3339515.950209685,0.2727312404135356,-0.1516153548888803,1.441308945192741,0.5507246376811594
3375724.2618776863,0.27547923615535286,-0.09882305805211707,1.5642330625868675,0.5434782608695652
2877939.4074058626,0.23542483997533847,-0.09501115284163997,1.6043646931607893,0.5362318840579711
3471252.6176141645,0.2826177449090088,-0.08685562368292676,1.5518602071267458,0.5507246376811594
4680751.88821917,0.36164258136067695,-0.0846363306838841,2.432847148962523,0.6666666666666666
2496104.7328955806,0.20074990444614227,-0.06398396399155594,1.5441114962215579,0.5869565217391305
2714625.962753861,0.22107404400510755,-0.07574122211004976,1.2917394573561565,0.47101449275362317
2594759.111783013,0.21009484023425706,-0.1243004814115561,1.5097463478201218,0.5869565217391305
2231109.1363992863,0.17409749896696036,-0.07825868810102334,1.3462190351850893,0.5072463768115942
2259708.2159070927,0.17709217578623582,-0.09793288292995518,1.207383782765903,0.5362318840579711
3463662.520453073,0.2820563499203028,-0.07469731382173898,1.9094436513802637,0.5942028985507246
3128906.735298725,0.2562570836529905,-0.12720696932918849,1.4164329635069306,0.5579710144927537
3217987.0668727895,0.26333014403608357,-0.06841754510988851,1.9042708228934466,0.5869565217391305
3702126.594706756,0.2992426034780298,-0.08730525725396243,1.8320950466875259,0.5434782608695652
4708989.571412926,0.36328151394138186,-0.05613696640432447,1.9749860072269718,0.6014492753623188
4467206.404636446,0.3489852586724336,-0.06802406207863501,1.7819722541405665,0.5797101449275363
2925468.4102513613,0.23947874167994443,-0.10311008537344957,1.6728241037770313,0.6086956521739131
2833706.0859312355,0.23160363090362157,-0.09989709619438704,1.62757586904128,0.572463768115942
2135589.1998063265,0.16386750566559916,-0.1695136070437156,1.2117853996228298,0.5434782608695652
4299184.054705314,0.33868133354514596,-0.07203690402099099,1.7769207584889075,0.5507246376811594
2874457.332411707,0.23512574226695637,-0.08415626260807026,1.3963960449352122,0.5507246376811594
3445188.7585937027,0.2806858298397785,-0.07043823243637679,1.4839738867307313,0.5579710144927537
2697932.7740659937,0.21956857371898408,-0.06726658283618162,1.516278732786494,0.5797101449275363
3564178.514368291,0.28941254001465566,-0.074315101750082,1.7113761932234164,0.5797101449275363
3170698.8932422916,0.2595952093522025,-0.06826182174396053,1.6188619919650713,0.572463768115942
3887718.6436256655,0.31201549902243486,-0.06275679400837532,1.710225718228519,0.5507246376811594
2641371.4154941533,0.21441156589073107,-0.09547462056709528,1.4864284417329383,0.5434782608695652
5119251.011186809,0.38624912473884776,-0.05239646833911874,1.9928486548660544,0.5579710144927537
2958109.521930968,0.24223239291338516,-0.06124982534132298,1.7003359005064684,0.572463768115942
3146049.6494039306,0.2576306538210935,-0.08299893357388313,1.4369418929677276,0.5797101449275363
3820205.5330824633,0.30742668813980867,-0.118318057224881,1.7301267878924995,0.5217391304347826
1998096.7441952433,0.1484796450477801,-0.05986438326726837,1.2523428717765084,0.5579710144927537
4811150.3564464515,0.36914607553026757,-0.06293364344678654,1.9991185515289522,0.5869565217391305
3748199.958877989,0.3024604672625426,-0.08337045845490657,1.7475265308905388,0.5579710144927537
2273450.294487589,0.17852036797505044,-0.11566368492019713,1.209066338980062,0.4927536231884058
4136208.125734922,0.3283743365889691,-0.07839389810425434,1.8450770781414636,0.5942028985507246
3966653.3782333746,0.3173004808541966,-0.08163762753439527,1.8765551211923703,0.5507246376811594
4485652.290758893,0.35009746298265654,-0.05696286763449541,1.864496273512853,0.6086956521739131
2254547.6493751216,0.17655405152431447,-0.09271726104910995,1.201142643085101,0.5362318840579711
6480164.923854845,0.4531726377885361,-0.05536441675189744,2.3090155114185413,0.6231884057971014
1917173.1735098076,0.13902240966824286,-0.07523399369891376,1.1768580703388436,0.5797101449275363
6288446.7933635255,0.4444705044507098,-0.10980786435878048,1.957499747329202,0.5434782608695652
3709926.394522865,0.29978960275440225,-0.07661412275990392,1.8739995042889683,0.5942028985507246
3716227.717623994,0.3002308425246152,-0.0622806668369668,1.6581027740137104,0.5217391304347826
2420712.175322551,0.19340713742899363,-0.08553054971425435,1.329364332927289,0.5217391304347826
3112653.914957283,0.25494926093347803,-0.05557358719999994,1.6342958134691687,0.5652173913043478
3252478.389162239,0.2660267555203457,-0.12430223444645518,1.6567457929783926,0.5797101449275363
3252691.239409488,0.26604332547236065,-0.08538616770319919,1.4879622131622854,0.5217391304347826
4434911.548123337,0.34702914518408656,-0.06005780419404491,1.922330173538492,0.572463768115942
3660421.927926074,0.29630211517541194,-0.05404966136578294,1.791554212535176,0.572463768115942
4070763.870919293,0.32414389419204537,-0.06684621071544414,1.9158325930300848,0.6159420289855072
3738728.250805072,0.3018015368870657,-0.06832573550410367,1.8059091016790871,0.572463768115942
2934624.8553731134,0.2402536628420613,-0.07277357404113546,1.7079863496899401,0.5362318840579711
2648244.8842022647,0.21504294584877925,-0.13373353068755747,1.2404320128722037,0.5144927536231884
3744874.636077219,0.3022292821956143,-0.05205727359999998,1.7328706139485315,0.5797101449275363
2796955.0643744553,0.22839233493498656,-0.0493210260388796,1.6291357958204986,0.5507246376811594
3182421.144415525,0.2605251938751345,-0.07097207440536259,1.6261588753170313,0.572463768115942
3802806.4847082198,0.3062335829159595,-0.09325583444551433,1.8149969037245333,0.5579710144927537
2010665.0811068416,0.14992084628924207,-0.11960767855515594,1.3655214003334712,0.5362318840579711
2140631.019052848,0.16441653223087083,-0.07494598210833824,1.1557328707184231,0.4927536231884058
3056143.1186648193,0.25035903796855075,-0.054123592205166535,1.7359591617274848,0.5144927536231884
3995621.498810632,0.3192189108586949,-0.0873515339467931,1.8318462211891344,0.5869565217391305
2592592.7692369106,0.2098927131215913,-0.08037119063501494,1.5445329815874265,0.572463768115942
2116768.4036962604,0.16180881924294455,-0.07555497757517862,1.1758011983337457,0.6014492753623188
3604714.65865796,0.29233223897291905,-0.09616359593760475,1.6150818176334845,0.5434782608695652
4064467.293502473,0.32373400857074786,-0.11960924687156295,1.7850461980690464,0.5652173913043478
2425430.575421601,0.1938720078280638,-0.09388734139927542,1.369485630954416,0.5289855072463768
5586093.773261825,0.4106577019468407,-0.0662494210797103,2.247466327262165,0.5869565217391305
1452419.7612331326,0.07750285568116522,-0.1357214445635801,0.6697426081216916,0.427536231884058
3338946.058237998,0.2726877988583809,-0.15497705839222245,1.4983504114174007,0.5434782608695652
2175411.140287189,0.1681759735443844,-0.10587603805241179,1.1885214900960326,0.5289855072463768
2012009.4886687228,0.15007458138772667,-0.10852706996769375,1.0769182601092322,0.47101449275362317
2001417.1368096615,0.14886109515076318,-0.06320806687442677,1.101743120367968,0.5072463768115942
3164840.009547593,0.25912936363341155,-0.06260010233245643,1.4549572838601845,0.5217391304347826
2588529.012694532,0.20951318610404712,-0.082092009025805,1.7337054229571478,0.6521739130434783
3733048.089450585,0.3014057370286052,-0.0715151258180323,1.88965762629596,0.572463768115942
3866674.6840969594,0.31059204331889645,-0.11982754572556953,1.6933031485794712,0.5579710144927537
6379493.790455072,0.4486292293126122,-0.07557288254076745,2.1738349563230734,0.572463768115942
2089972.462106738,0.15885236858341556,-0.07539063744086985,1.2601689180836506,0.4782608695652174
3192678.0958459093,0.2613366835553004,-0.06735838565022603,1.6649767912406854,0.5072463768115942
2151344.6557586635,0.16557976266341723,-0.12263596904725046,1.2227864341962382,0.5144927536231884
2135511.08694134,0.16385899144802485,-0.10985659788389464,1.249770304579476,0.5797101449275363
3945357.6584665575,0.3158829988204761,-0.06402129899375772,1.9037579753917684,0.6159420289855072
2151650.681751731,0.16561292121932136,-0.09535725733519455,1.5868670455824838,0.5434782608695652
4803441.938323712,0.3687070653161617,-0.05099707666694437,2.167958858331494,0.6014492753623188
3569146.6832072954,0.289771806554026,-0.10692243543336792,1.5513203933373523,0.5289855072463768
2157935.58321405,0.16629307047033803,-0.06791197451057139,1.4153454745858365,0.5217391304347826
3630783.332579958,0.29419603998457644,-0.07856441458186982,1.8500941406556524,0.5797101449275363
3468309.754460146,0.2824001952476569,-0.07161988284985925,1.6480739546339065,0.5507246376811594
2761938.259862497,0.2253010149051451,-0.10245454013594689,1.429490577856675,0.5869565217391305
3774045.4226721586,0.3042517393375612,-0.09839007330848408,1.7224179318439465,0.5579710144927537
4199817.720827328,0.3324351725885184,-0.09568921244537915,1.699399283892106,0.5507246376811594
4059236.2993436605,0.32339310228007645,-0.10583912111822447,1.575904462980167,0.5579710144927537
3466556.208795225,0.2822704950548407,-0.110684768372317,1.8273545054077387,0.5869565217391305
2125248.8878052,0.16273825014054277,-0.08467961676980279,1.163211427585105,0.5289855072463768
4283533.500268295,0.3377052562521561,-0.11518766260002504,1.9887348622926182,0.5797101449275363
3518867.037781872,0.28611727426129696,-0.12615610001454794,1.4092334823140527,0.4927536231884058
2930765.317933899,0.2399272616248369,-0.06364739457284803,1.7756542653039793,0.572463768115942
2445349.2820229805,0.195826518602066,-0.07876405328267105,1.4469000862038217,0.5362318840579711
2722409.5921076187,0.2217734778033864,-0.04598705637144058,1.6012941931062143,0.5652173913043478
1962110.7217142354,0.14431265852921982,-0.10808305950703724,1.3335767989897611,0.5217391304347826
2885273.2252584854,0.23605384275671382,-0.08907470788707539,1.4689271851062426,0.4855072463768116
3089506.6779074157,0.25307719906446846,-0.06070838229439144,1.5747330965332786,0.5362318840579711
3529533.368792658,0.28689602206342846,-0.10745575362864941,1.7300502288593376,0.5289855072463768
2527542.2697944944,0.20375938328610754,-0.11856716003107613,1.5139826469418605,0.5797101449275363
4364692.231018848,0.34273628506871767,-0.06871245663342473,1.9283040285287047,0.6086956521739131
3138552.993261582,0.2570307253505213,-0.11502043869573755,1.5606942777220325,0.5362318840579711
2654980.423552699,0.2156603854421686,-0.12478427745847105,1.5889414457634357,0.5797101449275363
3549698.274617277,0.28836313023919735,-0.06701158887580502,1.6147748339831736,0.572463768115942
6538538.977857666,0.45578132340564137,-0.08826114913416214,2.1766192721977835,0.5797101449275363
2874991.9518300383,0.2351716829792212,-0.07364756571039988,1.4542949165500776,0.5072463768115942
2390293.437129557,0.19039266953107092,-0.11123809018508213,1.3536891430102829,0.5289855072463768
2641926.1930365977,0.21446257512516964,-0.11875651846172629,1.8359213827586913,0.5869565217391305
3816511.339322452,0.3071737301885067,-0.07526911582634135,1.7551847655535076,0.6086956521739131
2938949.680409274,0.24061900568480454,-0.06506356639639789,1.4720222216308374,0.5869565217391305
4026270.9858839014,0.3212366139300915,-0.060560610359200226,2.01677918103715,0.5869565217391305
3475284.5122405984,0.28291556124174444,-0.07078316693724443,1.7761858290457102,0.5434782608695652
3467188.522295127,0.28231726987948913,-0.10147210049228403,1.656362969974385,0.6014492753623188
3195625.690399355,0.2615694998170317,-0.06653632135357165,1.6115614324958643,0.5579710144927537
1710559.0695570307,0.1133394938111163,-0.1020133710742289,0.7665886544412499,0.4782608695652174
4371063.287497433,0.3431280496103488,-0.09695670708229968,1.781389009542385,0.5942028985507246
4221758.375869112,0.3338244519600875,-0.048916448329002056,1.8181401203081393,0.6014492753623188
3666788.807387056,0.29675275519057553,-0.07762569097319288,1.69261116847756,0.5797101449275363
3025459.728679281,0.24783819646276428,-0.10402488040664139,1.74351444308654,0.5869565217391305
3717104.1613511825,0.3002921666286922,-0.07912593615818735,2.041960143927123,0.6884057971014492
3172636.455575152,0.25974911535099854,-0.06859479617795071,1.7884628802222178,0.5942028985507246
4093492.846844347,0.3256192655459227,-0.06237372281849085,1.8466560067213114,0.5942028985507246
2651161.86278771,0.2153104961603971,-0.06934139104506773,1.6390493728020483,0.5869565217391305
2608552.7277894556,0.2113786745295556,-0.07240451349695426,1.3876751610142743,0.5144927536231884
4074983.133409042,0.32441827000913537,-0.1318232532848811,1.7934552185139836,0.5434782608695652
2669403.3655749545,0.21697831783599453,-0.059390718989443675,1.593546043817176,0.6014492753623188
5662505.172895121,0.41449599571087825,-0.09090268597428804,2.1537941466859882,0.6376811594202898
3064767.839791494,0.2510639686465259,-0.08129560892682351,1.602663602887038,0.5434782608695652
6033921.303414113,0.4325834456774238,-0.11240885763538841,2.0620755208405153,0.5579710144927537
3146514.8703968744,0.2576678459599737,-0.06495072167848316,1.6236878644421557,0.5942028985507246
2658083.00214399,0.21594437398466626,-0.049729827389821214,1.7081499278287207,0.572463768115942
4810123.49214418,0.3690876260048954,-0.11527695615799947,1.9135285994832167,0.572463768115942
2957757.5174966613,0.24220282726529296,-0.07356422486489908,1.5031202470147733,0.5434782608695652
3283530.80204977,0.26843500554609845,-0.03481139000032116,2.240418974607433,0.6594202898550725
4264282.6654239185,0.33650071979175333,-0.07199057619357492,1.9858116942681097,0.5942028985507246
2949716.0772031783,0.24152664060974005,-0.07057639553075207,1.5520048730729816,0.5652173913043478
2551599.635772617,0.2060422057012823,-0.12172573284964212,1.4528085239477633,0.5652173913043478
2852684.4292919184,0.23324892715252066,-0.05041686242808945,1.7032216635506146,0.5797101449275363
2791855.8974540187,0.22794410818484923,-0.1040741651892898,1.4739683714917644,0.5652173913043478
3576305.815764643,0.2902888067544389,-0.0814023978415636,1.8820431661412378,0.5579710144927537
4303863.159493483,0.3389726030042022,-0.07542500695726204,1.6964483744648458,0.5289855072463768
5543735.0519745,0.4085118114562274,-0.12338968105966869,2.0495440082068823,0.5434782608695652
2232562.673016104,0.1742504407593226,-0.14662452728259376,1.1409861033470938,0.4927536231884058
2323448.281609706,0.18365899274415964,-0.10540790520285326,1.244271202148683,0.5434782608695652
4056633.0914421226,0.3232233190399725,-0.050226704060350465,1.876051821745376,0.6014492753623188
3717092.8483794844,0.3002913751423226,-0.08079982145353079,1.909869329272051,0.5434782608695652
3569565.8623914523,0.2898021006352116,-0.08754550342271146,1.585744455878877,0.572463768115942
2152935.741063532,0.16575211890965424,-0.11391137693823726,1.1052288288302223,0.5434782608695652
2092722.8744390782,0.15915721904587943,-0.04664585714491525,1.2414728835558755,0.5507246376811594
5156831.25689371,0.3882784559902295,-0.0400431249272693,2.1157978745417596,0.5942028985507246
3465878.4137123646,0.28222034819061315,-0.09464773882355948,1.4308872162120383,0.5434782608695652
2466296.4499788387,0.19786825455064538,-0.08948079255641049,1.2922805439687777,0.5217391304347826
3680648.777689674,0.29773158669364763,-0.06669912182127659,1.6502984280767132,0.572463768115942
2940870.430360608,0.24078112456777667,-0.14663103071589928,1.4873523817588392,0.5797101449275363
1831243.68542269,0.12862386174082308,-0.18020334250136963,0.9081702929234169,0.45652173913043476
5632714.492743792,0.41300450899067376,-0.04580059196699848,2.2278964618242534,0.6304347826086957
2040621.2382930904,0.15332705646387512,-0.0963843885425122,1.133078944524592,0.5289855072463768
3184574.936549305,0.26069576681101947,-0.07285498929714435,1.5130811183923683,0.5579710144927537
2927514.288082437,0.23965205498691833,-0.08289402542212813,1.4532387452975626,0.5507246376811594
6058438.916203037,0.43374576040788737,-0.06716276132484668,2.1958995794218805,0.6594202898550725
3368357.390592275,0.2749220517629789,-0.058408765350628625,1.4785695640927743,0.5217391304347826
2121714.5558875306,0.1623512611776552,-0.08568757794061344,1.2565807993769806,0.5434782608695652
4775004.849355432,0.36708262419421933,-0.054753767119645365,1.8916729517281499,0.5869565217391305
2666170.7865967983,0.2166834290572941,-0.07783251009827553,1.4494309885487506,0.5434782608695652
2914728.509712073,0.23856733415201914,-0.08431870648594701,1.7053359680808076,0.572463768115942
4220737.175997226,0.33375991803613325,-0.05451138488278928,2.023699446139323,0.5942028985507246
3090565.058789241,0.2531630413295296,-0.05176921403732017,1.5449572174624033,0.5652173913043478
4707875.303096946,0.3632169903244251,-0.053559148906947886,1.97228930661819,0.6304347826086957
2288201.051157139,0.18004572571563027,-0.1687102747636754,1.041119387935232,0.5144927536231884
5540484.871937218,0.4083466162987066,-0.0626268543760262,2.1123527426868196,0.5869565217391305
3084243.6858385666,0.2526499830425717,-0.08794384318468008,1.6111526833088003,0.5579710144927537
3843920.0261609475,0.3090458816216284,-0.07127510486933682,1.7933202658244936,0.6231884057971014
1965871.619391863,0.14475099739968322,-0.10909546687373113,1.1067463284442622,0.5144927536231884
3229177.8844333724,0.26420759144621186,-0.10807249461372438,1.4831497251738806,0.5289855072463768
3962669.3371115164,0.317035759512033,-0.051048708520328584,1.7348069478637025,0.5797101449275363
3763183.7382400576,0.303500147571119,-0.08531021489270327,1.8951704774968319,0.5942028985507246
3397418.382663081,0.2771144137873107,-0.08880486567209728,1.5079307785464122,0.5289855072463768
6956548.170597198,0.4739364513295308,-0.0713487607882881,2.029069688047182,0.5797101449275363
3475716.7514438448,0.28294747222988903,-0.07333544134301218,1.8402180046268055,0.6014492753623188
4660480.512599256,0.36046113403809343,-0.09650217128846235,1.875024554394088,0.572463768115942
2492673.656554009,0.20041961929218743,-0.10951690192754823,1.3896326956480398,0.5434782608695652
3205073.210235037,0.2623145578705812,-0.12087766863888909,1.434941742752032,0.5
3188103.343076526,0.26097500514986893,-0.08279391931997977,1.5976740753892074,0.5434782608695652
4045659.6157161463,0.3225066608839857,-0.05736040960000001,1.760777258146863,0.5797101449275363
4743909.686058432,0.3652974606706796,-0.0594360007798017,2.143782830278128,0.644927536231884
1434081.7805160228,0.07476813940280858,-0.11190765153598017,0.7073762482076053,0.45652173913043476
2671206.0801387327,0.21714264460482435,-0.06060602396831683,1.4516223843471778,0.5797101449275363
3019286.5932942047,0.24732856358362487,-0.08581623725804309,1.7032918646633752,0.5797101449275363
3295338.254978651,0.26934594509347076,-0.0770462651538223,1.4858593602983468,0.5362318840579711
2886815.749081314,0.23618597824262677,-0.12476521785319095,1.372112473915028,0.5579710144927537
3218296.6009820416,0.2633544467270492,-0.07058760463509096,1.4119184569215817,0.47101449275362317
4860306.061714878,0.37193243479961224,-0.03854259753012867,2.16908531223078,0.5869565217391305
2400799.565425139,0.19143726830622154,-0.1240097238222841,1.399921790668196,0.5289855072463768
2458959.128826644,0.19715466458466668,-0.11412237993530043,1.2228413684836446,0.4782608695652174
2824376.6774118864,0.23079159926727022,-0.07492359232552596,1.5548091604982144,0.6086956521739131
2630361.251203597,0.21339745477452188,-0.09495004802307783,1.504543084286892,0.5072463768115942
2279603.8419739488,0.17915765853822263,-0.10347709418545492,1.2460908051375517,0.5217391304347826
4270215.0377687905,0.33687237487018784,-0.10403515397546384,1.8256672011567565,0.644927536231884
3791274.42644205,0.30544038624181735,-0.06780816626482454,1.8290487950946541,0.5942028985507246
1915516.2018512052,0.13882545503871113,-0.09295799479753258,1.1134510316310433,0.5289855072463768
2904631.360758457,0.2377080181541551,-0.155658726266329,1.5671193564439267,0.5797101449275363
3490121.7234959477,0.284009138789481,-0.086265276543003,1.6059517721086316,0.5217391304347826
2691921.614748844,0.21902463404793782,-0.12156439155690722,1.2961731729697115,0.5217391304347826
2730296.718743873,0.22248058187640862,-0.0972325731752021,1.6862731740349397,0.5507246376811594
2705309.206132054,0.22023473133819182,-0.08489042939945543,1.473539320626693,0.5797101449275363
3646272.9981139754,0.2952984214817562,-0.05849776548393827,1.6205428221168845,0.5797101449275363
4018121.008909034,0.32070129093290745,-0.08052311181852746,1.6888185435746452,0.5579710144927537
3558508.8596690614,0.289002056649855,-0.11935675777942442,1.6655110245525393,0.4855072463768116
3200232.420131588,0.2619330193264797,-0.08384674911691216,1.7210433658040938,0.5507246376811594
4152486.512480206,0.32941827972801985,-0.10873151367352878,1.6763279205707091,0.5869565217391305
2729940.6524727945,0.2224486947333204,-0.0723117229983162,1.4444020847541565,0.5362318840579711
4045888.7700754516,0.3225216424360313,-0.07388580845272902,1.92087809557092,0.5652173913043478
4023295.0212387936,0.32104124126486755,-0.06231768664314772,1.7886160950139651,0.6159420289855072
2790699.8916387074,0.22784240195447403,-0.07386439047374671,1.7005368539885823,0.5869565217391305
2127398.5097707454,0.1629733696190574,-0.1333434898876318,1.217924565124603,0.5652173913043478
3363964.3410005616,0.2745893246033564,-0.08443102062630016,1.5738371185539088,0.572463768115942
2508542.4796119067,0.20194416082492173,-0.09202630166831635,1.279693570275028,0.5869565217391305
2251613.198203322,0.17624761849681891,-0.0859712788998274,1.3621374579184393,0.5217391304347826
2337002.852091894,0.18503683108995617,-0.11520972304280248,1.4852633448371924,0.5869565217391305
3178045.6965885707,0.26017838886979794,-0.05921649752630189,1.5878602601070926,0.5289855072463768
2745716.7902969336,0.2238583292727514,-0.06293421061548803,1.4885691570109594,0.5434782608695652
1796517.5350830543,0.12431056607440638,-0.1185674842499621,1.0072633723820397,0.463768115942029
3667025.627412163,0.2967695049464474,-0.07735620786920476,1.9706662471972853,0.5869565217391305
3096831.3656365694,0.2536708024024701,-0.10811551995141423,1.5052268465786223,0.5652173913043478
3533313.3994083167,0.28717154991898197,-0.07886959898828311,1.7419968158808827,0.5362318840579711
4108243.7299534916,0.32657326405868936,-0.10721500564866139,1.7839062602025464,0.5434782608695652
3071077.7459773445,0.2515786962600408,-0.11001463877083031,1.4955245475606622,0.4782608695652174
2354491.703506332,0.18680517917024209,-0.09272839927025425,1.243971831093689,0.5217391304347826
2315174.592980588,0.18281479877701323,-0.11199925002168047,1.392069477731118,0.5362318840579711
3972689.682374569,0.3177011607125133,-0.061009553316340115,1.8175558275581882,0.572463768115942
2554241.198761485,0.2062918152374511,-0.08010833822603189,1.5678433903039406,0.5072463768115942
5193869.991399154,0.39026700201736064,-0.13367558530053206,1.902585954778976,0.5507246376811594
3008895.400653185,0.24646881669304177,-0.11552527953357367,1.7677122288665579,0.5652173913043478
2738896.2407557997,0.22324969454595234,-0.08199842502287799,1.5270283260329176,0.5
5175418.665497709,0.3892778051542667,-0.08554962688752182,1.7992762218625298,0.5144927536231884
4853893.133727734,0.3715702044817464,-0.04207601531833591,2.012220100328558,0.6231884057971014
4386859.345031359,0.344097403047809,-0.07905127716416116,1.88688424780857,0.572463768115942
2466937.7710163933,0.1979305453769724,-0.03918835589999996,1.759258940268617,0.6014492753623188
3613229.3593938123,0.29294218684182316,-0.06726883935483817,1.9191980467016714,0.5869565217391305
4225404.464218227,0.3340547618068903,-0.09070563760004545,1.8535617994416413,0.644927536231884
3885938.7960010213,0.31189534550143105,-0.07305856836106911,1.7666763771955245,0.572463768115942
4789749.112691767,0.36792583910249843,-0.08306425394192572,1.942435579795393,0.5942028985507246
1826921.0160459145,0.12809053230609013,-0.24740025408201988,0.994674044860605,0.4927536231884058
2559162.597448513,0.20675630330981143,-0.1087006933807935,1.363587720456673,0.5289855072463768
4346794.774821015,0.341633294228628,-0.05291310847351671,2.064694914109423,0.5869565217391305
5195358.229935234,0.3903466656141772,-0.11230904297944547,2.022543382290333,0.5652173913043478
2162662.9241483067,0.16680361768660434,-0.08588097995841934,1.3797098662369935,0.5362318840579711
5068268.039909152,0.38347690917141497,-0.05419763839999996,2.072404104192679,0.6014492753623188
2464258.4900447773,0.1976702236285559,-0.04796160453641809,1.6431961111515387,0.5797101449275363
2694491.7501006336,0.21925732005548904,-0.08596802989018368,1.617074168958395,0.5217391304347826
4488836.924295266,0.3502891115943385,-0.07562854375791478,1.9281897627830726,0.5869565217391305
1952975.045603943,0.14324507410402387,-0.06377150776278198,1.1625074023660642,0.5072463768115942
4132484.979943407,0.32813510718545924,-0.09698893230584872,1.8770436243398776,0.5942028985507246
3352204.528010903,0.2736969289602107,-0.11342010575509483,1.5652096015835337,0.5144927536231884
1860850.5243898607,0.13224991782467632,-0.09497690406263468,1.01106695784528,0.4927536231884058
3148327.699741033,0.2578127308264171,-0.09246240870332707,1.611336728155355,0.572463768115942
3979563.2430309462,0.31815682363567377,-0.07972491898577372,1.6886517986805691,0.5362318840579711
4285627.555047562,0.3378360212143292,-0.06994572557173148,1.6941280186094094,0.5434782608695652
4886710.670840359,0.37341986683464823,-0.07449601954252984,1.8526411093464366,0.6376811594202898
4843521.091908696,0.37098353484329194,-0.062314372950130724,1.8118673914339734,0.572463768115942
4582750.215443192,0.3558924338817524,-0.07069273755852479,1.9373608598039327,0.6086956521739131
7160506.22672869,0.4824796664901527,-0.11169240733922528,2.1142540281400537,0.644927536231884
2499541.709020717,0.2010803935925356,-0.12739556538496116,1.4023354020854346,0.5289855072463768
2179246.518475247,0.1685875959933716,-0.07025061635384809,1.2699951457460272,0.5942028985507246
3778537.0317081413,0.3045620377800202,-0.07705310943274819,1.7332665469861552,0.5579710144927537
3076521.8292619344,0.252022115340393,-0.10932234854732807,1.5218939706130525,0.5072463768115942
2535559.961494799,0.2045221122681098,-0.07456709908618611,1.3400829383128974,0.5217391304347826
2602009.3695451072,0.21077033338010054,-0.09723704817731198,1.374185792880024,0.5
3211600.855182861,0.26282832065311124,-0.1211190991830867,1.5664144895298386,0.5579710144927537
3111584.1042396384,0.2548629845392725,-0.08489935024298927,1.3656070157218556,0.5579710144927537
5293115.739471482,0.39553996467294894,-0.0608759135801074,2.195348656249668,0.6086956521739131
4228924.752759262,0.3342769745434713,-0.08891471511584711,1.8974151213112682,0.6739130434782609
2548854.3901154445,0.20578257971119585,-0.08654007258472127,1.6613900842135685,0.5942028985507246
3288279.7306594877,0.26880169773612006,-0.04970868189409525,2.0223565529816208,0.6014492753623188
2816900.3256299407,0.23013930740142352,-0.08897518912715012,1.4249872590846717,0.572463768115942
4163723.1850603907,0.3301369862127834,-0.0671731759058655,1.9252313495545035,0.6014492753623188
3438682.920830992,0.28020177886240494,-0.10921755703202309,1.6670358683670665,0.5289855072463768
2506479.8368825475,0.20174643667176562,-0.12172752524044178,1.1891858519923908,0.5
3615811.0319224824,0.29312689693948246,-0.043301460644740115,2.144211664444291,0.6304347826086957
2927383.841771518,0.2396410073264279,-0.09953601128812088,1.7524008257718378,0.5942028985507246
3059244.550697621,0.2506127126318174,-0.10688945647039098,1.4907794358742263,0.5362318840579711
1590015.227457477,0.0971859982367167,-0.0859582821601437,0.8848604475696891,0.5289855072463768
2092288.3727089823,0.159109081028455,-0.12120391512560297,1.210950155020614,0.5507246376811594
3587956.110031882,0.2911283711229562,-0.137022895438526,1.4588755897248484,0.5217391304347826
2104927.440807509,0.16050609564746887,-0.10070128170463061,1.2424190515351852,0.572463768115942
5044839.678320952,0.3821954972403834,-0.05166214194484998,1.8925145361719198,0.5797101449275363
2390781.8994642952,0.1904413174878561,-0.07282654532120532,1.4166296831686633,0.572463768115942
2674057.2762227007,0.21740236486055187,-0.08477124961935804,1.702246707864195,0.572463768115942
2705319.9603541703,0.2202357014790126,-0.0812214718330406,1.5823020173362445,0.6376811594202898
6297540.273166782,0.4448880216092961,-0.07236230540773274,1.9968265759078605,0.5579710144927537
5684036.44271945,0.41557006723506906,-0.06265399039999997,2.333105416048251,0.6376811594202898
2242710.256884157,0.17531596063766086,-0.07468013970316803,1.4630300163510808,0.5289855072463768
3009993.864457088,0.2465598136069589,-0.13389021034199483,1.563583165321453,0.5652173913043478
5085788.89864218,0.38443211731211036,-0.06787425182686142,1.915675339189143,0.5217391304347826
6776152.376617812,0.46621153779448843,-0.10748101565740642,2.002130415983115,0.5144927536231884
2672332.053847041,0.21724523793238282,-0.12353066291439847,1.3232355080685516,0.5362318840579711
3156232.161159068,0.25844369198011186,-0.09051977433196742,1.617479654957565,0.5289855072463768
3280422.516699878,0.2681947671000491,-0.05708784846407841,1.5703750211388054,0.5507246376811594
3804819.398611914,0.30637183760866704,-0.11721211484908543,1.7244017274256673,0.5579710144927537
2377518.3327356162,0.18911751177408087,-0.0577977696191492,1.4413480041244182,0.5579710144927537
3676260.746613303,0.2974220106171248,-0.08584585871306086,1.5783396511761185,0.6014492753623188
1664373.298553352,0.10726136846119538,-0.10545311697279908,0.9920516413270175,0.5
2360722.410146606,0.18743264538018423,-0.15089716789706048,1.3515689359615006,0.5362318840579711
4675572.69259504,0.3613411196802909,-0.09169182603305329,1.6892134670333456,0.5072463768115942
5108173.235943225,0.38564865151412353,-0.06783766794287234,1.9775546168418068,0.6231884057971014
3571371.7566955145,0.2899325800907051,-0.11004546429715518,1.7090562777375855,0.572463768115942
4525931.669892407,0.3525134685772011,-0.05855345626392048,2.2836385638987986,0.6304347826086957
2996805.848207563,0.24546555632058875,-0.07059806977083613,1.6465464492755586,0.5507246376811594
4904954.945090541,0.37444385676723946,-0.08130054857866768,1.8952516010638536,0.5869565217391305
3142128.5455712155,0.2573170058350278,-0.09263400385525089,1.4777614049645513,0.5797101449275363
3188390.4626590754,0.2609977169340467,-0.041072959597129914,1.8502054555679246,0.6231884057971014
3734204.992174179,0.3014863903285958,-0.10982344019583098,1.6455445192673774,0.5507246376811594
4739157.773628999,0.3650238308820206,-0.09357005438664973,2.0463256366450424,0.572463768115942
1959010.6811866409,0.14395083800559716,-0.14393413070025726,1.143770472131748,0.4855072463768116
3606606.00726859,0.2924678246261756,-0.0831215455532313,1.896207788964699,0.6086956521739131
2953064.0023909365,0.24180833907967747,-0.08408804153941725,1.4608740361101864,0.5
1381455.588429451,0.06676162808214614,-0.13535378748553478,0.5489663522084895,0.4855072463768116
3204732.8363449783,0.2622877455551571,-0.06959233170181033,1.458815780516721,0.5144927536231884
2809709.232374763,0.22951059553187192,-0.05162728960000016,1.487103679259235,0.5942028985507246
1805180.3802256957,0.12539277053231945,-0.14083113354806048,0.819804830184756,0.5
2683082.638704563,0.2182230424043754,-0.13302208122340856,1.4364172186544588,0.5434782608695652
3384402.754050474,0.2761343768174891,-0.0839323577460139,1.6303697384902553,0.5507246376811594
3544579.8056590604,0.2879913660494646,-0.08788192712853812,1.6035560134348172,0.6014492753623188
1956176.6457415677,0.14361966320198305,-0.09810143241231925,1.136590466839027,0.5144927536231884
4750563.195738398,0.3656802220841815,-0.05751835943873189,1.9246953007302512,0.5579710144927537
4033942.9093824113,0.32173974495305546,-0.09156350845684598,1.776257166660318,0.6086956521739131
3521359.564810644,0.28629942233023375,-0.08730311532760984,1.3855606479659994,0.5
2857631.875049742,0.23367639846998856,-0.08899182897053365,1.4038311634430634,0.5434782608695652
3999245.4548048307,0.31945812559853315,-0.06975814665663753,1.8128143297632346,0.5652173913043478
3182250.5400818083,0.26051167865118185,-0.08310130208786526,1.7497419269051024,0.5652173913043478
5027481.945505752,0.38124304406766885,-0.06946841274739683,2.084242699533276,0.6086956521739131
1908301.1185020602,0.13796624764239263,-0.1311262897794286,1.0050087309107938,0.5
4941288.705098665,0.37647410570550277,-0.11348458815219313,1.6918034175176053,0.5144927536231884
2795355.2512224303,0.22825177865524182,-0.16144926392718079,1.3910248078275465,0.4855072463768116
2211454.775211509,0.17202159137305806,-0.10368882634024816,1.268828450614242,0.5797101449275363
5358351.926461028,0.398963059327216,-0.09392448918863973,1.9524496673250733,0.5579710144927537
3352241.401524789,0.27369973102520184,-0.10365151507894503,1.9957902302354316,0.6159420289855072
2795104.2274225326,0.22822971838193107,-0.06237138918442553,1.3943597232364229,0.5289855072463768
3262811.0001454144,0.266830128766284,-0.06887151817382867,1.5804453271287293,0.5144927536231884
3442158.836275128,0.28046048692626924,-0.06647496455010032,1.6103008931601464,0.5869565217391305
3205242.416506122,0.2623278859298752,-0.08316337383319913,1.5325288337494465,0.5217391304347826
3209707.8613498947,0.2626794173401845,-0.10845321030406392,1.4024274190186963,0.5072463768115942
2331542.6878591287,0.18448256978377375,-0.106293628945899,1.5487951414161008,0.6014492753623188
3142248.2971481183,0.25732658936394226,-0.06451080850853436,1.5414437253507078,0.5289855072463768
3544557.654421163,0.28798975622962475,-0.08419323739078789,1.688725910837801,0.5217391304347826
5277550.56169478,0.3947182398375899,-0.06398775321720745,1.9659152232442845,0.5869565217391305
2398896.1307382276,0.19124828605203237,-0.12161948586377028,1.336141127529292,0.5652173913043478
2849682.503730273,0.23298926430684386,-0.09171263601461437,1.4306497292795297,0.5434782608695652
2221731.4624749757,0.17310885513059504,-0.10156322929261948,1.2398996475807158,0.5217391304347826
2305305.2024749946,0.18180462720963453,-0.10126303928169744,1.1986291510868747,0.5507246376811594
2713986.292534171,0.22101649218437447,-0.06620438231469614,1.3162234107681972,0.5217391304347826
3366678.5819166843,0.2747949407242296,-0.08618446436925369,1.69939404079331,0.5507246376811594
3642596.227397664,0.2950370895732446,-0.07908654647092372,1.9796953725901447,0.6376811594202898
2828909.4456196767,0.23118639895196624,-0.08528801463293063,1.3686303791129004,0.5652173913043478
4451224.384640415,0.3480186398680978,-0.061579367504748246,1.818005285908433,0.5579710144927537
3992746.467109263,0.31902900857199024,-0.07955638901919825,1.9440703306466112,0.572463768115942
2754063.1839804794,0.2246014798948519,-0.10051613622916793,1.512494108120647,0.5072463768115942
2222033.271625194,0.17314072538635839,-0.1223614627574811,1.3740027965794608,0.5289855072463768
3362614.5018249457,0.2744870187140005,-0.07514959033540197,1.5743324865745454,0.5289855072463768
3051354.058783665,0.2499669227450365,-0.08675579149184498,1.535743242250158,0.4927536231884058
2907706.7753544613,0.2379700034972858,-0.05455219566014674,1.564835685855376,0.5144927536231884
2750869.6709365,0.2243173472717468,-0.08298310872468595,1.4150291645059516,0.4927536231884058
2561070.751888662,0.2069362051997341,-0.0763398844429828,1.382453904754531,0.5072463768115942
4434032.06344406,0.3469757152354509,-0.09327318692458966,1.9372068762836525,0.5652173913043478
2632136.3195263986,0.213561179982648,-0.07650693786190671,1.5277489475040855,0.5579710144927537
4874756.861626943,0.3727472799764724,-0.04608687956121988,1.8751251306401326,0.6086956521739131
3930732.00539922,0.3149059391271485,-0.058755688891458324,1.7624021562319534,0.5507246376811594
4021765.6772121633,0.32094079455245317,-0.05241850520606828,1.9335928649093006,0.6159420289855072
3183772.093767353,0.2606321952136834,-0.07388026340651699,1.4708066518408778,0.5434782608695652
3281724.1711356575,0.2682953937354411,-0.04809974537007115,1.656900714007297,0.5797101449275363
2751799.213286728,0.2244000775475017,-0.08244052858384308,1.4898671709733171,0.5434782608695652
3284488.9832650437,0.26850902639900753,-0.13821244680168648,1.6136104140540262,0.572463768115942
3703363.20853408,0.29932938855695634,-0.07353657757145596,1.655774237717936,0.5652173913043478
2834176.086668011,0.23164448314422081,-0.09345263471935682,1.4852611913520128,0.5434782608695652
3629958.931329305,0.29413726293001985,-0.07186437720073657,1.7604668881945482,0.5942028985507246
3636577.019071527,0.2946088095738322,-0.06178503184451774,1.618443335154558,0.5507246376811594
2738722.354863496,0.2232341619190965,-0.05952002668105967,1.576686502312911,0.5507246376811594
2720871.18050608,0.22163536372247772,-0.08332929526068383,1.3802957675745586,0.5652173913043478
3961220.09876406,0.3169394114270243,-0.08088781866004384,1.6203466143044247,0.5579710144927537
7374889.651051172,0.49125222715212247,-0.06651020055416874,2.12927239605002,0.6376811594202898
3261315.122950942,0.26671394858218744,-0.0716675946018273,1.518543376302388,0.5289855072463768
4141756.406579467,0.32873051994876,-0.0750435343605841,1.9215639354825262,0.5869565217391305
1506383.7522216858,0.08539327037461053,-0.20627973961502238,0.7094637883869238,0.47101449275362317
3342044.699414788,0.27292392964051015,-0.07286403463647247,1.6464272770468622,0.5434782608695652
3570014.8515992635,0.28983454593031355,-0.07810785716138871,1.6596768161969517,0.5507246376811594
4787690.031314512,0.3678082064237649,-0.05207623634538328,2.193759308928686,0.6304347826086957
2458519.487797341,0.19711185330347547,-0.16576008121489033,1.2372013369403474,0.5217391304347826
2181986.0993557447,0.168881260026293,-0.16165518248035177,1.1517551186716795,0.5217391304347826
3176680.647383487,0.26007011471034547,-0.09448837437550825,1.5278115247814261,0.5434782608695652
2234620.025723373,0.1744667802460682,-0.09135069739528831,1.1606512579866628,0.4855072463768116
2267600.137988706,0.17791321715042896,-0.0770014957573364,1.1920304463332245,0.4855072463768116
2201170.7405795166,0.1709294963415937,-0.10144200766494152,1.2719909599714965,0.4927536231884058
2835086.343078703,0.23172358678861316,-0.07934376656879624,1.2870303717724498,0.43478260869565216
3344742.5018495475,0.27312937207339827,-0.05827770879999991,1.8264710025120627,0.5942028985507246
3700255.28819889,0.2991112318028568,-0.04428605792688952,1.8733678964960843,0.5652173913043478
3175664.2523003235,0.25998947122407845,-0.07613318837374727,1.625435132911565,0.5652173913043478
3304488.343358197,0.27005007608752707,-0.08928813371952177,1.4487454628127328,0.5797101449275363
5239908.729299663,0.3927229894117996,-0.06265399040000005,2.1277766411189964,0.6231884057971014
3900778.239794326,0.31289577958574855,-0.12566855722803452,2.0025040978533584,0.5507246376811594
2582100.1052757357,0.2089117955326889,-0.06572582668249255,1.4349094155898423,0.5289855072463768
3057989.083367679,0.250510049299143,-0.11957227429202573,1.539244986921122,0.5
3102363.0258621145,0.25411835220262424,-0.07143417232234053,1.5462867887293057,0.5652173913043478
2329464.7045121915,0.18427136087035234,-0.07869984859069372,1.4592205949329453,0.5869565217391305
3948862.254137053,0.3161166912030615,-0.08274326524458203,1.889465262908823,0.6014492753623188
3272102.589475282,0.2675508251286778,-0.1564724770412314,1.5360154279351599,0.5869565217391305
2497263.9659843147,0.20086141343023156,-0.13582995927820696,1.3129341986423162,0.5217391304347826
2668273.3946836493,0.21687526986697114,-0.1532203642623716,1.6093976260738967,0.572463768115942
3258070.3380009863,0.26646178950334987,-0.07394468301580585,1.5178227761343135,0.5579710144927537
4138028.6603433667,0.32849125168225,-0.0894316386527901,1.8987927587738003,0.5797101449275363
2999691.728499908,0.24570533700679076,-0.07558974666425318,1.5658563368644223,0.5289855072463768
2706187.3339882363,0.22031393729434323,-0.08290289367080642,1.3114738903579464,0.5942028985507246
2781613.20977541,0.22704177319990748,-0.07721334962657014,1.7203600005016688,0.6086956521739131
2069600.4019052857,0.15658431947274742,-0.12623300907046456,1.188660052331044,0.5289855072463768
3541191.489541105,0.2877450298520108,-0.09223271281208574,1.6728757857879024,0.6086956521739131
4623484.624516128,0.35829431669208245,-0.05641449958879042,1.8534050463361653,0.5869565217391305
3200814.1737912185,0.26197889604291014,-0.05984360718934854,1.6660335026861333,0.5942028985507246
3705107.8995720195,0.29945179087850504,-0.08043511108219029,1.6187717586849175,0.5434782608695652
2741434.412160456,0.22347633088789465,-0.12910952550143767,1.3368137609570965,0.5507246376811594
2418688.6010028142,0.1932075469143919,-0.06919067079449623,1.4791100004752478,0.5362318840579711
3567135.5278323316,0.2896264207470347,-0.12359297550969021,1.5395743167547757,0.5434782608695652
3792396.390882874,0.30551764175975804,-0.08035154920193227,2.1127210283310816,0.6304347826086957
3402975.0446509146,0.2775318987237838,-0.12339453719177518,1.5276696008922672,0.5579710144927537
3348135.673676719,0.2733875799792711,-0.10787020894419463,1.5764778220961628,0.5434782608695652
3256837.4364109566,0.2663659254493693,-0.06591111245631924,1.4983924683706746,0.5217391304347826
2456697.51298814,0.1969343680734843,-0.11248223364692914,1.4663479117888023,0.5652173913043478
3959499.8907955233,0.31682501216475867,-0.04065620118994115,1.9841154130286545,0.5797101449275363
3971267.6756008035,0.3176068141378592,-0.07123360415798535,1.6708409486469433,0.5869565217391305
3935937.072604943,0.3152539939644807,-0.06529984228720093,1.7613984220257655,0.6014492753623188
3230180.8242946593,0.26428611091716947,-0.10628731767850687,1.7259266562528548,0.6086956521739131
2504769.8545788685,0.20158241970113067,-0.11412738227502044,1.2574832003201504,0.4927536231884058
2873072.21640566,0.23500668520089452,-0.0749492109259166,1.7134677871319992,0.5652173913043478
3867623.283504749,0.3106563417125734,-0.06564413049119842,1.9546679128551807,0.5797101449275363
4410840.393979045,0.3455637192509362,-0.0991965232198998,1.9814005207412635,0.5942028985507246
3563811.108893575,0.2893859556693805,-0.11087167414758617,1.7031915746985307,0.5072463768115942
2698034.810241697,0.2195777984285079,-0.09218374944709547,1.3769710276339289,0.5579710144927537
3325543.4830011153,0.27166443716821576,-0.09521150738789433,1.6201472013511136,0.5507246376811594
2010114.8980262151,0.149857908283477,-0.08759265027406553,1.190707440071562,0.5144927536231884
4520763.788929374,0.3522044571419891,-0.13449696580213524,1.7591494204132643,0.5579710144927537
3627036.078174258,0.2939287871793048,-0.07888484182423293,1.7828783231248762,0.5579710144927537
4096662.75661445,0.32582450799386753,-0.08502134659133279,1.7668791924032796,0.6086956521739131
3332877.814226416,0.2722248623240977,-0.0715131309211424,1.4959923116143006,0.5507246376811594
4598394.006151992,0.3568168741273334,-0.07955665423970004,1.8091849294650053,0.5579710144927537
4630703.249052679,0.35871819174727504,-0.07731911847727539,2.1991849037734803,0.6376811594202898
3073450.4015605953,0.2517720256486595,-0.14476761831564236,1.55714309295934,0.5797101449275363
4853905.875405632,0.37157092456712637,-0.0732186270733574,2.061984994768067,0.6304347826086957
2949112.08248904,0.24147579253248663,-0.08584863666838648,1.6402237113755034,0.5869565217391305
2194848.5078761843,0.1702560902875947,-0.09741104351179032,1.2330491561257477,0.5144927536231884
3690099.922166046,0.2983973644512439,-0.07645674535949838,1.8106132357843,0.5217391304347826
5478434.05227225,0.4051778250485849,-0.050338128497677236,2.0969533138327443,0.6159420289855072
3558931.886817119,0.28903270189810026,-0.08294812403848005,1.7383327315694344,0.572463768115942
3030497.642766157,0.24825349325233104,-0.09726777380801759,1.5288469045138353,0.5144927536231884
2328228.7208029847,0.18414566239018137,-0.06843520005214403,1.627865310166803,0.5797101449275363
2406806.074406172,0.19203283885956046,-0.06907942707882132,1.3993542112103445,0.6014492753623188
2908026.452004651,0.23799722307145776,-0.06624377607752008,1.777878503583174,0.572463768115942
3618797.060646047,0.2933404058395048,-0.10956144249759532,1.8663344407633715,0.6376811594202898
3995177.462588259,0.3191895884104663,-0.056403235318120436,1.8232819282012556,0.6304347826086957
3930366.4434042564,0.3148814807046403,-0.051530013890537,2.0043555976788454,0.5434782608695652
3454987.6959886085,0.28141351752925825,-0.15555636818257756,1.6270291594924902,0.5579710144927537
5248589.533523364,0.3931841406476888,-0.08560725460640796,2.0872409098026248,0.5797101449275363
4012955.4080662355,0.32036154374330383,-0.09547208657867982,1.8718971246800657,0.572463768115942
4662831.454002489,0.3605983610574348,-0.08382102287311133,1.7333964038246956,0.5362318840579711
3756761.991423909,0.3030549677381593,-0.06856487103815412,1.7201184003110028,0.5217391304347826
2307454.585257438,0.1820249194041097,-0.14138858978897056,1.1355890625151144,0.5579710144927537
4937315.775836796,0.37625269003036643,-0.06609479340878627,2.005511735878987,0.6304347826086957
2012913.160114133,0.15017787144687955,-0.09614820393685615,1.2404965118829678,0.5652173913043478
4089296.298945507,0.32534735558608063,-0.04836896639999999,1.9774041945823067,0.644927536231884
3605512.2661848827,0.29238942423166714,-0.07473298631373945,1.825973353819039,0.5652173913043478
2416572.7613718137,0.1929987131118862,-0.0961146876339696,1.32706723237247,0.5072463768115942
1849780.7212965852,0.13089959820498964,-0.10410754742708575,1.0252627516288106,0.5507246376811594
4474302.364072184,0.34941354729402585,-0.07908673538736953,1.9858430439427963,0.5869565217391305
2954613.2420521234,0.24193860751525653,-0.10010665751540772,1.4879880632063078,0.5072463768115942
2561823.156211837,0.20700711283254902,-0.06951193541502469,1.4193973795731831,0.5579710144927537
2769136.6656355136,0.22593904749076654,-0.07919063304325702,1.3289960191091534,0.5579710144927537
3371889.8443720657,0.2751893461551336,-0.042414172066099466,1.6300917777496753,0.5942028985507246
3756266.8394890707,0.3030206166555591,-0.09720038944202468,1.5095191945745703,0.5217391304347826
1783031.5835281748,0.12261749805652378,-0.15102504872237546,1.0485651304912225,0.5
3419733.9688587547,0.2787877415197575,-0.10884515792796609,1.513324102885103,0.5144927536231884
2975943.0465272483,0.2437266007411205,-0.06488841638715653,1.7120784017248392,0.6304347826086957
4742375.836386935,0.3652091608464847,-0.11049081744308972,1.814304810286005,0.5652173913043478
6148223.67026259,0.4379703514778217,-0.05009148803997151,2.2745531567908,0.6376811594202898
4776240.898827875,0.3671533929943067,-0.10235480681677378,1.8560629738810994,0.5797101449275363
4824725.991403666,0.3699178694910481,-0.07947568286424807,1.8596994054456508,0.5217391304347826
3055696.8081597206,0.2503225160549296,-0.0996990986299309,1.4603289058121944,0.5072463768115942
3986930.223834476,0.3186444979208567,-0.09409782129127899,1.8084134242852499,0.5434782608695652
3322460.3278609384,0.2714285543079966,-0.07750797938201018,1.8994403043601493,0.5942028985507246
3180206.643477835,0.260349716690055,-0.06718514637361961,1.5173857886447009,0.5289855072463768
3698717.878827523,0.29900326099301267,-0.11320683682805806,1.644730823408062,0.5869565217391305
2924451.7324524764,0.23939257935973246,-0.06866979989962564,1.5472076293925352,0.5869565217391305
2938524.2000240064,0.2405830819922985,-0.05893394303639446,1.6085550380903952,0.5579710144927537
2972530.225468648,0.24344120786199186,-0.09384355293610223,1.6594346382578051,0.5869565217391305
3422564.383371842,0.2789993545696978,-0.08595226081155145,1.4586763973170638,0.5652173913043478
9198347.57731073,0.5586261674380049,-0.0590761809384999,2.1861968071732,0.572463768115942
2876119.65962695,0.2352685663281613,-0.07819012507066393,1.7101369976462018,0.5507246376811594
2417762.672915009,0.19311617561497996,-0.11316742851343212,1.3820392989083676,0.6086956521739131
4075730.853173842,0.3244668700160176,-0.0870209302890743,2.2514680434323924,0.6739130434782609
2723621.2432430135,0.22188221234154426,-0.07390360735931217,1.6994286056398336,0.572463768115942
2630448.3690775,0.2134054922413151,-0.08317499290424517,1.3899072441939355,0.5
2129681.7202045796,0.1632228925680712,-0.09308309530695719,1.3391889173122338,0.5579710144927537
5432106.79656623,0.40279322569262876,-0.07057194334311194,2.2774898343962877,0.6376811594202898
5063363.041083184,0.3832090235336323,-0.04900069265442144,2.0221124383641973,0.5579710144927537
2241014.0069996826,0.1751381192982071,-0.08587604404287112,1.215724888494456,0.5
2180773.313747922,0.1687512942445546,-0.11494193314763018,1.1224687768785662,0.5289855072463768
3134846.7565896553,0.25673370595651,-0.043095499294003504,1.7813473308387004,0.5652173913043478
2608370.3306763074,0.21136173347631226,-0.10866681242787271,1.2545790123016827,0.5144927536231884
2945977.28226573,0.2412117514063956,-0.07729388796360508,1.5406866012342728,0.5652173913043478
4817460.023769476,0.36950500540543607,-0.0985946138166026,1.861413714122373,0.572463768115942
2950898.7159883785,0.24162617847059353,-0.09827759486651277,1.7594587604866345,0.5942028985507246
5450729.568467914,0.40375374244103,-0.07058146640481958,1.8989160597119403,0.5869565217391305
3164772.8271998772,0.2591240178980976,-0.14661374663142723,1.5312033668716591,0.5797101449275363
4454342.215886706,0.3482074291634203,-0.0973177127073029,1.7246653982865583,0.572463768115942
2240365.5785304555,0.17507010712009352,-0.10506878207634904,1.2633533597750226,0.5507246376811594
3124224.4612901504,0.2558808714804357,-0.054906449079837806,1.6584658884115573,0.5579710144927537
5065362.04268378,0.38331822370282453,-0.06007621029826218,1.8951388699406884,0.572463768115942
4143936.240737731,0.32887035446930013,-0.07083503120424758,2.0216395887139105,0.6086956521739131
2537373.011849474,0.20469432155655598,-0.15096636360992421,1.3680224420677511,0.5072463768115942
1905554.8608411476,0.13763852692529532,-0.1348060773301489,1.117662319919746,0.5217391304347826
3774214.507901678,0.3042634257762775,-0.09555155338191894,1.6657874923979166,0.6014492753623188
2731136.7370142294,0.22255579565539185,-0.08615378048852637,1.49656467320887,0.5362318840579711
2991877.2848223466,0.2450556266615891,-0.12749557321875726,1.5375830043702394,0.5217391304347826
3857150.702925355,0.30994578414495577,-0.0838499375671794,1.856267313834588,0.5797101449275363
2496384.88685243,0.20077685681967017,-0.13287751340050077,1.353808808761482,0.4927536231884058
3359149.5810257965,0.27422425782697246,-0.08824335745711322,1.5879256069269996,0.5652173913043478
3839111.921324252,0.30871823790003994,-0.09495806185133515,1.5147814438859755,0.5434782608695652
8398423.627115013,0.5305219254214051,-0.0693524890460289,2.2108137446845975,0.6014492753623188
3972301.2060735393,0.3176753889690589,-0.0657859480407423,1.6969968935662822,0.5362318840579711
2867333.873514755,0.23451295863167276,-0.10928562995759153,1.3902659282519751,0.5652173913043478
2469790.618140413,0.19820748247673392,-0.0958123136832762,1.2874483290640835,0.5
3582699.4640134317,0.29074982771230573,-0.09731956470404261,1.8819443937441214,0.572463768115942
4029776.985007625,0.3214666352971707,-0.056545508908395214,1.8867421963079003,0.5652173913043478
1607753.3446595217,0.09962317537456045,-0.14660993433335098,0.8591697903043641,0.5579710144927537
4443541.057395506,0.34755295105988115,-0.09132536099885488,1.6797360062374669,0.5362318840579711
3906188.5748936,0.31325977200630883,-0.12735778661873948,1.8061448526372879,0.6086956521739131
2508208.4662427,0.201912151257148,-0.06765112783831141,1.5129234151891433,0.5362318840579711
2206274.6946465904,0.17147201082103014,-0.11324821491003999,1.345978742612458,0.5507246376811594
2269626.9812693535,0.1781237121421284,-0.07375490526960438,1.140762039122885,0.4855072463768116
5343792.73079725,0.39820200630622726,-0.07634073626969935,2.2890277661307743,0.6594202898550725
2029254.50200278,0.15203932392462893,-0.10919707364618929,1.2039238862807091,0.5362318840579711
3227969.8581970134,0.26411298999825816,-0.11592161461019541,1.543011029349833,0.5579710144927537
5549793.30960022,0.4088195245682913,-0.07833061042021065,2.146129077308968,0.644927536231884
2867612.7816964565,0.23453697413762953,-0.09010518345573107,1.6900067307645954,0.5942028985507246
4460153.330609459,0.34855901880208995,-0.1018428154319901,1.8452839415034923,0.6159420289855072
2546638.99156605,0.20557289977034188,-0.09230133828198366,1.3892201565079203,0.5652173913043478
1884237.7575358318,0.1350817483207012,-0.08115819965143571,1.0659248992598436,0.5
2165768.2714485484,0.16713850585917767,-0.07771415524205641,1.174825359144091,0.5289855072463768
2693854.7625742718,0.2191996672416705,-0.09907644982469176,1.6517600498592324,0.5507246376811594
4245080.169461017,0.33529486622656934,-0.11953578358895778,1.9094508207257042,0.6159420289855072
3020785.7551505207,0.2474524058268024,-0.07194527773674715,1.5438849165107529,0.5652173913043478
5260048.780433806,0.39379195792039656,-0.0422601159813974,1.9361455858816348,0.5797101449275363
5190992.045426003,0.39011289725789,-0.0768199767993847,1.8231237282848893,0.5869565217391305
3198092.445357308,0.26176420487255436,-0.04448000000000002,1.8656077026130053,0.6231884057971014
2498619.668964037,0.2009917687319389,-0.07017472540357607,1.536544713487637,0.5797101449275363
1878833.659003274,0.13442990458298953,-0.07657946314382966,1.1929101021592305,0.5362318840579711
3004022.363542832,0.24606481278331316,-0.0683550741305692,1.658930906832534,0.5942028985507246
1832525.712986321,0.12878184419746797,-0.07896002469007657,1.0759383554599757,0.5144927536231884
2750949.8637934504,0.22432448540424943,-0.10473500386825567,1.521041943266822,0.5217391304347826
2168749.3794190832,0.16745963456315072,-0.07864398954431286,1.4174010225997298,0.6086956521739131
2427260.1464636438,0.19405206780668127,-0.05071703725539288,1.421608670640878,0.5362318840579711
3405126.3298129155,0.2776933833465347,-0.06217692045345264,1.899218423672253,0.6231884057971014
3921347.6344510517,0.31427748794020993,-0.05922189410780802,1.642073367561388,0.5217391304347826
3621555.6895872955,0.29353752984488235,-0.0665093673105535,1.6059336769438897,0.5507246376811594
3694697.5273681385,0.2987207457029657,-0.06256156304289973,1.6024766637334948,0.5434782608695652
4287409.26843286,0.33794724152095856,-0.137135636398537,1.8787028484815333,0.6014492753623188
3261128.3014254626,0.26669943573408883,-0.06334434456382884,1.626807187161405,0.5507246376811594
3074852.840510683,0.25188624343507926,-0.08018269285822134,1.5614778417932722,0.5072463768115942
2869918.3919845093,0.23473542814080783,-0.10782408329467574,1.3515834922535157,0.4927536231884058
2612045.829780572,0.2117029313097405,-0.12636486796178828,1.2950459887709338,0.4927536231884058
3037741.0153363254,0.24884962855693105,-0.08064112603325661,1.6665883536046084,0.5942028985507246
2227338.6805388695,0.17370039796997738,-0.07951602468514819,1.2638035294461984,0.5652173913043478
3542354.8945262465,0.2878296325711931,-0.08117630400151046,1.6520005265350843,0.5362318840579711
4711220.155949591,0.36341064307219395,-0.10402556557495543,2.1851593604138935,0.6014492753623188
3282901.3774239407,0.2683863721997839,-0.1982520005126365,1.5863992607609125,0.5652173913043478
5728450.671604267,0.41777539658317453,-0.059762396474259405,1.8423403407806667,0.5507246376811594
3290514.9284296953,0.2689741436446922,-0.08015313348214052,1.5952954758706739,0.5
2852546.999398339,0.2332370444126568,-0.06894503857578148,1.5499403733264288,0.5652173913043478
2876060.012190446,0.23526344267384047,-0.1301456185303281,1.4716626132043733,0.5434782608695652
3224756.5342115304,0.2638612142279637,-0.05088880867864597,1.8160297394005298,0.5942028985507246
4345557.818882253,0.3415569285251756,-0.08336243742672826,1.9405896617549385,0.5579710144927537
3793293.2930174596,0.3055793869301171,-0.07428057991709774,1.7369749998112354,0.5507246376811594
2059987.6943830266,0.1555079164781794,-0.1312346805493581,1.2804222980849662,0.4855072463768116
3287721.215604021,0.268758593556492,-0.0966313742565896,1.7461845617528158,0.6014492753623188
1985595.8578627987,0.1470389662342142,-0.10070257966522297,1.1469825434654355,0.4927536231884058
2896181.6738172444,0.23698707049226608,-0.12616048887963618,1.6875723710237611,0.5434782608695652
4175972.487129783,0.3309186957296706,-0.11748627621091627,1.6303853811960178,0.5289855072463768
5286572.902802548,0.39519478771125804,-0.09973885879334593,1.9642917020227721,0.572463768115942
7085892.132904667,0.4793771531821416,-0.05922234484262102,2.002766401327007,0.572463768115942
1921628.3836991915,0.13955130021044537,-0.05605916258936995,1.0976118693298922,0.5072463768115942
2022261.3626007868,0.1512442043353308,-0.10447662231338513,1.1581277220418984,0.5289855072463768
3242854.027307281,0.26527661079745024,-0.07741485632181158,1.801778648357781,0.5434782608695652
3342328.4965652702,0.2729455475389235,-0.0633055469952216,1.7626200457886951,0.6159420289855072
1868437.1587316713,0.13317164600745324,-0.09825553241497595,1.088968177195925,0.5289855072463768
6206533.6549283415,0.44068761566983783,-0.057515442161250485,2.2299139756322064,0.5579710144927537
2512777.4810347063,0.20234971914026545,-0.105808872009892,1.2895387569053756,0.5144927536231884
3606170.299491705,0.29243659496060626,-0.09718443974428109,1.6208479755963936,0.5362318840579711
2488495.4460768085,0.20001692140517813,-0.11831029332607641,1.4872078298760552,0.5869565217391305
6003470.874745265,0.43113459995816705,-0.059188381542367434,2.2982672032625935,0.644927536231884
2981902.109423192,0.24422429278294655,-0.09844940802730806,1.4142758115511183,0.5579710144927537
2759980.4214328863,0.22512725128787925,-0.17651875905742437,1.2906452600215867,0.5072463768115942
2789926.728856973,0.22777435972097226,-0.08064950085586688,1.569763948679706,0.4927536231884058
4131099.6663103644,0.32804605033761525,-0.1001739578763025,2.007834953768451,0.6376811594202898
4112099.7802587757,0.32682219835421145,-0.07711204864594301,1.7921164628623234,0.5797101449275363
1805459.5429658513,0.12542757572973762,-0.11796484963489244,1.0155448705859231,0.5072463768115942
2271684.344658753,0.17833722301716004,-0.18666184204478717,1.3726661672167795,0.5217391304347826
3241112.693216586,0.26514069702079435,-0.05974575101522302,1.8516739123930157,0.6304347826086957
3355773.313749528,0.27396801128467674,-0.04882465072542302,1.8623068319636626,0.6159420289855072
1678839.3112841598,0.10917947881531043,-0.142206899036802,0.9083808853530372,0.4855072463768116
4875658.437076636,0.3727980535322575,-0.09490579797705043,2.0040593085764717,0.5797101449275363
2347731.3765652184,0.18612287295986585,-0.11663021833132248,1.2147705315370476,0.4782608695652174
3450381.474046727,0.2810716566721443,-0.09849820724456505,1.4893737039369723,0.5579710144927537
2567785.5288993046,0.20756842681797538,-0.07166606852932252,1.3246513987022104,0.5434782608695652
1332208.814676856,0.05904511319820016,-0.12947760933838565,0.5661657115280565,0.5144927536231884
2173759.925734223,0.16799858224180486,-0.1027282930574766,1.4905154194867718,0.5797101449275363
3414271.4492644356,0.27837894535603724,-0.06162244122999448,1.7525837539753062,0.6086956521739131
4831405.312664669,0.370296960814515,-0.09584459486024775,2.124018631609882,0.5942028985507246
2806370.138735577,0.22921822335741227,-0.12521927504288796,1.2494341894867156,0.4927536231884058
4739969.64250034,0.3650705963402572,-0.06222127590580514,1.9128708652216908,0.5942028985507246
3158005.848902696,0.25858510011913083,-0.09061926023028917,1.5814327784134365,0.5652173913043478
3490791.9750865703,0.2840584518584244,-0.0947511224757534,1.7178883050373586,0.572463768115942
3417733.3969680094,0.2786380862719833,-0.07457301771289022,1.5679708190118606,0.5289855072463768
4983484.8605406545,0.378816997730812,-0.050809468319075075,2.360663162845018,0.6304347826086957
3175837.610930189,0.2600032274187869,-0.083804870413775,1.5981748981250055,0.572463768115942
4083398.1684937403,0.32496481615323103,-0.08170492588186647,1.7825072175685457,0.6231884057971014
5538945.989930083,0.4082683733237855,-0.06733016834464428,1.9372948869563833,0.6594202898550725
2016533.5743842288,0.15059131479504817,-0.11603051051923635,1.1998578196030036,0.5362318840579711
7382197.850147105,0.49154766345922507,-0.06968811716332887,2.2070763525577304,0.5797101449275363
4680276.1203602385,0.3616148998201234,-0.07938330590768354,1.8769952094729434,0.5434782608695652
1996147.6548511693,0.14825549540232608,-0.11316500511367637,1.1418435607282684,0.5289855072463768
5466647.713182605,0.40457268229614995,-0.057468543831012964,1.9937873485340714,0.6014492753623188
2837300.1439885325,0.23191588706952615,-0.11876675280522815,1.4540670054278486,0.5942028985507246
4350704.810898955,0.34187457307323754,-0.06709998893265766,1.8534098368250345,0.5797101449275363
4323162.07418778,0.3401712699944328,-0.11266424122997909,1.9211127975007793,0.5869565217391305
3447863.209363804,0.28088460374662394,-0.08200137347120885,1.6018435441964964,0.5652173913043478
4285523.819040874,0.33782954453811787,-0.048268285032311495,1.9237657650234794,0.6159420289855072
4373602.116447334,0.3432840382193776,-0.08868288511242486,1.6621835933476201,0.5217391304347826
5111190.980618153,0.3858123321831253,-0.07305029323054804,1.759621282760892,0.5942028985507246
5609350.432021443,0.4118303527319611,-0.11007191729724368,2.0703455685149574,0.5942028985507246
2998089.3686493402,0.24557222367149656,-0.08429117229170231,1.582956114247028,0.5434782608695652
3308965.8038405953,0.27039406395407917,-0.04140242664526023,1.7529511618677727,0.5869565217391305
2140207.5236941613,0.16437045572160702,-0.09509082248184583,1.3211962326778062,0.5434782608695652
3652551.6696998016,0.29574420036480054,-0.0632405984361462,1.7986032196894097,0.6014492753623188
2959107.3718269747,0.24231618928628973,-0.06648510219429252,1.5244049178240244,0.572463768115942
4620680.646475443,0.35812952532794773,-0.04430897428533265,2.0626085209765344,0.5869565217391305
3118562.473361613,0.2554253380997462,-0.08645169104667647,1.4620625323341365,0.5797101449275363
3897220.472659685,0.3126562026501951,-0.0827909648982037,1.7034167128682232,0.5652173913043478
2266884.0467927363,0.1778388125110899,-0.0956835393023485,1.3284417374873982,0.5507246376811594
2073231.241088116,0.15698984972521757,-0.13260523817813252,1.0966678194642359,0.47101449275362317
2791362.712247742,0.2279007215139479,-0.09506323906197268,1.5011657392121773,0.572463768115942
1949605.8280213801,0.1428503427731196,-0.09369543751923405,1.1964069986786812,0.5072463768115942
2571640.47542403,0.20793078720488078,-0.1219073963953567,1.300316073280861,0.5144927536231884
3017812.0755873458,0.24720670913989373,-0.08799514809083768,1.425627006231904,0.5217391304347826
3110186.013298854,0.254750197745629,-0.060944752066663214,1.6149741213459872,0.5434782608695652
3562797.4121322734,0.28931259627606765,-0.08717348065193994,1.9237184459640873,0.6304347826086957
3262145.332010754,0.26677843363131437,-0.07145429266039431,1.43806483442759,0.5579710144927537
3853934.4275780106,0.30972725224882147,-0.08665691972232924,1.637237601089712,0.5869565217391305
3004856.7147548124,0.24613402266770557,-0.15659377615817371,1.5301748112615898,0.6014492753623188
2980047.466866028,0.24406948115256544,-0.06375435298660534,1.689079226273527,0.6014492753623188
4355975.554360451,0.3421995434905629,-0.056512403876800274,1.717939255190217,0.5434782608695652
5300000.638990368,0.39590281928516213,-0.07390120988205857,2.0230006801784524,0.5869565217391305
3198735.45461644,0.2618149389171849,-0.09181293963591255,1.6685886752681363,0.5942028985507246
2740341.568639721,0.22337877017812646,-0.1157263304913899,1.4687557846215764,0.5
2320233.111124873,0.18333122356254838,-0.10604941554674716,1.360339664879917,0.5362318840579711
2594656.0726732872,0.21008522939407892,-0.0989022960295616,1.5662304291876705,0.5797101449275363
3129963.3618971924,0.2563419193795953,-0.1911061481230756,1.285207181520324,0.463768115942029
4192151.722896496,0.33194839378175955,-0.0731611885044437,1.9328506345222567,0.5507246376811594
3464011.0136831533,0.2820821474670161,-0.08826691224363879,1.7165821586248897,0.5507246376811594
6487193.27589048,0.45348772176880026,-0.06704789087003306,2.0524981465571757,0.5797101449275363
3981678.321318703,0.3182969099809887,-0.11162407833442117,1.6686589479679848,0.5434782608695652
4787998.408417918,0.3678258261887468,-0.06218812918107434,1.8569507884823078,0.5507246376811594
2174924.1893035243,0.1681236712123333,-0.13559664356218937,1.1183690245219478,0.5507246376811594
4387297.883636855,0.3441242748933009,-0.04941021120294992,2.024854465732044,0.5869565217391305
3080549.767706463,0.25234978595728497,-0.04237690077951997,1.7485464806688111,0.5507246376811594
2874513.173609687,0.23513054111120302,-0.0685636722985723,1.4609315190236385,0.5362318840579711
2168759.5900562564,0.16746073385884674,-0.07328062986769693,1.5388046664585897,0.5942028985507246
1741635.057888419,0.11735565579329799,-0.12312975189639694,0.9495148439670316,0.5289855072463768
2887438.043505799,0.23623926916150229,-0.06950946615087686,1.583304451549106,0.5289855072463768
2114263.21655969,0.16153368972642568,-0.10844560753498646,1.2730272108873724,0.5
2927520.3083014707,0.23965256483725694,-0.07744319728880748,1.461992599058008,0.5652173913043478
3565467.9727933123,0.28950582396786917,-0.07937498955695786,1.850635530892577,0.6086956521739131
4773436.250533297,0.3669927945042508,-0.07635405665314596,1.9549976142428922,0.572463768115942
3373227.8779978566,0.2752905342448102,-0.09955074107705036,1.4079103287171133,0.5144927536231884
7838872.637939871,0.5095611894318144,-0.04332449695034092,2.4247397505636825,0.6594202898550725
2340439.826454547,0.1853851873039567,-0.09601128227225582,1.4594930967755706,0.5434782608695652
2166942.5359214093,0.16726504129332254,-0.06913318616167145,1.2694551601829467,0.5144927536231884
3391100.109873529,0.276639043042781,-0.06716806679570007,1.5944593671112355,0.5217391304347826
2503274.1842358783,0.20143888550796052,-0.09467944819872989,1.433432283096476,0.5434782608695652
2422983.737940338,0.19363102873613625,-0.08939280511163224,1.338259681379291,0.5434782608695652
4258948.999906617,0.33616621959652404,-0.06321348025802591,2.2880840231227566,0.6811594202898551
4761606.396398097,0.36631456694897113,-0.07954539535312012,1.9726196535753118,0.5434782608695652
2885546.6463799505,0.2360772686433783,-0.06048495999999993,1.530563325790903,0.4855072463768116
3511491.4022241295,0.28557767470739925,-0.05452944382653496,1.878204399868577,0.5869565217391305
3475387.9769779053,0.28292320003738136,-0.1006842663079063,1.483960645431861,0.4855072463768116
2821618.3862421913,0.23055110665991485,-0.09640240724966684,1.4770067970264393,0.572463768115942
1978357.5152790868,0.14620145499506276,-0.10137915453373998,1.1528190680291717,0.5
3881252.4790124274,0.3115787720497656,-0.08000804788484477,1.6423799264970633,0.5434782608695652
2192955.403260311,0.1700541463327072,-0.10481769822557126,1.1372123212126988,0.5072463768115942
3744599.3962873733,0.3022101394532455,-0.08955131394750439,1.9479210007886263,0.5652173913043478
2368931.1044417433,0.1882572863872869,-0.08982577280809274,1.2142621671949834,0.5434782608695652
2867106.643991143,0.234493391556722,-0.0668135444181454,1.5146705938222254,0.5434782608695652
3277855.7702518287,0.26799624671678557,-0.08510074277589753,1.8950670544765744,0.572463768115942
2852755.866755254,0.2332551037412549,-0.09237501343514781,1.633272067092091,0.572463768115942
3536682.9755628966,0.2874169608703967,-0.08932656180519104,1.6263831236703932,0.5869565217391305
4305221.229762728,0.3390570940459028,-0.09232720691351891,2.071066051970086,0.5869565217391305
3282041.0961969555,0.2683198893388621,-0.04486066257387992,1.571242437260618,0.572463768115942
2667571.456503754,0.21681123886399112,-0.061732946774915684,1.7248188321677216,0.5434782608695652
4324607.9015542455,0.34026089870169485,-0.07923316678204972,2.170812742469919,0.6304347826086957
2692306.815523037,0.2190595193399396,-0.07330097503858561,1.5094426349735601,0.5217391304347826
3496205.754346227,0.28445648764196263,-0.07911343609605581,1.5559010142478638,0.5652173913043478
3032316.6835225583,0.24840330884503015,-0.06425425943744302,1.827954877248854,0.6086956521739131
8651837.445597643,0.5396488084660636,-0.09423385713532498,2.140064727804691,0.5869565217391305
3104485.5729798,0.2542899115646642,-0.08440297927724318,1.3865596845333477,0.5289855072463768
3122322.387809315,0.25572791450362264,-0.11691357414166012,1.6088265146804164,0.5362318840579711
2090746.5947270468,0.15893820440662632,-0.059623572564623015,1.1521409080218095,0.4855072463768116
3447755.8654117584,0.2808766279703563,-0.0846443671894153,1.7535438331197883,0.572463768115942
3943487.7089169775,0.3157582394619771,-0.044479999999999936,2.0939455596159693,0.6231884057971014
1403967.1826841955,0.07021588117918998,-0.090027222634505,0.7972298943804811,0.5289855072463768
3532994.259520183,0.2871482968089252,-0.06707380745749673,1.6746311928624988,0.5869565217391305
2055011.6522188333,0.15494913451416648,-0.12926382019198612,1.3597807607752086,0.5362318840579711
2619830.125203135,0.2124242838767627,-0.14541194313508035,1.2760337696408892,0.5217391304347826
3589689.9528205977,0.29125313190361135,-0.13419476454213003,1.7978323089993458,0.5362318840579711
2478721.7476008437,0.1990728109386306,-0.10127526970530744,1.4069141980784305,0.5507246376811594
3991550.13447521,0.31894995588887287,-0.090959651104599,2.011738421974699,0.6304347826086957
3526578.566144693,0.2866804809506265,-0.1234134105578233,1.6983615933563854,0.5869565217391305
3040255.0675498056,0.2490562712106792,-0.11058944079822473,1.5467448399317854,0.5579710144927537
3022602.1519075925,0.2476023882418772,-0.07525311179252217,1.6579650471293017,0.6014492753623188
2889274.526512145,0.2363964850047775,-0.14438492993793034,1.4670385636802556,0.5
1884035.1671785698,0.1350573388207359,-0.15655984889418137,1.0743447490569724,0.5434782608695652
3422328.7640445842,0.27898174407460763,-0.08460675475690761,1.6563522107238966,0.572463768115942
3217947.643481472,0.26332704862260536,-0.0890693214074652,1.541773214954235,0.5072463768115942
3914575.628215143,0.3138232333966018,-0.07395432369967406,1.872689943829617,0.5362318840579711
2567532.190550025,0.20754459807821846,-0.06485573934571248,1.4911093490042981,0.5362318840579711
2409087.075207242,0.1922586981603127,-0.08706196611316278,1.216106034373298,0.5579710144927537
3505658.233046176,0.2851502791077498,-0.07845220774415712,1.6159168365175247,0.572463768115942
3060447.486528089,0.2507110486917039,-0.11263944461175278,1.4779289397369355,0.5144927536231884
3093679.417364371,0.25341550175678207,-0.0832490966012425,1.4699585961416806,0.5217391304347826
2121567.5893682074,0.16233515802636878,-0.12303132943322354,1.152110063578495,0.5289855072463768
2903904.0411987524,0.23764602753865316,-0.1004437868777528,1.481317395007646,0.5289855072463768
2561035.387741874,0.20693287202318333,-0.10138106533608934,1.2059403251091267,0.5
4618660.631580038,0.3580107583347214,-0.05815349120000007,1.8447639468444252,0.6014492753623188
3589592.1468783566,0.291246095440445,-0.17697140463170474,1.6963036829544893,0.5869565217391305
3782178.8540097116,0.304813412982023,-0.07101898946935735,1.8067323846899843,0.5579710144927537
2653037.560406313,0.2154824140047913,-0.07640215515771548,1.4411565895814424,0.572463768115942
2306816.4879112737,0.18195953736679327,-0.09089033845542943,1.5508523787207786,0.5579710144927537
3758935.1591694206,0.3032056880674019,-0.05864769751292896,1.7962302168623396,0.5942028985507246
3768376.75663728,0.3038597030640773,-0.07267039821369618,1.751157933582436,0.6159420289855072
3732242.0516702174,0.3013495324056532,-0.08225385289853543,1.973047064743751,0.5507246376811594
1854921.0016806035,0.13152742291374753,-0.14405447644748448,0.920612331188387,0.4420289855072464
4030596.849251189,0.3215204018003044,-0.07047295705087994,1.6724466841678123,0.572463768115942
2819333.6522324164,0.23035176056612405,-0.06507657171238783,1.4419428685423437,0.5434782608695652
3259844.506779335,0.26659968877948304,-0.09889504219758996,1.6067088657302917,0.572463768115942
3640820.938424628,0.29491083273610497,-0.0747373682913806,1.6265558776221767,0.5362318840579711
2184555.3826035983,0.16915640142535038,-0.07341491196159919,1.2490578804074608,0.5652173913043478
4604271.558139262,0.3571635467948806,-0.04874824713154474,2.2252747779655344,0.6594202898550725
2961559.464493893,0.24252201251654415,-0.14139491877753138,1.535193638681033,0.5362318840579711
3303482.5230576308,0.2699727510933929,-0.08404095160945296,1.634680739984582,0.5434782608695652
3365335.0922611225,0.2746931818411056,-0.07805065374923541,1.530787440258816,0.5289855072463768
4077606.8135756846,0.32458877159235944,-0.06429335200837986,1.7743362668563312,0.47101449275362317
4003589.7920015734,0.31974466374595445,-0.06260026325633869,1.7446362422671962,0.5797101449275363
3610806.977444788,0.2927687774208694,-0.08724848020210274,2.003927507228518,0.6086956521739131
3581346.4862731835,0.29065232471707203,-0.0773438210255759,1.827884522703967,0.572463768115942
5092510.487766596,0.38479786856479103,-0.08343847096546499,1.8202085860284754,0.5507246376811594
2425621.502823908,0.19389080331175368,-0.08277347982579582,1.314667371251054,0.5144927536231884
2708825.931884177,0.22055181164118376,-0.09885459531812398,1.4767900189548,0.5289855072463768
2686906.2149528814,0.21857005488333403,-0.06945447554483213,1.6336036772738085,0.5289855072463768
2744773.5388470604,0.22377422993576568,-0.10829176029846618,1.6373293760776264,0.6231884057971014
4972750.350497011,0.3782224862831898,-0.05958852058415359,1.9257883540940366,0.572463768115942
1823867.3804051033,0.1277131670156899,-0.09033663228386524,0.8628271942138657,0.45652173913043476
4222554.223609283,0.33387473627515596,-0.057866835199999835,1.880490838423146,0.572463768115942
2899054.5491761924,0.23723237972131628,-0.1734054494906839,1.5039924396683373,0.5
3436904.9673353103,0.2800693671121568,-0.09631007353019892,1.6012821090100602,0.572463768115942
2517986.071575199,0.2028477625492795,-0.1306999687579407,1.3021023474817213,0.5
4123691.6545433574,0.32756940992640127,-0.08339944194097437,1.8857434133326831,0.5869565217391305
3142113.9133655117,0.2573158348227622,-0.16800457517311954,1.5523723079953866,0.5652173913043478
3968720.298651496,0.31743773448719903,-0.05988332224786352,1.7366477973301215,0.5797101449275363
6076699.339422346,0.4346089958921666,-0.06435773776650097,2.097431130628867,0.5507246376811594
5110685.729528397,0.38578493305516814,-0.05697730009991602,2.0703928445408857,0.6666666666666666
7237623.037152162,0.48565918374650296,-0.07264708372355236,2.5676724189942073,0.6594202898550725
3300366.60262164,0.26973308717206423,-0.07501618645760151,1.975649769503437,0.5434782608695652
6863462.241850505,0.4699706033646429,-0.05999640488495181,2.1141857162855575,0.6376811594202898
3520322.7841385542,0.28622366934660604,-0.07194374569215523,1.6555792278505919,0.5507246376811594
7008324.445260565,0.47612399454625787,-0.05529676955845708,2.1219719417674074,0.5652173913043478
3446910.9797617095,0.28081384508092744,-0.07815532826429217,1.7108308400777275,0.5797101449275363
3611012.9001794327,0.29278352229153315,-0.07691439294284796,1.7983092986695242,0.6014492753623188
4371072.886894138,0.343128639544962,-0.0661052665595799,1.7822290641000453,0.5579710144927537
3917909.4735847204,0.3140469405139519,-0.04684363365931018,1.9207351367122658,0.5869565217391305
4929817.170767705,0.375834395920033,-0.06499083959890568,1.964123551618312,0.5507246376811594
2129310.170824128,0.16318230200425043,-0.0884684715109694,1.2987788841030399,0.5289855072463768
4910082.220501941,0.3747310849880521,-0.0509021341312205,2.0610458731190002,0.644927536231884
2657883.483213907,0.21592611938503747,-0.0637661648335412,1.5483709355910191,0.5507246376811594
3954099.185943565,0.31646558967414085,-0.050939315200000015,1.801470838273738,0.572463768115942
5241491.516661808,0.39280711752023634,-0.038834826144408134,2.1897879873343666,0.6014492753623188
3254912.826303737,0.26621621966725373,-0.05954427660282796,1.6464124918398928,0.5434782608695652
2290059.5098055624,0.18023734821786097,-0.10475926544803112,1.1602560413885465,0.4927536231884058
2397729.675165609,0.19113241537917514,-0.08374048722171488,1.212808829391979,0.4927536231884058
3237264.699208309,0.26484014792827293,-0.10114810754209899,1.5883766357795412,0.6086956521739131
4156532.4819229674,0.3296772421891869,-0.09973784758902539,1.662215208095037,0.5579710144927537
2326033.3858079934,0.18392226703138914,-0.10200583855404735,1.2718033721692972,0.5
4271399.74708107,0.3369465458150027,-0.08590030378961977,1.7534877567050584,0.5434782608695652
2912223.859774932,0.2383543987499075,-0.09689537919106439,1.2626593280556127,0.5289855072463768
2871979.6991180372,0.2349127459380833,-0.07674559223636808,1.4706362136138353,0.5579710144927537
2236535.374528219,0.1746680442344528,-0.10711516495127976,1.5401282202035516,0.5362318840579711
3394221.6859899443,0.27687399095179765,-0.07629756195024653,1.7247042606356033,0.6086956521739131
1707209.9842152998,0.11290319288365191,-0.08530313491331153,1.013086509527271,0.5289855072463768
6219243.008780936,0.44127716308272324,-0.04755576577500929,2.6506900703779896,0.6811594202898551
2115820.3775718776,0.16170473393260787,-0.10705172592774424,1.3564412261848373,0.572463768115942
3692682.886937197,0.29857908180927506,-0.053162685929128595,1.6655069853114404,0.5869565217391305
3519174.7179068355,0.28613976439122357,-0.114111372054734,1.9116782636481748,0.5942028985507246
3739812.2245980403,0.30187701469837114,-0.07267004662340229,1.7311363019271995,0.6159420289855072
2676599.0574449766,0.21763371327988423,-0.0937945770171432,1.4797313641999896,0.5507246376811594
2295898.632033249,0.18083860177433486,-0.11582090967898787,1.2643874240095174,0.5797101449275363
3866750.7963852906,0.3105972028620301,-0.09740516424027816,1.573933303162498,0.5507246376811594
3844369.754238475,0.309076511142246,-0.08901293934674602,1.8703425910664573,0.5869565217391305
2563142.0694084633,0.20713136886275785,-0.1507326986170212,1.2150747304396363,0.5
1972198.2664805409,0.14548686746329453,-0.08539055754204744,0.9830071132306225,0.5072463768115942
2707267.863496999,0.22041137139719402,-0.09728147016251149,1.585645458401331,0.5507246376811594
5036839.1377270315,0.3817568179775874,-0.08634360785572566,1.781346983521502,0.5579710144927537
3110907.034243563,0.2548083690117573,-0.09573108978720368,1.452824348784237,0.5652173913043478
3439650.575589237,0.28027382120855626,-0.07345129095988591,1.875867636003189,0.6159420289855072
2192072.2561381226,0.16995989029376424,-0.1288028502809005,1.0288113600873965,0.5
2136928.6936106854,0.16401347028507796,-0.13409017661245787,1.4198388536088244,0.572463768115942
2970911.192730804,0.24330572659752114,-0.060057180929992814,1.9800207740719216,0.5869565217391305
3577858.4626569767,0.2904008226276449,-0.08013155338891623,1.5170678805257733,0.5362318840579711
3836761.908213185,0.30855797904883464,-0.0833542706810829,1.870749074773003,0.6014492753623188
5732220.644534571,0.4179619590129544,-0.06328896659763017,1.9369960827976627,0.5652173913043478
3769651.5061938106,0.3039479038907389,-0.10236395079515521,1.4879613259737823,0.5072463768115942
3354489.527868867,0.2738705224306244,-0.09960601048523857,1.7069792056776076,0.6014492753623188
1963503.2658841887,0.14447504016452517,-0.11355998838716543,1.3566722716295412,0.5507246376811594
4660735.451450751,0.36047601777419214,-0.0753293774255995,1.9348215452533781,0.5869565217391305
2428041.9642850747,0.19412897846952726,-0.10410626874613471,1.4337659311293616,0.572463768115942
2685089.9875637284,0.2184052706456705,-0.09809227961903846,1.4885223046286578,0.5434782608695652
4481661.309586914,0.34985713529634666,-0.08198577022616724,1.8265131382088073,0.5507246376811594
3326915.503957982,0.27176935008877234,-0.07800637430052004,1.4780550880795225,0.4927536231884058
3889139.9347684123,0.3121114156022071,-0.05325799393299804,1.882798087493634,0.5942028985507246
5000787.000319577,0.3797730926342531,-0.05945372781844174,2.2450711192649893,0.6231884057971014
2995393.7921717186,0.24534816475079535,-0.07108531369089342,1.6879194095001648,0.6159420289855072
5103331.15717416,0.38538585833855676,-0.09447037356143514,1.9470787269481427,0.5869565217391305
2838242.729124387,0.23199772764131565,-0.07841048446347587,1.5920184283269232,0.5434782608695652
2513836.0915105203,0.20245100988972875,-0.12239297672523823,1.3978277813925148,0.5217391304347826
3978582.5291427113,0.3180918485580051,-0.09475641394865394,1.816153205876076,0.572463768115942
2418699.344033777,0.1932086068807588,-0.07347251776154619,1.190047954514908,0.5289855072463768
2217069.376834272,0.17261611058376647,-0.1416777068431436,1.162390146789816,0.5217391304347826
6265057.564618669,0.4433943904714217,-0.11134103350625232,2.0840528371109546,0.6376811594202898
3646497.399019022,0.29531436428050806,-0.04697686572746583,1.8910140587853166,0.5652173913043478
7002738.569085196,0.4758886151503092,-0.06056343078611273,2.2809604738807225,0.6376811594202898
2821429.4779801625,0.230534629059852,-0.0746315489590352,1.5620188384701466,0.5434782608695652
2530068.5724092764,0.20399992093526453,-0.07967062207025169,1.3627831308032956,0.4927536231884058
6290409.728543832,0.4445606713266297,-0.05928539994912697,1.9912789026074234,0.5797101449275363
2893550.912777438,0.23676226412325385,-0.14714363418048268,1.5548316616425029,0.5652173913043478
2853761.627530184,0.23334205017371934,-0.10805798260530584,1.4106502232946483,0.5507246376811594
4528080.18603433,0.3526418551991044,-0.06524158921207532,1.9607431192211928,0.5652173913043478
3456954.142408809,0.2815593506126379,-0.05089134752446451,1.6207477700914927,0.5144927536231884
4375593.481352529,0.34340633931455433,-0.07156754580930935,1.9397001981101498,0.5942028985507246
5879706.772419193,0.4251846416381806,-0.07139576879345653,2.181688693376817,0.5869565217391305
5847634.780700332,0.42362644937477256,-0.03918657473225412,2.1039203169999685,0.6159420289855072
4097903.263394007,0.32590479261641003,-0.11356596181112921,1.792327489743189,0.572463768115942
2917325.834052499,0.23878799381402915,-0.1323098612381654,1.5045427459439507,0.5289855072463768
4709534.706506233,0.3633130764739865,-0.08377528867959891,1.7744990308463517,0.5507246376811594
4298224.669058697,0.33862158144818166,-0.06054576949612313,1.8036678673487385,0.5869565217391305
5395752.492976834,0.4009105439368372,-0.05996348572441604,2.2076065761590615,0.6739130434782609
5313922.6614189865,0.39663540044355083,-0.09626692744396786,1.942495715698998,0.572463768115942
2258627.824050705,0.17697959805860108,-0.10127532436035491,1.2058588657845366,0.5
6179332.934089122,0.4394226061612432,-0.044480000000000026,2.16767819218151,0.6376811594202898
4746600.591773871,0.36545231410111256,-0.06744804757900669,1.8227719851697628,0.6231884057971014
2376049.835288673,0.18897058145661294,-0.15176567934473115,1.2296197155562005,0.5507246376811594
4454716.73083198,0.34823009948494543,-0.06937539822461294,1.9170273329705658,0.5797101449275363
2155606.581214457,0.16604121195095178,-0.05989744322036449,1.3251638936883796,0.5144927536231884
5360726.787892356,0.39908704351566393,-0.044530015485074154,2.062796062703668,0.6231884057971014
2884753.2660433203,0.23600928933876042,-0.056804843089878924,1.5833473747419837,0.5289855072463768
3519053.7049053013,0.28613091903476495,-0.07854760064245198,1.7706817014608491,0.5579710144927537
2497934.36868361,0.20092588192927185,-0.08650268672336826,1.3652020902626396,0.5362318840579711
4035054.540143608,0.32181258309987437,-0.09574923544164013,1.9970190539850479,0.6014492753623188
2812874.6287499615,0.22978750217358068,-0.07370836269408419,1.4446326734506714,0.5289855072463768
4355237.17866219,0.3421540375084442,-0.11010493446022718,2.0872955539041733,0.6304347826086957
3516854.6209908617,0.2859701362055489,-0.09742550142294003,1.9489159896847363,0.6159420289855072
2953411.8151747454,0.24183758981504555,-0.08272979117709912,1.3888694840244706,0.5
3733240.8295182786,0.3014191752615838,-0.04447999999999999,1.7857459589692632,0.5507246376811594
4217604.985206418,0.3335619037566673,-0.0594057248302905,1.8264246251311071,0.5507246376811594
2169139.694950515,0.16750165369470693,-0.10606621101671852,1.239874107357205,0.5217391304347826
3447873.352659119,0.280885357394592,-0.06394768623310601,1.6246088665323424,0.5362318840579711
4166917.552846482,0.3303410172326544,-0.053633417750267635,2.4155716261761717,0.6376811594202898
2684564.898926617,0.218357613336861,-0.08881370069096756,1.7247391296938392,0.6304347826086957
2956632.9056329676,0.24210834970614736,-0.11156772480262916,1.4553082719620576,0.5434782608695652
1513795.0656987901,0.08645918808234998,-0.1406958755759792,0.7701156275387682,0.463768115942029
3626908.065810287,0.29391965348348514,-0.14744332154707895,1.4940356641137031,0.5652173913043478
2994951.528857142,0.24531138799445928,-0.08182678741837851,1.4879891080999,0.5362318840579711
5208904.826067778,0.3910709602901463,-0.1574463751235333,1.9756696828264986,0.5869565217391305
4199870.516970526,0.3324385225950719,-0.07428815969045166,1.8697733132079961,0.5289855072463768
4540471.172570581,0.35338134082795114,-0.05161950603987533,2.130839200370672,0.5869565217391305
3779134.937152067,0.30460332123825484,-0.09061165927349543,1.7582951551829713,0.5507246376811594
3145205.553573099,0.25756316126017276,-0.07010541095109163,1.564365870137149,0.5217391304347826
3153416.4944101707,0.25821908092722334,-0.06667789839877533,2.0505862226974334,0.5797101449275363
3346219.779401353,0.27324181321089536,-0.07060320935112836,1.8072585482845565,0.5507246376811594
2285413.0233692275,0.1797580232946827,-0.11183072501673857,1.1846753242816097,0.5289855072463768
2376306.796014213,0.18899629687076813,-0.1191553703103881,1.4629564823148618,0.5507246376811594
3310676.80715331,0.2705254161129844,-0.058172601599999846,1.7486113843794955,0.5
1927787.5673511736,0.1402808610923718,-0.12770135089782128,1.0934871393961596,0.5289855072463768
2979418.937544079,0.24401699875875327,-0.06536622525030973,1.619063228302243,0.5507246376811594
2243816.0060755955,0.17543183369271653,-0.11104724282547691,1.2297629451907537,0.5217391304347826
3994532.542477958,0.31914699571753213,-0.06787628525230695,1.809038206343921,0.572463768115942
3154930.10449132,0.2583398443941518,-0.06761654817919947,1.6452866777512825,0.5579710144927537
2314682.1149826543,0.1827644734290974,-0.07092455437871832,1.1995275556574612,0.5362318840579711
3528097.691615151,0.2867913131551132,-0.10897935376821592,1.4953680917495806,0.5289855072463768
2725487.5219763685,0.22204961799881628,-0.09952289453923273,1.2951493080521017,0.5217391304347826
2130166.5083767436,0.1632758455849379,-0.08273310834990363,1.2519000785767942,0.5507246376811594
1774449.6525162067,0.12153475471082764,-0.11201593990799143,0.939824905257354,0.5217391304347826
2667303.1467713523,0.21678676001202413,-0.06545526000581343,1.516581129476215,0.5579710144927537
3543988.9393387213,0.2879484226536255,-0.07632096743641476,1.5641888648362525,0.5144927536231884
1604918.910997356,0.09923517938894233,-0.12485932653188142,0.8966340843962602,0.4782608695652174
3113824.5153806815,0.25504363847985156,-0.07085585802733545,1.4230271293312213,0.5
2683001.754110655,0.21821569737050583,-0.06806068949538564,1.5712753570037532,0.5942028985507246
3411550.053872829,0.27817509019453235,-0.05752274885015173,1.4172349869998089,0.5289855072463768
3354183.944552608,0.27384731247507643,-0.10162418362117273,1.7757004969726273,0.5942028985507246
2295100.9739164338,0.18075653922967216,-0.0869815295999998,1.2487066162783371,0.5942028985507246
1885384.1016107195,0.13521982831571644,-0.12680377162700535,1.0000775832021684,0.5217391304347826
4041041.5891345427,0.3222046008010846,-0.0952583295757367,1.737253705490407,0.5217391304347826
1773573.378817228,0.1214239636728991,-0.07969766686218323,0.9725856086484441,0.5
3976795.4224443254,0.3179734147137776,-0.08908740600185514,1.7501916112088278,0.5652173913043478
2788445.910274822,0.22764399807436342,-0.08367560040994326,1.4624518861580598,0.5434782608695652
3784186.318963346,0.3049518946014116,-0.10706905733705076,1.7540678341422036,0.6014492753623188
3162534.8149383967,0.2589458861597693,-0.12958305013738425,1.419596507621565,0.5652173913043478
4268762.597534843,0.33678141966349595,-0.0793204369671301,1.7304093693997258,0.5652173913043478
3358445.815396328,0.2741708615506031,-0.07708907077112533,1.4947934133604859,0.5507246376811594
2529837.9047604296,0.20397796627659281,-0.10851313528422818,1.4601374919129813,0.572463768115942
2314136.2978745606,0.18270868745477142,-0.08683374036223673,1.3621364876375437,0.5434782608695652
2553432.4931307747,0.20621542005958138,-0.07025065722829664,1.3317608464954167,0.5362318840579711
2460785.2483022385,0.1973324225883979,-0.09400333465299984,1.3590201850457744,0.5289855072463768
3951246.688781299,0.31627559451924725,-0.07702659199928623,1.7442102595817783,0.5652173913043478
2443567.974033659,0.19565224850535556,-0.07930053772271554,1.2154734210331293,0.47101449275362317
2869636.2353905193,0.2347111485344311,-0.08057156843439273,1.6116933635231125,0.5942028985507246
2978373.52273293,0.24392968667605586,-0.051246487239582535,1.7964193624874218,0.6159420289855072
3568367.606428901,0.28971549511048966,-0.11880257206447078,1.724886131183916,0.5362318840579711
4023121.1730403434,0.321029824522707,-0.09644750754043399,1.671993636134804,0.5434782608695652
2793443.514709129,0.22808373301040596,-0.06155073193262985,1.4643836769078096,0.5434782608695652
2419593.4631446623,0.19329681237852214,-0.09903400511381123,1.1656310680047763,0.5507246376811594
3735028.860583295,0.30154381400561414,-0.05620726655003178,1.9499910890059764,0.6086956521739131
2626405.279044522,0.21303225346470223,-0.07085801909791568,1.4029677370267273,0.6086956521739131
2163287.918917727,0.1668710495425454,-0.17956517810992043,0.9653023221146768,0.47101449275362317
2557536.0343103274,0.20660286526421756,-0.09897741050664208,1.3647174826143835,0.5289855072463768
7741909.815599444,0.5058080744816928,-0.050017336441568035,2.239390806292053,0.6159420289855072
3063596.464596302,0.2509683209842677,-0.057187029247432256,1.5280421945309888,0.5144927536231884
4846835.236525002,0.37117110064695136,-0.06488807928843056,1.750596778092234,0.5434782608695652
3087386.4089228483,0.25290515927696,-0.10780911214980696,1.571112901875358,0.572463768115942
2851243.9385865945,0.23312435378376772,-0.10644715061631355,1.463926605603961,0.572463768115942
2634925.167922442,0.21381823389433818,-0.11871025728790037,1.445622648578209,0.5434782608695652
3977330.0751328883,0.31800885129339873,-0.05666722668785414,1.942242285779492,0.5942028985507246
2455874.3383282945,0.1968541450814385,-0.11037222196405795,1.2719457901513356,0.5217391304347826
2722508.516011743,0.22178235676458757,-0.14878064646955308,1.3069313286342366,0.4855072463768116
3157741.1275185826,0.2585639991093396,-0.07722263622151196,1.5060143318180668,0.5144927536231884
1770799.9262862273,0.12107301530457892,-0.15679303378678708,0.969064431405624,0.5217391304347826
2539522.5565359066,0.20489836465267497,-0.10667405014454534,1.3015780850071612,0.5434782608695652
3980422.520678718,0.31821374268991787,-0.047037507581692596,2.05450071326561,0.6231884057971014
3907395.167489475,0.3133408932188959,-0.10177719398057201,1.5998220316880833,0.5579710144927537
2321204.4513949463,0.18343028471607692,-0.09979934666028849,1.4805185685666755,0.5797101449275363
1962348.9469697047,0.1443404440088376,-0.09451038965492686,1.0515176814956497,0.4855072463768116
2583943.1746672275,0.209084327375064,-0.06787068071746931,1.4896618863440614,0.5507246376811594
5158669.045275744,0.38837739265373394,-0.07354478833339331,1.9917623396110669,0.6086956521739131
2232853.675877595,0.17428105064345578,-0.05595920912345445,1.4153374443948374,0.5797101449275363
6150831.543616686,0.43809231868879395,-0.06460104111373381,2.064056983158942,0.5942028985507246
2645454.7382268105,0.2147868081456461,-0.09642687727370416,1.4920611727528812,0.5797101449275363
3975164.98142739,0.3178653261560713,-0.06517545116582388,2.4216220097211694,0.644927536231884
3296801.645442621,0.2694586630444895,-0.060705895238848055,1.7750584035393324,0.5652173913043478
4351708.925976611,0.3419365065841835,-0.07189054974039052,1.7574573868155379,0.5507246376811594
2586887.2855068715,0.20935972484333076,-0.11442898644784893,1.262847316922247,0.5217391304347826
2398694.880734806,0.19122829796135066,-0.09710159775554744,1.2791824876517064,0.4855072463768116
5021597.709223306,0.3809195672957153,-0.0920134587336987,2.0146900047041556,0.6304347826086957
6213943.454870463,0.4410314505163253,-0.07584199656483398,2.142781540744778,0.5869565217391305
3947429.4828362227,0.3160211716413466,-0.08421670016998899,1.634648113105806,0.5362318840579711
3007655.072754987,0.2463660357833215,-0.07604890978308017,1.6238086055696181,0.6086956521739131
3850595.603473237,0.30950023929994663,-0.07075321517351266,1.8853696726651532,0.6304347826086957
4646765.594891993,0.35965947357314376,-0.08904316622311388,1.8162886392289028,0.5942028985507246
3486332.3947583167,0.2837302002564712,-0.09232148584835233,1.9596299932772228,0.6376811594202898
6457372.760452311,0.4521489711182858,-0.08332268592799756,1.7921564559144534,0.5289855072463768
2881247.9563280316,0.23570876431292587,-0.08890893816952523,1.6759561586141818,0.5434782608695652
4089356.3612978933,0.3253512488237633,-0.07431580374258318,2.181040831309776,0.644927536231884
4245739.937866061,0.3353363698291001,-0.06356883613216066,1.689485739425186,0.5362318840579711
2598905.352168669,0.2104813223706543,-0.07364909254478744,1.454001024568709,0.5217391304347826
2308541.0248881234,0.18213620713502032,-0.07993920685191011,1.213131985083944,0.5217391304347826
3064237.2953743227,0.2510206511096593,-0.10151268139414396,1.4703367286280384,0.5144927536231884
3882982.8112826585,0.31169569628940197,-0.09261772550403946,1.55576157344374,0.5434782608695652
6183941.576737556,0.43963725089186045,-0.055832540836465064,2.49037891868514,0.644927536231884
1853292.9143198158,0.13132872198658951,-0.15737077208228906,0.9513991638353299,0.4927536231884058
4110532.0321862064,0.3267210120820563,-0.09376055899012763,1.8251968036694912,0.5942028985507246
4440658.363771949,0.3473780639294537,-0.03533502608090844,1.912539045868225,0.5942028985507246
2048528.1453582575,0.1542194463408142,-0.1517701592786405,1.0909986700931873,0.4927536231884058
2974325.570604509,0.2435913740046367,-0.05555129895208227,1.6263556292655463,0.5652173913043478
2232211.816528651,0.17421353077322954,-0.13269079391253327,1.1498400507190418,0.5072463768115942
1338293.0656573095,0.060010691156843654,-0.11962414972787773,0.5969643752342347,0.45652173913043476
4095097.817381339,0.3257231986099931,-0.07088306908019851,1.7981460387088057,0.5434782608695652
3235690.078528372,0.2647170791495457,-0.08540079791001214,1.591614128857998,0.5942028985507246
5820419.983166191,0.4222988687672071,-0.13402163108200113,1.753144052836081,0.5362318840579711
4150107.7171291783,0.32926593057953535,-0.05007475874469463,2.0000003423111337,0.6086956521739131
4164536.6268464555,0.33018895433914075,-0.12222333404982753,1.794269531078703,0.5869565217391305
4324654.145505565,0.34026376502835687,-0.0632795196970493,2.2421561709614912,0.6086956521739131
4253853.4683559025,0.3358463407806558,-0.054257344391075685,2.0530911829851166,0.6376811594202898
1855850.9405712215,0.13164085528161884,-0.07930803249325744,1.015326955607698,0.5362318840579711
5161250.453075042,0.388516314187324,-0.06981383716456163,1.995819060151898,0.5579710144927537
4253776.238732116,0.3358414902299578,-0.10555233773881288,1.5409355892309982,0.4855072463768116
3938430.782187965,0.315420614036372,-0.13922566080207174,1.6541433677064767,0.5797101449275363
4899131.967437508,0.3741173641011388,-0.10135139844834909,2.1511494774944717,0.6014492753623188
3941718.275486339,0.31564014275401386,-0.061649150718366956,1.8382384559412055,0.5869565217391305
2523913.7220080993,0.20341356047728065,-0.07530529089851992,1.4605218484637097,0.572463768115942
3873633.0846108324,0.31106340786670583,-0.08758926826752553,1.86739417985157,0.5869565217391305
3271597.2461793213,0.26751167061756975,-0.11052464682801123,1.5197180876800733,0.572463768115942
3717014.0988294096,0.3002858655555194,-0.14341712080534616,1.5624745043533586,0.5144927536231884
2619653.401393728,0.2124079263261247,-0.12010872833059318,1.3595017085658065,0.4782608695652174
4592009.8505419595,0.3564399188483016,-0.06612872133166212,2.023769680727375,0.6231884057971014
3064853.164306689,0.2510709346056754,-0.13051179519250003,1.5191262829338295,0.5942028985507246
1527041.2598618441,0.08835394129006136,-0.13997522271369492,0.8033191558680828,0.5072463768115942
3570329.5283635454,0.2898572834632678,-0.08434216792256657,1.55701091697514,0.5289855072463768
3091909.2916852008,0.253272034342368,-0.10089950426114674,1.7049813010463541,0.5507246376811594
2769749.5511678173,0.22599330944217044,-0.07886172119317038,1.979743858304388,0.644927536231884
3738838.73304554,0.30180923063963383,-0.056799992260694855,1.821472483643346,0.6231884057971014
3839000.276035993,0.30871062603940236,-0.07884577366737544,1.626837641305747,0.5507246376811594
4363852.266491116,0.342684600431189,-0.11926910596149362,1.8763136692158169,0.572463768115942
2960035.5825775093,0.242394117285476,-0.08789997072382039,1.6252001609761093,0.5579710144927537
2801118.1123793563,0.22875779052710987,-0.055780147588375024,1.6290859088813863,0.5362318840579711
2089547.9622316153,0.1588052892398697,-0.08361104331345234,1.4554117290542004,0.5362318840579711
2824094.971568323,0.23076704623776556,-0.11409068026954841,1.4832799989041545,0.5652173913043478
2348941.7755139107,0.18624515150600995,-0.11406719435624169,1.4287868480821626,0.5652173913043478
4153820.5605278397,0.32950368783195194,-0.12200006317152913,1.8933933365656652,0.5797101449275363
1865768.1647633354,0.13284772204022577,-0.062193179148725235,1.069690018601467,0.5362318840579711
2642223.9496334987,0.21448994893623885,-0.11544401742956997,1.3793986663143991,0.5362318840579711
6168705.269395179,0.43892714052165305,-0.05677686011380911,2.049086550379323,0.6159420289855072
3947027.0406755237,0.31599433676028976,-0.08843403361215325,1.5991019101610326,0.5217391304347826
3007374.174488671,0.24634275418154572,-0.07897954847744282,1.789127885689637,0.5797101449275363
3130406.029342726,0.2563774539942041,-0.09956732050724933,1.8524016313232432,0.6086956521739131
3959986.2490780596,0.3168573605574314,-0.0742003789424199,1.7184712896986063,0.5144927536231884
3794263.991589675,0.30564619928794134,-0.06425783289714171,1.7479826693763811,0.572463768115942
3337291.711378454,0.272561658188319,-0.08859776292815062,1.7988894751797808,0.5507246376811594
4195104.05193248,0.33213594627984677,-0.07686437693566836,1.875359771574796,0.5507246376811594
3123764.931574583,0.2558439248049329,-0.08856072023053906,1.5923923045452488,0.5434782608695652
3183000.881123701,0.2605711161116733,-0.07102818951613656,1.4990515432779987,0.5797101449275363
2489811.4535718104,0.2001438171412362,-0.19938333622717794,1.2512484005218296,0.5362318840579711
2847381.4302861523,0.23279007610319358,-0.0837143045795538,1.3220129758356556,0.5362318840579711
2975488.7240803596,0.24368862370914335,-0.12281077786676592,1.5185006660332074,0.5
3291560.6633824687,0.2690547901080027,-0.10894416520142504,1.4487908385291766,0.5289855072463768
2119355.2019376573,0.16209263838897292,-0.10689502373083606,1.3662181237694029,0.572463768115942
1785736.536343641,0.12295790552615449,-0.11034858822103755,0.9827710153986289,0.4782608695652174
2746340.965794442,0.22391396741660352,-0.09759065410007692,1.4881848421142914,0.5434782608695652
2682882.081200386,0.21820482969076815,-0.07037214098766073,1.5405482359247242,0.5869565217391305
2576435.0301770903,0.2083808638097875,-0.08382303549297124,1.5004450308441617,0.5217391304347826
5704552.319457734,0.4165904626130372,-0.06626082992729737,2.3683343163902433,0.6159420289855072
2598052.43545707,0.21040186004576023,-0.06863266231257527,1.460462138432204,0.5579710144927537
4732299.522375576,0.364628524346974,-0.08501536586058829,1.823055587295573,0.6086956521739131
4677748.308073198,0.3614677866748883,-0.05773233174629505,2.028559518963012,0.5942028985507246
3303667.935001007,0.26998700652401664,-0.1960402335991614,1.5205034355858997,0.5362318840579711
4583441.23542546,0.35593332165502134,-0.053828992826236044,1.865661211424892,0.6521739130434783
2297172.171825665,0.1809695754474261,-0.10064136516985057,1.5107603495771427,0.5362318840579711
2794069.0841910886,0.22813873200303392,-0.0974214460914692,1.515714946765873,0.5217391304347826
2310980.735470381,0.1823859624375488,-0.08679242834303988,1.2267693420022148,0.5289855072463768
3193210.012910117,0.261378709827794,-0.15030250372397944,1.4501315921119924,0.5652173913043478
3494196.0979994996,0.28430878982176044,-0.08492081046317404,1.716166383709209,0.5507246376811594
2172506.265827504,0.16786382854744208,-0.05964410240000004,1.184369377141283,0.5362318840579711
2290372.244088962,0.18026958148685757,-0.08793877729938032,1.5935464089399287,0.6231884057971014
2848687.3236357276,0.2329031341633625,-0.08299514817967772,1.6091306893641182,0.5362318840579711
1733587.8146842434,0.11632119139603003,-0.11577824829200425,1.0602611244996853,0.4927536231884058
4083539.7061324674,0.3249740011400344,-0.05938391114452044,2.0119314020997274,0.5797101449275363
3577918.004741483,0.29040511752327447,-0.08464002800820974,1.7233381454925631,0.5362318840579711
2978777.620050297,0.24396343941845022,-0.0860758805308776,1.4886346783403155,0.5072463768115942
2831719.0874164985,0.23143086201436547,-0.07634212524750207,1.5834708787630014,0.5434782608695652
4862671.008108838,0.37206592085213486,-0.08938640208170893,2.1257022310832845,0.6376811594202898
7066469.425129596,0.4785652563771099,-0.04838312204487445,2.1676111214716682,0.6159420289855072
2052375.9759020538,0.15465272403271135,-0.08631296027904159,1.0796996996183363,0.4855072463768116
4676354.497338009,0.3613866427353789,-0.06674840716440006,1.9141694837759997,0.5942028985507246
2140279.666331398,0.16437830539243414,-0.09016451560171311,1.2098813893417777,0.5362318840579711
2733285.7158098742,0.2227481272909766,-0.06592965817212905,1.361624257428538,0.5434782608695652
4613987.878634939,0.3577358639952746,-0.07601524709401597,1.7623462798201175,0.5942028985507246
2736017.280039173,0.2229924252552986,-0.06946146198226719,1.5751409504055487,0.5434782608695652
5177010.154032101,0.38936323777054516,-0.05557358720000003,2.2078328111328727,0.6376811594202898
2422621.2323426567,0.19359531047524814,-0.08181221153007272,1.2903234600268878,0.5362318840579711
2125324.268040435,0.16274649823231568,-0.06305272211098392,1.4464694965512275,0.5942028985507246
2932963.508284406,0.240113204782471,-0.12001951837249888,1.4637024940359236,0.5652173913043478
3224071.5742240334,0.2638075191403868,-0.12042412250940854,1.5643554485919702,0.5362318840579711
2812014.9206033247,0.22971232018000776,-0.08791114475475738,1.4723877281723943,0.5289855072463768
4257450.356815866,0.33607217206600226,-0.0879545951127507,2.0302191616776906,0.5942028985507246
2488875.950367362,0.200053616964599,-0.11391707937722133,1.36137522717575,0.5579710144927537
3400663.4503271054,0.2773582895621649,-0.0981797651242924,1.4314191279992694,0.5289855072463768
4505760.455514167,0.35130573467562143,-0.14679259761571603,1.7670428050805012,0.6086956521739131
3300071.946044354,0.2697104140201143,-0.13142989203231625,1.4597847034886113,0.5579710144927537
6805141.481410382,0.4674639184602394,-0.05652298635784314,2.1562868207252075,0.5869565217391305
2040438.6476721482,0.1533064162551987,-0.0815859473023019,1.1662900263454818,0.5362318840579711
2127960.224445954,0.1630347770349545,-0.11987551184381333,1.1313946951923552,0.5434782608695652
3323539.246174214,0.2715111189899726,-0.12184928524393987,1.5695617429969284,0.6086956521739131
3579824.7045211038,0.2905426215604259,-0.0890094909440963,1.4773845514613253,0.5579710144927537
3076356.272824442,0.25200864007225166,-0.07461437714182073,1.4633502567432704,0.5289855072463768
6144951.424548501,0.4378172537824463,-0.046760269970036246,2.183080237383174,0.5797101449275363
4143783.516814272,0.3288605592758196,-0.08411468195732129,1.9057395224108715,0.5652173913043478
2136580.2115457724,0.1639755032456114,-0.10004416827325463,1.1596905533744215,0.5579710144927537
3082794.3208485735,0.25253223045359663,-0.054034514166177945,1.7891188879823765,0.5942028985507246
5991946.772014854,0.4305847440312274,-0.06431781035047512,2.056778159445217,0.5579710144927537
3885520.3895938294,0.31186709343215546,-0.05182827284339317,1.7622313381711006,0.5652173913043478
4500638.867108939,0.3509983956284046,-0.04448,1.8082863315194457,0.6014492753623188
4864328.145659208,0.3721594246930857,-0.0700749399136968,1.6793739624890216,0.5579710144927537
2651176.392596747,0.21531182826998774,-0.0755756822656206,1.463279110848514,0.5652173913043478
3817704.398312736,0.30725544567479357,-0.06636635882498629,1.900534875951704,0.6666666666666666
3999264.2041270095,0.31945936277686515,-0.0775902236227443,1.8905021369082098,0.5579710144927537
2831614.9818515573,0.2314218073951111,-0.09562572728296642,1.3189936755777778,0.5434782608695652
5124559.8812089795,0.38653652480963374,-0.06839424104564051,1.847719584533793,0.5579710144927537
3681702.915947402,0.29780591227625575,-0.07613645875664711,2.1084727066854025,0.6159420289855072
2682324.319148275,0.2181541733506196,-0.05650038386876714,1.4706412554489976,0.5289855072463768
5577333.80888204,0.41021499294883057,-0.07927002393496561,1.9143308888623545,0.5652173913043478
3721109.6088409536,0.30057227761361305,-0.054866923578690746,1.8135330759640338,0.6014492753623188
2767057.245020626,0.22575487391614124,-0.05418808319999989,1.5520611104370252,0.6014492753623188
3019037.9428037186,0.2473080183941001,-0.1568964367996616,1.3777981502632182,0.5579710144927537
5944337.484315478,0.4283041288438847,-0.06382004502966993,2.051227409449059,0.6304347826086957
4922211.133161145,0.3754095885898743,-0.07668019483712979,1.9755728912346482,0.6086956521739131
3422667.071508836,0.2790070293112088,-0.052773963368640806,1.8738757445013146,0.5579710144927537
2048222.3561513864,0.1541849856060742,-0.10697859580730135,1.4092390829340524,0.5652173913043478
1905453.2929476611,0.1376263992227873,-0.07673919667539386,1.1797913758986869,0.5217391304347826
2906798.290742432,0.23789263549773887,-0.10075067528410978,1.5028700326484656,0.5507246376811594
3951022.375823408,0.31626064914123253,-0.08244931732696209,1.727241918336281,0.5217391304347826
5612135.696673168,0.4119705308304651,-0.057075793965865235,2.1434159096447365,0.5797101449275363
2004099.7818638412,0.1491689105882854,-0.12332689287342327,1.1956270073600774,0.5
3490493.8478823616,0.28403651839248467,-0.12099931696415744,1.7900309455251804,0.5869565217391305
2463758.4382035034,0.19762161299613812,-0.07535071002824627,1.4018288596227346,0.5072463768115942
3482465.6188980862,0.28344531057383726,-0.08339763154785552,1.7307434607348668,0.572463768115942
2470433.805931938,0.19826988389257094,-0.07860101166055128,1.2640737270353601,0.5
2933357.361236094,0.24014650870948917,-0.07992106410772645,1.499810649959902,0.5507246376811594
3712821.7892045463,0.29999242239018464,-0.05827678883387878,1.8396402858231389,0.5579710144927537
5222173.177083201,0.3917789187221392,-0.09317526854722823,1.861395384185607,0.5869565217391305
5565206.516934104,0.40960118772981713,-0.07251403832989321,2.156222234392552,0.6086956521739131
5048710.37430135,0.38240753241694825,-0.060023115312620674,2.1875797844926774,0.6811594202898551
2943040.6433885256,0.24096419722799522,-0.10679105828488401,1.4691562300724232,0.5507246376811594
4536299.584408996,0.3531325637589038,-0.043126526200606974,1.7305788439600793,0.572463768115942
3311698.6837075874,0.270603838740342,-0.08632550430039976,1.6413828039211846,0.5144927536231884
3732172.72626584,0.30134469792537955,-0.13023052164899063,1.9571605734298798,0.572463768115942
4811521.478565339,0.3691671974939379,-0.18289426984421572,1.8699395728956332,0.5362318840579711
4044917.3494169293,0.322458128665835,-0.06779148577199469,1.6782381162220439,0.5362318840579711
2124648.6421814696,0.16267256301923982,-0.10106697969484259,1.143371280739448,0.463768115942029
2983581.731711685,0.24436442858083463,-0.11019411761166313,1.410063408803518,0.5362318840579711
2549789.4990713233,0.20587104083820673,-0.08561777100467534,1.3797441443603014,0.572463768115942
2743143.031856017,0.22362880105348437,-0.10851734429457366,1.3737133379818327,0.5507246376811594
3135572.9924943577,0.2567919289350131,-0.09080693492501797,1.8850221042639672,0.5797101449275363
2548850.2328177476,0.20578218637366885,-0.07631255949600041,1.37853538493424,0.5362318840579711
2884686.1637492934,0.23600353911870253,-0.1201765422613612,1.61432190381821,0.4927536231884058
2749450.4303303533,0.2241909901700858,-0.06694705423436809,1.761148934008758,0.6159420289855072
2658326.1170989927,0.2159666158369391,-0.07304637020749659,1.4326616125924825,0.5434782608695652
2464982.9738490726,0.1977406375613393,-0.0842885307187189,1.3643261770961348,0.5289855072463768
2562767.539898067,0.20709608929295076,-0.07405081614173138,1.339660907732962,0.47101449275362317
3404936.3040065933,0.27767912248735893,-0.07046557360647349,1.7090709714014116,0.5289855072463768
2150823.736089638,0.1655233112493013,-0.10400434686011213,1.0907703270798583,0.4927536231884058
2698189.2531647654,0.21959176050540496,-0.09906720410537143,1.3911410782230587,0.5434782608695652
3590214.8130247095,0.29129088935663194,-0.11827087968199934,1.7885513710379668,0.572463768115942
2501009.915761243,0.20122146106419625,-0.1186295598957694,1.428315088053359,0.5217391304347826
3134542.2011738215,0.2567092862664444,-0.08362833702013071,1.5947411835038257,0.5579710144927537
2908080.9267399763,0.2380018612043533,-0.06261232446045102,1.7093055982128693,0.572463768115942
4181817.050294355,0.33129102995187676,-0.03873139660767157,1.8914436550340263,0.572463768115942
5436322.061424598,0.4030108690728078,-0.055522069401540336,2.1660798568399264,0.6376811594202898
2147131.476704865,0.16512287188460517,-0.09461078341419604,1.1536444418479328,0.5
3223692.8842987176,0.2637778291256856,-0.07080256318957463,1.526129863729978,0.5217391304347826
2892281.4854762694,0.2366537292877653,-0.07531288114418569,1.5598381384928894,0.572463768115942
3708060.294528578,0.2996588171118004,-0.08586050355848845,1.8179484659448222,0.5942028985507246
4388260.037884477,0.3441832242276286,-0.11288701014732011,2.0638775275031853,0.6086956521739131
2565320.20678294,0.20733646125266292,-0.09185597975184666,1.2233257167163938,0.5072463768115942
4856444.912832111,0.371714386000793,-0.07404208319475229,2.0986891149664073,0.5942028985507246
4570637.096558199,0.3551748962498571,-0.07614916655420623,2.0576733760139705,0.6304347826086957
3551311.6359640025,0.28848022286640074,-0.09356424204598839,1.6684384317433985,0.5217391304347826
3685921.698811027,0.29810320152771896,-0.09147305299449163,1.6894561557354038,0.5869565217391305
3653945.3356569344,0.2958430659904885,-0.09376883724972186,1.4988767035679194,0.5507246376811594
3262260.156223162,0.2667873513693795,-0.10030910276564776,1.506408842570755,0.5579710144927537
1900120.5583952323,0.13698891705655303,-0.08949205265386542,1.2076704993066985,0.5507246376811594
2123564.130354204,0.1625538431845135,-0.073211844796267,1.1615530121882227,0.5217391304347826
4103611.4700815943,0.32627397288138793,-0.05686224567813996,2.1542275102621558,0.6304347826086957
2591828.6891562515,0.20982138962389785,-0.07564146168627807,1.5912864367222146,0.5797101449275363
5052830.567646237,0.3826330921142558,-0.048344439104414806,1.9565138792319654,0.6159420289855072
7291341.192008394,0.48785799919852435,-0.06277809833860898,2.3203112346713315,0.6304347826086957
3330887.6042198907,0.2720728855762977,-0.06878919871718854,1.5903935625068908,0.5579710144927537
2130036.9072470474,0.16326169030343585,-0.12923148410251759,1.0127780286451933,0.47101449275362317
7165968.462927057,0.4827057729726836,-0.08221036039685681,2.2772653729754966,0.644927536231884
3132934.814139507,0.256580372214245,-0.07015500346912175,1.4893140645300404,0.4855072463768116
2352241.5996405627,0.1865782549199564,-0.12433391700451892,1.278193028277532,0.5217391304347826
3100236.2334274836,0.2539463554953214,-0.1097059181514186,1.515580051981873,0.5652173913043478
3428388.7660474614,0.2794343685064409,-0.07638373637710894,1.573873942328943,0.5289855072463768
3369372.8603975046,0.27499891348549665,-0.07183519258108356,1.7690046540364963,0.6159420289855072
1941750.4719331267,0.1419278998663691,-0.07722182949832845,1.2530781878215758,0.5869565217391305
5036396.796924567,0.38173254764157494,-0.08335127031963738,1.9764693733477308,0.5652173913043478
4934058.2566928025,0.37607103856990576,-0.06380198530985765,1.9244311145785975,0.5797101449275363
4591874.043390464,0.35643189550223675,-0.07571932268704415,1.8446302773084202,0.5942028985507246
3066411.8588732663,0.25119816033505793,-0.09723221624801123,1.6085801741232546,0.572463768115942
6186218.817828977,0.4397432647751096,-0.06901023912964685,1.99419362114787,0.572463768115942
2305624.0202782378,0.18183731351193688,-0.052965220432039876,1.4438179225349883,0.5869565217391305
3206136.7864449886,0.26239832441647803,-0.08350153372586688,1.5934692967816664,0.5362318840579711
2223837.6425475543,0.17333119002193587,-0.0743180826542909,1.2148577657851944,0.4855072463768116
4902538.339844734,0.37430839607305977,-0.08124667071867249,1.83052115132077,0.6159420289855072
3196105.8249233468,0.26160740705210284,-0.07204310755990166,1.6094125904586651,0.5362318840579711
2880023.595414278,0.235603725748607,-0.09003603121918638,1.411150383287534,0.5144927536231884
2240195.398914132,0.17505225476079933,-0.07793861877496108,1.305799699133617,0.5217391304347826
4904554.154231388,0.37442139447977585,-0.045113263148029464,1.8882095470415305,0.5869565217391305
5401814.250555158,0.4012251679535921,-0.07273447378102976,1.9842471866538725,0.572463768115942
3360247.3561214334,0.27430753061998825,-0.09036854614255722,1.7518046020653792,0.6014492753623188
4878683.773239897,0.37296837494498924,-0.09694267056412605,1.9238330477462047,0.6014492753623188
1845546.9877839023,0.13038144846976008,-0.0694483644733964,1.0297587094408824,0.5
3196335.9637491684,0.26162557519176666,-0.1419274920647934,1.6727697335344307,0.5652173913043478
4296037.439999528,0.33848531736755083,-0.05127933161126391,1.8399304554656946,0.5797101449275363
3695720.282037693,0.29879263930975597,-0.0844397304896012,1.8988039483176626,0.5217391304347826
4359647.72529529,0.3424257672104414,-0.06721435489830281,2.014176226327337,0.6086956521739131
3029759.484181934,0.24819267823601465,-0.055981965046634115,1.5505284360288214,0.5869565217391305
3142386.5994281843,0.2573376571126553,-0.05216636426691124,1.7582392453770452,0.5797101449275363
4455445.457857886,0.3482742067756106,-0.07842429787393604,2.0224473088364774,0.572463768115942
3127095.9676869595,0.2561116452233412,-0.09122230524338457,1.547723543510565,0.5797101449275363
3980621.8391071022,0.31822694425470277,-0.06932717580822023,1.8892461829352887,0.5942028985507246
5658016.953392027,0.41427169278904796,-0.12587878095604224,2.017711315000689,0.5942028985507246
2491035.6663330244,0.20026181342544636,-0.04793240636488674,1.5697367928069963,0.5797101449275363
1665072.1104160072,0.10735433287748908,-0.14718043888621463,0.8611390254677199,0.463768115942029
2725279.584304472,0.22203097047938192,-0.10539215590671112,1.3879240407079518,0.5
2323895.9587407913,0.18370460221446172,-0.08235079712423946,1.293465975142592,0.4927536231884058
4922010.575256586,0.3753983800596632,-0.08155312733793046,1.8024092364057362,0.5144927536231884
3026125.3887521196,0.24789310137285647,-0.09634719537586112,1.4412244479191008,0.5217391304347826
2085829.288511597,0.15839254067398456,-0.09115718844592166,1.170206708219794,0.4855072463768116
2130805.4220362734,0.16334561887934917,-0.09323545744738963,1.1828718024111027,0.5289855072463768
2507810.9901541965,0.20187405541046122,-0.09026031025468098,1.419905383206823,0.5362318840579711
2348693.0008353614,0.18622002357291478,-0.07809626619044954,1.2510402257064077,0.5507246376811594
3037146.2238429897,0.24880071962655936,-0.06746835317203183,1.535252205075257,0.5362318840579711
3899830.16928002,0.31283195443456946,-0.05629733098400809,1.8900169260764035,0.5942028985507246
3206041.228762182,0.2623907992667496,-0.05058219707103387,1.6181308208238865,0.5652173913043478
2917060.4441801985,0.2387654544221438,-0.08255804073886404,1.5553628616308735,0.5652173913043478
2655867.0217768773,0.21574156558125024,-0.15079497649698662,1.1825590573078706,0.5144927536231884
2782729.589025438,0.2271402501637121,-0.07993511862791566,1.8110014109613233,0.5289855072463768
5557980.016905707,0.4092349199898695,-0.08123226237317616,1.9854522348614219,0.5797101449275363
2884557.000548295,0.23599247039067706,-0.04426073345024002,1.6944945381107208,0.5797101449275363
2324623.871588052,0.1837787471733785,-0.08144086599424062,1.2937036205629289,0.5072463768115942
2460008.215703336,0.19725679763427006,-0.08720085450689541,1.4871764070420053,0.5072463768115942
4481984.127039991,0.34987658098211827,-0.08124413579722904,1.7959316773944378,0.6304347826086957
2469554.192970518,0.19818454148299947,-0.05614306519666,1.3849234616113586,0.5362318840579711
4416987.064991065,0.34593852905531763,-0.07236486365634365,1.9765127084839897,0.5869565217391305
1921486.0413794238,0.13953441753081264,-0.08791346502671561,1.0728125298139852,0.5
3086767.0484842174,0.25285488619396745,-0.12125285918818207,1.3810993045024151,0.4927536231884058
2523882.451000248,0.20341057843070165,-0.06738078128306613,1.4241611590623386,0.5144927536231884
3780235.9489436923,0.30467932891212857,-0.07512697251399789,1.9628460302272577,0.5797101449275363
3877595.035946185,0.311331489302878,-0.0527629469799743,1.782326241101681,0.5652173913043478
1383290.3688559886,0.0670448415821785,-0.10410763007093866,0.6668911006197445,0.4420289855072464
3925839.474982952,0.3145784468115529,-0.09729863831551991,1.920626110377719,0.6376811594202898
2439744.62592221,0.195277856749408,-0.1252908970290438,1.378957441744112,0.5579710144927537
5179833.791451865,0.3895147616156849,-0.06931753592790091,1.9045568527318852,0.5652173913043478
5609034.0728788655,0.4118144273401829,-0.06039145973276541,1.9594002976217757,0.5797101449275363
2458107.6862842655,0.19707174741801126,-0.05247284647715193,1.4126497459535543,0.5
2572762.359472602,0.20803616133321734,-0.09281880326045942,1.1679278247151281,0.4927536231884058
3195047.1842382043,0.2615238199625589,-0.0850769163789442,1.5352989906363004,0.572463768115942
3335588.8833680474,0.2724317686714206,-0.06474256607765502,1.741421695109052,0.5869565217391305
2446757.7796874703,0.19596424378876542,-0.07801675585920216,1.4877935927406405,0.572463768115942
4386245.84572021,0.3440598067221483,-0.07794071503211528,1.9114085678216084,0.6159420289855072
2932068.476910524,0.24003750825695258,-0.09018121404657138,1.4080117396932261,0.5217391304347826
4263890.903740377,0.33647616189748786,-0.06349051184245169,2.129837033111344,0.6086956521739131
5198849.019188729,0.3905334517065937,-0.045626280012799975,2.090230887699063,0.6231884057971014
2068874.8733648749,0.15650321660617106,-0.07167505300171582,1.2936186702972947,0.5507246376811594
2516857.7336472906,0.20273994129428985,-0.14626562682569885,1.3981333736507093,0.5434782608695652
2779250.4633120936,0.2268332485819733,-0.08827495964200648,1.5115497935553974,0.572463768115942
5838796.474722114,0.4231958458728764,-0.05602821921489575,1.9875998654530662,0.6014492753623188
2873769.9733695355,0.23506666634648865,-0.08544112837744602,1.6025837425485951,0.5362318840579711
2943905.5672770883,0.24103712951502332,-0.059745885873003245,1.595904077153687,0.6014492753623188
5388584.200494439,0.40053812221404894,-0.11379725271714043,1.8978675111603072,0.5797101449275363
4662992.559888972,0.3606077629574558,-0.06175731084349639,1.7795778992213047,0.5797101449275363
2964607.6911842218,0.2427776839247422,-0.1045488603089889,1.521410412456387,0.5869565217391305
2596548.0551383668,0.21026165297299237,-0.05650343256902354,1.4043363239745534,0.5579710144927537
2304082.7948843692,0.18167926823699898,-0.10647012036496072,1.2179328861502619,0.4927536231884058
4321515.196195165,0.3400691486803886,-0.08297760513996251,1.6747831989606858,0.5434782608695652
4346874.945862695,0.34163824313239766,-0.04595184303712481,1.6732024099119078,0.5652173913043478
2263091.7984520034,0.17744446952002657,-0.0746776619035152,1.241552124057742,0.4855072463768116
2772346.9337256853,0.22622316270286014,-0.061724382346664664,1.5632139431133683,0.5579710144927537
2425797.7363565965,0.19390815123509508,-0.0837624587717587,1.1982779370315486,0.5362318840579711
4131941.514718325,0.3281001726015016,-0.07497225688217582,1.8305943669536942,0.5869565217391305
6395485.385488931,0.4493547633275765,-0.05206715538308985,2.3255015991685783,0.6739130434782609
3749188.309648177,0.3025291483396062,-0.04686578826480916,1.6857332277786008,0.572463768115942
2731973.6107463995,0.22263070947706143,-0.08743074631112259,1.4029658785357544,0.5072463768115942
2241371.4210507055,0.17517560090986728,-0.0792782029564142,1.336730458721915,0.5362318840579711
4284329.445565524,0.3377549657304928,-0.0617586749277925,1.9579573050528978,0.6159420289855072
3264854.8341998965,0.2669887982112198,-0.0638389801927711,1.7153590885776808,0.5652173913043478
2861281.402674414,0.23399134721436154,-0.07411525218966517,1.4795773986608494,0.5797101449275363
2199402.7659576163,0.17074133837462369,-0.14445461950759197,1.0724239562144837,0.5
4122490.936507253,0.3274920897793856,-0.08436562513814311,1.654904379367169,0.5072463768115942
3154169.2898966484,0.2582791485531677,-0.05899256300581324,1.8725908025188107,0.5942028985507246
4658698.784113945,0.36035709570498176,-0.05250592752154867,1.9260644288668674,0.5579710144927537
3443072.187183197,0.2805284318233887,-0.09433772621647359,1.6809989217310672,0.5217391304347826
4680994.594729338,0.36165670185553367,-0.0696878491696323,1.7947990799055233,0.5797101449275363
4602939.348017943,0.3570850007629083,-0.05287902079999996,2.0098366292126744,0.6086956521739131
3482644.4312749314,0.28345849038482585,-0.07458677931655287,1.6587155532462845,0.5507246376811594
3002389.5569783645,0.24592932608880647,-0.07895477255816807,1.4865154429607825,0.4855072463768116
3220676.568854255,0.26354124454918537,-0.0938896179786588,1.5558533739402403,0.5217391304347826
5941002.6132906,0.4281438324501432,-0.09515329190264393,1.9764427473143267,0.5942028985507246
2803693.8619595976,0.2289836866690338,-0.10639413041811646,1.4029700523549935,0.5289855072463768
2289487.519666468,0.18017838454650392,-0.08594005395830073,1.5437775233678739,0.5507246376811594
3142676.2732536993,0.2573608372255076,-0.058322735899985594,1.6197700285471575,0.6014492753623188
2002438.2330382708,0.1489782979450871,-0.08933080645614057,1.1345852226097497,0.5434782608695652
3192412.2758205365,0.2613156792632254,-0.0768932078306685,1.6536166004527493,0.572463768115942
3737616.750191565,0.30172412418367545,-0.10333621249429463,1.6073177185159409,0.5579710144927537
3189341.5597917186,0.26107293910324114,-0.07254236493500504,1.9143761430252517,0.5579710144927537
3843426.105380142,0.3090122389758907,-0.1016332482048927,1.8092886715606327,0.5652173913043478
5561529.081519714,0.40941484826528796,-0.07951799379928647,1.8013271979237608,0.5217391304347826
2693822.841173984,0.2191967777952446,-0.06194973790620993,1.7507551346019146,0.5942028985507246
3708640.053459961,0.29969945516124175,-0.068593043344951,1.775227254432968,0.5579710144927537
1856326.8936983256,0.13169889364534826,-0.08428930684025013,0.9944380058171963,0.4855072463768116
1986869.2659081046,0.14718605297266207,-0.09795604988872175,0.9442591317021725,0.5217391304347826
2561834.657232603,0.2070081965755004,-0.09857447730439793,1.496577002758093,0.5507246376811594
3016808.795966874,0.2471237706749092,-0.07297176607698166,1.4680714682162535,0.5797101449275363
5683012.67371892,0.41551907103939256,-0.06388858831037844,2.0911557092489588,0.6159420289855072
4069525.443457105,0.32406331689476753,-0.06286325433896205,1.8336547982682332,0.572463768115942
3523585.8921402865,0.28646202995727443,-0.10734040012506459,1.6673248660162434,0.5289855072463768
2230754.4975371,0.17406017160626397,-0.11532007591842956,1.356491735828967,0.4927536231884058
3148004.8283648076,0.2577869312003025,-0.07735596050544014,1.4806024602034715,0.5
2963822.2798334537,0.24271182730857754,-0.10248105670534503,1.4443081653228944,0.5579710144927537
3857354.67904957,0.30995963851740305,-0.05784450121857178,1.838374865255248,0.572463768115942
3218490.2921801093,0.26336965320277606,-0.08882907590186347,1.8471555429648254,0.5507246376811594
5473900.861826165,0.40494520207536255,-0.08579092479327566,1.9105078412662329,0.5217391304347826
3003485.7043987694,0.2460202884898568,-0.050277668460905235,1.678925649683871,0.5289855072463768
2808286.658031013,0.22938606844256415,-0.09175148147245393,1.4711369385731092,0.5652173913043478
3953452.3272785735,0.3164225142294914,-0.0570416724362387,1.9813402147652208,0.6014492753623188
2940475.811414748,0.24074782408523432,-0.11089983338501558,1.736337017136277,0.5652173913043478
2290026.450890973,0.1802339406565443,-0.10821142729252158,1.0532542046508442,0.47101449275362317
3102143.9945620885,0.25410064318994285,-0.06142340585515625,1.6687067315598332,0.5652173913043478
2176256.051836869,0.16826670141202205,-0.1872975100412696,1.2065120878269107,0.5144927536231884
2781493.814926847,0.2270312393858196,-0.08364971849724583,1.3440173781111995,0.5072463768115942
4149505.6797283255,0.3292273622193398,-0.08537080870332013,1.9979470788557914,0.6304347826086957
2653624.446589399,0.21553618532960828,-0.09119931137034257,1.2788946228756957,0.5434782608695652
2501144.810211537,0.20123441859882174,-0.11384415583660268,1.5071112295228455,0.5942028985507246
3494644.152837671,0.2843417250800002,-0.06894963351078529,1.611801412493523,0.572463768115942
1955633.865108455,0.14355619209248105,-0.09857313558481226,1.175872827934691,0.5434782608695652
2941130.7637511147,0.2408030912152428,-0.07452696995976232,1.6954083135886675,0.6231884057971014
3632791.077630904,0.2943391408473768,-0.14170779433374547,1.6172715904710533,0.5652173913043478
5112922.250444958,0.3859062003279574,-0.07857473970661613,1.9883596794325797,0.6014492753623188
6926018.044561912,0.4726404444986261,-0.053525820458187684,2.249556265423602,0.6231884057971014
2109205.684195044,0.16097745593129686,-0.08134921382344726,1.22201304548771,0.4927536231884058
2637562.282573653,0.21406110205631568,-0.09581531899192695,1.231847428565496,0.5362318840579711
3268679.480655001,0.2672855045212805,-0.1077953437834764,1.6193810250120289,0.5362318840579711
2893341.1981682004,0.2367443363492281,-0.09733198505307572,1.543878131719077,0.5507246376811594
4067313.025374463,0.3239193188339273,-0.06622463528045748,1.7804810686079198,0.5579710144927537
3034098.8029422355,0.2485500139013952,-0.0791181582329599,1.7493068432964718,0.5507246376811594
2938728.7319162223,0.2406003513236894,-0.11490610477967551,1.514236126560529,0.5507246376811594
3895108.088568984,0.3125138737534703,-0.07038807734931206,1.6864573582105267,0.5579710144927537
4057761.772995962,0.32329694322687175,-0.10780552665788444,1.6716993902733364,0.5652173913043478
4085215.4878821564,0.3250827304791031,-0.07267817865476808,1.9640436952647278,0.5289855072463768
2608089.3437755257,0.21133563354387497,-0.09422344879374012,1.412885583010292,0.5362318840579711
3467389.1394319017,0.28233210892637683,-0.09191766783409935,1.5412979316908626,0.5507246376811594
3619573.180826251,0.29339587739375506,-0.09418326097169401,1.5746998104757537,0.5217391304347826
2636207.200117338,0.21393632842704213,-0.07177224500572021,1.2451212441087638,0.47101449275362317
8411936.385804445,0.5310141195959199,-0.070155531013632,2.182765471950808,0.5942028985507246
2961896.4173527877,0.24255028493834496,-0.09033020156257636,1.7269821568415806,0.5797101449275363
4144866.2863664613,0.3289299982019602,-0.12026349325616523,1.7277245131438483,0.5507246376811594
3402699.331902022,0.27751119664734714,-0.043209212756937156,1.7931122257124106,0.5869565217391305
2731530.491722638,0.22259104539851915,-0.11779241878221525,1.35303555551249,0.5652173913043478
5269149.664439696,0.3942739294672506,-0.06315089852797848,2.470019518232055,0.6811594202898551
2391628.5899812207,0.19052562401717443,-0.09669476178549243,1.4259515602246267,0.5579710144927537
3265475.758465768,0.2670369868314588,-0.11669717169356969,1.4776701629939042,0.5362318840579711
2505090.138011164,0.20161314725546586,-0.06338802344787864,1.4530077373518842,0.5217391304347826
3746228.1262686974,0.3023234001554771,-0.07739391874919246,1.6941651753799705,0.5507246376811594
4727449.855827246,0.36434871501560906,-0.062495243364864034,1.9084169957574337,0.5797101449275363
4851755.099186075,0.3714493538076977,-0.03816899527615574,1.906247421039504,0.6086956521739131
3660461.3195870556,0.296304905196598,-0.0735574703954336,1.8307236249929415,0.6014492753623188
3332325.316432864,0.2721826796770459,-0.10185103698107556,1.5555473951581462,0.5507246376811594
3857174.811858185,0.3099474216913414,-0.10294508298494498,1.6771237454177155,0.5362318840579711
3209670.221836254,0.2626764558954586,-0.09134546789008728,1.7991543933837622,0.6304347826086957
3585884.7991652484,0.29097926417134756,-0.07919994578650091,1.7580865786311912,0.6014492753623188
3578462.3575960305,0.29044438018743457,-0.0854060901355917,1.8074308830795174,0.6014492753623188
6745080.381770755,0.4648644042586578,-0.07068677199739282,2.170000998694235,0.6231884057971014
3422823.964951655,0.279018754911901,-0.06328278510082554,1.750576655376886,0.5507246376811594
5627724.703171837,0.4127540757462924,-0.05596846285343444,2.1558737178869722,0.6231884057971014
4662072.852072509,0.36055408668345224,-0.07312128748136436,1.8445589683504025,0.6014492753623188
3080129.164342392,0.2523155861330588,-0.09073405038051482,1.506953504405158,0.5507246376811594
2740479.247961261,0.22339106284821786,-0.17926167191729697,1.5405066235607685,0.572463768115942
3323124.7272408362,0.2714794002894887,-0.07383428953882412,1.9068005600502043,0.5869565217391305
2817534.3717048913,0.23019467995245546,-0.11258530482507566,1.236504303319201,0.427536231884058
2391738.194713476,0.19053653581601004,-0.06494247235794369,1.4494857954624905,0.5072463768115942
5012816.644822815,0.3804362775173107,-0.08646626709004061,1.8766225859819312,0.6304347826086957
3511686.077918786,0.28559192877488293,-0.08914433194144146,1.6821448829698178,0.5579710144927537
5359875.32276879,0.39904259620235716,-0.06379066704020676,1.8582688393675004,0.6376811594202898
2931493.4016013816,0.23998886199157687,-0.063758650211905,1.4333680882793567,0.5289855072463768
2636048.280587794,0.21392169203258304,-0.09671041759262974,1.3982178038516875,0.4927536231884058
4979118.179436078,0.37857528071263746,-0.12212424589203598,1.840545828265209,0.5652173913043478
4648166.211392433,0.3597414287263847,-0.09935422759413491,1.7788565705914579,0.5289855072463768
3672600.116721677,0.2971635265253887,-0.08273979939843924,1.73263322175637,0.5434782608695652
2292273.4068908594,0.18046545706744754,-0.06384649403390256,1.5395509417750082,0.6086956521739131
3401568.151248055,0.2774262471405493,-0.06836182050386067,1.5364508804976325,0.6086956521739131
3015833.5002414263,0.24704312441039566,-0.08855111010260087,1.5422848816722856,0.5434782608695652
2213298.467493134,0.172216949374145,-0.11424875909535784,1.1137641719065612,0.4855072463768116
3777282.2626928715,0.30447538299867616,-0.11283046306004155,2.0268919295164194,0.5942028985507246
2593798.974392807,0.21000527282098136,-0.07058266666022794,1.5179107500338882,0.572463768115942
3654842.3826257274,0.29590668587820734,-0.07267039821369611,1.639977681344754,0.5362318840579711
4928013.987396582,0.37573373317042,-0.06917332754431979,2.11889264224968,0.6304347826086957
3668755.5619740384,0.2968918331444832,-0.0530032384,1.7234772310333402,0.5579710144927537
3322395.6598935956,0.27142360488303696,-0.06648380834620383,1.7288391438372959,0.5797101449275363
3080455.0246365336,0.25234208259704194,-0.12899989051612354,1.364192487159371,0.5144927536231884
4160509.784498915,0.3299316131443071,-0.07521767717821796,1.7040463068470588,0.5652173913043478
2264720.254865922,0.17761387187042343,-0.06686324877637415,1.6581952710991033,0.572463768115942
1955953.678386742,0.14359359178576403,-0.1208281082410116,1.2143319604378515,0.5144927536231884
2990939.4477988123,0.2449775615816614,-0.09044906227868107,1.3827941628024518,0.4855072463768116
2199017.0235494548,0.17070026938304061,-0.11578264422159552,1.2958771713967805,0.5434782608695652
1838502.557329299,0.1295171974722018,-0.11197328550531331,1.111272891025622,0.4855072463768116
3120930.4528331924,0.2556159335384436,-0.0912751804651506,1.5283533222447678,0.5144927536231884
2528321.9734218414,0.20383364196628362,-0.14355787263818984,1.301891094509512,0.5362318840579711
3377234.9546490535,0.2755933753613393,-0.05584516618678566,1.7358934623458466,0.5797101449275363
2993342.0913256723,0.24517751725722747,-0.09621258904745415,1.6240869440684607,0.5507246376811594
2328126.1494317874,0.18413522857123188,-0.12659065048292784,1.2484027273634284,0.5434782608695652
3927710.5192328882,0.3147037278217275,-0.10348150496298093,1.88951127262592,0.5434782608695652
1893828.3502143696,0.13623489477527828,-0.09619615052963933,0.9720503863443576,0.4855072463768116
2355328.672446445,0.18688954369448463,-0.09145936128717937,1.3006480246471857,0.5434782608695652
1386517.3238610404,0.06754222047339953,-0.1361930278619969,0.6023745517888973,0.463768115942029
2497171.0574022937,0.20085247789173555,-0.0805395775496646,1.4091148993786726,0.5652173913043478
1478379.2222108508,0.08132730592043624,-0.17026072964142017,0.6597321452178839,0.45652173913043476
2647194.3776212917,0.21494653382907591,-0.054275323897998516,1.4369089350320323,0.5072463768115942
1687776.7203950766,0.1103579297231021,-0.1521571185759781,0.9803403045017869,0.4927536231884058
2657120.6340767187,0.2158563138645777,-0.05498233681748754,1.3659303031521983,0.4927536231884058
1925214.7094404034,0.13997633084969174,-0.13273058677800087,0.9379431211152601,0.4782608695652174
2812452.350069987,0.22975057594693604,-0.1426520614685253,1.3719412829634368,0.5144927536231884
1170108.820803008,0.03191814880821697,-0.12095549127354584,0.3601619165823094,0.45652173913043476
3740134.6363413706,0.3018994610640713,-0.11420433937575454,1.9714945560659962,0.5797101449275363
3601032.418676648,0.2920681058311243,-0.07300016974383405,1.6982536555072656,0.572463768115942
4881970.516024586,0.3731533173826198,-0.1748027814986916,1.6862828106368222,0.5434782608695652
3979473.5497174356,0.31815088173140316,-0.06698570750271995,1.8986360044898603,0.6014492753623188
1982026.8430750591,0.1466263197675235,-0.09723941204667763,1.25669961942358,0.5434782608695652
3465419.1620592163,0.2821863658659023,-0.134147554609268,1.389975700804925,0.4855072463768116
3427718.4065424344,0.2793843305359538,-0.08537815285949926,1.708101669545261,0.5579710144927537
3121230.7887586146,0.255640098899633,-0.08680620318431367,1.3895602825375686,0.5217391304347826
5833597.903250298,0.42294232713162994,-0.07375119156678482,2.0630001640552877,0.5652173913043478
3632856.089664292,0.2943437734846681,-0.0643343828692059,1.5791690629243436,0.5217391304347826
4722762.958062056,0.36407807860350094,-0.08081964894456663,1.6765138312531422,0.5652173913043478
1809636.1978273136,0.12594779552915858,-0.1708296773982365,0.9611497007721941,0.4855072463768116
2118254.4488801104,0.16197189950964885,-0.09157785969091388,1.1718387356511313,0.4782608695652174
2266511.3951670798,0.17780008512991152,-0.12262217604497237,1.3032220372958692,0.5797101449275363
2575771.213458164,0.20831858969130246,-0.07966950846347527,1.34003662732463,0.5144927536231884
1831463.5186234775,0.12865095776141966,-0.08376784910633484,1.1078427532753945,0.5
2572131.4179593734,0.20797690401857816,-0.12406794248940596,1.3877080323651363,0.5507246376811594
2932235.0786975613,0.24005159986300995,-0.06884525823542624,1.7393382321013173,0.5797101449275363
2764254.547211201,0.22550646465604385,-0.09460776229407225,1.502629086999803,0.5434782608695652
4518223.399964753,0.35205245195734935,-0.08685906797246827,1.8045105921664508,0.5507246376811594
6646564.602201233,0.4605601463174671,-0.0687895584371362,2.2149258211752505,0.6159420289855072
2177960.745779813,0.1684496682518588,-0.09619235765792482,1.2902224549476449,0.5362318840579711
2733502.7560957475,0.22276754547127453,-0.13121405413935952,1.383252979939633,0.5362318840579711
7546995.560991372,0.49814834519054507,-0.048384226528987336,2.237581228858883,0.6521739130434783
2241930.782922033,0.17523425096734124,-0.07644626069356937,1.1552085183755705,0.5507246376811594
4619514.158521741,0.3580609466118383,-0.05823779542329261,2.017737747873295,0.5869565217391305
5487762.321681408,0.4056560258869253,-0.0693047469164031,1.9109495382932613,0.6086956521739131
3449594.5873604864,0.2810132196437072,-0.04554734232727049,1.9431852637877525,0.6594202898550725
2027058.397586054,0.15178986338973166,-0.10551596763938889,1.1543632414671658,0.5289855072463768
4210412.5765752625,0.3331067605383069,-0.09863321307968381,1.9278920171284168,0.6014492753623188
2215600.04164431,0.17246064201205025,-0.12481320798564832,1.2620575735877366,0.5289855072463768
3014077.983730641,0.2468979098481936,-0.08383678774882983,1.4521040128846339,0.5507246376811594
4544825.200527131,0.3536408029406919,-0.09337906186656067,2.203651297268327,0.6231884057971014
3242212.8787941965,0.2652265749725782,-0.08010545208898187,1.6168057672830394,0.5144927536231884
1532306.1544448566,0.08910338831986553,-0.1040216984030842,0.7098890836510864,0.5144927536231884
3471547.956958527,0.2826395695720014,-0.12265808228627605,1.7918671401299484,0.5507246376811594
2056002.9545720099,0.15506053854876134,-0.07005369026254524,1.3742636594174191,0.5507246376811594
2605942.525328722,0.21113614848044615,-0.1488287001799759,1.4162750349740594,0.5217391304347826
4213715.540040615,0.33331585272651054,-0.044217459652210966,1.8657431808366463,0.5942028985507246
3682504.4258908913,0.2978624140526145,-0.11344387953299374,1.7705196921167663,0.5869565217391305
2268943.9649283187,0.17805279523512652,-0.10891232618367479,1.2993531014848398,0.5144927536231884
2053234.1420036482,0.1547492675658253,-0.17065357358201697,1.258608684564449,0.5
2595588.019967344,0.21017214447142418,-0.1527862400852854,1.2865740002648887,0.5217391304347826
3247687.8740861993,0.26565359414263523,-0.10526892660904909,1.5242736417341365,0.5217391304347826
4779098.220221797,0.367316930063611,-0.08615735688510613,1.9087737702832643,0.572463768115942
5516184.603252336,0.4071090567383038,-0.06952300399761155,2.3824371749610327,0.6666666666666666
3033710.345432254,0.24851804174087722,-0.08239965464731377,1.5925927346592237,0.5507246376811594
5360697.8770823125,0.3990855344356974,-0.1167841103435108,1.7335466455469393,0.5362318840579711
2637153.104843515,0.21402343109032795,-0.1002290295768639,1.3374207999457088,0.5579710144927537
2899565.873039879,0.23727602028085748,-0.07306385704184053,1.6194242138441959,0.5652173913043478
3920719.4654231747,0.3142353778599458,-0.09469721722437759,1.7672196320028128,0.6014492753623188
4588991.368851292,0.3562615452746736,-0.05811704334558848,1.9238842219714816,0.5652173913043478
2528335.0981185273,0.2038348918006614,-0.10321783623584774,1.4341626841546005,0.5579710144927537
3457485.937325156,0.2815987775061879,-0.07465243315253232,1.6853875147859179,0.5942028985507246
3071647.3691205247,0.25162512135000714,-0.12154710791178168,1.3762843422450575,0.5217391304347826
3514275.0132222036,0.2857814293846386,-0.08065169372247906,1.6753746605451114,0.5507246376811594
6177055.183401728,0.4393164740144111,-0.12692105840220025,2.0284679835261894,0.6086956521739131
3116539.2170168986,0.2552623972107768,-0.08696828368232021,1.6406579747812313,0.5507246376811594
3367974.624478319,0.27489307507874683,-0.08566343757661339,1.6686970739541596,0.5362318840579711
2033108.498637152,0.1524765866271376,-0.0824685075014458,1.0961596495752035,0.5217391304347826
2197379.9820484864,0.17052591367358194,-0.06440784563713622,1.4278175726353182,0.5869565217391305
2355892.9235176314,0.18694640535789575,-0.07685862754049484,1.267625186076384,0.5434782608695652
2182584.330550234,0.16894534701192,-0.11777356298827382,1.1438922376733698,0.463768115942029
2439538.960864947,0.1952577042157595,-0.07988527863588317,1.3052841296001385,0.5289855072463768
3004653.8757092715,0.2461171984737378,-0.08593482837278554,1.4657081034920707,0.5652173913043478
2775379.010004034,0.22649126599502378,-0.14989465349096937,1.3458439336995818,0.5507246376811594
2566801.811477218,0.20747588885771262,-0.11303730968654076,1.3066472798100062,0.5217391304347826
6901071.498918143,0.47157806390610424,-0.05498982213058271,2.147858298242007,0.5942028985507246
2923656.764934173,0.23932519004483677,-0.08826353106505301,1.4057273108175492,0.5072463768115942
3735816.412582434,0.3015986969544875,-0.16286296655557525,1.9166504343621644,0.5362318840579711
4582225.906282489,0.3558614071259154,-0.08820597646025474,1.8373122245397706,0.5869565217391305
3022713.3496436276,0.2476115676517121,-0.20119136550464153,1.3529423340989215,0.47101449275362317
2594271.0083721774,0.2100493103147698,-0.0723180277589762,1.5007546671487562,0.5869565217391305
3970542.82146252,0.3175587114881646,-0.10063278508697424,1.793496190999991,0.6159420289855072
5911103.03865608,0.42670343198131166,-0.05243948159999996,2.2974348456478397,0.5942028985507246
4844815.997810578,0.3710568329592199,-0.10291314370936754,2.04910928246851,0.6304347826086957
2370901.8436976583,0.18845492543348152,-0.07101183669936016,1.5169130790970435,0.5579710144927537
1964109.3616164834,0.14454568693323577,-0.10919934771224474,1.111221181714445,0.5579710144927537
1477093.1651981731,0.08113910891491938,-0.12703160368265595,0.7245990660479786,0.47101449275362317
4772967.411238939,0.36696594067886035,-0.04053205299429989,2.0072144211063763,0.6521739130434783
3710009.0714002945,0.29979539594684446,-0.09789517636871217,1.7116989313408755,0.5289855072463768
4233149.88252243,0.33454348397850775,-0.08207725737012316,1.790287917702275,0.5869565217391305
2023350.1326557237,0.15136814186278302,-0.12368335697507288,1.2398129509902285,0.5144927536231884
2386279.935743701,0.18999264712254127,-0.06338974079999984,1.3878697004251173,0.572463768115942
1320675.9386681935,0.057205108728655585,-0.1030932233063928,0.6146312443663946,0.5144927536231884
2877117.255361034,0.23535424619285084,-0.09329646405576425,1.4811525317141403,0.5434782608695652
3075948.251641429,0.2519754271992949,-0.16168648570867425,1.6547643922163608,0.5217391304347826
4413398.821612715,0.34571977699333933,-0.10454988668263,1.9457048946151163,0.572463768115942
3670986.5249907477,0.29704952226581627,-0.05985615483738692,1.5979506861585275,0.5507246376811594
2546018.321627029,0.205514129303201,-0.10475043598271909,1.2845922017430789,0.5797101449275363
4460366.977372625,0.3485719380776251,-0.0895797710746383,2.021475712850705,0.5869565217391305
4341505.658440166,0.3413066392437367,-0.03531860875982617,2.032678699485314,0.5434782608695652
4449120.147764367,0.34789116541118026,-0.04426798883405436,2.050051513029043,0.6086956521739131
4584533.161102595,0.35599792103638705,-0.07324972054289747,2.180222821334968,0.6376811594202898
3608135.3576419028,0.29257741802013815,-0.06815948082425886,1.715204548899257,0.6304347826086957
2146466.4592778534,0.165050689716576,-0.17252680378634258,1.2201411018070591,0.4855072463768116
2236031.560459264,0.17461511704831456,-0.0836644245947071,1.227998508601298,0.5434782608695652
2212129.7605609954,0.17209312806879118,-0.09663571828794153,1.2327376324167425,0.5507246376811594
3097363.8742195643,0.25371391385872033,-0.09049747342913629,1.3766850806654358,0.5144927536231884
4276308.777953711,0.33725370961125645,-0.10313383017292375,1.8724177501370611,0.6231884057971014
2602490.8815690163,0.21081514162181714,-0.14652525531563346,1.2861581590494824,0.4855072463768116
2740459.372395178,0.2233892882928752,-0.0681930182331233,1.5983576426044646,0.572463768115942
5957301.896706535,0.42892660328436905,-0.0633279592174039,1.9908753682680935,0.6159420289855072
2549918.7497240873,0.20588326588337824,-0.11034385337975794,1.4223670293027857,0.5579710144927537
2753561.546600369,0.22455686576664413,-0.0988086392356723,1.3589381912716059,0.5072463768115942
2957517.8461756944,0.24218269511848156,-0.059559244375926586,1.6278423448047676,0.5652173913043478
2468082.3542665807,0.19804168533834154,-0.0967757414757774,1.2254274965948526,0.4855072463768116
3672543.697126846,0.2971595410171386,-0.07022601449919244,1.6015852991750863,0.572463768115942
2862835.3728095256,0.2341253549534077,-0.07282683583063003,1.7398921188933432,0.6086956521739131
3241826.609824545,0.2651964263626465,-0.08794523818188565,1.9164417560966864,0.6159420289855072
4144661.4374501635,0.32891686218101235,-0.09231320802439905,1.7448326229374629,0.5434782608695652
3176949.741299098,0.2600914618805621,-0.04758590152429167,1.6770746566296415,0.5289855072463768
2103569.099322463,0.16035627854680223,-0.09003025429860441,1.1986759004077185,0.5144927536231884
4854246.69136529,0.3715901849378298,-0.06651224468697983,1.9899866340806025,0.5579710144927537
3409764.721949184,0.27804128329819733,-0.10148497729402248,1.5512369547912137,0.572463768115942
3778373.0493660863,0.30455071441067316,-0.05849742174914444,1.9120027244052278,0.572463768115942
2642034.7591973464,0.21447255628000206,-0.11443930015707732,1.5249719015964747,0.5289855072463768
3177838.1087767426,0.2601619256383372,-0.07961761993081387,1.7581879903636342,0.6231884057971014
1311815.078879861,0.05578265705967844,-0.10992300379313218,0.5040159461048189,0.4420289855072464
2414528.3987967675,0.1927967951156977,-0.08290089090788151,1.397425380932982,0.47101449275362317
2341244.4992820746,0.1854666861819667,-0.11851681969532596,1.4169712046343692,0.4855072463768116
3384265.0931898933,0.2761239952744172,-0.09603316219585865,1.6084291090143796,0.5869565217391305
4100433.086145527,0.3260684605165931,-0.09796069529587492,1.7009721438114809,0.572463768115942
4432459.025807413,0.34688012980865746,-0.051152225672365,1.9728315862270285,0.5869565217391305
2954121.453501428,0.24189726119975297,-0.0626068216615769,1.6028445367938504,0.5072463768115942
2282675.020113286,0.17947520961183194,-0.1120188955506166,1.342825217714352,0.5507246376811594
5336377.948381012,0.3978137755845379,-0.06138009340572993,2.062886062459504,0.6231884057971014
2387144.6522715613,0.19007887817821545,-0.0705090763566136,1.6576530664308315,0.6014492753623188
5620705.260872668,0.4124014750916247,-0.054178051002346024,2.1928983209218518,0.6086956521739131
3907914.270085939,0.3133757871782916,-0.05057184362764754,2.082819663617875,0.7101449275362319
4005437.478609553,0.3198664556698396,-0.07180681637479407,1.5939430561017036,0.5362318840579711
2655241.915319182,0.2156843308284333,-0.10630823241236266,1.3126353656844734,0.5507246376811594
2999552.9725574944,0.24569381234146426,-0.07485462960445197,1.6160415479605987,0.572463768115942
3787944.1800813978,0.30521096647825563,-0.0708752794598623,1.986257838213169,0.6086956521739131
2671408.5926571796,0.21716109912614878,-0.06864630362933108,1.6987322183428903,0.5434782608695652
2418755.026021167,0.19321410071073442,-0.05828075762853793,1.3123035838653596,0.5217391304347826
2153013.373204881,0.16576052589795864,-0.12331822828677746,1.1984620113679898,0.5
3701701.331988472,0.29921275334643593,-0.09009132353004473,1.6454779547058453,0.5579710144927537
4145831.042807608,0.32899185662324393,-0.062192466882496064,1.866133349226681,0.5797101449275363
3416394.5482369387,0.27853789289297937,-0.09004613836139871,1.726236850256033,0.5507246376811594
2764509.3672664203,0.22552905824178482,-0.09615020407467688,1.3875726867624345,0.5362318840579711
5795681.771427132,0.421087784280306,-0.07087743649163301,1.96131233032407,0.5869565217391305
5192545.790106891,0.39019610378000147,-0.06486099516708656,1.9600654429988125,0.5797101449275363
2680186.493809239,0.21795993647467515,-0.08944309794669351,1.6948402412351415,0.5652173913043478
4261407.24636009,0.33632042983874966,-0.1251685950497238,1.6641407126990244,0.5434782608695652
3175599.276697759,0.25998431518498544,-0.09044525179771923,1.4890351009890421,0.5507246376811594
4038870.9905123017,0.3220625288995749,-0.04850527269148209,1.8645667623941953,0.6086956521739131
6351215.846647166,0.44734269834820095,-0.05445395185312422,2.2304303958329315,0.5797101449275363
2658811.514079372,0.21601101847178028,-0.17247824942940532,1.3019778303424538,0.5289855072463768
3818729.9104748103,0.307325669149233,-0.07833746793613121,1.6560377985274655,0.5144927536231884
2658722.5470962925,0.2160028805290073,-0.08345017213429023,1.368179957966955,0.5217391304347826
5699007.19931501,0.41631495561787846,-0.06046477638031232,2.1594673195776424,0.5869565217391305
5099998.185279954,0.38520485268882076,-0.047914501732707754,1.9470765846627507,0.6231884057971014
4807127.003902667,0.36891700761561474,-0.10598875204810866,2.058791606194459,0.5942028985507246
5755603.448037741,0.4191169026290882,-0.06440507940966408,2.1423292989192815,0.6159420289855072
4224235.747713184,0.33398095564899677,-0.061179330231900135,1.6377837790619532,0.5579710144927537
3707237.9381340323,0.2996011655377393,-0.07546963205822194,1.7321310142180015,0.5507246376811594
3264032.1408516876,0.26692493942501483,-0.08895147756505986,1.6949679056508387,0.572463768115942
2570143.366819332,0.20779011242140277,-0.108541680172628,1.32866360965718,0.5362318840579711
4998205.219838812,0.3796305947789924,-0.06355162375622395,1.8817098887746067,0.5869565217391305
2169799.460461857,0.16757266651415925,-0.1444544424184397,1.1577417139471133,0.5289855072463768
6776072.82966357,0.46620809533324215,-0.05422933691064432,2.0303564559028557,0.572463768115942
4289483.82693187,0.33807669558420694,-0.06412506211101926,1.9206007193856856,0.6014492753623188
7577463.505396503,0.49935603023716624,-0.07228555016993035,1.946611389285277,0.5942028985507246
2829242.569594353,0.23121539375702405,-0.06671122347704812,1.6590723770333289,0.572463768115942
4620924.920014278,0.35814388460164026,-0.07803529312188516,1.8556829935649863,0.5362318840579711
2822724.02242438,0.23064752853155235,-0.07819560852261212,1.4490011665021545,0.5072463768115942
4281211.2891915655,0.3375601840675768,-0.10389978898651106,1.7149538353568883,0.5652173913043478
5733212.969566983,0.4180110492978726,-0.05872082175400707,2.3179940337157015,0.6086956521739131
2143825.4847832024,0.1647638569498866,-0.10476708497198826,1.3405430782407706,0.5144927536231884
3231426.795113878,0.26438362995365794,-0.09876430501966357,1.5630853149986716,0.5289855072463768
3757604.6661906764,0.303113419832582,-0.07811197683460859,1.7008738105938248,0.5652173913043478
3429955.523539041,0.27955128623010905,-0.09394409129657198,1.7039539621131874,0.5507246376811594
3299681.457604975,0.2696803643293917,-0.07287252129792038,1.6074779595147646,0.5579710144927537
2927781.4844773295,0.23967468295285932,-0.11106216436723851,1.4770250416198516,0.5289855072463768
3350406.072716283,0.2735602321264976,-0.0767265010977534,1.56477313989096,0.572463768115942
4178547.654991968,0.33108280092769715,-0.04598871049324735,1.9490352144687262,0.5797101449275363
3022353.8047257205,0.24758188612448984,-0.1094192510057824,1.643408770967492,0.572463768115942
4277104.66651597,0.33730348271057387,-0.07151210338343232,1.7233897177023365,0.5797101449275363
4172178.749454175,0.3306767883792543,-0.06136750037855138,2.0956422990882597,0.6304347826086957
5191524.371542224,0.3901414067620905,-0.11116980061130285,1.8859765355026514,0.6086956521739131
1503762.076143501,0.08501520833415444,-0.11766260939582614,0.7612745883701313,0.41304347826086957
4753070.114159763,0.3658243282171598,-0.08934171635804246,1.747531105952602,0.5507246376811594
1992896.056967422,0.14788116434804488,-0.05705920846385241,1.321361046628764,0.5942028985507246
2779824.4948621243,0.22688392287892634,-0.062065826064805076,1.5002482992194321,0.572463768115942
2292749.8999784812,0.18051452947437752,-0.0916164646135473,1.2537979468214278,0.5144927536231884
3288491.3896539435,0.26881803128431603,-0.1006341428100822,1.649519887253627,0.572463768115942
3598581.605558391,0.2918921851778291,-0.05344392751307828,1.7857688970496997,0.5797101449275363
2651218.865554372,0.21531572220606487,-0.10866760169109947,1.3995477217319243,0.5579710144927537
1982532.1507418072,0.1466847791163861,-0.09494912574940077,1.033392617855081,0.5217391304347826
3655264.3599707116,0.29593660881071115,-0.07527994932904054,1.5391470974527577,0.5579710144927537
1655859.4365868927,0.10612623621604622,-0.09009364972965347,0.8752768776183781,0.4927536231884058
4350266.718535622,0.3418475480872676,-0.056569091070073664,2.171880515136496,0.6304347826086957
5360580.164617694,0.3990793900396954,-0.058105715199999936,2.0946273604017778,0.5797101449275363
5121073.362333519,0.3863478060903982,-0.07243188492246816,1.9113137595711545,0.5869565217391305
2345552.742632046,0.18590265293797215,-0.06525557494287679,1.3340737594975316,0.5434782608695652
3144556.999547159,0.25751129406629025,-0.05713108479999995,1.7249774316357114,0.6014492753623188
3539694.680045208,0.28763614926934755,-0.09158225900534664,1.890298151335628,0.6376811594202898
4667799.940343682,0.36088819503408875,-0.07817700570437151,1.7221163592454503,0.5942028985507246
3941923.7251585703,0.3156538571892942,-0.051461982566381605,1.7733892916763032,0.5072463768115942
2572113.7471607905,0.20797524422972957,-0.13154974828760316,1.3692444732317386,0.5144927536231884
4482613.554193499,0.34991449281873943,-0.10496586665839389,1.89725515018415,0.5942028985507246
5697609.800087389,0.4162454925868444,-0.07209080197687631,2.055193667132117,0.5942028985507246
4066836.860709693,0.32388831885346936,-0.06104710221641488,1.794990168965741,0.5797101449275363
2734910.9775731144,0.22289350640475303,-0.0958051358966973,1.3750173458721129,0.5217391304347826
3304559.7123313565,0.2700555620434346,-0.08297663072332076,1.581720442669463,0.5362318840579711
2297445.937855236,0.1809977225706234,-0.07304439218346143,1.3739844886528945,0.47101449275362317
3877691.1457454935,0.3113379897525428,-0.09270753372194512,1.8753597786329204,0.5797101449275363
5229197.628634489,0.3921531394641866,-0.05901392047806393,1.9550947077508718,0.6014492753623188
4738602.743237738,0.36499185620458663,-0.07250774122337933,2.0152736659076593,0.6811594202898551
2949982.5309656966,0.2415490697170557,-0.08408110372064491,1.3967473726387942,0.5289855072463768
3189458.2374770185,0.26108216589288813,-0.08346151746746133,1.4230030403926486,0.5072463768115942
4013930.383136131,0.3204256956897118,-0.05896568319999981,1.9266105329053493,0.6086956521739131
3751930.5716696433,0.3027196339247744,-0.09891025106828688,1.558084728211347,0.6014492753623188
3807035.707462879,0.3065239945858018,-0.11446718611526012,2.086338349043631,0.6739130434782609
2804897.0908352938,0.22908915430927657,-0.1063368026524705,1.5051509246366892,0.5507246376811594
6276989.287986867,0.4439437574197902,-0.06374277524174998,2.1839256731174377,0.6304347826086957
2340474.1835401654,0.1853886675165879,-0.08722296664654211,1.4115361134411295,0.5434782608695652
2733825.4294906007,0.22279641216442458,-0.07468174274484693,1.6812359097677594,0.5652173913043478
4132092.6773985345,0.32810988988540823,-0.08906590798707484,1.8693820904067333,0.5217391304347826
4344923.8432309395,0.3415177821554747,-0.04981022253166399,2.1127762010891007,0.6086956521739131
4178414.4168423293,0.33107431217580907,-0.06694716127037979,1.831504291904379,0.5652173913043478
1956122.3124403462,0.14361331026630775,-0.18955767994020298,1.0083661086713394,0.4927536231884058
5008942.127841445,0.38022281755887666,-0.05214453304077868,1.7916988447462199,0.5579710144927537
4630296.399991192,0.35869431577770494,-0.08922092107440091,1.7394748403107532,0.5579710144927537
4594922.814595896,0.3566119680657145,-0.15177281350177005,2.1902698961409137,0.5869565217391305
5451723.689890226,0.4038049429217805,-0.05536832408070823,1.949880787263757,0.5579710144927537
2182773.526888293,0.16896561220927175,-0.12867970119934055,1.0771037978722255,0.5289855072463768
2792065.4262551717,0.22796253907403785,-0.157044754375776,1.5029944240761712,0.5869565217391305
2862413.1084505147,0.23408894643995692,-0.09596687081561453,1.4693182378271719,0.5579710144927537
5917492.992474954,0.4270117544552292,-0.04260796895007717,2.221083287912309,0.6666666666666666
3589665.6834576568,0.29125138590459376,-0.08781781109915741,1.5814169660581179,0.5072463768115942
3618811.435988514,0.2933414333733182,-0.15254296317500646,1.581344518829577,0.5289855072463768
2349789.492163088,0.1863307606633997,-0.10597569824286156,1.2357337419376389,0.4927536231884058
2898999.2310847347,0.2372276580539474,-0.07265618047046357,1.7068976630804458,0.5797101449275363
4768331.576536227,0.3667002991599466,-0.06248675749203965,1.9442762766011976,0.5434782608695652
4733449.089913438,0.36469481686448546,-0.06981420616037534,1.7171747847225551,0.5507246376811594
3892049.864057267,0.31230770626232873,-0.09499531822354026,1.5707365902026322,0.5289855072463768
1923638.0021311245,0.13978954668386612,-0.0961120584145964,0.9724298298634391,0.4782608695652174
3446587.9480321794,0.2807898375550768,-0.08491661467756766,1.5664780626379946,0.5362318840579711
2005373.8885764496,0.14931499030359419,-0.06517829608911463,1.090729159525412,0.5217391304347826
4257383.187993924,0.33606795625829333,-0.10433539433573122,1.8829013215394643,0.6376811594202898
4505768.209753537,0.3513061997842759,-0.09218254673196462,1.7642141651943886,0.5507246376811594
4866075.206683373,0.3722579748671875,-0.07913680956576957,1.7831890344001609,0.5797101449275363
2669747.5282301633,0.21700969689965754,-0.05965178032037596,1.419736616947174,0.5434782608695652
2189197.8200545055,0.16965289856619026,-0.06382813345700182,1.2922571577078255,0.4855072463768116
3241877.2633824386,0.2652003800781042,-0.09470656946829926,1.5336451755516534,0.5
2986209.2981471536,0.2445835275905648,-0.06910893189144479,1.4015934971724135,0.5217391304347826
3226509.6393371155,0.2639986013388018,-0.05183670951883022,1.4922853738544277,0.5507246376811594
2871830.8852645955,0.2348999480806695,-0.10652456614167337,1.6118106536860288,0.5217391304347826
4221067.112626307,0.333780769488091,-0.10602500752595097,1.8842494570337704,0.6014492753623188
4030643.3397260318,0.3215234503725053,-0.11986594385428703,2.0602998663413192,0.6304347826086957
4591824.742421527,0.3564289828050107,-0.0695997886695549,1.9513106678838295,0.5869565217391305
4155270.2819048236,0.3295964766692068,-0.061967588618269814,1.8735738839337202,0.5797101449275363
4797577.093074493,0.3683726726654999,-0.05481377460002605,1.887680851311497,0.5289855072463768
1639724.0616849947,0.1039620745718024,-0.11359108326221756,0.7898388142519334,0.5144927536231884
3667312.223179703,0.29678977407306073,-0.08426100781018937,1.6902685094577625,0.5797101449275363
2487764.6839203523,0.19994643463946393,-0.09129846751439276,1.2845588982205023,0.5362318840579711
3849117.1811520723,0.3093996682725788,-0.09022326512434571,1.8155520861288252,0.5797101449275363
2460091.806149244,0.19726493401923828,-0.06519607602104113,1.3395790590476373,0.5217391304347826
2145090.4047475616,0.16490127349484562,-0.09513272344405628,1.2947738836887084,0.5217391304347826
3519585.1109938007,0.28616975996070293,-0.0611682722205352,1.7280655187520295,0.6159420289855072
2730608.8505758825,0.22250853178040897,-0.11202177871423535,1.4091133264158329,0.5434782608695652
4346674.30473068,0.34162585755474173,-0.062397541310848494,1.8660486706066939,0.5869565217391305
3915504.900326767,0.3138856045699938,-0.06144696458239919,1.8658267521625602,0.5652173913043478
3292535.9987001945,0.269129988921214,-0.06859667127712371,1.694053573749748,0.5289855072463768
3105159.55643601,0.2543443680746029,-0.10603252292587544,1.437329684296616,0.5507246376811594
4355896.548745857,0.34219467468136755,-0.07049591980656025,1.9647537642309298,0.5942028985507246
2327422.6039692666,0.18406365223609433,-0.0792546221382097,1.346693345511027,0.5289855072463768
3971924.2737182314,0.31765038113027666,-0.09853434390438498,1.6284531640217232,0.5507246376811594
4316171.590591554,0.33973758231611684,-0.1114449686399285,2.0138790322912423,0.6014492753623188
3429215.6240313463,0.279496077288657,-0.11541920274043758,1.6478838334520842,0.5289855072463768
2788937.21058258,0.22768725509928678,-0.07400509720306872,1.4072407069682449,0.5797101449275363
2749294.2324364544,0.2241770804521528,-0.054483576779088716,1.4494230858877903,0.5507246376811594
7431591.2568545425,0.49353829648846825,-0.050086980888043184,2.4047692792026805,0.6304347826086957
3890664.518981515,0.3122142718008689,-0.04477621120000007,1.8014697502868828,0.5434782608695652
2760087.3085088944,0.22513674035817188,-0.0860027608481677,1.6428430612608431,0.5362318840579711
2830705.1907669427,0.23134266665025027,-0.08988731735283487,1.4461786549650697,0.5
1993365.6470042767,0.14793525475162128,-0.0747062608710693,1.0312352319848175,0.5434782608695652
3900923.4042122783,0.31290555111865936,-0.06604760278073141,1.96709656839698,0.6376811594202898
2775597.621303641,0.22651058706080818,-0.07013603032961516,1.3912281149231436,0.5434782608695652
2275351.696032318,0.17871743330594825,-0.10307757150663671,1.2115872706030992,0.5507246376811594
4127985.778608662,0.32784578241820905,-0.09829031256101907,1.5993121748478416,0.5507246376811594
2208713.9489725344,0.1717309319161593,-0.064485873983644,1.2643905709513987,0.5362318840579711
5438078.1094246255,0.40310149785183924,-0.06866619645456697,1.9169045371327074,0.5434782608695652
2952418.6776578086,0.24175406056136794,-0.0794298689549591,1.475241031437437,0.5434782608695652
1784916.9356083213,0.12285480564290019,-0.09457247401945515,1.033781264434251,0.5434782608695652
1825826.360899272,0.1279553139614964,-0.10385662073253664,1.0413475179822964,0.4855072463768116
5209734.098146802,0.3911152499399606,-0.09080497730408879,1.9905131225428494,0.6086956521739131
2842135.4878140427,0.2323354888120639,-0.06869100286998416,1.5166797600813924,0.5362318840579711
2206619.2372536478,0.1715085970912178,-0.11994797229098078,1.2363032031871783,0.5217391304347826
1671203.0969690064,0.10816861558736646,-0.07103248911386283,0.8660676417211474,0.4492753623188406
4431197.7538783215,0.34680346917939975,-0.04632433573840564,1.949548666055065,0.6159420289855072
3453234.7404267136,0.28128346109126623,-0.08215960958504752,1.4013792047180764,0.5144927536231884
4160932.160981223,0.32995861507705415,-0.058602629458544504,2.084235027381559,0.5797101449275363
4989117.160559129,0.37912852281040443,-0.13690857564455,1.8645042816355248,0.5362318840579711
2294812.1066350434,0.18072681512529298,-0.10289491534206288,1.3415494617945136,0.5144927536231884
2760279.0250462154,0.22515375956240113,-0.0709052773569201,1.4305266481049603,0.5362318840579711
4662243.437507066,0.36056404308356305,-0.05680440950579781,1.884970625438565,0.6231884057971014
3210059.5523825185,0.262707086747221,-0.09585455306286961,1.5989628588039282,0.5289855072463768
3422095.6259921044,0.2789643180785115,-0.059297204873574844,1.7104596536508856,0.5434782608695652
3746457.210391783,0.3023393273391297,-0.06672451982824378,1.7078209237414985,0.5217391304347826
5380683.416651152,0.4001271851696968,-0.11235271490694894,1.8888021424100885,0.5579710144927537
1941493.0130779485,0.14189761636208043,-0.1038431299619684,1.089981710106689,0.5
3437330.8038668456,0.2801010859575237,-0.05734619237911451,1.6703755760377088,0.5144927536231884
2211563.530101967,0.17203311867842608,-0.07835398368301787,1.2136294764533944,0.5652173913043478
2949260.941750323,0.24148832521575092,-0.13225912980576612,1.386552164143706,0.5652173913043478
2922044.5595120518,0.2391884785349334,-0.06967585256332229,1.37019939236196,0.5144927536231884
3962613.664304222,0.31703205880001994,-0.06938016837410563,1.7548081485762572,0.6159420289855072
4271859.97862176,0.3369753550338903,-0.07533611823756105,1.9567074096137334,0.572463768115942
2197461.9134182143,0.17053464237429772,-0.08363227901813533,1.131643618945227,0.5072463768115942
2360924.287615855,0.1874529533754834,-0.061177316640015106,1.3117481532040163,0.5579710144927537
3634503.072415365,0.29446111231347194,-0.08808385125183663,1.831309085168425,0.5652173913043478
3863447.107536457,0.31037317570964595,-0.08261054429920538,1.9535760316391493,0.6376811594202898
6630741.010001901,0.4598640469154347,-0.06907243338146805,2.1602410725481236,0.5869565217391305
3169568.2699202024,0.2595053660122648,-0.11965973225360389,1.4287391081883647,0.4927536231884058
6405366.707581771,0.44980235088655274,-0.06858738820351923,2.2643798402828894,0.5507246376811594
3263789.8253603126,0.26690612805045144,-0.07672728398483336,1.535291966193658,0.5579710144927537
4520042.2756789625,0.35216129205887503,-0.07504731174283259,2.018419326649511,0.6014492753623188
4948154.466770101,0.37685640658305797,-0.126826012450627,1.848767323599525,0.5652173913043478
5485815.9186151875,0.4055562999410931,-0.07509935233348759,2.1995770105303873,0.5869565217391305
2477651.0336807664,0.19896920222653103,-0.10160981110814737,1.2089398586739424,0.4855072463768116
2735105.3118432905,0.22291088491283872,-0.07083339375235496,1.809484855986021,0.6159420289855072
3081697.793406319,0.25244311445880685,-0.07053258183383954,1.5650005614757487,0.5434782608695652
3529617.3609978375,0.28690214685073445,-0.11732294371818178,1.500623379317407,0.5362318840579711
7768804.493579351,0.5068528313028462,-0.07374884073745383,2.202485502229014,0.6086956521739131
3697309.770312145,0.29890433935479854,-0.05943662906928042,1.7919845087981567,0.5942028985507246
4670385.108891423,0.3610389018460778,-0.07389282096800989,1.9660312227029546,0.6014492753623188
1736700.2084781718,0.11672174090123666,-0.16850941533509448,1.0495825536657162,0.5362318840579711
2416583.043293723,0.19299972829329737,-0.07493700119574681,1.3723427642811319,0.5652173913043478
4007491.956154029,0.3200018256431454,-0.08090635405060052,1.7875267572865376,0.572463768115942
3867328.6211355557,0.3106363701256598,-0.10435486369245765,2.0247010835821757,0.5869565217391305
3311960.440686863,0.2706239238350192,-0.06485893131033792,1.842452679434171,0.5869565217391305
2699755.7740418287,0.21973334230304165,-0.09017334769377024,1.5234091704819501,0.5652173913043478
2314150.441583392,0.18271013316446694,-0.09676748306525094,1.3371607039155622,0.5652173913043478
1888474.1206887416,0.13559169456083353,-0.09222743066141273,1.2120089830022354,0.5362318840579711
8272210.868689058,0.5258938383446805,-0.053342999751997695,2.298868482872257,0.5797101449275363
2694371.0436214465,0.21924639592513517,-0.11906264751911863,1.3672425834181934,0.5507246376811594
3444691.3951462363,0.280648850553624,-0.0688055057716421,1.78567296914679,0.5942028985507246
2289971.17780351,0.1802282432722515,-0.1358346230296872,1.147707584378033,0.5362318840579711
3515701.6673168796,0.2858858075300794,-0.07206388608022876,1.6086201972908891,0.572463768115942
3548395.0185782127,0.2882685129765894,-0.1152550922939805,1.6588415467923956,0.6231884057971014
2815151.0889600227,0.22998649123993453,-0.07630763427030875,1.6143772468000226,0.572463768115942
3225418.657550337,0.2639131104426087,-0.07458966005937846,1.5133637078065494,0.5507246376811594
3813014.1708610877,0.30693408288669377,-0.0920524800148152,1.6727415668929986,0.5507246376811594
2685164.1183520914,0.2184119981926984,-0.061400426086861824,1.5120454380500787,0.5942028985507246
5478608.716321332,0.40518678494173477,-0.05327620359628103,2.025538009663742,0.6014492753623188
2176235.7544903476,0.16826452218292687,-0.127379754235564,1.2233546581803194,0.5144927536231884
2015102.2671224852,0.15042793368514307,-0.10980511986813465,1.2072298912174275,0.5289855072463768
4026375.7958280942,0.3212434926173111,-0.08253874451292584,1.8681657475035016,0.6086956521739131
1820582.1005643513,0.12730661052584025,-0.049399922639944416,1.1641754704676848,0.5
3522960.9572851923,0.28641639394736984,-0.10290234477101606,1.8362616936292229,0.572463768115942
4088983.762790951,0.32532709627497125,-0.14217380648669048,1.739024239558522,0.5507246376811594
3072211.3371740673,0.2516710787574512,-0.08996216944896412,1.7446320430287032,0.5652173913043478
2279751.7632166734,0.1791729610163062,-0.06752180732672723,1.38815693151364,0.5652173913043478
2923673.832999173,0.23932663705693202,-0.09536403953221932,1.6142617522086857,0.572463768115942
2989794.098383479,0.24488219670944744,-0.09588789271809547,1.71844739349699,0.5434782608695652
3712972.0382492105,0.3000029437385825,-0.06326056313219958,1.652837002132923,0.5652173913043478
3104341.8544301027,0.2542782981710179,-0.10838357901535353,1.716029129713069,0.5869565217391305
4425115.975932442,0.3464335709891273,-0.07393230654750015,1.921057837123682,0.6304347826086957
2499758.583421376,0.20110123537722124,-0.1258030879119476,1.5469650337420413,0.5434782608695652
3057894.6065656226,0.2505023222833014,-0.06890968044455581,1.622980584112682,0.572463768115942
5708085.78133677,0.4167659094632594,-0.06865107010956475,2.0521856308753863,0.6231884057971014
2741059.6477346015,0.2234428782926381,-0.07456217124461348,1.3340928619700854,0.5362318840579711
3279357.7451483253,0.2681124293489736,-0.10389735902103304,1.4941615236720358,0.5362318840579711
1396026.2039751837,0.06900248322688451,-0.06587714389089533,0.7501581025499507,0.427536231884058
2517859.995381236,0.20283571693021174,-0.10934798777976748,1.466625692832968,0.5579710144927537
1790290.9751898684,0.1235301325387217,-0.08983500716893685,1.21233550065993,0.5942028985507246
3982921.7645334094,0.31837923820980296,-0.1099528736307618,1.5819800756933668,0.5144927536231884
2593473.297194428,0.209974885661107,-0.09651129369030328,1.588220018640529,0.6086956521739131
2727664.127669384,0.2222447442537725,-0.08740939141986166,1.386192383932996,0.5797101449275363
7648496.813067376,0.5021566267517299,-0.07323176344268785,2.3420551630662123,0.6956521739130435
4019881.978406285,0.3208170319514616,-0.04865163643504237,1.8804079882202047,0.5434782608695652
3571839.691381818,0.2899663806920547,-0.08785093129970888,1.6069046420183177,0.5144927536231884
3815225.681559634,0.3070856495094463,-0.08272117657228817,1.4780401182985212,0.463768115942029
3227123.610385613,0.264046702821191,-0.08627303065184767,1.5417691200394592,0.572463768115942
3185367.7983009014,0.26075853549726435,-0.1272124228444425,1.5941593801651297,0.5797101449275363
3066856.991107106,0.2512344839811307,-0.13717272211246784,1.5832604902941196,0.6014492753623188
1779506.8773078015,0.12217330745024624,-0.097843461675356,1.18529666414046,0.5797101449275363
1483915.3366524985,0.08213594890426279,-0.10654274240870326,0.6906017955019453,0.4855072463768116
3125463.6844871696,0.25598048467158363,-0.0825449505074354,1.4425326763664563,0.4927536231884058
3280846.6313366396,0.26822755751940397,-0.1532761214865812,1.4400203791184416,0.4782608695652174
5421345.22223757,0.402236968561273,-0.10309847350354899,1.9945908573821352,0.572463768115942
2607290.267562539,0.2112613977328639,-0.11986117426489006,1.3324599313899075,0.5942028985507246
2563291.5663362774,0.20714544987864691,-0.0626539904,1.4374144517297403,0.5362318840579711
3835479.135407801,0.30847046738352213,-0.07182659953607792,1.6142599826905393,0.5797101449275363
3091551.4212859944,0.25324302121893605,-0.10902251365642324,1.5190386523251018,0.5289855072463768
3310079.0782990973,0.2704795351891647,-0.04184865902615148,1.5513280221840535,0.5434782608695652
2871143.314742999,0.23484081074553953,-0.07271441663129585,1.4163408093387244,0.5652173913043478
3437976.167939677,0.28014915053213896,-0.09060124340117788,1.7161416133464338,0.5434782608695652
2786993.5760995033,0.22751609020312857,-0.13618794884717533,1.5117347783629886,0.5869565217391305
3263225.4172466923,0.26686230773095,-0.08077772104129184,1.542507656436859,0.5942028985507246
4761244.98148093,0.36629382514807673,-0.090624473296896,2.0819819359835225,0.5797101449275363
3114181.960841887,0.25507245121817257,-0.08437611993147907,1.5729829275472527,0.5507246376811594
5194869.180854635,0.3903204894264418,-0.1643504119690293,1.7850936256499288,0.5652173913043478
4228018.693963505,0.3342197951383177,-0.11051959545310329,1.936167013412602,0.5217391304347826
3867337.222111592,0.31063695309871897,-0.0920015875858749,1.746113822078643,0.5579710144927537
1936523.8377437773,0.14131248856435685,-0.11802845241046292,1.266408134150654,0.5507246376811594
2965700.021629151,0.2428692524565932,-0.10821867937884333,1.737477311858113,0.5652173913043478
2948239.6322709857,0.2414023294704586,-0.09666001259831261,1.529859987979292,0.5507246376811594
3500214.1603663703,0.2847508789873263,-0.08302604989644011,1.6535151525505798,0.5362318840579711
3569668.8852287834,0.28980954566035577,-0.07316130351572749,1.6431165054437982,0.6521739130434783
4037033.723628727,0.3219422267754162,-0.07038308678009053,1.7064550086088037,0.6014492753623188
3574483.834022606,0.290157310065567,-0.07486498186897686,1.6625931049369902,0.5579710144927537
2156120.0395821943,0.16609675609208852,-0.11565550152889655,1.1088888870032343,0.4782608695652174
2184840.4003688875,0.16918690767465572,-0.12674067321773091,1.1056998817887502,0.5217391304347826
2945850.10346098,0.24120103451771602,-0.07755709000505859,1.656627338947778,0.5652173913043478
3110600.4720147643,0.2547836371885257,-0.069371296,1.6265586360730482,0.5797101449275363
3411586.4343667803,0.27817781625406846,-0.07750995902457848,1.9250991676866436,0.5869565217391305
2479361.090825555,0.1991346605589972,-0.086770470891029,1.2435498617081815,0.4855072463768116
3372233.0973008554,0.2752153075403361,-0.11145062966677263,1.6325248933168106,0.5144927536231884
5570858.162651467,0.4098873705458723,-0.0911837070559954,2.0137790793180828,0.6159420289855072
2223110.3076974344,0.17325442935221513,-0.07641803492995472,1.3074358734709262,0.5144927536231884
2791927.969787613,0.22795044804527165,-0.05409144889044133,1.490852248335378,0.5217391304347826
5592918.917790363,0.41100224470344404,-0.07411314533500275,1.985984354896361,0.6594202898550725
3472820.3281637714,0.282733576883345,-0.07646772371541688,1.7378370332184447,0.5797101449275363
2756765.735280287,0.22484172492961685,-0.07737906104579297,1.4648733265314395,0.5579710144927537
4090277.7811326855,0.3254109694629175,-0.07904568452955746,1.706799655295836,0.5942028985507246
3409201.3923472576,0.2779990512893209,-0.06118298307178249,1.9176992032031754,0.5942028985507246
3138975.3851666492,0.2570645582042772,-0.08088398434038328,1.5941281828891247,0.6086956521739131
2495876.674153948,0.2007279621360245,-0.0909920077544446,1.3685176829811978,0.5434782608695652
4960474.296256955,0.3775413394464897,-0.07023754953674821,1.86150163278082,0.5507246376811594
2755822.3657764206,0.22475788490573345,-0.09607118537513568,1.4813279972623037,0.6014492753623188
2231483.818962777,0.17413693086257043,-0.10527240758684134,1.0980055833845785,0.45652173913043476
4922686.188538473,0.37543613643516194,-0.06660307325141897,2.0665696337670614,0.6376811594202898
3313794.5867531407,0.27076462562389825,-0.06971601435078444,1.9472352096148744,0.5942028985507246
2849315.3196747676,0.23295748832241459,-0.08073732460025049,1.5382390128029355,0.572463768115942
1844188.3070460658,0.13021496341385808,-0.16415515492945823,0.9919039465301187,0.4855072463768116
7597845.364884976,0.5001617573019914,-0.0910155828898272,2.245122079636115,0.5942028985507246
2920742.3839036794,0.2390780128185337,-0.07716067993595903,1.4416735514670198,0.5217391304347826
5046440.147468451,0.3822831860757654,-0.11396271455772039,1.692570104508507,0.5579710144927537
4691234.338509909,0.3622519100417718,-0.06079066142464007,2.0804996172051298,0.6231884057971014
2921162.1942129964,0.2391136303260799,-0.08753894468109884,1.41764575076485,0.5434782608695652
3186938.394920703,0.26088283842230053,-0.11513916071268354,1.5412269460226777,0.5579710144927537
3574275.1421523676,0.29014224486217066,-0.07084686966032144,1.7957937952979335,0.5579710144927537
3101798.0767773115,0.25407267317512594,-0.06048496000000001,1.7270070438836274,0.5797101449275363
4046920.5639319657,0.32258909018885173,-0.06433820979145177,1.6234063374945675,0.5434782608695652
2425257.1598094422,0.19385493523331965,-0.09584487976394279,1.474341207443011,0.5434782608695652
4050725.6538624247,0.3228377078071407,-0.07004165006178799,1.8423300260919435,0.6014492753623188
4937926.835108552,0.3762867543023374,-0.06397983151099591,2.1620803025139397,0.6014492753623188
3345366.1927596643,0.2731768483737389,-0.08555637738573849,1.5993311064215547,0.572463768115942
2113569.7322234516,0.16145748245785496,-0.12905434562442158,1.2901409113502131,0.5942028985507246
1819356.4439304487,0.12715478402489322,-0.15417956020535623,0.983286244869767,0.4782608695652174
2759757.4761501974,0.22510745801941834,-0.08815630528709627,1.380576588134533,0.5289855072463768
2037723.09952568,0.1529992737033139,-0.08180909340629514,1.1352409966841142,0.5217391304347826
3647094.970180875,0.2953568155257067,-0.05867695882059982,1.7226331020096464,0.5289855072463768
2413737.2087156554,0.19271861399230183,-0.09450649017387798,1.1715299678013715,0.4927536231884058
7228779.4323728895,0.48529594269673093,-0.05797138982278396,2.2666446760577603,0.5942028985507246
4112196.89486366,0.32682846535176524,-0.05859351462654251,1.8548007690323995,0.5652173913043478
3238736.585913849,0.2649551439560831,-0.09981766613595291,1.4865396274612876,0.5434782608695652
4515527.435856496,0.3518910630723222,-0.1005265606023404,1.78569384868301,0.5579710144927537
2355229.216247579,0.1868795199964992,-0.07554107311811524,1.4686982740877272,0.5362318840579711
5083465.990539115,0.3843056277409329,-0.03772899674809569,2.182540022544635,0.5797101449275363
2697347.692405338,0.2195156732821688,-0.07185932550982405,1.3778465668381812,0.5289855072463768
4210311.483481669,0.33310035882928624,-0.05860716159036915,1.8226568549173703,0.5652173913043478
2766088.4810638474,0.22566903301244268,-0.059707452939475304,1.8706774380261155,0.6086956521739131
6747463.6048800815,0.46496790503868257,-0.0974575060278094,1.9962288446120158,0.5797101449275363
3969481.874182324,0.3174882924132849,-0.07360811612067628,1.7081075462563693,0.6014492753623188
4425659.837572017,0.3464666656052495,-0.075836778694195,1.751150276682324,0.5289855072463768
3104758.6035776525,0.2543119730282908,-0.07262874615764929,1.5445427372071843,0.5434782608695652
3186634.721422513,0.2608588083815686,-0.08676766484578398,1.390310642092888,0.5072463768115942
3551538.8134158803,0.2884967072639508,-0.07460863002556734,1.7909030616655957,0.5869565217391305
4489706.458358361,0.35034142053013095,-0.06972026098143996,1.849987226868731,0.5869565217391305
4120147.337100123,0.3273411219582709,-0.0422436523716104,1.8692618840163406,0.5797101449275363
2665980.865684288,0.21666609481804677,-0.06331970729105717,1.6390502294271685,0.5869565217391305
3222805.8677578126,0.2637082744082939,-0.1200089135391144,1.636920040740736,0.572463768115942
2037431.3598873748,0.15296625696455401,-0.08610853094041854,1.2943370107746452,0.5652173913043478
2248509.2476621037,0.17592313742368293,-0.12078784565846715,1.0040040023156762,0.427536231884058
2898574.615931948,0.23719141269127308,-0.10319925426511424,1.4826797798513633,0.4855072463768116
2634043.755241027,0.21373701580281868,-0.07707648426471563,1.2951441053756962,0.5
1898552.594655708,0.1368012083214969,-0.08722572265386126,1.2058250160506103,0.5507246376811594
3501976.554357257,0.2848802300062172,-0.08342891412513,1.7554966675792905,0.572463768115942
3657671.864741185,0.29610727509414225,-0.09151060344402251,1.5977394081776548,0.4927536231884058
2873870.956667835,0.2350753461889059,-0.08996406800581368,1.4108007799355702,0.5
2376427.1845166194,0.18900834401747013,-0.07555668812330661,1.386033235387908,0.5362318840579711
5063076.542795246,0.38319337006445076,-0.11896435607846036,1.742856521219534,0.5942028985507246
5262054.840746941,0.3938982536757927,-0.07200324801556703,2.0691140999427176,0.6231884057971014
5825106.573833678,0.42252784147937383,-0.04886165507733334,2.1176495394992996,0.6159420289855072
1476510.2747260244,0.08105376762465988,-0.12459804528211749,0.7920513586534313,0.5
2642077.9234611113,0.21447652454506727,-0.06814711701522123,1.4580215469153115,0.5579710144927537
2432950.077676361,0.19461135787507855,-0.10751748808505095,1.504954939498542,0.5507246376811594
4358333.283183402,0.3423448086598797,-0.07376203647260844,1.9027651955434632,0.6304347826086957
3102466.4752459554,0.25412671589438385,-0.08289776051683082,1.7549352878493572,0.5434782608695652
3648964.723356733,0.2954896061998642,-0.10137895870077175,1.7716125203878077,0.6376811594202898
2648892.2364513357,0.21510234246206839,-0.06876914055128674,1.3797261910629743,0.5652173913043478
3817234.8859718954,0.3072232900809617,-0.08731513634134953,1.6585768811517294,0.5797101449275363
2763941.3589763166,0.22547869358102224,-0.07861095135912208,1.2892031271428257,0.5217391304347826
3260450.288754471,0.2666467601187301,-0.053162613890607814,1.8651057999619713,0.5797101449275363
2845582.166927336,0.2326342364356626,-0.13083477135946334,1.7139283091280273,0.5797101449275363
2537324.0383219495,0.20468967118897252,-0.06803332796978231,1.524495832085487,0.6086956521739131
1690500.8978397285,0.11071613599360375,-0.10233881800645195,0.7385764536220208,0.5144927536231884
3638190.4924577847,0.29472366737784794,-0.04709055144580028,1.9306323761840385,0.5507246376811594
3113681.2999555287,0.2550320935187116,-0.06230974351656774,1.724965333889918,0.5507246376811594
5282188.766056407,0.39496330486249986,-0.10175458136980804,2.179586288756554,0.6014492753623188
2989177.850560783,0.2448308741651244,-0.05804981375531203,1.906013807742829,0.5869565217391305
2501939.18947066,0.20131071282202573,-0.07417364370323701,1.4401724851977231,0.5579710144927537
3811789.96527182,0.30685015130660576,-0.06376671240988817,1.6645414502345004,0.572463768115942
1886196.7142500395,0.13531766885451124,-0.08675901007991188,1.0587136839217381,0.5144927536231884
4496076.980951618,0.3507244078070686,-0.10500947309454652,1.7877704622207535,0.5217391304347826
3074808.901696568,0.251882665591572,-0.05399378375948971,1.9100540388395648,0.5942028985507246
2145705.5855383086,0.16496808118668738,-0.07286582788595135,1.2817855063830164,0.6086956521739131
1841564.629297161,0.12989319488791562,-0.14414646327067182,0.9785274187533233,0.45652173913043476
2613005.407461193,0.21179194600119033,-0.08619622784075502,1.5017952807554948,0.5797101449275363
3732496.7053061086,0.3013672903292439,-0.0824161471594748,1.6839461844924033,0.5289855072463768
3932823.577578821,0.3150458436283372,-0.07661839195067502,1.8769646405449703,0.6086956521739131
3200419.023475303,0.2619477354719304,-0.08744608791013116,1.625998993328233,0.5652173913043478
2472414.4023702536,0.19846195771693043,-0.11601723903441108,1.4205205145164668,0.5507246376811594
4357614.787787752,0.34230054714488234,-0.05863648480237262,1.7295656910716914,0.5652173913043478
5102142.054787148,0.3853212919155804,-0.07698991272670774,1.8187303500074896,0.5579710144927537
2528261.156617826,0.2038278504555593,-0.07712294965812065,1.2876057305579842,0.5217391304347826
2844440.349405788,0.23253529925931105,-0.08535922536377691,1.4261552587687,0.5
2761628.3250120077,0.22527351388965866,-0.10677239319522305,1.4446850984011324,0.4927536231884058
3252435.7824783204,0.2660234385738207,-0.05850996669840197,1.8044551064069267,0.6159420289855072
3753162.145477222,0.30280514642203626,-0.06373099136807955,2.26059200120692,0.6594202898550725
4329039.333829719,0.3405354596626442,-0.0557283149540335,1.8730573941739002,0.6014492753623188
3874402.125039119,0.3111154613618803,-0.05163112524141159,2.261453153748471,0.5942028985507246
1703196.0251323807,0.1123793727225737,-0.12133147004203672,0.9859623904510424,0.5507246376811594
2966495.589423318,0.24293592681071918,-0.10312226465613213,1.597817321892086,0.6086956521739131
1337023.103633372,0.05980943709308284,-0.13160484985240448,0.5762449787521885,0.5
2805564.7571021398,0.22914766221291205,-0.06596896527696956,1.4837733742550068,0.5507246376811594
2680057.1846588724,0.21794818382952097,-0.08922342593005714,1.6303384289408014,0.5289855072463768
3012789.430168802,0.24679127892660047,-0.1752272974001433,1.443438204869482,0.5144927536231884
3058754.2746760575,0.2505726253014926,-0.08721995580298439,1.5244570819146197,0.5797101449275363
3306682.045803653,0.27021865724943184,-0.11663909906166976,1.6127126648641996,0.6014492753623188
8326480.567811845,0.527890725111213,-0.05749776924438989,2.112464199105924,0.5797101449275363
2980465.594364935,0.24410439002395123,-0.1132691562112042,1.5375764140174335,0.5289855072463768
1920415.115725185,0.13940736703250534,-0.14010710970843465,1.0333622757494576,0.4855072463768116
3825604.1150093297,0.30779600144602415,-0.07271441663129587,1.6864357534854884,0.5869565217391305
5901454.18330579,0.4262373581521306,-0.068206287699648,2.0995512547434747,0.5797101449275363
2258761.3468789686,0.17699351358085136,-0.06725739513955592,1.447464600501159,0.572463768115942
2100360.045600698,0.16000203109870603,-0.11683207287488662,1.0726569733985736,0.5434782608695652
3138755.9244555314,0.25704698023927497,-0.040921049246847176,1.7464173646889685,0.5869565217391305
3381047.079439445,0.27588121598364457,-0.10336969422251624,1.4259226965405636,0.5507246376811594
4224398.329788192,0.33399122392311265,-0.08053052756085834,1.882648204897215,0.5289855072463768
2902984.3315465203,0.23756762141969823,-0.04700900391310975,1.6465703818014448,0.5217391304347826
2412248.0403871997,0.19257140680960072,-0.0687104806841647,1.3027500147120008,0.5144927536231884
2514567.916647539,0.20252101297576708,-0.06697454094591404,1.4227064874115583,0.5217391304347826
6266809.250646688,0.44347509495142434,-0.05779587330207075,2.034501545200906,0.6014492753623188
3085965.6629950884,0.25278982627907487,-0.08137155086817871,1.6530509399579225,0.5289855072463768
2262953.4016953167,0.17743006811729645,-0.13108882154245982,1.3451892020167955,0.5434782608695652
3645418.5746754915,0.29523771088319717,-0.08272663490067303,1.8650206474433868,0.6159420289855072
3685016.3235422904,0.2980394244797524,-0.09203322446436321,1.6297093835789507,0.5289855072463768
2867796.8288249304,0.23455282056945093,-0.09889740160166414,1.389239690657686,0.5289855072463768
5243098.48237479,0.39289250996423464,-0.056300696863740465,2.0174496718724066,0.6376811594202898
3492297.2992038867,0.2841691769227619,-0.06869396455545396,1.5899449822418281,0.572463768115942
4861251.974094832,0.3719858317192457,-0.051086385035533324,1.8101397862434954,0.6304347826086957
7926582.252848699,0.5129242850685205,-0.06206559500399002,2.2546487083939244,0.6304347826086957
3753587.444207528,0.3028346711928831,-0.08286389434424815,1.7125041361406388,0.5217391304347826
3588047.259786331,0.2911349311161393,-0.05201279641378389,1.76618206281122,0.5579710144927537
3208085.000503608,0.26255170680507467,-0.06284165455125261,1.6584513207735614,0.5869565217391305
3142335.8662952273,0.257333597199054,-0.06998114657722915,1.5428967747339795,0.5579710144927537
4127401.072424911,0.32780816389554435,-0.08434178480992474,1.8000668263668478,0.6159420289855072
2909958.440226892,0.23816167554378098,-0.12472916332688706,1.2957174863177274,0.5362318840579711
3833242.337047374,0.3083178153952897,-0.07796724939437298,1.7781977572905225,0.6159420289855072
4490437.363067207,0.3503853836109432,-0.08307999009548395,1.6122230305956067,0.5289855072463768
4868250.1960258195,0.37238062455375576,-0.05491694272600983,1.96075602791783,0.5797101449275363
4530896.383125007,0.35281006594579867,-0.05865613503338554,1.6773989556734652,0.5652173913043478
2414970.534576861,0.192840475655361,-0.06674247387451343,1.365681493004955,0.5072463768115942
2362529.378058804,0.18761436907981022,-0.13667105640383614,1.2986193321910555,0.5507246376811594
2205729.7177784014,0.17141413151542428,-0.07714423286696746,1.3163782765160787,0.5652173913043478
2337551.1005868874,0.18509242654643465,-0.10790422071623595,1.1982475241176356,0.4927536231884058
1836762.5159611986,0.12930331132619788,-0.0916852966162553,0.9233450837446258,0.4927536231884058
3110111.744526752,0.2547442052007327,-0.09437191526589493,1.5482084955274231,0.5579710144927537
3399033.0759070017,0.2772357857152761,-0.08980717672440476,1.5541854591176467,0.5289855072463768
2317098.2893573088,0.183011295462429,-0.07902687567782993,1.2805576799539258,0.5289855072463768
2821476.8952533184,0.23053876513377114,-0.07086053693418945,1.3691792493272055,0.5362318840579711
2278575.715783322,0.17905127675233246,-0.12059779446926866,1.2869733889791333,0.5072463768115942
7472474.569440382,0.495177968735504,-0.0876066660728107,2.1147949052986093,0.5579710144927537
3498612.9860008075,0.28463331551303606,-0.10406589616406203,1.4923788268879903,0.5362318840579711
3097120.5204282682,0.253694212871991,-0.05367105692869874,1.6480248370221144,0.5869565217391305
3589943.8159035784,0.2912713948863659,-0.06915613338857585,1.6376010047985186,0.572463768115942
3173245.8724679705,0.25979750749567954,-0.13162084183210138,1.4066770839315825,0.5144927536231884
3722082.084214577,0.3006402488614781,-0.09632445032119556,1.7775107853195393,0.6159420289855072
4947916.647840325,0.37684317139347434,-0.04488337973689943,1.9767384504690186,0.572463768115942
6243998.940191053,0.44242275213141924,-0.048132974185009496,1.9989499453274144,0.6304347826086957
3207266.3903126637,0.26248726691639934,-0.08475949983732141,1.6183359553613115,0.5217391304347826
2818279.6159468205,0.23025975092574935,-0.1619090867464463,1.5487996527543788,0.5797101449275363
2128358.270629514,0.16307828413763903,-0.09811576955218547,1.1726150323310314,0.5579710144927537
2426155.280571181,0.19394334376419953,-0.11102833912450835,1.4357474710004876,0.5652173913043478
1555652.641656835,0.09240209953759249,-0.12112173289057195,0.8426501304578277,0.463768115942029
2323960.561700647,0.1837111834015659,-0.11979019523662388,1.5812540070618017,0.5507246376811594
2188196.8507734495,0.169545918667251,-0.1267142425375545,1.1755019308182377,0.4927536231884058
2870267.5423014746,0.2347654699210635,-0.12917387217462808,1.336737259014814,0.5434782608695652
5832922.892197373,0.42290939561068086,-0.119910847808594,2.104100972611254,0.6231884057971014
3108934.7195393653,0.25464921897368464,-0.08513428240906817,1.3622967950695002,0.4492753623188406
3973380.7238046657,0.31774699981982346,-0.08772517848001651,1.6889849224733338,0.5579710144927537
2138673.767846463,0.16420352124236048,-0.09323576684948161,1.3510677520101015,0.5797101449275363
2862620.6046116934,0.2341068377285025,-0.09708983598230099,1.6314010770918974,0.5362318840579711
1869796.420319958,0.1333364713180505,-0.1049930809564212,1.1779866640182624,0.5434782608695652
3813956.7248002416,0.30699868973198696,-0.07089883950336984,1.7632317959208998,0.5434782608695652
2210333.19188656,0.17190268443060086,-0.0673047398994844,1.3253457122606653,0.4927536231884058
3752830.3692771792,0.3027821122439871,-0.07330225957220422,1.8741611764565258,0.572463768115942
5408931.319039747,0.40159420559432846,-0.06381375929801529,2.0158019054941803,0.6014492753623188
2201312.9196351664,0.1709446225965212,-0.09870962021475087,1.3997077261687008,0.5289855072463768
2709149.267026026,0.22058094813513485,-0.08436227674095406,1.5308771859014176,0.5289855072463768
3143604.7119167554,0.25743512069514063,-0.11527636686390352,1.471450255480916,0.5217391304347826
2595886.6456713304,0.2101999895589861,-0.1272247602528901,1.2476615226648837,0.463768115942029
6670472.07466835,0.4616093550963538,-0.0512905994543787,1.9758304920504166,0.6159420289855072
2300187.6149709993,0.18127945890093788,-0.1073401756289287,1.2595317024921664,0.5434782608695652
3700902.1830187906,0.2991566518887101,-0.060075636535856465,1.7815091640245146,0.5869565217391305
2425507.499313368,0.19387958059613197,-0.09028044088088637,1.3889428916427986,0.5289855072463768
4021451.0524186934,0.32092012633039824,-0.09127831021365189,1.679394139081206,0.5579710144927537
3134515.0938738547,0.25670711267226376,-0.07425409859519166,1.7353910537904693,0.572463768115942
2056338.1293989252,0.15509819627412624,-0.16501664271958005,1.2158989228521793,0.5362318840579711
3629707.3938126317,0.2941193270192979,-0.08672042001491896,1.6566143328125034,0.5942028985507246
3329578.670604459,0.27197289296489524,-0.06902793690133387,1.5386549830466147,0.5579710144927537
1997376.7754717555,0.14839686741155123,-0.08987572688858023,1.050159034830496,0.5144927536231884
2280932.8966223393,0.17929512098593392,-0.09048030090666817,1.239314440323557,0.5072463768115942
2978606.4015477635,0.24394913862250966,-0.06756390051043965,1.5968892801440722,0.5507246376811594
3011241.6104490906,0.24666314485880259,-0.12853170851767381,1.5796303767582665,0.5289855072463768
3682179.688709252,0.29783952316092455,-0.07746687344322792,1.7257613370536262,0.6014492753623188
4180862.280721921,0.33123023378360195,-0.06895382495103405,1.947405014494042,0.5942028985507246
4827340.474985331,0.370066307006198,-0.06756627341458901,2.0165682998177563,0.6231884057971014
2903895.126060674,0.23764526761004534,-0.10589364364423282,1.458012820756298,0.5362318840579711
4179651.976714327,0.33115315016884495,-0.08256741756716245,1.8149681047453678,0.5797101449275363
3963595.843336382,0.31709734061409045,-0.06595832962877587,1.8405690167564281,0.5797101449275363
2894591.0464152624,0.23685116617785296,-0.10023092927463953,1.3735646987617827,0.5652173913043478
2877999.5986531763,0.2354300076407727,-0.06130513750050126,1.5465153441300503,0.5507246376811594
2749258.818174663,0.22417392665722802,-0.07760892565321272,1.9584890671240842,0.6304347826086957
1997613.2364833422,0.1484240568962898,-0.07664464980963766,1.167188995338363,0.5362318840579711
2038537.391880057,0.1530914087392936,-0.12559087300043434,1.392100018345775,0.5797101449275363
2279827.050177336,0.17918074916035587,-0.09583538409290103,1.262598960368301,0.5797101449275363
2125390.3982925215,0.1627537339998828,-0.082154568910683,1.1951428374005322,0.5
3071071.7793746726,0.2515782099370485,-0.0726314220309945,1.6169247588303515,0.6086956521739131
4092911.310697034,0.325581598968282,-0.07003936575697498,2.155837481606897,0.644927536231884
2930132.5837418525,0.23987371846807992,-0.09650605229671218,1.4873882223316697,0.5652173913043478
2679874.253666325,0.21793155682956855,-0.07335106250625165,1.5356758242729318,0.6014492753623188
2323548.449347207,0.18366919847153995,-0.07924293068843977,1.255581691754835,0.5579710144927537
2136214.672226409,0.16393567249820307,-0.11421926464405877,1.2663422935800286,0.5144927536231884
4346350.959302922,0.3416058964780553,-0.07479983606534908,1.8551377282846782,0.5579710144927537
4650002.523248743,0.3598488480704394,-0.05395066176537078,1.8254829636763694,0.5289855072463768
2289626.5361975613,0.18019271616605348,-0.08645043595985319,1.400138611910663,0.5652173913043478
3978267.4558044327,0.3180709713359411,-0.11154441681927212,1.7287378672350848,0.5434782608695652
3241935.9916471657,0.26520496399528604,-0.2155192259292775,1.5301592008545923,0.5362318840579711
3370535.040581385,0.2750868570960474,-0.07430657822129406,1.4982558699719482,0.5579710144927537
3029639.939856322,0.2481828281665428,-0.07448090845395605,1.5669913931962656,0.5507246376811594
3675194.470739308,0.2973467400957299,-0.061785788173289,1.9123778580481532,0.5362318840579711
2020717.8073806954,0.1510684059122287,-0.06275658946199185,1.3287622669855461,0.5507246376811594
7082419.389467335,0.47923211838229607,-0.07044277312780385,2.2970119164627185,0.6521739130434783
2547931.428308278,0.2056952422388696,-0.07417599753341235,1.7001492930757585,0.5797101449275363
2353762.238817156,0.18673163125519032,-0.14188060932988655,1.2571708167585685,0.5434782608695652
3462192.147853435,0.2819474813051288,-0.07162513575607131,1.6775019530243809,0.6014492753623188
3059989.736967263,0.2506736328111172,-0.15290010433969684,1.3870496154757785,0.4782608695652174
1943192.8079669315,0.14209749473747624,-0.0610940712022979,1.2780637086141013,0.5652173913043478
3565045.214786321,0.28947524314237905,-0.07274437963376486,1.6843434726548374,0.5797101449275363
5324352.523081237,0.39718321764424314,-0.09932333097802172,2.006424950089216,0.572463768115942
3113947.1253474457,0.25505352204486376,-0.1324406016678541,1.4987565537726848,0.5434782608695652
5463490.693955821,0.40441041511246656,-0.05577932079574165,2.236099151802636,0.6159420289855072
2547170.6279568705,0.20562323065070665,-0.10552904005253229,1.4325431483561408,0.5
4700822.908244026,0.36280832570510557,-0.06832550399320786,1.7328551006899287,0.5217391304347826
2915747.5700572496,0.2386539287266427,-0.08453238868280408,1.6172083446350847,0.6231884057971014
3906472.64713623,0.31327887245626296,-0.08509196344237928,1.7907453748077788,0.5289855072463768
5592245.697361567,0.4109682745604808,-0.06730139375399517,2.197960120587927,0.6376811594202898
3483167.871467582,0.2834970687345266,-0.1739336277672388,1.4513631801068212,0.5144927536231884
2344337.2485915073,0.18577971760879342,-0.1068376067456481,1.1662521516531574,0.5144927536231884
3108500.0067964587,0.25461413026578694,-0.062215652591003166,1.5725004414186767,0.5362318840579711
3568916.410909921,0.2897551635629536,-0.051292375365971525,1.7991285664998906,0.5797101449275363
1882841.5928027083,0.13491348600737618,-0.09998460262458106,1.0187248044318369,0.4927536231884058
3481517.0282515786,0.28337538328540823,-0.06499880704032039,1.6199113927332836,0.5507246376811594
4274864.899426203,0.33716339374094306,-0.05640825339749501,1.9920950395039856,0.6231884057971014
2999739.9448315315,0.24570934161532354,-0.08648531671749,1.4914011351996481,0.4855072463768116
2659908.9996092943,0.21611138919736805,-0.0876129024993434,1.4415337371625982,0.5072463768115942
3947113.0299744615,0.31600007071869163,-0.08956973367217,1.5903055630186675,0.5579710144927537
3334189.163525292,0.27232496012356666,-0.10921249137529837,1.5873305752677813,0.572463768115942
6152408.184519569,0.4381660362899096,-0.06983418074466953,1.927123166685616,0.5652173913043478
3334313.461744927,0.2723344464101176,-0.07251185959882749,1.5896328348736128,0.5507246376811594
2936284.0326719466,0.24039387398357892,-0.14028695075185868,1.3911232870903771,0.5289855072463768
2476270.54931553,0.1988355653887499,-0.08950639645183174,1.215751376990869,0.5797101449275363
2652073.506380246,0.21539406538203543,-0.08098105044372653,1.4620607104540426,0.5144927536231884
1874562.9207283882,0.1339137051522945,-0.09618797198624307,1.048338486205851,0.5072463768115942
4749476.021676744,0.3656177087364041,-0.052968309849484,2.095274633612391,0.6159420289855072
5093048.720229117,0.38482713945820435,-0.06308111599649917,1.9349593998531718,0.6666666666666666
3640021.808351851,0.2948539833018877,-0.06857432223691887,1.6549691659325148,0.5942028985507246
2626246.2977368026,0.2130175676791468,-0.053432474980729394,1.4610234370535857,0.572463768115942
2061884.6453618936,0.1557206492959866,-0.11736794937980614,1.2849192709875237,0.5217391304347826
2410072.117854647,0.19235618186200254,-0.054475940398047616,1.341053448716929,0.5434782608695652
2689822.6853917115,0.21883447658152755,-0.09528017415278568,1.3916973192774407,0.5217391304347826
2199938.4509653007,0.17079836180865104,-0.09191996009190333,1.318024745443555,0.5652173913043478
2880772.3129444113,0.23566796286009017,-0.09628391200067388,1.6840026214497805,0.572463768115942
6119600.23900744,0.4366289393556242,-0.06759324973409069,1.96950351484928,0.5579710144927537
2511499.734830685,0.20222741540432398,-0.0781661335049666,1.2900725024426962,0.5434782608695652
2921356.9970262465,0.2391301563774606,-0.059399090868700405,1.459989758957809,0.5507246376811594
3432747.8488082117,0.2797595548474181,-0.06688916349686275,1.7220973370669796,0.6231884057971014
3178756.604311189,0.2602347625336585,-0.09831595328369813,1.40685006253632,0.5434782608695652
4060205.9756342983,0.3234563230545442,-0.046084990391791585,1.7414886216782564,0.6014492753623188
2857358.573929732,0.23365280004616262,-0.05448528245291008,1.5679232764193949,0.5289855072463768
2567983.023960697,0.20758700169201583,-0.09902390086143147,1.3675475932971326,0.5434782608695652
2832499.5794850886,0.23149873711391034,-0.0696134733567745,1.5308272277174162,0.5507246376811594
2686239.501722408,0.21850957510754854,-0.12956194149606742,1.4458847917697646,0.5579710144927537
2900444.524850264,0.23735099723350994,-0.09531642946084805,1.5006739850098127,0.47101449275362317
4116952.7866184455,0.3271352276755235,-0.0732375659303894,1.66625204951404,0.5652173913043478
5267469.282725505,0.3941849886895974,-0.09663546809297516,1.9846663322581655,0.6086956521739131
2936943.8809342566,0.24044961778571983,-0.10148001949198265,1.554162663124415,0.5507246376811594
2601306.0105827814,0.21070486872262806,-0.063260732622063,1.6529353132634226,0.572463768115942
5717417.014453859,0.4172288154998385,-0.07159321346707244,2.2098380200454417,0.572463768115942
4960011.643446017,0.3775156424218562,-0.06295793358989323,2.0981143833378044,0.5579710144927537
2460221.192822893,0.19727752760359585,-0.06286928912192012,1.3328039126815576,0.5217391304347826
2476068.333963455,0.1988159850666389,-0.07177381870024452,1.354598496207893,0.6014492753623188
2213782.7370012905,0.1722682410781804,-0.10845211519527201,1.0882135334042382,0.5144927536231884
2071446.2840366445,0.15679055803728903,-0.06557850586813305,1.1815564248526251,0.5144927536231884
4763553.773608015,0.3664263063270692,-0.06376102632723762,2.11946313855479,0.6014492753623188
1982053.43957069,0.14662939702940037,-0.07752685147573551,1.1403561962786617,0.5217391304347826
2532581.4992896807,0.20423899449146266,-0.07848083405891182,1.627018165045531,0.5942028985507246
3401807.8939108476,0.27744425324378486,-0.08568891710865978,1.6980595048452238,0.572463768115942
3280957.1795449327,0.2682361039959913,-0.08293512000040841,1.5891291118273367,0.5507246376811594
1843613.641449561,0.13014451761130608,-0.1700019611936365,0.8760081205630315,0.5072463768115942
3231518.1853932114,0.2643907816592832,-0.1109806365331998,1.6540197465436324,0.5434782608695652
3983531.7276266115,0.31841961627740956,-0.07406480046540181,1.6916060646944462,0.5797101449275363
2595701.979515468,0.21018277083028747,-0.09341700013145457,1.3043970995798828,0.5507246376811594
4484438.576095671,0.3500243939901986,-0.05909928201082851,2.0092610967029296,0.5869565217391305
3859020.0324441916,0.31007272996324486,-0.0737263848777082,1.7805835431111392,0.6014492753623188
3391726.1178640574,0.27668617389764627,-0.08629142504280435,1.7621155767763759,0.5869565217391305
3713293.437328148,0.3000254489057854,-0.08329835535690833,1.6972321457120694,0.5797101449275363
3217979.9681233787,0.263329586664544,-0.08748293541863651,1.586631653103057,0.5507246376811594
2040202.2216821287,0.15327968825234972,-0.10432669464869095,1.5600662287700156,0.5797101449275363
3544056.0866505755,0.287953303121395,-0.05542245715641128,1.7867775798403087,0.6014492753623188
3326700.9159027543,0.27175294368755565,-0.05527667409684458,2.222063602484104,0.6376811594202898
2228880.1345986277,0.17386280745309346,-0.09975768617498122,1.1548593114027748,0.5072463768115942
4792763.598558011,0.36809797986853154,-0.055152763156619676,2.08930764841673,0.5797101449275363
3639196.384347402,0.2947952528559843,-0.06430505932910413,1.7903485071297816,0.6014492753623188
4397899.447169502,0.34477324224306805,-0.054194198817535934,1.8636432251032404,0.5869565217391305
3498907.854114271,0.2846549689302138,-0.07514236256911976,1.7919796939741144,0.5579710144927537
2403515.9165344853,0.1917067533803618,-0.06477611921820932,1.3632118468775063,0.5
8586997.532731121,0.5373341252664317,-0.044479999999999985,2.378944770315748,0.6811594202898551
4659044.889788459,0.36037730792908484,-0.10491076259890177,1.762398917538883,0.5797101449275363
3111129.863210782,0.2548263444535859,-0.06723667098899837,1.6607654984056035,0.5652173913043478
3152677.488630182,0.2581601024605422,-0.046833914609828005,1.8632450563543432,0.6086956521739131
3435185.7203830592,0.2799412753629946,-0.09013186587426301,1.87577272039057,0.5579710144927537
2285188.842203014,0.17973487737709437,-0.07685019783371222,1.5206514533232796,0.5869565217391305
2933943.247934473,0.24019604425609375,-0.0852071294222355,1.611058217136168,0.5289855072463768
1950958.5816844476,0.14300889442106524,-0.11053883876938853,1.1384738881628613,0.5362318840579711
2835460.349414618,0.23175608302067507,-0.11390765428082757,1.4314704400676415,0.5434782608695652
1945429.4879912513,0.14236029226578584,-0.0667921119820292,1.1203500022892847,0.5507246376811594
2470629.513170434,0.19828886862785144,-0.06704000495478671,1.2812024574056207,0.5289855072463768
3617622.2966857594,0.29325642395257945,-0.05779708005786526,1.7381126156934048,0.5869565217391305
2648826.2315915767,0.21509628683941928,-0.06014508424902446,1.5592146134890954,0.5289855072463768
2715425.0204845225,0.2211459208534996,-0.128970470008017,1.533524528233896,0.5797101449275363
3710365.6565074595,0.2998203807839992,-0.10388931399593641,1.5852009060619612,0.5217391304347826
2780917.3449710314,0.22698037425087447,-0.118526113877537,1.326188167268403,0.4927536231884058
4244904.203236957,0.33528379596724545,-0.09058172714846319,1.7710264233117077,0.6014492753623188
5811964.715809626,0.42188539649884005,-0.09446947066932754,1.9826256520897532,0.5579710144927537
1931028.416200742,0.14066399411607455,-0.11303980180927707,1.0523597055815535,0.5217391304347826
2358106.0776697802,0.18716932795343033,-0.13589525264215233,1.29581424183001,0.5362318840579711
3068772.2748507624,0.251390726717587,-0.07392405140870778,1.5555289013660203,0.5797101449275363
4168166.126460559,0.3304207322556929,-0.05748102196782478,1.670833645707341,0.5579710144927537
2446803.195040535,0.19596868352003538,-0.0833494468600421,1.1460204838245467,0.4855072463768116
5117738.557803461,0.38616720318454223,-0.06677435577974164,2.059150410353102,0.6304347826086957
2467695.783891807,0.19800415365381885,-0.05633963429338321,1.5944401462135582,0.5144927536231884
2166181.4907454057,0.16718303946475288,-0.14315763752609312,1.1992515574283873,0.5652173913043478
4133203.90023652,0.32818131458118494,-0.11189100935827842,1.639290477203063,0.5507246376811594
4288906.225883757,0.33804065786195503,-0.07600826822436474,1.834246041666391,0.572463768115942
2739531.0143933226,0.22330638998935348,-0.07765131022782992,1.4972593475720295,0.5942028985507246
3532108.906933484,0.28708377961829457,-0.060120970995391966,1.6268923153819468,0.5652173913043478
3620118.358374064,0.2934348371207123,-0.0876464090131974,1.7794813355178798,0.572463768115942
3398302.253576911,0.2771808575812442,-0.08807479115560578,1.5847463967234219,0.5217391304347826
4353666.319385028,0.34205720515343563,-0.07259267201376876,1.7565459766755271,0.5652173913043478
3521546.0522947633,0.2863130462534573,-0.07426408797100542,1.7342512553265657,0.5362318840579711
5682636.833413626,0.41550034775917255,-0.06421352689582187,2.2621855001435636,0.6231884057971014
3031468.8741355557,0.24833349249383607,-0.158561695165016,1.3218405892740204,0.5217391304347826
3919605.0512928115,0.314160658460366,-0.07439478536182179,1.773257391896542,0.5289855072463768
2070931.6564728203,0.15673307400016911,-0.07211661749242557,1.3921114534640746,0.5652173913043478
3019925.565009975,0.2473813535515883,-0.12832233210608587,1.413991747223927,0.5579710144927537
3065652.5862196693,0.2511361924914193,-0.0792180217575936,1.365630860000649,0.4927536231884058
1691284.8703725564,0.11081913617063477,-0.1455934064314228,0.7662936069499131,0.4420289855072464
5100960.342531874,0.38525711483798153,-0.06683500211494749,1.948345265549197,0.5289855072463768
3740848.212026601,0.3019491348325887,-0.13403942693609228,1.8100858691893909,0.6086956521739131
2690134.586076852,0.2188627414689579,-0.1045159505269576,1.3519948306324028,0.47101449275362317
2942905.4532349464,0.24095279614704568,-0.080013589309929,1.6078764539048038,0.5507246376811594
2668036.941827691,0.21685370207461574,-0.10794324788818509,1.3078191702390785,0.5507246376811594
4712468.029482536,0.36348286146872,-0.07185500847602029,1.7519739180452856,0.5362318840579711
5924758.560178898,0.4273620028550702,-0.04890046826630496,2.1260211127801623,0.5797101449275363
2269389.259741176,0.1780990316897071,-0.06895754015974154,1.2818421296982851,0.5
2698874.601561215,0.21965371022568014,-0.04447062348420625,1.486084979796225,0.5362318840579711
2576145.640249486,0.20835371707727268,-0.05464356085237195,1.5914251753439648,0.5652173913043478
4634112.9656460015,0.35891822529727113,-0.060194041562129166,1.9578730896343453,0.6666666666666666
2792473.6231602165,0.2279984423299508,-0.10298149422170794,1.3818957114907269,0.5
4783005.304376525,0.367540423113512,-0.06138442308810194,1.8278125056314998,0.6014492753623188
2813678.532555541,0.22985778741446983,-0.08616545613248834,1.5512949184739164,0.5289855072463768
3987680.749532369,0.3186941402277781,-0.05964410239999998,1.7881422914919505,0.6304347826086957
2426157.5575914434,0.19394356787451805,-0.12626677497815997,1.246956800051781,0.5217391304347826
2991388.743844768,0.24501496320063065,-0.07666285960538577,1.878112838977964,0.6086956521739131
2472006.1870638332,0.198422379980417,-0.13829347594607422,1.3422965367056856,0.6014492753623188
3236415.1938999244,0.26477375847161233,-0.07797904657375274,1.7041899126636935,0.5507246376811594
6477681.350286593,0.45306123276711174,-0.07038528651659572,2.0678963605337337,0.5869565217391305
2714274.092065647,0.22104238716184965,-0.08896287064169285,1.4188078819879995,0.5362318840579711
3984054.819956127,0.31845423977303566,-0.08519070281500914,1.5597851713798063,0.5869565217391305
3553828.456487977,0.2886628007362544,-0.13425934207082663,1.541821732062895,0.5217391304347826
2522218.6779113817,0.20325187608753348,-0.09900034207472111,1.4286826360540297,0.5652173913043478
3584284.8833128996,0.29086404424528856,-0.10284561974430342,1.5375739919741969,0.5507246376811594
2305317.581197779,0.18180589638652522,-0.08332450881704985,1.4052135248301765,0.5289855072463768
4642654.462557069,0.35941880211568233,-0.12434180585572853,1.9323237026133533,0.572463768115942
2332395.919333862,0.18456924972403743,-0.10652656284672497,1.3026046106381595,0.5507246376811594
3201097.02462501,0.2620011990662634,-0.04535212520227216,1.7677192485965934,0.5942028985507246
3013564.6389264097,0.24685543369607044,-0.0655201631949314,1.703318288860642,0.572463768115942
5490625.425860427,0.4058026685360543,-0.06760078046579396,1.9536204470935667,0.5652173913043478
3482262.7913571266,0.28343036001009136,-0.11506074879012841,1.7560721255512663,0.6304347826086957
3648183.0545487152,0.2954340983682322,-0.08339522895741613,1.5733116240905238,0.5579710144927537
2885981.446670216,0.23611451734738753,-0.10159202101400416,1.5790161036542039,0.5942028985507246
5686535.622335512,0.41569452603675616,-0.055673203526400976,2.2855264291756963,0.5942028985507246
4499481.150441086,0.3509288839717295,-0.05228440363065316,1.8947309743913774,0.5434782608695652
2707912.664050753,0.22046949988752162,-0.11475486341769002,1.4220154932273446,0.5434782608695652
3401803.6561283153,0.2774439349698665,-0.07174227843196043,1.8371920879062817,0.5797101449275363
2921005.2841144567,0.23910031825324363,-0.08217426570361065,1.6851105695034745,0.5289855072463768
2368478.664533783,0.1882118940926425,-0.09305373025491952,1.316538616690407,0.5289855072463768
4313154.035425817,0.3395502003732884,-0.06318085653212058,1.8079847728225267,0.5
3409321.8357219333,0.2780080812248207,-0.07123082547594695,1.8628810276132854,0.6014492753623188
2836886.7815207606,0.2318799897415451,-0.08882143591360003,1.4373470919095725,0.5362318840579711
4231521.798986866,0.3344408142092006,-0.05759413332054967,2.1391826591219045,0.6014492753623188
2972507.2514621667,0.2434392858014902,-0.09192729057969058,1.4411095827653522,0.4927536231884058
3425956.1024198295,0.27925274865932925,-0.0841494569615612,1.481217854265563,0.5
2506346.8982453262,0.20173368875968256,-0.13116811493270827,1.4912131584227566,0.5507246376811594
3323033.7192964177,0.27147243600113313,-0.17104210591475988,1.8075512715792843,0.5869565217391305
3124415.3851968986,0.2558962206862547,-0.06435236924880036,1.8079451001934517,0.5942028985507246
4375206.608417168,0.34338258272299815,-0.08098105687678922,1.9728389914465938,0.5579710144927537
2399223.3854845413,0.1912807860323098,-0.07137810061486975,1.244037354687553,0.5217391304347826
1900543.1354538072,0.137039484658126,-0.07521278049185855,1.0496514484919421,0.5
4062060.4501309767,0.3235771971056909,-0.11669405902703867,1.8391179033727239,0.5942028985507246
2938727.4787481255,0.24060024551732306,-0.09134673671041052,1.4867425069433953,0.5579710144927537
2714664.1972339237,0.2210774836589533,-0.08027910124849431,1.3839901081126094,0.5434782608695652
2551299.2498602383,0.20601380820944515,-0.07997606345385332,1.6912713887958544,0.5869565217391305
2490516.530705623,0.20021178197657052,-0.18964323480413903,1.3335526111066018,0.5217391304347826
3278814.6487105647,0.26807042399158254,-0.08363365088096243,1.5648934299104347,0.5652173913043478
2696369.2228027917,0.21942718397096406,-0.1234342459014815,1.3305707624197662,0.5
5087307.28716612,0.3845147733125118,-0.06664821589809124,1.9433310882283206,0.6086956521739131
4556875.4343305575,0.3543578565243861,-0.091061083997564,1.7563918992643015,0.5797101449275363
4611565.569076299,0.3575932737884606,-0.06401921615857532,1.857001425680906,0.5434782608695652
3764839.1175788483,0.3036148062106523,-0.08515339269877492,1.7885783618247726,0.5942028985507246
3603688.674310896,0.292258665125678,-0.1092729001718946,1.5219910583727263,0.5289855072463768
3675193.606047227,0.2973466790483177,-0.10636579908135534,1.5919401112239018,0.5217391304347826
2703242.469874042,0.22004823329507062,-0.11685689822079201,1.307821693710776,0.4855072463768116
5211701.005135656,0.39122027569119044,-0.05195053286036182,2.02179634798899,0.6014492753623188
3169216.163002206,0.2594773811119473,-0.06307401749939222,1.5781383377587948,0.5652173913043478
6148262.080314242,0.43797214817164454,-0.08987789750443416,2.2081534587909695,0.6376811594202898
4703866.719097003,0.36298476531556134,-0.046193402954309716,2.0449165120983457,0.5652173913043478
2711424.150203249,0.22078586463297856,-0.0664835598848614,1.3956101025780254,0.5217391304347826
1848536.237713384,0.130747389366201,-0.09076219059147346,1.0180381479756637,0.5289855072463768
2579504.525740684,0.2086686532041524,-0.08643624998020029,1.4707508880305726,0.5869565217391305
3965047.910926615,0.31719383048026173,-0.06855598796194158,1.8374916626971356,0.5869565217391305
2287849.6397058233,0.18000947828385927,-0.08534536646499462,1.297274947160481,0.5072463768115942
3377440.595315908,0.27560890922185877,-0.06334275615121918,1.880541095273395,0.6086956521739131
4630043.369005419,0.35867946578766197,-0.06361811824676449,1.8557820489880834,0.6086956521739131
4367464.782254672,0.3429068290331443,-0.05760316547043227,1.971088479512907,0.5362318840579711
3182515.3271349296,0.2605326547534965,-0.05322149197722488,1.6629526410051052,0.572463768115942
3676791.846152027,0.2974594954672829,-0.07915536896895327,1.7569674016484573,0.5942028985507246
1577500.0026484514,0.0954533144755807,-0.10907676076044119,0.7326113083367398,0.4420289855072464
2082643.3816747374,0.15803845728100652,-0.1178011113180436,1.181573606286761,0.4927536231884058
4073566.4212209205,0.32432616751803556,-0.08684599642845645,1.6799910522588202,0.5507246376811594
1940907.1376497052,0.14182869100219353,-0.11968393181160134,1.039818099364543,0.5072463768115942
2531178.742751054,0.2041055631678217,-0.12230025566771326,1.4984673002774265,0.572463768115942
2932192.0243746717,0.24004795827943148,-0.08146261260502992,1.50997514186704,0.5434782608695652
4258219.082499914,0.3361204168480669,-0.10761530034098388,1.7525835913652348,0.5579710144927537
4163350.4923094427,0.3301131733827489,-0.06974096918398268,1.8218748670582376,0.5942028985507246
4897818.466334803,0.37404367356654733,-0.04672366109487987,2.092785376733081,0.5869565217391305
7244737.883636045,0.4859511603538631,-0.07828726364407276,2.306171339805984,0.6521739130434783
3495626.899243309,0.2844139521912512,-0.11372178706945352,1.4933139143393441,0.5434782608695652
2832104.5194916436,0.23146438279087134,-0.12151119243360212,1.4637414178533963,0.5652173913043478
5175245.357011162,0.3892685005211718,-0.10611628979522167,2.1212779749693356,0.6014492753623188
3850026.7664021947,0.3094615472960305,-0.08855864763500564,1.7409716020650945,0.5362318840579711
6189709.895317286,0.4399057265710189,-0.048899131565139344,2.093923325135569,0.6086956521739131
2660446.6157522197,0.2161605448837376,-0.10332322614307578,1.4076881382846653,0.5652173913043478
7447325.557999908,0.4941701908996341,-0.06410682838145447,2.13198007052418,0.5652173913043478
3754415.3495462793,0.302892137744351,-0.06793689080232879,1.804177087802587,0.572463768115942
5123735.4555933215,0.38649190947403356,-0.07570047384062213,1.9349637239538033,0.5652173913043478
3134517.413968504,0.25670729870924225,-0.13027330103306667,1.5101821238308313,0.5579710144927537
9315513.797783814,0.562576766729221,-0.0698841594153794,2.1625286958789767,0.5579710144927537
2425151.9601399833,0.19384457795444354,-0.09476845532262816,1.3127204395591079,0.4927536231884058
3306512.8313302,0.27020565667797736,-0.0754334424178024,1.7524711739918453,0.5434782608695652
3192474.3686821563,0.26132058577803896,-0.10689009410092425,1.6568457529001666,0.5652173913043478
3578149.234591802,0.29042179607592566,-0.09107198480757847,1.79331531979163,0.5652173913043478
4119587.0512178633,0.32730501980527116,-0.059195598129151955,1.8878020400827706,0.5652173913043478
1564403.579334576,0.09362835079931475,-0.15113184941051164,0.7263041949098208,0.47101449275362317
4346222.410348115,0.3415979604380197,-0.08845200587143598,1.618342599312088,0.5579710144927537
3161388.2552847196,0.2588545881335871,-0.13625957978421163,1.5090802689407259,0.5289855072463768
4672874.431138202,0.361183958077274,-0.04621551551398135,2.028843258636156,0.5797101449275363
3999639.5416553007,0.3194841285337615,-0.054164214684321546,1.7351178209303506,0.5869565217391305
3998332.2503226586,0.3193978619733564,-0.051029138922064184,1.9433896003202034,0.5507246376811594
2545856.2957895594,0.20549878539094357,-0.10409666393707523,1.5996736613441986,0.5289855072463768
5446776.245019487,0.40355005949551215,-0.06930800891362196,2.057720951266061,0.6159420289855072
1963225.8954710695,0.14444270393581138,-0.13818576343100283,1.0904019707890629,0.5362318840579711
2087295.6910514445,0.1585553720511801,-0.08378074542262876,1.1994851212657442,0.5289855072463768
5527630.088254046,0.407692492460235,-0.09044996787257005,2.17129987214447,0.6159420289855072
4086989.705232028,0.32519780771156825,-0.08300062172390896,1.9719404563643594,0.5942028985507246
3598590.84491308,0.2918928485635275,-0.11807710170299374,1.6569421911858224,0.5507246376811594
3715200.2771204747,0.30015893855664966,-0.07075932073955753,1.6864056146778015,0.5362318840579711
2398419.735678025,0.19120096846481394,-0.07300247539401299,1.4485018594305266,0.5507246376811594
3254743.4450070155,0.26620304095426417,-0.09045668964716137,1.6612563950198078,0.6086956521739131
2151061.3613875853,0.16554906376270595,-0.07767579387967852,1.1528270171920338,0.5507246376811594
5523286.843599948,0.4074712086450547,-0.050771853152568054,2.0480504243419713,0.5579710144927537
2528025.5375128756,0.20380541168066446,-0.08248465039743026,1.383601704135708,0.5579710144927537
2856637.8622444053,0.23359056090584485,-0.08097288028268226,1.3339717447049564,0.5072463768115942
2901402.753843115,0.2374327439406747,-0.10638165006357643,1.6034228040130616,0.572463768115942
2757019.746799258,0.2248642957586704,-0.07337132934926233,1.4227681854814827,0.4855072463768116
5119131.093666024,0.38624263015143634,-0.054792503337822644,2.0458865510224262,0.6304347826086957
6174361.611044423,0.4391909261811464,-0.06117130750453551,2.122723856397267,0.6594202898550725
3277341.482483992,0.26795645510086197,-0.11043020580046799,1.4261173784531875,0.5072463768115942
4897350.04072842,0.374017389951925,-0.07046583992296497,2.0454544016178935,0.6086956521739131
3334743.2939355522,0.27236724849129734,-0.10314236669858978,1.7616955416020135,0.5144927536231884
3031626.4942172724,0.24834647354976358,-0.09651893175959331,1.7356919206586818,0.5652173913043478
4917914.607178053,0.3751693897330355,-0.04447999999999994,1.9815994019884293,0.644927536231884
3125980.0566205364,0.2560219831839241,-0.09906312707519448,1.5624306617037216,0.5072463768115942
3326737.003413584,0.27175570282942907,-0.08332308054848066,1.5840771192736391,0.5362318840579711
7561354.701261697,0.49871799622271373,-0.08788273390927287,2.1034022060849793,0.5652173913043478
5809953.134914924,0.4217869570311814,-0.08748059837925468,2.280691008011007,0.6594202898550725
2361707.006080187,0.18753167831607098,-0.0670911529272067,1.5467067550981015,0.5434782608695652
5924467.89653224,0.42734799754557473,-0.07891507728243437,2.4161874202713993,0.644927536231884
1995644.4117026713,0.14819759287287915,-0.06454451560462225,1.1815024537467518,0.5072463768115942
3631538.77367532,0.2942498910368314,-0.11057677913556448,1.7565023375137168,0.6086956521739131
1457877.5857885594,0.07831143762491499,-0.11693608515828004,0.693903665879625,0.427536231884058
3512443.957481797,0.2856474143580714,-0.10422501520493173,1.7093994589511714,0.6304347826086957
2976675.0647326238,0.24378778073917018,-0.08228488373899921,1.508763943062328,0.5797101449275363
2296831.9268722846,0.18093458958512953,-0.16998822468339045,1.2665561979489086,0.5507246376811594
2596495.9868779476,0.21025679908829198,-0.12833452588305463,1.3333328229346249,0.4855072463768116
2542438.004932573,0.20517488962212482,-0.0780141621424537,1.2216897107698148,0.5217391304347826
3366164.1727274954,0.2747559820711545,-0.08021799976030021,1.5202818394584008,0.5507246376811594
4048481.851314564,0.3226911244660844,-0.08365752471935776,1.7389734895806963,0.6666666666666666
3063512.749357225,0.2509614841663004,-0.07023515731894082,1.6540742277641456,0.5507246376811594
3537210.9280848242,0.28745539544052434,-0.10091512071003732,1.7475543683934114,0.6086956521739131
2465198.330666959,0.19776156530010192,-0.09116682842462816,1.2185025709575417,0.572463768115942
3479231.0936277634,0.28320680832201583,-0.10758898444212313,1.6157335054651765,0.5217391304347826
2398236.840378314,0.1911828005269285,-0.08726955840227246,1.3099139848253787,0.5652173913043478
3411106.7165123587,0.2781418682151029,-0.06149483613056603,1.6801651619728242,0.572463768115942
3017798.980433459,0.24720562674034574,-0.08686832011323922,1.3924312998096626,0.4855072463768116
2201745.0798737453,0.17099059479518486,-0.07910228097334424,1.2868936142533285,0.5289855072463768
2633738.1852147686,0.21370885386645444,-0.10660443790809754,1.508272425256262,0.5434782608695652
2795170.53623457,0.22823554583408234,-0.12380573801545428,1.3353296794932479,0.4927536231884058
2079889.9704140115,0.15773209242757402,-0.12416794106134842,1.22822363453635,0.5362318840579711
2784936.62658267,0.22733484225220524,-0.08616743380463897,1.4639326172022018,0.5362318840579711
3966598.9260714203,0.31729686419066905,-0.06094079538695803,1.6530237314779417,0.5362318840579711
2119215.3563713795,0.1620773018571371,-0.08702010085518155,1.207716951968441,0.5507246376811594
2792352.3423818266,0.2279877754292421,-0.10176722085410404,1.350851650170314,0.4927536231884058
2258111.462255083,0.17692577751530658,-0.09126460379883936,1.261172103190824,0.4927536231884058
3633857.1186537184,0.2944150965881682,-0.08522943043800059,1.9018749424645518,0.6159420289855072
5893287.156654911,0.4258423852709565,-0.07715734693221196,2.0845848111225047,0.6376811594202898
1780691.0314598829,0.1223226154004542,-0.11645594725949043,1.0117367207146652,0.5362318840579711
2688196.849159056,0.21868709849987167,-0.10619561936073102,1.3471861656185582,0.47101449275362317
1986656.9618586935,0.1471615357425562,-0.1016733421787803,1.1511383747434667,0.5362318840579711
2931925.5773955276,0.240025420939451,-0.07222646514738892,1.581949021806381,0.572463768115942
2970416.5960084535,0.24326432678102372,-0.06221567054206893,1.9180183228162995,0.6014492753623188
3289003.054656273,0.2688575125724133,-0.09315353445990383,1.6141987008137415,0.5144927536231884
2383538.9313704264,0.1897191440274475,-0.11487345775155369,1.2852605913011885,0.5
3186879.591380281,0.2608781853720685,-0.0856099684104135,1.4569118132906809,0.5434782608695652
1633284.9111838622,0.10309366377408424,-0.07347538333675135,1.0570841721408561,0.572463768115942
3438046.8684563115,0.2801544156333151,-0.06662707618210935,1.6898541166265144,0.5942028985507246
2408401.7756953025,0.19219085940949454,-0.09139402437347807,1.311501046464516,0.4927536231884058
4077759.1865628664,0.3245986709544302,-0.05320112733405521,2.039225971550156,0.6159420289855072
2701848.304255436,0.21992236221059702,-0.10726540880799593,1.3629671964656682,0.47101449275362317
2537496.3572633783,0.20470603371947194,-0.08822974030134165,1.3948303450227801,0.5869565217391305
2653625.4782152786,0.21553627984022317,-0.08058161799030525,1.5761400949707014,0.5797101449275363
2621939.6816429645,0.21261947623105004,-0.058663762280452204,1.57662089220718,0.5869565217391305
5012945.62828957,0.38044338137275857,-0.08809897198486182,1.6899681036320653,0.5217391304347826
2354847.24790214,0.18684102014979564,-0.11391581894382505,1.2702559166642713,0.5507246376811594
3204708.8803340327,0.2622858583794696,-0.07992561595350882,1.700304081406575,0.5797101449275363
2179607.166641147,0.16862627184521206,-0.10401512891651751,1.1538329461707615,0.4927536231884058
3095778.6446725526,0.25358555752664946,-0.07500631826756123,1.9690156219251358,0.6159420289855072
4178365.015022134,0.3310711646754292,-0.07269088772269518,1.8781725668969256,0.6376811594202898
3339854.398093556,0.2727570367109886,-0.13710367461100906,1.427501353994523,0.5507246376811594
6166481.807094181,0.438823395521996,-0.07139693003760289,2.0968469899210858,0.6086956521739131
1987563.6339501627,0.14726622513264798,-0.09871618578131652,1.115489043596897,0.5217391304347826
3438953.8378087915,0.2802219503917631,-0.07488027887304136,1.5977717021160984,0.5434782608695652
1851350.0746359024,0.13109142408547325,-0.09773932915222813,1.0240221969048073,0.4927536231884058
5626578.300080093,0.4126965136689058,-0.0939110919502944,1.8685260594654955,0.572463768115942
2641628.575191075,0.2144352116034982,-0.07674195751942799,1.4827866704039776,0.5072463768115942
2921233.722936582,0.23911969855114656,-0.0668613870387805,1.5043208181513925,0.5
2800049.2086914824,0.22866399767672307,-0.06281857714144168,1.7556273026670293,0.5797101449275363
4099173.095920158,0.3259869550429937,-0.08495984838301888,1.722719258286817,0.572463768115942
2532822.485383137,0.2042619113299442,-0.07097765937983705,1.3905028866509046,0.5
4596145.736434062,0.35668417183839396,-0.08694051266736513,1.714112435626397,0.4927536231884058
2014415.092002234,0.15034946091252,-0.08438045403370384,1.1208276579897059,0.5
2563484.933878252,0.20716366206397363,-0.07857618174616292,1.5480958168600274,0.5652173913043478
2848093.5608623875,0.23285173413644378,-0.08233962709973353,1.5893844123864136,0.5362318840579711
4241888.6584316995,0.3350940271245486,-0.08443810751667027,1.7147967735818865,0.5579710144927537
2551174.837794972,0.2060020459204548,-0.06027949017599912,1.4055673870265175,0.5362318840579711
2681975.158963863,0.21812245808928732,-0.0872355462655529,1.2808196035445027,0.5362318840579711
2529842.6091486653,0.20397841405038553,-0.0901154205598077,1.3893634968682893,0.6014492753623188
2765104.6363054947,0.22558183119947373,-0.10860654546860427,1.6207181809461089,0.5797101449275363
6418432.108205674,0.4503933182190196,-0.05456458466418982,2.027513878368751,0.6086956521739131
2983206.471088028,0.24433312496604298,-0.09220343009838264,1.4158492155541862,0.5217391304347826
3372679.224184386,0.2752490464730655,-0.09259632108994686,1.525936890940938,0.5072463768115942
3551253.9276539413,0.2884760353150313,-0.10890488935275656,1.5640567879288405,0.5434782608695652
3253087.3758543693,0.2660741615668498,-0.08496122486101648,1.5445610997179533,0.4782608695652174
2371457.8944010283,0.18851066618145973,-0.09574047658141326,1.4016322993543229,0.5652173913043478
4427150.165290126,0.3465573371175015,-0.04674324021913088,1.9083088513957605,0.6231884057971014
3088239.5172281237,0.25297439231329033,-0.06690227015416296,1.7526159400603352,0.5797101449275363
4020527.0823764666,0.32085942173434057,-0.11430458204959203,1.9955555668859222,0.6811594202898551
3127280.8516853056,0.2561264979463622,-0.08594268114097245,1.5204541136212486,0.5869565217391305
4421680.169893096,0.346224422933912,-0.06892160329309807,1.8381408894950404,0.5797101449275363
4648636.667492972,0.35976895238730333,-0.1473432678054379,1.645545931001725,0.5507246376811594
4013978.430446296,0.3204288568107643,-0.05955523528461767,2.0355588095733457,0.6304347826086957
3151513.8657159004,0.25806721378917796,-0.07039634130485098,1.6890328521847142,0.5652173913043478
3044857.789097963,0.24943423817634547,-0.12350019853596962,1.6126795771626268,0.5434782608695652
2375180.191626683,0.1888835351224185,-0.13614549945407511,1.342781386996531,0.5579710144927537
2567561.2594185,0.20754733236106526,-0.06742978671583129,1.439525426195772,0.5362318840579711
3257589.1985896165,0.26642438204346264,-0.08393784813402767,1.640240208245552,0.5507246376811594
2514029.872521292,0.20246954769244785,-0.09430968992963754,1.3052482760160389,0.5217391304347826
4593511.278233195,0.3565286089955644,-0.06731719988625307,1.77657477305038,0.6086956521739131
2875944.1107707582,0.23525348661632095,-0.07857093587715498,1.3749665891202634,0.5289855072463768
3613994.4510646164,0.29299693761596024,-0.05498827100601723,1.9149704142645505,0.6086956521739131
2184968.37775292,0.1692006044166383,-0.0940965486313906,1.262022758184313,0.5434782608695652
2854487.6760655334,0.23340480068975888,-0.09133856418336117,1.310671859190508,0.5144927536231884
5007426.064419781,0.38013925665293535,-0.09855210245243651,1.979676795653275,0.6304347826086957
3300539.3681253567,0.26974638033065235,-0.13490875093795848,1.6771824350862337,0.5652173913043478
2023741.9696308335,0.15141273262929422,-0.11597406851850761,1.332695511615065,0.5
2901357.909320345,0.2374289187272416,-0.09290034428390771,1.4115960922696575,0.5579710144927537
1523022.7728990961,0.08778052560121785,-0.1684306497794454,0.726651276040796,0.5072463768115942
3845551.7210836103,0.3091569974055519,-0.10632094732823992,1.6554388912335622,0.5507246376811594
2931857.634176006,0.24001967371987543,-0.045160139861836,1.7798611070471617,0.6086956521739131
3161715.792786701,0.25888067192762776,-0.11126467205911354,1.781747499162775,0.5942028985507246
4257338.032400617,0.3360651220667461,-0.06609876443029086,1.8081734787530253,0.6159420289855072
2705978.9440916837,0.2202951426658042,-0.09896880187203141,1.5278670834795733,0.5869565217391305
2508652.993004847,0.20195475092556725,-0.09086085172222244,1.4727993149696825,0.4927536231884058
2925698.518871978,0.23949823980676066,-0.0467696390741832,1.5935499874397965,0.572463768115942
3810252.177687934,0.3067446899703079,-0.06815789408914914,1.719629828086868,0.5869565217391305
2305831.8213884356,0.18185861605306552,-0.13959386408974345,1.3393812013426425,0.5072463768115942
3577140.792325283,0.29034905106044184,-0.08387087954346788,1.6259166735821033,0.6159420289855072
2565837.5904282653,0.2073851573764982,-0.10286173594607949,1.3074444180375904,0.5289855072463768
4246549.40201083,0.33538728319197486,-0.06869033287047115,1.7697652026515525,0.5797101449275363
3350335.2927213577,0.27355485108631594,-0.11220949886398551,1.5956146064311671,0.5797101449275363
4908129.276599406,0.3746217100403535,-0.06259377680652711,2.1644940052042916,0.6086956521739131
3215157.6033952655,0.2631079054576533,-0.08739588125803341,1.4984118190626192,0.5507246376811594
4780419.36374432,0.3673925184740985,-0.038433594199999956,2.032322038920024,0.6304347826086957
2172773.087548714,0.16789251395418825,-0.09688033571946689,1.4118788527266262,0.6014492753623188
5548837.792602073,0.40877100947430023,-0.08032429205673262,1.832339423306786,0.5869565217391305
4297028.137730663,0.3385470445794392,-0.07820145720832901,1.7016561670857848,0.5434782608695652
3428135.366217289,0.27941545477993945,-0.06003400229644754,1.9239120560859981,0.5797101449275363
2784872.88786994,0.22732922420988677,-0.08888299422450661,1.530820094074799,0.5144927536231884
3137881.406344848,0.25697692491080737,-0.0705069440634242,1.6052750288938946,0.5362318840579711
4440335.909998011,0.34735849567060795,-0.05381092058421261,1.9838745444407344,0.5942028985507246
2231711.894051937,0.17416093107583097,-0.11159889809418401,1.2139679252930247,0.572463768115942
2955951.555900526,0.2420510961855591,-0.06286460298979821,1.6988303088590653,0.5579710144927537
3567282.735682828,0.2896370645814601,-0.06571417825231844,1.6372232439542096,0.5362318840579711
3072215.6799829425,0.2516714326240703,-0.14549919887280827,1.5391781644614724,0.5289855072463768
2535032.845906403,0.20447202667001063,-0.08139779910631473,1.402963276443372,0.5652173913043478
3944117.2444122047,0.3158002461164082,-0.08436699012724354,1.719493492264387,0.5289855072463768
3213245.1372687253,0.26295760327371775,-0.06344962545198486,1.5998307338668183,0.5507246376811594
3873495.402765945,0.31105408782057653,-0.0828358869230935,1.8719692411274322,0.6231884057971014
4931141.430699515,0.3759083040007474,-0.05768583800534369,2.1795426750028977,0.6521739130434783
6667227.850704389,0.4614671549404805,-0.08228989274635828,2.037180660323336,0.572463768115942
4939514.726632415,0.37637525755868206,-0.08997504538697232,1.8249415186658886,0.5797101449275363
3697053.263858712,0.2988863161642956,-0.05572055019589816,1.808445769856634,0.5579710144927537
5826769.20518841,0.4226090372267981,-0.04747859216473599,2.092637583952356,0.5797101449275363
2850824.3574373955,0.23308805901539942,-0.1591852029195264,1.532948519785292,0.5579710144927537
1906433.3134958295,0.13774339688994086,-0.07450231057676555,1.0963839030633677,0.5579710144927537
4074336.4617449236,0.3243762321351249,-0.08089641292558983,1.6438907235571654,0.5072463768115942
1534136.7408224957,0.0893634859231871,-0.1421499038898797,0.8484760293739397,0.4927536231884058
2751780.304562503,0.22439839487334945,-0.10904996432434134,1.4165759378053175,0.5217391304347826
3028097.4692762718,0.24805570563484447,-0.10543880921508952,1.3963341446168576,0.5144927536231884
4721724.256301537,0.36401807157038846,-0.07513042460400485,2.0210392117095197,0.5652173913043478
1761059.6282591377,0.11983699874304476,-0.0802420287388739,0.919225946329919,0.463768115942029
2084488.8970726083,0.15824362161104277,-0.07134205370898013,1.2004033325273165,0.5144927536231884
2265276.0072421986,0.17767166244962374,-0.07650915922104226,1.4475618660349796,0.5507246376811594
3589177.951418289,0.29121629523276304,-0.08629690485662668,1.6591676142273246,0.6014492753623188
2967177.267561881,0.24299304500655206,-0.09958341044028234,1.5949755500827447,0.5072463768115942
4701139.527310689,0.36282668331967494,-0.07884730833832139,1.7933429627988817,0.6086956521739131
2145985.2615037486,0.16499844850170353,-0.08016557584807874,1.1062806041863913,0.5434782608695652
3232964.5256790235,0.2645039428367719,-0.06350959106109205,1.685166264461009,0.5652173913043478
1945619.6921106316,0.14238262904414967,-0.09141915321694422,1.15093588315783,0.4855072463768116
3795699.5699581457,0.30574498386593474,-0.06066400830366061,1.999348742789423,0.5869565217391305
3746798.306685931,0.30236304077913423,-0.06226374159814653,1.8600887903470449,0.5869565217391305
2745625.3620281816,0.22385017863325007,-0.0877193680773,1.5527732165931596,0.5144927536231884
4474634.4561201,0.34943357795660046,-0.08138049424442906,1.837501838494093,0.5362318840579711
2524898.9786390467,0.20350750077989344,-0.0642200203225239,1.6209884238643637,0.6014492753623188
3639139.4065979,0.2947911983904479,-0.0837016662694426,1.9239171228476477,0.6594202898550725
3453543.1888109287,0.2813063495262238,-0.1419301763831104,1.7296457357438204,0.5434782608695652
2651018.188416343,0.21529732361449128,-0.08168094451209568,1.9546084201095992,0.6014492753623188
4405695.18962217,0.34524965515909156,-0.08158086048606311,1.7601044908821561,0.5217391304347826
2291010.756418457,0.18033538150327777,-0.11369694331048838,1.2369956069887507,0.5
2930613.4336249745,0.2399144097326611,-0.08643831654574556,1.4094216731678793,0.5434782608695652
4333552.351984994,0.3408148444955723,-0.08408411472689231,1.8324453913837595,0.5869565217391305
5280940.888855561,0.394897388724341,-0.07642135347193128,2.0892585663461025,0.5942028985507246
4559913.709877414,0.3545384107403522,-0.06756259045331066,1.8245680600455536,0.6376811594202898
3665238.191172137,0.29664306215031755,-0.07403284466052798,1.8316121080067993,0.5869565217391305
6744419.438815766,0.46483569504529787,-0.08835877969878154,2.315185477627537,0.6666666666666666
2522794.768589888,0.2033068371322344,-0.1215302447766811,1.4287857729773517,0.5434782608695652
3222263.170507979,0.26366571167059427,-0.09767737723456613,1.5316538784345128,0.5362318840579711
2028548.689578186,0.1519591726356635,-0.1697017406077368,1.1243811570756999,0.5217391304347826
5409735.862814141,0.40163589873997596,-0.045053311999999915,2.428690926784231,0.6666666666666666
4544470.146216944,0.3536196522473276,-0.04510928385059434,1.9311880384614686,0.5797101449275363
5442523.455602563,0.40333081539001236,-0.04644140417816812,2.2185269035922874,0.6304347826086957
3274753.59153599,0.26775614823881644,-0.15115639761201405,1.6268748968814999,0.5289855072463768
1695422.908458663,0.11136216945666932,-0.10537352867147728,0.8527325829337852,0.463768115942029
3793346.116851878,0.30558302310163765,-0.06597348285024296,2.023672883825376,0.6159420289855072
5880065.042245097,0.4252020094501696,-0.07467742106814103,2.0603235209427337,0.6014492753623188
1391490.474121809,0.06830693464616022,-0.11198540399584773,0.6553687390931339,0.43478260869565216
2451808.904272679,0.19645762994989835,-0.1435252151684934,1.4382265068772382,0.6159420289855072
1503172.9091358224,0.0849301742213564,-0.1206289246264302,0.7138218262361529,0.45652173913043476
2658551.660914878,0.21598724870374109,-0.12931927055006182,1.3525260626780657,0.5434782608695652
5991199.308575504,0.4305490506850074,-0.05105847627227677,2.3149620657750134,0.6014492753623188
4121949.9411363886,0.3274572465359413,-0.0610717898128338,1.9208142433286517,0.5797101449275363
2507618.6509176595,0.20185561904254334,-0.06280659594567271,1.3605755274335765,0.5434782608695652
3049316.2820923203,0.24979992579175136,-0.08612287188662436,1.6725336558901724,0.5797101449275363
4284737.842974007,0.3377804686633492,-0.08089463950077816,1.7148511444625298,0.5
3832997.8124960503,0.3083011233126076,-0.09918907690838585,1.7975603339947195,0.5434782608695652
2374059.230131211,0.18877129569518836,-0.1169817517839401,1.133296417468534,0.5217391304347826
4755939.088976186,0.36598917198155423,-0.049740557776008124,2.1092402646683266,0.6086956521739131
2537933.9897205285,0.20474758507720914,-0.11123548600804894,1.7481860812556924,0.5507246376811594
2490384.9377403613,0.20019909844176587,-0.1196849916664312,1.3761966257221034,0.5217391304347826
4959119.955820663,0.37746611019983334,-0.20352386312341517,1.8070286121327384,0.5144927536231884
2655949.8544388968,0.21574914893185393,-0.07078320647140739,1.4669512437004608,0.5434782608695652
2758348.9246846084,0.22498237606383809,-0.08531436212974719,1.453043168091106,0.5869565217391305
3562860.818759201,0.2893171853880139,-0.045287703948967736,1.7869703798870826,0.5869565217391305
1459447.218040017,0.07854353172912876,-0.1598228925289147,0.6715735520207323,0.41304347826086957
2496475.8828589553,0.20078561062251232,-0.10949234129476061,1.3961125496084767,0.5507246376811594
4078203.1217255164,0.32462751082917607,-0.07272256284417103,1.8969775830611542,0.5942028985507246
4111189.445085769,0.32676344686704595,-0.058118862434850434,2.144881611092671,0.6086956521739131
3000369.010091964,0.24576158392705238,-0.10952990724197496,1.6133087647050353,0.5289855072463768
3789845.3324259524,0.3053419560999948,-0.08754462373422928,1.8026126606469093,0.6014492753623188
3653295.4051609985,0.29579696415932966,-0.08335364062973595,1.5920171355697879,0.5362318840579711
3467775.4207469015,0.28236067906036855,-0.10345554703782038,1.4267661572097063,0.4782608695652174
1742008.8219837155,0.11740360976373676,-0.10868943631428829,0.9062767388328934,0.4927536231884058
2812208.3727747365,0.22972923929169675,-0.14625616640419706,1.3983382557041604,0.572463768115942
4372186.726528509,0.34319708395149906,-0.05337481249959333,2.056531545868654,0.5797101449275363
2815305.494717224,0.22999998343435157,-0.06740746100974551,1.5779190029647905,0.5579710144927537
2188574.7464795043,0.1695863113634697,-0.07761786417102284,1.1797727214647296,0.5289855072463768
4201317.908197207,0.33253034895118927,-0.08448606025070515,1.6587364346166886,0.5217391304347826
4772096.689495157,0.3669160625327035,-0.06676590529438574,1.9886569327453771,0.6231884057971014
3221918.5783648402,0.2636386829717634,-0.0884392702394604,1.6652581374528317,0.6086956521739131
3824262.6677380595,0.30770427290119606,-0.16262631726754456,2.0639773182342047,0.5652173913043478
4211239.439196907,0.33315911690724964,-0.12727994010262494,1.6485437783367285,0.5289855072463768
1984434.1404495917,0.1469047146344462,-0.14975343177277237,1.1064784330342083,0.5217391304347826
3921211.6611056235,0.31426837325810375,-0.09904611139942326,1.7368502866679714,0.6014492753623188
4853266.3232849445,0.37153477894126397,-0.12099137392304722,1.782381305898444,0.5579710144927537
2357263.6865915284,0.18708449684325523,-0.12270499706671355,1.398250008763724,0.5434782608695652
7451800.608282097,0.49434971521651017,-0.0854886153078329,2.159672902677882,0.5652173913043478
3757164.991868957,0.30308292315303587,-0.05526779299322329,1.886018494681716,0.6231884057971014
3004889.4196491004,0.24613673524324042,-0.06144791948761597,1.9322310814622004,0.6304347826086957
2265093.9322232725,0.1776527304092228,-0.09948099381137608,1.29417650941905,0.5362318840579711
4094654.0078816516,0.32569446210193576,-0.033911093336429984,2.058783981832676,0.6159420289855072
2566082.2066127453,0.2074081779051027,-0.07240814593403068,1.3995766136354753,0.5289855072463768
2805314.0800294485,0.2291256965712456,-0.123476395743793,1.6693322803024833,0.5144927536231884
2656385.6056214613,0.2157890389444883,-0.10809455725015402,1.3454179478065977,0.5
2498998.2691231775,0.20102816227546594,-0.1319505811791102,1.4697042903592352,0.5072463768115942
5726189.554781162,0.41766345489943424,-0.10453541535278774,1.8947569709098455,0.5579710144927537
3820147.668641189,0.307422727411909,-0.07267016237700352,2.0103199802526333,0.6159420289855072
3314867.3543210817,0.2708468913497055,-0.07032052251961403,1.7067926966578126,0.5942028985507246
5277334.911166604,0.39470684149520663,-0.07070848974104159,1.8204157337493372,0.5434782608695652
8608023.104934927,0.5380862325780951,-0.04388870835349396,2.3077461335349296,0.6231884057971014
1923278.8920222998,0.1397469876872599,-0.07194812679027884,1.1549749821396542,0.5072463768115942
4144030.4546401086,0.32887639688482095,-0.1410818453127961,1.7642309597176158,0.5797101449275363
3567257.356390687,0.28963522956184495,-0.07606582012695177,1.7272449672259305,0.5652173913043478
6912296.1827337295,0.4720564609857112,-0.07581865932588305,2.1272488909288163,0.5652173913043478
1879624.6367910258,0.13452540614966302,-0.09349464543600751,0.968733295265778,0.5144927536231884
3332578.5820719046,0.27220201694660795,-0.04833962572368479,1.6688699059309486,0.5869565217391305
3093927.086066325,0.2534355698897792,-0.08474422288216071,1.4095173425893508,0.5144927536231884
4051901.7314361418,0.3229145127674391,-0.09138267243437419,1.7646599374226992,0.5797101449275363
3777721.3712407663,0.30450571060555087,-0.06595859299271692,1.8412416005407821,0.572463768115942
5039176.482973719,0.3818850350328815,-0.07759970493860224,1.76267719001007,0.5434782608695652
3006074.765767863,0.2462350330586225,-0.07729745375428931,1.4062289286388783,0.5
3735330.0115667703,0.3015648017180801,-0.07684088213768556,1.734287419678815,0.5579710144927537
2924650.489393292,0.23940942567511225,-0.09596770190307806,1.4578899156254428,0.5869565217391305
2993243.925474646,0.24516935009755025,-0.0941395134916268,1.684309511521795,0.5869565217391305
2213774.3752657655,0.17226735551595773,-0.049344099660284906,1.3701410272683079,0.5579710144927537
3433148.7905631806,0.27978944839590314,-0.10339734421627882,1.5268693854541495,0.5362318840579711
4470180.763812286,0.3491648473521858,-0.0699587471796355,1.9795142068364642,0.5942028985507246
2090910.8758538098,0.15895641662715998,-0.10582289242620874,1.1283177270214784,0.47101449275362317
1984664.5621504448,0.14693134786517037,-0.12575452111916396,1.0937939871033215,0.5
3752539.3223493723,0.3027619044297729,-0.07303075960658852,1.7177315492997336,0.572463768115942
3450831.0093438607,0.2811050359910736,-0.06949471330745438,1.6313016610540332,0.5869565217391305
4505098.399265338,0.35126602137967633,-0.062202201476738675,2.250457547731504,0.6376811594202898
5307653.720638542,0.3963057170935276,-0.07639999946300362,2.0989745053828335,0.5652173913043478
2779936.5418939977,0.2268938131785425,-0.13117305795923787,1.314118139978,0.45652173913043476
3413688.410849386,0.27833528187104917,-0.08086377130583954,1.7624771792001301,0.6086956521739131
2414772.4256645013,0.1928209043951341,-0.13944632730700726,1.3396504999464944,0.5362318840579711
1804515.3901823813,0.12530984416175062,-0.09961434653733718,1.2163086730211186,0.5362318840579711
6212244.186501959,0.44095262884462305,-0.14137100537479894,2.008865010158127,0.6014492753623188
2302044.914707667,0.18147016349710499,-0.06605758105944595,1.2937611121409969,0.5
5761971.104721654,0.4194307690380137,-0.056590815986000985,2.139104526705278,0.6014492753623188
3570120.1170177446,0.28984215225003696,-0.06808561747245838,1.6913148972170176,0.5797101449275363
4823554.189157229,0.3698513194397357,-0.08987770866864274,1.7796993478620873,0.5652173913043478
3973714.7903057556,0.3177691572900616,-0.08120224919961967,1.767042297074288,0.5289855072463768
3499452.8414231706,0.2846949858193424,-0.04527308159999995,1.7117016930871483,0.5507246376811594
3966700.4438322424,0.31730360687685866,-0.10119261660797758,1.756841590165201,0.5579710144927537
2554297.759808923,0.2062971576087418,-0.11441918142025558,1.38921338816297,0.5579710144927537
1725498.0168716817,0.11527737729620635,-0.08717640144494522,1.0191491156462038,0.5144927536231884
1779162.08136093,0.1221298177841692,-0.14538122304585743,0.9018517884400663,0.5144927536231884
2449634.024214435,0.1962452907562635,-0.11824960766183566,1.2230937944268625,0.5217391304347826
2359973.3436083123,0.18735728040112165,-0.08014465707238073,1.3562864636588257,0.5869565217391305
2148356.789284885,0.16525582265658567,-0.10336984748722614,1.098376004803933,0.5144927536231884
2777304.417243909,0.226661393398631,-0.04440908191396408,1.5507732127769205,0.5579710144927537
3188684.110347677,0.26102094341328086,-0.05602464115633353,1.7519399260945834,0.5797101449275363
4019835.404298845,0.32081397135616196,-0.07406822884971799,1.7649583834891713,0.5652173913043478
2201254.4241609965,0.17093839942957634,-0.18838782584694772,1.100031848372214,0.45652173913043476
2931117.2350008236,0.23995703750662867,-0.08775243857432653,1.6048028432351757,0.572463768115942
2442438.911539651,0.19554173668848995,-0.08396188060421181,1.344687953703136,0.5289855072463768
3374459.2069150233,0.2753836244798449,-0.07375917764330464,1.5682891510761983,0.572463768115942
3070862.225236799,0.2515611292192812,-0.10169958577211251,1.5781479505395426,0.5362318840579711
3739992.099626794,0.30188953782232697,-0.12616369227942947,1.6754220454997408,0.5289855072463768
4771202.159063004,0.3668648129546772,-0.1082810071145952,1.9861077370602815,0.6086956521739131
4262086.124983866,0.33636300458073354,-0.07842187039722359,1.7113505933242412,0.5289855072463768
2444602.520645842,0.19575347331844362,-0.0596441024,1.6061647361341589,0.5797101449275363
5226101.119154936,0.3919882255659006,-0.08969353346235363,2.129335965902203,0.5942028985507246
4613087.754363802,0.3576828848190594,-0.05901334453044149,1.859944858057427,0.5579710144927537
2914855.603185987,0.2385781352320635,-0.12790480712104965,1.5536535511169927,0.572463768115942
4267809.066651889,0.3367216938650166,-0.05395337517996015,2.0424907860637664,0.5797101449275363
4309685.071000486,0.33933465751928926,-0.056338260482151396,1.8437088357016245,0.572463768115942
2666467.1056419634,0.21671047236954077,-0.05739806612528004,1.5596236750610606,0.5362318840579711
3635067.8007565164,0.2945013364339135,-0.06203017157360606,2.001159302625419,0.5869565217391305
2228747.822277669,0.17384887039131391,-0.10294211996060121,1.068191810765629,0.5
4144154.8530606856,0.3288843750182735,-0.06940618760903881,1.6503025943852274,0.5144927536231884
4865793.075768179,0.3722420620273321,-0.059946695548530285,2.2057070431504875,0.6014492753623188
3576696.3640187043,0.29031698656097693,-0.09317870443002221,1.591033548439502,0.5434782608695652
3482907.6599371796,0.2834778913230802,-0.07300824732893432,1.6400636180810804,0.5797101449275363
4622000.147846116,0.3582070831270583,-0.061832466748048216,1.9186357735161617,0.572463768115942
3945320.6722896607,0.3158805316340718,-0.05662396497718628,1.8113055231647868,0.6014492753623188
2634179.170759605,0.21374949512836738,-0.1377257336821885,1.368157729391787,0.5362318840579711
3561314.142893871,0.2892052246778549,-0.09045001493903677,1.7038743003290413,0.5434782608695652
2275624.8614152106,0.17874573392764326,-0.10193009721607407,1.2768580774264942,0.5217391304347826
3986445.7929893145,0.31861245205692157,-0.07670337050399008,1.9146962888630694,0.6014492753623188
2232471.057985737,0.1742408033361973,-0.0967743476665384,1.2545647236121418,0.5289855072463768
2103229.260022438,0.1603187841616105,-0.12414729181471144,1.2387298328095233,0.4855072463768116
3037046.6562418677,0.24879253156360082,-0.1097438385759086,1.5984953624607603,0.5652173913043478
2204644.484648843,0.17129884017448616,-0.14430831555858803,1.161480745995029,0.5072463768115942
2486577.9411540367,0.19983193027650192,-0.06560857552430656,1.492471360697869,0.4927536231884058
3192029.2791354875,0.261285413566561,-0.06877764206212438,1.7806782215657773,0.5869565217391305
3654361.0655439557,0.2958725517176297,-0.07274710235819966,1.7011147077891662,0.5
6080230.549669216,0.4347756893084911,-0.050137026758752104,2.1114877148858744,0.6086956521739131
4800136.744640318,0.36851865510362036,-0.049977137012696064,2.248791274640275,0.644927536231884
2320970.5333610815,0.18340643185428318,-0.07993858664589713,1.2483803473776969,0.5217391304347826
5549562.912807157,0.4088078270915556,-0.11713488966145694,2.171383519990195,0.6376811594202898
2406524.738593502,0.1920049697917101,-0.07877302916764048,1.338132607200419,0.5144927536231884
3748900.252764744,0.3025091325928586,-0.11827945215704956,1.650339981228133,0.5797101449275363
3614117.2082206546,0.2930057213854125,-0.07192224955676363,1.6604061039355935,0.6231884057971014
4121239.197270182,0.3274114649427964,-0.05978418953546738,2.061355106079541,0.6304347826086957
2600595.9408875583,0.2106387651027446,-0.058898796800000125,1.5736099835735544,0.5797101449275363
3184380.861196378,0.26068040049399,-0.06828339052450906,1.6447124779113242,0.5434782608695652
2609089.429345495,0.21142851790153872,-0.09143366509396347,1.7381952903038567,0.5942028985507246
3631984.522367481,0.2942816616943653,-0.08096944080907795,1.6524381404853612,0.5362318840579711
1257479.824605864,0.04688796011123242,-0.16896572587437322,0.5241520761831782,0.5
1875837.7113387869,0.13406788610668463,-0.13489760201190099,0.9386973283278026,0.4782608695652174
2820135.7992945495,0.23042176368548817,-0.07793797380773636,1.6878536859354154,0.5579710144927537
3516029.183639487,0.2859097647902984,-0.07534941270970763,1.6938834701459569,0.6086956521739131
3885987.6300067045,0.3118986427629724,-0.07377176498298428,1.7538494294883498,0.5652173913043478
3265883.367195751,0.2670686164983638,-0.10095244826818815,1.6451092959719817,0.5869565217391305
5376013.328008117,0.3998840565996593,-0.06463898694411867,1.8626415411306632,0.5869565217391305
4112102.3071167013,0.3268223614188521,-0.0715710662501349,1.983713988780717,0.6304347826086957
3469724.810298244,0.28250482095488794,-0.060599021997754556,1.609102192256268,0.5
1944877.5839573494,0.14229546906722823,-0.0984789105601464,1.1075466699424648,0.4855072463768116
1963933.0206996172,0.14452513436234304,-0.08262459562996986,0.9764234093569029,0.5
2304187.4416087596,0.1816900019327241,-0.12806295017622396,1.5117296020213438,0.5362318840579711
2558918.343888007,0.20673326719811147,-0.09609490311076894,1.3471577824982395,0.5217391304347826
1975787.2009611023,0.14590346737348248,-0.1364547898120262,1.0620051609170902,0.5217391304347826
5166982.370200981,0.3888245854997332,-0.08551159527660966,1.8352155063304199,0.5797101449275363
3714471.6465999847,0.30010793674036385,-0.058510754473328125,1.7809405481205889,0.572463768115942
2804984.213895203,0.22909678957532376,-0.11893009291678698,1.2413672729893064,0.5072463768115942
2400992.657253023,0.19145643270481605,-0.0886101849459448,1.3032538198301062,0.5579710144927537
3160029.2669032295,0.25874634056253454,-0.0860673290318054,1.5829695746242634,0.5362318840579711
2725530.2027616487,0.22205344540292038,-0.10036570416866097,1.6955139031290234,0.5289855072463768
2269998.2576871677,0.1781622542405954,-0.12704467000680597,1.1879114344102217,0.5
4931676.79288164,0.37593817851542943,-0.07204548510450487,1.9742306231038522,0.5869565217391305
1872045.6348035613,0.13360900271345177,-0.07768181032671975,1.0311803496489091,0.5072463768115942
3388687.453477015,0.27645733397012995,-0.08223502191125258,1.7119801428421324,0.6159420289855072
2727367.6452916497,0.2222181728162893,-0.07164514855864809,1.5466266258340444,0.5652173913043478
2727387.78926392,0.2222199782389127,-0.18303295695571675,1.2477091297167058,0.4855072463768116
3642867.683308056,0.2950563909161015,-0.11555423584571414,2.0748878768924572,0.5869565217391305
2841341.684994172,0.23226664334739167,-0.07373616778209545,1.9270650754307748,0.6086956521739131
3339845.9484293256,0.27275639270803453,-0.0695650940325075,1.5980377458346535,0.572463768115942
3039367.4369455785,0.2489833279839475,-0.09243310553996646,1.5623844170188037,0.572463768115942
3967194.8443874363,0.31733644238722003,-0.1105130964418233,1.7069103371622172,0.6014492753623188
2166700.3104375736,0.16723894424850227,-0.1054470705750573,1.14950137317451,0.47101449275362317
3359240.9294625586,0.2742311879814725,-0.09675902042560824,1.933288985411448,0.5869565217391305
3954447.025180559,0.3164887505637626,-0.07521817284821015,1.7795867832246244,0.6014492753623188
2391869.341838042,0.19054959176161868,-0.10461531918165035,1.1129828078896868,0.4855072463768116
2426427.138701626,0.1939700995667364,-0.11042409754032297,1.4261117051892043,0.5507246376811594
2030801.8457713453,0.1522149605842531,-0.12716313218984823,1.1020407766289588,0.5
5234436.635877435,0.3924319806854022,-0.10832074204392779,2.096374085152402,0.6086956521739131
1772006.178194929,0.1212257065404907,-0.10557221125267362,1.0780086146636276,0.5507246376811594
2258610.3732365486,0.1769777793157794,-0.08141247254750571,1.3635379256493094,0.5289855072463768
2248401.579137945,0.17591187553236654,-0.06833485469634726,1.3428321595221657,0.5434782608695652
5759746.991517903,0.41932117243622624,-0.06152682165998136,2.032301365526964,0.6014492753623188
2636195.172266218,0.2139352206937748,-0.09778178320171899,1.4556357901315744,0.5144927536231884
3046304.923641527,0.24955297973564483,-0.08379440177782778,1.4961476750852962,0.5362318840579711
2101736.9371175184,0.16015407915417934,-0.10104301924203347,1.2632506295193806,0.5579710144927537
2853195.5883596125,0.2332931199968351,-0.12419124597397461,1.6156121040950675,0.5942028985507246
3531802.496255473,0.2870614479230076,-0.06747812359353483,1.692567617671951,0.5434782608695652
3390998.4366322504,0.2766313876164026,-0.05385938576229477,1.606454652529526,0.5217391304347826
2364075.281591568,0.18776974974272043,-0.07775103107407538,1.4129967535560812,0.5652173913043478
3942370.4190098457,0.31568367348674053,-0.05713546123180026,1.8394271872577594,0.5507246376811594
2189624.5907490333,0.16969849834301498,-0.1346088983579108,1.2251225514268336,0.4782608695652174
3434975.490516814,0.2799256087590738,-0.07404656783436787,1.518486682448656,0.5289855072463768
4058037.5631849836,0.3233149306008565,-0.06613034448259413,1.9401285161868036,0.6159420289855072
3966144.495630709,0.31726667978131706,-0.048096470025164165,1.988807515608118,0.6014492753623188
2223599.6122803474,0.17330607125520148,-0.12034027569600234,1.222676981447914,0.5217391304347826
4463161.546895198,0.3487408808543013,-0.07948118055519754,1.8832411329158363,0.5579710144927537
3604157.573327711,0.29229229218604513,-0.0685728643228291,1.602243082149174,0.5072463768115942
4840930.080295569,0.3708368236166817,-0.06914883966827373,1.8465729519655514,0.5507246376811594
2981525.4639837756,0.2441928594851852,-0.07672308198760985,1.5052875110301986,0.5434782608695652
4538890.549348026,0.35328710021575405,-0.06687774725877287,2.0021034545775387,0.572463768115942
2884082.616736071,0.23595181434579526,-0.10711606529228547,1.6270771672557074,0.6086956521739131
3660601.484602929,0.2963148325690701,-0.06486109061615764,1.5799337559053401,0.5362318840579711
2057941.1095221888,0.15527822720780549,-0.06565394722227352,1.1525204562389226,0.4855072463768116
2887028.388464988,0.2362041889012123,-0.07930778359154664,1.6153035844083328,0.5652173913043478
2989029.8579250765,0.24481854773559997,-0.08877588678257314,1.7267183429782225,0.5797101449275363
3340729.3777909116,0.2728237174552115,-0.09058424774066032,1.6560753435104494,0.5942028985507246
4052334.6620102744,0.32294278125475384,-0.08590154813474374,1.9144390700447649,0.5579710144927537
4954921.040830736,0.3772327694846498,-0.03370908671029801,2.2174597583810076,0.6231884057971014
4022067.724543639,0.32096063532332497,-0.07540663952653746,1.8084542162701114,0.5579710144927537
1830815.8699914431,0.1285711229562463,-0.09984526617832998,0.9810806641707897,0.5217391304347826
4807290.145658534,0.36892629900702034,-0.06628564906552664,2.1076236826791708,0.5869565217391305
2673340.164108167,0.21733706277037368,-0.07957721636913646,1.8063155637739945,0.572463768115942
3457187.1268883403,0.2815766245119724,-0.1101095755442367,1.5911927614868977,0.5362318840579711
3072230.5535028125,0.2516726445652757,-0.09826651991502064,1.3886159125069557,0.4855072463768116
3591157.083210533,0.291358663417705,-0.15034304974815388,1.5139990645082757,0.5362318840579711
2235294.3550701477,0.1745376542048267,-0.08751089253110558,1.2559314521906382,0.5289855072463768
2609340.0395948947,0.21145178921878438,-0.06518033163553927,1.5890770415694304,0.5869565217391305
3186991.521293874,0.2608870421863674,-0.09737165047489867,1.61089820929693,0.5507246376811594
4104650.9740244723,0.3263411589374232,-0.07046208265996787,1.9099723574475798,0.5797101449275363
2169811.5168246133,0.16757396402101032,-0.12048709116941653,1.3892155913269015,0.5362318840579711
2021764.0476670375,0.1511875759219241,-0.13857012850067346,1.2204200891082122,0.5289855072463768
2768483.1237817113,0.22588117543736597,-0.12202508716485994,1.5438598941072097,0.5434782608695652
3060220.064656936,0.2506924600700555,-0.08311919377037501,1.624097987985344,0.572463768115942
2177298.562302163,0.16837860891980827,-0.06816492374620714,1.3763716770827563,0.5144927536231884
3867923.69053523,0.31067670140732817,-0.050604252078455314,1.7747423221240655,0.6159420289855072
2920088.9187473226,0.2390225634380223,-0.06638265118657623,1.6353722162025288,0.5942028985507246
3125552.1292234855,0.25598759296760765,-0.08766266729317065,1.6084097965998794,0.5217391304347826
2164587.6220596717,0.1670112270585875,-0.11320132327919251,1.259211270471329,0.5797101449275363
5131693.559917085,0.38692233757471195,-0.06760288377985502,2.012084744027635,0.5797101449275363
5137909.235755362,0.3872581520946128,-0.08822984892196506,1.8379485950805625,0.572463768115942
3915300.43035118,0.3138718819070865,-0.07109309838469875,1.8755756931121208,0.6086956521739131
4502800.7370472355,0.3511281603968832,-0.07317109291091525,1.9156608167582008,0.5579710144927537
4296326.682004521,0.33850334029013585,-0.07663194687531145,1.7524559851686028,0.5217391304347826
3771693.970903416,0.30408917374327715,-0.04775897890522013,2.1055692040023586,0.6086956521739131
2177990.789958942,0.16845289190200963,-0.12707244572922607,1.1947372979952626,0.5217391304347826
3348517.377811501,0.273416613160012,-0.04281969743858965,1.67107549267702,0.5579710144927537
3421488.702970741,0.27891894892194147,-0.1283725399410924,1.8730994562061962,0.5797101449275363
3265703.140906106,0.2670546316684892,-0.07499982347433053,1.7112019450021545,0.5869565217391305
3921519.868441414,0.3142890329140533,-0.0903207529533145,1.7932328017903751,0.6086956521739131
2721103.9566492196,0.2216562656923715,-0.061654975271361795,1.4691165038695715,0.5072463768115942
3030770.3569546533,0.24827595848580897,-0.05884901818941211,1.9500229289053561,0.6304347826086957
3511119.9219553233,0.2855504733336556,-0.0882679043026653,1.4898777025877588,0.5072463768115942
1791693.7726631467,0.12370614766733667,-0.1289257444171649,0.9286521987643745,0.4782608695652174
3000073.0209113364,0.24573700385037478,-0.08888392264324173,1.5134070121512009,0.5507246376811594
3722417.7949035503,0.3006637100894729,-0.09267782248667233,1.7080501058781958,0.5434782608695652
4087165.5014437702,0.3252092078257378,-0.07725013509348808,1.9632464196536743,0.5942028985507246
4378032.174470208,0.34355605275018375,-0.06484025985487611,1.6780996520268563,0.5217391304347826
2801635.4761538873,0.22880317724640076,-0.0687035845703167,1.555247950139615,0.5942028985507246
4253580.5661789095,0.3358292003345784,-0.0710491543610488,1.848458890375106,0.5869565217391305
2879790.1131252814,0.23558369112512323,-0.1485958944865969,1.471428032237971,0.5144927536231884
1927785.9546505935,0.14028067031074687,-0.1277212790059417,1.0707113113484619,0.5434782608695652
4115225.5802860553,0.32702385301303205,-0.06617245241768425,1.7588357935784158,0.5869565217391305
3644311.0215675468,0.29515899734771356,-0.07410038075127291,1.591992990613957,0.5652173913043478
2981508.271991758,0.24419142463558874,-0.0694783644432439,1.6226559226418573,0.5652173913043478
2994151.8576708557,0.24524487967199748,-0.1382987419644172,1.352974234698505,0.5434782608695652
3966893.2311670133,0.3173164111971283,-0.049977416950470234,1.9136226160330359,0.6014492753623188
2581262.240930878,0.208833329513205,-0.15271335940424707,1.3839690571775243,0.5144927536231884
4530862.85243609,0.35280806365821915,-0.1038427469804435,1.8552463281626779,0.5942028985507246
3759575.1009882097,0.3032500580283888,-0.09905665305352448,1.5753173157748785,0.5144927536231884
3574601.2110976675,0.29016578305967755,-0.08840621133024416,1.6656915484792958,0.572463768115942
2697012.544560954,0.21948536659495987,-0.06504470841818756,1.4213761012117287,0.5652173913043478
1814466.8442538974,0.12654827615343978,-0.1069366482761331,1.0277480628704032,0.5
3722482.1802682877,0.30066820948382356,-0.0611132568213787,1.7690471637169565,0.6304347826086957
3318290.173561154,0.2711092296711832,-0.07547985242045752,1.8791543092959673,0.6014492753623188
4525166.9942931365,0.3524677628960311,-0.07189329978784002,1.857603340019315,0.5507246376811594
3838309.2959244074,0.30866351178768303,-0.07179672108160008,1.658147403989527,0.5362318840579711
5100569.508904196,0.3852358866134604,-0.05455940584020638,1.9656723951512187,0.5869565217391305
1515470.460497031,0.08669956973285209,-0.17441953926773898,0.7080358997571703,0.43478260869565216
3777739.404160689,0.30450695601249267,-0.06358148786495997,1.6932518916103199,0.572463768115942
3074645.3846277297,0.2518693503875953,-0.06778105366828222,1.6115008220562084,0.572463768115942
2437827.1305948137,0.19508991408093235,-0.12474917676314337,1.3516004986173833,0.5217391304347826
2251978.020269942,0.1762857327944618,-0.10563840718084636,1.0983652500684105,0.4782608695652174
4361538.484641352,0.34254218780298396,-0.10820028274990533,1.918957067264874,0.6086956521739131
3031825.4324682993,0.24836285665937363,-0.06585690246520448,1.832190130886555,0.5869565217391305
3296949.0359540526,0.26947001361002587,-0.08417278023353211,1.7220855010868932,0.5579710144927537
3128667.590165838,0.25623787969596434,-0.09540719964571848,1.8281343691753253,0.5579710144927537
4130728.532595781,0.3280221874237863,-0.08523801714139753,1.7176628934467277,0.5289855072463768
2316339.959663542,0.1829338511812073,-0.10860915616619356,1.421745552574382,0.5
3040951.3747219057,0.24911348004049705,-0.07457286729484797,1.7258321701566803,0.5289855072463768
4966342.885046925,0.3778671309015762,-0.06832945483629044,2.0529162055096593,0.5652173913043478
1576198.5763912012,0.09527250656449793,-0.158545517725252,0.718716187133802,0.43478260869565216
4020850.8597302157,0.3208806950939793,-0.05165930883485993,1.8210957007308637,0.5869565217391305
3887804.158615091,0.31202127083951625,-0.0766268750955928,1.7792344481182925,0.5869565217391305
3543325.470487649,0.2879001957730505,-0.09304561870945037,1.6479133327416418,0.5579710144927537
2762540.0979807847,0.22535440991403144,-0.07163868764264629,1.3945302872577312,0.5579710144927537
3587554.551244388,0.2910994695902085,-0.07072717263908293,1.7303219447030656,0.572463768115942
3082676.8426379785,0.25252268408281564,-0.07925142197255468,1.5113314786927616,0.4782608695652174
2234486.355845598,0.17445272912456855,-0.08541824861814336,1.2190913810468689,0.5507246376811594
2326638.0611156486,0.18398381508449257,-0.09165857603036835,1.2601668139950357,0.5289855072463768
2958241.5621391865,0.24224348254303352,-0.05748269601140302,1.7478116213441501,0.5869565217391305
7411330.54157721,0.4927230415459434,-0.035577203844025095,2.480341779372493,0.6666666666666666
3050456.0002943086,0.2498933373425869,-0.09816936386637166,1.5636733782597514,0.5507246376811594
2440679.028558096,0.1953693990941585,-0.09907743695878982,1.5563576992003152,0.572463768115942
3157765.7734580487,0.25856596370327223,-0.06755647938632565,1.6116426808231734,0.5869565217391305
3231645.7359117884,0.2644007627978351,-0.06997559496490022,1.6184993657880855,0.6086956521739131
3098416.479215461,0.2537991144505647,-0.065700915630846,1.5609886203546783,0.5362318840579711
2567594.2731416347,0.20755043767573844,-0.07037250740396393,1.3704486212704874,0.5217391304347826
3583831.1029924275,0.29083135720254605,-0.12022674553300901,1.718762533496443,0.5942028985507246
2411514.8941160124,0.19249890716797724,-0.06773207019449605,1.4481752501164984,0.5434782608695652
10699127.294656938,0.6064590922917894,-0.054358511553131844,2.6010266828475044,0.6666666666666666
1929152.1630410766,0.14044224629745283,-0.08759343904769361,1.2902290395995697,0.5217391304347826
3470167.6247062394,0.2825375545378104,-0.08547879288385017,1.4896893689253181,0.5289855072463768
6975308.784238234,0.474730585741296,-0.07658107178541551,2.053843852030458,0.6231884057971014
3060461.050829826,0.250712157352581,-0.07603709733690103,1.5827024733215607,0.5362318840579711
2518563.6510569863,0.20290293969737827,-0.07920467988862616,1.4811904841240593,0.5797101449275363
3452884.074482451,0.2812574379124335,-0.08213787011868606,1.5884201987043598,0.5507246376811594
4988115.17571482,0.3790731231532134,-0.11220073353960552,1.8298211516072729,0.5797101449275363
4434025.817545499,0.3469753357578873,-0.09205811314540785,1.6975683719762797,0.6086956521739131
4461753.136700225,0.34865574747037154,-0.07797202311174944,1.8472105111735526,0.5869565217391305
2443192.801522022,0.19561553142498722,-0.08630960818756553,1.202462673841491,0.5217391304347826
3904108.996214268,0.3131199114371639,-0.08597807070213155,1.6743333786812347,0.5434782608695652
3958334.417199273,0.31674748189303226,-0.08055008759036276,1.7580544241346476,0.5507246376811594
8533520.095201338,0.5354145193257189,-0.044771163299528016,2.2273738393673312,0.6086956521739131
5701569.081389421,0.4164422683061446,-0.047153124694666156,1.9498479471002683,0.5652173913043478
2782307.899840303,0.22710305624133587,-0.08051904498755631,1.2960182484433131,0.4927536231884058
3250553.279625314,0.2658768503018849,-0.0723474018841031,1.6186269962777242,0.5362318840579711
2414519.8982593464,0.19279595524750026,-0.09807317083259297,1.2201973643310469,0.5507246376811594
5547325.631211848,0.4086942178482642,-0.1260812863367042,2.0702312839886754,0.5869565217391305
3882725.752821998,0.3116783286407643,-0.05267314412301923,1.85122326877287,0.6014492753623188
4456874.541919134,0.34836068746701687,-0.08332451088475756,1.7833183875993124,0.6304347826086957
2519183.965845342,0.20296218814880218,-0.14013842584147224,1.5037170673521,0.5869565217391305
3097221.217131716,0.25370236503989996,-0.05384539807831198,1.620883916966341,0.5072463768115942
3045589.7043298054,0.24949429957152192,-0.047660939209246744,1.8803293032538984,0.572463768115942
3469675.4717428545,0.28250117355928617,-0.10156087222485867,1.7873739395668784,0.6376811594202898
3931737.006485001,0.31497317071485154,-0.08570273914915663,1.8240390598336942,0.5869565217391305
4680292.408886715,0.36161584757059373,-0.10158113950971288,1.6378070440136396,0.5362318840579711
2162342.48014889,0.16676903833762147,-0.0653237897129071,1.380146803202782,0.5289855072463768
3717695.2709511323,0.3003335195885428,-0.069371296,1.745489017285676,0.6159420289855072
3640821.306575411,0.29491085892373814,-0.054429926115179175,1.9086158468199041,0.6231884057971014
2992907.86843941,0.2451413893483554,-0.0684370002035708,1.6671549401711758,0.5072463768115942
4704537.012417289,0.36302360772195885,-0.13678154994336422,1.6522655096075571,0.5869565217391305
3189629.422405392,0.2610957025884435,-0.09218623986347617,1.397881053755945,0.4782608695652174
2924275.5716799083,0.2393776474931706,-0.11618842931566067,1.5758570511467864,0.5797101449275363
2483485.68548468,0.19953336460763338,-0.0851534010342326,1.271549654446961,0.5289855072463768
3927083.197602716,0.31466172906561596,-0.07046208265996787,1.856285006207439,0.5869565217391305
5369912.353971662,0.39956618030907465,-0.05964547806743365,2.128316661069815,0.644927536231884
3770424.361931118,0.30400136670990463,-0.08070078320534578,1.88035166152655,0.572463768115942
3262041.5774581423,0.2667703753942692,-0.10482102930270873,1.5719309699093702,0.5217391304347826
2479995.980261759,0.1991960666981163,-0.08005664958235063,1.3565664821646697,0.5362318840579711
2814181.2372826636,0.22990173068210829,-0.08923038810337833,1.7496707172307915,0.5942028985507246
2276399.2695071297,0.17882594978562394,-0.14435952323078358,1.3784951779495613,0.5797101449275363
3653013.3380231494,0.29577695411421123,-0.07830879644509953,1.6777142760579506,0.5942028985507246
6034080.275219367,0.432590994266975,-0.061353392647017974,2.376016567000711,0.6811594202898551
4465084.960297683,0.34885710963903094,-0.05599504372658988,1.7992617732633995,0.5217391304347826
3124000.121808032,0.2558628348918004,-0.054023589621349725,1.5843432981985772,0.5289855072463768
6152228.986224042,0.4381576584353437,-0.056123086910941686,2.2523041655110685,0.6231884057971014
2410386.065448934,0.19238724465455448,-0.10376324266342454,1.3231640737570605,0.5144927536231884
2493240.8138950425,0.20047424054938556,-0.12739754367096626,1.3735701966853067,0.5434782608695652
3903685.0037444835,0.3130913888143483,-0.07294605667038041,1.7329156574600617,0.5652173913043478
2796559.2079300615,0.22835756179477107,-0.07881661492238817,1.3659585177898044,0.5434782608695652
2928143.533223435,0.2397053410103711,-0.07203718848372813,1.513162504298721,0.5942028985507246
2840807.5598849766,0.23222031072533444,-0.1258681106151803,1.5308974312027464,0.5434782608695652
1780305.8829379072,0.12227406140748398,-0.09849140360488685,1.0981712204302116,0.4782608695652174
3073057.6579575837,0.251740032252163,-0.059100186566328865,1.5455257791288028,0.5289855072463768
2888457.93924654,0.23632658927323602,-0.06337570975321592,1.55052558352781,0.5579710144927537
4149874.962931669,0.32925102016337093,-0.0881969173982127,1.8601268491543277,0.5942028985507246
4154571.422801196,0.3295517497052971,-0.09705273341607522,2.068655992075273,0.6086956521739131
2102164.1036676476,0.16020123431639588,-0.06483916728120702,1.2294124391817998,0.4927536231884058
3008396.145871419,0.24642744956384433,-0.062029425864392244,1.4983743101473734,0.5579710144927537
2098082.492227097,0.15975034918049213,-0.0852169957224128,1.4204987715571358,0.572463768115942
4036495.704436433,0.3219069896059814,-0.07865976190639411,1.6710964999722784,0.5072463768115942
3213912.6713273264,0.26301007341716676,-0.09382307204876644,1.6501763277602324,0.5434782608695652
2478395.5331880185,0.1990412482651458,-0.11600134673228266,1.1737847161209976,0.463768115942029
3744072.220526763,0.30217347159054575,-0.08366871211200443,1.6302364279229336,0.5072463768115942
8399809.834294511,0.530572446340932,-0.07865127503656975,2.098031211948296,0.5579710144927537
3096167.4502889374,0.25361704405573726,-0.07319071640198613,1.6234207875834736,0.572463768115942
3135596.7456326224,0.25679383306303527,-0.08211846671552331,1.6043629172557747,0.5362318840579711
4089533.6837351397,0.32536274258545683,-0.05891855695911991,1.8236253654491048,0.5362318840579711
2838119.1414376395,0.2319869982981395,-0.09420814705545165,1.5705500395427117,0.572463768115942
4218409.409244136,0.33361276994361866,-0.0968362297922569,2.0310913299145175,0.5579710144927537
1692673.8670078383,0.11100153210618391,-0.1279065952026336,0.8361174245384657,0.4782608695652174
2778701.917258239,0.22678481626664637,-0.12914721703334597,1.4649346618222971,0.5507246376811594
5671454.084440288,0.41494280166802966,-0.11911638252316387,1.7408080401484347,0.5652173913043478
7007466.334076894,0.4760878449484369,-0.07788578986074941,2.109921246214049,0.6304347826086957
2107755.3675392624,0.16081775142624255,-0.08780993382281119,1.3860148968365125,0.5217391304347826
2877019.1018797555,0.2353458172020384,-0.06420120648470794,1.5286646331382343,0.5652173913043478
4859882.454219085,0.3719085193869789,-0.060959138545921235,2.0683618338739134,0.5797101449275363
4071043.070597839,0.32416205738790516,-0.0547555703500798,1.7085736304987407,0.5579710144927537
2492048.820108836,0.20035943161825442,-0.13717128180240126,1.4464833046122019,0.5652173913043478
3861303.5716112843,0.31022773794535574,-0.08670889289287502,1.7325113480046679,0.5507246376811594
3034680.206782875,0.24859786047372023,-0.068402615309234,1.5921193157611364,0.5869565217391305
2346965.1636969144,0.18604544150553304,-0.06658790325990865,1.4130588651574894,0.5362318840579711
5960478.082016866,0.4290789396329975,-0.055849701610675484,1.9665653638982965,0.5797101449275363
5249682.4539422,0.3932421567137645,-0.057467619884223914,1.9335724888020882,0.5579710144927537
3842722.611408935,0.3089643156063149,-0.08720099623414514,1.7399476847848414,0.5507246376811594
2347200.2201299155,0.18606919783964782,-0.09136376164268402,1.4100504989218052,0.5434782608695652
3588580.2204089593,0.29117328530412157,-0.0777217660831108,1.8737045601129068,0.6014492753623188
3656416.5935626784,0.29601830103876936,-0.08572182649520647,1.68897202932552,0.5652173913043478
1749445.9064612573,0.11835608139116705,-0.1234976351150731,1.0129120636171332,0.5
2743894.27305386,0.22369581467065847,-0.08299216961377016,1.4530633339139418,0.5362318840579711
4755378.065007201,0.3659569432748562,-0.07707761357312229,2.2079278937783067,0.6159420289855072
3262909.513235975,0.26683777847961454,-0.08708649544352269,1.5139468520777561,0.5579710144927537
2808606.85175478,0.2294141014605251,-0.14007492033326602,1.4145010744316378,0.5579710144927537
2694580.7190428833,0.2192653716371218,-0.06708641081191413,1.4887896402930536,0.5362318840579711
3272673.4742537164,0.2675950520413122,-0.05478851240053798,1.9378544456771478,0.6086956521739131
3797547.3283203035,0.30587208726288795,-0.059176323475263956,1.7007715263919716,0.5942028985507246
2603244.971879991,0.21088530195665767,-0.08086956547158249,1.521587160050911,0.5797101449275363
2359493.190252588,0.18730896121249163,-0.11822585152199888,1.5203265353627076,0.5507246376811594
3574177.590472647,0.29013520248786784,-0.16579292412847962,1.585330995925786,0.5072463768115942
3049960.2090122597,0.24985270561335637,-0.10848339373284263,1.7082144229172207,0.6159420289855072
2676685.7569580874,0.2176416014155398,-0.07075415115245907,1.5533060305853574,0.5579710144927537
2608376.6728350692,0.2113623225522474,-0.08394768882317853,1.40314166361848,0.5652173913043478
2426260.903048903,0.19395373922893056,-0.1470446056538128,1.1618290765032715,0.463768115942029
3299219.5126186763,0.26964481208998214,-0.07234109376970327,1.5389426416012781,0.5434782608695652
5261370.434229527,0.39386199245410536,-0.07812756009243027,1.8728274616262919,0.5869565217391305
2888469.85657446,0.23632760944977127,-0.088990538921901,1.6229403017153783,0.5507246376811594
1968012.940722784,0.14500027231491242,-0.08899118374624182,1.0695108942088054,0.5
3306622.887841738,0.2702141122654478,-0.08246063607839138,1.5738539150901334,0.5362318840579711
3311357.5319932983,0.2705776596351981,-0.10852704244746411,1.59235112151694,0.5144927536231884
2918877.065832771,0.23891970613038294,-0.11183083017728579,1.418350153424185,0.5144927536231884
3356656.4514052235,0.27403505816780704,-0.06014652342891388,1.5732335135915,0.5797101449275363
3146958.7293460392,0.2577033262075452,-0.10616261591648694,1.5444289448463278,0.5289855072463768
2619499.3027324523,0.2123936622380227,-0.09622898335993592,1.4248063260217503,0.5
4707620.9746601675,0.36320226128782473,-0.0860310395213372,1.9117732549492878,0.572463768115942
3908267.8715538285,0.31339955406601905,-0.09080440870225735,1.6272310561086423,0.5072463768115942
5394458.929756382,0.40084336738788684,-0.0665569746553213,1.8623189709284982,0.5869565217391305
4862444.101092196,0.37205311565945576,-0.0939608967612563,1.890064324530569,0.5072463768115942
3614889.650427464,0.2930609872641632,-0.050939315199999904,1.8893623795211762,0.6304347826086957
3324691.484563565,0.27159927084770374,-0.10849183471577559,1.5024251684721,0.5289855072463768
3323425.578839013,0.2715024215594861,-0.06677592954087336,1.6742289786427291,0.6231884057971014
8314928.807718749,0.5274665451775207,-0.06657451527440025,2.3068155325780224,0.6014492753623188
4205049.933573315,0.3327670018829374,-0.05948001475292975,2.373411230229464,0.6304347826086957
2098229.1854510508,0.15976656615580742,-0.10117884114926819,1.1206034183544262,0.5144927536231884
6567834.738372767,0.457083510095204,-0.07824071643803185,2.178582133042276,0.6014492753623188
2462814.0481570787,0.19752978618656902,-0.10516320465436699,1.3596334528212022,0.5434782608695652
4968455.703300701,0.3779843474377871,-0.07542260315314929,1.7814370385203968,0.5942028985507246
3341621.0790880653,0.2728916581515337,-0.1099217722421544,1.6818713574945385,0.6014492753623188
1878088.9935856345,0.13433996530873982,-0.15440810350376438,0.8998517876130161,0.5217391304347826
2635778.8107617153,0.2138968724079815,-0.06704434569562054,1.6734617724369605,0.6159420289855072
3217417.992505813,0.26328545898004707,-0.12175069759894755,1.531687294979132,0.5362318840579711
4323269.039984971,0.34017790176382157,-0.049967977938904735,1.822283800863322,0.5942028985507246
2472296.9348131614,0.19845056940970784,-0.09329511114358328,1.5131014131577791,0.5072463768115942
3032359.790754472,0.24840685827014375,-0.06043969034156402,1.5715158098145325,0.5942028985507246
5136922.6798877325,0.38720487311530505,-0.09163632537760384,1.8585292302189733,0.6159420289855072
4680540.024763047,0.361630254814288,-0.14746504364489618,1.875388861897471,0.5652173913043478
4495559.669540936,0.35069332393939345,-0.07714784126364427,1.8831870662329437,0.5942028985507246
3139728.2322861995,0.2571248509136863,-0.12599975489637455,1.537679504571924,0.5942028985507246
2517235.4110242724,0.20277603553966617,-0.11012418649452803,1.2376717356249516,0.5362318840579711
3416129.0251405393,0.27851801861384007,-0.07145866130124019,1.991927529567361,0.6159420289855072
1923191.2978347028,0.1397366057264655,-0.11806652293660744,1.1564142128230344,0.5072463768115942
3995720.1236903765,0.3192254233134859,-0.12183341227382899,1.756024200581612,0.5652173913043478
2393623.1422400665,0.19072413091325435,-0.08526364057564427,1.5489353435913789,0.5289855072463768
3611483.7552377186,0.29281723482211475,-0.14903303014730024,1.7061123553359527,0.5942028985507246
3235577.077748297,0.2647082454226126,-0.15510924527175354,1.4470984160077065,0.5
4466811.191141035,0.3489613888979619,-0.07148182789307556,1.8043588571122908,0.5289855072463768
6578256.170932178,0.4575456188273075,-0.07812064621636458,2.2036258744566495,0.6014492753623188
2814557.5345151164,0.22993462009659127,-0.07945365955821747,1.556119387524088,0.5579710144927537
3595666.5787709737,0.29168281817950503,-0.07234216303351695,1.7315802472568946,0.5434782608695652
8925993.069776796,0.5492849748677642,-0.06890925324269252,2.4110743991942503,0.6231884057971014
4358691.302077675,0.3423668615403028,-0.08557324407166043,1.8387064138936091,0.5869565217391305
2475122.8297468117,0.19872441580542088,-0.13092210388951506,1.370175895476949,0.5434782608695652
3421063.8450401933,0.27888718579802374,-0.09024033342282796,1.5899734849812623,0.572463768115942
2848905.7576787677,0.2329220411002051,-0.07745221946062474,1.5848682800370797,0.5797101449275363
3226594.4787400137,0.2640052485068385,-0.10058718828584076,1.480730388886229,0.5579710144927537
2791144.024029895,0.22788148103081274,-0.07994542867433063,1.4268159666669094,0.6014492753623188
4358248.906622404,0.3423396111080461,-0.06620083457393354,1.8904779807717749,0.644927536231884
3581092.147323739,0.2906339923673247,-0.06681839011571387,1.6269226283317213,0.5942028985507246
5782622.772164522,0.42044679901352566,-0.08403818495880193,1.8254289105613626,0.5797101449275363
3474504.2340011005,0.28285794748347004,-0.05875089615844011,1.6793562589298405,0.6159420289855072
3547070.4855453754,0.2881723225002968,-0.06517815961953877,1.8008285075046142,0.572463768115942
3996438.844650817,0.3192728784265779,-0.04923259692419889,1.9925749825023602,0.6014492753623188
2859494.5146236457,0.2338371816427336,-0.10384348400911503,1.4385094025071536,0.4927536231884058
2371855.466798362,0.18855051401955025,-0.12779391894824899,1.2178092224427968,0.4782608695652174
3166439.602349826,0.2592566172825168,-0.09397418068081981,1.665656235629557,0.5217391304347826
3575896.9919239986,0.29025930564492763,-0.07740392475245123,1.7589749825799688,0.572463768115942
2382289.0481502796,0.18959434455574686,-0.07225822297016585,1.3501935866553474,0.5652173913043478
4467413.939147551,0.34899779249193674,-0.06732962822010781,1.6404928275791586,0.5144927536231884
5581324.897325446,0.41041676256218196,-0.06853337968807481,2.029305808918774,0.5869565217391305
3260899.92841489,0.2666816941403576,-0.09028879422371654,1.6348935558739277,0.5869565217391305
6137247.21998176,0.4374565414876148,-0.04705932865409519,2.236594808577343,0.6304347826086957
4555002.778477389,0.35424652308038085,-0.09838966877916352,1.932343449968659,0.5579710144927537
2170817.7593954485,0.1676822356144938,-0.2197290439445601,1.072260705327528,0.4855072463768116
1960268.7607352864,0.1440977296598851,-0.09631472570268876,1.2196598657278792,0.5217391304347826
2769693.531142833,0.22598835009619322,-0.07365951509110842,1.3591360344634467,0.5507246376811594
3931647.107696394,0.314967157312831,-0.06880517256859811,1.8607519277618307,0.6014492753623188
3398022.079425234,0.2771597973671809,-0.08845835209412377,1.797748058242008,0.5797101449275363
2053950.4355400708,0.15482982574680126,-0.0675122486872472,1.2429789327964018,0.5434782608695652
1968979.552813228,0.14511272622277271,-0.1599123643270496,1.050831449243324,0.45652173913043476
5619763.924473739,0.4123541630931231,-0.07111075875958793,1.8761148830590286,0.5942028985507246
2385744.9831934352,0.1899392881948323,-0.14581953298613512,1.2480167279864505,0.5289855072463768
4322717.37454856,0.3401436976668937,-0.0576131792387538,1.8600564112819422,0.572463768115942
2030892.5378483045,0.15222525158349454,-0.16023630605678912,0.9827992804423733,0.5217391304347826
3682878.207135093,0.2978887600865585,-0.05896568319999986,1.849321437408281,0.5942028985507246
2118228.12634241,0.1619690116411796,-0.054458009854829056,1.3180495635915248,0.5217391304347826
2625146.150529893,0.21291592286712624,-0.10228309029957236,1.3788683691953278,0.5
4509649.243874382,0.35153890858040104,-0.09184108468595703,1.8951776681930304,0.6014492753623188
3574010.4091383694,0.29012313310660853,-0.09201291051966089,1.7127542322552538,0.5217391304347826
3068546.1709316215,0.251372285943132,-0.06460023801408366,1.6474409051224312,0.5507246376811594
4385746.322854803,0.3440291919679468,-0.07363698345361604,2.006787255515986,0.5507246376811594
3892008.433506382,0.3123049123688997,-0.07696132760895251,1.8611505552469056,0.572463768115942
1971784.2212284883,0.14543876649490284,-0.1333533621340922,0.945705714890706,0.41304347826086957
2562439.703002541,0.20706520464351397,-0.0793126811525523,1.436759157393204,0.5289855072463768
2894931.9638561225,0.23688029943114763,-0.053776243458429684,1.5438198306288535,0.5
3020023.227113262,0.2473894213206871,-0.06251512654657816,1.6167896045090482,0.5652173913043478
4688131.790350465,0.3620716772773953,-0.07814684127397561,1.882005015656611,0.5652173913043478
4291665.04760789,0.3382127514453259,-0.1627193899016959,1.7699091810500482,0.5797101449275363
2254559.648097699,0.1765553038478671,-0.061438573442468454,1.2063862758709014,0.5362318840579711
6979762.919731397,0.47491887769814856,-0.07070792757150755,2.1984010456329592,0.6231884057971014
5557160.295657552,0.4091933492048372,-0.047486065974354896,2.1510627616046176,0.5507246376811594
1770686.411505043,0.12105864195620097,-0.0820345790703366,1.1311393621023236,0.4927536231884058
4294107.236925124,0.33836501986317935,-0.07609870390786908,2.133885317550667,0.5797101449275363
3609233.618018665,0.2926560965403673,-0.06690852361469907,2.044259200658929,0.6739130434782609
1500073.9278014104,0.08448246066879905,-0.1242766050920271,0.6697929932332792,0.4927536231884058
3679874.2265224326,0.2976769634901608,-0.09056039762280829,1.757207287841026,0.5362318840579711
2603364.505668106,0.21089642185127366,-0.08310751335617009,1.5538935869690074,0.5579710144927537
1753070.46934617,0.11881910763092907,-0.08466027384245144,1.0026856815151672,0.4927536231884058
4959104.00819521,0.37746522426272966,-0.05844167259212805,2.120894086605507,0.6086956521739131
4953568.867232075,0.3771575932673721,-0.05757548046450671,2.0506113518548488,0.5289855072463768
4594942.511799663,0.3566131311501721,-0.10607439568324296,1.9206355707621945,0.6086956521739131
2535063.368079224,0.20447492706054105,-0.0855854175388428,1.3059892566140652,0.4927536231884058
3962434.857551619,0.3170201727825528,-0.08791106128301426,1.4905531942843444,0.5362318840579711
1957090.7316888392,0.14372652178531453,-0.08019192317914693,1.109122410899671,0.5
3421852.1307499013,0.2789461169161622,-0.08464588894255674,1.6281909088369775,0.5217391304347826
4620761.540519554,0.358134280636907,-0.08265615146382324,1.90733105479868,0.5362318840579711
5067160.5946249,0.3834164443776975,-0.09227879471390289,1.8535457337015973,0.6304347826086957
2370117.736209579,0.1883763055859553,-0.10089835689152123,1.368141885194736,0.5
4505046.372106566,0.35126290034433527,-0.11129570028404762,1.581368236304483,0.5
2219155.9298192193,0.17283674464377397,-0.07072236238167007,1.3001567540766137,0.5144927536231884
3156872.012030194,0.25849471173810423,-0.08383395435953911,1.537811861608297,0.5362318840579711
2222178.021545816,0.17315600937012166,-0.11546139159696217,1.2418330438014855,0.5579710144927537
2685679.41428349,0.21845875842997953,-0.09416587090907913,1.5370696487625992,0.5362318840579711
5542899.8269975055,0.40846936732290473,-0.05133950656330793,2.3629006461979007,0.6521739130434783
4338105.388265285,0.34109647093800466,-0.08055316959753249,1.880583356589235,0.5797101449275363
2885392.303766553,0.23606404525791347,-0.1282882705234425,1.5462517346651155,0.5434782608695652
3924327.5457672426,0.3144771764553116,-0.06343601853805472,1.7898646360968866,0.6304347826086957
3073266.514345634,0.2517570463680108,-0.08746446185787107,1.6780438593091456,0.5869565217391305
4200152.75833992,0.3324564307264315,-0.049862148460513046,1.7438487631908695,0.5579710144927537
1797218.1438938607,0.12439824448848635,-0.10545015611131346,0.9501598297781519,0.47101449275362317
3153815.824327652,0.25825094599001797,-0.09524750638664725,1.3765138027145871,0.5217391304347826
4212011.9734888,0.33320802581325637,-0.07790806828776982,1.928879245616238,0.6231884057971014
6190846.484064715,0.43995860337719894,-0.051724109521014486,2.470484964422578,0.717391304347826
4766859.606671358,0.3666159094703507,-0.06179758719776673,1.8716199698879605,0.5869565217391305
5279460.897045338,0.394819195530423,-0.07204395764900742,2.01434309013123,0.5797101449275363
2811623.4476294518,0.22967807954033148,-0.09773757709478693,1.4189773084416484,0.5217391304347826
1727047.875835346,0.11547765593199433,-0.09816125627785534,1.0296948594087512,0.5362318840579711
1936806.8840425164,0.14134584992911048,-0.09343606805637769,1.0434179189075228,0.5
4947612.714063902,0.3768262560144635,-0.05474716397376355,1.7526034344090293,0.5507246376811594
5181463.177915468,0.3896021687338538,-0.05452756765299561,1.981861206123811,0.6086956521739131
2986939.110824859,0.24464435548068408,-0.16519612300529726,1.4623850318890046,0.5434782608695652
2380751.60643546,0.18944076081799532,-0.1613175212070703,1.2267190259685812,0.463768115942029
2484796.9976785486,0.199660011652518,-0.08236163471769498,1.42267894564204,0.5362318840579711
2944927.0150467963,0.2411232381676498,-0.09626692744396799,1.4601571234911355,0.5434782608695652
4922142.519797974,0.3754057540528639,-0.06382268186063925,1.7480571353509509,0.6014492753623188
3315673.5587509493,0.27090870152945334,-0.08334553313209753,1.5854804440306067,0.5507246376811594
2457617.248522185,0.1970239760325847,-0.07252701123092972,1.6617538025302916,0.6014492753623188
3112931.6730302474,0.2549716572458609,-0.16528545926968974,1.3749250510486393,0.4782608695652174
3070900.804880208,0.2515642739086803,-0.08526510525347186,1.6169052269584618,0.572463768115942
2394182.018362425,0.19077972906747354,-0.048850782176515055,1.7117599996179467,0.6086956521739131
2435538.165336419,0.19486540699997024,-0.10472161007350936,1.2713227749396234,0.47101449275362317
3556653.571299878,0.2888676200356841,-0.11852631744685242,1.5911331841287741,0.5507246376811594
4097066.9379326752,0.3258506684265179,-0.08981865474192932,1.806710938799525,0.5579710144927537
2008261.679501437,0.14964580854152199,-0.07986073232368841,1.2947700293655264,0.5144927536231884
2520511.5355890105,0.20308894980583037,-0.06388806734153815,1.5653379461131507,0.5579710144927537
4091698.8399835336,0.32550305246546096,-0.09370489906322572,1.7711505124122637,0.5362318840579711
4341490.491374339,0.34130570207050126,-0.07435257152927109,2.01013989886846,0.5942028985507246
1955292.4253728911,0.14351625795123368,-0.09192667762676834,1.2509223867558583,0.5217391304347826
4041530.1589428424,0.3222365706779504,-0.06316997120000006,2.0465907009002438,0.572463768115942
4239786.504645069,0.3349616743120274,-0.08581810704770672,1.9365406439843156,0.5362318840579711
3128720.6656698966,0.2562421418941254,-0.06397001306211,1.7926238880178882,0.572463768115942
3838407.446285615,0.30867020455122507,-0.081067999619638,1.7137988371355046,0.5507246376811594
5816015.976973062,0.4220835678196757,-0.07479245991114031,2.3274422662471057,0.644927536231884
3069366.9204591126,0.25143922013858844,-0.0704437215575007,1.6555883554137563,0.5507246376811594
3455465.7401211727,0.28144897573444494,-0.08155524350978642,1.6875962367461195,0.6014492753623188
4473996.193552205,0.3493950790760636,-0.07328675773065381,2.0481332451790646,0.6159420289855072
3256858.084336638,0.26636753116434386,-0.07304710305560869,1.671752034767066,0.5942028985507246
5195098.669688019,0.39033277298463,-0.06058622988882106,1.9372422779793315,0.5797101449275363
2897057.3609484546,0.23706186432752974,-0.12314250562794764,1.5491891487507081,0.5579710144927537
2890198.54030163,0.2364755568460537,-0.09370635765859199,1.4458157382756138,0.5362318840579711
4718621.816374079,0.36383877703540324,-0.05622738704517022,2.0273256348355875,0.6376811594202898
2417103.553554366,0.1930511161491988,-0.08344071779603607,1.3716212505383183,0.4855072463768116
4284831.332459803,0.33778630646818875,-0.06354603144794095,1.7651875285442602,0.6086956521739131
4073243.3830534215,0.32430516275586974,-0.07159841499196441,1.6760795578906929,0.6231884057971014
3608948.5269054263,0.29263567467528606,-0.08388672074846758,1.4989956013385366,0.5362318840579711
3355172.6095415605,0.2739223983856325,-0.060118668803376706,1.9247456435423727,0.5507246376811594
2335679.5496784667,0.18490259784331897,-0.08538280547265578,1.3803218189680162,0.5942028985507246
4337939.772478425,0.34108623097750423,-0.05468425657393363,1.9522462477429932,0.6159420289855072
3610818.3705131523,0.29276959322656415,-0.09775143441521117,1.5270401537376963,0.5362318840579711
2589036.34490069,0.20956059348402056,-0.14666399597430513,1.2898233422583518,0.5869565217391305
2876774.681939232,0.23532482648896047,-0.060783100519294336,1.5808487252046133,0.5362318840579711
6690887.39918338,0.46250292802795356,-0.08330454431853633,2.1367928129577898,0.5942028985507246
5772919.850822704,0.41996979250880595,-0.07336749493298128,2.1367323856465115,0.5507246376811594
3296245.978458476,0.26941586739558376,-0.05376440570716455,1.7072443235044839,0.5289855072463768
3977722.91337029,0.31803488603578933,-0.05638553845378387,2.036354467931785,0.6231884057971014
3004962.2907326566,0.24614277915638505,-0.06296429586390939,1.568813395167956,0.5797101449275363
2136643.3927122527,0.16398238718657332,-0.16882029099152074,1.2608818838822613,0.5507246376811594
4520260.916735445,0.3521743730096889,-0.06391281462951752,1.7130910952120184,0.5579710144927537
5499741.01330266,0.4062691441952171,-0.07478392273910012,2.1561368916375248,0.6521739130434783
4448455.079346055,0.34785086560261025,-0.06592451170376107,1.7296178218073843,0.5362318840579711
1892122.4002284005,0.13603011816964727,-0.1781174722042629,0.9589379965278431,0.47101449275362317
2324632.749676301,0.1837796513778185,-0.09944675101478091,1.253648841946619,0.5434782608695652
3449605.6107318443,0.2810140383524584,-0.12745248867368553,1.4121129938208632,0.5144927536231884
3260330.861751344,0.2666374807843066,-0.0857957052481299,1.6484131031097098,0.5507246376811594
2342917.778679989,0.18563608755400307,-0.06550761114299064,1.5122744791623084,0.5362318840579711
2498710.645202225,0.20100051437044408,-0.08944686420642123,1.52976324494951,0.5942028985507246
1415794.924424908,0.07201304506651196,-0.1999300951796138,0.6502926015312507,0.5
2519192.543564767,0.20296300735519734,-0.0392633705793211,1.4940620064554408,0.5434782608695652
3540766.5702677458,0.287714124211951,-0.04467741980578006,1.904403543179412,0.6521739130434783
6273822.114956768,0.44379801420447573,-0.07312796942187967,2.054952036884524,0.5797101449275363
4523808.997418326,0.3523865783780902,-0.044480000000000006,2.2895184476581885,0.6666666666666666
2581900.062236161,0.20889306334765356,-0.11035551657495915,1.4381881410067006,0.5507246376811594
3370941.9882893767,0.2751176455975597,-0.07164029388377552,1.5198854910011215,0.5144927536231884
4382884.984675608,0.3438537725178681,-0.052526170739301284,1.8947892293060626,0.644927536231884
5451085.909436104,0.4037720960166864,-0.07791023631097274,1.8352870461316653,0.5434782608695652
3388698.693596322,0.2764581807589759,-0.07972959257269156,1.7642919760318119,0.5797101449275363
2227405.0795875634,0.1737073957077957,-0.08403564605749562,1.247529025116954,0.5
8959901.139901623,0.5504602753471708,-0.09478277535092584,2.1315323473370325,0.5869565217391305
3454225.7006743867,0.28135698955672916,-0.09555906088602484,1.6328472794190354,0.5434782608695652
2360369.9657403305,0.1873971876756797,-0.07717449034528301,1.4500253861617716,0.5507246376811594
3626862.392491758,0.2939163946249148,-0.08191364876719287,1.7622823875696862,0.5869565217391305
3158325.163143443,0.25861055085682105,-0.08499300618333065,1.5413165404950377,0.5362318840579711
2355978.00773532,0.18695497866328092,-0.06751756898266638,1.683681921543181,0.6304347826086957
4618763.329923182,0.3580167974973947,-0.09803578613913985,1.770275862253696,0.6014492753623188
2393983.220791838,0.19075995346325936,-0.062223841697724,1.358120121108126,0.5217391304347826
2262675.810596848,0.1774011801919695,-0.054085679779637,1.2851453168082416,0.5289855072463768
5869982.213491211,0.42471290144651186,-0.0451106431999999,2.2853929323301556,0.6956521739130435
3453091.963690621,0.28127286577934063,-0.07698033510346379,1.7286887567758789,0.5942028985507246
7729136.217968614,0.5053108510892903,-0.06058528571836094,2.181094292986112,0.6376811594202898
3434943.0347109353,0.2799231900417225,-0.09642521508256029,1.611589854288407,0.5579710144927537
4613532.704303404,0.3577090745489748,-0.07655224302874095,1.9208218517855289,0.5579710144927537
3542378.067661191,0.2878313174939442,-0.07760170303928045,1.5849775363200787,0.5434782608695652
2367584.8338204813,0.18812219764236437,-0.1138443562215679,1.5505272390847729,0.5652173913043478
3448404.143808383,0.28092479276119575,-0.11025929258437174,1.4925852754958242,0.5507246376811594
1966534.4595249798,0.14482818296760458,-0.1633281228695332,1.0972889784993358,0.45652173913043476
4172634.7018015864,0.3307058714421496,-0.08364039728817885,1.8063644483578185,0.5507246376811594
4872276.717013263,0.3726075681938985,-0.061883377796608796,1.7104013543418317,0.5652173913043478
3394708.1297920723,0.27691058796240564,-0.049354671154314404,1.8234701601415793,0.5434782608695652
3502497.9594071484,0.284918488580185,-0.18654740167020978,1.756499963413024,0.5652173913043478
4634954.52535566,0.3589675779035755,-0.06122629208071275,1.9380546191859924,0.5942028985507246
5479526.181777704,0.40523384521021666,-0.11132094816116281,1.6632273998133527,0.5217391304347826
7051593.626817317,0.4779422187214275,-0.07328243575087487,2.3564996001234495,0.6231884057971014
2128747.963025722,0.16312087185219593,-0.059297664011713526,1.0978583571104321,0.47101449275362317
3046775.807923795,0.24959160741708564,-0.06374105084791787,1.6402958383824084,0.5652173913043478
6876920.326352029,0.4705466243201082,-0.07553747213523339,2.1718247015514707,0.6304347826086957
4579374.66833605,0.3556926312456601,-0.10369575091415528,1.6464084789152962,0.5869565217391305
5267375.107336445,0.3941800034169487,-0.08698152959999997,1.954900730406677,0.5797101449275363
3778587.0617077993,0.30456549239179664,-0.0772868037277917,1.5384255177686224,0.5579710144927537
2488187.6039935877,0.19998723005167252,-0.10125744720024352,1.4202228100437655,0.5579710144927537
3037292.72710783,0.24881276711055378,-0.07064533222122202,1.6582390568211882,0.5942028985507246
2213691.2341875173,0.17225855018898306,-0.06319189734533394,1.3623255615206773,0.5652173913043478
3250196.6931175035,0.2658490756816847,-0.06171197439504827,1.6538673217580164,0.6086956521739131
1754157.474035917,0.11895781969234331,-0.12395891041573319,1.020627208877383,0.5507246376811594
4434493.4503646055,0.3470037462060305,-0.06964965689129542,1.7474077946038398,0.5797101449275363
4667766.925954107,0.36088626997214424,-0.07793057634038388,1.90953141854191,0.6086956521739131
3505294.2496543946,0.2851235912360448,-0.11453416044907984,1.6597911395956095,0.5144927536231884
2495917.5381193897,0.2007318939155971,-0.05926446915904841,1.408903107202214,0.5144927536231884
4668082.699286914,0.3609046822010251,-0.06852442387936009,1.9306272713463148,0.6159420289855072
3424134.848414937,0.2791167084006376,-0.08031692582298855,1.6248286828384098,0.5362318840579711
3225494.032556925,0.2639190176800019,-0.18846987640063018,1.4618172986944946,0.572463768115942
3241978.05382948,0.26520824703392787,-0.06799080531769512,1.7468191051125788,0.572463768115942
2582841.08786861,0.20898117160280782,-0.08725064211133811,1.5330735376765645,0.5507246376811594
5249746.212307227,0.39324554093409536,-0.09122692180455062,2.0835950464843527,0.6014492753623188
2844651.9141416266,0.23255363349841107,-0.124320379176713,1.7407000321715305,0.6086956521739131
1858453.5413921776,0.13195807458269537,-0.09724841248539783,1.0583867029401421,0.5434782608695652
4201886.547492512,0.3325664180188337,-0.0820451957146676,1.9118738825086095,0.5869565217391305
3414029.5421453654,0.27836082976464094,-0.07629781059321462,1.7735887749907835,0.5289855072463768
5129845.462375287,0.38682242759192764,-0.055211183495716874,2.3022020311527815,0.6014492753623188
2826237.8294033227,0.23095376507917575,-0.08751614234645003,1.4391471432599023,0.5652173913043478
2937803.4484286252,0.2405222187893108,-0.09115892266117862,1.595481309571754,0.5434782608695652
2878716.9519638363,0.23549158870979858,-0.10582092038505264,1.5816196293967535,0.5217391304347826
3762791.221449412,0.3034729542646941,-0.08250692525564084,1.7016497705698368,0.5942028985507246
2502338.55292527,0.20134906139334952,-0.07087661786530336,1.4506827470182044,0.5144927536231884
2933887.3789121984,0.2401913209835329,-0.08588306188205105,1.6996874915962943,0.5797101449275363
3389731.0027147266,0.2765359415162396,-0.07739242670326817,1.7536360753755258,0.5579710144927537
2301482.9075672594,0.18141247048557796,-0.15771428816052657,1.2225713620937573,0.4927536231884058
4726530.691739548,0.3642956564777933,-0.058375620451880515,1.7641351131101277,0.6014492753623188
2113538.6174807996,0.16145406277759333,-0.10121900373584171,1.142646669779888,0.45652173913043476
2855728.4200935173,0.23351200547113593,-0.05555065968870389,1.608051933528527,0.5217391304347826
1881321.3764865971,0.13473015975342362,-0.19941106920428703,1.0877012111272975,0.4927536231884058
2776968.1275149006,0.22663168591635885,-0.06738347405711147,1.4938957085691775,0.5652173913043478
5105883.740661966,0.38552441904146106,-0.07115908007061399,1.8530921118688561,0.5579710144927537
2705852.0501770573,0.22028369757066457,-0.07859676434856327,1.7610025477827018,0.5144927536231884
2621639.4262144268,0.21259170196437505,-0.11111328847695107,1.4457625350384784,0.5217391304347826
3037479.662989855,0.2488281388372917,-0.1086529695886326,1.5478461163700854,0.5362318840579711
3579007.9548060894,0.2904837278093244,-0.07839428782278564,1.9441558229857758,0.6086956521739131
2931209.1810215735,0.23996481663491642,-0.09091239807065693,1.4152080648137073,0.5362318840579711
3194585.2808283847,0.26148734251358885,-0.04131631128947723,1.6076072529038499,0.5507246376811594
2743686.7991372077,0.2236773086629673,-0.08778643185851011,1.6313585134946902,0.5797101449275363
4212673.70359017,0.333249914034466,-0.06984803784054001,1.8425288226448324,0.5434782608695652
3257060.537633835,0.26638327479829327,-0.08439375272858853,1.493819813690101,0.572463768115942
2443592.9649783266,0.19565469413872982,-0.048049646889600964,1.5182935464433291,0.5289855072463768
3278664.019073652,0.2680587726774275,-0.062364192906548564,1.7300480543249181,0.6086956521739131
3776189.4151401445,0.30439989180468907,-0.08531122759788404,1.7593598530120937,0.5434782608695652
4099676.7117381287,0.3260195350377664,-0.08701508268966177,1.7509794389343902,0.5797101449275363
2535104.1914509768,0.20447880628593706,-0.06882481046867837,1.3468212489959466,0.5579710144927537
5966274.0044098785,0.42935675663787753,-0.07791494025685011,2.3044950043775714,0.6304347826086957
6719590.077842105,0.46375555426975024,-0.05422548871998311,2.178014316301775,0.6086956521739131
1716296.3579519081,0.1140853315234891,-0.09207100761870454,0.929782960427176,0.427536231884058
2937846.8192747813,0.24052588153813215,-0.113079510251922,1.5893777576454389,0.5434782608695652
3168645.2628862183,0.2594320015882925,-0.11927983189056876,1.577347063549671,0.5362318840579711
2605667.529333522,0.21111058600954058,-0.0851945693068296,1.6307629179620742,0.5797101449275363
2795100.752860147,0.22822941302209077,-0.07595020025769154,1.4365515518345011,0.5072463768115942
2134966.1954356837,0.16379959193303417,-0.16334800715370462,1.192110445111515,0.5434782608695652
1674062.4573276348,0.10854756259442477,-0.14797445028333894,0.9662183198470686,0.5072463768115942
3686498.9266913603,0.2981438564568166,-0.058172601599999846,1.9183545249625615,0.6086956521739131
4948844.431066804,0.3768948018590077,-0.07227894807414359,2.0417663256794785,0.5797101449275363
3877411.8780834116,0.31131910094314286,-0.0912113494966469,1.5496198679835311,0.4927536231884058
3117555.2212441266,0.255344230650862,-0.104535100353486,1.927767184717459,0.6231884057971014
3150593.135533294,0.2579936950997792,-0.07467900358817867,1.6402307264161615,0.5362318840579711
4376128.051770366,0.3434391627566391,-0.06359956315562484,1.8509969908497295,0.6231884057971014
3177406.0947165904,0.2601276610057335,-0.07465468099816108,1.7606856289094048,0.572463768115942
5760512.154699278,0.4193588808494828,-0.06620705082888506,2.0419035829609284,0.5652173913043478
2988615.2504970366,0.24478401213848566,-0.06853615574294443,1.5455251119259656,0.5144927536231884
2345973.783112122,0.185945225178217,-0.07400914917352054,1.2589486807005097,0.5217391304347826
2616827.435922663,0.21214623504168473,-0.15105774248966625,1.527338557646765,0.572463768115942
3033094.7099279384,0.24846736489001042,-0.06268168647640775,1.6759652072868394,0.6086956521739131
3131016.559939836,0.25642645703321043,-0.0832211643300236,1.8080301675293808,0.572463768115942
3714326.812690338,0.3000977978743131,-0.07079369482030284,1.7930981793577516,0.6086956521739131
2635322.043141236,0.21385479700906362,-0.08501304920594505,1.4888117351875434,0.6086956521739131
5119299.9731080895,0.3862517764221003,-0.10062907842097836,1.8972276594991009,0.5942028985507246
4685612.526772005,0.36192525838235623,-0.05366250027230015,1.9459641971208759,0.5652173913043478
5253402.247826301,0.39343954409581494,-0.09094758573455851,1.8341606668194552,0.5869565217391305
2989470.462218713,0.2448552445962111,-0.06627652060569292,1.5588354984674775,0.5797101449275363
1742030.547643316,0.11740639691487509,-0.16368137719959433,0.8768688409195572,0.4927536231884058
3189909.423809111,0.2611178428512637,-0.07910703262768966,1.5960782818547434,0.5579710144927537
2651209.456907391,0.21531485962221875,-0.053590072607931166,1.4960393153206448,0.5289855072463768
2627554.4974830584,0.21313839055750194,-0.14053793429589528,1.3243202144647621,0.5144927536231884
1773539.1787512312,0.12141963872419903,-0.11739802452542926,0.8543242535174301,0.47101449275362317
7671599.959236505,0.5030630189280021,-0.053410168824521466,2.179654785711409,0.6014492753623188
2958558.334669999,0.24227008562798735,-0.05545695922142415,1.7418048437824905,0.6304347826086957
3669268.890806446,0.2969281230909193,-0.11624152681458098,1.6077791603088294,0.5289855072463768
3659599.894530337,0.2962438869500317,-0.07945732085971066,1.6508334905001611,0.5434782608695652
4282188.103979623,0.33762121489522245,-0.165196889509366,1.958320428361714,0.6159420289855072
2844120.4633815447,0.232507575805466,-0.054786669288898804,1.6811101591248094,0.6014492753623188
2806127.188026079,0.22919693965165067,-0.07398617848209359,1.6832536162311678,0.5362318840579711
3436558.7902130755,0.2800435794579428,-0.08736965425976291,1.5589569963824712,0.5362318840579711
2991277.869487718,0.24500573388996671,-0.11180193718491183,1.398418228504194,0.5579710144927537
3602690.2426323527,0.2921870510037994,-0.05528496160737471,1.8457688841061035,0.5434782608695652
3482499.8443776723,0.2834478332898325,-0.10940710881163486,1.4831803538375687,0.5289855072463768
2775711.459819224,0.2265206477304773,-0.0863909648853485,1.4150447120510457,0.5217391304347826
5711077.3727643,0.41691438293268757,-0.10121961325672962,1.9642737982633989,0.5797101449275363
2553396.991528488,0.20621206592209118,-0.10450238778672695,1.5168900828562086,0.5507246376811594
2570982.1429665005,0.20786893551967212,-0.11605090319668566,1.410169539584472,0.5072463768115942
2798679.1591187287,0.22854373835166708,-0.14510081473156025,1.464805631166165,0.5289855072463768
3237675.338954397,0.26487223472585564,-0.06338974079999993,1.8156918079602564,0.5797101449275363
2427689.1893386403,0.19409427698767878,-0.13916562906454313,1.532009137082721,0.5797101449275363
2641526.038992597,0.21442578366919363,-0.10472080208361496,1.5183260433727417,0.5507246376811594
2515881.287767984,0.20264660326114847,-0.1252742659715289,1.3824209495277713,0.5
4270339.652323443,0.3368801773723826,-0.09302389988561735,1.8771588040848162,0.5652173913043478
2972972.20759714,0.2434781828339141,-0.06799719647996862,1.7418685823331288,0.5942028985507246
3331325.044602041,0.2721062956991358,-0.06897911409707447,1.6913273985848478,0.5652173913043478
2255572.853964464,0.17666103433968905,-0.08433651055795913,1.2547054937523017,0.5217391304347826
2551419.757415201,0.20602520091686638,-0.04497607443549344,1.4953072243574725,0.5869565217391305
5316128.501264818,0.39675133147245534,-0.09095231510609732,2.0683314141828983,0.644927536231884
4322859.483183945,0.3401525089525408,-0.07886818356368792,1.8572713689445652,0.5797101449275363
2756169.2213755334,0.22478871365213648,-0.08904689910325814,1.6273894810961447,0.5942028985507246
5334052.34307879,0.39769192027430345,-0.059158516977856054,1.9121058545957812,0.6014492753623188
4798972.017368839,0.3684522359238387,-0.06251560188746286,2.0892403705370413,0.5797101449275363
2445487.857358754,0.19584007153754235,-0.12293574890143666,1.1999651158265177,0.47101449275362317
3957304.6477466337,0.3166789638087186,-0.06817943366030585,1.8109779721581858,0.5652173913043478
2763043.941855332,0.2253991037288483,-0.0819226579669657,1.4443393205906117,0.5072463768115942
2640033.851481489,0.21428854780095796,-0.07966443976486659,1.5584970508894433,0.572463768115942
4093022.5678173737,0.32558880551524716,-0.05998323014034861,1.8083029585291623,0.5652173913043478
3169815.383163301,0.2595250046963622,-0.07754770387399999,1.6561857878078803,0.5579710144927537
5711375.261838148,0.4169291638393242,-0.04915621737726607,2.2399704852330355,0.6231884057971014
3170489.681171076,0.25957858655155275,-0.07924216947118631,1.7389470412167518,0.6304347826086957
7278533.942665503,0.4873349467087704,-0.053251925673544274,2.0406544976861265,0.5869565217391305
4677747.91164504,0.3614677635986494,-0.10283786225775579,1.734977861510949,0.5652173913043478
3656747.170386003,0.29604173480835905,-0.16564639181268134,1.611087338496392,0.4855072463768116
3117306.5139463106,0.2553242006457681,-0.06402974854772747,1.651289138169562,0.5217391304347826
5020164.320583057,0.38084072304823513,-0.08532183310206305,2.0690628905022797,0.644927536231884
2439865.373198195,0.1952896877981667,-0.09278508704596797,1.3843830797034355,0.5362318840579711
2089788.4748699295,0.1588319643381535,-0.07848964646523786,1.4110194885947716,0.5434782608695652
3116558.0694477838,0.2552639158626324,-0.11022195543678377,1.5850324303543506,0.5797101449275363
2147895.389195919,0.16520576622862282,-0.08777060390346395,1.022729729976973,0.4782608695652174
5738563.427901158,0.4182756192158039,-0.0770806470591347,1.9886717065967956,0.6014492753623188
3626091.4895513346,0.2938613846099931,-0.08039037009546263,1.725659732292377,0.5507246376811594
3787804.0871367566,0.30520131197734157,-0.07623924252771082,1.6852124021739245,0.5434782608695652
2552507.6390147484,0.20612802907050276,-0.09541370590692758,1.4197342231657353,0.5362318840579711
2627761.8803959265,0.2131575396355614,-0.10940021344251323,1.4009699570108365,0.5434782608695652
1402918.2797486037,0.07005592185719167,-0.1155911054464655,0.6037359689905911,0.4420289855072464
7245055.655109953,0.4859641955971965,-0.09240349826918932,2.0470944774220814,0.6014492753623188
2644012.4513411615,0.214654320277331,-0.15133232747574757,1.5470793740177622,0.5144927536231884
4404263.570016984,0.34516221669270597,-0.05435938564702426,1.9122165876668593,0.5797101449275363
3074632.2729205387,0.25186828267601813,-0.06679192586512189,2.035683986949735,0.6014492753623188
2787170.4074989697,0.2275316666925189,-0.08570568765429153,1.5415516875907656,0.5362318840579711
3413759.580510921,0.27834061205469207,-0.07952245763833272,1.528134936079446,0.5579710144927537
4518819.316700249,0.35208811500934,-0.11352096668054854,1.7445514700537659,0.5579710144927537
3504228.1799013014,0.28504541245901716,-0.07261958581959042,1.7951419628325227,0.5434782608695652
8934603.046400435,0.549583746409996,-0.05181774358160553,2.4489988493585804,0.644927536231884
2870968.894349561,0.23482580719954105,-0.06665728114204067,1.3908028646963804,0.5072463768115942
3861895.8999588517,0.31026793356323545,-0.0665805594523097,1.8986778391513313,0.6014492753623188
2553783.2580609587,0.2062485577925952,-0.11056026616630556,1.3052403503638281,0.5144927536231884
3129519.955166264,0.2563063213889061,-0.07649289610116201,1.5442090834249502,0.5
2912286.528066712,0.2383597283461567,-0.03710267203623046,1.6623597583138898,0.6231884057971014
2605030.5165260057,0.2110513636874014,-0.07483458423885672,1.4483976777883718,0.6086956521739131
2915336.065737762,0.23861896409360916,-0.08359758032617486,1.7414561369028927,0.5869565217391305
5078935.873976305,0.3840588157257834,-0.08244691126584859,1.8095188873600552,0.5869565217391305
2065546.2626937428,0.15613083751200962,-0.09575148478042265,1.2066238592132836,0.5362318840579711
2818491.868067445,0.2302782811931876,-0.15444603544553934,1.2747449274075073,0.5289855072463768
2859407.1080242298,0.23382963857312,-0.15680132811447417,1.4335520410713938,0.5144927536231884
4374063.427171919,0.34331237391036784,-0.07119904051067225,1.8681878977105637,0.6014492753623188
7807689.103407064,0.508358247646173,-0.0443929714909303,2.3047403122663788,0.644927536231884
1804132.8552591389,0.12526212976445628,-0.10709219863977668,0.9826155527611594,0.5217391304347826
5535181.650805983,0.4080769057977265,-0.09297463112113366,1.847219985598783,0.5652173913043478
4678076.267839936,0.3614868768057342,-0.06982620691343781,2.0430617080036932,0.6376811594202898
2185539.1750397533,0.1692616860151437,-0.06285116197367717,1.517905216852927,0.572463768115942
4777136.560920881,0.367204664094557,-0.048932366751268754,1.8298558677687329,0.5652173913043478
3756839.7903634724,0.30306036469730446,-0.1034155008071203,1.7314779970198806,0.572463768115942
2314398.6999125727,0.1827355079229589,-0.11802510486279397,1.23039138501886,0.4855072463768116
3055602.43024712,0.25031479249500665,-0.04720914310055997,1.7195372121411976,0.6014492753623188
1960241.7110519113,0.14409457216915955,-0.08637167742866157,1.1027257620284343,0.5289855072463768
5265606.561055523,0.3940863703256696,-0.08826951252600751,1.8723122826354452,0.5942028985507246
3753385.1871636617,0.30282063058917585,-0.08526292983052627,1.6068527665097672,0.5579710144927537
3126355.148283135,0.25605212418000667,-0.09465209671824623,1.4645859215471098,0.5797101449275363
2412143.327081448,0.19256105296035697,-0.07902174899630765,1.2056217652313637,0.5362318840579711
3026057.77630833,0.2478875250106507,-0.10635450206160364,1.6191759267472248,0.6014492753623188
3268710.890485823,0.26728794006569756,-0.07964500469045176,1.5562654180267552,0.5362318840579711
2075243.3670879377,0.1572143404699049,-0.09581951415478301,1.233984405636364,0.5217391304347826
2703516.1943812356,0.22007294018538048,-0.19313509340372878,1.363522587961159,0.5217391304347826
2850214.66587012,0.23303531162593938,-0.07896386165010466,1.6122890401100782,0.5652173913043478
2293265.3646068405,0.1805676062419117,-0.0762594162707699,1.3026310163494517,0.5434782608695652
3159151.9503685157,0.25867643984065936,-0.05399531315701573,1.7346978048504267,0.6086956521739131
2425854.3471859507,0.1939137236287607,-0.13928070573833543,1.1224881118593757,0.4855072463768116
3920126.6088218703,0.31419563004033035,-0.05972202083447741,1.7250703409793682,0.5434782608695652
1867077.1578568206,0.1330066350175716,-0.1475009652517394,0.927621424705894,0.5
3477327.77914091,0.2830663818512158,-0.05889879680000009,1.5070218166735625,0.5579710144927537
4212115.751447472,0.333214595416796,-0.06788126228855773,1.696201983938493,0.572463768115942
3750989.795469396,0.3026542973976696,-0.0679748870258356,1.7623523254052937,0.572463768115942
1814146.8133765394,0.12650853382661942,-0.13689683315390322,1.0753325832028098,0.5144927536231884
3816137.354367644,0.30714811085043525,-0.06284528512455738,1.716678922861346,0.5869565217391305
4519085.573202366,0.35210404809904117,-0.08243472926119835,1.846549992177287,0.5652173913043478
1984414.432053442,0.14690243652989254,-0.10788387041265429,1.246875859396994,0.5507246376811594
4642005.998632102,0.3593808245614738,-0.04279744559867599,2.0721506093011284,0.6086956521739131
2086273.2929404345,0.1584418532071934,-0.12553384883481639,1.126680850607488,0.5144927536231884
2364832.453241509,0.18784582434089292,-0.08349341689663406,1.5761894807567611,0.5579710144927537
2144741.9167322908,0.16486342142905586,-0.07642842470588591,1.2967371452297534,0.6159420289855072
2654448.8265490653,0.21561170009770092,-0.09062451070268711,1.470953092744369,0.5507246376811594
2589898.6644058535,0.2096411554091946,-0.11813797806811357,1.5385576054379044,0.572463768115942
1834590.8680452749,0.12903614452372025,-0.11705716018693657,1.0078306257963734,0.5072463768115942
4397199.936639819,0.3447304607784911,-0.05718977293358329,1.8100154149670042,0.5507246376811594
1988609.0538135658,0.1473868876986486,-0.18638486028283968,1.089103940510725,0.4855072463768116
3320616.053225516,0.27128737072580456,-0.1114812225560312,1.6297605641212167,0.5072463768115942
2571955.3403546456,0.2079603649333086,-0.10004293107176757,1.4023790661824413,0.5797101449275363
2275355.2264524936,0.17871779908370744,-0.11868466271986844,1.2079253124217681,0.47101449275362317
2529290.125655402,0.20392582292779204,-0.08351505049923791,1.3928843972042795,0.5507246376811594
6457927.006164835,0.45217389827488597,-0.04829252480000003,2.397906045670399,0.7028985507246377
2836609.357911975,0.2318558953036871,-0.11602891407758545,1.5117192335751741,0.5362318840579711
5766283.943707989,0.419643194411526,-0.0527320199527317,2.175442412981375,0.6014492753623188
3095289.6860695793,0.25354595584696504,-0.06562927240223786,1.984038313774349,0.6304347826086957
4478965.564572886,0.34969470684727644,-0.045896364111937316,2.098494552307275,0.6086956521739131
2399002.701907483,0.1912588701256983,-0.09410564385068272,1.293764621298238,0.5434782608695652
4641465.435325974,0.3593491630072243,-0.06296565022505071,1.8391881047096803,0.6014492753623188
3308991.6178827435,0.2703960460781336,-0.09716024804536934,1.6176432340379263,0.5072463768115942
3702074.7901377645,0.2992389673473841,-0.09562736927301707,1.6908226336851684,0.5507246376811594
3769289.9558715723,0.30392289039165643,-0.07815814426524716,1.9121158185769724,0.5652173913043478
3698214.4372484167,0.2989678969624041,-0.08985881728643426,1.6840482336659246,0.5797101449275363
5489997.961623097,0.40577053626858195,-0.07864129080461754,1.8268860821056452,0.4927536231884058
4003850.632245268,0.3197618599906631,-0.053182087759429814,1.893702436023245,0.5652173913043478
3447708.7569074235,0.2808731276928238,-0.056083446344983925,1.600006856601903,0.5434782608695652
2199118.376158259,0.1707110606900406,-0.1425292035522272,1.316330912117991,0.5289855072463768
2120833.960236995,0.16225476078537504,-0.06425945245169003,1.2423527415291518,0.5652173913043478
2456738.586817828,0.1969383703854779,-0.12156555896531196,1.2811296384220234,0.6086956521739131
2408607.1940654465,0.19221119567987666,-0.114871359521401,1.3199062797680303,0.5289855072463768
4982112.006131802,0.37874102183577096,-0.08970627680329099,1.986561166834876,0.6086956521739131
2409453.7161834524,0.19229498612092577,-0.11475251746874571,1.5328027861366007,0.5652173913043478
4178350.722639523,0.3310702540702366,-0.053540061333653674,1.7693046000293395,0.5362318840579711
3826962.043121686,0.30788883075136053,-0.11473169483449769,1.5289575074016342,0.5217391304347826
1855429.6632560652,0.13158947422464662,-0.0930108197250682,1.0770504502922174,0.4927536231884058
4136747.708137083,0.3284089929696321,-0.1462508867852625,1.7497903109596291,0.5072463768115942
2433387.8581565865,0.19465434600717035,-0.09350199169778733,1.3195355183161062,0.5289855072463768
5502278.770070645,0.4063988997787691,-0.07500619742086188,1.8591407243864582,0.5797101449275363
3306892.769396197,0.27023484617914284,-0.061472647703525465,1.8399166297530676,0.6159420289855072
4043192.783065088,0.3223453423890643,-0.0574890732859576,1.6978091733115956,0.572463768115942
2689139.348191001,0.21877254241820765,-0.10217647980196506,1.4742281633644123,0.5579710144927537
3746376.340753991,0.30233370492770795,-0.06366155558962883,1.9936288464480907,0.5942028985507246
3614089.9256319194,0.2930037692268179,-0.05918586650589952,1.6491864096644033,0.5507246376811594
2469686.5734233665,0.19819738694407185,-0.1355675070180504,1.2899945159025685,0.5507246376811594
2209546.7594247274,0.17181928039820038,-0.10037611204784302,1.2256372642012157,0.5217391304347826
4824302.597972589,0.3698938252411237,-0.07738651761978713,2.002791509130114,0.5942028985507246
4944481.034030633,0.3766519145028524,-0.055050192755811855,2.119846373386079,0.5797101449275363
1755564.714714617,0.11913729478926238,-0.11051247336318681,0.9424373846513896,0.47101449275362317
2466357.6153029106,0.19787419603210554,-0.04516689593627031,1.5465592650158004,0.5869565217391305
1834018.0169077916,0.12896562739125206,-0.14145998085270584,0.8856410068845447,0.5144927536231884
3496640.878946005,0.2844884577737623,-0.06050849477393333,1.9029426816234258,0.6159420289855072
2468804.886236567,0.19811182254998805,-0.06316997119999998,1.5304595352383121,0.5652173913043478
2969955.8540181583,0.24322575578564143,-0.08033724605889969,1.4471352355246438,0.5072463768115942
1846280.9735801343,0.13047134615063682,-0.1340142316664087,0.9372237159564467,0.47101449275362317
4794939.620242906,0.3682221867193607,-0.06021095503085527,1.8021775550066317,0.5507246376811594
4920828.496182021,0.37533231007355505,-0.038201854140412744,2.133203582794256,0.6086956521739131
1828155.6821532748,0.12824296788166523,-0.11672748940850883,1.0012824393294129,0.4782608695652174
4108003.7092316174,0.3265577629085792,-0.10081686811999657,1.8874223927153435,0.572463768115942
3542298.044449051,0.28782549895464715,-0.13206209395827131,1.703189256138469,0.5652173913043478
3068178.3756914157,0.2513422866657824,-0.08287155533349798,1.3748416330404027,0.5289855072463768
2658802.8455521245,0.21601022555822946,-0.07114901529791365,1.2661579274235877,0.45652173913043476
3320534.3885581717,0.2712811176522856,-0.08435174311900931,1.7554001677035387,0.572463768115942
4023856.8238730165,0.3210781325688974,-0.09993523155874412,1.7080129379420763,0.572463768115942
3296997.366823866,0.2694737354892256,-0.12583486708707503,1.4627749292012875,0.43478260869565216
2021527.0187379392,0.1511605819158086,-0.1329655594961811,1.1776852070036175,0.5362318840579711
2855616.269226576,0.23350231676173117,-0.06412086024749976,1.3663073350340402,0.5072463768115942
3271678.7567957113,0.2675179864700521,-0.11909873644613032,1.5976069789693785,0.6014492753623188
4083420.9942845567,0.3249662974343044,-0.06791216666137798,1.885487181174979,0.5942028985507246
2665901.7255695853,0.21665887134252393,-0.10327531493760032,1.5671129021907604,0.5942028985507246
3447885.9134289776,0.28088629065872905,-0.11299698100712498,1.6676087670004847,0.572463768115942
2866011.83779513,0.2343990987617688,-0.06751494518569433,1.4087518584139214,0.5289855072463768
2634158.437691878,0.21374758448918296,-0.05162728959999984,1.404582363593974,0.5289855072463768
2405481.613388078,0.19190161526963534,-0.07335683775419136,1.4048718756505933,0.5217391304347826
4010663.532718336,0.32021069254721946,-0.06768447889145193,1.7271312302226018,0.5507246376811594
4982811.446787099,0.3787797320603956,-0.051507255100115036,2.098382627402502,0.6014492753623188
4012264.985395408,0.3203161073906151,-0.06073962722983036,1.8076156678210458,0.5434782608695652
3298110.15778776,0.2695594175850813,-0.053288113239773796,1.565006284885486,0.5434782608695652
4911284.519731359,0.37479840264938247,-0.053538166138004176,1.8839204443007105,0.6231884057971014
2915089.8226653156,0.23859803946346725,-0.08889120051995981,1.4138248417378039,0.5072463768115942
2452129.3841170156,0.1964889064908928,-0.11330234017337563,1.429933751140885,0.5072463768115942
2392030.126005057,0.190565597349736,-0.07291838795019923,1.19985075530431,0.4492753623188406
5094191.041508373,0.38488925453669665,-0.08120406792998396,1.944225046346034,0.5942028985507246
3653451.212119789,0.2958080166868542,-0.06338290719307811,1.8795017106039216,0.5652173913043478
2310134.2956604855,0.18229933556147637,-0.09193713965008647,1.3210699883880639,0.5579710144927537
3059140.196841728,0.25060418058821354,-0.09010100103587866,1.405396277317982,0.5289855072463768
4188953.847397167,0.33174512320937244,-0.06870308109860852,1.6784936400185537,0.5507246376811594
2293782.1137625463,0.18062080569663896,-0.06337761252303933,1.1941483722564727,0.5289855072463768
3645996.4554514457,0.2952787731371693,-0.09496520718619815,1.7703387147008616,0.5579710144927537
3839834.2379323905,0.30876748042296054,-0.07707393830918413,1.6851972472306125,0.6304347826086957
3271629.6855270364,0.2675141841964517,-0.11217442545023339,1.7171203138116968,0.572463768115942
2989886.9149386566,0.2448899259535695,-0.0724041305678094,1.6768713799941242,0.5507246376811594
5821775.271327539,0.4223650992217094,-0.04852278217935169,2.083860720666365,0.5869565217391305
5280734.433248958,0.39488648199782617,-0.13022537110268928,1.8351446264033582,0.5434782608695652
2406972.34284396,0.19204930815166055,-0.14033318492803878,1.11778912729532,0.5072463768115942
2442780.1859113122,0.19557514468498938,-0.10760065422354724,1.2845661114031999,0.5217391304347826
5400160.385276469,0.401139355246672,-0.05918184935988916,2.430306164270135,0.6014492753623188
3070975.103110103,0.2515703299890393,-0.12113646081477651,1.6985251592169606,0.5579710144927537
2061475.3047912268,0.15567475721141677,-0.07310826640604082,1.1344758673228235,0.5289855072463768
4971404.856963164,0.37814789616525957,-0.08247698800711875,1.7946972161999442,0.5
2284188.0798809067,0.17963153002444288,-0.10529443931461395,1.388435090268741,0.5362318840579711
3830979.446164344,0.30816331017304255,-0.0767157536938467,1.8995501059457933,0.6086956521739131
2587489.907332626,0.20941606426483506,-0.054197638400000005,1.4461855571345972,0.5652173913043478
3301459.171630507,0.2698171437345347,-0.061624010731555275,1.8485460528372897,0.5797101449275363
3265729.3811700535,0.2670566678450599,-0.13540461747984792,1.5138881499521253,0.4855072463768116
5263873.337496881,0.3939945829310396,-0.055573587199999865,2.069909636601001,0.572463768115942
3017670.726821732,0.24719502554745398,-0.06603125387669725,1.54462318241114,0.5942028985507246
4089581.475224267,0.32536584028646187,-0.119891588087275,1.7552132531962796,0.5434782608695652
2037091.070676043,0.15292774099783135,-0.08378948018393147,1.213467095773314,0.5144927536231884
4203876.601162974,0.3326926173543945,-0.08578985618699778,1.7755576695796955,0.5362318840579711
3548991.1548927417,0.28831179632219284,-0.06711702598332907,1.5649473374108707,0.5507246376811594
7340559.298420014,0.48986126917104,-0.08678227224045644,2.1660276872696236,0.6014492753623188
2515133.059307679,0.20257506081698162,-0.0818712750872209,1.594345382278154,0.5579710144927537
3458010.309579519,0.2816376493388979,-0.07856099628468896,1.844229567443175,0.572463768115942
3511222.3947167387,0.2855579770573691,-0.08965825413731379,1.8081404871189077,0.5942028985507246
3507437.9165640357,0.28528073657501074,-0.08655544343668903,1.6155911916157082,0.5507246376811594
2522386.1644410533,0.2032678559175196,-0.1289717677365631,1.4057379037807296,0.5652173913043478
4718300.538279524,0.363820204516788,-0.07559678864110041,1.978544479198462,0.5797101449275363
2044539.2994646358,0.1537696020340631,-0.10618326279406418,1.0579061903537739,0.5
4450296.650635105,0.3479624437791877,-0.055925401097379354,1.8330133235556616,0.5652173913043478
3884497.569415962,0.31179801926408346,-0.0773003899722619,2.045836757809135,0.5869565217391305
4791628.8102945145,0.36803318849900646,-0.06863924621229542,1.9328696803397607,0.5797101449275363
2771722.86803478,0.2261679522449671,-0.07896283895522367,1.3852091260062593,0.572463768115942
3386818.756733536,0.27631652204671964,-0.13392259768729498,1.4193091659629653,0.5362318840579711
3196235.7553276713,0.26161766444056256,-0.10082965576068313,1.7988181679829642,0.5942028985507246
5044312.971618982,0.38216663439900933,-0.04570052718455248,1.8849099919016525,0.572463768115942
1921844.142652383,0.13957688864951168,-0.11583495486466622,1.0688832237396975,0.5362318840579711
2402475.334339864,0.1916035476036051,-0.07785512837463676,1.271331273117418,0.4782608695652174
1732779.817548745,0.11621711215361219,-0.12917051348866732,0.9690915805588727,0.5
3017161.906621482,0.24715296391216213,-0.13851159940514218,1.446824757167876,0.5434782608695652
2664710.9567053975,0.21655016377819525,-0.13204405329103863,1.6452958683054462,0.6014492753623188
4577032.376031103,0.35555391893124444,-0.06662532896214815,1.9647845512046873,0.6304347826086957
3904885.628063615,0.3131721502250071,-0.06348096010716361,1.9906484630267594,0.6231884057971014
3768038.031821209,0.303836262439811,-0.06539079979395529,1.7050029823479755,0.572463768115942
3904287.9623041605,0.31313195001638316,-0.10387020442718,1.8041173244532935,0.5942028985507246
2426359.3358858717,0.1939634267564745,-0.08272131468483934,1.2792473667737663,0.5217391304347826
3219870.385298877,0.26347798155711555,-0.08229761779722089,1.6601409219475678,0.5869565217391305
2077932.3861225008,0.15751407975312626,-0.10563897769633476,1.4052780423036688,0.5797101449275363
2967385.9187883767,0.24301052591215733,-0.0654269018666658,1.5484056220757014,0.5869565217391305
2633453.151357327,0.21368258222751124,-0.0735338730069947,1.5768251825263897,0.5434782608695652
4833822.354295176,0.3704340390352354,-0.09988132141503797,1.956666221007778,0.6231884057971014
4191206.581315575,0.3318883294788677,-0.05419763839999999,1.9396001002498633,0.572463768115942
1955596.3247969337,0.1435518017220654,-0.10594772995960237,1.0229417630630804,0.5434782608695652
2448006.7185604945,0.19608631401262144,-0.06748466537445678,1.7907541349680018,0.6159420289855072
2514679.2135996167,0.20253165771144777,-0.07863493816633463,1.268910956082703,0.5362318840579711
4517919.09011018,0.352034238870762,-0.09161737245725905,1.972924584590089,0.5942028985507246
2560932.55584876,0.20692317960065143,-0.08145135904023368,1.3536323807311235,0.5507246376811594
2710498.932522199,0.22070253964934072,-0.08163027066276157,1.3343460899020758,0.45652173913043476
3378191.1339801224,0.27566559763368215,-0.09330191554126618,1.5198467908846485,0.4855072463768116
4873554.248844099,0.3726795413627091,-0.08951764448522212,1.8898627741122205,0.5217391304347826
4655391.137851153,0.3601638718591793,-0.06447001010017715,1.933168342900544,0.5942028985507246
2856008.256410002,0.23353617919328795,-0.10269913681110797,1.5783873637429975,0.5507246376811594
2255991.253769568,0.17670468429066877,-0.0960609792772641,1.3766126371367302,0.5362318840579711
5563852.660472154,0.4095325978795885,-0.07658031515984061,2.0744030571593846,0.6231884057971014
4729117.540329833,0.364444960656936,-0.06043359092791239,1.9160823402374865,0.5869565217391305
2731713.4563977798,0.22260742339473927,-0.09588953614493795,1.5471645885767613,0.5869565217391305
2542600.8623428717,0.20519032886842092,-0.08569243905445659,1.4876488038785003,0.5797101449275363
2646604.183657334,0.21489235434966059,-0.07763564434028948,1.5213809677760963,0.5579710144927537
3184677.361388047,0.260703876207218,-0.07816413709606537,1.602324991664539,0.5289855072463768
3477712.351296927,0.2830947605264116,-0.11019306651633647,1.6625028299568292,0.5507246376811594
2879547.1539538205,0.23556284193061594,-0.1194760079887691,1.499483044126596,0.5652173913043478
3488586.109003164,0.28389612896872296,-0.07012400273489265,1.9522020752378826,0.572463768115942
4484166.21981403,0.35000799521248926,-0.060575477117956085,1.9657397860339403,0.5362318840579711
1669407.205982256,0.10793034340633678,-0.2143964836994584,0.9082782732951943,0.5144927536231884
4857280.21521464,0.37176156938259886,-0.07842247737860823,2.030001477343066,0.5942028985507246
2850695.014449813,0.23307686967729513,-0.08122812636789001,1.4706459224283015,0.5797101449275363
3953695.306011771,0.3164386952674896,-0.06888535372810997,1.775887291987841,0.6231884057971014
3185962.1812999155,0.2608055829693594,-0.08312002574829454,1.5850914256942095,0.5362318840579711
4533116.588029794,0.35294261927548454,-0.07103567718559864,2.2101318793986393,0.6376811594202898
2084253.8310216106,0.1582174976017836,-0.08921506255537937,1.2389040945343293,0.5507246376811594
4408593.617493486,0.34542661172416755,-0.08190437677886794,2.193271319580195,0.6376811594202898
1926236.21419937,0.14009727779361647,-0.15914569966728676,1.3623326824806739,0.5652173913043478
2874144.6036963146,0.2350988658132469,-0.08704552304048356,1.6521898299152453,0.572463768115942
2175464.626978609,0.16818171786114156,-0.08352407805309883,1.1845705797746138,0.5
3550817.173531448,0.28844434088159154,-0.0562427437598336,1.7097811055933374,0.5942028985507246
7398566.006804409,0.4922085035620387,-0.0677210212761489,2.2356578286064663,0.6304347826086957
5907447.916614313,0.42652694832249516,-0.0927253416272999,1.9550418129815654,0.6231884057971014
2186655.8337308983,0.1693811439025794,-0.09088848790749834,1.3398256039363035,0.572463768115942
4640529.1035002135,0.3592943137524047,-0.052037850602397295,1.8795725109927832,0.5579710144927537
5393769.086961223,0.40080753761693844,-0.13599012170355193,2.048645200776538,0.6014492753623188
3610192.394960026,0.2927247669184847,-0.05618217681511354,2.00184569840768,0.6304347826086957
3130141.5024119136,0.25635621988572677,-0.058819002869561286,1.6320310222139167,0.5869565217391305
2311930.0103093125,0.18248308353014386,-0.07337930214238016,1.1919300919788434,0.5
4564425.568423354,0.3548063574032214,-0.08166847103117456,1.8458754074659278,0.6159420289855072
2365826.921144218,0.1879457109855165,-0.08337781807888058,1.5240642247016305,0.5652173913043478
2342927.120286259,0.18563703301849577,-0.06568413204631225,1.3387167792461068,0.4927536231884058
3211240.801951741,0.2628000041948073,-0.09833493970209342,1.5256509747948028,0.5507246376811594
2401380.4912889376,0.19149492157748216,-0.11855831877993453,1.2685054202661046,0.5579710144927537
3276751.4358638385,0.26791079569618104,-0.05923322880000005,1.5529398437858841,0.5362318840579711
3137957.7226408417,0.2569830390290566,-0.0985769451902294,1.647483157101449,0.5434782608695652
2400904.9159500366,0.19144772451758452,-0.09545699696864261,1.4942651273075354,0.5507246376811594
2319747.864756942,0.18328172377593366,-0.1407651847188832,1.5356281092021786,0.5652173913043478
2422633.23028517,0.19359649272027757,-0.1328399830417376,1.2719016276416795,0.5579710144927537
2326343.6170372306,0.18395384611957843,-0.09237520631588883,1.2157052527093466,0.4927536231884058
3190054.872659867,0.2611293431649817,-0.13314736596582855,1.7408189847645883,0.5797101449275363
1574431.5216780617,0.0950268173523321,-0.06699259526656814,0.7547409410972502,0.463768115942029
2929957.7339653387,0.23985892072011383,-0.06632313800758911,1.5198728843801022,0.5507246376811594
3543649.9705538573,0.28792378425757614,-0.07879061832760967,1.5893501276364748,0.5434782608695652
3561520.157549277,0.2892201399037526,-0.08561981749675732,1.7452824683812922,0.5507246376811594
2714952.727200078,0.22110343916887043,-0.1543333138983634,1.4224423625823461,0.5362318840579711
2515966.5792461582,0.2026547573911599,-0.0733312240777938,1.3734584961257,0.5362318840579711
2363623.707406987,0.18772436987290764,-0.08814659228476221,1.2247168018679861,0.5144927536231884
1712251.6286829833,0.11355973145985176,-0.10332994946550285,0.8520400589327222,0.4492753623188406
2974025.9648819356,0.24356631944375362,-0.10301369885628633,1.5142935857938005,0.5434782608695652
4479005.955079244,0.349697141099347,-0.044852727738295815,1.9416987691784078,0.6231884057971014
2428048.0400406295,0.1941295760892241,-0.08226960806113763,1.3376457760249554,0.5579710144927537
3817418.3182844976,0.3072358532262447,-0.07228824416534231,1.8027256416529955,0.5434782608695652
3232337.056229113,0.2644548548129486,-0.08375357889316183,1.8063654305177166,0.6231884057971014
2227185.023336684,0.17368420353149472,-0.09381418884160067,1.3199390757587024,0.5362318840579711
1749267.6941662203,0.11833329555654437,-0.12098266831836545,0.9827577354022723,0.4782608695652174
2509613.4082837463,0.2020467683527838,-0.1370886625337249,1.4406054811010152,0.5797101449275363
3001322.3144732565,0.24584073679578577,-0.05683233473364602,1.5978208166025605,0.5434782608695652
3761353.7544494723,0.3033733481143779,-0.08420012017108329,1.7104580492084338,0.5652173913043478
2257453.4302516347,0.17685717637413267,-0.10002647402431304,1.4812360998094436,0.5434782608695652
2624899.3695512624,0.2128931175970723,-0.08043015927799141,1.7625268857118983,0.5869565217391305
5983880.645658654,0.43019937692893895,-0.10875416213671159,2.1015392805015645,0.6159420289855072
3124211.913164315,0.2558798626555754,-0.07536434460962688,1.6826173414987333,0.5869565217391305
1865545.3355431862,0.1328206614826204,-0.06857618726197266,1.1905591884900557,0.5652173913043478
4539996.614068461,0.3533530492498276,-0.08418525605117429,1.7889383052129255,0.5797101449275363
2900422.014495114,0.23734907661088656,-0.08993426044601022,1.38866622089965,0.5072463768115942
3146947.5711496323,0.2577024343165579,-0.06961591647071956,1.876690419501964,0.6086956521739131
3578494.153105345,0.2904466733617863,-0.06700110723311369,1.7376276520910743,0.5869565217391305
3636807.159411992,0.29462519499170425,-0.08119393558653885,1.8563492795370025,0.6159420289855072
2446755.7129516625,0.1959640417464561,-0.07237378441726344,1.2572697501221612,0.5072463768115942
2132171.8726006304,0.16349478751297153,-0.1414235966882314,1.213167440689559,0.5
4126952.3623481104,0.3277792921283762,-0.08463263027395636,1.6417903154920634,0.5652173913043478
2295675.1716485564,0.18081561461643791,-0.1102265112047785,1.1847539135255618,0.5289855072463768
4526183.469912467,0.3525285176484081,-0.08978206883152011,1.6681244319338897,0.572463768115942
2962116.741502243,0.24256877010127953,-0.09233246261545995,1.5317089859485629,0.5217391304347826
2620009.9493285697,0.21244092748648713,-0.07038160256728149,1.316124788339243,0.5289855072463768
3164115.240360566,0.2590716885680977,-0.0785093285717932,1.7458166729268647,0.5869565217391305
2342688.147497199,0.18561284562089098,-0.061439281466732325,1.4531503580556167,0.572463768115942
6038944.368548709,0.43282188315850134,-0.11272471919865702,1.9686778992012317,0.5797101449275363
2777585.9422772294,0.22668626081224175,-0.06613113101567725,1.619227022906023,0.5289855072463768
4738540.10890956,0.36498824772316096,-0.06786013422106019,1.8606057788230967,0.5579710144927537
1990260.8760519493,0.1475774379496142,-0.1452577258392722,1.1086320763074589,0.5434782608695652
4725498.954121674,0.3642360898246948,-0.09030490059827001,1.6901278871610372,0.5579710144927537
4086205.2239159998,0.3251469305221133,-0.09838846547108404,1.6540946233552618,0.5507246376811594
2613256.233657323,0.2118152094428587,-0.10885593020078284,1.3429384664820674,0.5362318840579711
2714902.975549884,0.22109896377923555,-0.10681046082594921,1.3600906773298336,0.5362318840579711
3325427.795602008,0.2716555894355561,-0.09922987535927713,1.6003048901710875,0.5217391304347826
5098667.145911728,0.38513254071398406,-0.07404490235826731,1.9440027346295305,0.5942028985507246
3513444.4905923284,0.28572065033167937,-0.05673932159999995,1.5603566357314032,0.6014492753623188
2711382.6851761206,0.22078213078494602,-0.07196687227590444,1.5934072996629765,0.6086956521739131
3400946.3385685897,0.27737954056935443,-0.09779241957705799,1.7915489654036258,0.5869565217391305
3563932.4216642114,0.2893947337357907,-0.15181219265209847,1.6070901119268972,0.5144927536231884
2580406.1293670917,0.20875313359214775,-0.09090981268334979,1.4629497102006876,0.5507246376811594
3311948.870590568,0.2706230360670667,-0.09292066513459378,1.5476798639589575,0.5434782608695652
2457386.372269653,0.1970014847520125,-0.1066291532507637,1.279022630637196,0.5289855072463768
4763040.709893581,0.3663968705740568,-0.04857467475547761,2.1438730435319857,0.6086956521739131
1946953.8296864997,0.14253925551461366,-0.11091271797016136,1.1558309228275259,0.5507246376811594
2600195.3716299515,0.2106014679167516,-0.099237614490162,1.4044766072295798,0.5579710144927537
2369996.854189696,0.18836418329711124,-0.072993640450559,1.3860614296690905,0.5579710144927537
2827247.6644778103,0.23104171823375097,-0.15092918667400362,1.327809267455391,0.5072463768115942
3035060.2150132083,0.24862912925110958,-0.08797678251890663,1.5118304987737026,0.5
2323367.86200129,0.18365079882726798,-0.06889513547809874,1.4206998404424074,0.5652173913043478
4239558.844031581,0.3349473375183545,-0.0735523523025999,1.875859268971321,0.5869565217391305
2470388.969614441,0.19826553434077399,-0.13822216177508817,1.3979879950604193,0.5652173913043478
3801831.9288745197,0.3061666256265234,-0.1512552536607312,1.6199025578911905,0.5217391304347826
4454053.381098524,0.34818994423348015,-0.05495391436283043,1.8430094841917655,0.6304347826086957
4209073.578173283,0.33302195863810224,-0.07879304521925046,1.8361717454013655,0.572463768115942
4463155.318035249,0.34874050438920334,-0.06260125890208006,2.2364906943297695,0.6304347826086957
2273616.110567208,0.17853755875566368,-0.1241558506793881,1.2402052781018311,0.5144927536231884
4437897.392625359,0.34721047628016044,-0.07538439873258564,1.660207128636914,0.5652173913043478
3188284.5992240324,0.26098934309624755,-0.062477538852394786,1.4857911097409162,0.5652173913043478
2052912.338691909,0.1547130685342979,-0.09477187948122837,1.2196987433253004,0.5072463768115942
2472740.029706778,0.19849352454628866,-0.05979734656007511,1.491302415526032,0.5434782608695652
5526006.214926596,0.4076097740829421,-0.06551460488080778,1.904124107575221,0.5797101449275363
3789245.921760211,0.30530066230947117,-0.07589194778267817,1.8417623705009623,0.5869565217391305
2563037.524514565,0.20712152145855867,-0.08989923114088808,1.2342251782123408,0.5
3429571.5478815627,0.27952263638055763,-0.11608643634370341,1.698108407551685,0.5652173913043478
3325699.4711583056,0.27167636669921946,-0.050874355355023326,1.6731357693888622,0.572463768115942
3481844.56246075,0.2833995298583225,-0.04958821134979226,1.619462872668686,0.5362318840579711
7015678.608992047,0.4764336578318258,-0.040813263331839884,2.255095757235748,0.5869565217391305
2987939.675177983,0.2447277304605764,-0.07216819245706001,1.4956617597321897,0.6086956521739131
3257313.9035531846,0.2664029765125002,-0.0873146514248243,1.548754664375551,0.5869565217391305
2716187.6688814554,0.22121450682909027,-0.07286218367694527,1.6223304321169338,0.572463768115942
4806092.6583494125,0.3688580927960037,-0.056582309942032206,1.9163548349015092,0.6231884057971014
7011839.58240218,0.4762720395640556,-0.08020742936688209,2.0226723923037575,0.6376811594202898
5820272.404495413,0.42229165612255315,-0.07235875635845887,1.9949163177400524,0.5942028985507246
5190638.52898898,0.3900939628753439,-0.05594251615496945,2.004966564348875,0.5652173913043478
3047200.6100370516,0.24962645077851153,-0.09809162779986938,1.4562739732326202,0.5507246376811594
2453061.9296336244,0.19657989766605066,-0.0954014412221898,1.4575623544442915,0.5362318840579711
2523426.7215405963,0.20336711608418834,-0.07029737344583781,1.4019479064493667,0.5362318840579711
4154516.1496866024,0.32954821197060324,-0.09143317440614875,1.7111741660243978,0.5217391304347826
6544056.501222246,0.45602693171816555,-0.05724459294027113,2.1831507301855053,0.5797101449275363
3947987.1328072,0.31605835217643063,-0.07599720646536494,1.8718461195647997,0.5869565217391305
4327942.310440475,0.3404675116617786,-0.06538284894653444,1.7891824902220332,0.6231884057971014
2386454.4336121487,0.19001005037047647,-0.06338974079999998,1.3205788042765616,0.5579710144927537
4116008.613416173,0.3270743496161017,-0.13439385264100026,1.703903407072303,0.5507246376811594
2056879.5730761767,0.15515901844592217,-0.0884445081905285,1.0956683385641235,0.5652173913043478
2925131.5412664674,0.23945019505968834,-0.06997827618794077,1.412672044034497,0.5434782608695652
2167562.545360256,0.16733182963839144,-0.11330576031100634,1.2133091727812775,0.5797101449275363
1644659.7984122366,0.1046258834956233,-0.14123529500781723,0.8110392956223372,0.5144927536231884
3305404.692745459,0.2701205063882415,-0.07881945021828694,1.7333756211065074,0.5797101449275363
3202578.719684103,0.26211800619917924,-0.09754099236825071,1.556842629388987,0.5869565217391305
2650248.5320994454,0.21522674922850848,-0.09126615208674389,1.338133122942116,0.47101449275362317
3583078.013431856,0.29077710278530744,-0.12159017341158414,1.5781630136883857,0.572463768115942
3012592.0111705195,0.24677493880440826,-0.06654267143739477,1.6369121092819006,0.5144927536231884
3437775.273412619,0.28013418934818035,-0.04834346319977371,1.836271179607031,0.5797101449275363
4004098.6197231365,0.31977820806839974,-0.07951806130014233,1.7648666653029614,0.6304347826086957
4465706.677151301,0.34889467042466427,-0.06015373328535299,2.0061186350084883,0.6086956521739131
2619408.8402811256,0.21238528830048353,-0.06450059046184457,1.3946440333652987,0.5217391304347826
5568033.127886733,0.40974434809264815,-0.09154254810442311,1.932563140857924,0.6014492753623188
3116353.9791709655,0.2552474750413629,-0.09537183786181087,1.5701380953878128,0.5144927536231884
2870244.724591183,0.2347635067165923,-0.08168536247129732,1.542969511978256,0.5579710144927537
3720067.454217933,0.300499420352218,-0.06402846414986071,1.7549131745912454,0.5434782608695652
3588536.252914189,0.2911701213824922,-0.08457827279417114,1.9878891364395308,0.6521739130434783
3331474.3482085844,0.2721176981681521,-0.07372588113920546,1.7088622825953306,0.5579710144927537
3033178.8398158546,0.24847429063840942,-0.1327495353448292,1.3681358990135666,0.4927536231884058
3748613.8281322373,0.3024892290437431,-0.09451485416208878,1.6602275174507846,0.5217391304347826
4229255.872447915,0.334297868343467,-0.09325146541285781,1.7616880874840177,0.572463768115942
2438821.847970999,0.1951874257306705,-0.06205323716601232,1.4651338185215477,0.5579710144927537
3284167.4487895607,0.26848418933249363,-0.09214294457171172,1.5113831146868235,0.5434782608695652
4781918.242771275,0.3674782556786551,-0.053959512215311374,2.12155760268657,0.6014492753623188
2767505.8352072816,0.2257946147603267,-0.060063959328236036,1.6051101345277807,0.5507246376811594
3750413.5164878797,0.3026142685802289,-0.0427438912042876,1.9990948455910007,0.6376811594202898
1602980.8678968893,0.09896957158681219,-0.09851233102297234,0.8519794254142026,0.5289855072463768
3336576.550342224,0.2725071130892833,-0.06789862898635259,1.6373033809954403,0.5507246376811594
3567403.4036084483,0.2896457891898172,-0.06721783629197983,1.7459549378628905,0.5942028985507246
5032336.561320651,0.38150969110729904,-0.09545040742744876,1.8364447429889033,0.5434782608695652
5201232.567666973,0.3906609336249023,-0.08709165725966128,2.100477441891955,0.6086956521739131
1777065.2385253129,0.12186519435239274,-0.1295745797129375,1.15993937465412,0.5579710144927537
5306932.75840924,0.39626778174819566,-0.08931026458132223,1.999077772519585,0.5652173913043478
2378759.7679044744,0.18924166678479848,-0.0794144297881451,1.177877058017617,0.47101449275362317
5788639.726658228,0.42074227769380745,-0.06815053272285711,1.8624336730642763,0.5942028985507246
1907791.231119964,0.13790542949902718,-0.15123653572748058,1.0203762021313731,0.4782608695652174
3239268.6112609557,0.2649966999125801,-0.07317944817385467,1.6642538728285183,0.5652173913043478
2109329.267960182,0.16099106054119727,-0.11849499962639283,1.2037730379661635,0.5072463768115942
2362496.83376515,0.18761109713880475,-0.06919739340732636,1.2599974106938265,0.572463768115942
3941747.611963606,0.315642101094491,-0.07429934460541517,1.820341992306226,0.6014492753623188
3159795.2336092577,0.25872769533777173,-0.06773061834930795,1.5933098802592554,0.572463768115942
3026046.7545325407,0.2478866159760209,-0.07871976506243171,1.586026389162164,0.572463768115942
4836700.948902241,0.37059722189063704,-0.06049301187295985,1.9186803981785572,0.5652173913043478
3028895.2652974543,0.24812146236631571,-0.0778602202780411,1.7029996069183269,0.5797101449275363
2380366.0342783816,0.18940223139297374,-0.16549682112244182,1.340588078834728,0.5362318840579711
5246450.610209573,0.3930705710918092,-0.08280894606190987,2.0036874466272403,0.5652173913043478
3982786.6503288606,0.3183702933100647,-0.0975185279929025,1.6617058222669288,0.5434782608695652
2811085.0829611677,0.22963098461783216,-0.10005745502492905,1.7375252200794322,0.5652173913043478
2459148.1999956397,0.1971730740383224,-0.04940728009379069,1.5499612276189598,0.5289855072463768
2519423.504890963,0.20298506424353335,-0.09979838654049249,1.3618304936227195,0.5869565217391305
1907458.029225343,0.1378656789508892,-0.13450804561507537,1.0588255233884478,0.4855072463768116
3306710.0731753674,0.27022081051178204,-0.03902075015658672,1.9505143755156553,0.5869565217391305
3537278.482604394,0.28746031303057307,-0.047160193542451434,1.748784019470983,0.5579710144927537
5623591.52283045,0.412546500435641,-0.04917102254227085,2.116338589854827,0.5797101449275363
2445769.1656857734,0.19586758214581002,-0.10424970505090327,1.26571508331743,0.5
1640804.212033828,0.10410748085910049,-0.167304231080605,0.8957486879952444,0.45652173913043476
3595941.7843754515,0.29170259017228717,-0.08549109920821664,1.6758461013319967,0.5942028985507246
2452873.747551093,0.19656153842251056,-0.10429012833195625,1.2863905096993038,0.5362318840579711
4317806.183195056,0.33983904229889905,-0.045135419541327444,1.9604036380629746,0.5869565217391305
6668197.399423789,0.4615096577985036,-0.07799467151385969,1.9641857611593416,0.5942028985507246
2706256.9953778605,0.22032021977806449,-0.09144652451925943,1.2573821489618564,0.5362318840579711
3429846.422787388,0.2795431460788824,-0.0731663040547228,1.624433890727715,0.5579710144927537
2750287.6962492396,0.22426553950949768,-0.09867826118800595,1.5004223475573704,0.5289855072463768
3639415.5522321183,0.29481084809574987,-0.11565152068993088,1.6800228848373673,0.5434782608695652
2695796.067062752,0.2193753378722587,-0.10141569088343168,1.6499692207844945,0.5217391304347826
4930777.020935243,0.37588796756345055,-0.08406056817898536,1.9370902816439308,0.572463768115942
4561055.585242442,0.35460624356505477,-0.11186251022626181,1.8760126315374328,0.6231884057971014
3375313.7499902477,0.27544821319143686,-0.08206718905326289,1.729966375385495,0.5797101449275363
5230187.242903947,0.39220582786617375,-0.06156529787231206,2.0965547112457776,0.5579710144927537
2227065.675615045,0.1736716244653871,-0.11068856131959824,1.1246062376978467,0.4492753623188406
2387656.8001967603,0.19012993868926387,-0.08224769666354609,1.3819291738212585,0.5217391304347826
3264361.7547410205,0.2669505261332106,-0.0935871701102924,1.655184685743197,0.5434782608695652
2447954.500374006,0.196081211249574,-0.0775092938125674,1.4638374318937306,0.5362318840579711
2623516.0648963074,0.2127652533061335,-0.1210478329848909,1.3577646625032613,0.5507246376811594
4990510.07786775,0.37920552230480564,-0.07621609349418079,1.8081448818646437,0.5217391304347826
6898917.732606102,0.47148619901249145,-0.05299986782771426,2.165810217058951,0.6086956521739131
2600249.958836077,0.2106065508268793,-0.11216382927164396,1.4185081059979103,0.5434782608695652
6393938.323896477,0.4492846370449606,-0.05192128514022384,2.1407759670795032,0.6376811594202898
5808421.139946127,0.4217119684661925,-0.058562448507982146,2.0028384172975695,0.5797101449275363
3811886.885633668,0.30685679695615686,-0.06688030557121415,1.8232852138491404,0.5579710144927537
3346881.389024149,0.2732921579268335,-0.04673481076302399,1.6956579265951628,0.5289855072463768
2484684.582661361,0.19964915666182836,-0.09524791319054923,1.4426907542687695,0.5217391304347826
1901449.8498210325,0.13714795610832708,-0.10793975140108668,1.1732674681964286,0.5072463768115942
2966525.066298003,0.2429383969118759,-0.06338974079999998,1.674460794946194,0.5579710144927537
1587536.5878405336,0.09684370893174665,-0.11235492702062067,0.9053970682293828,0.5072463768115942
3341424.623552194,0.2728766910150624,-0.0860706533267739,1.4957901370456101,0.5942028985507246
1883277.8178661994,0.13496606948917766,-0.13087142575559743,0.9708181062992637,0.4855072463768116
3763896.62994293,0.3035495304393456,-0.058490460948397875,1.6515748639977121,0.5507246376811594
4946205.268419139,0.37674791404364627,-0.0580942220546916,2.069316890977166,0.5797101449275363
2644203.3532546787,0.2146718597664008,-0.0624285532259259,1.3638204129716571,0.5507246376811594
3623958.695030298,0.29370914410796156,-0.065104002130648,1.684364353933915,0.5652173913043478
4528849.115840464,0.3526877914880213,-0.08640128828186756,1.6334271270932965,0.5362318840579711
2840490.578260625,0.23219281089497357,-0.07710972670603895,1.3721495759286695,0.5217391304347826
3643612.2526180367,0.29510932615847074,-0.11634528476606357,1.559861925415416,0.4855072463768116
4194110.7425179533,0.3320728561394124,-0.089943434290819,1.7544693610973126,0.5434782608695652
4110863.831938209,0.326742429820041,-0.07225790512882543,1.7805536141937601,0.5869565217391305
3182202.0796869094,0.2605078395275775,-0.04962662026710364,1.7739391905661253,0.5579710144927537
3328282.443720066,0.27187384005560533,-0.052349411317760705,1.5533081629611947,0.5942028985507246
2113465.7783805467,0.1614460572049048,-0.12111447520660673,1.247114976112986,0.5434782608695652
3162344.5488011627,0.25893073751797546,-0.12400224668378122,1.3361837625238537,0.4927536231884058
3195748.9256315357,0.26157922983094073,-0.07277189233466942,1.6246890972341506,0.572463768115942
4880629.790526684,0.3730778878432228,-0.09194693782422977,1.9316102420575534,0.6159420289855072
5963013.6218234,0.42920050270510957,-0.08628174968810748,1.9876286151415299,0.5579710144927537
2512850.918409673,0.20235674693127637,-0.05769622645431896,1.4245501243295662,0.5144927536231884
5679149.597527423,0.4153265764672127,-0.058741922201310054,1.9133388638396869,0.5507246376811594
2990433.8628483023,0.2449354688215628,-0.08404971837987611,1.6457874154100867,0.5507246376811594
3467069.0354721937,0.2823084314717852,-0.12077712536013895,1.9430942441218146,0.5942028985507246
1838249.3833549079,0.12948608735926093,-0.12957074630606238,1.098599847521797,0.5
3497186.999556495,0.28452857866834,-0.09316800410963262,1.7205321287998312,0.5652173913043478
4014834.3514588275,0.32048516435890684,-0.04448000000000002,1.810919398439424,0.6086956521739131
2052083.6596897498,0.15461983113729838,-0.12980239653259884,1.0968497103236343,0.5797101449275363
3045897.3752302425,0.24951954377970864,-0.08294652033639878,1.4882375641941017,0.572463768115942
2706797.190524056,0.2203689334392569,-0.11062476047075932,1.4209913923841,0.5289855072463768
2724455.8009303203,0.22195708370881162,-0.08698152959999994,1.3447174470896655,0.5507246376811594
2394501.1971114185,0.19081147697263368,-0.13188539344885913,1.3711755880858825,0.5217391304347826
2937641.799721727,0.24050856687353472,-0.13945584044110332,1.4579432625897055,0.5434782608695652
2788190.1948736575,0.22762148094448387,-0.09634730364368757,1.2078055847910707,0.5144927536231884
4429944.124596788,0.34672725577360075,-0.09551651983161326,1.7134798275819358,0.5579710144927537
4654000.055017047,0.36008257571238755,-0.05419763839999996,2.2426062545616476,0.6086956521739131
2346369.9355004258,0.18598527535318987,-0.08896585277519989,1.5445977739716272,0.5579710144927537
4867206.11647499,0.37232175340186524,-0.07984561005948217,1.997269426139997,0.5652173913043478
4867646.271584021,0.37234657308559793,-0.07830447094050957,1.9717539291845785,0.6014492753623188
3477335.695779158,0.28306696606782045,-0.06392439691837999,1.6991637959795707,0.5942028985507246
1904812.2772973783,0.13754984688976846,-0.1417128320926647,1.0600013076989967,0.5289855072463768
2701643.00316562,0.21990382238342265,-0.08400574370696506,1.601732765840876,0.6086956521739131
3628334.0548982746,0.29402138339582073,-0.08236686381993859,1.8446663264735181,0.6014492753623188
2206909.789101718,0.1715394466420468,-0.08062456414041809,1.309792519898097,0.5072463768115942
7690492.261272224,0.503802587990654,-0.07264207620694693,2.1601754314575268,0.572463768115942
4582288.43566953,0.355865107542336,-0.07637937124903844,1.95854276220905,0.6086956521739131
2305962.570459113,0.18187201888752313,-0.105089003803389,1.2004450968976041,0.47101449275362317
3551560.5541782565,0.28849828476787875,-0.06868730008979296,1.6392845266912943,0.5942028985507246
3992896.5599722397,0.3190389252478951,-0.09227975206976484,1.812593849449371,0.5652173913043478
2106875.0275591887,0.16072076815553982,-0.10250338196140504,1.3217285595235864,0.5217391304347826
3505399.0372977015,0.2851312746687409,-0.0877965392009629,1.6035750964885704,0.5579710144927537
2346859.8029884435,0.18603479244827947,-0.08194891004396186,1.5039332239463916,0.5507246376811594
2111845.9359514574,0.16126796710606506,-0.10666610838873454,1.2124551189403,0.5362318840579711
2837994.921127852,0.23197621365673982,-0.06803539667611982,1.4511331807406864,0.5579710144927537
2122312.0497965286,0.16241671951928072,-0.14269003262287058,1.1270468327668284,0.5144927536231884
3473981.6778094172,0.2828193574775031,-0.09105855461843862,1.581214404590353,0.5579710144927537
6386786.190509763,0.44896026363137453,-0.0626320761686232,2.1070838879329097,0.644927536231884
3690383.1539248787,0.2984172954063382,-0.06823500097741783,1.595446035529124,0.5289855072463768
4680493.171653871,0.36162752876703297,-0.07585986979017292,1.8834029066313855,0.6014492753623188
3114104.365816047,0.25506619671209996,-0.12713418671772672,1.54244610094173,0.5362318840579711
2328105.835433367,0.1841331621363762,-0.12485499861145492,1.447257337294136,0.5434782608695652
3185740.698075315,0.2607880526262052,-0.06275675519236702,1.8506297833269614,0.6014492753623188
1954505.426273459,0.1434241907822782,-0.05958670278476799,1.0294539964755107,0.5
3390519.7585710343,0.2765953433682504,-0.13509737768623115,1.7550832289661171,0.5942028985507246
3278073.2188955923,0.26801306971128525,-0.06299034788881337,1.5136485018451724,0.5869565217391305
2966454.6924872547,0.24293249969950903,-0.058239487999999964,1.7806438159693034,0.5869565217391305
3956926.0308155683,0.3166537680721109,-0.09597476153343999,1.627980194190633,0.5434782608695652
5094942.745290848,0.38493012324546494,-0.05930943731337292,1.7990478752635564,0.5652173913043478
3510064.5755150514,0.2854731837912716,-0.06594698600191995,1.5728356907878787,0.5869565217391305
2245458.164745143,0.17560383360280762,-0.0998034063393619,1.318864819381312,0.5507246376811594
1782473.1432491976,0.12254716914160046,-0.09044219719542236,1.0240056891670781,0.5217391304347826
2766525.03931702,0.22570771884331986,-0.10374167425507042,1.4044371634942368,0.5
3603360.8468732308,0.2922351529246281,-0.10345753325676767,1.6716160750078592,0.5797101449275363
2778711.850047425,0.22678569332204113,-0.07098971274736042,1.3637108328046355,0.4927536231884058
3194889.5824437793,0.26151137430343563,-0.06709137276023144,1.6551786388695828,0.5652173913043478
3411905.234235413,0.27820170353920726,-0.10091532109596046,1.6985319283732105,0.572463768115942
2513531.8538351827,0.20242190309057118,-0.09165289657756545,1.4269834247738185,0.5507246376811594
3082241.348425031,0.25248729294488625,-0.08607951823272178,1.7250383570558125,0.6014492753623188
2209731.705641451,0.17183889675488984,-0.10368558260822311,1.1840212780512982,0.5217391304347826
1863880.2978925616,0.13261837609585503,-0.05833425890322522,0.9519636711460183,0.47101449275362317
5119719.306881935,0.3862744858998246,-0.05129541776246853,2.1839945637205918,0.6231884057971014
2708109.773640839,0.2204872670217417,-0.09462117624404284,1.3149015459225408,0.5217391304347826
4490590.069169621,0.3503945679850704,-0.06994977896106291,1.7259011317535482,0.572463768115942
2537760.7664715652,0.2047311389450801,-0.06434567669131637,1.354179873838248,0.5217391304347826
5597693.735409796,0.4112430841985726,-0.08745454885548856,2.1632487725607015,0.572463768115942
3505135.3925173013,0.28511194286983876,-0.08309531445169856,1.4451821388324213,0.4927536231884058
4613096.805098521,0.35768341756496125,-0.10811561156611157,1.8736004967115059,0.644927536231884
2421833.54180171,0.1935176833147545,-0.10921603885898065,1.2758478326432776,0.5
2768159.408293433,0.22585250592648243,-0.05082129237440424,1.7836978843918387,0.5942028985507246
2565968.7744332897,0.20739750316034966,-0.1258233706302788,1.1506247578364843,0.4782608695652174
2631640.982292235,0.21351550094325455,-0.07547574068771304,1.4827203500286814,0.5362318840579711
3956689.3681152435,0.316638017952511,-0.09123725669720513,1.95392904000213,0.5652173913043478
4191528.193649502,0.3319087693478475,-0.05361952362463169,1.95437800104832,0.644927536231884
3805780.919141161,0.30643785789797895,-0.15591921723202762,1.6571060814270837,0.5507246376811594
7588069.110920542,0.4997755026254398,-0.0630304347133879,2.076720394353115,0.5869565217391305
2650930.4565568147,0.2152892797839392,-0.06743226192818512,1.4408690506201693,0.5289855072463768
3026834.260564386,0.24795155984733497,-0.08840346460605121,1.6240841739457859,0.5869565217391305
2173311.516900814,0.16795039071004592,-0.14175297604200487,1.2483721553246763,0.5362318840579711
4829347.138083379,0.37018019184590933,-0.06782471438451025,1.8435100613943685,0.5869565217391305
3052629.71560778,0.25007141814124156,-0.06112154156569594,1.811398490052881,0.6159420289855072
2699617.4879946155,0.21972084668694514,-0.12175882472785939,1.6350630998785354,0.5434782608695652
2194886.8884943607,0.17026018303821933,-0.06303919498610949,1.2977724298615272,0.5
5878704.7637526775,0.4251360628646599,-0.05998071796087928,2.0176616672686074,0.5434782608695652
3492229.754440486,0.2841642094433725,-0.048753226683619234,1.8911204529989567,0.6304347826086957
2697339.511267144,0.21951493351559104,-0.13751751183954797,1.5260528414647254,0.5434782608695652
2300952.500379232,0.18135801103785942,-0.12494919131700809,1.1285835678513545,0.463768115942029
3257852.739055609,0.2664448722435231,-0.09416060291707655,1.54347705468753,0.5869565217391305
4091998.5286213127,0.32552246868264745,-0.07080148227207352,1.661847117117918,0.5869565217391305
1837101.7956028238,0.1293450283487303,-0.1067569633815993,1.0076648343399068,0.5072463768115942
3807947.890736554,0.30658659841824365,-0.09070070273048507,1.760390313925232,0.5289855072463768
5742990.229473584,0.41849436693597175,-0.061279727260486576,1.9060663088654382,0.5579710144927537
2383979.4351123036,0.18976311536688595,-0.1238814349995884,1.3570444314280592,0.5507246376811594
3901505.392486414,0.31294472389709127,-0.06976369664606073,1.5726268186519217,0.5507246376811594
3209352.2891792543,0.2626514401175257,-0.05872001601890579,1.8669046921185202,0.5579710144927537
5027855.278577201,0.3812635572548815,-0.05923322880000002,1.823056032855648,0.5217391304347826
3923391.586860048,0.3144144694567135,-0.06250192663779036,1.7286876070247545,0.6304347826086957
2207480.45409623,0.17160002795039953,-0.07741396960192157,1.342548935314213,0.5144927536231884
4131058.10954246,0.328043378432892,-0.10800459469470217,1.6588157518396363,0.572463768115942
1663654.8498465866,0.10716575915389104,-0.12622101207700828,0.9292913587703561,0.45652173913043476
2777423.7754505984,0.22667193668559582,-0.05489144919248439,1.4271702486215916,0.5434782608695652
5507718.410253587,0.40667686753709287,-0.07855134448820296,1.9679870500987027,0.5217391304347826
3925547.3700279966,0.3145588837953106,-0.07046095874514291,1.7302640798914408,0.6014492753623188
5729915.183735567,0.41784788169606024,-0.06879784227853825,1.9140812773092535,0.6304347826086957
2846810.0582748125,0.2327405963754141,-0.09523361975654872,1.55133940070055,0.5652173913043478
2577784.7865041113,0.20850744787015008,-0.18866479085990595,1.405630767673271,0.5217391304347826
2265565.1584957535,0.17770172570471265,-0.07009738551379387,1.3643536186299505,0.5507246376811594
4766692.778865571,0.36660634372921175,-0.07857521388255997,1.9428249324314877,0.5869565217391305
3439738.557459903,0.28028037069553546,-0.047570660581721554,1.811401673946731,0.6159420289855072
4444404.361184488,0.34760530827484226,-0.05291724159999995,1.8872806410880723,0.5942028985507246
4941973.785721362,0.3765122715971059,-0.07937487557875265,1.9258870050179249,0.5362318840579711
4005795.668662926,0.31989006088793226,-0.09831512282999284,1.6881245446488196,0.5797101449275363
4159828.02414248,0.32988802453937693,-0.10974195755245804,1.6642182855211944,0.5507246376811594
3604722.7234810563,0.29233281723902604,-0.07565634485961502,1.7099772605761399,0.5869565217391305
1966150.3933245023,0.1447834622497879,-0.12251140640182555,1.056086208313082,0.4492753623188406
3873600.4588451083,0.31106119936679,-0.1409552581407121,1.6657672545580873,0.5797101449275363
2530636.855309102,0.2040540025605102,-0.07714949023374297,1.5220001625700375,0.5362318840579711
4071806.2647249657,0.3242117015166781,-0.06626755516512281,1.679228045937691,0.5434782608695652
3895948.322429948,0.31257049469589737,-0.05600342033648772,1.7069854757953495,0.5362318840579711
2391965.8037439007,0.19055919436223534,-0.06309517873661484,1.5297160368948155,0.5434782608695652
2544362.459992636,0.20535728172022427,-0.06185222051788158,1.5534574186067478,0.5652173913043478
4237443.275650841,0.3348140813772149,-0.06560461456116326,1.8716159462833744,0.6086956521739131
1685927.717714776,0.11011453792549997,-0.07520011499728584,0.9922259685509852,0.5362318840579711
1867068.9380341384,0.133005637401592,-0.09892892015400535,1.1749982466490512,0.5434782608695652
4719548.033218486,0.36389231433197433,-0.06430819178228614,1.9528484849638548,0.5652173913043478
4250743.581471417,0.3356509628048816,-0.0980714887200376,1.7066574285350269,0.5144927536231884
4560359.278163048,0.35456488123113505,-0.05004091466470038,1.9499814017990678,0.5289855072463768
4526580.051213919,0.35255221835454,-0.08306416786119354,1.7961735462365311,0.5652173913043478
4166511.761683533,0.3303151054332669,-0.0826645352739381,1.6748883849339427,0.5579710144927537
2485883.444187781,0.19976490058635354,-0.16073148807629375,1.3422228010670751,0.4927536231884058
3523490.4562580623,0.28645506114920827,-0.16164597786875268,1.7218073071604598,0.5144927536231884
3767438.264052121,0.3037947528396636,-0.10763871965378083,1.7929048833352605,0.5579710144927537
3080970.200562935,0.2523839681842013,-0.10792707560942054,1.4827530821955743,0.4927536231884058
6054740.199618329,0.4335706554086829,-0.05753990197418935,1.960919538050733,0.6086956521739131
3164817.3402344747,0.2591275598341991,-0.06865038755633973,1.8066930199088864,0.6014492753623188
2835907.161249557,0.23179490059811392,-0.09477470093646473,1.3510235382921882,0.47101449275362317
2116904.5356619037,0.1618237623278449,-0.10414593708462937,1.157539722366719,0.5507246376811594
3811365.850412004,0.30682106894672545,-0.0838570224048669,1.9130309991448882,0.5144927536231884
2184204.983572957,0.16911889287237392,-0.09615786469117057,1.3724387295786444,0.5507246376811594
2524809.5286757406,0.20349897329200006,-0.09916955396629105,1.2825892949768583,0.5362318840579711
3724208.559195199,0.3007888295242087,-0.1379629481918202,1.6280551267335037,0.5289855072463768
1868521.2167725137,0.13318184174499836,-0.14262773068428009,1.0716650158875518,0.47101449275362317
3156571.032823841,0.25847071360423945,-0.059715749793823755,1.6472264877139091,0.5797101449275363
3411328.0925273076,0.2781584577053713,-0.05023103178512783,1.807010861821416,0.5869565217391305
1593275.822651232,0.09763562267370784,-0.09281903422287809,0.821849669486054,0.4855072463768116
2054966.902062586,0.1549441044108706,-0.07220055979198269,1.163570840374766,0.572463768115942
3025593.0012156013,0.2478491898089712,-0.05430789974212623,1.4110607981360923,0.5434782608695652
2583178.767558979,0.2090127823001584,-0.06453288332626163,1.443493163384504,0.5507246376811594
3283091.94202273,0.26840109721892214,-0.08192025362151198,1.5907250228724534,0.572463768115942
2243485.7994833314,0.17539723565180165,-0.06383864712598758,1.353553079413303,0.45652173913043476
3123421.760744811,0.2558163306708927,-0.13388150389749648,1.4483407526575043,0.5434782608695652
5293231.487881371,0.3955460680769507,-0.05222001536655419,1.8808701493640245,0.5579710144927537
2749354.417510837,0.22418244012174604,-0.05751631385405142,1.5533439113087262,0.5507246376811594
4398607.529156309,0.34481654238680615,-0.060516193854339956,1.8534775807335528,0.5652173913043478
1882371.6210326755,0.13485682371949137,-0.09445867805037333,0.98319294333004,0.5072463768115942
3072218.375724362,0.2516716522819129,-0.07581542949782434,1.4635871678756656,0.572463768115942
2512971.317118364,0.2023682684604149,-0.0991924580424215,1.3030458605362987,0.5434782608695652
3114479.487161059,0.2550964320145317,-0.15696951224499,1.676760428431833,0.5362318840579711
2498285.403665296,0.2009596332803969,-0.11657998735760858,1.326848911753453,0.4927536231884058
2311068.019146888,0.1823948938347819,-0.08998631566391052,1.2999463066274208,0.5797101449275363
3975812.3154613483,0.3179082448031305,-0.05640512249306656,1.7677498713897146,0.6086956521739131
6883776.572279135,0.4708397325831588,-0.0514506912668066,2.3169421301944455,0.6666666666666666
2799813.4094948475,0.2286433032016164,-0.08760810076467869,1.51836961602482,0.5072463768115942
4034206.371612039,0.3217570094216444,-0.0783861430314611,1.6109884024539307,0.5289855072463768
3044683.7419015155,0.24941995406105089,-0.09250788668139107,1.4137011880357218,0.5
2343690.483218318,0.1857142828332632,-0.10572161294608844,1.2432235916605456,0.47101449275362317
3433153.0292404555,0.27978976440969117,-0.06995048277703489,1.819932436219938,0.5869565217391305
2570811.8994284677,0.20785293872806476,-0.11484327416141901,1.3022215549701346,0.5072463768115942
2286100.6437923857,0.17982900635901045,-0.06029118917684957,1.4294310981505816,0.5942028985507246
3534421.5249630366,0.2872522769095711,-0.08735793821916349,1.8519474530257456,0.5797101449275363
3140119.384405298,0.25715617225813525,-0.09416985535475525,1.5517588506758742,0.5507246376811594
1986708.5981937794,0.14716749898661474,-0.1320387054890583,0.9959588591509245,0.4927536231884058
4189157.4143586652,0.331758066490607,-0.06361416171560338,1.827307583593727,0.5362318840579711
2767112.2841459825,0.2257597501390325,-0.08985688941007838,1.6874459719176007,0.6231884057971014
3970472.448632851,0.3175540410440314,-0.08851861237558868,1.8569907556777279,0.6159420289855072
4552607.8391473,0.35410408538057725,-0.07751603993579072,1.9494762439975195,0.5797101449275363
3041171.2550373687,0.24913154330352238,-0.14778632316224696,1.5691033814040072,0.5362318840579711
4074931.3803053475,0.32441490591647404,-0.09568236338174677,1.5901106150612592,0.5072463768115942
3649553.7848723475,0.2955314303256844,-0.06054089461196797,1.7255737771375128,0.5579710144927537
4967577.938687741,0.37793565498871784,-0.05641785709542515,1.9067491166218757,0.6086956521739131
2490581.9290087335,0.20021808516617123,-0.060457446024521994,1.3535122999499773,0.5434782608695652
2874224.8315595617,0.23510576095947,-0.07021008858279607,1.528798370677171,0.5797101449275363
4084604.410463275,0.3250430862258187,-0.10174625780860053,1.743213824165262,0.5434782608695652
3906456.9620142337,0.3132778178489857,-0.07970358563599955,1.5578009593239839,0.5289855072463768
3416840.0874509476,0.2785712385178505,-0.07858835480195006,1.6550748691083965,0.5217391304347826
2767468.1882017055,0.22579127979010094,-0.08740538591635957,1.4409503083652382,0.572463768115942
2225250.44544197,0.17348023548995206,-0.15357258735634102,1.2108044843220918,0.5289855072463768
4066985.958357455,0.32389802594261075,-0.12894301031703487,1.8141323676509908,0.5579710144927537
2295741.9408306195,0.18082248328640516,-0.08538308592980398,1.3343990573362545,0.5217391304347826
3430546.3120195568,0.27959536214174463,-0.07960467443712116,1.556331307141384,0.5507246376811594
2454359.499029607,0.19670645925230024,-0.09978187782510256,1.2312030631018345,0.4927536231884058
2648639.835485871,0.2150791852576961,-0.10058033567666386,1.459772118662435,0.5507246376811594
3656163.6033071196,0.2960003660432522,-0.09913540076301301,1.4510302158678237,0.4927536231884058
4376884.516584743,0.3434856053736228,-0.06287487238679976,1.8894177166199466,0.5362318840579711
2278115.6964092446,0.17900366541050805,-0.09738034482759136,1.2453875502003169,0.5217391304347826
4703049.93451803,0.3629374279934965,-0.09021570776644937,1.754293974590128,0.572463768115942
2895720.788814536,0.23694769830178863,-0.05747656179481867,1.6557850368297158,0.5652173913043478
2005531.8807596737,0.14933309935183492,-0.18429695536690585,1.0351873380863652,0.4855072463768116
4096598.488294126,0.3258203480688777,-0.050399314398758006,1.9618853070044606,0.6594202898550725
6064803.8974070875,0.4340468918496885,-0.11196623734978604,1.856898566106639,0.5434782608695652
3628518.8413961097,0.29403456370418857,-0.09043685630591919,1.584981401997338,0.5652173913043478
2421031.0013916953,0.19343857191894687,-0.09278523446358494,1.4188511836138575,0.5434782608695652
3231892.788466779,0.26442009436526703,-0.05557441747864471,1.8117327315075409,0.6014492753623188
3501574.654176048,0.28485073710149855,-0.07323176344268782,1.6256028829016491,0.572463768115942
5751059.086594835,0.4188927378516878,-0.053462177125397976,2.210427756703589,0.6159420289855072
2496429.060567359,0.20078110635662338,-0.08736104558315634,1.3961867354851174,0.5507246376811594
4129399.451054212,0.32793671693250137,-0.09463364764442662,2.0620793988457824,0.5652173913043478
2679306.3544332525,0.2178799334347492,-0.05652581054361222,1.5718964943194227,0.5289855072463768
9022947.454288838,0.5526361215095701,-0.04922489446740584,2.3983803028196706,0.6159420289855072
2977203.853588594,0.24383196791940498,-0.1302894153475255,1.539746490330379,0.5144927536231884
2248980.5136742583,0.1759724257380879,-0.06881228219574216,1.4849766248304268,0.5507246376811594
3956410.024839778,0.3166194264317068,-0.09401094092840341,1.5622729466628524,0.5
2111019.189310743,0.16117703009688866,-0.12842203257175264,1.1776003660418222,0.5217391304347826
2615043.8104294855,0.21198095057636857,-0.06764543887090808,1.6692472838862267,0.5072463768115942
3325612.999631071,0.27166975365782986,-0.04286263437783903,1.8320942729125298,0.6159420289855072
4009583.7480700705,0.3201395972399135,-0.04984078978328875,1.7665539510678627,0.6086956521739131
5465166.524027033,0.4044965602027186,-0.05167086739048006,2.2933628535619257,0.6739130434782609
1896790.274676258,0.13659008414588558,-0.12166259255619447,1.104480919551025,0.5144927536231884
3026985.5725863134,0.24796403666514433,-0.14018491067480157,1.5074592789989616,0.5652173913043478
2706244.3979338924,0.22031908367426922,-0.14658532184578688,1.2977256499748973,0.5217391304347826
2970989.100922708,0.24331224733670354,-0.09799485553360024,1.6089209032824545,0.5652173913043478
3620965.9160763216,0.2934953963566249,-0.06619861111270461,1.7495762647872661,0.5434782608695652
3094645.583414653,0.25349378111860754,-0.10067183956509934,1.5280429687212969,0.5144927536231884
3008063.0085780383,0.24639984350131594,-0.10177540968895174,1.580625818697001,0.5434782608695652
2752458.2267654426,0.22445871691813424,-0.08251166487853154,1.6497788901717498,0.572463768115942
3489374.751042994,0.2839541721348666,-0.06893514701010489,1.5610079182119359,0.4927536231884058
3560911.3076600027,0.289176057872192,-0.07355681147318786,1.4988380816258404,0.4782608695652174
4480087.782253522,0.34976233404665447,-0.11543979057588773,1.8208431223454922,0.5434782608695652
2621002.481245389,0.21253277477196675,-0.119991106623034,1.3648900559298864,0.5434782608695652
2749338.737225859,0.22418104375224246,-0.08878094586228177,1.4393444304663616,0.5144927536231884
4273291.6066842005,0.33706495511047807,-0.03610540533683665,1.8606690021353811,0.6014492753623188
3580413.9367564586,0.29058510292838924,-0.11334281664094305,1.5410853821297104,0.5144927536231884
3349451.294681512,0.27348763758479433,-0.09435954150525588,1.3510138763698245,0.4855072463768116
2389289.1509022326,0.19029262357763432,-0.052094846719497344,1.4217249586448033,0.5869565217391305
2782003.021315112,0.22707616246950768,-0.170483027769604,1.3213640660579502,0.5144927536231884
2909487.47177215,0.23812159436336566,-0.050886473383180184,1.5753550082910976,0.6159420289855072
2474338.2371136453,0.1986484091029903,-0.08273368671254834,1.3601262132055818,0.5434782608695652
2633255.871271293,0.21366439754257183,-0.08220672625655186,1.4399697056524714,0.5217391304347826
2711979.1225509103,0.22083583445682664,-0.0637272916158624,1.5000615574327136,0.5652173913043478
2731610.0170420515,0.22259816417763978,-0.08294817044477396,1.4484035863964217,0.5579710144927537
2205535.908829959,0.17139354526508455,-0.13073790531578666,1.234082868973643,0.5
2113987.6612864686,0.1615034112428435,-0.07424857959922776,1.1623979750691396,0.47101449275362317
2421965.181842952,0.19353065788946688,-0.06827529746323638,1.2783605669690434,0.5579710144927537
2649635.155122938,0.21517049328756,-0.07089101358543856,1.7332569258501869,0.5797101449275363
4450457.960467845,0.3479722155522118,-0.06545424058728501,2.198340076900169,0.5942028985507246
2853798.8901623553,0.23334527099851998,-0.08327707312765732,1.6830042645792456,0.5579710144927537
2172957.631211859,0.1679123521823036,-0.12608185215605688,1.239247179746274,0.5362318840579711
2489234.8430487174,0.2000882242032962,-0.06644875094945946,1.4561928246078477,0.5579710144927537
4123804.5901273065,0.32757668147804386,-0.08942771038812822,1.7825529086540168,0.5144927536231884
4752806.180488876,0.36580915928308766,-0.038806696313394624,2.1104700376063796,0.6231884057971014
4711324.193179177,0.3634166646211121,-0.06617094291254556,1.7792043529214236,0.5507246376811594
7270255.74947438,0.48699647054465833,-0.09641551269588823,2.256493996736004,0.5869565217391305
2049523.3586307375,0.1543315728309571,-0.19281998236755016,1.2990513788708098,0.5144927536231884
3164863.9495704486,0.2591312685318863,-0.08142609663563163,1.755702469707761,0.5869565217391305
4361611.596665076,0.34254668875229277,-0.06564918554649572,1.660307521965861,0.6014492753623188
3885886.2528495733,0.31189179776214515,-0.09490836276085078,1.5217992407107963,0.5362318840579711
4277040.517667979,0.337299471258941,-0.0811321500193939,1.8518093150018295,0.5797101449275363
4914356.542226198,0.3749703476994335,-0.09227378198509123,1.8472264789000827,0.5869565217391305
6191831.9706693245,0.44000444426729945,-0.0652669665679815,2.0816769264145347,0.5942028985507246
2500228.527915343,0.20114639241558474,-0.08878313124396876,1.3900755883745992,0.5362318840579711
3809434.247480333,0.30668858251633346,-0.06117591587442406,1.7088436302204093,0.572463768115942
4037308.4143853397,0.321960215994854,-0.05029129499933222,2.0090053513431485,0.6521739130434783
3566640.6010116288,0.2895906325844957,-0.06848849960668651,1.896457472739545,0.5579710144927537
4149119.3124222322,0.32920260798769996,-0.0658787823267384,1.8404524203307664,0.5797101449275363
2583450.038189533,0.20903817395234991,-0.0772958724494031,1.5636575350904733,0.5942028985507246
5126605.094080005,0.38664718054669045,-0.07071778072007495,1.857052638296936,0.5869565217391305
3023531.7256175275,0.24767911654959507,-0.07023759648316331,1.605656415859548,0.6521739130434783
2577733.4934158726,0.2085026384250117,-0.05857839463906186,1.5007054233293289,0.5507246376811594
3686325.781881631,0.29813166217176224,-0.08514629949695181,1.5874241756357217,0.5652173913043478
1712820.0850952659,0.11363366056160773,-0.1010532101005391,0.8260928026681612,0.4927536231884058
2884723.472233693,0.23600673622074986,-0.08446686091653782,1.808389917643441,0.6159420289855072
3660863.885177999,0.29633341661905077,-0.07736020556428345,1.7831731203446854,0.6014492753623188
7075922.539363347,0.47896063269175393,-0.07761830992193593,2.415205450711778,0.644927536231884
4566752.372045623,0.35494445696019916,-0.11691229745641861,2.033441099767039,0.5942028985507246
3282781.244121609,0.268377089089727,-0.06148282138771888,1.543696762920819,0.5579710144927537
3727149.72495992,0.3009942222950013,-0.0684643673978852,1.7314381594338828,0.5
2585096.04536834,0.20919219887999985,-0.09682209645686977,1.3950471271778282,0.5507246376811594
3011713.6797313862,0.2467022300304047,-0.09262586805459552,1.6257192659374164,0.5579710144927537
2237619.689052576,0.17478192239623946,-0.09948000700781486,1.2344042770345596,0.5289855072463768
4012026.1304381206,0.3203003870152932,-0.0708532953196722,1.77724423743328,0.5507246376811594
3811654.9547186997,0.30684089365793366,-0.11657653475037226,1.7947462936172494,0.5869565217391305
3864227.887574836,0.3104261351779083,-0.05736308330487957,1.7573315839620836,0.5797101449275363
6272482.002210297,0.4437363287621834,-0.1004772177267587,2.020126060573316,0.572463768115942
3237065.721801427,0.2648245989494895,-0.09517947775673233,1.63315681232721,0.5289855072463768
3131654.027669921,0.2564776139713558,-0.07419027150154908,1.4699271495446915,0.4855072463768116
2159895.718270173,0.16650487121041402,-0.10897691120063721,1.27352425383783,0.5217391304347826
2703114.473760854,0.22003667943771377,-0.09910318995429385,1.5253254024896612,0.5507246376811594
1852647.3878718293,0.13124989965077183,-0.08851641632115884,1.0481410423646331,0.4927536231884058
4473568.184782601,0.3493692598753029,-0.07398146252993532,1.8814287973606711,0.5289855072463768
2653132.558847799,0.2154911185390116,-0.07567945585912247,1.7673286476464491,0.5579710144927537
4555772.640529087,0.3542922974774516,-0.08899323989500536,1.746715188959754,0.5217391304347826
2412491.2775519933,0.19259545624264018,-0.08382836146557078,1.349556802174189,0.5072463768115942
2284774.1594502917,0.17969205805192012,-0.05287902079999993,1.3322401670080204,0.5434782608695652
2109355.3472349267,0.16099393137369988,-0.11864134250183983,1.0856920954984133,0.5289855072463768
5184748.722214487,0.3897783522463467,-0.08695726868091092,1.787854349149832,0.5507246376811594
4478236.459002244,0.34965076214629676,-0.07862357733534944,1.8315039219148397,0.5797101449275363
3873932.181675254,0.3110836536203585,-0.07269615809683524,1.7670676904233513,0.6231884057971014
2738641.647084515,0.22322695230356482,-0.08112435082067285,1.654046665166479,0.5507246376811594
2781371.7281250586,0.22702046769550766,-0.06007824469692243,1.5399325394832573,0.5797101449275363
1289803.869030906,0.0522155970299516,-0.13366133095593286,0.49842135529750087,0.4927536231884058
1803297.7208571604,0.12515793353911842,-0.078974303891244,1.0751870737081335,0.47101449275362317
4690875.169695458,0.3622310501421,-0.08181690398508662,2.4075964462024113,0.6231884057971014
2740895.051540993,0.22342818478692905,-0.06200073185066834,1.5465292060039988,0.6014492753623188
4540511.437365122,0.35338374117039373,-0.06944650606147647,1.8672707730595073,0.5652173913043478
3987752.308074502,0.3186988729613536,-0.055517177392741236,1.9448405841371246,0.5434782608695652
2008062.6586207065,0.14962302141232575,-0.11504897717917685,1.223384515290828,0.45652173913043476
3418772.8282002048,0.27871585095137474,-0.09839482964328213,1.4635723636523932,0.5434782608695652
4807060.571414867,0.3689132240224189,-0.08031772401327618,1.8913436647461617,0.5652173913043478
2784463.8705710624,0.22729317025707974,-0.08101609780018726,1.7249739910926394,0.572463768115942
2653769.9351852783,0.21554951372465347,-0.1393754339129486,1.4610595074893262,0.5434782608695652
3634661.762943587,0.29447241592918294,-0.10393083283354365,1.8792071785615103,0.5652173913043478
2735910.1474986277,0.22298284751332065,-0.10850200938429073,1.4416630698064539,0.5434782608695652
2650225.255022447,0.2152246145588239,-0.06888483909013807,1.3305445461973904,0.5072463768115942
3174306.4534710553,0.2598817076344444,-0.10227739783586819,1.6046019793126098,0.6014492753623188
2362269.881484662,0.1875882787882759,-0.10115421050433468,1.378782191592805,0.5072463768115942
3403624.8812917797,0.27758068683539716,-0.05537599443320075,1.6612418379396672,0.6014492753623188
4469652.0559929265,0.34913293151740454,-0.0597297404351504,1.9623758069634623,0.572463768115942
5576891.527706765,0.4101926263001465,-0.06749212434196006,1.9272207512200248,0.5507246376811594
3488078.64803413,0.28385877486215993,-0.11830234307696888,1.5325966519843675,0.5289855072463768
5166159.01578558,0.3887803210658447,-0.06913109014884863,1.9396502741051254,0.6231884057971014
2843211.902841735,0.23242882028999023,-0.08053927695740366,1.6996974395176718,0.572463768115942
1751500.2376363056,0.11861860969996729,-0.07844776306837262,1.0563234046260241,0.4927536231884058
4752847.194879142,0.3658115165278142,-0.07130615858486683,1.964843174687805,0.6086956521739131
3427369.4304048815,0.27935827864180673,-0.08528196044695943,1.7261933102542064,0.5579710144927537
4655855.04365144,0.3601909786152544,-0.04885827347026186,2.180596840219152,0.6086956521739131
2368499.070714168,0.18821394154893145,-0.06465502460550122,1.6364009727870785,0.6304347826086957
2310950.232566202,0.1823828411310333,-0.0642623477005831,1.3080987719162471,0.5434782608695652
2540547.6454630326,0.20499562140601157,-0.07263913459897679,1.3408265419532936,0.5579710144927537
7450924.738976703,0.4943145850068795,-0.060538243203387083,2.1297068323767663,0.5434782608695652
8819138.344586864,0.5455577282660802,-0.07117349014555376,2.2483003341224936,0.5869565217391305
2853562.1319274628,0.23332480604277017,-0.07773540554917885,1.5021246436521305,0.5797101449275363
3229747.0582293933,0.2642521540645357,-0.08102760386526964,1.7048227126485318,0.5869565217391305
3029592.649672609,0.2481789315210685,-0.07697715548848454,1.613093922681547,0.5362318840579711
2983119.0866916226,0.2443258350533828,-0.10034588680943174,1.5428702192523052,0.5144927536231884
3856881.674760189,0.3099275104413679,-0.15723355879328801,1.652877580901275,0.5579710144927537
4240905.912097685,0.3350321593824832,-0.11957326753357063,1.6300293127391654,0.5507246376811594
1615411.0172925566,0.10066867869101159,-0.1559366266531031,0.8587641085828468,0.5217391304347826
3174267.565407996,0.25987862068615497,-0.08179773202133235,1.6920580998252384,0.5797101449275363
3279751.4592921813,0.2681428773734451,-0.08532460771662481,1.4882465293585776,0.572463768115942
2759380.463783493,0.2250739836357154,-0.09196517744374698,1.3884226535213144,0.5144927536231884
5381605.970293624,0.4001751940844025,-0.05381158881277484,2.0468892351520616,0.644927536231884
2224872.269080552,0.173440346707314,-0.09033823384590005,1.27415307837724,0.5289855072463768
2150495.70768642,0.16548775760813528,-0.1549631192999532,1.1658252546781163,0.5289855072463768
2940822.944794757,0.2407771176197837,-0.08018737476713318,1.639806893139611,0.5942028985507246
5284523.111888959,0.3950865776741912,-0.10398278848012943,1.930797673592968,0.5797101449275363
2809959.3537872354,0.22953248505505663,-0.12842484009427899,1.5617682169822378,0.6086956521739131
6312054.740401273,0.4455534392633831,-0.08042297112559062,2.2348897875514773,0.5652173913043478
3985708.8899694355,0.31856369878626634,-0.072520072749632,1.8305851905149326,0.5869565217391305
2302295.1532268897,0.18149584818188358,-0.06892325892481584,1.4606546742557278,0.5434782608695652
3319298.34172557,0.2711864583692334,-0.09379111786203512,1.6662078840311423,0.5507246376811594
3017505.678926379,0.24718138248058108,-0.09512565435596791,1.4630657924061203,0.5217391304347826
5495169.835456657,0.40603529883432055,-0.070990753971131,2.504318209892112,0.6521739130434783
2079048.5382815362,0.1576384037541052,-0.12545568116646386,1.3218027661686402,0.5217391304347826
5156580.347533256,0.38826494618850393,-0.06370430180608,2.0631814219574403,0.6811594202898551
4920002.712622038,0.37528614699121876,-0.05995392690613774,2.058161810288572,0.5869565217391305
4347964.46181438,0.3417054909717143,-0.08810326964821408,1.9414005102776817,0.4855072463768116
4776942.082257497,0.36719353205082395,-0.10548809108838714,2.227925997731331,0.5869565217391305
2052868.5397209534,0.15470814132188715,-0.10818041701807819,1.2788570142857436,0.5289855072463768
2245496.2933118516,0.17560782599825253,-0.08105097719678958,1.42193051665435,0.5579710144927537
3209134.6799740894,0.2626343169098526,-0.10572242953470769,1.6552134880627283,0.5507246376811594
5508901.677525729,0.40673730387596585,-0.07442373240104222,1.980836516860456,0.572463768115942
3751952.2697326713,0.3027211406918531,-0.07082301688595609,1.7224891505848166,0.5289855072463768
3561186.84373095,0.2891960080187279,-0.11664540235140765,1.6469355341784768,0.5507246376811594
3359665.5755327847,0.27426340180118025,-0.1178046352703333,1.3936420059604695,0.5579710144927537
3283354.0654535606,0.26842135050671234,-0.06501615594158851,1.772382300936295,0.6086956521739131
3380640.5658072648,0.27585053388776504,-0.06826142578634416,1.8089872844562893,0.572463768115942
3680326.24897084,0.2977088423133485,-0.08880050003901449,1.6448790523788104,0.5797101449275363
2590312.606223651,0.20967982016907394,-0.07693484968192314,1.6336065709789185,0.5362318840579711
4005577.2657148647,0.31987566803361767,-0.07201845421496642,1.7443596500881076,0.572463768115942
3751310.07229792,0.30267654196570026,-0.09052738338827374,1.6550638300094915,0.5434782608695652
3742679.762344184,0.3020765988914482,-0.09450585633769248,1.8287508109383117,0.5652173913043478
3963921.4802628593,0.3171189816417239,-0.05119611244014361,1.9242296380048518,0.6594202898550725
5184926.656640013,0.3897878912242745,-0.0499093891995551,2.0634979826472004,0.6086956521739131
2846947.5433668196,0.2327525030482791,-0.08441822926038572,1.4784623545481397,0.4855072463768116
3323608.0565411276,0.27151638400510136,-0.10019239004528788,1.6335000458489213,0.5144927536231884
4565578.659403774,0.35487480225478985,-0.0666916126309624,2.0153697628253355,0.6231884057971014
3133436.9975360893,0.25662065350836283,-0.07038844966673886,1.765702637033255,0.6086956521739131
4245219.676776056,0.3353036425485907,-0.10223517065434531,1.6899003488091964,0.5362318840579711
1560855.0702026766,0.09313176844733562,-0.09194982933545362,0.8086409095567096,0.463768115942029
2124091.589460279,0.16261158937523534,-0.07565783867758709,1.351825242974022,0.5144927536231884
3996936.434306085,0.31930572886523256,-0.10872507096716857,2.0276284045423836,0.572463768115942
4452596.997969243,0.34810176666669923,-0.08534493543334276,2.0859763453408378,0.6594202898550725
3182253.0270627765,0.26051187567322875,-0.08085824114290488,1.4839389353068266,0.5072463768115942
4511948.695371418,0.3516767092975339,-0.09996382199434495,1.9362326283632523,0.5579710144927537
4472112.551951902,0.34928143548944224,-0.09040383357730226,1.7198737556858055,0.5144927536231884
2397563.8478253433,0.19111593914443614,-0.10971019998822408,1.277146819911883,0.5507246376811594
2880877.4501945293,0.2356769821660989,-0.08029542763008816,1.5636413078901565,0.5507246376811594
3087712.9723131973,0.25293166296600367,-0.0897356869183124,1.6048099003940817,0.5434782608695652
5213092.372249364,0.39129455053779005,-0.10865678772226596,1.9545091122612226,0.6159420289855072
2933801.4228440784,0.2401840539548301,-0.08513226290663205,1.3902086183128903,0.5144927536231884
4198117.710347781,0.33232728597277617,-0.08510951652779218,1.8021976713016492,0.6014492753623188
3020771.8285819157,0.2474512556119275,-0.08025587210378071,1.6162683618823883,0.5652173913043478
4873764.136122698,0.37269136447970386,-0.08860762233537647,1.9865783933827164,0.644927536231884
3418301.5257361196,0.2786805929686442,-0.061317675306337124,1.84649057251463,0.5942028985507246
5452373.625104979,0.4038384126577268,-0.07432486439365485,2.086370233531698,0.5869565217391305
2086751.7885075836,0.15849498703651133,-0.08280402803643977,1.3121294624032038,0.5507246376811594
2479922.768527834,0.19918898634308402,-0.0895790754363279,1.5857053214262604,0.5434782608695652
3050181.4372739308,0.2498708366511655,-0.06867027783038475,1.4424963746433805,0.5434782608695652
2771545.2153720125,0.2261522336759001,-0.06431925607945352,1.5846499210043004,0.5797101449275363
3542389.4267525356,0.2878321434122697,-0.07482545272997476,1.601001877928392,0.5362318840579711
3192768.9356915895,0.26134386112361363,-0.07309616616817789,1.504696341193271,0.5434782608695652
4907688.8126880005,0.3745970369742395,-0.04653335187206923,2.0802579712790696,0.6304347826086957
2996122.9711743207,0.24540879072424615,-0.11140233890480576,1.5554974236827293,0.5144927536231884
2446176.3811712866,0.1959074013876223,-0.09397166127829865,1.361524349789049,0.5434782608695652
2037972.4531670546,0.15302749053963183,-0.13897931383136022,1.1864672772684342,0.5507246376811594
2470909.0463493727,0.19831598287842,-0.0769895474762096,1.6346331985535538,0.5507246376811594
3742709.353169892,0.3020786578119168,-0.04712311399259719,2.026087180464934,0.6231884057971014
7133344.51915877,0.48135326804224343,-0.04654392320000008,2.3696818947361673,0.6594202898550725
3043342.310549199,0.24930984038839443,-0.08159954262981674,1.6608561534147672,0.5434782608695652
2057894.4813744754,0.15527299197810907,-0.08962888872683714,1.1757211011593245,0.5579710144927537
2232006.4223099984,0.17419192121574767,-0.10518562166266325,1.3490529646732687,0.5362318840579711
2263277.4641212854,0.17746378856329104,-0.0995427075372507,1.3803683091612884,0.5507246376811594
3559536.9229404894,0.28907652731221556,-0.06055274466384856,1.8169265497635105,0.5434782608695652
4111586.1359391226,0.3267890499008337,-0.04505791386124608,1.9385114989192338,0.6014492753623188
1913698.0536980983,0.13860918540177147,-0.05375855833639819,1.3888646512463823,0.5144927536231884
3209888.6712304177,0.26269364291959896,-0.09531269531981401,1.7361748913405384,0.5942028985507246
3876023.527721383,0.31122518101861685,-0.1364281094307793,1.8286188978206785,0.6014492753623188
3430385.4776763134,0.2795833636598388,-0.07364944228024795,1.5475863626784219,0.5869565217391305
4173524.3206156036,0.3307626087373565,-0.093616503312982,2.122921846993296,0.6666666666666666
4627775.063249094,0.3585463134896367,-0.08042924311814782,1.8286274899270119,0.5434782608695652
5162952.538473084,0.38860788353346076,-0.06582308583587468,1.8568718315604409,0.572463768115942
2261041.7497620746,0.1772310717600205,-0.06478591895585366,1.4632413425923634,0.5652173913043478
2792561.018381731,0.2280061286945776,-0.12584489344731944,1.3737564715648278,0.5217391304347826
3538970.436499492,0.28758345328355106,-0.08579632855893547,1.64969014940145,0.5869565217391305
4411768.140922721,0.34562031788079217,-0.07759045801527294,1.860112511207502,0.5434782608695652
3241466.271305923,0.26516829905467665,-0.10344571314505543,1.5145736589365313,0.5289855072463768
1955407.286916521,0.14352969256128434,-0.11678788491256273,1.0311098161943537,0.4927536231884058
3293022.1045935405,0.2691674612609123,-0.11485006666939461,1.5946828858905442,0.5289855072463768
2050466.8777329058,0.15443783494135577,-0.11464903218184613,1.227186532012907,0.5579710144927537
3533439.4520546547,0.2871807338801262,-0.06412769371458597,1.4219501133472903,0.5144927536231884
2549502.2728964738,0.20584387205944532,-0.09695221511435567,1.4815614537501052,0.5072463768115942
3061776.925689888,0.2508196900205659,-0.08145267895787389,1.5849147624523447,0.5507246376811594
2436656.674450204,0.1949751340761101,-0.10465600429310878,1.367933097888703,0.5434782608695652
2493819.014229637,0.2005299150935047,-0.11333834592404422,1.1855881452765291,0.5362318840579711
3548315.8362381672,0.2882627633897781,-0.08187812590446113,1.7421148573081937,0.5579710144927537
3808108.8511675014,0.3065976440098437,-0.04691352060190488,1.760361655421166,0.5652173913043478
4052000.3946277574,0.3229209552581731,-0.15141754089588377,1.6841363407138936,0.5072463768115942
2949672.1557829445,0.24152294330893764,-0.17518958164963652,1.6936384349722682,0.5579710144927537
4997253.8021312915,0.37957806772681635,-0.07687812657432254,2.0208798829987553,0.5797101449275363
2485137.642790928,0.1996929025415719,-0.11213296221049295,1.2289861417125107,0.5507246376811594
5093633.440227305,0.38485893569594,-0.09653097309791696,1.9832256534051382,0.5434782608695652
4275883.503328894,0.33722711084474155,-0.06959170478260526,1.9062393443908725,0.5869565217391305
3041970.2765681916,0.24919717447245793,-0.09016891365660597,1.561120711035293,0.5434782608695652
3748883.2030697665,0.30250794784947677,-0.07234340905856725,1.583885304251739,0.572463768115942
2860331.9486787207,0.2339094417047869,-0.09454718719916201,1.4558597369454862,0.5434782608695652
3603296.5526747713,0.29223054146216887,-0.10672050501474777,1.5242085873082818,0.5797101449275363
5521660.158956264,0.40738829491519635,-0.10653149081572151,2.057058133757467,0.5652173913043478
2636423.951698325,0.21395628998128857,-0.08340119306686467,1.325985390693836,0.5362318840579711
3914046.6060998426,0.3137877210352762,-0.055094521553840065,1.65241831558282,0.5869565217391305
2681796.733436678,0.21810624989101046,-0.12065397134120402,1.4193957245170945,0.5
3992928.3078249134,0.31904102279886626,-0.08648839974203536,1.590434605361852,0.572463768115942
5020426.912704721,0.38085516840442657,-0.06633697408622964,2.048000402707114,0.5869565217391305
2585708.273153763,0.20924946800492994,-0.13629662879297422,1.2522260479369887,0.4855072463768116
3903538.325984652,0.3130815209998099,-0.08495017079939725,1.8843690598593652,0.5434782608695652
2183512.960371029,0.1690448009296348,-0.0632181389212485,1.4889953895150358,0.5869565217391305
1937476.5698539834,0.1414247671857296,-0.10148191492026429,1.1208413802358843,0.463768115942029
3026256.973592837,0.24790395359726425,-0.09040663754204567,1.8434844732459976,0.5434782608695652
3305763.725353132,0.27014809725279476,-0.06801420775038161,1.8880798267815153,0.5797101449275363
4390534.519736252,0.34432253624026976,-0.07190402489865902,2.048885676976117,0.6159420289855072
3134065.621106882,0.2566710695837482,-0.08892145992894389,1.6786391449098028,0.572463768115942
3999420.4569511483,0.31946967297490536,-0.1310608792759687,1.6642241495817842,0.5289855072463768
2321380.050926451,0.18344818951678388,-0.12296181177594218,1.3192660162305478,0.5072463768115942
4322045.157686739,0.34010201447760324,-0.129000335674759,1.6706475262348304,0.5507246376811594
2142414.6274036784,0.1646105097251478,-0.1250249342487831,1.2746992486950082,0.5507246376811594
2768701.3739785566,0.225900503015648,-0.12474532872767236,1.334790276198387,0.5
3771128.3335684375,0.30405005679562214,-0.09700642904942121,1.7139128388804374,0.6086956521739131
3324160.8038141485,0.2715586742181384,-0.061042132887524546,1.6970551952440986,0.572463768115942
2601851.8007255727,0.2107556689998915,-0.1296552217217202,1.3410509418916101,0.5579710144927537
3251106.8654766977,0.26591996442557586,-0.06609145054067464,2.097956190839831,0.644927536231884
2128305.2715734416,0.16307249162929627,-0.10647501567658452,1.3607632362139328,0.6014492753623188
3135841.8988328576,0.2568134846585719,-0.10571744654605075,1.5744566528797312,0.5797101449275363
3271870.79184838,0.2675328658140672,-0.09941251024501263,1.449518715778506,0.5
2918695.843174234,0.23890432172782883,-0.11527657753417801,1.4443650829730836,0.5652173913043478
4045236.217482557,0.3224789783560782,-0.05889879679999995,1.7578166952164158,0.5579710144927537
2976984.6205211873,0.2438136489097933,-0.13100571598397368,1.4589816543551897,0.572463768115942
5534362.120562697,0.40803520780009817,-0.06219155146377214,1.978213612427994,0.5289855072463768
3457474.808515013,0.2815979524738901,-0.1259484784637298,1.3843990726034312,0.5072463768115942
4701874.480285992,0.3628692921761385,-0.06273003875270856,1.7981440765082135,0.572463768115942
2209437.5520434193,0.1718076966790949,-0.15177179646934474,1.1380192551637394,0.463768115942029
1604649.4108621532,0.09919825990002384,-0.10377162608101441,0.8030064082686609,0.4855072463768116
2451673.995348441,0.19644446282547556,-0.08406297976616685,1.2247649161329723,0.5434782608695652
2798311.0164134214,0.22851141573167322,-0.11127023967100641,1.4031523147147915,0.5507246376811594
4431848.560884782,0.34684302767777253,-0.1378265725968118,1.7381121132684878,0.5507246376811594
6424055.752489384,0.45064738771335366,-0.05020545682515195,1.9926417211373042,0.6014492753623188
5958067.572700004,0.4289633326149098,-0.07653236533046759,1.9832232901508475,0.5942028985507246
3332706.985218937,0.2722118202998416,-0.07582657517564045,1.7664004371413122,0.5507246376811594
4678859.231844614,0.36153244783954297,-0.11397182103484761,1.9303016759078993,0.6014492753623188
1544612.0734151131,0.09084710911494343,-0.10409977282433872,0.7945915114619334,0.4782608695652174
4360786.7538392525,0.34249590597355173,-0.05864834397257268,1.7315428066496032,0.5507246376811594
2706589.1028455286,0.22035016945143937,-0.08896331824647999,1.5456940441537288,0.5434782608695652
1956511.8553586388,0.14365885455379424,-0.1072346970787,1.0018453425082925,0.5072463768115942
4102952.541423547,0.3262313774226284,-0.04447999999999994,1.9266704436117614,0.5942028985507246
3603446.2586096465,0.29224127892790674,-0.08927835911142636,1.755385384478237,0.6014492753623188
4579725.873026858,0.35571342495835645,-0.060679105568431785,1.778993360139706,0.5434782608695652
2752098.426376818,0.22442670308005286,-0.10419863714330295,1.3268659441990696,0.5217391304347826
1591411.424780691,0.09737861908063916,-0.11108826735587979,0.9354975581016021,0.5507246376811594
3467175.1047768868,0.28231627740146936,-0.1031708695869798,1.5432312606182097,0.5217391304347826
4585659.668135992,0.35606455338587173,-0.054834545543386674,1.8851790561066923,0.5942028985507246
3920431.4296752326,0.3142160672258727,-0.11634318603417254,1.4919871863772414,0.5
2174327.6421933253,0.16805958463227055,-0.08989566611449025,1.4530868396094851,0.5579710144927537
3101416.742938534,0.25404183661817714,-0.07467952581834394,1.7810705229928274,0.6376811594202898
2134425.6202315805,0.16374065095958223,-0.11524674986701715,1.2757250770022075,0.5072463768115942
3451964.1354008527,0.28118915850323334,-0.06014805321925094,1.472976848469609,0.5507246376811594
2833393.0940013467,0.23157642278691348,-0.12046424504561255,1.520149398529241,0.572463768115942
2330799.2525921767,0.18440702336937997,-0.0939716917362666,1.2087240152142944,0.4855072463768116
3254346.866412238,0.26617218300758005,-0.04343196919470484,1.9171489497491345,0.6014492753623188
2104113.5439382237,0.16041633688621482,-0.10067512245359557,1.3410520234979784,0.5289855072463768
3302655.9298535693,0.2699091905374782,-0.09306416061535862,2.0033221034836624,0.6231884057971014
2341385.8122687284,0.185480996331435,-0.08009424262503324,1.3613492285264255,0.5434782608695652
3422794.3728052666,0.2790165433438212,-0.0756621539915199,1.6446431986730108,0.5869565217391305
3287255.6427290896,0.26872265784238536,-0.060650218416807185,1.6496923269876733,0.5362318840579711
5050796.200326149,0.3825217392144309,-0.08154937907159891,1.8770748994371798,0.6086956521739131
2491935.9564361344,0.20034855868292012,-0.0989997000892838,1.206231128503412,0.47101449275362317
1823737.539178069,0.12769711016499308,-0.11570805420165921,0.94123763019808,0.5072463768115942
4163485.3880937016,0.3301217926106821,-0.06484899155596399,1.8676929242629463,0.5797101449275363
3639076.4852674836,0.29478672092810476,-0.08315579096112073,1.5818986096464391,0.5652173913043478
2205258.6505018654,0.1713640925640858,-0.08621166922826429,1.4462354494153289,0.4927536231884058
2205191.851335121,0.17135699615447475,-0.07729917731168098,1.3663336633290195,0.5507246376811594
3544664.6778392056,0.28799753397876926,-0.058153491200000046,1.9045236731751791,0.572463768115942
4460839.632481085,0.3486005178964009,-0.06941802073689593,2.088489600258733,0.6521739130434783
4251563.9570778245,0.33570251382735194,-0.06825022985100603,2.17340518790597,0.6811594202898551
4310399.856340077,0.3393790817988682,-0.05659143209135468,1.8265278000216343,0.5942028985507246
2536282.5471313205,0.20459075755292844,-0.10304163841149613,1.3693196262790095,0.4927536231884058
2985111.3024323215,0.2444919902417988,-0.08495964371738461,1.7045836504413272,0.5797101449275363
3092366.2292864113,0.25330907509702083,-0.09118014046579355,1.4143214649949654,0.4927536231884058
3349109.905867865,0.2734616767857647,-0.07189373780294733,1.840102192092016,0.5869565217391305
2337248.868999296,0.18506177986746386,-0.11078270302969864,1.2885680204815306,0.572463768115942
1605045.2703323597,0.0992524879583907,-0.1700601781305784,0.9267484346107007,0.4492753623188406
2311195.3209376056,0.18240791964533298,-0.09696722886833188,1.2744992137462776,0.5797101449275363
4967817.439794599,0.37794894157442926,-0.056850371144412444,1.898146633196105,0.5869565217391305
3866137.0810346343,0.3105555976625536,-0.07004823443686872,1.7285360596154908,0.5507246376811594
3585574.2184439055,0.2909569005325119,-0.10335183992516808,1.6823082903172841,0.5362318840579711
3650290.7471840535,0.2955837479943566,-0.06641887531980567,1.5120800894547448,0.5797101449275363
4052669.641376969,0.32296465229550186,-0.060814833219885595,2.0423147633042946,0.6231884057971014
3426585.921231471,0.2792997800970636,-0.07080383244206508,1.6906479643408445,0.5507246376811594
2837385.258425083,0.23192327807950952,-0.06125052424323755,1.6762673917046051,0.5579710144927537
2830322.8784015356,0.2313094040580781,-0.07163606073011147,1.4129273142375995,0.5507246376811594
1805278.8461828614,0.12540504747260273,-0.14780296926182485,0.9912147601216117,0.5072463768115942
3854369.8508674945,0.3097568459011404,-0.04195491759148205,1.852996958639281,0.572463768115942
3427249.8150276993,0.27934934858261595,-0.07076126084476117,1.6593761172151937,0.5579710144927537
4716465.239774908,0.3637140897537947,-0.05053640127536483,1.88678169495154,0.6086956521739131
3268631.5412383443,0.2672817872229285,-0.11378838966198708,1.5377994784488427,0.4927536231884058
3921376.959972541,0.3142794536806144,-0.09721529848307112,1.8626292047741155,0.5869565217391305
3001998.7033041804,0.24589688516762687,-0.18159628503024014,1.3117172413132152,0.5289855072463768
6061913.205579523,0.4339101626739412,-0.06894275166840663,1.835386491958797,0.5797101449275363
2894354.7271642545,0.23683096979900342,-0.11792457911971126,1.4321758945693044,0.5289855072463768
2773842.354732457,0.2263554206345264,-0.050904577585970286,1.5848329117301803,0.6014492753623188
3489040.249057005,0.28392955444712653,-0.06772881258836629,1.6951205037025006,0.572463768115942
2214263.0486624734,0.17231910471878398,-0.13058437289053473,1.2120237271024965,0.5144927536231884
3849151.465600135,0.30940200085342084,-0.09819400869008003,1.6743019369189074,0.5507246376811594
6494805.292905487,0.4538286637911304,-0.06304818080727066,1.9960117160588227,0.5652173913043478
2032024.8838271108,0.15235371005380416,-0.07649088924766621,1.1666070128859845,0.5217391304347826
4634129.304515589,0.3589191835456571,-0.039696032682761756,2.049807325403913,0.6014492753623188
3090635.974003385,0.2531687922202628,-0.07131150011766713,1.6098722858251968,0.5362318840579711
2953205.2596818996,0.24182021902034312,-0.05724478971464147,1.661770848179015,0.5869565217391305
3527441.0329858116,0.2867434094058994,-0.04501295757159998,1.9950918889634963,0.5942028985507246
2277350.1166592217,0.17892441195637465,-0.07600772194839857,1.3383811588369843,0.5
3865877.5083298464,0.31053799903164636,-0.08749022889977283,1.5623916352870675,0.5144927536231884
2854901.9457843094,0.2334405992398494,-0.10530753822045867,1.3470688078507866,0.6014492753623188
2562499.157867573,0.2070708059642159,-0.12045708306170766,1.3945392441754751,0.5507246376811594
2466400.0845861863,0.19787832134692995,-0.049013923455170486,1.5776909385575928,0.5434782608695652
2991749.607253293,0.24504499999650808,-0.14574006920454785,1.5572144638231125,0.5507246376811594
2750148.835495634,0.22425317673966072,-0.12113935549960121,1.5541515964888288,0.5652173913043478
2547491.6460071756,0.20565361788157777,-0.07327482127070828,1.6314675843760464,0.572463768115942
6163825.118399849,0.43869939727230034,-0.0868537297458861,2.1972922011118765,0.644927536231884
2508571.2153891088,0.20194691450692126,-0.08949900595353509,1.4618721060650948,0.5507246376811594
2188724.508231659,0.16960231762520528,-0.09623952097956384,1.1366300376118552,0.5434782608695652
7292903.563937899,0.48792175669647997,-0.061660639383053016,2.2078732260936746,0.6376811594202898
2331434.225123547,0.18447154921691045,-0.13473901348684078,1.275138190039726,0.4855072463768116
3920636.556068134,0.31422981952657403,-0.0777871484956382,1.6603583346859243,0.5652173913043478
3038462.748737473,0.24890896546805008,-0.08725354223477597,1.4410364527403199,0.5217391304347826
2535633.6488560163,0.2045291132482141,-0.06608897543941951,1.5957639788508415,0.5507246376811594
3221368.228584221,0.2635955105093579,-0.09070309581412439,1.5880723592676984,0.5
4031678.2702772026,0.3215913077555317,-0.09335829939277027,1.740592209368338,0.5579710144927537
3791980.959858186,0.3054890384049542,-0.07783368989869259,1.7106364866717183,0.5797101449275363
4071419.1673365883,0.3241865225984415,-0.12000572267210637,1.8742907412859993,0.5507246376811594
5230641.3279388845,0.39223000129819163,-0.07637367395052451,1.8199454621146205,0.5652173913043478
1734027.344012402,0.11637779148825822,-0.10818572998912954,1.0307327934549613,0.5217391304347826
2344596.4780696984,0.18580594041120668,-0.06316713122015577,1.3486778589760746,0.5652173913043478
2762366.4115445036,0.22533900142867758,-0.06323306088539883,1.6022693242658752,0.5217391304347826
2463533.995478234,0.19759979208628242,-0.11383855391333399,1.8249847367745522,0.6159420289855072
3537553.5724631464,0.28748033725318667,-0.07047393253842904,1.642538902533659,0.572463768115942
4877808.176007296,0.37291908896221715,-0.12526090885378455,1.7062437245559405,0.5869565217391305
2567582.250726647,0.20754930683510509,-0.07852039919752606,1.407720554685256,0.5507246376811594
3241934.639023841,0.2652048584197264,-0.11122244557047208,1.6008624157151765,0.5434782608695652
2857951.647577739,0.23370400721606055,-0.09104824360347238,1.325312801864139,0.5072463768115942
2770369.2631746354,0.22604816601115596,-0.15450927936939168,1.3685688304385244,0.5362318840579711
2782938.8010963425,0.22715870145942452,-0.0974448411381686,1.4411334047143904,0.5217391304347826
2688833.8650790616,0.21874485093035645,-0.06408152285639894,1.5858442549385452,0.5507246376811594
4201123.2743977215,0.3325180023372649,-0.08823775009440978,1.5928453490174004,0.5144927536231884
2378677.517867168,0.1892334426231439,-0.08265190029795005,1.2964402734465648,0.5434782608695652
2058649.85418339,0.15535779066075062,-0.10057703389050396,1.1972471161496816,0.5217391304347826
4327047.015635881,0.3404120482184514,-0.08743610567199665,1.833212201121188,0.6014492753623188
4140661.6199515765,0.3286602680994384,-0.07646943613682652,1.7709051242284823,0.572463768115942
3328208.03417138,0.2718681530139333,-0.07355801628115327,1.6500572222559162,0.6014492753623188
2369970.0330004953,0.18836149354798115,-0.126936858379596,1.2001514226474037,0.47101449275362317
3646890.9039000687,0.2953423193545761,-0.05975200881689298,1.6338438461599363,0.5362318840579711
3107704.6015730104,0.2545499173794299,-0.05003171254584146,1.7568313207042796,0.5507246376811594
3116121.7448882,0.25522876598655686,-0.0887842878871561,1.5925395114271683,0.5362318840579711
3135987.364483526,0.2568251446723726,-0.11470400450883732,1.4574806864021919,0.5362318840579711
5741096.896856139,0.4184008255654148,-0.07669952208062465,2.0886766479922927,0.6739130434782609
2348401.7490296233,0.18619060245554642,-0.09207736831061857,1.4382420258190387,0.5434782608695652
3247595.5824997965,0.26564640068622136,-0.07173564469782123,1.5978048013383248,0.5144927536231884
2470657.765975355,0.19829160921413558,-0.09788840140672672,1.412809345108376,0.5579710144927537
4223393.40658308,0.3339277504431193,-0.09823714692533227,1.6287503770129885,0.5507246376811594
3655907.4255226864,0.2959822040656199,-0.12328582780302122,1.9151635578265875,0.5942028985507246
3781211.966258046,0.3047466928619942,-0.0934017330835734,2.104676149729805,0.5942028985507246
3283027.0274047973,0.2683960813116446,-0.04910866510803899,1.814352947683738,0.6014492753623188
7715329.3450552905,0.5047726667015242,-0.04731522481260566,2.2174791098246494,0.6159420289855072
1998510.3768538088,0.14852719122977454,-0.09649530198985347,1.1376238509502892,0.5217391304347826
3159632.5687583503,0.2587147353227026,-0.0818662024872825,1.6249191507321101,0.5942028985507246
6259237.011347052,0.4431260935656558,-0.0727253076359068,2.0923212033381984,0.6014492753623188
4777953.316676342,0.3672514115929417,-0.06960985461475847,1.6938662740628523,0.5507246376811594
2345112.9349916396,0.1858581765839249,-0.1367626533753928,1.4430514811934694,0.5652173913043478
3205700.618325645,0.26236397479854645,-0.10826690011405558,1.5989517269530804,0.5507246376811594
3513501.118313505,0.28572479480934576,-0.06843651650307278,1.6558283084269136,0.5942028985507246
3934643.365088189,0.31516752013599025,-0.08510074711090816,1.8382433986412894,0.6014492753623188
3313203.3472968023,0.2707192770187026,-0.11438662933904561,1.4697371000845987,0.5217391304347826
1282192.9558576755,0.05097086653415772,-0.11333269369457925,0.5467118634604713,0.4057971014492754
5031515.792931498,0.3814646236340775,-0.058092678517443576,1.8948943113758732,0.6231884057971014
4360121.937532225,0.3424549698924084,-0.06092040159397503,1.7978293429558516,0.6231884057971014
4207113.604995311,0.3328977900287553,-0.07907668805110506,1.89317383534923,0.5797101449275363
3355579.368138064,0.27395328524724816,-0.09232925566758783,1.6300182419912808,0.5362318840579711
2761202.939541145,0.2252357647354517,-0.08022959118352557,1.7780030427051865,0.5507246376811594
3061296.6990239033,0.25078045041081864,-0.08698152959999994,1.5846636493891106,0.5289855072463768
1994884.6069788276,0.14811014855251914,-0.08873019763918912,1.116289572008254,0.5217391304347826
2495328.3462863057,0.20067519907482279,-0.09644965902996193,1.3540591870103396,0.5217391304347826
4245155.1490455875,0.3352995831762149,-0.07027841377549558,1.8738726772942074,0.5942028985507246
4105052.385875803,0.32636709966846467,-0.12278681067891989,1.828236724266543,0.5869565217391305
2966000.2671314175,0.24289441688924152,-0.07790836480515465,1.5805551512194707,0.572463768115942
5811933.292021723,0.4218838589423015,-0.0858312265781813,1.8897157482105742,0.5579710144927537
2298489.3112875344,0.18110497191609198,-0.16632352540144238,1.1214334558179944,0.4782608695652174
5239262.8940887945,0.392688656222415,-0.06643222521212207,2.2482008267770137,0.6304347826086957
2721022.8854070962,0.22164898611960826,-0.0925859648524869,1.4650571473385547,0.5289855072463768
3734694.3647498824,0.3015205008481727,-0.09168027539027988,2.325427259803454,0.6521739130434783
4546771.974691541,0.35375674938185964,-0.06784846856797058,1.98149036534311,0.572463768115942
4217213.9713967675,0.33353717595686616,-0.06198993981990898,1.8761940684280023,0.5797101449275363
3899199.6517986422,0.31278950043020703,-0.044479999999999915,1.9702128415287357,0.6594202898550725
3586659.892092712,0.2910350686631036,-0.06265399040000003,1.8953961973019244,0.5942028985507246
3225556.9706808915,0.26392395013810854,-0.05359407698251457,1.6867679334702828,0.572463768115942
5009428.855557441,0.380249640252061,-0.07612486697394252,1.828001037020077,0.5869565217391305
2435129.8403233546,0.1948253397851052,-0.14138948170340412,1.3514119429231035,0.5072463768115942
4389615.904420467,0.3442662780043182,-0.09847317972900284,2.1426198941110446,0.6231884057971014
4770995.028189862,0.3668529448841462,-0.07121436883614897,1.8731252483713,0.5434782608695652
2484584.780174949,0.1996395192299234,-0.11988789032055083,1.209277400685162,0.5579710144927537
4472064.210642741,0.34927851846477953,-0.08943959193501504,1.9265288973654595,0.5579710144927537
2369537.3153680577,0.18831809531724075,-0.08964490106596684,1.3438958375793408,0.5289855072463768
2726789.050662301,0.22216631116953334,-0.07375997372471445,1.5335956285845314,0.4855072463768116
4263233.182682224,0.336434928067747,-0.07944080731095153,1.7312157922647036,0.5507246376811594
4253055.035650776,0.3357961903228661,-0.04772574162292118,1.8000174892784109,0.5942028985507246
2377473.059457902,0.18911298304707458,-0.09093202424374354,1.2064962207404801,0.5797101449275363
3992492.0096572074,0.31901219581817064,-0.04633515631724784,1.8139040874286192,0.5652173913043478
2831679.382635,0.23142740870801526,-0.10042456200924,2.2602714899897784,0.6521739130434783
3061476.5738915177,0.2507951486712239,-0.07033426594612911,1.5914704770372226,0.5144927536231884
3577211.7094217464,0.2903541672740766,-0.06557565867827195,1.6783793536127394,0.5362318840579711
4285250.552616764,0.3378124827628912,-0.06867026687473529,1.884295240608384,0.6159420289855072
2685892.9638434155,0.2184781347602136,-0.0843853731612156,1.5664451853976866,0.5507246376811594
2149861.1670732535,0.16541897006153894,-0.07627811592059441,1.222150053953213,0.5072463768115942
3698085.4234374696,0.29895883382449884,-0.0802569498944482,1.6461184662795934,0.572463768115942
3250016.566666147,0.2658350446565956,-0.07556419616582327,1.5073901701439647,0.5289855072463768
2075230.606351753,0.15721291731699072,-0.06864681795232282,1.1432943498079595,0.5
3195618.4751620577,0.261568930130065,-0.07963365399913838,1.6085980275616312,0.5217391304347826
3343712.0141201136,0.273050914260591,-0.0713307143680712,1.7315483676901862,0.5869565217391305
4156611.45379368,0.32968229478058086,-0.06994478725037447,1.7624977532351447,0.5942028985507246
2532638.0749445185,0.2042443747724867,-0.08107828687616747,1.3297427399234558,0.5507246376811594
2439965.781753051,0.19529952566347775,-0.1070172479096456,1.3154268090758992,0.5
2547851.0890769456,0.20568763874925988,-0.061937747499806524,1.5628055714390612,0.6014492753623188
3207936.3232116434,0.26254000410713574,-0.1042454263303997,1.4817273590607685,0.5579710144927537
3916577.0937018096,0.3139575536646011,-0.07136588147260334,1.9099015077335464,0.5797101449275363
5018145.581687872,0.3807296507730844,-0.07842336774068312,1.9932910820681968,0.6014492753623188
2009872.016360654,0.14983011953336334,-0.09225080785191465,1.2504402160962496,0.5144927536231884
4165868.8876181045,0.33027405056929937,-0.07793401793356632,1.810527902502535,0.5869565217391305
3822447.4452142855,0.3075801064785906,-0.07606323274768044,1.6546610255017475,0.6086956521739131
3785802.768024748,0.3050633599343604,-0.09355833516547211,1.7922925267637477,0.5652173913043478
2782165.929779843,0.2270905331520734,-0.0687619361480318,1.56450378576884,0.5289855072463768
2965883.5785053186,0.24288463712449282,-0.06907341776225458,1.648525412109306,0.5942028985507246
4011087.657942599,0.3202386136614135,-0.057468790322667475,1.6850420069329095,0.5652173913043478
6134877.241009214,0.4373455057740314,-0.07651165053139197,2.080048858390652,0.6521739130434783
3164898.936903455,0.25913405243987664,-0.06728170846720022,1.7210338925571664,0.6086956521739131
4182257.144732549,0.33131904978672955,-0.07068431320949643,1.6636659179276132,0.572463768115942
2483770.4455556707,0.1995608713931767,-0.08878901748716782,1.395059053043747,0.5289855072463768
4567450.96723528,0.35498590872672975,-0.07460203877224729,1.8429269914683466,0.5217391304347826
1887069.4732748913,0.13542271361400227,-0.08512931513129661,1.2170744077332405,0.5072463768115942
4504357.4972092,0.35122157299915924,-0.09030430817294473,2.0250206054662296,0.6086956521739131
4908325.377290129,0.3746326942644289,-0.061449181060671966,2.2769471396147933,0.6376811594202898
2551318.4026220036,0.20601561892810505,-0.08157474741432708,1.3132858562948877,0.5579710144927537
2693290.8412167756,0.21914861843841704,-0.07328873841916762,1.5569647105910531,0.5217391304347826
3269010.3599064937,0.2673111602335707,-0.088279935045051,1.5975997772760229,0.5362318840579711
2784153.0611894606,0.2272657702776404,-0.13906718203735347,1.5550263959435535,0.5652173913043478
3368371.116701793,0.274923090826781,-0.06826018285318906,1.8802160143668807,0.6304347826086957
1998066.5915985003,0.1484761787639035,-0.16014505298561213,1.204344608090476,0.5434782608695652
3704112.310777707,0.29938194898715387,-0.0725834199874677,1.8779694558405313,0.5362318840579711
2390556.904880061,0.19041891034712077,-0.07745900084198719,1.2140318917639992,0.4927536231884058
1594821.4225491763,0.09784849825606812,-0.17171935009793562,0.8013311333371921,0.4492753623188406
3639263.8948410274,0.2948000567527136,-0.0662492268366528,1.5978166901671949,0.5942028985507246
3053332.819173253,0.2501289979191841,-0.0669903154240902,1.5621319540454908,0.5434782608695652
2804260.2317955564,0.2290333356739649,-0.1111718915059167,1.5470317178553623,0.5652173913043478
1938132.2330711707,0.14150201085018144,-0.14012892053413337,1.2820012685061752,0.5362318840579711
1921148.6342415132,0.13949439496006888,-0.13313859125349023,1.2237632437289194,0.5072463768115942
4497141.368477543,0.35078835502567385,-0.07229831724708619,1.8743503475043086,0.5579710144927537
5945248.611539801,0.42834791125023686,-0.0533371178998764,1.9647716263435382,0.6014492753623188
6245481.959280721,0.44249126390723403,-0.07725691942100295,1.916759248374044,0.5434782608695652
3264978.3239515033,0.2669983825739435,-0.1286190483449579,1.449385948891236,0.5362318840579711
2951221.9541018545,0.2416533785447661,-0.12464458897854563,1.6376713164285812,0.5579710144927537
3165077.690264033,0.25914827528636075,-0.08958425744414306,1.5447012187871683,0.5362318840579711
2245292.188747753,0.17558645382782734,-0.10408990920506102,1.2532023627434992,0.5362318840579711
2245381.319528881,0.1755957870696827,-0.056922386947965524,1.323441096775044,0.572463768115942
7812030.499449875,0.5085259521861207,-0.05604964109211568,2.6328924137768848,0.6594202898550725
3700836.7827851027,0.29915206026509966,-0.057360409599999954,1.7409099598550866,0.5652173913043478
4661249.742587523,0.3605060409275942,-0.061946688168483706,2.143367037222592,0.5942028985507246
2790617.129640554,0.22783511920104105,-0.06289770036249599,1.416281158718809,0.5362318840579711
3431085.9020001474,0.27963561307189955,-0.12392142220065165,1.4182868189435724,0.5362318840579711
2841008.1015691436,0.23223770750802442,-0.11514624334695024,1.7724455769876803,0.5797101449275363
2692433.423742179,0.2190709846046499,-0.08564075659028016,1.3999239070468557,0.5797101449275363
4245046.066450822,0.3352927207914327,-0.06870041513187483,2.006673435545291,0.5434782608695652
3124299.6516118706,0.2558869164480042,-0.07986253480788026,1.5215353443317217,0.5652173913043478
1706791.8257847559,0.11284866936774507,-0.14428642072162504,0.915744657314496,0.43478260869565216
2838560.9310762407,0.23202535082508935,-0.11206758829596704,1.392269604635408,0.5144927536231884
3446285.7138151154,0.2807673740579413,-0.07497058922453126,1.7191354553847518,0.572463768115942
3624068.7606204087,0.29371700242768917,-0.06073476641077631,1.8328308774753745,0.5434782608695652
2917344.4645497566,0.23878957602861073,-0.07511181830908399,1.5154112335775263,0.5507246376811594
2726538.2955453196,0.22214383229608714,-0.06924791138257715,1.8837120955493414,0.572463768115942
2045117.6128863248,0.15383486514402378,-0.08819869227331685,1.3019745921233699,0.5579710144927537
2563190.9630376436,0.20713597419337026,-0.10248695735056786,1.2344579829540003,0.5217391304347826
6632092.214417599,0.459923539933655,-0.06900251831734583,1.9048316450035567,0.5072463768115942
2528040.9625265035,0.20380688070613795,-0.17754467699506452,1.2478131805190833,0.45652173913043476
2675141.8428884586,0.21750110170358594,-0.0769514322817015,1.490435192686834,0.5652173913043478
2175944.471995541,0.16823324678233154,-0.1675488707272278,1.1106527079014705,0.5362318840579711
5163863.929733741,0.3886569049307296,-0.07120237576539355,1.862492276626832,0.572463768115942
5996878.941259685,0.43082017883459245,-0.06075393217763032,2.0838575984491876,0.6231884057971014
3744161.8530010874,0.3021797062946714,-0.11206909855553335,1.6211118291730637,0.5072463768115942
3270040.3320491975,0.2673910089078806,-0.09275130990455045,1.4900192657369158,0.5362318840579711
2447116.2506672633,0.19599928553712842,-0.1440142092958659,1.373728789175936,0.5144927536231884
2272360.035125029,0.17840731167350743,-0.1070031654764991,1.237401725411066,0.5507246376811594
2414433.3921300233,0.1927874081537282,-0.10617101075611343,1.6448206439690487,0.5507246376811594
3630681.2737971433,0.2941887641134706,-0.08172349519477326,1.611307080003508,0.5507246376811594
2348514.8695740546,0.18620202979684297,-0.0684850026493412,1.5687583093542024,0.5289855072463768
1861547.7990321573,0.13233475761612556,-0.11333100214465823,0.9882631743258234,0.4855072463768116
2463571.7343138736,0.19760346126599404,-0.06868638228245005,1.6826715870832971,0.5869565217391305
2046756.922323453,0.15401978225547275,-0.18362982905558398,1.1209416753567163,0.5
6300145.506351318,0.445007549149125,-0.05141016988368074,2.3229247411379292,0.6159420289855072
2620952.167842937,0.2125281195212858,-0.09488206445037119,1.428613344929841,0.5579710144927537
4775180.432206636,0.36709267791110833,-0.0552135329601379,2.1009149198668657,0.6014492753623188
3106221.595249969,0.25443015949147485,-0.05645714014117332,1.596429998818303,0.5652173913043478
3817888.452514496,0.3072680501717726,-0.0503660032,1.9275426745134467,0.644927536231884
4031204.818599491,0.32156026663699055,-0.11540934367882702,1.9744535617787555,0.6159420289855072
4365702.978804474,0.3427984677821245,-0.04884789208788356,1.9242746549066714,0.6231884057971014
2543163.507727862,0.2052436628205223,-0.06759369515747242,1.3534395093813643,0.5289855072463768
2485245.9921386098,0.19970336342505224,-0.09102633908192122,1.4023563688318563,0.5507246376811594
5333137.767663859,0.3976439873983144,-0.053425382402308985,2.0048759224962933,0.5869565217391305
3196967.8734477726,0.2616754554552221,-0.10075920119080871,1.7440291042904437,0.5869565217391305
4581316.8915322935,0.35580760812710754,-0.13105601768098812,1.7384187807043208,0.572463768115942
3687309.717375221,0.2982009529260443,-0.09241952714758976,1.6517141541320506,0.5797101449275363
3169741.3874621596,0.25951912420839496,-0.08201460356346045,1.6919553299022312,0.5652173913043478
2947309.9748871108,0.24132403024257965,-0.12988097194364348,1.4622998671366356,0.5579710144927537
4551698.084322267,0.35404996250200593,-0.04110058268497624,1.9508328812527023,0.6304347826086957
1638620.944004452,0.10381349738714918,-0.11047810913001722,0.9246058039931391,0.5289855072463768
4457667.575854362,0.34840866816174376,-0.07062429376361067,1.8968316673044194,0.5652173913043478
3300094.262505857,0.26971213127764027,-0.08571231750954193,1.7418556867822748,0.5507246376811594
3248201.9020233676,0.2656936558817544,-0.12499849727475294,1.6582019515877129,0.5507246376811594
3569979.534218216,0.28983199390964676,-0.10903103209018615,1.5809169700068932,0.5869565217391305
5064464.510793789,0.383269198175473,-0.0587942076829439,1.828912722771648,0.6014492753623188
2518530.127233241,0.20289973738634481,-0.09093741065898905,1.4323156342375307,0.5289855072463768
5680128.296154402,0.4153753542878722,-0.07153506050750436,2.197660567965481,0.6231884057971014
2951298.1388506615,0.24165978904695562,-0.07002091190956794,1.4438458604713837,0.5434782608695652
2041150.9172786584,0.15338692349617955,-0.08298653410260705,1.344138985688486,0.5362318840579711
3462450.7138746623,0.2819666286051037,-0.04696435577251628,1.8357423993833009,0.5507246376811594
2684190.1466663815,0.218323596072733,-0.10897484360473281,1.5850018087446742,0.5362318840579711
1829672.2080035051,0.12843009003824934,-0.12207921774437322,0.8974203803386013,0.5217391304347826
2751660.549997074,0.2243877377834691,-0.08873495448738768,1.5659855622724053,0.572463768115942
4750357.740509944,0.36566840912708254,-0.04530843436620387,1.9163147118659696,0.5942028985507246
5305514.20699713,0.3961931288542202,-0.04405887405034134,1.833138104423898,0.5579710144927537
2495678.533491344,0.20070889704424744,-0.0886950861316468,1.328968206947005,0.5434782608695652
3624075.9504907127,0.29371751575404637,-0.08020550165342485,1.8145056565927364,0.5797101449275363
3877654.895575253,0.31133553796350943,-0.11708491887492692,1.748621166937765,0.5434782608695652
4024179.5402744664,0.32109932218489945,-0.1290371003536752,1.9457321203721039,0.6304347826086957
3282375.93805352,0.26834576770199337,-0.09331815095522059,1.499123060330687,0.5579710144927537
3276385.701832125,0.26788249090463667,-0.06915696510102863,1.710083547369909,0.5869565217391305
4245025.487502694,0.33529142615422547,-0.06530520354223451,1.7777630782892695,0.5217391304347826
2510477.7099924893,0.20212955305423508,-0.09309185589006105,1.5532510150966528,0.572463768115942
3109945.675721594,0.25473080514705226,-0.06922792032729831,1.844084539086367,0.5869565217391305
3977954.3399837506,0.31805022251137016,-0.10364990570661158,1.655820558744437,0.5507246376811594
3959405.968027347,0.3168187648594276,-0.03998582956460287,2.1262049940713736,0.6304347826086957
3813447.894157824,0.30696381380004767,-0.13071677296305617,1.7743482562292738,0.6086956521739131
2479779.724442845,0.19917515197280822,-0.06666611142104299,1.3035991741445268,0.5144927536231884
2776181.3558035647,0.22656217208288143,-0.08670440005920903,1.5531134367953363,0.5579710144927537
1898618.0093274435,0.13680904191570153,-0.09940104536676339,0.9159583829315914,0.4420289855072464
2706543.243591875,0.22034603400825703,-0.12832079288701295,1.2723130440599477,0.5289855072463768
2451011.3213592623,0.19637977736061352,-0.09300278726738116,1.3733441800122683,0.5144927536231884
3693452.3550392846,0.29863319595540316,-0.05334391632477976,1.7827726414662284,0.5434782608695652
5999343.14769907,0.4309377485553856,-0.07816029583898754,2.328473281749165,0.6159420289855072
4199809.934400121,0.33243467852340114,-0.05817991682347168,2.0905503000495096,0.5797101449275363
2065153.4905454537,0.15608686555706597,-0.1015031001212166,1.2244939536658415,0.4855072463768116
3121002.4572399333,0.2556217272622967,-0.07809576146136472,1.5189384696004031,0.5289855072463768
4111001.63609272,0.32675132469833335,-0.05802057845423728,1.8847089497063167,0.5434782608695652
4022635.7762700445,0.32099794606163856,-0.05780670074429043,1.7788579056461653,0.5362318840579711
2392771.7175496896,0.19063940945608415,-0.0731928651549829,1.3654975901271602,0.5
3148507.3951442265,0.25782708879847727,-0.10028207237951803,1.4976619952164896,0.5869565217391305
3446002.6926237755,0.28074633713609987,-0.07006924085674798,1.5953485030906607,0.5652173913043478
2901342.708784088,0.23742762211902235,-0.07861349364970381,1.4727508419608382,0.5652173913043478
2949474.3814081843,0.2415062941359758,-0.07627692409561279,1.489058216318111,0.5144927536231884
2212467.5686279805,0.1721289232864036,-0.05702068881478999,1.293918603379175,0.5579710144927537
1529507.0724190825,0.08870520162079032,-0.1225802751338087,0.8231216832285472,0.5362318840579711
2689115.9132602955,0.21877041817353726,-0.1516992858899065,1.3594704297225204,0.5072463768115942
2016387.5057979783,0.15057464558421962,-0.14315514472075763,1.0054208364258783,0.5
2441332.0967761064,0.19543336278732415,-0.09670397876609998,1.5105800808569412,0.5
1959501.8066586128,0.14400819012412058,-0.11049708603899834,1.2577562251832695,0.4927536231884058
5823299.545208006,0.4224395729635948,-0.07453514715956591,1.967232253031368,0.5652173913043478
3252142.7407933404,0.26600062422557036,-0.07902254658849507,1.5256563499351161,0.5579710144927537
2344998.4058447294,0.18584659351886068,-0.09446288948802957,1.504683720345825,0.5289855072463768
3404782.2518766583,0.2776675608759318,-0.15346270471487514,1.5203118097902506,0.5434782608695652
6226240.419455671,0.4416013399131016,-0.032777143799587134,2.29939919552955,0.6594202898550725
1954749.925306611,0.1434527967014516,-0.09125283242748,1.16426555952731,0.5144927536231884
4494415.439218759,0.3506245600148823,-0.10568871942926758,1.9768573480960447,0.6231884057971014
2893929.1958977976,0.23679459960579585,-0.09990958850795013,1.4816103113168837,0.5579710144927537
3978791.5472134626,0.31810569767255137,-0.07253726772306915,1.9892812368627926,0.572463768115942
5146312.294906169,0.387711628132972,-0.08499094235470801,2.0875356586513156,0.5797101449275363
3558973.6262168344,0.2890357254568814,-0.12853221028940393,1.6320322236890576,0.572463768115942
3030064.722729206,0.24821782750407162,-0.08590658874995823,1.627444509036238,0.5362318840579711
2642926.9039397943,0.21455456420863794,-0.08441703873273475,1.5787494911596593,0.5507246376811594
4189282.571039865,0.3317660240062319,-0.09921089818073221,1.6280344033572152,0.5869565217391305
3377411.7535410356,0.2756067305928278,-0.11005164609978565,1.9078025952840214,0.6014492753623188
5688347.493641928,0.4157847296196393,-0.061436748707110626,1.9334942440061182,0.6376811594202898
2205308.932321091,0.17136943413981176,-0.14913030813822042,1.1005908444299053,0.4855072463768116
2201489.010024164,0.1709633555531096,-0.12920976859068753,1.1422143016067925,0.4927536231884058
3772844.9656683863,0.30416875690326783,-0.08248156874074056,1.8064469527874287,0.5652173913043478
4155732.0885749552,0.329626028981598,-0.06978002276048736,1.6374507672650735,0.5434782608695652
2054760.6969690726,0.15492092497022414,-0.0756734744551394,1.5543148077798503,0.5217391304347826
2383754.2867925414,0.18974064174296257,-0.15072286132752194,1.4300456807016655,0.5362318840579711
2796293.9996095607,0.2283342629492937,-0.07655782869678272,1.439520964635898,0.5579710144927537
2502068.290331502,0.20132311016939797,-0.07874978047392996,1.2739334910533804,0.5072463768115942
2937874.7717327517,0.2405282421524002,-0.07282868879692807,1.632794675479043,0.5579710144927537
2908178.897965644,0.23801020257643746,-0.05887377968728289,1.4430652807579238,0.572463768115942
6121366.601639078,0.4367118635547027,-0.05581116283320369,2.1003478089764105,0.6014492753623188
2904521.520331339,0.2376986570740771,-0.06092832513005643,1.5399127893184201,0.5942028985507246
3489306.054364691,0.28394911655398936,-0.10608190098518747,1.7119001258938074,0.5217391304347826
4776367.729901557,0.36716065375416473,-0.044479999999999985,1.8559199601125933,0.6086956521739131
4565454.389544844,0.3548674265442273,-0.11713458313661808,1.753189207095525,0.5362318840579711
2280705.731690702,0.17927163014420522,-0.06277573596519596,1.2856775580244626,0.5652173913043478
2234065.391764972,0.17440847379284308,-0.08893474236605502,1.2433902224432838,0.5072463768115942
4961022.25440019,0.3775717720865408,-0.11781381667302514,1.7722183847839987,0.5797101449275363
2876179.8894639504,0.2352737399238387,-0.13711237282362668,1.3198412812453737,0.5434782608695652
2853058.876934927,0.2332813010740964,-0.09539248337895356,1.6504393022860429,0.572463768115942
2782756.455850501,0.22714261972453698,-0.0774515082300943,1.4789511792690704,0.5507246376811594
4264548.575124684,0.33651738752559,-0.08301290612067401,1.7025475348658938,0.5289855072463768
2120728.7408809285,0.1622432281405053,-0.11998624928985933,1.1218644793677763,0.5144927536231884
3421364.0871739793,0.2789096327534808,-0.08257050599747737,1.7159708855590678,0.5072463768115942
3300382.040219421,0.26973427501537817,-0.05862747893680732,1.98867136420901,0.5797101449275363
3979687.6201782986,0.3181650630592434,-0.09634732404415765,1.7470837158683596,0.5652173913043478
2846462.5680800057,0.23271050050124154,-0.10771174324709536,1.669415696681344,0.5797101449275363
2097772.063133962,0.15971602816979735,-0.2289466080777301,1.0129497598421633,0.47101449275362317
4384526.385907332,0.34395441275314265,-0.12239678205056104,2.138377682160999,0.6666666666666666
3109581.6070848727,0.2547014265293215,-0.07906250648671144,1.6260355942398823,0.5869565217391305
3300676.957509874,0.26975696652220527,-0.09524705110302958,1.6147100737300044,0.5797101449275363
1849778.0261547214,0.1308992686592665,-0.12969866190686966,0.9050654115378031,0.47101449275362317
3128277.2233669977,0.2562065297348628,-0.08691514930087071,1.7610963430671005,0.6014492753623188
5653968.1627731295,0.41406922857889694,-0.07881976504218347,2.0185017574678836,0.5942028985507246
1784494.0301479255,0.1228015923611423,-0.10761900090700074,1.0425656725006918,0.4855072463768116
1576382.8395795417,0.09529811361306817,-0.0764306396210849,0.879431461646408,0.5
3434595.425188437,0.27989728384792123,-0.09705925496225892,1.6828729271386855,0.5942028985507246
2607430.9283927954,0.2112744667309292,-0.06679730342257838,1.3578453013332896,0.5289855072463768
2468843.646143577,0.1981155845654845,-0.05714371606597296,1.621723100228508,0.5507246376811594
3361088.6052325396,0.27437132965782185,-0.10454911166542073,1.5973721203429148,0.5579710144927537
2962826.855009751,0.2426283410327763,-0.11558040085367183,1.481907214793175,0.5434782608695652
4454127.3881979,0.34819442442064963,-0.08256313450524397,1.5713506506715726,0.5289855072463768
1688215.3759750833,0.11041564044610963,-0.09267629029397077,0.9217473550883991,0.4855072463768116
2403490.4524882142,0.1917042282625292,-0.10882162366902778,1.3559934391196735,0.5579710144927537
3911664.7808914236,0.3136277855517753,-0.06897977713179147,1.746522310739389,0.5362318840579711
1464866.7874861485,0.07934336585979418,-0.1339669538474337,0.7694719994850766,0.5217391304347826
6978698.326742458,0.4748738823560177,-0.05996348572441602,2.3074002709240027,0.6231884057971014
3941280.636196759,0.3156109269983629,-0.06535881912869067,1.9722647579665198,0.6231884057971014
4524551.56799858,0.35243097355727926,-0.0837495339342118,2.0660141140760673,0.6086956521739131
4875293.313980866,0.3727774919897764,-0.06454637138788848,2.249970145093894,0.6231884057971014
3334034.4254434644,0.2723131503090046,-0.0819254502886502,1.6459071422115104,0.5579710144927537
2590770.675226083,0.20972260092344808,-0.08850081648232375,1.553749208163759,0.5362318840579711
2560356.0072900536,0.20686883123526045,-0.0833738962195243,1.5190427291101871,0.5579710144927537
4339676.609290931,0.34119360337592597,-0.062228351105045335,1.9031065298523657,0.6304347826086957
3629857.5011002957,0.29413003055584697,-0.13622000018525662,1.7033175315358304,0.6231884057971014
3801873.217363973,0.30616946264897393,-0.06638571628843053,1.648930142847035,0.5434782608695652
3133814.3454308542,0.2566509180593024,-0.10196820632062095,1.5972892409046642,0.5507246376811594
3563840.3853887594,0.2893880741081265,-0.07479811358078843,1.8655152806173225,0.5942028985507246
2237456.958363861,0.17476483471742466,-0.11445901709687477,1.157083828061412,0.5072463768115942
2609876.758586997,0.21150162217907575,-0.08294762111811854,1.4875359972127495,0.5869565217391305
2807647.041403328,0.22933006223555985,-0.1204211747235277,1.6323644628137914,0.5434782608695652
2528262.7183669056,0.20382799918043037,-0.1520453711213797,1.391741846481188,0.5434782608695652
7264890.448103228,0.4867769310782091,-0.05419371340308167,2.2181095931924855,0.6086956521739131
3951032.42825806,0.31626131892284537,-0.09577977645047246,1.7864741797363979,0.5942028985507246
3421148.3766878597,0.27889350578370187,-0.08007629432955223,1.6689545033903226,0.6014492753623188
1851068.822621545,0.1310570555369377,-0.07238682323597152,0.9544701246989261,0.4782608695652174
2654404.828173764,0.2156076702370473,-0.10914268191237485,1.5156007882175633,0.5434782608695652
2784010.406783259,0.2272531934936659,-0.09184260505621843,1.5981181952054169,0.572463768115942
3083968.3272800506,0.2526276151464262,-0.12486457543558616,1.4495846403030088,0.4927536231884058
4047015.3448896217,0.32259528527394066,-0.0975273376975618,2.021238193054529,0.572463768115942
4292742.135415466,0.3382799154922236,-0.06412557487438186,1.958569006999867,0.6304347826086957
5342386.537124067,0.39812841251622477,-0.09053740693870962,2.1808110097988997,0.5579710144927537
2827263.935982045,0.2310431352199367,-0.10042470148509755,1.3929323797095725,0.572463768115942
4484500.626941948,0.3500281300071413,-0.06766973084584064,1.9042224783722375,0.5797101449275363
2638371.560514982,0.21413559450057185,-0.14542876068448754,1.329230781961829,0.5144927536231884
2997647.6302845497,0.24553551699600407,-0.06281799753212804,1.6454559035085998,0.5434782608695652
2169014.2137049334,0.16748814576323623,-0.09817805919568831,1.2534252254320701,0.5144927536231884
4973175.679551782,0.3782460618891059,-0.12072097250799178,1.9614945640157795,0.6159420289855072
2956140.3386229053,0.24206696057258092,-0.05667346696968404,1.6377275743913795,0.5797101449275363
5768542.998829623,0.41975441161166116,-0.06410451747055024,2.229431919522088,0.6086956521739131
1905901.4984712931,0.13767991325743023,-0.14306299377447715,1.0331843473268012,0.4927536231884058
9359755.123049997,0.564058156064069,-0.07823976246034883,2.3817711672369586,0.6159420289855072
2504764.352475207,0.20158189180937036,-0.07294706019563317,1.3339319416580413,0.5072463768115942
2575333.8412885945,0.2082775518212303,-0.05423737976920721,1.2499828747951802,0.5434782608695652
3451077.924486051,0.2811233686870622,-0.0849346673773329,1.935646514882649,0.6521739130434783
2480156.3015097594,0.1992115708876636,-0.08743155742837494,1.3388665639875337,0.5217391304347826
3327260.9881032924,0.27179576241554915,-0.07215279809292376,1.8363833100910716,0.5434782608695652
3294991.6695729736,0.2693192434164655,-0.04296953191000991,1.8012088275518219,0.6086956521739131
2880884.728696541,0.23567760655005587,-0.13440067308376485,1.3809262199458758,0.5289855072463768
6606346.411974196,0.45878829020767675,-0.0672295003398006,2.1697329509393657,0.6304347826086957
2610997.4131941576,0.2116056456155344,-0.08062608702625242,1.4324201943437251,0.5434782608695652
3560482.0468549,0.2891449748492916,-0.12442079368717683,1.5871606329982435,0.5289855072463768
2209566.4006951465,0.17182136371573442,-0.12482082257480624,1.2365318350783878,0.5
4921648.634318218,0.3753781514308925,-0.07246151537333737,1.9929830435500937,0.6159420289855072
3038848.488162482,0.24894067419736965,-0.04201121416694319,2.0104291261575575,0.5942028985507246
5377531.187341377,0.3999630961043261,-0.09667978705336824,1.9742730634528218,0.6231884057971014
2408518.7158710686,0.19220243657260805,-0.08081252937402662,1.3005965358783511,0.5507246376811594
1632809.0444913972,0.10302937778009058,-0.15043417961140013,0.8398831242335898,0.5
1579383.5367220629,0.09571478375011622,-0.1472999225365133,0.8764749299454764,0.5434782608695652
5176420.317652161,0.389331577244175,-0.07315158833680108,2.139749215963272,0.6014492753623188
3457268.5364344693,0.2815826601464224,-0.058334985910543286,1.6997831104661678,0.5362318840579711
3622837.0757374647,0.2936290533049819,-0.1288591921271964,1.7480943514318996,0.5797101449275363
5029579.7531544715,0.3813582945547964,-0.06418764529164799,1.7851995020944051,0.572463768115942
1929031.4253227916,0.14042797081991276,-0.07891026530042015,1.1703626921892565,0.5434782608695652
3525244.515212029,0.28658311989359464,-0.07899371048825175,1.851445097349076,0.6159420289855072
2970865.1700012647,0.24330187453503638,-0.10384069784146163,1.4941755958351994,0.5217391304347826
6332277.287461367,0.4464785067144532,-0.07472904359946181,1.900195541365682,0.5507246376811594
5320237.927490523,0.39696720558414,-0.08222286175284091,1.8839126788359588,0.5942028985507246
3082079.946925333,0.2524741753762718,-0.06588735122021122,1.6688245328332096,0.5942028985507246
4785083.24812839,0.36765922617591973,-0.07731802565926506,2.172062172795624,0.6304347826086957
2780444.0406675357,0.2269386056861009,-0.11856477623616904,1.6328232745726827,0.5289855072463768
2979020.8092276156,0.24398375033825692,-0.06133831985812449,1.5817875164742605,0.5434782608695652
6203922.247501889,0.4405663610084789,-0.09923895280713847,2.3244589264100135,0.6231884057971014
2710949.429720569,0.2207431142100844,-0.08153318102000451,1.389313200169664,0.5434782608695652
2840240.50100773,0.23217111363973797,-0.05917169071772619,1.4668195170284715,0.5507246376811594
3463775.317182706,0.28206470003402817,-0.08532878910207722,1.4816383173242955,0.5362318840579711
2018941.7892561683,0.15086599888364316,-0.09158541376317164,1.2428332260919368,0.5362318840579711
5775168.142518277,0.4200803781104179,-0.08937756659416735,2.01961097724076,0.5652173913043478
2289898.3600529553,0.18022073726870036,-0.12296269038923795,1.3657442720351702,0.5072463768115942
3019771.180514745,0.24736859957639568,-0.11997175322046522,1.578421084940416,0.5507246376811594
3027125.280883568,0.24797555622529344,-0.09721646035563532,1.5145324339482744,0.572463768115942
3018656.5563380807,0.2472765030275903,-0.11504696075517559,1.5518870910981766,0.5072463768115942
2983792.4412024845,0.24438200423399814,-0.05941079344529926,1.520019031651948,0.5
2511511.029795804,0.20222849675759735,-0.09643187006608576,1.3496803252468692,0.5362318840579711
2393767.7962857634,0.19073852239337374,-0.06446179092182466,1.4292459379802525,0.5797101449275363
3234007.976530616,0.26458555693404473,-0.10008027489966875,1.6145050107252163,0.5434782608695652
4045325.8459793795,0.3224848386196597,-0.056088180734285197,2.3013151710484063,0.6521739130434783
3799550.731259448,0.30600984123177577,-0.05591276483410906,1.7505772814770022,0.5797101449275363
3381310.6447463958,0.27590110730909845,-0.0886502718419047,1.6857614066843973,0.5072463768115942
3084566.751666363,0.2526762242537086,-0.0963095713104085,1.6997821668480129,0.5362318840579711
3408634.9510663208,0.2779565803729689,-0.12586889947007623,1.5854256692280624,0.5652173913043478
2504820.763863739,0.20158730407837355,-0.11459741345306625,1.488186364887808,0.5434782608695652
3298346.4214889444,0.2695776063172928,-0.060071384664610164,1.7173313598842046,0.5652173913043478
5218437.781698739,0.39157975517489674,-0.06046584959999995,1.954805970624675,0.5942028985507246
1542117.9639725622,0.09049459975881069,-0.23879915997284756,0.7018656682385298,0.47101449275362317
3395271.5314797494,0.27695296956333393,-0.0573527029905143,1.8122370901719318,0.5579710144927537
2538792.1567099593,0.20482904777911926,-0.0977655026105062,1.3986162355072191,0.5072463768115942
3657597.5582521255,0.29610200890476035,-0.07144654048091217,1.972616960555105,0.6159420289855072
2290809.627101495,0.18031465629407117,-0.1327106069882893,1.3860474047257763,0.5579710144927537
3108898.2161595244,0.25464627268138584,-0.08088979232735483,1.6655562434968518,0.6014492753623188
2787724.1668481845,0.22758044039644565,-0.11032719651701824,1.6326009540317679,0.5797101449275363
4685168.526858183,0.3618994467039429,-0.06641202469561602,1.9696885522240737,0.5942028985507246
4429607.329694716,0.34670677765218283,-0.06450020603341475,1.903339809552119,0.5072463768115942
3899872.97808344,0.3128348366379403,-0.09156923227945381,1.7387257289689806,0.5579710144927537
5452784.0561302975,0.40385954699409443,-0.11477594968117266,2.059560080372722,0.6376811594202898
2027407.6372376482,0.15182954877547217,-0.1374669258526137,1.0853309264962114,0.5072463768115942
3563700.9684243123,0.2893779858120846,-0.09026931417744374,1.7882183484070338,0.6014492753623188
2330961.089358402,0.18442347054121622,-0.07705993571185865,1.3456697766734869,0.5507246376811594
3234365.171193944,0.26461349027624403,-0.09506978888131076,1.4031266522276522,0.5072463768115942
4708483.734388867,0.36325222409540014,-0.13137970384531447,1.8863216696828724,0.5579710144927537
2617664.0862429277,0.21222373444805132,-0.05809381927989617,1.6230717547072921,0.6086956521739131
2580793.830587788,0.20878945399132842,-0.11753597641734334,1.4532173384449563,0.5072463768115942
2867654.692047238,0.23454058268446665,-0.07914698018654279,1.3234641913993523,0.45652173913043476
4096207.4406968704,0.32579503542668165,-0.0621821798170415,1.7487341985343758,0.6159420289855072
2566650.2090131943,0.2074616251429171,-0.09741256074017729,1.3682758734763303,0.4927536231884058
2766235.854536775,0.22568209313354148,-0.061664402348533445,1.482628826366209,0.5434782608695652
3819579.133656034,0.3073838095543262,-0.11924415549774355,1.6897959093321702,0.572463768115942
3641827.1518305372,0.29498239970663476,-0.061152952831399016,1.5875917544297127,0.5579710144927537
2783278.553345154,0.22718866328033194,-0.10615791521228744,1.446145560587712,0.5652173913043478
3735445.4625332607,0.30157284732883505,-0.05527737599999999,1.82273016367371,0.6159420289855072
2882718.227137341,0.2358348524402203,-0.08813922080958891,1.3742974733710471,0.5434782608695652
3535386.108507197,0.2873225303771578,-0.09210877964804716,1.5774628498812044,0.5942028985507246
3803450.8000793234,0.30627784335075603,-0.048900281749868886,2.0010738498793863,0.6376811594202898
2930309.991593001,0.23988873198701355,-0.09361527406308469,1.466209352401992,0.5289855072463768
2120206.9804936196,0.16218603344587423,-0.0898147511979843,0.9958138995230225,0.4927536231884058
2957852.700472443,0.2422108221762329,-0.11496640119384126,1.4855235522651262,0.5507246376811594
3089908.6903269235,0.253109807919635,-0.0857921185230838,1.7913928006383535,0.5507246376811594
2638965.998826661,0.21419029973533865,-0.05431281950288955,1.7748388061854257,0.5869565217391305
3392470.1744085173,0.27674218333503475,-0.08325670903240553,1.6640316200851046,0.5869565217391305
1737478.8970371136,0.1168218644024428,-0.0936324190719523,0.8519273891395686,0.4855072463768116
3165507.1518079983,0.2591824435734089,-0.06116778680899729,1.5636935515628267,0.5579710144927537
2592131.476391812,0.20984965548567613,-0.11640249279716583,1.5069373612805257,0.5942028985507246
4119875.9668912715,0.32732363664533803,-0.06462068275135995,1.8707707461100005,0.6086956521739131
1766458.3140385814,0.12052275045755012,-0.062404884722970386,1.1091332255161006,0.5217391304347826
6064930.357464145,0.4340528721960373,-0.061049370739653,2.1894560321419774,0.6231884057971014
3302605.773950188,0.2699053334097039,-0.13178868066655938,1.5707028458963255,0.5144927536231884
2639412.5381792686,0.21423138757483295,-0.07662738486174518,1.5564649220392417,0.5579710144927537
2963390.0353531847,0.242675577721694,-0.06397715181822074,1.6204787371704417,0.5797101449275363
3598900.381130005,0.29191507247751347,-0.09416135426787363,1.7777275579049854,0.6376811594202898
2480696.665536719,0.19926382197574788,-0.10432757136618509,1.3209089842437791,0.5144927536231884
2790587.737015714,0.22783253271587345,-0.06852792965073688,1.567966064616726,0.5072463768115942
1853414.8806027523,0.13134361227465519,-0.08741432094442142,1.1796247932014283,0.5144927536231884
3455804.944126557,0.28147413330168436,-0.11248216303655478,1.531217203896796,0.5434782608695652
1688265.0294903137,0.11042217224199913,-0.15354159181506524,0.938445613694981,0.4855072463768116
2648337.4151086537,0.21505143656309778,-0.16030801983901344,1.164403720626927,0.5144927536231884
2732339.353405878,0.22266344363390478,-0.10652387914063721,1.32017209588363,0.5434782608695652
4504756.850253689,0.3512455318129779,-0.0858160624990312,1.9507368633268556,0.572463768115942
2102788.1826436464,0.160270112976312,-0.06455574430615009,1.3518837204556637,0.5072463768115942
2366195.6312035867,0.18798273653689335,-0.14272621235624078,1.183337903248076,0.4420289855072464
2500847.7744595543,0.20120588554320196,-0.07100298639316457,1.3121214557467584,0.4855072463768116
1825320.3048719813,0.12789278097465062,-0.07016786549231005,1.2458994211353924,0.5144927536231884
1677499.6979186356,0.10900241051264858,-0.0766869181409471,0.990203348935662,0.5362318840579711
3049461.042441603,0.24981179192970449,-0.0695383793707248,1.728833420598294,0.5507246376811594
3145066.3562654285,0.25755202987290815,-0.07932073734727536,1.4602235532850054,0.5652173913043478
2340045.7450151676,0.18534526576773236,-0.16076081154183125,1.122328441479387,0.4420289855072464
3729094.724073035,0.3011299777522185,-0.037699156898237336,2.0466041056108746,0.6086956521739131
2546410.277684082,0.20555124446978867,-0.07788986942893987,1.3547713965945392,0.4782608695652174
2384291.4126044377,0.189794253209721,-0.0811907683480713,1.2994987051819722,0.5869565217391305
2637352.957641228,0.21404183113120978,-0.0801362983136441,1.6885747713499535,0.5942028985507246
5393005.902702187,0.400767894289334,-0.06185871682329776,1.8399448975861221,0.5289855072463768
3891774.6525999797,0.31228914677082287,-0.14565574762175224,1.7230955855072605,0.572463768115942
4336365.806918456,0.3409888976777353,-0.10563812505990117,1.7387330236278875,0.5652173913043478
4410725.466216339,0.34555670724298415,-0.05875081950379031,1.7531680041823958,0.5942028985507246
2209739.0456762575,0.1718396752500202,-0.09608415159382584,1.2488517192588569,0.5289855072463768
4128478.5479180366,0.32787748264409156,-0.08427921274217168,2.072721617482027,0.6159420289855072
2608384.11332714,0.21136301364273025,-0.07340802648356717,1.5727575970219005,0.5942028985507246
2190483.119839445,0.16979020929030653,-0.14995587457982218,1.22670350313804,0.5
2308257.117441332,0.1821071295678649,-0.1300659111993192,1.1340841866019655,0.5217391304347826
3101291.4365687766,0.2540317030577617,-0.13894261778643918,1.4150019963050093,0.5434782608695652
3797319.6053358037,0.30585642535289104,-0.13292156943667843,1.5781493344913027,0.5507246376811594
2526038.369566571,0.2036161006158621,-0.08937218407357228,1.5113095431583192,0.5362318840579711
2484963.261562335,0.1996760656637402,-0.09118535880363221,1.4358597977645193,0.5652173913043478
5237287.001623336,0.3925835949460834,-0.10095889635432032,2.0977405309793133,0.5942028985507246
3414420.88555835,0.2783901356125953,-0.08159032100581254,1.5022241788698016,0.5579710144927537
2666969.591193242,0.2167563258024614,-0.08644049484326678,1.37045950741324,0.4855072463768116
2139847.3915553973,0.16433126742376492,-0.14196212378509154,1.373394614045371,0.5579710144927537
3855320.345257888,0.3098214371988983,-0.06293023037116388,1.6313978364331467,0.5652173913043478
4049346.335038041,0.3227476072335802,-0.13882150252088263,1.6216711865684577,0.5942028985507246
4223699.305360924,0.3339470730592222,-0.06184318548940249,1.816139896393792,0.5797101449275363
2652422.433635864,0.2154260450234864,-0.09347892046040973,1.447287156132909,0.4927536231884058
2879661.7570082145,0.23557267660349068,-0.07103923924160911,1.6590888492142541,0.5507246376811594
3410199.298260239,0.2780738590445604,-0.09660092498180926,1.4122994386302723,0.5
3017127.3057643473,0.24715010342533272,-0.08406449089758036,1.338139028652585,0.5507246376811594
1805276.8632962815,0.12540480024746614,-0.17095754648196576,0.9910674494809034,0.5072463768115942
4439235.90838479,0.3472917330006553,-0.07320557819820288,1.8143733734649699,0.5507246376811594
2624648.729699586,0.2128699539690646,-0.10764743344572086,1.415219444496436,0.5942028985507246
2461572.521658687,0.19740902474698152,-0.06545283222748416,1.4381209922531368,0.5217391304347826
3451661.51507987,0.281166694337579,-0.13459067687109424,1.7030120999043898,0.5217391304347826
3146852.326580608,0.2576948211756436,-0.10622466092868882,1.6793392816065642,0.5579710144927537
3999130.3813370713,0.31945053234768794,-0.07730366303027468,1.8806082769406063,0.5797101449275363
3428917.0881011556,0.27947379879143863,-0.08309030206040594,1.8690571839808385,0.5797101449275363
2187960.219215046,0.1695206226391357,-0.1489810653573619,1.3154948106864652,0.5507246376811594
4187739.632885298,0.3316679100515689,-0.07780195045197934,1.7964369129205786,0.5652173913043478
4686915.5123779075,0.36200099540245034,-0.05996132758751209,2.063237543741473,0.6376811594202898
2209292.094823396,0.17179226719763974,-0.10277639913328587,1.2740411800258222,0.5652173913043478
3959439.4778228905,0.3168209937886435,-0.11208554876820244,1.5104811868657377,0.5362318840579711
3211597.9687411883,0.2628280936584275,-0.10699148825971765,1.599170625711005,0.5217391304347826
1886852.6321990057,0.1353966183797155,-0.09330108006994293,1.2340280766940102,0.5579710144927537
3691592.799998757,0.298502404156769,-0.09773260771536275,1.6332869618683645,0.572463768115942
6743251.991179243,0.4647849794157206,-0.07714457218919009,1.9602092274390033,0.572463768115942
2383529.308057268,0.1897181833501762,-0.04447999999999997,1.423215003525843,0.6231884057971014
2539496.0908984826,0.20489585327225024,-0.09554822320982019,1.4146074519519185,0.5217391304347826
2492799.380476305,0.20043172825140076,-0.08503639889683663,1.3153410001572723,0.5
3280057.5678788554,0.2681665483702991,-0.0802397641728794,1.8535318173463524,0.6086956521739131
3095837.5828359392,0.2535903307017533,-0.06473576448588383,1.5307123066729567,0.5434782608695652
2680189.1658761837,0.21796017932861078,-0.05950483177407432,1.4817695498652599,0.5289855072463768
3037277.3131015883,0.24881149958393767,-0.07333992187214963,1.4534902174250586,0.5942028985507246
5604244.676430917,0.4115732432231678,-0.05750986906231457,2.216367373343074,0.5797101449275363
2157278.5757103204,0.16622204363887794,-0.15329337540723245,1.190600676389093,0.5289855072463768
2432964.1520171193,0.19461274001017248,-0.06332056618360389,1.6810911637246448,0.5289855072463768
1950785.2491918392,0.1429885836237197,-0.11695068687330679,1.0154538093489882,0.463768115942029
3268431.2402416468,0.26726625509432034,-0.05715319559597259,1.570765452813791,0.5217391304347826
2615425.96424196,0.21201637147963526,-0.11829227520574441,1.2425999154527592,0.5144927536231884
5346444.6234743325,0.39834075217617637,-0.06319745360538408,2.0560486164422596,0.6086956521739131
8079740.135877199,0.5187261770989078,-0.06593991567422612,2.2044862767548206,0.6376811594202898
3273529.4007163416,0.2676613498049836,-0.07064877695775232,1.925750559733633,0.572463768115942
1829015.9894414924,0.12834913531604464,-0.15359512517195217,1.029423113070204,0.5507246376811594
2704976.9497613236,0.22020475689525254,-0.11687702720254196,1.3603802445724498,0.4855072463768116
2782957.624395253,0.22716036151120456,-0.1037169129978233,1.4869733369911884,0.5362318840579711
2346278.6861304487,0.18597605071294554,-0.1002702176043063,1.5359907606685321,0.5289855072463768
2944917.5173496604,0.24112243761620844,-0.08279852659655584,1.5710918943735452,0.5144927536231884
5197175.440667857,0.39044391394063815,-0.07968285396749654,2.032894308027252,0.6014492753623188
3029748.8164845943,0.24819179926456258,-0.07450622042316514,1.5274185100249087,0.5144927536231884
2806122.564622145,0.2291965346038869,-0.10827474209566312,1.7246863820812723,0.6159420289855072
1890908.5946628696,0.1358843270041752,-0.10659790407572457,1.180963373821124,0.463768115942029
4822597.31421726,0.3697969661404714,-0.06755614077610005,1.9120048739411322,0.5289855072463768
4338875.780963917,0.3411440999121069,-0.07495175869649928,1.8244370488390842,0.5362318840579711
2016762.4131415496,0.1506174277186294,-0.08571607025805897,1.0601969582595807,0.5072463768115942
1874062.6376658075,0.1338531749473546,-0.09287041857362519,1.0290373838100597,0.4782608695652174
2113543.848837883,0.16145463773514312,-0.09885282552540633,1.3592926936193495,0.5289855072463768
3584366.321330595,0.29086991009897467,-0.09137014824849225,1.5567446674299341,0.5507246376811594
3815069.209936414,0.30707492798544767,-0.0998312872792154,1.742167356081454,0.5507246376811594
2575666.237216798,0.20830874046159287,-0.06837306499727469,1.292861501689887,0.5144927536231884
6546333.510883752,0.4561282427643021,-0.05973999713292627,2.358234808234341,0.644927536231884
4136505.7829222884,0.3283934550073597,-0.13017559255230882,2.1210629571193027,0.5797101449275363
2965271.6763069187,0.24283334808417645,-0.06519792660635249,1.7406921277218044,0.5217391304347826
4699826.945771832,0.3627505732213734,-0.06979398219579296,1.9087706896324017,0.5289855072463768
3165014.5760455485,0.25914325355855405,-0.07578620799449604,1.528772494495885,0.5579710144927537
4345255.872316012,0.34153828466936154,-0.08013643855881046,1.767288832385169,0.6014492753623188
3621430.6217307146,0.2935285954412745,-0.08480573773615388,2.0200710646567566,0.6231884057971014
3205943.673166237,0.2623831165966317,-0.1023143607146528,1.5719361978438209,0.572463768115942
5326459.368997329,0.39729377320693926,-0.04503886895699654,2.4083508482410254,0.6521739130434783
3077979.7743315375,0.25214075799305213,-0.08300358268016111,1.4702145936571704,0.5579710144927537
2594042.303791724,0.21002797456547517,-0.09127786865489404,1.4742091146149552,0.5289855072463768
2496763.524232594,0.20081328000297827,-0.0712910243495669,1.604836407454035,0.5434782608695652
5372764.083666731,0.39971479863373216,-0.062762740232292,2.001533287982723,0.5869565217391305
3376187.9474508655,0.2755142739003056,-0.12338811103955205,1.8626936473347087,0.5942028985507246
2923978.7537155473,0.23935248676682996,-0.08423079473679311,1.5321974669871439,0.5579710144927537
3911480.605110659,0.31361541521877045,-0.05917147641091456,2.0263483803441837,0.5942028985507246
2119241.2977102767,0.1620801468434585,-0.09326537557254352,1.1061510143555306,0.5144927536231884
1955855.2707299748,0.1435820842913096,-0.146092357887746,1.00164924756753,0.5
3719715.274204805,0.3004747956778788,-0.07245198362279175,1.6681380266712356,0.5942028985507246
3547937.64737693,0.2882353009302687,-0.15029451909613137,1.7275745288298743,0.572463768115942
4033120.534547718,0.32168584958682533,-0.0611966472359281,1.8047379220987099,0.5579710144927537
3484263.220750046,0.283577782661411,-0.0716347043141783,1.5608232967730062,0.5507246376811594
3079562.752824887,0.25226952454828555,-0.0845875853528676,1.694500525106722,0.5362318840579711
3020743.149726262,0.24744888697156764,-0.08051263915311845,1.5721165601071236,0.5579710144927537
5053227.912227617,0.3826548369354894,-0.05892789307096545,1.820965809738414,0.5434782608695652
3510134.1490073847,0.28547827966046135,-0.05197908573802356,1.7441696350202833,0.5869565217391305
3701614.924228358,0.29920668785913285,-0.058239487999999985,1.7299130529880968,0.572463768115942
3028221.738602836,0.24806594919521374,-0.10648852932103914,1.7978754184918828,0.5797101449275363
7512237.271393703,0.4967658275980684,-0.0552233843805751,2.038013905149697,0.5797101449275363
5135942.498306682,0.38715193027221906,-0.11466159170902812,2.025842019109791,0.644927536231884
2403804.0027936785,0.19173531968853963,-0.10839439487633837,1.1909598292775647,0.5144927536231884
3113457.4470705544,0.2550140473150504,-0.11697676363399201,1.5261559139467278,0.5289855072463768
2937833.1437407574,0.2405247266184558,-0.08545164444224003,1.3877008661636314,0.5072463768115942
7149401.302371274,0.4820195580523674,-0.10687797019382682,2.0824696836307286,0.6014492753623188
1922055.019489488,0.13960189586190008,-0.058779429882035085,1.3425154894803044,0.572463768115942
3171681.850737832,0.25967329781713056,-0.07169284624308027,1.7135719494428419,0.5797101449275363
2694143.2323783073,0.21922577757473038,-0.09783819301876703,1.4207704535990384,0.47101449275362317
3559665.345826172,0.28908582877710076,-0.0638825521452999,1.9492991593950697,0.572463768115942
2337647.4340910455,0.18510219422375096,-0.09992716476008047,1.1876760163952695,0.5
1670331.9718527936,0.1080530635210264,-0.11679843915796337,0.8395772756621883,0.45652173913043476
5668248.942581357,0.4147828385312713,-0.062429643432779174,1.98012948884035,0.5579710144927537
5293959.41022744,0.3955844489146394,-0.05949903070272577,1.9313264410261337,0.572463768115942
4336150.773799201,0.34097559793512966,-0.060546805927868715,1.8285415004364816,0.6014492753623188
2173539.3498443263,0.16797487743602058,-0.07942017495158032,1.349485246885261,0.5362318840579711
4665034.492344711,0.3607269045858983,-0.10389730660017177,2.0889939550534415,0.5652173913043478
2911022.876259159,0.2382522439236323,-0.1302597741954394,1.4564335352927187,0.5942028985507246
3242614.8132557524,0.2652579432365274,-0.05491341320027805,1.8061408139480237,0.6014492753623188
2263652.3928997917,0.17750279710882677,-0.10694803621411003,1.117873420825044,0.4927536231884058
2662499.3390572118,0.21634815781776506,-0.14129937645395835,1.4305668392337905,0.5652173913043478
3920702.7226468264,0.3142342554135795,-0.06711549776721494,1.7744315530275503,0.5217391304347826
2051357.3290203796,0.15453808451362394,-0.1633518542873666,1.2532298807716182,0.5144927536231884
3408606.0896174987,0.2779544162337231,-0.10637073810960813,1.4600983055656327,0.5072463768115942
1896281.8420727113,0.13652914526051507,-0.0856877691954002,1.2056400698565597,0.5289855072463768
2904234.201668507,0.2376741691856188,-0.07963793718312429,1.6540636425358943,0.5652173913043478
3028038.9329636144,0.2480508803513355,-0.06666231522254243,1.6365703045535378,0.6014492753623188
2552505.850887531,0.2061278600828822,-0.10572060802689509,1.5327055288344338,0.5507246376811594
5974725.884945048,0.4297614954369795,-0.08582525373439769,2.1632958190691807,0.5869565217391305
1633683.1003555798,0.10314744460821723,-0.059713981401604346,0.9522270982850697,0.5144927536231884
2690965.1081516966,0.21893799178779694,-0.12480055769330452,1.241954194336682,0.4420289855072464
3102903.238586978,0.25416202494518836,-0.09527670200971938,1.6293589479626862,0.6304347826086957
2458417.096506806,0.19710188178442145,-0.1877523879956798,1.2664274681155592,0.5144927536231884
4771745.701551477,0.36689595459253854,-0.09533955062878799,2.113043105543149,0.5652173913043478
4117585.363392113,0.3271760084846147,-0.08225672623908051,1.6543413394348405,0.6159420289855072
3252238.7474921844,0.2660080988732183,-0.06766185640608391,1.588439617705248,0.5362318840579711
1889500.3888418225,0.13571509242233404,-0.08745827356426698,0.9900016430979616,0.5
5308594.646598299,0.39635522021531644,-0.08091311113011686,1.9693778727366917,0.5507246376811594
3910662.055741262,0.31356043097128317,-0.07228004107127456,1.811242560841167,0.5579710144927537
2479651.7241716944,0.1991627720091842,-0.07870763449574812,1.6188665060301046,0.5869565217391305
3649089.1167271906,0.29549843873913617,-0.14079835403501914,1.6222758384262874,0.5362318840579711
4691916.9019148685,0.3622915486155429,-0.09485858612394373,1.8676314087343928,0.5579710144927537
2946983.2169246455,0.24129650476999132,-0.14020871501367282,1.408581929939017,0.5072463768115942
2362637.8165098145,0.1876252710139339,-0.09706455100784928,1.4511998717183165,0.5217391304347826
3294049.7074642587,0.26924666129802,-0.1103340430623888,1.6429847536891196,0.5869565217391305
2619770.6655221707,0.21241878038896833,-0.14677930231767686,1.271430633627405,0.5
3875181.027476789,0.3111681739551184,-0.1075228636247776,1.8172443544450514,0.572463768115942
2475323.90902639,0.1987438920759821,-0.07394692831569158,1.4430476931795544,0.5652173913043478
3899417.1448211074,0.31280414529128464,-0.11167772360388296,1.8036266116715753,0.5434782608695652
2804563.26708315,0.22905989700150675,-0.10183650473000747,1.3781442881750832,0.5579710144927537
7263100.116167758,0.4867036447247153,-0.048264428419771487,2.251875734249567,0.5579710144927537
4903527.41138262,0.37436384406938217,-0.0638622313327228,1.9807280015642463,0.6304347826086957
3924511.76024064,0.3144895169733479,-0.06407742609665316,1.6992288713015677,0.5797101449275363
2469034.021134968,0.1981340615726812,-0.10297426261658431,1.2576160962170908,0.5144927536231884
1569729.7665631273,0.09437201477828228,-0.10796934463581286,0.7088415844238484,0.463768115942029
2517704.8375244075,0.20282089211765442,-0.06172154760476918,1.5078514461106018,0.572463768115942
1793855.370964314,0.12397715714363633,-0.14938365114368274,1.0797475650478885,0.5217391304347826
3509253.073773311,0.285413739858698,-0.06948288644238873,1.6580757752018296,0.5289855072463768
2225593.817738183,0.1735164485585068,-0.09806368742625605,1.207839751595273,0.4927536231884058
3657132.815469893,0.2960690700884465,-0.11892881692070625,1.588488769754549,0.5579710144927537
3098864.848564986,0.25383539960201507,-0.1291027650197596,1.508071010724923,0.5579710144927537
4494412.6516756,0.3506243924769572,-0.0972071501615583,1.7395058168809583,0.5579710144927537
4052196.299795337,0.32293374706539324,-0.1069824572127374,1.8665790205041368,0.572463768115942
2999100.389866337,0.24565621917393776,-0.06280524168295105,1.6153169344775928,0.5652173913043478
2470287.645985654,0.19825570474667864,-0.08252282368642287,1.3949426774225597,0.5
2064368.3743973416,0.1559989495227354,-0.10605025067042163,1.1735288320793322,0.4855072463768116
3361155.82824082,0.2743764271961,-0.08875513140502293,1.6211877508991714,0.572463768115942
4071335.773187328,0.32418109793894323,-0.07724777705959698,2.0211994594304805,0.572463768115942
2903328.6809914494,0.23759697986302308,-0.07307732300073334,1.5243726400188364,0.5507246376811594
4659508.893885707,0.3604044034181937,-0.058888189541685294,1.9659113778242887,0.6159420289855072
2775862.153898192,0.22653396506467272,-0.10577347016427852,1.4967381317077968,0.5652173913043478
2839653.435358238,0.23212017252056905,-0.059527859984769796,1.5222988986963977,0.5362318840579711
2475852.4155345857,0.19879507647621697,-0.07053889144830607,1.3003929149314621,0.5434782608695652
3918544.47114526,0.3140895327441764,-0.07920219094986265,1.726108761602262,0.5434782608695652
4514221.971440085,0.3518128861670142,-0.05669705234823498,1.9679829874292478,0.5507246376811594
2908497.5699553858,0.2380373330864458,-0.08161378822326375,1.3739962078842274,0.5362318840579711
2856986.071646425,0.23362063310329706,-0.11896184759202424,1.509694379269935,0.5289855072463768
2300301.566446622,0.18129116280450286,-0.09322772932954995,1.3158043543317006,0.5144927536231884
2447729.5072245216,0.19605922391501385,-0.10202774759897913,1.3713896065410993,0.5942028985507246
3156657.2391097993,0.25847758732258574,-0.08362146011453506,1.5443957610687602,0.5579710144927537
4254850.897804515,0.33590897986960155,-0.1463606450259676,1.9736666140228372,0.6014492753623188
3344293.767591295,0.273095209358337,-0.07929325687562762,1.4875350879924845,0.5579710144927537
6838581.165980894,0.46890328195729847,-0.07812569654398528,2.048579816384644,0.5797101449275363
1797423.4718242877,0.12442393528350393,-0.13144160036624142,0.8850189981087034,0.47101449275362317
4703053.736635531,0.3629376483631137,-0.048941221091593476,2.030714945163588,0.6159420289855072
6286710.179156609,0.4443907147911974,-0.05324132233616593,2.166603095217819,0.6159420289855072
8477794.880778382,0.5334039615841366,-0.07770199905781776,2.1941549359247654,0.6304347826086957
4951895.114389819,0.37706451560571774,-0.07405406535505983,1.8384892569895384,0.5579710144927537
4623493.135422177,0.35829481676108865,-0.09894399348756339,1.8725513651500998,0.6159420289855072
2874616.414831413,0.2351394131911997,-0.1069567820396377,1.648373404265833,0.5507246376811594
7232642.301176687,0.48545464936139204,-0.059728349586236504,2.0922250206221937,0.5942028985507246
2314581.1045662467,0.18275415031676134,-0.08132130590869735,1.1279314663264002,0.4782608695652174
3681761.7038239646,0.2978100568130757,-0.0763975427151999,1.5895049940042567,0.5579710144927537
3783272.3235460017,0.3048888514423882,-0.08816447943770007,1.593751969342171,0.5797101449275363
2296894.513134862,0.18094102536093604,-0.07020469635698515,1.256129975940227,0.5507246376811594
2351765.839746908,0.18653025202586493,-0.08583867666030015,1.2638730822202422,0.5869565217391305
3988325.173098213,0.3187367586170957,-0.054783142284364324,1.8267235528101802,0.6159420289855072
2554107.560984001,0.2062791923472489,-0.09253133925153187,1.4846781122904937,0.5869565217391305
2629991.1418856983,0.21336330623449018,-0.1213046655225672,1.5056043610769971,0.5289855072463768
2841279.2345980573,0.23226122645459202,-0.06393898749222801,1.50450851635193,0.5942028985507246
2842022.814066222,0.2323257177043454,-0.07023135892691033,1.5113408606964667,0.5507246376811594
4862319.832345853,0.3720461025170898,-0.0613887902279488,1.7563446129809315,0.5362318840579711
3267331.984220721,0.267181000891088,-0.08244004376130605,1.7178930922834303,0.5652173913043478
4293411.380307496,0.33832164085666716,-0.17018533939635308,1.6717318943034372,0.5797101449275363
2989577.704951854,0.244864175928021,-0.11785583820126234,1.6545588929087482,0.5579710144927537
2476365.0294857067,0.19884471337620768,-0.07378935821974276,1.3492746093439085,0.5579710144927537
3289933.844401973,0.2689293219244011,-0.08404774878518936,1.5618469743197032,0.5869565217391305
2921022.168924971,0.2391017507686739,-0.10163545831207796,1.5283170128534536,0.5797101449275363
3092500.33328974,0.25331994514516576,-0.06710507894778714,1.6843871457473898,0.5797101449275363
5697162.713484511,0.4162232655729403,-0.1216626265233418,1.9488945255336538,0.5362318840579711
2947374.5932268673,0.2413294732801412,-0.08994087074033755,1.6645816873141792,0.5869565217391305
3057408.410476563,0.2504625545288319,-0.11203744015975133,1.5630819639389666,0.5869565217391305
2988726.9681995576,0.24479331827654693,-0.07912965488932273,1.5263043272401846,0.572463768115942
2959287.504721373,0.24233131388529916,-0.0911182526402213,1.886692831014385,0.6086956521739131
2151328.311775685,0.16557799165256215,-0.11137781390426242,1.2120671245240129,0.5217391304347826
3877317.056200357,0.31131268723386096,-0.05954136270716634,1.9378281366242076,0.6086956521739131
2733835.932799023,0.2227973517553714,-0.07977273482330077,1.462723121656193,0.5797101449275363
3472051.420511905,0.2826767705455051,-0.06475083340986229,1.727414538374158,0.5579710144927537
1890298.5959695317,0.135811031300348,-0.10998690710321954,1.0414329150596398,0.463768115942029
3176947.7734663747,0.2600913057780092,-0.07894914102441311,1.4870362807087125,0.4855072463768116
3679358.9048640323,0.2976406166769072,-0.0777947153578496,1.73944804594731,0.5942028985507246
2138830.262529148,0.16422055856062334,-0.10080080243677103,1.2588782837766996,0.4927536231884058
4179070.4670294,0.3311161077770155,-0.08373732019985791,1.7913246726524055,0.5797101449275363
5584837.600314794,0.410594251903563,-0.0883917009611597,1.9494573143144618,0.5797101449275363
1927003.6232925083,0.14018810586736152,-0.14146661949982647,1.072209721936929,0.5507246376811594
5301947.580503479,0.39600536047631096,-0.05847966298590299,1.9323096658984393,0.5579710144927537
3342973.8823917387,0.2729947035430904,-0.08965667327677639,1.7036616791477022,0.5072463768115942
1771304.4259219035,0.12113688660669131,-0.08374738020339526,0.9828135087978737,0.5507246376811594
3914837.0975780208,0.3138407839757009,-0.06316997119999994,2.0357009821204546,0.6231884057971014
